profile_id,tile,layer,genotype,blood,r,h,d,p,s,gamma,g,nu,bpm,chord_type,intervals,scale,scale_notes,pattern,steps,filter_cutoff_hz,reverb_ms,space,time_signature,grouping,loop_depth,loop_mode
INTJ_M_O,RELEASE,A,aa_rh+,O,0.7178,0.5,0.6,0.7,0.495,0.5,0.52,0.8,146,seventh,0-4-7-11,phrygian,0-1-3-5-7-8-10,straight_up,0-2-4-7-9-11-12-14,4061,505,room,7/8,7,8,fractal_recursive
INTJ_M_O,STRESS_GROWTH,B,ao_rh+,A,0.54,0.6,0.5,0.7,0.705,0.5,0.52,0.8,124,seventh,0-4-7-11,minor,0-2-3-5-7-8-10,straight_up,0-2-4-7-9-11-12-14,5698,505,room,7/8,7,8,fractal_recursive
INTJ_M_O,EXTREME_GROWTH,C,aa_rh-,O,0.8189,0.5,0.75,0.7,0.495,0.5,0.52,0.9,158,seventh,0-4-7-11,phrygian,0-1-3-5-7-8-10,straight_up,0-2-4-7-9-11-12-14,4061,505,room,7/8,7,16,deep_recursive
INTJ_M_O,PRESENT_MOMENT,D,ao_rh-,A,0.54,0.6,0.5,0.7,0.5724,0.5,0.52,0.8,124,seventh,0-4-7-11,minor,0-2-3-5-7-8-10,straight_up,0-2-4-7-9-11-12-14,4664,505,room,7/8,7,8,fractal_recursive
INTJ_M_O,OBSERVER_3AM,3AM,hysteresis_random,O,0.5293,0.369,0.4834,0.7242,0.3636,0.589,0.6327,1.0,123,triad,0-4-7,minor,0-2-3-5-7-8-10,straight_up,0-2-4-7-9-11-12-14,3035,593,room,7/8,7,16,deep_recursive
INTJ_M_A,RELEASE,A,aa_rh+,A,0.6271,0.6,0.5,0.7,0.595,0.5,0.52,0.8,135,seventh,0-4-7-11,minor,0-2-3-5-7-8-10,straight_up,0-2-4-7-9-11-12-14,4841,505,room,7/8,7,8,fractal_recursive
INTJ_M_A,STRESS_GROWTH,B,ao_rh+,B,0.54,0.5,0.6,0.7,0.4391,0.5,0.62,0.8,124,seventh,0-4-7-11,phrygian,0-1-3-5-7-8-10,straight_up,0-2-4-7-9-11-12-14,3624,505,room,7/8,7,8,fractal_recursive
INTJ_M_A,EXTREME_GROWTH,C,aa_rh-,A,0.5773,0.6,0.65,0.7,0.595,0.5,0.52,0.9,129,seventh,0-4-7-11,phrygian,0-1-3-5-7-8-10,straight_up,0-2-4-7-9-11-12-14,4841,505,room,7/8,7,16,deep_recursive
INTJ_M_A,PRESENT_MOMENT,D,ao_rh-,B,0.54,0.5,0.6,0.7,0.3733,0.5,0.62,0.8,124,seventh,0-4-7-11,phrygian,0-1-3-5-7-8-10,straight_up,0-2-4-7-9-11-12-14,3112,505,room,7/8,7,8,fractal_recursive
INTJ_M_A,OBSERVER_3AM,3AM,hysteresis_random,A,0.4603,0.52,0.6257,0.7892,0.4639,0.3586,0.5877,0.8014,115,seventh,0-4-7-11,phrygian,0-1-3-5-7-8-10,straight_up,0-2-4-7-9-11-12-14,3818,364,room,7/8,7,8,fractal_recursive
INTJ_M_B,RELEASE,A,aa_rh+,B,0.6403,0.5,0.6,0.7,0.495,0.5,0.62,0.8,136,seventh,0-4-7-11,phrygian,0-1-3-5-7-8-10,straight_up,0-2-4-7-9-11-12-14,4061,505,room,7/8,7,8,fractal_recursive
INTJ_M_B,STRESS_GROWTH,B,ao_rh+,AB,0.54,0.5,0.6,0.7,0.3774,0.5,0.52,0.9,124,seventh,0-4-7-11,phrygian,0-1-3-5-7-8-10,straight_up,0-2-4-7-9-11-12-14,3143,505,room,7/8,7,16,deep_recursive
INTJ_M_B,EXTREME_GROWTH,C,aa_rh-,B,0.5851,0.5,0.75,0.7,0.495,0.5,0.62,0.9,130,seventh,0-4-7-11,phrygian,0-1-3-5-7-8-10,straight_up,0-2-4-7-9-11-12-14,4061,505,room,7/8,7,16,deep_recursive
INTJ_M_B,PRESENT_MOMENT,D,ao_rh-,AB,0.54,0.5,0.6,0.7,0.4071,0.5,0.52,0.9,124,seventh,0-4-7-11,phrygian,0-1-3-5-7-8-10,straight_up,0-2-4-7-9-11-12-14,3375,505,room,7/8,7,16,deep_recursive
INTJ_M_B,OBSERVER_3AM,3AM,hysteresis_random,B,0.4743,0.3863,0.6221,0.6455,0.2323,0.4824,0.6033,0.7938,116,triad,0-4-7,phrygian,0-1-3-5-7-8-10,up_down,0-2-4-7-4-2-0-2,2011,487,room,7/8,7,8,fractal_recursive
INTJ_M_AB,RELEASE,A,aa_rh+,AB,0.5386,0.5,0.6,0.7,0.495,0.5,0.52,0.9,124,seventh,0-4-7-11,phrygian,0-1-3-5-7-8-10,straight_up,0-2-4-7-9-11-12-14,4061,505,room,7/8,7,16,deep_recursive
INTJ_M_AB,STRESS_GROWTH,B,ao_rh+,O,0.64,0.5,0.6,0.7,0.5016,0.5,0.52,0.8,136,seventh,0-4-7-11,phrygian,0-1-3-5-7-8-10,straight_up,0-2-4-7-9-11-12-14,4112,505,room,7/8,7,8,fractal_recursive
INTJ_M_AB,EXTREME_GROWTH,C,aa_rh-,AB,0.6246,0.5,0.75,0.7,0.495,0.5,0.52,1.0,134,seventh,0-4-7-11,phrygian,0-1-3-5-7-8-10,straight_up,0-2-4-7-9-11-12-14,4061,505,room,7/8,7,16,deep_recursive
INTJ_M_AB,PRESENT_MOMENT,D,ao_rh-,O,0.64,0.5,0.6,0.7,0.5596,0.5,0.52,0.8,136,seventh,0-4-7-11,phrygian,0-1-3-5-7-8-10,straight_up,0-2-4-7-9-11-12-14,4564,505,room,7/8,7,8,fractal_recursive
INTJ_M_AB,OBSERVER_3AM,3AM,hysteresis_random,AB,0.6262,0.4109,0.5168,0.7833,0.2725,0.4423,0.643,1.0,135,triad,0-4-7,minor,0-2-3-5-7-8-10,straight_up,0-2-4-7-9-11-12-14,2325,447,room,7/8,7,16,deep_recursive
INTJ_F_O,RELEASE,A,aa_rh+,O,0.5956,0.5,0.6,0.7,0.495,0.55,0.52,0.8,131,seventh,0-4-7-11,phrygian,0-1-3-5-7-8-10,straight_up,0-2-4-7-9-11-12-14,4061,554,room,7/8,7,8,fractal_recursive
INTJ_F_O,STRESS_GROWTH,B,ao_rh+,A,0.49,0.6,0.45,0.7,0.6002,0.55,0.52,0.8,118,seventh,0-4-7-11,minor,0-2-3-5-7-8-10,straight_up,0-2-4-7-9-11-12-14,4881,554,room,7/8,7,8,fractal_recursive
INTJ_F_O,EXTREME_GROWTH,C,aa_rh-,O,0.6289,0.5,0.75,0.7,0.495,0.55,0.52,0.9,135,seventh,0-4-7-11,phrygian,0-1-3-5-7-8-10,straight_up,0-2-4-7-9-11-12-14,4061,554,room,7/8,7,16,deep_recursive
INTJ_F_O,PRESENT_MOMENT,D,ao_rh-,A,0.49,0.6,0.45,0.7,0.6226,0.55,0.52,0.8,118,seventh,0-4-7-11,minor,0-2-3-5-7-8-10,straight_up,0-2-4-7-9-11-12-14,5056,554,room,7/8,7,8,fractal_recursive
INTJ_F_O,OBSERVER_3AM,3AM,hysteresis_random,O,0.6711,0.3653,0.6718,0.5579,0.3615,0.5621,0.5261,0.7709,140,triad,0-4-7,phrygian,0-1-3-5-7-8-10,up_down,0-2-4-7-4-2-0-2,3019,566,room,7/8,7,8,fractal_recursive
INTJ_F_A,RELEASE,A,aa_rh+,A,0.504,0.6,0.45,0.7,0.595,0.55,0.52,0.8,120,seventh,0-4-7-11,minor,0-2-3-5-7-8-10,straight_up,0-2-4-7-9-11-12-14,4841,554,room,7/8,7,8,fractal_recursive
INTJ_F_A,STRESS_GROWTH,B,ao_rh+,B,0.49,0.5,0.6,0.7,0.4737,0.55,0.62,0.8,118,seventh,0-4-7-11,phrygian,0-1-3-5-7-8-10,straight_up,0-2-4-7-9-11-12-14,3894,554,room,7/8,7,8,fractal_recursive
INTJ_F_A,EXTREME_GROWTH,C,aa_rh-,A,0.625,0.6,0.6,0.7,0.595,0.55,0.52,0.9,135,seventh,0-4-7-11,phrygian,0-1-3-5-7-8-10,straight_up,0-2-4-7-9-11-12-14,4841,554,room,7/8,7,16,deep_recursive
INTJ_F_A,PRESENT_MOMENT,D,ao_rh-,B,0.49,0.5,0.6,0.7,0.4683,0.55,0.62,0.8,118,seventh,0-4-7-11,phrygian,0-1-3-5-7-8-10,straight_up,0-2-4-7-9-11-12-14,3852,554,room,7/8,7,8,fractal_recursive
INTJ_F_A,OBSERVER_3AM,3AM,hysteresis_random,A,0.6301,0.5684,0.4487,0.6841,0.6121,0.4386,0.4903,1.0,135,seventh,0-4-7-11,minor,0-2-3-5-7-8-10,up_down,0-2-4-7-4-2-0-2,4974,444,room,3/4,3,16,deep_recursive
INTJ_F_B,RELEASE,A,aa_rh+,B,0.395,0.5,0.6,0.7,0.495,0.55,0.62,0.8,107,seventh,0-4-7-11,phrygian,0-1-3-5-7-8-10,straight_up,0-2-4-7-9-11-12-14,4061,554,room,7/8,7,8,fractal_recursive
INTJ_F_B,STRESS_GROWTH,B,ao_rh+,AB,0.49,0.5,0.6,0.7,0.5974,0.55,0.52,0.9,118,seventh,0-4-7-11,phrygian,0-1-3-5-7-8-10,straight_up,0-2-4-7-9-11-12-14,4859,554,room,7/8,7,16,deep_recursive
INTJ_F_B,EXTREME_GROWTH,C,aa_rh-,B,0.5417,0.5,0.75,0.7,0.495,0.55,0.62,0.9,124,seventh,0-4-7-11,phrygian,0-1-3-5-7-8-10,straight_up,0-2-4-7-9-11-12-14,4061,554,room,7/8,7,16,deep_recursive
INTJ_F_B,PRESENT_MOMENT,D,ao_rh-,AB,0.49,0.5,0.6,0.7,0.4927,0.55,0.52,0.9,118,seventh,0-4-7-11,phrygian,0-1-3-5-7-8-10,straight_up,0-2-4-7-9-11-12-14,4043,554,room,7/8,7,16,deep_recursive
INTJ_F_B,OBSERVER_3AM,3AM,hysteresis_random,B,0.5476,0.6483,0.6417,0.5938,0.4756,0.4391,0.7273,1.0,125,seventh,0-4-7-11,phrygian,0-1-3-5-7-8-10,up_down,0-2-4-7-4-2-0-2,3909,444,room,7/8,7,16,deep_recursive
INTJ_F_AB,RELEASE,A,aa_rh+,AB,0.5387,0.5,0.6,0.7,0.495,0.55,0.52,0.9,124,seventh,0-4-7-11,phrygian,0-1-3-5-7-8-10,straight_up,0-2-4-7-9-11-12-14,4061,554,room,7/8,7,16,deep_recursive
INTJ_F_AB,STRESS_GROWTH,B,ao_rh+,O,0.59,0.5,0.6,0.7,0.5673,0.55,0.52,0.8,130,seventh,0-4-7-11,phrygian,0-1-3-5-7-8-10,straight_up,0-2-4-7-9-11-12-14,4625,554,room,7/8,7,8,fractal_recursive
INTJ_F_AB,EXTREME_GROWTH,C,aa_rh-,AB,0.3717,0.5,0.75,0.7,0.495,0.55,0.52,1.0,104,seventh,0-4-7-11,phrygian,0-1-3-5-7-8-10,straight_up,0-2-4-7-9-11-12-14,4061,554,room,7/8,7,16,deep_recursive
INTJ_F_AB,PRESENT_MOMENT,D,ao_rh-,O,0.59,0.5,0.6,0.7,0.5217,0.55,0.52,0.8,130,seventh,0-4-7-11,phrygian,0-1-3-5-7-8-10,straight_up,0-2-4-7-9-11-12-14,4269,554,room,7/8,7,8,fractal_recursive
INTJ_F_AB,OBSERVER_3AM,3AM,hysteresis_random,AB,0.4341,0.6346,0.5565,0.6743,0.4826,0.5113,0.4595,1.0,112,seventh,0-4-7-11,minor,0-2-3-5-7-8-10,up_down,0-2-4-7-4-2-0-2,3964,516,room,3/4,3,16,deep_recursive
INTP_M_O,RELEASE,A,aa_rh+,O,0.8033,0.5,0.6,0.55,0.495,0.5,0.52,0.8,156,seventh,0-4-7-11,phrygian,0-1-3-5-7-8-10,up_down,0-2-4-7-4-2-0-2,4061,505,room,7/8,7,8,fractal_recursive
INTP_M_O,STRESS_GROWTH,B,ao_rh+,A,0.69,0.6,0.5,0.55,0.4573,0.5,0.52,0.8,142,seventh,0-4-7-11,minor,0-2-3-5-7-8-10,up_down,0-2-4-7-4-2-0-2,3767,505,room,7/8,7,8,fractal_recursive
INTP_M_O,EXTREME_GROWTH,C,aa_rh-,O,0.691,0.5,0.75,0.55,0.495,0.5,0.52,0.9,142,seventh,0-4-7-11,phrygian,0-1-3-5-7-8-10,up_down,0-2-4-7-4-2-0-2,4061,505,room,7/8,7,16,deep_recursive
INTP_M_O,PRESENT_MOMENT,D,ao_rh-,A,0.69,0.6,0.5,0.55,0.4955,0.5,0.52,0.8,142,seventh,0-4-7-11,minor,0-2-3-5-7-8-10,up_down,0-2-4-7-4-2-0-2,4064,505,room,7/8,7,8,fractal_recursive
INTP_M_O,OBSERVER_3AM,3AM,hysteresis_random,O,0.9674,0.6491,0.476,0.386,0.2898,0.3803,0.4591,0.9444,176,seventh,0-4-7-11,minor,0-2-3-5-7-8-10,wandering,0-2-4-3-5-7-6-4,2460,386,room,3/4,3,16,deep_recursive
INTP_M_A,RELEASE,A,aa_rh+,A,0.6586,0.6,0.5,0.55,0.595,0.5,0.52,0.8,139,seventh,0-4-7-11,minor,0-2-3-5-7-8-10,up_down,0-2-4-7-4-2-0-2,4841,505,room,7/8,7,8,fractal_recursive
INTP_M_A,STRESS_GROWTH,B,ao_rh+,B,0.69,0.5,0.6,0.55,0.4389,0.5,0.62,0.8,142,seventh,0-4-7-11,phrygian,0-1-3-5-7-8-10,up_down,0-2-4-7-4-2-0-2,3623,505,room,7/8,7,8,fractal_recursive
INTP_M_A,EXTREME_GROWTH,C,aa_rh-,A,0.7597,0.6,0.65,0.55,0.595,0.5,0.52,0.9,151,seventh,0-4-7-11,phrygian,0-1-3-5-7-8-10,up_down,0-2-4-7-4-2-0-2,4841,505,room,7/8,7,16,deep_recursive
INTP_M_A,PRESENT_MOMENT,D,ao_rh-,B,0.69,0.5,0.6,0.55,0.3754,0.5,0.62,0.8,142,seventh,0-4-7-11,phrygian,0-1-3-5-7-8-10,up_down,0-2-4-7-4-2-0-2,3127,505,room,7/8,7,8,fractal_recursive
INTP_M_A,OBSERVER_3AM,3AM,hysteresis_random,A,0.8345,0.645,0.5377,0.5108,0.3098,0.4206,0.3906,0.8447,160,seventh,0-4-7-11,minor,0-2-3-5-7-8-10,up_down,0-2-4-7-4-2-0-2,2616,426,room,3/4,3,8,fractal_recursive
INTP_M_B,RELEASE,A,aa_rh+,B,0.6073,0.5,0.6,0.55,0.495,0.5,0.62,0.8,132,seventh,0-4-7-11,phrygian,0-1-3-5-7-8-10,up_down,0-2-4-7-4-2-0-2,4061,505,room,7/8,7,8,fractal_recursive
INTP_M_B,STRESS_GROWTH,B,ao_rh+,AB,0.69,0.5,0.6,0.55,0.5912,0.5,0.52,0.9,142,seventh,0-4-7-11,phrygian,0-1-3-5-7-8-10,up_down,0-2-4-7-4-2-0-2,4811,505,room,7/8,7,16,deep_recursive
INTP_M_B,EXTREME_GROWTH,C,aa_rh-,B,0.8738,0.5,0.75,0.55,0.495,0.5,0.62,0.9,164,seventh,0-4-7-11,phrygian,0-1-3-5-7-8-10,up_down,0-2-4-7-4-2-0-2,4061,505,room,7/8,7,16,deep_recursive
INTP_M_B,PRESENT_MOMENT,D,ao_rh-,AB,0.69,0.5,0.6,0.55,0.5028,0.5,0.52,0.9,142,seventh,0-4-7-11,phrygian,0-1-3-5-7-8-10,up_down,0-2-4-7-4-2-0-2,4121,505,room,7/8,7,16,deep_recursive
INTP_M_B,OBSERVER_3AM,3AM,hysteresis_random,B,0.5279,0.4967,0.538,0.5142,0.4755,0.6444,0.6561,0.8094,123,triad,0-4-7,minor,0-2-3-5-7-8-10,up_down,0-2-4-7-4-2-0-2,3908,647,hall,7/8,7,8,fractal_recursive
INTP_M_AB,RELEASE,A,aa_rh+,AB,0.6143,0.5,0.6,0.55,0.495,0.5,0.52,0.9,133,seventh,0-4-7-11,phrygian,0-1-3-5-7-8-10,up_down,0-2-4-7-4-2-0-2,4061,505,room,7/8,7,16,deep_recursive
INTP_M_AB,STRESS_GROWTH,B,ao_rh+,O,0.79,0.5,0.6,0.55,0.5127,0.5,0.52,0.8,154,seventh,0-4-7-11,phrygian,0-1-3-5-7-8-10,up_down,0-2-4-7-4-2-0-2,4199,505,room,7/8,7,8,fractal_recursive
INTP_M_AB,EXTREME_GROWTH,C,aa_rh-,AB,0.5443,0.5,0.75,0.55,0.495,0.5,0.52,1.0,125,seventh,0-4-7-11,phrygian,0-1-3-5-7-8-10,up_down,0-2-4-7-4-2-0-2,4061,505,room,7/8,7,16,deep_recursive
INTP_M_AB,PRESENT_MOMENT,D,ao_rh-,O,0.79,0.5,0.6,0.55,0.5305,0.5,0.52,0.8,154,seventh,0-4-7-11,phrygian,0-1-3-5-7-8-10,up_down,0-2-4-7-4-2-0-2,4337,505,room,7/8,7,8,fractal_recursive
INTP_M_AB,OBSERVER_3AM,3AM,hysteresis_random,AB,0.7524,0.4203,0.4677,0.6774,0.41,0.4412,0.6476,1.0,150,triad,0-4-7,minor,0-2-3-5-7-8-10,up_down,0-2-4-7-4-2-0-2,3397,446,room,7/8,7,16,deep_recursive
INTP_F_O,RELEASE,A,aa_rh+,O,0.5974,0.5,0.6,0.55,0.495,0.55,0.52,0.8,131,seventh,0-4-7-11,phrygian,0-1-3-5-7-8-10,up_down,0-2-4-7-4-2-0-2,4061,554,room,7/8,7,8,fractal_recursive
INTP_F_O,STRESS_GROWTH,B,ao_rh+,A,0.64,0.6,0.45,0.55,0.5971,0.55,0.52,0.8,136,seventh,0-4-7-11,minor,0-2-3-5-7-8-10,up_down,0-2-4-7-4-2-0-2,4857,554,room,7/8,7,8,fractal_recursive
INTP_F_O,EXTREME_GROWTH,C,aa_rh-,O,0.5598,0.5,0.75,0.55,0.495,0.55,0.52,0.9,127,seventh,0-4-7-11,phrygian,0-1-3-5-7-8-10,up_down,0-2-4-7-4-2-0-2,4061,554,room,7/8,7,16,deep_recursive
INTP_F_O,PRESENT_MOMENT,D,ao_rh-,A,0.64,0.6,0.45,0.55,0.5813,0.55,0.52,0.8,136,seventh,0-4-7-11,minor,0-2-3-5-7-8-10,up_down,0-2-4-7-4-2-0-2,4733,554,room,7/8,7,8,fractal_recursive
INTP_F_O,OBSERVER_3AM,3AM,hysteresis_random,O,0.817,0.4679,0.7072,0.4688,0.3339,0.562,0.4547,1.0,158,triad,0-4-7,phrygian,0-1-3-5-7-8-10,wandering,0-2-4-3-5-7-6-4,2804,566,room,3/4,3,16,deep_recursive
INTP_F_A,RELEASE,A,aa_rh+,A,0.7001,0.6,0.45,0.55,0.595,0.55,0.52,0.8,144,seventh,0-4-7-11,minor,0-2-3-5-7-8-10,up_down,0-2-4-7-4-2-0-2,4841,554,room,7/8,7,8,fractal_recursive
INTP_F_A,STRESS_GROWTH,B,ao_rh+,B,0.64,0.5,0.6,0.55,0.503,0.55,0.62,0.8,136,seventh,0-4-7-11,phrygian,0-1-3-5-7-8-10,up_down,0-2-4-7-4-2-0-2,4123,554,room,7/8,7,8,fractal_recursive
INTP_F_A,EXTREME_GROWTH,C,aa_rh-,A,0.5728,0.6,0.6,0.55,0.595,0.55,0.52,0.9,128,seventh,0-4-7-11,phrygian,0-1-3-5-7-8-10,up_down,0-2-4-7-4-2-0-2,4841,554,room,7/8,7,16,deep_recursive
INTP_F_A,PRESENT_MOMENT,D,ao_rh-,B,0.64,0.5,0.6,0.55,0.5573,0.55,0.62,0.8,136,seventh,0-4-7-11,phrygian,0-1-3-5-7-8-10,up_down,0-2-4-7-4-2-0-2,4547,554,room,7/8,7,8,fractal_recursive
INTP_F_A,OBSERVER_3AM,3AM,hysteresis_random,A,0.4689,0.5718,0.4328,0.4006,0.2913,0.5894,0.4489,1.0,116,seventh,0-4-7-11,minor,0-2-3-5-7-8-10,wandering,0-2-4-3-5-7-6-4,2471,593,room,3/4,3,16,deep_recursive
INTP_F_B,RELEASE,A,aa_rh+,B,0.7226,0.5,0.6,0.55,0.495,0.55,0.62,0.8,146,seventh,0-4-7-11,phrygian,0-1-3-5-7-8-10,up_down,0-2-4-7-4-2-0-2,4061,554,room,7/8,7,8,fractal_recursive
INTP_F_B,STRESS_GROWTH,B,ao_rh+,AB,0.64,0.5,0.6,0.55,0.5853,0.55,0.52,0.9,136,seventh,0-4-7-11,phrygian,0-1-3-5-7-8-10,up_down,0-2-4-7-4-2-0-2,4765,554,room,7/8,7,16,deep_recursive
INTP_F_B,EXTREME_GROWTH,C,aa_rh-,B,0.6271,0.5,0.75,0.55,0.495,0.55,0.62,0.9,135,seventh,0-4-7-11,phrygian,0-1-3-5-7-8-10,up_down,0-2-4-7-4-2-0-2,4061,554,room,7/8,7,16,deep_recursive
INTP_F_B,PRESENT_MOMENT,D,ao_rh-,AB,0.64,0.5,0.6,0.55,0.693,0.55,0.52,0.9,136,seventh,0-4-7-11,phrygian,0-1-3-5-7-8-10,up_down,0-2-4-7-4-2-0-2,5605,554,room,7/8,7,16,deep_recursive
INTP_F_B,OBSERVER_3AM,3AM,hysteresis_random,B,0.6506,0.491,0.4908,0.5514,0.2747,0.5923,0.6483,1.0,138,triad,0-4-7,minor,0-2-3-5-7-8-10,up_down,0-2-4-7-4-2-0-2,2342,596,room,7/8,7,16,deep_recursive
INTP_F_AB,RELEASE,A,aa_rh+,AB,0.6037,0.5,0.6,0.55,0.495,0.55,0.52,0.9,132,seventh,0-4-7-11,phrygian,0-1-3-5-7-8-10,up_down,0-2-4-7-4-2-0-2,4061,554,room,7/8,7,16,deep_recursive
INTP_F_AB,STRESS_GROWTH,B,ao_rh+,O,0.74,0.5,0.6,0.55,0.3998,0.55,0.52,0.8,148,seventh,0-4-7-11,phrygian,0-1-3-5-7-8-10,up_down,0-2-4-7-4-2-0-2,3318,554,room,7/8,7,8,fractal_recursive
INTP_F_AB,EXTREME_GROWTH,C,aa_rh-,AB,0.4907,0.5,0.75,0.55,0.495,0.55,0.52,1.0,118,seventh,0-4-7-11,phrygian,0-1-3-5-7-8-10,up_down,0-2-4-7-4-2-0-2,4061,554,room,7/8,7,16,deep_recursive
INTP_F_AB,PRESENT_MOMENT,D,ao_rh-,O,0.74,0.5,0.6,0.55,0.3727,0.55,0.52,0.8,148,seventh,0-4-7-11,phrygian,0-1-3-5-7-8-10,up_down,0-2-4-7-4-2-0-2,3107,554,room,7/8,7,8,fractal_recursive
INTP_F_AB,OBSERVER_3AM,3AM,hysteresis_random,AB,0.7511,0.6241,0.6992,0.5577,0.2354,0.5646,0.4494,0.9071,150,seventh,0-4-7-11,phrygian,0-1-3-5-7-8-10,up_down,0-2-4-7-4-2-0-2,2035,568,room,3/4,3,16,deep_recursive
ENTJ_M_O,RELEASE,A,aa_rh+,O,0.5952,0.5,0.6,0.85,0.495,0.5,0.52,0.65,131,seventh,0-4-7-11,phrygian,0-1-3-5-7-8-10,straight_up,0-2-4-7-9-11-12-14,4061,505,room,7/8,7,4,nested_loop
ENTJ_M_O,STRESS_GROWTH,B,ao_rh+,A,0.54,0.6,0.5,0.85,0.5023,0.5,0.52,0.65,124,seventh,0-4-7-11,minor,0-2-3-5-7-8-10,straight_up,0-2-4-7-9-11-12-14,4118,505,room,7/8,7,4,nested_loop
ENTJ_M_O,EXTREME_GROWTH,C,aa_rh-,O,0.8305,0.5,0.75,0.85,0.495,0.5,0.52,0.75,159,seventh,0-4-7-11,phrygian,0-1-3-5-7-8-10,straight_up,0-2-4-7-9-11-12-14,4061,505,room,7/8,7,8,fractal_recursive
ENTJ_M_O,PRESENT_MOMENT,D,ao_rh-,A,0.54,0.6,0.5,0.85,0.4836,0.5,0.52,0.65,124,seventh,0-4-7-11,minor,0-2-3-5-7-8-10,straight_up,0-2-4-7-9-11-12-14,3972,505,room,7/8,7,4,nested_loop
ENTJ_M_O,OBSERVER_3AM,3AM,hysteresis_random,O,0.5632,0.4497,0.6957,0.6428,0.4175,0.4351,0.448,0.7302,127,triad,0-4-7,phrygian,0-1-3-5-7-8-10,up_down,0-2-4-7-4-2-0-2,3456,440,room,3/4,3,8,fractal_recursive
ENTJ_M_A,RELEASE,A,aa_rh+,A,0.4587,0.6,0.5,0.85,0.595,0.5,0.52,0.65,115,seventh,0-4-7-11,minor,0-2-3-5-7-8-10,straight_up,0-2-4-7-9-11-12-14,4841,505,room,7/8,7,4,nested_loop
ENTJ_M_A,STRESS_GROWTH,B,ao_rh+,B,0.54,0.5,0.6,0.85,0.3963,0.5,0.62,0.65,124,seventh,0-4-7-11,phrygian,0-1-3-5-7-8-10,straight_up,0-2-4-7-9-11-12-14,3291,505,room,7/8,7,4,nested_loop
ENTJ_M_A,EXTREME_GROWTH,C,aa_rh-,A,0.6776,0.6,0.65,0.85,0.595,0.5,0.52,0.75,141,seventh,0-4-7-11,phrygian,0-1-3-5-7-8-10,straight_up,0-2-4-7-9-11-12-14,4841,505,room,7/8,7,8,fractal_recursive
ENTJ_M_A,PRESENT_MOMENT,D,ao_rh-,B,0.54,0.5,0.6,0.85,0.3802,0.5,0.62,0.65,124,seventh,0-4-7-11,phrygian,0-1-3-5-7-8-10,straight_up,0-2-4-7-9-11-12-14,3165,505,room,7/8,7,4,nested_loop
ENTJ_M_A,OBSERVER_3AM,3AM,hysteresis_random,A,0.4098,0.4732,0.5414,0.79,0.4585,0.6211,0.4646,0.7834,109,triad,0-4-7,minor,0-2-3-5-7-8-10,straight_up,0-2-4-7-9-11-12-14,3776,624,hall,3/4,3,8,fractal_recursive
ENTJ_M_B,RELEASE,A,aa_rh+,B,0.5257,0.5,0.6,0.85,0.495,0.5,0.62,0.65,123,seventh,0-4-7-11,phrygian,0-1-3-5-7-8-10,straight_up,0-2-4-7-9-11-12-14,4061,505,room,7/8,7,4,nested_loop
ENTJ_M_B,STRESS_GROWTH,B,ao_rh+,AB,0.54,0.5,0.6,0.85,0.5259,0.5,0.52,0.75,124,seventh,0-4-7-11,phrygian,0-1-3-5-7-8-10,straight_up,0-2-4-7-9-11-12-14,4302,505,room,7/8,7,8,fractal_recursive
ENTJ_M_B,EXTREME_GROWTH,C,aa_rh-,B,0.6477,0.5,0.75,0.85,0.495,0.5,0.62,0.75,137,seventh,0-4-7-11,phrygian,0-1-3-5-7-8-10,straight_up,0-2-4-7-9-11-12-14,4061,505,room,7/8,7,8,fractal_recursive
ENTJ_M_B,PRESENT_MOMENT,D,ao_rh-,AB,0.54,0.5,0.6,0.85,0.5391,0.5,0.52,0.75,124,seventh,0-4-7-11,phrygian,0-1-3-5-7-8-10,straight_up,0-2-4-7-9-11-12-14,4405,505,room,7/8,7,8,fractal_recursive
ENTJ_M_B,OBSERVER_3AM,3AM,hysteresis_random,B,0.5277,0.6267,0.5485,0.8294,0.246,0.4892,0.6494,0.904,123,seventh,0-4-7-11,minor,0-2-3-5-7-8-10,straight_up,0-2-4-7-9-11-12-14,2118,494,room,7/8,7,16,deep_recursive
ENTJ_M_AB,RELEASE,A,aa_rh+,AB,0.4794,0.5,0.6,0.85,0.495,0.5,0.52,0.75,117,seventh,0-4-7-11,phrygian,0-1-3-5-7-8-10,straight_up,0-2-4-7-9-11-12-14,4061,505,room,7/8,7,8,fractal_recursive
ENTJ_M_AB,STRESS_GROWTH,B,ao_rh+,O,0.64,0.5,0.6,0.85,0.5282,0.5,0.52,0.65,136,seventh,0-4-7-11,phrygian,0-1-3-5-7-8-10,straight_up,0-2-4-7-9-11-12-14,4320,505,room,7/8,7,4,nested_loop
ENTJ_M_AB,EXTREME_GROWTH,C,aa_rh-,AB,0.6429,0.5,0.75,0.85,0.495,0.5,0.52,0.85,137,seventh,0-4-7-11,phrygian,0-1-3-5-7-8-10,straight_up,0-2-4-7-9-11-12-14,4061,505,room,7/8,7,8,fractal_recursive
ENTJ_M_AB,PRESENT_MOMENT,D,ao_rh-,O,0.64,0.5,0.6,0.85,0.6153,0.5,0.52,0.65,136,seventh,0-4-7-11,phrygian,0-1-3-5-7-8-10,straight_up,0-2-4-7-9-11-12-14,4999,505,room,7/8,7,4,nested_loop
ENTJ_M_AB,OBSERVER_3AM,3AM,hysteresis_random,AB,0.4801,0.5528,0.4423,0.9994,0.4198,0.4206,0.3979,0.8023,117,seventh,0-4-7-11,minor,0-2-3-5-7-8-10,straight_up,0-2-4-7-9-11-12-14,3474,426,room,3/4,3,8,fractal_recursive
ENTJ_F_O,RELEASE,A,aa_rh+,O,0.5478,0.5,0.6,0.85,0.495,0.55,0.52,0.65,125,seventh,0-4-7-11,phrygian,0-1-3-5-7-8-10,straight_up,0-2-4-7-9-11-12-14,4061,554,room,7/8,7,4,nested_loop
ENTJ_F_O,STRESS_GROWTH,B,ao_rh+,A,0.49,0.6,0.6,0.85,0.5345,0.55,0.52,0.5,118,seventh,0-4-7-11,phrygian,0-1-3-5-7-8-10,straight_up,0-2-4-7-9-11-12-14,4369,554,room,7/8,7,4,nested_loop
ENTJ_F_O,EXTREME_GROWTH,C,aa_rh-,O,0.4349,0.5,0.75,0.85,0.495,0.55,0.52,0.75,112,seventh,0-4-7-11,phrygian,0-1-3-5-7-8-10,straight_up,0-2-4-7-9-11-12-14,4061,554,room,7/8,7,8,fractal_recursive
ENTJ_F_O,PRESENT_MOMENT,D,ao_rh-,A,0.49,0.6,0.6,0.85,0.4831,0.55,0.52,0.5,118,seventh,0-4-7-11,phrygian,0-1-3-5-7-8-10,straight_up,0-2-4-7-9-11-12-14,3968,554,room,7/8,7,4,nested_loop
ENTJ_F_O,OBSERVER_3AM,3AM,hysteresis_random,O,0.4171,0.4289,0.6498,0.92,0.2141,0.5897,0.6491,0.8681,110,triad,0-4-7,phrygian,0-1-3-5-7-8-10,straight_up,0-2-4-7-9-11-12-14,1869,593,room,7/8,7,8,fractal_recursive
ENTJ_F_A,RELEASE,A,aa_rh+,A,0.4843,0.6,0.6,0.85,0.595,0.55,0.52,0.5,118,seventh,0-4-7-11,phrygian,0-1-3-5-7-8-10,straight_up,0-2-4-7-9-11-12-14,4841,554,room,7/8,7,4,nested_loop
ENTJ_F_A,STRESS_GROWTH,B,ao_rh+,B,0.49,0.5,0.6,0.85,0.5894,0.55,0.62,0.65,118,seventh,0-4-7-11,phrygian,0-1-3-5-7-8-10,straight_up,0-2-4-7-9-11-12-14,4796,554,room,7/8,7,4,nested_loop
ENTJ_F_A,EXTREME_GROWTH,C,aa_rh-,A,0.6092,0.6,0.75,0.85,0.595,0.55,0.52,0.6,133,seventh,0-4-7-11,phrygian,0-1-3-5-7-8-10,straight_up,0-2-4-7-9-11-12-14,4841,554,room,7/8,7,4,nested_loop
ENTJ_F_A,PRESENT_MOMENT,D,ao_rh-,B,0.49,0.5,0.6,0.85,0.6165,0.55,0.62,0.65,118,seventh,0-4-7-11,phrygian,0-1-3-5-7-8-10,straight_up,0-2-4-7-9-11-12-14,5009,554,room,7/8,7,4,nested_loop
ENTJ_F_A,OBSERVER_3AM,3AM,hysteresis_random,A,0.4176,0.6374,0.766,0.987,0.2885,0.6969,0.6598,0.6496,110,seventh,0-4-7-11,phrygian,0-1-3-5-7-8-10,straight_up,0-2-4-7-9-11-12-14,2449,699,hall,7/8,7,4,nested_loop
ENTJ_F_B,RELEASE,A,aa_rh+,B,0.4915,0.5,0.6,0.85,0.495,0.55,0.62,0.65,118,seventh,0-4-7-11,phrygian,0-1-3-5-7-8-10,straight_up,0-2-4-7-9-11-12-14,4061,554,room,7/8,7,4,nested_loop
ENTJ_F_B,STRESS_GROWTH,B,ao_rh+,AB,0.49,0.5,0.6,0.85,0.5421,0.55,0.52,0.75,118,seventh,0-4-7-11,phrygian,0-1-3-5-7-8-10,straight_up,0-2-4-7-9-11-12-14,4428,554,room,7/8,7,8,fractal_recursive
ENTJ_F_B,EXTREME_GROWTH,C,aa_rh-,B,0.5245,0.5,0.75,0.85,0.495,0.55,0.62,0.75,122,seventh,0-4-7-11,phrygian,0-1-3-5-7-8-10,straight_up,0-2-4-7-9-11-12-14,4061,554,room,7/8,7,8,fractal_recursive
ENTJ_F_B,PRESENT_MOMENT,D,ao_rh-,AB,0.49,0.5,0.6,0.85,0.4882,0.55,0.52,0.75,118,seventh,0-4-7-11,phrygian,0-1-3-5-7-8-10,straight_up,0-2-4-7-9-11-12-14,4007,554,room,7/8,7,8,fractal_recursive
ENTJ_F_B,OBSERVER_3AM,3AM,hysteresis_random,B,0.3881,0.5579,0.6497,0.7122,0.4105,0.4131,0.5983,0.9312,106,seventh,0-4-7-11,phrygian,0-1-3-5-7-8-10,straight_up,0-2-4-7-9-11-12-14,3402,419,room,7/8,7,16,deep_recursive
ENTJ_F_AB,RELEASE,A,aa_rh+,AB,0.5012,0.5,0.6,0.85,0.495,0.55,0.52,0.75,120,seventh,0-4-7-11,phrygian,0-1-3-5-7-8-10,straight_up,0-2-4-7-9-11-12-14,4061,554,room,7/8,7,8,fractal_recursive
ENTJ_F_AB,STRESS_GROWTH,B,ao_rh+,O,0.59,0.5,0.6,0.85,0.4913,0.55,0.52,0.65,130,seventh,0-4-7-11,phrygian,0-1-3-5-7-8-10,straight_up,0-2-4-7-9-11-12-14,4031,554,room,7/8,7,4,nested_loop
ENTJ_F_AB,EXTREME_GROWTH,C,aa_rh-,AB,0.609,0.5,0.75,0.85,0.495,0.55,0.52,0.85,133,seventh,0-4-7-11,phrygian,0-1-3-5-7-8-10,straight_up,0-2-4-7-9-11-12-14,4061,554,room,7/8,7,8,fractal_recursive
ENTJ_F_AB,PRESENT_MOMENT,D,ao_rh-,O,0.59,0.5,0.6,0.85,0.5611,0.55,0.52,0.65,130,seventh,0-4-7-11,phrygian,0-1-3-5-7-8-10,straight_up,0-2-4-7-9-11-12-14,4576,554,room,7/8,7,4,nested_loop
ENTJ_F_AB,OBSERVER_3AM,3AM,hysteresis_random,AB,0.6022,0.4252,0.4665,0.862,0.3242,0.4411,0.4288,0.9167,132,triad,0-4-7,minor,0-2-3-5-7-8-10,straight_up,0-2-4-7-9-11-12-14,2729,446,room,3/4,3,16,deep_recursive
ENTP_M_O,RELEASE,A,aa_rh+,O,0.7267,0.5,0.6,0.7,0.495,0.5,0.52,0.65,147,seventh,0-4-7-11,phrygian,0-1-3-5-7-8-10,straight_up,0-2-4-7-9-11-12-14,4061,505,room,7/8,7,4,nested_loop
ENTP_M_O,STRESS_GROWTH,B,ao_rh+,A,0.69,0.6,0.5,0.7,0.6569,0.5,0.52,0.65,142,seventh,0-4-7-11,minor,0-2-3-5-7-8-10,straight_up,0-2-4-7-9-11-12-14,5323,505,room,7/8,7,4,nested_loop
ENTP_M_O,EXTREME_GROWTH,C,aa_rh-,O,0.7504,0.5,0.75,0.7,0.495,0.5,0.52,0.75,150,seventh,0-4-7-11,phrygian,0-1-3-5-7-8-10,straight_up,0-2-4-7-9-11-12-14,4061,505,room,7/8,7,8,fractal_recursive
ENTP_M_O,PRESENT_MOMENT,D,ao_rh-,A,0.69,0.6,0.5,0.7,0.6126,0.5,0.52,0.65,142,seventh,0-4-7-11,minor,0-2-3-5-7-8-10,straight_up,0-2-4-7-9-11-12-14,4978,505,room,7/8,7,4,nested_loop
ENTP_M_O,OBSERVER_3AM,3AM,hysteresis_random,O,0.8343,0.6423,0.4418,0.7357,0.3597,0.6403,0.4829,0.7936,160,seventh,0-4-7-11,minor,0-2-3-5-7-8-10,straight_up,0-2-4-7-9-11-12-14,3005,643,hall,3/4,3,8,fractal_recursive
ENTP_M_A,RELEASE,A,aa_rh+,A,0.8128,0.6,0.5,0.7,0.595,0.5,0.52,0.65,157,seventh,0-4-7-11,minor,0-2-3-5-7-8-10,straight_up,0-2-4-7-9-11-12-14,4841,505,room,7/8,7,4,nested_loop
ENTP_M_A,STRESS_GROWTH,B,ao_rh+,B,0.69,0.5,0.6,0.7,0.524,0.5,0.62,0.65,142,seventh,0-4-7-11,phrygian,0-1-3-5-7-8-10,straight_up,0-2-4-7-9-11-12-14,4287,505,room,7/8,7,4,nested_loop
ENTP_M_A,EXTREME_GROWTH,C,aa_rh-,A,0.8519,0.6,0.65,0.7,0.595,0.5,0.52,0.75,162,seventh,0-4-7-11,phrygian,0-1-3-5-7-8-10,straight_up,0-2-4-7-9-11-12-14,4841,505,room,7/8,7,8,fractal_recursive
ENTP_M_A,PRESENT_MOMENT,D,ao_rh-,B,0.69,0.5,0.6,0.7,0.5986,0.5,0.62,0.65,142,seventh,0-4-7-11,phrygian,0-1-3-5-7-8-10,straight_up,0-2-4-7-9-11-12-14,4868,505,room,7/8,7,4,nested_loop
ENTP_M_A,OBSERVER_3AM,3AM,hysteresis_random,A,0.5134,0.531,0.615,0.5282,0.2858,0.5952,0.4821,0.9669,121,seventh,0-4-7-11,phrygian,0-1-3-5-7-8-10,up_down,0-2-4-7-4-2-0-2,2429,599,room,3/4,3,16,deep_recursive
ENTP_M_B,RELEASE,A,aa_rh+,B,0.6252,0.5,0.6,0.7,0.495,0.5,0.62,0.65,135,seventh,0-4-7-11,phrygian,0-1-3-5-7-8-10,straight_up,0-2-4-7-9-11-12-14,4061,505,room,7/8,7,4,nested_loop
ENTP_M_B,STRESS_GROWTH,B,ao_rh+,AB,0.69,0.5,0.6,0.7,0.5431,0.5,0.52,0.75,142,seventh,0-4-7-11,phrygian,0-1-3-5-7-8-10,straight_up,0-2-4-7-9-11-12-14,4436,505,room,7/8,7,8,fractal_recursive
ENTP_M_B,EXTREME_GROWTH,C,aa_rh-,B,0.5641,0.5,0.75,0.7,0.495,0.5,0.62,0.75,127,seventh,0-4-7-11,phrygian,0-1-3-5-7-8-10,straight_up,0-2-4-7-9-11-12-14,4061,505,room,7/8,7,8,fractal_recursive
ENTP_M_B,PRESENT_MOMENT,D,ao_rh-,AB,0.69,0.5,0.6,0.7,0.5257,0.5,0.52,0.75,142,seventh,0-4-7-11,phrygian,0-1-3-5-7-8-10,straight_up,0-2-4-7-9-11-12-14,4300,505,room,7/8,7,8,fractal_recursive
ENTP_M_B,OBSERVER_3AM,3AM,hysteresis_random,B,0.8106,0.5726,0.61,0.6831,0.2789,0.5646,0.5803,0.9186,157,seventh,0-4-7-11,phrygian,0-1-3-5-7-8-10,up_down,0-2-4-7-4-2-0-2,2375,568,room,7/8,7,16,deep_recursive
ENTP_M_AB,RELEASE,A,aa_rh+,AB,0.7329,0.5,0.6,0.7,0.495,0.5,0.52,0.75,147,seventh,0-4-7-11,phrygian,0-1-3-5-7-8-10,straight_up,0-2-4-7-9-11-12-14,4061,505,room,7/8,7,8,fractal_recursive
ENTP_M_AB,STRESS_GROWTH,B,ao_rh+,O,0.79,0.5,0.6,0.7,0.3841,0.5,0.52,0.65,154,seventh,0-4-7-11,phrygian,0-1-3-5-7-8-10,straight_up,0-2-4-7-9-11-12-14,3195,505,room,7/8,7,4,nested_loop
ENTP_M_AB,EXTREME_GROWTH,C,aa_rh-,AB,0.486,0.5,0.75,0.7,0.495,0.5,0.52,0.85,118,seventh,0-4-7-11,phrygian,0-1-3-5-7-8-10,straight_up,0-2-4-7-9-11-12-14,4061,505,room,7/8,7,8,fractal_recursive
ENTP_M_AB,PRESENT_MOMENT,D,ao_rh-,O,0.79,0.5,0.6,0.7,0.3967,0.5,0.52,0.65,154,seventh,0-4-7-11,phrygian,0-1-3-5-7-8-10,straight_up,0-2-4-7-9-11-12-14,3293,505,room,7/8,7,4,nested_loop
ENTP_M_AB,OBSERVER_3AM,3AM,hysteresis_random,AB,0.8777,0.5418,0.5648,0.5754,0.3683,0.4081,0.6075,1.0,165,seventh,0-4-7-11,minor,0-2-3-5-7-8-10,up_down,0-2-4-7-4-2-0-2,3072,414,room,7/8,7,16,deep_recursive
ENTP_F_O,RELEASE,A,aa_rh+,O,0.6979,0.5,0.6,0.7,0.495,0.55,0.52,0.65,143,seventh,0-4-7-11,phrygian,0-1-3-5-7-8-10,straight_up,0-2-4-7-9-11-12-14,4061,554,room,7/8,7,4,nested_loop
ENTP_F_O,STRESS_GROWTH,B,ao_rh+,A,0.64,0.6,0.6,0.7,0.7219,0.55,0.52,0.5,136,seventh,0-4-7-11,phrygian,0-1-3-5-7-8-10,straight_up,0-2-4-7-9-11-12-14,5830,554,room,7/8,7,4,nested_loop
ENTP_F_O,EXTREME_GROWTH,C,aa_rh-,O,0.6286,0.5,0.75,0.7,0.495,0.55,0.52,0.75,135,seventh,0-4-7-11,phrygian,0-1-3-5-7-8-10,straight_up,0-2-4-7-9-11-12-14,4061,554,room,7/8,7,8,fractal_recursive
ENTP_F_O,PRESENT_MOMENT,D,ao_rh-,A,0.64,0.6,0.6,0.7,0.6997,0.55,0.52,0.5,136,seventh,0-4-7-11,phrygian,0-1-3-5-7-8-10,straight_up,0-2-4-7-9-11-12-14,5657,554,room,7/8,7,4,nested_loop
ENTP_F_O,OBSERVER_3AM,3AM,hysteresis_random,O,0.9206,0.6125,0.7649,0.7506,0.3359,0.597,0.573,0.8032,170,seventh,0-4-7-11,phrygian,0-1-3-5-7-8-10,straight_up,0-2-4-7-9-11-12-14,2819,601,room,7/8,7,8,fractal_recursive
ENTP_F_A,RELEASE,A,aa_rh+,A,0.5841,0.6,0.6,0.7,0.595,0.55,0.52,0.5,130,seventh,0-4-7-11,phrygian,0-1-3-5-7-8-10,straight_up,0-2-4-7-9-11-12-14,4841,554,room,7/8,7,4,nested_loop
ENTP_F_A,STRESS_GROWTH,B,ao_rh+,B,0.64,0.5,0.6,0.7,0.6084,0.55,0.62,0.65,136,seventh,0-4-7-11,phrygian,0-1-3-5-7-8-10,straight_up,0-2-4-7-9-11-12-14,4945,554,room,7/8,7,4,nested_loop
ENTP_F_A,EXTREME_GROWTH,C,aa_rh-,A,0.5409,0.6,0.75,0.7,0.595,0.55,0.52,0.6,124,seventh,0-4-7-11,phrygian,0-1-3-5-7-8-10,straight_up,0-2-4-7-9-11-12-14,4841,554,room,7/8,7,4,nested_loop
ENTP_F_A,PRESENT_MOMENT,D,ao_rh-,B,0.64,0.5,0.6,0.7,0.5063,0.55,0.62,0.65,136,seventh,0-4-7-11,phrygian,0-1-3-5-7-8-10,straight_up,0-2-4-7-9-11-12-14,4149,554,room,7/8,7,4,nested_loop
ENTP_F_A,OBSERVER_3AM,3AM,hysteresis_random,A,0.6404,0.5215,0.6582,0.5752,0.3944,0.6975,0.5335,0.5951,136,seventh,0-4-7-11,phrygian,0-1-3-5-7-8-10,up_down,0-2-4-7-4-2-0-2,3276,700,hall,7/8,7,4,nested_loop
ENTP_F_B,RELEASE,A,aa_rh+,B,0.5259,0.5,0.6,0.7,0.495,0.55,0.62,0.65,123,seventh,0-4-7-11,phrygian,0-1-3-5-7-8-10,straight_up,0-2-4-7-9-11-12-14,4061,554,room,7/8,7,4,nested_loop
ENTP_F_B,STRESS_GROWTH,B,ao_rh+,AB,0.64,0.5,0.6,0.7,0.4422,0.55,0.52,0.75,136,seventh,0-4-7-11,phrygian,0-1-3-5-7-8-10,straight_up,0-2-4-7-9-11-12-14,3648,554,room,7/8,7,8,fractal_recursive
ENTP_F_B,EXTREME_GROWTH,C,aa_rh-,B,0.7679,0.5,0.75,0.7,0.495,0.55,0.62,0.75,152,seventh,0-4-7-11,phrygian,0-1-3-5-7-8-10,straight_up,0-2-4-7-9-11-12-14,4061,554,room,7/8,7,8,fractal_recursive
ENTP_F_B,PRESENT_MOMENT,D,ao_rh-,AB,0.64,0.5,0.6,0.7,0.3538,0.55,0.52,0.75,136,seventh,0-4-7-11,phrygian,0-1-3-5-7-8-10,straight_up,0-2-4-7-9-11-12-14,2959,554,room,7/8,7,8,fractal_recursive
ENTP_F_B,OBSERVER_3AM,3AM,hysteresis_random,B,0.8265,0.4287,0.4901,0.8719,0.4234,0.4372,0.8002,0.9528,159,triad,0-4-7,minor,0-2-3-5-7-8-10,straight_up,0-2-4-7-9-11-12-14,3502,442,room,5/4,5,16,deep_recursive
ENTP_F_AB,RELEASE,A,aa_rh+,AB,0.7254,0.5,0.6,0.7,0.495,0.55,0.52,0.75,147,seventh,0-4-7-11,phrygian,0-1-3-5-7-8-10,straight_up,0-2-4-7-9-11-12-14,4061,554,room,7/8,7,8,fractal_recursive
ENTP_F_AB,STRESS_GROWTH,B,ao_rh+,O,0.74,0.5,0.6,0.7,0.5236,0.55,0.52,0.65,148,seventh,0-4-7-11,phrygian,0-1-3-5-7-8-10,straight_up,0-2-4-7-9-11-12-14,4284,554,room,7/8,7,4,nested_loop
ENTP_F_AB,EXTREME_GROWTH,C,aa_rh-,AB,0.6079,0.5,0.75,0.7,0.495,0.55,0.52,0.85,132,seventh,0-4-7-11,phrygian,0-1-3-5-7-8-10,straight_up,0-2-4-7-9-11-12-14,4061,554,room,7/8,7,8,fractal_recursive
ENTP_F_AB,PRESENT_MOMENT,D,ao_rh-,O,0.74,0.5,0.6,0.7,0.5173,0.55,0.52,0.65,148,seventh,0-4-7-11,phrygian,0-1-3-5-7-8-10,straight_up,0-2-4-7-9-11-12-14,4235,554,room,7/8,7,4,nested_loop
ENTP_F_AB,OBSERVER_3AM,3AM,hysteresis_random,AB,0.4976,0.6156,0.57,0.8384,0.2359,0.602,0.6309,1.0,119,seventh,0-4-7-11,minor,0-2-3-5-7-8-10,straight_up,0-2-4-7-9-11-12-14,2039,605,hall,7/8,7,16,deep_recursive
INFJ_M_O,RELEASE,A,aa_rh+,O,0.5546,0.6,0.5,0.7,0.595,0.5,0.52,0.8,126,seventh,0-4-7-11,minor,0-2-3-5-7-8-10,straight_up,0-2-4-7-9-11-12-14,4841,505,room,7/8,7,8,fractal_recursive
INFJ_M_O,STRESS_GROWTH,B,ao_rh+,A,0.54,0.7,0.5,0.7,0.6884,0.5,0.52,0.8,124,extended,0-4-7-11-14,minor,0-2-3-5-7-8-10,straight_up,0-2-4-7-9-11-12-14,5569,505,room,7/8,7,8,fractal_recursive
INFJ_M_O,EXTREME_GROWTH,C,aa_rh-,O,0.5711,0.6,0.65,0.7,0.595,0.5,0.52,0.9,128,seventh,0-4-7-11,phrygian,0-1-3-5-7-8-10,straight_up,0-2-4-7-9-11-12-14,4841,505,room,7/8,7,16,deep_recursive
INFJ_M_O,PRESENT_MOMENT,D,ao_rh-,A,0.54,0.7,0.5,0.7,0.7166,0.5,0.52,0.8,124,extended,0-4-7-11-14,minor,0-2-3-5-7-8-10,straight_up,0-2-4-7-9-11-12-14,5789,505,room,7/8,7,8,fractal_recursive
INFJ_M_O,OBSERVER_3AM,3AM,hysteresis_random,O,0.5246,0.5756,0.4621,0.5591,0.5813,0.65,0.544,0.7825,122,seventh,0-4-7-11,minor,0-2-3-5-7-8-10,up_down,0-2-4-7-4-2-0-2,4733,653,hall,7/8,7,8,fractal_recursive
INFJ_M_A,RELEASE,A,aa_rh+,A,0.5987,0.7,0.5,0.7,0.595,0.5,0.52,0.8,131,extended,0-4-7-11-14,minor,0-2-3-5-7-8-10,straight_up,0-2-4-7-9-11-12-14,4841,505,room,7/8,7,8,fractal_recursive
INFJ_M_A,STRESS_GROWTH,B,ao_rh+,B,0.54,0.6,0.5,0.7,0.4652,0.5,0.62,0.8,124,seventh,0-4-7-11,minor,0-2-3-5-7-8-10,straight_up,0-2-4-7-9-11-12-14,3828,505,room,7/8,7,8,fractal_recursive
INFJ_M_A,EXTREME_GROWTH,C,aa_rh-,A,0.624,0.7,0.65,0.7,0.595,0.5,0.52,0.9,134,extended,0-4-7-11-14,phrygian,0-1-3-5-7-8-10,straight_up,0-2-4-7-9-11-12-14,4841,505,room,7/8,7,16,deep_recursive
INFJ_M_A,PRESENT_MOMENT,D,ao_rh-,B,0.54,0.6,0.5,0.7,0.5256,0.5,0.62,0.8,124,seventh,0-4-7-11,minor,0-2-3-5-7-8-10,straight_up,0-2-4-7-9-11-12-14,4299,505,room,7/8,7,8,fractal_recursive
INFJ_M_A,OBSERVER_3AM,3AM,hysteresis_random,A,0.4706,0.5697,0.5132,0.5932,0.3741,0.5406,0.4924,0.8783,116,seventh,0-4-7-11,minor,0-2-3-5-7-8-10,up_down,0-2-4-7-4-2-0-2,3117,545,room,3/4,3,8,fractal_recursive
INFJ_M_B,RELEASE,A,aa_rh+,B,0.6342,0.6,0.5,0.7,0.595,0.5,0.62,0.8,136,seventh,0-4-7-11,minor,0-2-3-5-7-8-10,straight_up,0-2-4-7-9-11-12-14,4841,505,room,7/8,7,8,fractal_recursive
INFJ_M_B,STRESS_GROWTH,B,ao_rh+,AB,0.54,0.6,0.5,0.7,0.5466,0.5,0.52,0.9,124,seventh,0-4-7-11,minor,0-2-3-5-7-8-10,straight_up,0-2-4-7-9-11-12-14,4463,505,room,7/8,7,16,deep_recursive
INFJ_M_B,EXTREME_GROWTH,C,aa_rh-,B,0.6218,0.6,0.65,0.7,0.595,0.5,0.62,0.9,134,seventh,0-4-7-11,phrygian,0-1-3-5-7-8-10,straight_up,0-2-4-7-9-11-12-14,4841,505,room,7/8,7,16,deep_recursive
INFJ_M_B,PRESENT_MOMENT,D,ao_rh-,AB,0.54,0.6,0.5,0.7,0.5773,0.5,0.52,0.9,124,seventh,0-4-7-11,minor,0-2-3-5-7-8-10,straight_up,0-2-4-7-9-11-12-14,4702,505,room,7/8,7,16,deep_recursive
INFJ_M_B,OBSERVER_3AM,3AM,hysteresis_random,B,0.4872,0.7322,0.4852,0.8038,0.3599,0.3823,0.7569,0.7659,118,extended,0-4-7-11-14,minor,0-2-3-5-7-8-10,straight_up,0-2-4-7-9-11-12-14,3006,388,room,5/4,5,8,fractal_recursive
INFJ_M_AB,RELEASE,A,aa_rh+,AB,0.5048,0.6,0.5,0.7,0.595,0.5,0.52,0.9,120,seventh,0-4-7-11,minor,0-2-3-5-7-8-10,straight_up,0-2-4-7-9-11-12-14,4841,505,room,7/8,7,16,deep_recursive
INFJ_M_AB,STRESS_GROWTH,B,ao_rh+,O,0.64,0.6,0.5,0.7,0.5298,0.5,0.52,0.8,136,seventh,0-4-7-11,minor,0-2-3-5-7-8-10,straight_up,0-2-4-7-9-11-12-14,4332,505,room,7/8,7,8,fractal_recursive
INFJ_M_AB,EXTREME_GROWTH,C,aa_rh-,AB,0.625,0.6,0.65,0.7,0.595,0.5,0.52,1.0,135,seventh,0-4-7-11,phrygian,0-1-3-5-7-8-10,straight_up,0-2-4-7-9-11-12-14,4841,505,room,7/8,7,16,deep_recursive
INFJ_M_AB,PRESENT_MOMENT,D,ao_rh-,O,0.64,0.6,0.5,0.7,0.4883,0.5,0.52,0.8,136,seventh,0-4-7-11,minor,0-2-3-5-7-8-10,straight_up,0-2-4-7-9-11-12-14,4008,505,room,7/8,7,8,fractal_recursive
INFJ_M_AB,OBSERVER_3AM,3AM,hysteresis_random,AB,0.4535,0.5408,0.5522,0.5198,0.3822,0.6031,0.3649,1.0,114,seventh,0-4-7-11,minor,0-2-3-5-7-8-10,up_down,0-2-4-7-4-2-0-2,3181,607,hall,3/4,3,16,deep_recursive
INFJ_F_O,RELEASE,A,aa_rh+,O,0.5954,0.6,0.5,0.7,0.595,0.5,0.52,0.8,131,seventh,0-4-7-11,minor,0-2-3-5-7-8-10,straight_up,0-2-4-7-9-11-12-14,4841,505,room,7/8,7,8,fractal_recursive
INFJ_F_O,STRESS_GROWTH,B,ao_rh+,A,0.49,0.7,0.5,0.7,0.5999,0.5,0.52,0.8,118,extended,0-4-7-11-14,minor,0-2-3-5-7-8-10,straight_up,0-2-4-7-9-11-12-14,4878,505,room,7/8,7,8,fractal_recursive
INFJ_F_O,EXTREME_GROWTH,C,aa_rh-,O,0.7324,0.6,0.65,0.7,0.595,0.5,0.52,0.9,147,seventh,0-4-7-11,phrygian,0-1-3-5-7-8-10,straight_up,0-2-4-7-9-11-12-14,4841,505,room,7/8,7,16,deep_recursive
INFJ_F_O,PRESENT_MOMENT,D,ao_rh-,A,0.49,0.7,0.5,0.7,0.4818,0.5,0.52,0.8,118,extended,0-4-7-11-14,minor,0-2-3-5-7-8-10,straight_up,0-2-4-7-9-11-12-14,3958,505,room,7/8,7,8,fractal_recursive
INFJ_F_O,OBSERVER_3AM,3AM,hysteresis_random,O,0.6214,0.5467,0.4812,0.6907,0.5965,0.5275,0.5612,0.9339,134,seventh,0-4-7-11,minor,0-2-3-5-7-8-10,up_down,0-2-4-7-4-2-0-2,4852,532,room,7/8,7,16,deep_recursive
INFJ_F_A,RELEASE,A,aa_rh+,A,0.5563,0.7,0.5,0.7,0.595,0.5,0.52,0.8,126,extended,0-4-7-11-14,minor,0-2-3-5-7-8-10,straight_up,0-2-4-7-9-11-12-14,4841,505,room,7/8,7,8,fractal_recursive
INFJ_F_A,STRESS_GROWTH,B,ao_rh+,B,0.49,0.6,0.5,0.7,0.5762,0.5,0.62,0.8,118,seventh,0-4-7-11,minor,0-2-3-5-7-8-10,straight_up,0-2-4-7-9-11-12-14,4694,505,room,7/8,7,8,fractal_recursive
INFJ_F_A,EXTREME_GROWTH,C,aa_rh-,A,0.4128,0.7,0.65,0.7,0.595,0.5,0.52,0.9,109,extended,0-4-7-11-14,phrygian,0-1-3-5-7-8-10,straight_up,0-2-4-7-9-11-12-14,4841,505,room,7/8,7,16,deep_recursive
INFJ_F_A,PRESENT_MOMENT,D,ao_rh-,B,0.49,0.6,0.5,0.7,0.6069,0.5,0.62,0.8,118,seventh,0-4-7-11,minor,0-2-3-5-7-8-10,straight_up,0-2-4-7-9-11-12-14,4933,505,room,7/8,7,8,fractal_recursive
INFJ_F_A,OBSERVER_3AM,3AM,hysteresis_random,A,0.5,0.7202,0.4201,0.8956,0.3638,0.401,0.5143,1.0,120,extended,0-4-7-11-14,minor,0-2-3-5-7-8-10,straight_up,0-2-4-7-9-11-12-14,3037,406,room,7/8,7,16,deep_recursive
INFJ_F_B,RELEASE,A,aa_rh+,B,0.5609,0.6,0.5,0.7,0.595,0.5,0.62,0.8,127,seventh,0-4-7-11,minor,0-2-3-5-7-8-10,straight_up,0-2-4-7-9-11-12-14,4841,505,room,7/8,7,8,fractal_recursive
INFJ_F_B,STRESS_GROWTH,B,ao_rh+,AB,0.49,0.6,0.5,0.7,0.7305,0.5,0.52,0.9,118,seventh,0-4-7-11,minor,0-2-3-5-7-8-10,straight_up,0-2-4-7-9-11-12-14,5898,505,room,7/8,7,16,deep_recursive
INFJ_F_B,EXTREME_GROWTH,C,aa_rh-,B,0.585,0.6,0.65,0.7,0.595,0.5,0.62,0.9,130,seventh,0-4-7-11,phrygian,0-1-3-5-7-8-10,straight_up,0-2-4-7-9-11-12-14,4841,505,room,7/8,7,16,deep_recursive
INFJ_F_B,PRESENT_MOMENT,D,ao_rh-,AB,0.49,0.6,0.5,0.7,0.8235,0.5,0.52,0.9,118,seventh,0-4-7-11,minor,0-2-3-5-7-8-10,straight_up,0-2-4-7-9-11-12-14,6623,505,room,7/8,7,16,deep_recursive
INFJ_F_B,OBSERVER_3AM,3AM,hysteresis_random,B,0.5358,0.759,0.4606,0.6749,0.332,0.5728,0.734,1.0,124,extended,0-4-7-11-14,minor,0-2-3-5-7-8-10,up_down,0-2-4-7-4-2-0-2,2789,577,room,7/8,7,16,deep_recursive
INFJ_F_AB,RELEASE,A,aa_rh+,AB,0.3959,0.6,0.5,0.7,0.595,0.5,0.52,0.9,107,seventh,0-4-7-11,minor,0-2-3-5-7-8-10,straight_up,0-2-4-7-9-11-12-14,4841,505,room,7/8,7,16,deep_recursive
INFJ_F_AB,STRESS_GROWTH,B,ao_rh+,O,0.59,0.6,0.5,0.7,0.6667,0.5,0.52,0.8,130,seventh,0-4-7-11,minor,0-2-3-5-7-8-10,straight_up,0-2-4-7-9-11-12-14,5400,505,room,7/8,7,8,fractal_recursive
INFJ_F_AB,EXTREME_GROWTH,C,aa_rh-,AB,0.502,0.6,0.65,0.7,0.595,0.5,0.52,1.0,120,seventh,0-4-7-11,phrygian,0-1-3-5-7-8-10,straight_up,0-2-4-7-9-11-12-14,4841,505,room,7/8,7,16,deep_recursive
INFJ_F_AB,PRESENT_MOMENT,D,ao_rh-,O,0.59,0.6,0.5,0.7,0.6046,0.5,0.52,0.8,130,seventh,0-4-7-11,minor,0-2-3-5-7-8-10,straight_up,0-2-4-7-9-11-12-14,4915,505,room,7/8,7,8,fractal_recursive
INFJ_F_AB,OBSERVER_3AM,3AM,hysteresis_random,AB,0.5915,0.7642,0.4909,0.788,0.387,0.4112,0.3876,1.0,130,extended,0-4-7-11-14,minor,0-2-3-5-7-8-10,straight_up,0-2-4-7-9-11-12-14,3218,417,room,3/4,3,16,deep_recursive
INFP_M_O,RELEASE,A,aa_rh+,O,0.7288,0.6,0.5,0.55,0.595,0.5,0.52,0.8,147,seventh,0-4-7-11,minor,0-2-3-5-7-8-10,up_down,0-2-4-7-4-2-0-2,4841,505,room,7/8,7,8,fractal_recursive
INFP_M_O,STRESS_GROWTH,B,ao_rh+,A,0.69,0.7,0.5,0.55,0.5189,0.5,0.52,0.8,142,extended,0-4-7-11-14,minor,0-2-3-5-7-8-10,up_down,0-2-4-7-4-2-0-2,4247,505,room,7/8,7,8,fractal_recursive
INFP_M_O,EXTREME_GROWTH,C,aa_rh-,O,0.9352,0.6,0.65,0.55,0.595,0.5,0.52,0.9,172,seventh,0-4-7-11,phrygian,0-1-3-5-7-8-10,up_down,0-2-4-7-4-2-0-2,4841,505,room,7/8,7,16,deep_recursive
INFP_M_O,PRESENT_MOMENT,D,ao_rh-,A,0.69,0.7,0.5,0.55,0.424,0.5,0.52,0.8,142,extended,0-4-7-11-14,minor,0-2-3-5-7-8-10,up_down,0-2-4-7-4-2-0-2,3507,505,room,7/8,7,8,fractal_recursive
INFP_M_O,OBSERVER_3AM,3AM,hysteresis_random,O,1.0,0.4241,0.3679,0.5029,0.4323,0.6474,0.3966,0.8395,180,triad,0-4-7,mixolydian,0-2-4-5-7-9-10,up_down,0-2-4-7-4-2-0-2,3571,650,hall,3/4,3,8,fractal_recursive
INFP_M_A,RELEASE,A,aa_rh+,A,0.592,0.7,0.5,0.55,0.595,0.5,0.52,0.8,131,extended,0-4-7-11-14,minor,0-2-3-5-7-8-10,up_down,0-2-4-7-4-2-0-2,4841,505,room,7/8,7,8,fractal_recursive
INFP_M_A,STRESS_GROWTH,B,ao_rh+,B,0.69,0.6,0.5,0.55,0.4743,0.5,0.62,0.8,142,seventh,0-4-7-11,minor,0-2-3-5-7-8-10,up_down,0-2-4-7-4-2-0-2,3899,505,room,7/8,7,8,fractal_recursive
INFP_M_A,EXTREME_GROWTH,C,aa_rh-,A,0.8485,0.7,0.65,0.55,0.595,0.5,0.52,0.9,161,extended,0-4-7-11-14,phrygian,0-1-3-5-7-8-10,up_down,0-2-4-7-4-2-0-2,4841,505,room,7/8,7,16,deep_recursive
INFP_M_A,PRESENT_MOMENT,D,ao_rh-,B,0.69,0.6,0.5,0.55,0.542,0.5,0.62,0.8,142,seventh,0-4-7-11,minor,0-2-3-5-7-8-10,up_down,0-2-4-7-4-2-0-2,4427,505,room,7/8,7,8,fractal_recursive
INFP_M_A,OBSERVER_3AM,3AM,hysteresis_random,A,0.5956,0.681,0.5445,0.5622,0.3816,0.4879,0.6557,0.8058,131,seventh,0-4-7-11,minor,0-2-3-5-7-8-10,up_down,0-2-4-7-4-2-0-2,3176,492,room,7/8,7,8,fractal_recursive
INFP_M_B,RELEASE,A,aa_rh+,B,0.6249,0.6,0.5,0.55,0.595,0.5,0.62,0.8,134,seventh,0-4-7-11,minor,0-2-3-5-7-8-10,up_down,0-2-4-7-4-2-0-2,4841,505,room,7/8,7,8,fractal_recursive
INFP_M_B,STRESS_GROWTH,B,ao_rh+,AB,0.69,0.6,0.5,0.55,0.498,0.5,0.52,0.9,142,seventh,0-4-7-11,minor,0-2-3-5-7-8-10,up_down,0-2-4-7-4-2-0-2,4084,505,room,7/8,7,16,deep_recursive
INFP_M_B,EXTREME_GROWTH,C,aa_rh-,B,0.8275,0.6,0.65,0.55,0.595,0.5,0.62,0.9,159,seventh,0-4-7-11,phrygian,0-1-3-5-7-8-10,up_down,0-2-4-7-4-2-0-2,4841,505,room,7/8,7,16,deep_recursive
INFP_M_B,PRESENT_MOMENT,D,ao_rh-,AB,0.69,0.6,0.5,0.55,0.5415,0.5,0.52,0.9,142,seventh,0-4-7-11,minor,0-2-3-5-7-8-10,up_down,0-2-4-7-4-2-0-2,4423,505,room,7/8,7,16,deep_recursive
INFP_M_B,OBSERVER_3AM,3AM,hysteresis_random,B,0.4924,0.565,0.5792,0.6224,0.4959,0.4259,0.6061,1.0,119,seventh,0-4-7-11,minor,0-2-3-5-7-8-10,up_down,0-2-4-7-4-2-0-2,4067,431,room,7/8,7,16,deep_recursive
INFP_M_AB,RELEASE,A,aa_rh+,AB,0.7285,0.6,0.5,0.55,0.595,0.5,0.52,0.9,147,seventh,0-4-7-11,minor,0-2-3-5-7-8-10,up_down,0-2-4-7-4-2-0-2,4841,505,room,7/8,7,16,deep_recursive
INFP_M_AB,STRESS_GROWTH,B,ao_rh+,O,0.79,0.6,0.5,0.55,0.6854,0.5,0.52,0.8,154,seventh,0-4-7-11,minor,0-2-3-5-7-8-10,up_down,0-2-4-7-4-2-0-2,5546,505,room,7/8,7,8,fractal_recursive
INFP_M_AB,EXTREME_GROWTH,C,aa_rh-,AB,0.6396,0.6,0.65,0.55,0.595,0.5,0.52,1.0,136,seventh,0-4-7-11,phrygian,0-1-3-5-7-8-10,up_down,0-2-4-7-4-2-0-2,4841,505,room,7/8,7,16,deep_recursive
INFP_M_AB,PRESENT_MOMENT,D,ao_rh-,O,0.79,0.6,0.5,0.55,0.8181,0.5,0.52,0.8,154,seventh,0-4-7-11,minor,0-2-3-5-7-8-10,up_down,0-2-4-7-4-2-0-2,6581,505,room,7/8,7,8,fractal_recursive
INFP_M_AB,OBSERVER_3AM,3AM,hysteresis_random,AB,0.8437,0.5496,0.3721,0.4884,0.429,0.4997,0.6745,1.0,161,seventh,0-4-7-11,mixolydian,0-2-4-5-7-9-10,wandering,0-2-4-3-5-7-6-4,3546,504,room,7/8,7,16,deep_recursive
INFP_F_O,RELEASE,A,aa_rh+,O,0.7414,0.6,0.5,0.55,0.595,0.5,0.52,0.8,148,seventh,0-4-7-11,minor,0-2-3-5-7-8-10,up_down,0-2-4-7-4-2-0-2,4841,505,room,7/8,7,8,fractal_recursive
INFP_F_O,STRESS_GROWTH,B,ao_rh+,A,0.64,0.7,0.5,0.55,0.5758,0.5,0.52,0.8,136,extended,0-4-7-11-14,minor,0-2-3-5-7-8-10,up_down,0-2-4-7-4-2-0-2,4691,505,room,7/8,7,8,fractal_recursive
INFP_F_O,EXTREME_GROWTH,C,aa_rh-,O,0.6122,0.6,0.65,0.55,0.595,0.5,0.52,0.9,133,seventh,0-4-7-11,phrygian,0-1-3-5-7-8-10,up_down,0-2-4-7-4-2-0-2,4841,505,room,7/8,7,16,deep_recursive
INFP_F_O,PRESENT_MOMENT,D,ao_rh-,A,0.64,0.7,0.5,0.55,0.6365,0.5,0.52,0.8,136,extended,0-4-7-11-14,minor,0-2-3-5-7-8-10,up_down,0-2-4-7-4-2-0-2,5164,505,room,7/8,7,8,fractal_recursive
INFP_F_O,OBSERVER_3AM,3AM,hysteresis_random,O,0.8797,0.6291,0.6431,0.6889,0.3569,0.4172,0.4324,0.9861,165,seventh,0-4-7-11,phrygian,0-1-3-5-7-8-10,up_down,0-2-4-7-4-2-0-2,2983,423,room,3/4,3,16,deep_recursive
INFP_F_A,RELEASE,A,aa_rh+,A,0.73,0.7,0.5,0.55,0.595,0.5,0.52,0.8,147,extended,0-4-7-11-14,minor,0-2-3-5-7-8-10,up_down,0-2-4-7-4-2-0-2,4841,505,room,7/8,7,8,fractal_recursive
INFP_F_A,STRESS_GROWTH,B,ao_rh+,B,0.64,0.6,0.5,0.55,0.7094,0.5,0.62,0.8,136,seventh,0-4-7-11,minor,0-2-3-5-7-8-10,up_down,0-2-4-7-4-2-0-2,5733,505,room,7/8,7,8,fractal_recursive
INFP_F_A,EXTREME_GROWTH,C,aa_rh-,A,0.5249,0.7,0.65,0.55,0.595,0.5,0.52,0.9,122,extended,0-4-7-11-14,phrygian,0-1-3-5-7-8-10,up_down,0-2-4-7-4-2-0-2,4841,505,room,7/8,7,16,deep_recursive
INFP_F_A,PRESENT_MOMENT,D,ao_rh-,B,0.64,0.6,0.5,0.55,0.7037,0.5,0.62,0.8,136,seventh,0-4-7-11,minor,0-2-3-5-7-8-10,up_down,0-2-4-7-4-2-0-2,5689,505,room,7/8,7,8,fractal_recursive
INFP_F_A,OBSERVER_3AM,3AM,hysteresis_random,A,0.7397,0.8251,0.5083,0.7074,0.4941,0.4427,0.5577,1.0,148,extended,0-4-7-11-14,minor,0-2-3-5-7-8-10,straight_up,0-2-4-7-9-11-12-14,4053,448,room,7/8,7,16,deep_recursive
INFP_F_B,RELEASE,A,aa_rh+,B,0.6003,0.6,0.5,0.55,0.595,0.5,0.62,0.8,132,seventh,0-4-7-11,minor,0-2-3-5-7-8-10,up_down,0-2-4-7-4-2-0-2,4841,505,room,7/8,7,8,fractal_recursive
INFP_F_B,STRESS_GROWTH,B,ao_rh+,AB,0.64,0.6,0.5,0.55,0.6284,0.5,0.52,0.9,136,seventh,0-4-7-11,minor,0-2-3-5-7-8-10,up_down,0-2-4-7-4-2-0-2,5101,505,room,7/8,7,16,deep_recursive
INFP_F_B,EXTREME_GROWTH,C,aa_rh-,B,0.6841,0.6,0.65,0.55,0.595,0.5,0.62,0.9,142,seventh,0-4-7-11,phrygian,0-1-3-5-7-8-10,up_down,0-2-4-7-4-2-0-2,4841,505,room,7/8,7,16,deep_recursive
INFP_F_B,PRESENT_MOMENT,D,ao_rh-,AB,0.64,0.6,0.5,0.55,0.5951,0.5,0.52,0.9,136,seventh,0-4-7-11,minor,0-2-3-5-7-8-10,up_down,0-2-4-7-4-2-0-2,4841,505,room,7/8,7,16,deep_recursive
INFP_F_B,OBSERVER_3AM,3AM,hysteresis_random,B,0.6942,0.6606,0.6427,0.5385,0.5694,0.6292,0.756,1.0,143,seventh,0-4-7-11,phrygian,0-1-3-5-7-8-10,up_down,0-2-4-7-4-2-0-2,4641,632,hall,5/4,5,16,deep_recursive
INFP_F_AB,RELEASE,A,aa_rh+,AB,0.6013,0.6,0.5,0.55,0.595,0.5,0.52,0.9,132,seventh,0-4-7-11,minor,0-2-3-5-7-8-10,up_down,0-2-4-7-4-2-0-2,4841,505,room,7/8,7,16,deep_recursive
INFP_F_AB,STRESS_GROWTH,B,ao_rh+,O,0.74,0.6,0.5,0.55,0.5484,0.5,0.52,0.8,148,seventh,0-4-7-11,minor,0-2-3-5-7-8-10,up_down,0-2-4-7-4-2-0-2,4477,505,room,7/8,7,8,fractal_recursive
INFP_F_AB,EXTREME_GROWTH,C,aa_rh-,AB,0.5217,0.6,0.65,0.55,0.595,0.5,0.52,1.0,122,seventh,0-4-7-11,phrygian,0-1-3-5-7-8-10,up_down,0-2-4-7-4-2-0-2,4841,505,room,7/8,7,16,deep_recursive
INFP_F_AB,PRESENT_MOMENT,D,ao_rh-,O,0.74,0.6,0.5,0.55,0.4571,0.5,0.52,0.8,148,seventh,0-4-7-11,minor,0-2-3-5-7-8-10,up_down,0-2-4-7-4-2-0-2,3765,505,room,7/8,7,8,fractal_recursive
INFP_F_AB,OBSERVER_3AM,3AM,hysteresis_random,AB,0.6023,0.6898,0.568,0.6036,0.4156,0.5327,0.4553,1.0,132,seventh,0-4-7-11,minor,0-2-3-5-7-8-10,up_down,0-2-4-7-4-2-0-2,3441,537,room,3/4,3,16,deep_recursive
ENFJ_M_O,RELEASE,A,aa_rh+,O,0.5198,0.6,0.5,0.85,0.595,0.5,0.52,0.65,122,seventh,0-4-7-11,minor,0-2-3-5-7-8-10,straight_up,0-2-4-7-9-11-12-14,4841,505,room,7/8,7,4,nested_loop
ENFJ_M_O,STRESS_GROWTH,B,ao_rh+,A,0.54,0.7,0.5,0.85,0.6951,0.5,0.52,0.65,124,extended,0-4-7-11-14,minor,0-2-3-5-7-8-10,straight_up,0-2-4-7-9-11-12-14,5621,505,room,7/8,7,4,nested_loop
ENFJ_M_O,EXTREME_GROWTH,C,aa_rh-,O,0.5584,0.6,0.65,0.85,0.595,0.5,0.52,0.75,127,seventh,0-4-7-11,phrygian,0-1-3-5-7-8-10,straight_up,0-2-4-7-9-11-12-14,4841,505,room,7/8,7,8,fractal_recursive
ENFJ_M_O,PRESENT_MOMENT,D,ao_rh-,A,0.54,0.7,0.5,0.85,0.8129,0.5,0.52,0.65,124,extended,0-4-7-11-14,minor,0-2-3-5-7-8-10,straight_up,0-2-4-7-9-11-12-14,6540,505,room,7/8,7,4,nested_loop
ENFJ_M_O,OBSERVER_3AM,3AM,hysteresis_random,O,0.7099,0.4248,0.5517,0.6337,0.465,0.3566,0.6268,0.881,145,triad,0-4-7,minor,0-2-3-5-7-8-10,up_down,0-2-4-7-4-2-0-2,3826,363,room,7/8,7,8,fractal_recursive
ENFJ_M_A,RELEASE,A,aa_rh+,A,0.5614,0.7,0.5,0.85,0.595,0.5,0.52,0.65,127,extended,0-4-7-11-14,minor,0-2-3-5-7-8-10,straight_up,0-2-4-7-9-11-12-14,4841,505,room,7/8,7,4,nested_loop
ENFJ_M_A,STRESS_GROWTH,B,ao_rh+,B,0.54,0.6,0.5,0.85,0.7188,0.5,0.62,0.65,124,seventh,0-4-7-11,minor,0-2-3-5-7-8-10,straight_up,0-2-4-7-9-11-12-14,5806,505,room,7/8,7,4,nested_loop
ENFJ_M_A,EXTREME_GROWTH,C,aa_rh-,A,0.3961,0.7,0.65,0.85,0.595,0.5,0.52,0.75,107,extended,0-4-7-11-14,phrygian,0-1-3-5-7-8-10,straight_up,0-2-4-7-9-11-12-14,4841,505,room,7/8,7,8,fractal_recursive
ENFJ_M_A,PRESENT_MOMENT,D,ao_rh-,B,0.54,0.6,0.5,0.85,0.7296,0.5,0.62,0.65,124,seventh,0-4-7-11,minor,0-2-3-5-7-8-10,straight_up,0-2-4-7-9-11-12-14,5890,505,room,7/8,7,4,nested_loop
ENFJ_M_A,OBSERVER_3AM,3AM,hysteresis_random,A,0.4759,0.5424,0.4465,0.9108,0.3024,0.62,0.604,0.8271,117,seventh,0-4-7-11,minor,0-2-3-5-7-8-10,straight_up,0-2-4-7-9-11-12-14,2558,623,hall,7/8,7,8,fractal_recursive
ENFJ_M_B,RELEASE,A,aa_rh+,B,0.6167,0.6,0.5,0.85,0.595,0.5,0.62,0.65,134,seventh,0-4-7-11,minor,0-2-3-5-7-8-10,straight_up,0-2-4-7-9-11-12-14,4841,505,room,7/8,7,4,nested_loop
ENFJ_M_B,STRESS_GROWTH,B,ao_rh+,AB,0.54,0.6,0.5,0.85,0.6376,0.5,0.52,0.75,124,seventh,0-4-7-11,minor,0-2-3-5-7-8-10,straight_up,0-2-4-7-9-11-12-14,5173,505,room,7/8,7,8,fractal_recursive
ENFJ_M_B,EXTREME_GROWTH,C,aa_rh-,B,0.4272,0.6,0.65,0.85,0.595,0.5,0.62,0.75,111,seventh,0-4-7-11,phrygian,0-1-3-5-7-8-10,straight_up,0-2-4-7-9-11-12-14,4841,505,room,7/8,7,8,fractal_recursive
ENFJ_M_B,PRESENT_MOMENT,D,ao_rh-,AB,0.54,0.6,0.5,0.85,0.6904,0.5,0.52,0.75,124,seventh,0-4-7-11,minor,0-2-3-5-7-8-10,straight_up,0-2-4-7-9-11-12-14,5585,505,room,7/8,7,8,fractal_recursive
ENFJ_M_B,OBSERVER_3AM,3AM,hysteresis_random,B,0.4546,0.6456,0.4731,0.9857,0.2811,0.5609,0.5402,0.8967,114,seventh,0-4-7-11,minor,0-2-3-5-7-8-10,straight_up,0-2-4-7-9-11-12-14,2392,565,room,7/8,7,8,fractal_recursive
ENFJ_M_AB,RELEASE,A,aa_rh+,AB,0.4737,0.6,0.5,0.85,0.595,0.5,0.52,0.75,116,seventh,0-4-7-11,minor,0-2-3-5-7-8-10,straight_up,0-2-4-7-9-11-12-14,4841,505,room,7/8,7,8,fractal_recursive
ENFJ_M_AB,STRESS_GROWTH,B,ao_rh+,O,0.64,0.6,0.5,0.85,0.5159,0.5,0.52,0.65,136,seventh,0-4-7-11,minor,0-2-3-5-7-8-10,straight_up,0-2-4-7-9-11-12-14,4224,505,room,7/8,7,4,nested_loop
ENFJ_M_AB,EXTREME_GROWTH,C,aa_rh-,AB,0.611,0.6,0.65,0.85,0.595,0.5,0.52,0.85,133,seventh,0-4-7-11,phrygian,0-1-3-5-7-8-10,straight_up,0-2-4-7-9-11-12-14,4841,505,room,7/8,7,8,fractal_recursive
ENFJ_M_AB,PRESENT_MOMENT,D,ao_rh-,O,0.64,0.6,0.5,0.85,0.5058,0.5,0.52,0.65,136,seventh,0-4-7-11,minor,0-2-3-5-7-8-10,straight_up,0-2-4-7-9-11-12-14,4145,505,room,7/8,7,4,nested_loop
ENFJ_M_AB,OBSERVER_3AM,3AM,hysteresis_random,AB,0.3933,0.7703,0.3644,0.8034,0.3849,0.5313,0.6494,0.8727,107,extended,0-4-7-11-14,mixolydian,0-2-4-5-7-9-10,straight_up,0-2-4-7-9-11-12-14,3201,536,room,7/8,7,8,fractal_recursive
ENFJ_F_O,RELEASE,A,aa_rh+,O,0.7003,0.6,0.5,0.85,0.595,0.5,0.52,0.65,144,seventh,0-4-7-11,minor,0-2-3-5-7-8-10,straight_up,0-2-4-7-9-11-12-14,4841,505,room,7/8,7,4,nested_loop
ENFJ_F_O,STRESS_GROWTH,B,ao_rh+,A,0.49,0.7,0.5,0.85,0.6168,0.5,0.52,0.65,118,extended,0-4-7-11-14,minor,0-2-3-5-7-8-10,straight_up,0-2-4-7-9-11-12-14,5010,505,room,7/8,7,4,nested_loop
ENFJ_F_O,EXTREME_GROWTH,C,aa_rh-,O,0.4882,0.6,0.65,0.85,0.595,0.5,0.52,0.75,118,seventh,0-4-7-11,phrygian,0-1-3-5-7-8-10,straight_up,0-2-4-7-9-11-12-14,4841,505,room,7/8,7,8,fractal_recursive
ENFJ_F_O,PRESENT_MOMENT,D,ao_rh-,A,0.49,0.7,0.5,0.85,0.6223,0.5,0.52,0.65,118,extended,0-4-7-11-14,minor,0-2-3-5-7-8-10,straight_up,0-2-4-7-9-11-12-14,5053,505,room,7/8,7,4,nested_loop
ENFJ_F_O,OBSERVER_3AM,3AM,hysteresis_random,O,0.6943,0.7209,0.411,0.7737,0.5661,0.4618,0.3915,0.8139,143,extended,0-4-7-11-14,minor,0-2-3-5-7-8-10,straight_up,0-2-4-7-9-11-12-14,4615,467,room,3/4,3,8,fractal_recursive
ENFJ_F_A,RELEASE,A,aa_rh+,A,0.5344,0.7,0.5,0.85,0.595,0.5,0.52,0.65,124,extended,0-4-7-11-14,minor,0-2-3-5-7-8-10,straight_up,0-2-4-7-9-11-12-14,4841,505,room,7/8,7,4,nested_loop
ENFJ_F_A,STRESS_GROWTH,B,ao_rh+,B,0.49,0.6,0.5,0.85,0.5923,0.5,0.62,0.65,118,seventh,0-4-7-11,minor,0-2-3-5-7-8-10,straight_up,0-2-4-7-9-11-12-14,4820,505,room,7/8,7,4,nested_loop
ENFJ_F_A,EXTREME_GROWTH,C,aa_rh-,A,0.5068,0.7,0.65,0.85,0.595,0.5,0.52,0.75,120,extended,0-4-7-11-14,phrygian,0-1-3-5-7-8-10,straight_up,0-2-4-7-9-11-12-14,4841,505,room,7/8,7,8,fractal_recursive
ENFJ_F_A,PRESENT_MOMENT,D,ao_rh-,B,0.49,0.6,0.5,0.85,0.5749,0.5,0.62,0.65,118,seventh,0-4-7-11,minor,0-2-3-5-7-8-10,straight_up,0-2-4-7-9-11-12-14,4684,505,room,7/8,7,4,nested_loop
ENFJ_F_A,OBSERVER_3AM,3AM,hysteresis_random,A,0.5678,0.6992,0.5743,0.6885,0.5602,0.6256,0.4662,0.7583,128,seventh,0-4-7-11,minor,0-2-3-5-7-8-10,up_down,0-2-4-7-4-2-0-2,4569,629,hall,3/4,3,8,fractal_recursive
ENFJ_F_B,RELEASE,A,aa_rh+,B,0.5248,0.6,0.5,0.85,0.595,0.5,0.62,0.65,122,seventh,0-4-7-11,minor,0-2-3-5-7-8-10,straight_up,0-2-4-7-9-11-12-14,4841,505,room,7/8,7,4,nested_loop
ENFJ_F_B,STRESS_GROWTH,B,ao_rh+,AB,0.49,0.6,0.5,0.85,0.6851,0.5,0.52,0.75,118,seventh,0-4-7-11,minor,0-2-3-5-7-8-10,straight_up,0-2-4-7-9-11-12-14,5544,505,room,7/8,7,8,fractal_recursive
ENFJ_F_B,EXTREME_GROWTH,C,aa_rh-,B,0.5927,0.6,0.65,0.85,0.595,0.5,0.62,0.75,131,seventh,0-4-7-11,phrygian,0-1-3-5-7-8-10,straight_up,0-2-4-7-9-11-12-14,4841,505,room,7/8,7,8,fractal_recursive
ENFJ_F_B,PRESENT_MOMENT,D,ao_rh-,AB,0.49,0.6,0.5,0.85,0.7391,0.5,0.52,0.75,118,seventh,0-4-7-11,minor,0-2-3-5-7-8-10,straight_up,0-2-4-7-9-11-12-14,5965,505,room,7/8,7,8,fractal_recursive
ENFJ_F_B,OBSERVER_3AM,3AM,hysteresis_random,B,0.5929,0.4273,0.4284,0.8381,0.363,0.6385,0.7166,0.7344,131,triad,0-4-7,minor,0-2-3-5-7-8-10,straight_up,0-2-4-7-9-11-12-14,3031,642,hall,7/8,7,8,fractal_recursive
ENFJ_F_AB,RELEASE,A,aa_rh+,AB,0.3954,0.6,0.5,0.85,0.595,0.5,0.52,0.75,107,seventh,0-4-7-11,minor,0-2-3-5-7-8-10,straight_up,0-2-4-7-9-11-12-14,4841,505,room,7/8,7,8,fractal_recursive
ENFJ_F_AB,STRESS_GROWTH,B,ao_rh+,O,0.59,0.6,0.5,0.85,0.5238,0.5,0.52,0.65,130,seventh,0-4-7-11,minor,0-2-3-5-7-8-10,straight_up,0-2-4-7-9-11-12-14,4285,505,room,7/8,7,4,nested_loop
ENFJ_F_AB,EXTREME_GROWTH,C,aa_rh-,AB,0.5353,0.6,0.65,0.85,0.595,0.5,0.52,0.85,124,seventh,0-4-7-11,phrygian,0-1-3-5-7-8-10,straight_up,0-2-4-7-9-11-12-14,4841,505,room,7/8,7,8,fractal_recursive
ENFJ_F_AB,PRESENT_MOMENT,D,ao_rh-,O,0.59,0.6,0.5,0.85,0.4889,0.5,0.52,0.65,130,seventh,0-4-7-11,minor,0-2-3-5-7-8-10,straight_up,0-2-4-7-9-11-12-14,4013,505,room,7/8,7,4,nested_loop
ENFJ_F_AB,OBSERVER_3AM,3AM,hysteresis_random,AB,0.3763,0.7499,0.5923,1.0,0.5185,0.3525,0.5663,1.0,105,extended,0-4-7-11-14,minor,0-2-3-5-7-8-10,straight_up,0-2-4-7-9-11-12-14,4244,358,room,7/8,7,16,deep_recursive
ENFP_M_O,RELEASE,A,aa_rh+,O,0.7564,0.6,0.5,0.7,0.595,0.5,0.52,0.65,150,seventh,0-4-7-11,minor,0-2-3-5-7-8-10,straight_up,0-2-4-7-9-11-12-14,4841,505,room,7/8,7,4,nested_loop
ENFP_M_O,STRESS_GROWTH,B,ao_rh+,A,0.69,0.7,0.5,0.7,0.6928,0.5,0.52,0.65,142,extended,0-4-7-11-14,minor,0-2-3-5-7-8-10,straight_up,0-2-4-7-9-11-12-14,5603,505,room,7/8,7,4,nested_loop
ENFP_M_O,EXTREME_GROWTH,C,aa_rh-,O,0.7896,0.6,0.65,0.7,0.595,0.5,0.52,0.75,154,seventh,0-4-7-11,phrygian,0-1-3-5-7-8-10,straight_up,0-2-4-7-9-11-12-14,4841,505,room,7/8,7,8,fractal_recursive
ENFP_M_O,PRESENT_MOMENT,D,ao_rh-,A,0.69,0.7,0.5,0.7,0.6836,0.5,0.52,0.65,142,extended,0-4-7-11-14,minor,0-2-3-5-7-8-10,straight_up,0-2-4-7-9-11-12-14,5532,505,room,7/8,7,4,nested_loop
ENFP_M_O,OBSERVER_3AM,3AM,hysteresis_random,O,1.0,0.4329,0.5399,0.9,0.6042,0.5293,0.5557,0.7613,180,triad,0-4-7,minor,0-2-3-5-7-8-10,straight_up,0-2-4-7-9-11-12-14,4913,534,room,7/8,7,8,fractal_recursive
ENFP_M_A,RELEASE,A,aa_rh+,A,0.7804,0.7,0.5,0.7,0.595,0.5,0.52,0.65,153,extended,0-4-7-11-14,minor,0-2-3-5-7-8-10,straight_up,0-2-4-7-9-11-12-14,4841,505,room,7/8,7,4,nested_loop
ENFP_M_A,STRESS_GROWTH,B,ao_rh+,B,0.69,0.6,0.5,0.7,0.5837,0.5,0.62,0.65,142,seventh,0-4-7-11,minor,0-2-3-5-7-8-10,straight_up,0-2-4-7-9-11-12-14,4752,505,room,7/8,7,4,nested_loop
ENFP_M_A,EXTREME_GROWTH,C,aa_rh-,A,0.5577,0.7,0.65,0.7,0.595,0.5,0.52,0.75,126,extended,0-4-7-11-14,phrygian,0-1-3-5-7-8-10,straight_up,0-2-4-7-9-11-12-14,4841,505,room,7/8,7,8,fractal_recursive
ENFP_M_A,PRESENT_MOMENT,D,ao_rh-,B,0.69,0.6,0.5,0.7,0.5448,0.5,0.62,0.65,142,seventh,0-4-7-11,minor,0-2-3-5-7-8-10,straight_up,0-2-4-7-9-11-12-14,4449,505,room,7/8,7,4,nested_loop
ENFP_M_A,OBSERVER_3AM,3AM,hysteresis_random,A,0.7738,0.6854,0.4234,0.5132,0.6202,0.4047,0.5397,0.6867,152,seventh,0-4-7-11,minor,0-2-3-5-7-8-10,up_down,0-2-4-7-4-2-0-2,5037,410,room,7/8,7,4,nested_loop
ENFP_M_B,RELEASE,A,aa_rh+,B,0.6533,0.6,0.5,0.7,0.595,0.5,0.62,0.65,138,seventh,0-4-7-11,minor,0-2-3-5-7-8-10,straight_up,0-2-4-7-9-11-12-14,4841,505,room,7/8,7,4,nested_loop
ENFP_M_B,STRESS_GROWTH,B,ao_rh+,AB,0.69,0.6,0.5,0.7,0.5356,0.5,0.52,0.75,142,seventh,0-4-7-11,minor,0-2-3-5-7-8-10,straight_up,0-2-4-7-9-11-12-14,4378,505,room,7/8,7,8,fractal_recursive
ENFP_M_B,EXTREME_GROWTH,C,aa_rh-,B,0.5683,0.6,0.65,0.7,0.595,0.5,0.62,0.75,128,seventh,0-4-7-11,phrygian,0-1-3-5-7-8-10,straight_up,0-2-4-7-9-11-12-14,4841,505,room,7/8,7,8,fractal_recursive
ENFP_M_B,PRESENT_MOMENT,D,ao_rh-,AB,0.69,0.6,0.5,0.7,0.598,0.5,0.52,0.75,142,seventh,0-4-7-11,minor,0-2-3-5-7-8-10,straight_up,0-2-4-7-9-11-12-14,4864,505,room,7/8,7,8,fractal_recursive
ENFP_M_B,OBSERVER_3AM,3AM,hysteresis_random,B,0.6274,0.5174,0.4903,0.5361,0.4442,0.4843,0.5127,0.7935,135,seventh,0-4-7-11,minor,0-2-3-5-7-8-10,up_down,0-2-4-7-4-2-0-2,3664,489,room,7/8,7,8,fractal_recursive
ENFP_M_AB,RELEASE,A,aa_rh+,AB,0.6316,0.6,0.5,0.7,0.595,0.5,0.52,0.75,135,seventh,0-4-7-11,minor,0-2-3-5-7-8-10,straight_up,0-2-4-7-9-11-12-14,4841,505,room,7/8,7,8,fractal_recursive
ENFP_M_AB,STRESS_GROWTH,B,ao_rh+,O,0.79,0.6,0.5,0.7,0.5591,0.5,0.52,0.65,154,seventh,0-4-7-11,minor,0-2-3-5-7-8-10,straight_up,0-2-4-7-9-11-12-14,4561,505,room,7/8,7,4,nested_loop
ENFP_M_AB,EXTREME_GROWTH,C,aa_rh-,AB,0.8129,0.6,0.65,0.7,0.595,0.5,0.52,0.85,157,seventh,0-4-7-11,phrygian,0-1-3-5-7-8-10,straight_up,0-2-4-7-9-11-12-14,4841,505,room,7/8,7,8,fractal_recursive
ENFP_M_AB,PRESENT_MOMENT,D,ao_rh-,O,0.79,0.6,0.5,0.7,0.5642,0.5,0.52,0.65,154,seventh,0-4-7-11,minor,0-2-3-5-7-8-10,straight_up,0-2-4-7-9-11-12-14,4600,505,room,7/8,7,4,nested_loop
ENFP_M_AB,OBSERVER_3AM,3AM,hysteresis_random,AB,0.6247,0.5799,0.4686,0.7347,0.2842,0.5377,0.4722,0.8909,134,seventh,0-4-7-11,minor,0-2-3-5-7-8-10,straight_up,0-2-4-7-9-11-12-14,2416,542,room,3/4,3,8,fractal_recursive
ENFP_F_O,RELEASE,A,aa_rh+,O,0.88,0.6,0.5,0.7,0.595,0.5,0.52,0.65,165,seventh,0-4-7-11,minor,0-2-3-5-7-8-10,straight_up,0-2-4-7-9-11-12-14,4841,505,room,7/8,7,4,nested_loop
ENFP_F_O,STRESS_GROWTH,B,ao_rh+,A,0.64,0.7,0.5,0.7,0.495,0.5,0.52,0.65,136,extended,0-4-7-11-14,minor,0-2-3-5-7-8-10,straight_up,0-2-4-7-9-11-12-14,4060,505,room,7/8,7,4,nested_loop
ENFP_F_O,EXTREME_GROWTH,C,aa_rh-,O,0.5634,0.6,0.65,0.7,0.595,0.5,0.52,0.75,127,seventh,0-4-7-11,phrygian,0-1-3-5-7-8-10,straight_up,0-2-4-7-9-11-12-14,4841,505,room,7/8,7,8,fractal_recursive
ENFP_F_O,PRESENT_MOMENT,D,ao_rh-,A,0.64,0.7,0.5,0.7,0.5741,0.5,0.52,0.65,136,extended,0-4-7-11-14,minor,0-2-3-5-7-8-10,straight_up,0-2-4-7-9-11-12-14,4677,505,room,7/8,7,4,nested_loop
ENFP_F_O,OBSERVER_3AM,3AM,hysteresis_random,O,0.7317,0.5469,0.5087,0.5163,0.621,0.4909,0.5175,0.9617,147,seventh,0-4-7-11,minor,0-2-3-5-7-8-10,up_down,0-2-4-7-4-2-0-2,5043,495,room,7/8,7,16,deep_recursive
ENFP_F_A,RELEASE,A,aa_rh+,A,0.55,0.7,0.5,0.7,0.595,0.5,0.52,0.65,126,extended,0-4-7-11-14,minor,0-2-3-5-7-8-10,straight_up,0-2-4-7-9-11-12-14,4841,505,room,7/8,7,4,nested_loop
ENFP_F_A,STRESS_GROWTH,B,ao_rh+,B,0.64,0.6,0.5,0.7,0.5353,0.5,0.62,0.65,136,seventh,0-4-7-11,minor,0-2-3-5-7-8-10,straight_up,0-2-4-7-9-11-12-14,4375,505,room,7/8,7,4,nested_loop
ENFP_F_A,EXTREME_GROWTH,C,aa_rh-,A,0.6119,0.7,0.65,0.7,0.595,0.5,0.52,0.75,133,extended,0-4-7-11-14,phrygian,0-1-3-5-7-8-10,straight_up,0-2-4-7-9-11-12-14,4841,505,room,7/8,7,8,fractal_recursive
ENFP_F_A,PRESENT_MOMENT,D,ao_rh-,B,0.64,0.6,0.5,0.7,0.6058,0.5,0.62,0.65,136,seventh,0-4-7-11,minor,0-2-3-5-7-8-10,straight_up,0-2-4-7-9-11-12-14,4925,505,room,7/8,7,4,nested_loop
ENFP_F_A,OBSERVER_3AM,3AM,hysteresis_random,A,0.8148,0.5537,0.5466,0.7059,0.4734,0.3885,0.44,0.8793,157,seventh,0-4-7-11,minor,0-2-3-5-7-8-10,straight_up,0-2-4-7-9-11-12-14,3892,394,room,3/4,3,8,fractal_recursive
ENFP_F_B,RELEASE,A,aa_rh+,B,0.7447,0.6,0.5,0.7,0.595,0.5,0.62,0.65,149,seventh,0-4-7-11,minor,0-2-3-5-7-8-10,straight_up,0-2-4-7-9-11-12-14,4841,505,room,7/8,7,4,nested_loop
ENFP_F_B,STRESS_GROWTH,B,ao_rh+,AB,0.64,0.6,0.5,0.7,0.5754,0.5,0.52,0.75,136,seventh,0-4-7-11,minor,0-2-3-5-7-8-10,straight_up,0-2-4-7-9-11-12-14,4687,505,room,7/8,7,8,fractal_recursive
ENFP_F_B,EXTREME_GROWTH,C,aa_rh-,B,0.5473,0.6,0.65,0.7,0.595,0.5,0.62,0.75,125,seventh,0-4-7-11,phrygian,0-1-3-5-7-8-10,straight_up,0-2-4-7-9-11-12-14,4841,505,room,7/8,7,8,fractal_recursive
ENFP_F_B,PRESENT_MOMENT,D,ao_rh-,AB,0.64,0.6,0.5,0.7,0.5274,0.5,0.52,0.75,136,seventh,0-4-7-11,minor,0-2-3-5-7-8-10,straight_up,0-2-4-7-9-11-12-14,4313,505,room,7/8,7,8,fractal_recursive
ENFP_F_B,OBSERVER_3AM,3AM,hysteresis_random,B,0.5506,0.4577,0.6269,0.8822,0.4813,0.471,0.5868,0.9524,126,triad,0-4-7,phrygian,0-1-3-5-7-8-10,straight_up,0-2-4-7-9-11-12-14,3954,476,room,7/8,7,16,deep_recursive
ENFP_F_AB,RELEASE,A,aa_rh+,AB,0.7334,0.6,0.5,0.7,0.595,0.5,0.52,0.75,148,seventh,0-4-7-11,minor,0-2-3-5-7-8-10,straight_up,0-2-4-7-9-11-12-14,4841,505,room,7/8,7,8,fractal_recursive
ENFP_F_AB,STRESS_GROWTH,B,ao_rh+,O,0.74,0.6,0.5,0.7,0.6042,0.5,0.52,0.65,148,seventh,0-4-7-11,minor,0-2-3-5-7-8-10,straight_up,0-2-4-7-9-11-12-14,4913,505,room,7/8,7,4,nested_loop
ENFP_F_AB,EXTREME_GROWTH,C,aa_rh-,AB,0.554,0.6,0.65,0.7,0.595,0.5,0.52,0.85,126,seventh,0-4-7-11,phrygian,0-1-3-5-7-8-10,straight_up,0-2-4-7-9-11-12-14,4841,505,room,7/8,7,8,fractal_recursive
ENFP_F_AB,PRESENT_MOMENT,D,ao_rh-,O,0.74,0.6,0.5,0.7,0.5265,0.5,0.52,0.65,148,seventh,0-4-7-11,minor,0-2-3-5-7-8-10,straight_up,0-2-4-7-9-11-12-14,4306,505,room,7/8,7,4,nested_loop
ENFP_F_AB,OBSERVER_3AM,3AM,hysteresis_random,AB,0.6351,0.4508,0.5128,0.5291,0.2788,0.5613,0.6193,0.7451,136,triad,0-4-7,minor,0-2-3-5-7-8-10,up_down,0-2-4-7-4-2-0-2,2374,565,room,7/8,7,8,fractal_recursive
ISTJ_M_O,RELEASE,A,aa_rh+,O,0.5877,0.5,0.5,0.7,0.745,0.5,0.52,0.65,130,seventh,0-4-7-11,minor,0-2-3-5-7-8-10,straight_up,0-2-4-7-9-11-12-14,6011,505,room,7/8,7,4,nested_loop
ISTJ_M_O,STRESS_GROWTH,B,ao_rh+,A,0.54,0.6,0.5,0.7,0.6383,0.5,0.52,0.65,124,seventh,0-4-7-11,minor,0-2-3-5-7-8-10,straight_up,0-2-4-7-9-11-12-14,5178,505,room,7/8,7,4,nested_loop
ISTJ_M_O,EXTREME_GROWTH,C,aa_rh-,O,0.5874,0.5,0.65,0.7,0.745,0.5,0.52,0.75,130,seventh,0-4-7-11,phrygian,0-1-3-5-7-8-10,straight_up,0-2-4-7-9-11-12-14,6011,505,room,7/8,7,8,fractal_recursive
ISTJ_M_O,PRESENT_MOMENT,D,ao_rh-,A,0.54,0.6,0.5,0.7,0.7005,0.5,0.52,0.65,124,seventh,0-4-7-11,minor,0-2-3-5-7-8-10,straight_up,0-2-4-7-9-11-12-14,5663,505,room,7/8,7,4,nested_loop
ISTJ_M_O,OBSERVER_3AM,3AM,hysteresis_random,O,0.7535,0.4817,0.3716,0.5792,0.4025,0.4704,0.4482,1.0,150,triad,0-4-7,mixolydian,0-2-4-5-7-9-10,up_down,0-2-4-7-4-2-0-2,3339,475,room,3/4,3,16,deep_recursive
ISTJ_M_A,RELEASE,A,aa_rh+,A,0.4898,0.6,0.5,0.7,0.745,0.5,0.52,0.65,118,seventh,0-4-7-11,minor,0-2-3-5-7-8-10,straight_up,0-2-4-7-9-11-12-14,6011,505,room,7/8,7,4,nested_loop
ISTJ_M_A,STRESS_GROWTH,B,ao_rh+,B,0.54,0.5,0.5,0.7,0.8486,0.5,0.62,0.65,124,seventh,0-4-7-11,minor,0-2-3-5-7-8-10,straight_up,0-2-4-7-9-11-12-14,6819,505,room,7/8,7,4,nested_loop
ISTJ_M_A,EXTREME_GROWTH,C,aa_rh-,A,0.6147,0.6,0.65,0.7,0.745,0.5,0.52,0.75,133,seventh,0-4-7-11,phrygian,0-1-3-5-7-8-10,straight_up,0-2-4-7-9-11-12-14,6011,505,room,7/8,7,8,fractal_recursive
ISTJ_M_A,PRESENT_MOMENT,D,ao_rh-,B,0.54,0.5,0.5,0.7,0.7593,0.5,0.62,0.65,124,seventh,0-4-7-11,minor,0-2-3-5-7-8-10,straight_up,0-2-4-7-9-11-12-14,6122,505,room,7/8,7,4,nested_loop
ISTJ_M_A,OBSERVER_3AM,3AM,hysteresis_random,A,0.6282,0.6324,0.4324,0.5335,0.5168,0.5979,0.528,0.8466,135,seventh,0-4-7-11,minor,0-2-3-5-7-8-10,up_down,0-2-4-7-4-2-0-2,4231,601,room,7/8,7,8,fractal_recursive
ISTJ_M_B,RELEASE,A,aa_rh+,B,0.4859,0.5,0.5,0.7,0.745,0.5,0.62,0.65,118,seventh,0-4-7-11,minor,0-2-3-5-7-8-10,straight_up,0-2-4-7-9-11-12-14,6011,505,room,7/8,7,4,nested_loop
ISTJ_M_B,STRESS_GROWTH,B,ao_rh+,AB,0.54,0.5,0.5,0.7,0.6065,0.5,0.52,0.75,124,seventh,0-4-7-11,minor,0-2-3-5-7-8-10,straight_up,0-2-4-7-9-11-12-14,4930,505,room,7/8,7,8,fractal_recursive
ISTJ_M_B,EXTREME_GROWTH,C,aa_rh-,B,0.5574,0.5,0.65,0.7,0.745,0.5,0.62,0.75,126,seventh,0-4-7-11,phrygian,0-1-3-5-7-8-10,straight_up,0-2-4-7-9-11-12-14,6011,505,room,7/8,7,8,fractal_recursive
ISTJ_M_B,PRESENT_MOMENT,D,ao_rh-,AB,0.54,0.5,0.5,0.7,0.7148,0.5,0.52,0.75,124,seventh,0-4-7-11,minor,0-2-3-5-7-8-10,straight_up,0-2-4-7-9-11-12-14,5775,505,room,7/8,7,8,fractal_recursive
ISTJ_M_B,OBSERVER_3AM,3AM,hysteresis_random,B,0.4124,0.511,0.4977,0.7022,0.7567,0.5091,0.4938,0.6657,109,seventh,0-4-7-11,minor,0-2-3-5-7-8-10,straight_up,0-2-4-7-9-11-12-14,6102,514,room,3/4,3,4,nested_loop
ISTJ_M_AB,RELEASE,A,aa_rh+,AB,0.4781,0.5,0.5,0.7,0.745,0.5,0.52,0.75,117,seventh,0-4-7-11,minor,0-2-3-5-7-8-10,straight_up,0-2-4-7-9-11-12-14,6011,505,room,7/8,7,8,fractal_recursive
ISTJ_M_AB,STRESS_GROWTH,B,ao_rh+,O,0.64,0.5,0.5,0.7,0.6844,0.5,0.52,0.65,136,seventh,0-4-7-11,minor,0-2-3-5-7-8-10,straight_up,0-2-4-7-9-11-12-14,5538,505,room,7/8,7,4,nested_loop
ISTJ_M_AB,EXTREME_GROWTH,C,aa_rh-,AB,0.4057,0.5,0.65,0.7,0.745,0.5,0.52,0.85,108,seventh,0-4-7-11,phrygian,0-1-3-5-7-8-10,straight_up,0-2-4-7-9-11-12-14,6011,505,room,7/8,7,8,fractal_recursive
ISTJ_M_AB,PRESENT_MOMENT,D,ao_rh-,O,0.64,0.5,0.5,0.7,0.5706,0.5,0.52,0.65,136,seventh,0-4-7-11,minor,0-2-3-5-7-8-10,straight_up,0-2-4-7-9-11-12-14,4650,505,room,7/8,7,4,nested_loop
ISTJ_M_AB,OBSERVER_3AM,3AM,hysteresis_random,AB,0.413,0.5444,0.4275,0.78,0.537,0.3645,0.4038,1.0,109,seventh,0-4-7-11,minor,0-2-3-5-7-8-10,straight_up,0-2-4-7-9-11-12-14,4388,370,room,3/4,3,16,deep_recursive
ISTJ_F_O,RELEASE,A,aa_rh+,O,0.508,0.5,0.6,0.7,0.745,0.55,0.52,0.5,120,seventh,0-4-7-11,phrygian,0-1-3-5-7-8-10,straight_up,0-2-4-7-9-11-12-14,6011,554,room,7/8,7,4,nested_loop
ISTJ_F_O,STRESS_GROWTH,B,ao_rh+,A,0.49,0.6,0.6,0.7,0.8042,0.55,0.52,0.5,118,seventh,0-4-7-11,phrygian,0-1-3-5-7-8-10,straight_up,0-2-4-7-9-11-12-14,6472,554,room,7/8,7,4,nested_loop
ISTJ_F_O,EXTREME_GROWTH,C,aa_rh-,O,0.7362,0.5,0.75,0.7,0.745,0.55,0.52,0.6,148,seventh,0-4-7-11,phrygian,0-1-3-5-7-8-10,straight_up,0-2-4-7-9-11-12-14,6011,554,room,7/8,7,4,nested_loop
ISTJ_F_O,PRESENT_MOMENT,D,ao_rh-,A,0.49,0.6,0.6,0.7,0.809,0.55,0.52,0.5,118,seventh,0-4-7-11,phrygian,0-1-3-5-7-8-10,straight_up,0-2-4-7-9-11-12-14,6510,554,room,7/8,7,4,nested_loop
ISTJ_F_O,OBSERVER_3AM,3AM,hysteresis_random,O,0.5744,0.5247,0.5316,0.8516,0.5169,0.6977,0.4297,0.5533,128,seventh,0-4-7-11,minor,0-2-3-5-7-8-10,straight_up,0-2-4-7-9-11-12-14,4231,700,hall,3/4,3,4,nested_loop
ISTJ_F_A,RELEASE,A,aa_rh+,A,0.5796,0.6,0.6,0.7,0.745,0.55,0.52,0.5,129,seventh,0-4-7-11,phrygian,0-1-3-5-7-8-10,straight_up,0-2-4-7-9-11-12-14,6011,554,room,7/8,7,4,nested_loop
ISTJ_F_A,STRESS_GROWTH,B,ao_rh+,B,0.49,0.5,0.45,0.7,0.7895,0.55,0.62,0.65,118,seventh,0-4-7-11,minor,0-2-3-5-7-8-10,straight_up,0-2-4-7-9-11-12-14,6357,554,room,7/8,7,4,nested_loop
ISTJ_F_A,EXTREME_GROWTH,C,aa_rh-,A,0.466,0.6,0.75,0.7,0.745,0.55,0.52,0.6,115,seventh,0-4-7-11,phrygian,0-1-3-5-7-8-10,straight_up,0-2-4-7-9-11-12-14,6011,554,room,7/8,7,4,nested_loop
ISTJ_F_A,PRESENT_MOMENT,D,ao_rh-,B,0.49,0.5,0.45,0.7,0.8406,0.55,0.62,0.65,118,seventh,0-4-7-11,minor,0-2-3-5-7-8-10,straight_up,0-2-4-7-9-11-12-14,6757,554,room,7/8,7,4,nested_loop
ISTJ_F_A,OBSERVER_3AM,3AM,hysteresis_random,A,0.3659,0.6697,0.7249,0.5661,0.4903,0.7012,0.5919,0.8221,103,seventh,0-4-7-11,phrygian,0-1-3-5-7-8-10,up_down,0-2-4-7-4-2-0-2,4024,704,hall,7/8,7,8,fractal_recursive
ISTJ_F_B,RELEASE,A,aa_rh+,B,0.5,0.5,0.45,0.7,0.745,0.55,0.62,0.65,119,seventh,0-4-7-11,minor,0-2-3-5-7-8-10,straight_up,0-2-4-7-9-11-12-14,6011,554,room,7/8,7,4,nested_loop
ISTJ_F_B,STRESS_GROWTH,B,ao_rh+,AB,0.49,0.5,0.45,0.7,0.9115,0.55,0.52,0.75,118,seventh,0-4-7-11,minor,0-2-3-5-7-8-10,straight_up,0-2-4-7-9-11-12-14,7309,554,room,7/8,7,8,fractal_recursive
ISTJ_F_B,EXTREME_GROWTH,C,aa_rh-,B,0.5827,0.5,0.6,0.7,0.745,0.55,0.62,0.75,129,seventh,0-4-7-11,phrygian,0-1-3-5-7-8-10,straight_up,0-2-4-7-9-11-12-14,6011,554,room,7/8,7,8,fractal_recursive
ISTJ_F_B,PRESENT_MOMENT,D,ao_rh-,AB,0.49,0.5,0.45,0.7,0.7747,0.55,0.52,0.75,118,seventh,0-4-7-11,minor,0-2-3-5-7-8-10,straight_up,0-2-4-7-9-11-12-14,6242,554,room,7/8,7,8,fractal_recursive
ISTJ_F_B,OBSERVER_3AM,3AM,hysteresis_random,B,0.6184,0.604,0.3832,0.5339,0.6139,0.6816,0.5935,0.9796,134,seventh,0-4-7-11,mixolydian,0-2-4-5-7-9-10,up_down,0-2-4-7-4-2-0-2,4988,684,hall,7/8,7,16,deep_recursive
ISTJ_F_AB,RELEASE,A,aa_rh+,AB,0.4108,0.5,0.45,0.7,0.745,0.55,0.52,0.75,109,seventh,0-4-7-11,minor,0-2-3-5-7-8-10,straight_up,0-2-4-7-9-11-12-14,6011,554,room,7/8,7,8,fractal_recursive
ISTJ_F_AB,STRESS_GROWTH,B,ao_rh+,O,0.59,0.5,0.6,0.7,0.9073,0.55,0.52,0.5,130,seventh,0-4-7-11,phrygian,0-1-3-5-7-8-10,straight_up,0-2-4-7-9-11-12-14,7276,554,room,7/8,7,4,nested_loop
ISTJ_F_AB,EXTREME_GROWTH,C,aa_rh-,AB,0.58,0.5,0.6,0.7,0.745,0.55,0.52,0.85,129,seventh,0-4-7-11,phrygian,0-1-3-5-7-8-10,straight_up,0-2-4-7-9-11-12-14,6011,554,room,7/8,7,8,fractal_recursive
ISTJ_F_AB,PRESENT_MOMENT,D,ao_rh-,O,0.59,0.5,0.6,0.7,0.7321,0.55,0.52,0.5,130,seventh,0-4-7-11,phrygian,0-1-3-5-7-8-10,straight_up,0-2-4-7-9-11-12-14,5910,554,room,7/8,7,4,nested_loop
ISTJ_F_AB,OBSERVER_3AM,3AM,hysteresis_random,AB,0.5837,0.4058,0.3989,0.5662,0.4804,0.6429,0.5363,0.7979,130,triad,0-4-7,mixolydian,0-2-4-5-7-9-10,up_down,0-2-4-7-4-2-0-2,3946,646,hall,7/8,7,8,fractal_recursive
ISFJ_M_O,RELEASE,A,aa_rh+,O,0.7447,0.6,0.5,0.7,0.745,0.5,0.52,0.65,149,seventh,0-4-7-11,minor,0-2-3-5-7-8-10,straight_up,0-2-4-7-9-11-12-14,6011,505,room,7/8,7,4,nested_loop
ISFJ_M_O,STRESS_GROWTH,B,ao_rh+,A,0.54,0.7,0.5,0.7,0.5832,0.5,0.52,0.65,124,extended,0-4-7-11-14,minor,0-2-3-5-7-8-10,straight_up,0-2-4-7-9-11-12-14,4749,505,room,7/8,7,4,nested_loop
ISFJ_M_O,EXTREME_GROWTH,C,aa_rh-,O,0.4758,0.6,0.65,0.7,0.745,0.5,0.52,0.75,117,seventh,0-4-7-11,phrygian,0-1-3-5-7-8-10,straight_up,0-2-4-7-9-11-12-14,6011,505,room,7/8,7,8,fractal_recursive
ISFJ_M_O,PRESENT_MOMENT,D,ao_rh-,A,0.54,0.7,0.5,0.7,0.4814,0.5,0.52,0.65,124,extended,0-4-7-11-14,minor,0-2-3-5-7-8-10,straight_up,0-2-4-7-9-11-12-14,3954,505,room,7/8,7,4,nested_loop
ISFJ_M_O,OBSERVER_3AM,3AM,hysteresis_random,O,0.7049,0.725,0.6195,0.6551,0.7415,0.6487,0.5267,0.9526,144,extended,0-4-7-11-14,phrygian,0-1-3-5-7-8-10,up_down,0-2-4-7-4-2-0-2,5983,652,hall,7/8,7,16,deep_recursive
ISFJ_M_A,RELEASE,A,aa_rh+,A,0.4754,0.7,0.5,0.7,0.745,0.5,0.52,0.65,117,extended,0-4-7-11-14,minor,0-2-3-5-7-8-10,straight_up,0-2-4-7-9-11-12-14,6011,505,room,7/8,7,4,nested_loop
ISFJ_M_A,STRESS_GROWTH,B,ao_rh+,B,0.54,0.6,0.5,0.7,0.7116,0.5,0.62,0.65,124,seventh,0-4-7-11,minor,0-2-3-5-7-8-10,straight_up,0-2-4-7-9-11-12-14,5750,505,room,7/8,7,4,nested_loop
ISFJ_M_A,EXTREME_GROWTH,C,aa_rh-,A,0.4298,0.7,0.65,0.7,0.745,0.5,0.52,0.75,111,extended,0-4-7-11-14,phrygian,0-1-3-5-7-8-10,straight_up,0-2-4-7-9-11-12-14,6011,505,room,7/8,7,8,fractal_recursive
ISFJ_M_A,PRESENT_MOMENT,D,ao_rh-,B,0.54,0.6,0.5,0.7,0.6543,0.5,0.62,0.65,124,seventh,0-4-7-11,minor,0-2-3-5-7-8-10,straight_up,0-2-4-7-9-11-12-14,5303,505,room,7/8,7,4,nested_loop
ISFJ_M_A,OBSERVER_3AM,3AM,hysteresis_random,A,0.6407,0.7229,0.6108,0.7285,0.7859,0.4451,0.5254,0.8402,136,extended,0-4-7-11-14,phrygian,0-1-3-5-7-8-10,straight_up,0-2-4-7-9-11-12-14,6329,450,room,7/8,7,8,fractal_recursive
ISFJ_M_B,RELEASE,A,aa_rh+,B,0.5874,0.6,0.5,0.7,0.745,0.5,0.62,0.65,130,seventh,0-4-7-11,minor,0-2-3-5-7-8-10,straight_up,0-2-4-7-9-11-12-14,6011,505,room,7/8,7,4,nested_loop
ISFJ_M_B,STRESS_GROWTH,B,ao_rh+,AB,0.54,0.6,0.5,0.7,0.6505,0.5,0.52,0.75,124,seventh,0-4-7-11,minor,0-2-3-5-7-8-10,straight_up,0-2-4-7-9-11-12-14,5273,505,room,7/8,7,8,fractal_recursive
ISFJ_M_B,EXTREME_GROWTH,C,aa_rh-,B,0.5754,0.6,0.65,0.7,0.745,0.5,0.62,0.75,129,seventh,0-4-7-11,phrygian,0-1-3-5-7-8-10,straight_up,0-2-4-7-9-11-12-14,6011,505,room,7/8,7,8,fractal_recursive
ISFJ_M_B,PRESENT_MOMENT,D,ao_rh-,AB,0.54,0.6,0.5,0.7,0.655,0.5,0.52,0.75,124,seventh,0-4-7-11,minor,0-2-3-5-7-8-10,straight_up,0-2-4-7-9-11-12-14,5308,505,room,7/8,7,8,fractal_recursive
ISFJ_M_B,OBSERVER_3AM,3AM,hysteresis_random,B,0.5297,0.512,0.3707,0.607,0.5597,0.536,0.5089,0.7433,123,seventh,0-4-7-11,mixolydian,0-2-4-5-7-9-10,up_down,0-2-4-7-4-2-0-2,4565,540,room,7/8,7,8,fractal_recursive
ISFJ_M_AB,RELEASE,A,aa_rh+,AB,0.4958,0.6,0.5,0.7,0.745,0.5,0.52,0.75,119,seventh,0-4-7-11,minor,0-2-3-5-7-8-10,straight_up,0-2-4-7-9-11-12-14,6011,505,room,7/8,7,8,fractal_recursive
ISFJ_M_AB,STRESS_GROWTH,B,ao_rh+,O,0.64,0.6,0.5,0.7,0.8126,0.5,0.52,0.65,136,seventh,0-4-7-11,minor,0-2-3-5-7-8-10,straight_up,0-2-4-7-9-11-12-14,6538,505,room,7/8,7,4,nested_loop
ISFJ_M_AB,EXTREME_GROWTH,C,aa_rh-,AB,0.5127,0.6,0.65,0.7,0.745,0.5,0.52,0.85,121,seventh,0-4-7-11,phrygian,0-1-3-5-7-8-10,straight_up,0-2-4-7-9-11-12-14,6011,505,room,7/8,7,8,fractal_recursive
ISFJ_M_AB,PRESENT_MOMENT,D,ao_rh-,O,0.64,0.6,0.5,0.7,0.9641,0.5,0.52,0.65,136,seventh,0-4-7-11,minor,0-2-3-5-7-8-10,straight_up,0-2-4-7-9-11-12-14,7719,505,room,7/8,7,4,nested_loop
ISFJ_M_AB,OBSERVER_3AM,3AM,hysteresis_random,AB,0.614,0.4367,0.5268,0.7603,0.3807,0.6388,0.5908,0.8283,133,triad,0-4-7,minor,0-2-3-5-7-8-10,straight_up,0-2-4-7-9-11-12-14,3169,642,hall,7/8,7,8,fractal_recursive
ISFJ_F_O,RELEASE,A,aa_rh+,O,0.6825,0.6,0.5,0.7,0.745,0.5,0.52,0.65,141,seventh,0-4-7-11,minor,0-2-3-5-7-8-10,straight_up,0-2-4-7-9-11-12-14,6011,505,room,7/8,7,4,nested_loop
ISFJ_F_O,STRESS_GROWTH,B,ao_rh+,A,0.49,0.7,0.5,0.7,0.767,0.5,0.52,0.65,118,extended,0-4-7-11-14,minor,0-2-3-5-7-8-10,straight_up,0-2-4-7-9-11-12-14,6182,505,room,7/8,7,4,nested_loop
ISFJ_F_O,EXTREME_GROWTH,C,aa_rh-,O,0.5906,0.6,0.65,0.7,0.745,0.5,0.52,0.75,130,seventh,0-4-7-11,phrygian,0-1-3-5-7-8-10,straight_up,0-2-4-7-9-11-12-14,6011,505,room,7/8,7,8,fractal_recursive
ISFJ_F_O,PRESENT_MOMENT,D,ao_rh-,A,0.49,0.7,0.5,0.7,0.7804,0.5,0.52,0.65,118,extended,0-4-7-11-14,minor,0-2-3-5-7-8-10,straight_up,0-2-4-7-9-11-12-14,6287,505,room,7/8,7,4,nested_loop
ISFJ_F_O,OBSERVER_3AM,3AM,hysteresis_random,O,0.6318,0.6077,0.6442,0.8126,0.6713,0.4838,0.422,0.9307,135,seventh,0-4-7-11,phrygian,0-1-3-5-7-8-10,straight_up,0-2-4-7-9-11-12-14,5436,488,room,3/4,3,16,deep_recursive
ISFJ_F_A,RELEASE,A,aa_rh+,A,0.4764,0.7,0.5,0.7,0.745,0.5,0.52,0.65,117,extended,0-4-7-11-14,minor,0-2-3-5-7-8-10,straight_up,0-2-4-7-9-11-12-14,6011,505,room,7/8,7,4,nested_loop
ISFJ_F_A,STRESS_GROWTH,B,ao_rh+,B,0.49,0.6,0.5,0.7,0.8041,0.5,0.62,0.65,118,seventh,0-4-7-11,minor,0-2-3-5-7-8-10,straight_up,0-2-4-7-9-11-12-14,6471,505,room,7/8,7,4,nested_loop
ISFJ_F_A,EXTREME_GROWTH,C,aa_rh-,A,0.4661,0.7,0.65,0.7,0.745,0.5,0.52,0.75,115,extended,0-4-7-11-14,phrygian,0-1-3-5-7-8-10,straight_up,0-2-4-7-9-11-12-14,6011,505,room,7/8,7,8,fractal_recursive
ISFJ_F_A,PRESENT_MOMENT,D,ao_rh-,B,0.49,0.6,0.5,0.7,0.9136,0.5,0.62,0.65,118,seventh,0-4-7-11,minor,0-2-3-5-7-8-10,straight_up,0-2-4-7-9-11-12-14,7325,505,room,7/8,7,4,nested_loop
ISFJ_F_A,OBSERVER_3AM,3AM,hysteresis_random,A,0.4102,0.5838,0.5342,0.8928,0.4709,0.4489,0.5474,1.0,109,seventh,0-4-7-11,minor,0-2-3-5-7-8-10,straight_up,0-2-4-7-9-11-12-14,3872,454,room,7/8,7,16,deep_recursive
ISFJ_F_B,RELEASE,A,aa_rh+,B,0.416,0.6,0.5,0.7,0.745,0.5,0.62,0.65,109,seventh,0-4-7-11,minor,0-2-3-5-7-8-10,straight_up,0-2-4-7-9-11-12-14,6011,505,room,7/8,7,4,nested_loop
ISFJ_F_B,STRESS_GROWTH,B,ao_rh+,AB,0.49,0.6,0.5,0.7,0.7374,0.5,0.52,0.75,118,seventh,0-4-7-11,minor,0-2-3-5-7-8-10,straight_up,0-2-4-7-9-11-12-14,5951,505,room,7/8,7,8,fractal_recursive
ISFJ_F_B,EXTREME_GROWTH,C,aa_rh-,B,0.5424,0.6,0.65,0.7,0.745,0.5,0.62,0.75,125,seventh,0-4-7-11,phrygian,0-1-3-5-7-8-10,straight_up,0-2-4-7-9-11-12-14,6011,505,room,7/8,7,8,fractal_recursive
ISFJ_F_B,PRESENT_MOMENT,D,ao_rh-,AB,0.49,0.6,0.5,0.7,0.7019,0.5,0.52,0.75,118,seventh,0-4-7-11,minor,0-2-3-5-7-8-10,straight_up,0-2-4-7-9-11-12-14,5674,505,room,7/8,7,8,fractal_recursive
ISFJ_F_B,OBSERVER_3AM,3AM,hysteresis_random,B,0.3604,0.6749,0.6367,0.5152,0.6365,0.4832,0.6461,0.9719,103,seventh,0-4-7-11,phrygian,0-1-3-5-7-8-10,up_down,0-2-4-7-4-2-0-2,5164,488,room,7/8,7,16,deep_recursive
ISFJ_F_AB,RELEASE,A,aa_rh+,AB,0.4521,0.6,0.5,0.7,0.745,0.5,0.52,0.75,114,seventh,0-4-7-11,minor,0-2-3-5-7-8-10,straight_up,0-2-4-7-9-11-12-14,6011,505,room,7/8,7,8,fractal_recursive
ISFJ_F_AB,STRESS_GROWTH,B,ao_rh+,O,0.59,0.6,0.5,0.7,0.8444,0.5,0.52,0.65,130,seventh,0-4-7-11,minor,0-2-3-5-7-8-10,straight_up,0-2-4-7-9-11-12-14,6786,505,room,7/8,7,4,nested_loop
ISFJ_F_AB,EXTREME_GROWTH,C,aa_rh-,AB,0.4813,0.6,0.65,0.7,0.745,0.5,0.52,0.85,117,seventh,0-4-7-11,phrygian,0-1-3-5-7-8-10,straight_up,0-2-4-7-9-11-12-14,6011,505,room,7/8,7,8,fractal_recursive
ISFJ_F_AB,PRESENT_MOMENT,D,ao_rh-,O,0.59,0.6,0.5,0.7,0.9688,0.5,0.52,0.65,130,seventh,0-4-7-11,minor,0-2-3-5-7-8-10,straight_up,0-2-4-7-9-11-12-14,7756,505,room,7/8,7,4,nested_loop
ISFJ_F_AB,OBSERVER_3AM,3AM,hysteresis_random,AB,0.4715,0.4993,0.4599,0.5721,0.4366,0.588,0.5424,0.9064,116,triad,0-4-7,minor,0-2-3-5-7-8-10,up_down,0-2-4-7-4-2-0-2,3605,592,room,7/8,7,16,deep_recursive
ESTJ_M_O,RELEASE,A,aa_rh+,O,0.5594,0.5,0.6,0.85,0.745,0.5,0.52,0.5,127,seventh,0-4-7-11,phrygian,0-1-3-5-7-8-10,straight_up,0-2-4-7-9-11-12-14,6011,505,room,7/8,7,4,nested_loop
ESTJ_M_O,STRESS_GROWTH,B,ao_rh+,A,0.54,0.6,0.6,0.85,0.851,0.5,0.52,0.5,124,seventh,0-4-7-11,phrygian,0-1-3-5-7-8-10,straight_up,0-2-4-7-9-11-12-14,6837,505,room,7/8,7,4,nested_loop
ESTJ_M_O,EXTREME_GROWTH,C,aa_rh-,O,0.7542,0.5,0.75,0.85,0.745,0.5,0.52,0.6,150,seventh,0-4-7-11,phrygian,0-1-3-5-7-8-10,straight_up,0-2-4-7-9-11-12-14,6011,505,room,7/8,7,4,nested_loop
ESTJ_M_O,PRESENT_MOMENT,D,ao_rh-,A,0.54,0.6,0.6,0.85,0.9517,0.5,0.52,0.5,124,seventh,0-4-7-11,phrygian,0-1-3-5-7-8-10,straight_up,0-2-4-7-9-11-12-14,7622,505,room,7/8,7,4,nested_loop
ESTJ_M_O,OBSERVER_3AM,3AM,hysteresis_random,O,0.7487,0.3693,0.5135,1.0,0.7331,0.526,0.6563,0.7815,149,triad,0-4-7,minor,0-2-3-5-7-8-10,straight_up,0-2-4-7-9-11-12-14,5918,530,room,7/8,7,8,fractal_recursive
ESTJ_M_A,RELEASE,A,aa_rh+,A,0.5247,0.6,0.6,0.85,0.745,0.5,0.52,0.5,122,seventh,0-4-7-11,phrygian,0-1-3-5-7-8-10,straight_up,0-2-4-7-9-11-12-14,6011,505,room,7/8,7,4,nested_loop
ESTJ_M_A,STRESS_GROWTH,B,ao_rh+,B,0.54,0.5,0.6,0.85,0.7039,0.5,0.52,0.5,124,seventh,0-4-7-11,phrygian,0-1-3-5-7-8-10,straight_up,0-2-4-7-9-11-12-14,5690,505,room,7/8,7,4,nested_loop
ESTJ_M_A,EXTREME_GROWTH,C,aa_rh-,A,0.6321,0.6,0.75,0.85,0.745,0.5,0.52,0.6,135,seventh,0-4-7-11,phrygian,0-1-3-5-7-8-10,straight_up,0-2-4-7-9-11-12-14,6011,505,room,7/8,7,4,nested_loop
ESTJ_M_A,PRESENT_MOMENT,D,ao_rh-,B,0.54,0.5,0.6,0.85,0.6102,0.5,0.52,0.5,124,seventh,0-4-7-11,phrygian,0-1-3-5-7-8-10,straight_up,0-2-4-7-9-11-12-14,4959,505,room,7/8,7,4,nested_loop
ESTJ_M_A,OBSERVER_3AM,3AM,hysteresis_random,A,0.5353,0.7251,0.5194,0.7491,0.6726,0.4358,0.4194,0.8192,124,extended,0-4-7-11-14,minor,0-2-3-5-7-8-10,straight_up,0-2-4-7-9-11-12-14,5446,441,room,3/4,3,8,fractal_recursive
ESTJ_M_B,RELEASE,A,aa_rh+,B,0.5645,0.5,0.6,0.85,0.745,0.5,0.52,0.5,127,seventh,0-4-7-11,phrygian,0-1-3-5-7-8-10,straight_up,0-2-4-7-9-11-12-14,6011,505,room,7/8,7,4,nested_loop
ESTJ_M_B,STRESS_GROWTH,B,ao_rh+,AB,0.54,0.5,0.6,0.85,0.6466,0.5,0.52,0.5,124,seventh,0-4-7-11,phrygian,0-1-3-5-7-8-10,straight_up,0-2-4-7-9-11-12-14,5243,505,room,7/8,7,4,nested_loop
ESTJ_M_B,EXTREME_GROWTH,C,aa_rh-,B,0.5441,0.5,0.75,0.85,0.745,0.5,0.52,0.6,125,seventh,0-4-7-11,phrygian,0-1-3-5-7-8-10,straight_up,0-2-4-7-9-11-12-14,6011,505,room,7/8,7,4,nested_loop
ESTJ_M_B,PRESENT_MOMENT,D,ao_rh-,AB,0.54,0.5,0.6,0.85,0.5453,0.5,0.52,0.5,124,seventh,0-4-7-11,phrygian,0-1-3-5-7-8-10,straight_up,0-2-4-7-9-11-12-14,4453,505,room,7/8,7,4,nested_loop
ESTJ_M_B,OBSERVER_3AM,3AM,hysteresis_random,B,0.4492,0.3675,0.5391,0.7204,0.4907,0.5113,0.3662,0.6313,113,triad,0-4-7,minor,0-2-3-5-7-8-10,straight_up,0-2-4-7-9-11-12-14,4027,516,room,3/4,3,4,nested_loop
ESTJ_M_AB,RELEASE,A,aa_rh+,AB,0.5877,0.5,0.6,0.85,0.745,0.5,0.52,0.5,130,seventh,0-4-7-11,phrygian,0-1-3-5-7-8-10,straight_up,0-2-4-7-9-11-12-14,6011,505,room,7/8,7,4,nested_loop
ESTJ_M_AB,STRESS_GROWTH,B,ao_rh+,O,0.64,0.5,0.6,0.85,0.6992,0.5,0.52,0.5,136,seventh,0-4-7-11,phrygian,0-1-3-5-7-8-10,straight_up,0-2-4-7-9-11-12-14,5654,505,room,7/8,7,4,nested_loop
ESTJ_M_AB,EXTREME_GROWTH,C,aa_rh-,AB,0.5354,0.5,0.75,0.85,0.745,0.5,0.52,0.6,124,seventh,0-4-7-11,phrygian,0-1-3-5-7-8-10,straight_up,0-2-4-7-9-11-12-14,6011,505,room,7/8,7,4,nested_loop
ESTJ_M_AB,PRESENT_MOMENT,D,ao_rh-,O,0.64,0.5,0.6,0.85,0.6414,0.5,0.52,0.5,136,seventh,0-4-7-11,phrygian,0-1-3-5-7-8-10,straight_up,0-2-4-7-9-11-12-14,5203,505,room,7/8,7,4,nested_loop
ESTJ_M_AB,OBSERVER_3AM,3AM,hysteresis_random,AB,0.591,0.3861,0.5493,0.8719,0.3933,0.4698,0.5111,0.761,130,triad,0-4-7,minor,0-2-3-5-7-8-10,straight_up,0-2-4-7-9-11-12-14,3267,475,room,7/8,7,8,fractal_recursive
ESTJ_F_O,RELEASE,A,aa_rh+,O,0.6497,0.5,0.6,0.85,0.745,0.55,0.52,0.5,137,seventh,0-4-7-11,phrygian,0-1-3-5-7-8-10,straight_up,0-2-4-7-9-11-12-14,6011,554,room,7/8,7,4,nested_loop
ESTJ_F_O,STRESS_GROWTH,B,ao_rh+,A,0.49,0.6,0.6,0.85,0.887,0.55,0.52,0.5,118,seventh,0-4-7-11,phrygian,0-1-3-5-7-8-10,straight_up,0-2-4-7-9-11-12-14,7118,554,room,7/8,7,4,nested_loop
ESTJ_F_O,EXTREME_GROWTH,C,aa_rh-,O,0.5885,0.5,0.75,0.85,0.745,0.55,0.52,0.6,130,seventh,0-4-7-11,phrygian,0-1-3-5-7-8-10,straight_up,0-2-4-7-9-11-12-14,6011,554,room,7/8,7,4,nested_loop
ESTJ_F_O,PRESENT_MOMENT,D,ao_rh-,A,0.49,0.6,0.6,0.85,0.7403,0.55,0.52,0.5,118,seventh,0-4-7-11,phrygian,0-1-3-5-7-8-10,straight_up,0-2-4-7-9-11-12-14,5974,554,room,7/8,7,4,nested_loop
ESTJ_F_O,OBSERVER_3AM,3AM,hysteresis_random,O,0.6846,0.5554,0.5373,0.6374,0.8055,0.6961,0.5515,0.5558,142,seventh,0-4-7-11,minor,0-2-3-5-7-8-10,up_down,0-2-4-7-4-2-0-2,6482,699,hall,7/8,7,4,nested_loop
ESTJ_F_A,RELEASE,A,aa_rh+,A,0.4384,0.6,0.6,0.85,0.745,0.55,0.52,0.5,112,seventh,0-4-7-11,phrygian,0-1-3-5-7-8-10,straight_up,0-2-4-7-9-11-12-14,6011,554,room,7/8,7,4,nested_loop
ESTJ_F_A,STRESS_GROWTH,B,ao_rh+,B,0.49,0.5,0.6,0.85,0.8097,0.55,0.52,0.5,118,seventh,0-4-7-11,phrygian,0-1-3-5-7-8-10,straight_up,0-2-4-7-9-11-12-14,6515,554,room,7/8,7,4,nested_loop
ESTJ_F_A,EXTREME_GROWTH,C,aa_rh-,A,0.5657,0.6,0.75,0.85,0.745,0.55,0.52,0.6,127,seventh,0-4-7-11,phrygian,0-1-3-5-7-8-10,straight_up,0-2-4-7-9-11-12-14,6011,554,room,7/8,7,4,nested_loop
ESTJ_F_A,PRESENT_MOMENT,D,ao_rh-,B,0.49,0.5,0.6,0.85,0.7177,0.55,0.52,0.5,118,seventh,0-4-7-11,phrygian,0-1-3-5-7-8-10,straight_up,0-2-4-7-9-11-12-14,5797,554,room,7/8,7,4,nested_loop
ESTJ_F_A,OBSERVER_3AM,3AM,hysteresis_random,A,0.3523,0.4791,0.6842,0.8699,0.8008,0.4764,0.5224,0.7459,102,triad,0-4-7,phrygian,0-1-3-5-7-8-10,straight_up,0-2-4-7-9-11-12-14,6446,481,room,7/8,7,8,fractal_recursive
ESTJ_F_B,RELEASE,A,aa_rh+,B,0.551,0.5,0.6,0.85,0.745,0.55,0.52,0.5,126,seventh,0-4-7-11,phrygian,0-1-3-5-7-8-10,straight_up,0-2-4-7-9-11-12-14,6011,554,room,7/8,7,4,nested_loop
ESTJ_F_B,STRESS_GROWTH,B,ao_rh+,AB,0.49,0.5,0.6,0.85,0.7916,0.55,0.52,0.5,118,seventh,0-4-7-11,phrygian,0-1-3-5-7-8-10,straight_up,0-2-4-7-9-11-12-14,6374,554,room,7/8,7,4,nested_loop
ESTJ_F_B,EXTREME_GROWTH,C,aa_rh-,B,0.464,0.5,0.75,0.85,0.745,0.55,0.52,0.6,115,seventh,0-4-7-11,phrygian,0-1-3-5-7-8-10,straight_up,0-2-4-7-9-11-12-14,6011,554,room,7/8,7,4,nested_loop
ESTJ_F_B,PRESENT_MOMENT,D,ao_rh-,AB,0.49,0.5,0.6,0.85,0.8627,0.55,0.52,0.5,118,seventh,0-4-7-11,phrygian,0-1-3-5-7-8-10,straight_up,0-2-4-7-9-11-12-14,6928,554,room,7/8,7,4,nested_loop
ESTJ_F_B,OBSERVER_3AM,3AM,hysteresis_random,B,0.4918,0.5219,0.5178,0.6886,0.7576,0.4051,0.6107,0.6668,119,seventh,0-4-7-11,minor,0-2-3-5-7-8-10,up_down,0-2-4-7-4-2-0-2,6109,411,room,7/8,7,4,nested_loop
ESTJ_F_AB,RELEASE,A,aa_rh+,AB,0.5161,0.5,0.6,0.85,0.745,0.55,0.52,0.5,121,seventh,0-4-7-11,phrygian,0-1-3-5-7-8-10,straight_up,0-2-4-7-9-11-12-14,6011,554,room,7/8,7,4,nested_loop
ESTJ_F_AB,STRESS_GROWTH,B,ao_rh+,O,0.59,0.5,0.6,0.85,0.8963,0.55,0.52,0.5,130,seventh,0-4-7-11,phrygian,0-1-3-5-7-8-10,straight_up,0-2-4-7-9-11-12-14,7191,554,room,7/8,7,4,nested_loop
ESTJ_F_AB,EXTREME_GROWTH,C,aa_rh-,AB,0.3508,0.5,0.75,0.85,0.745,0.55,0.52,0.6,102,seventh,0-4-7-11,phrygian,0-1-3-5-7-8-10,straight_up,0-2-4-7-9-11-12-14,6011,554,room,7/8,7,4,nested_loop
ESTJ_F_AB,PRESENT_MOMENT,D,ao_rh-,O,0.59,0.5,0.6,0.85,1.0,0.55,0.52,0.5,130,seventh,0-4-7-11,phrygian,0-1-3-5-7-8-10,straight_up,0-2-4-7-9-11-12-14,8000,554,room,7/8,7,4,nested_loop
ESTJ_F_AB,OBSERVER_3AM,3AM,hysteresis_random,AB,0.3769,0.6383,0.6345,0.827,0.7579,0.4391,0.6065,0.6196,105,seventh,0-4-7-11,phrygian,0-1-3-5-7-8-10,straight_up,0-2-4-7-9-11-12-14,6111,444,room,7/8,7,4,nested_loop
ESFJ_M_O,RELEASE,A,aa_rh+,O,0.536,0.6,0.5,0.85,0.745,0.5,0.52,0.5,124,seventh,0-4-7-11,minor,0-2-3-5-7-8-10,straight_up,0-2-4-7-9-11-12-14,6011,505,room,7/8,7,4,nested_loop
ESFJ_M_O,STRESS_GROWTH,B,ao_rh+,A,0.54,0.7,0.5,0.85,0.5788,0.5,0.52,0.5,124,extended,0-4-7-11-14,minor,0-2-3-5-7-8-10,straight_up,0-2-4-7-9-11-12-14,4714,505,room,7/8,7,4,nested_loop
ESFJ_M_O,EXTREME_GROWTH,C,aa_rh-,O,0.5414,0.6,0.65,0.85,0.745,0.5,0.52,0.6,124,seventh,0-4-7-11,phrygian,0-1-3-5-7-8-10,straight_up,0-2-4-7-9-11-12-14,6011,505,room,7/8,7,4,nested_loop
ESFJ_M_O,PRESENT_MOMENT,D,ao_rh-,A,0.54,0.7,0.5,0.85,0.4703,0.5,0.52,0.5,124,extended,0-4-7-11-14,minor,0-2-3-5-7-8-10,straight_up,0-2-4-7-9-11-12-14,3867,505,room,7/8,7,4,nested_loop
ESFJ_M_O,OBSERVER_3AM,3AM,hysteresis_random,O,0.6236,0.6871,0.491,0.8983,0.4472,0.5954,0.5649,0.7226,134,seventh,0-4-7-11,minor,0-2-3-5-7-8-10,straight_up,0-2-4-7-9-11-12-14,3688,599,room,7/8,7,8,fractal_recursive
ESFJ_M_A,RELEASE,A,aa_rh+,A,0.5437,0.7,0.5,0.85,0.745,0.5,0.52,0.5,125,extended,0-4-7-11-14,minor,0-2-3-5-7-8-10,straight_up,0-2-4-7-9-11-12-14,6011,505,room,7/8,7,4,nested_loop
ESFJ_M_A,STRESS_GROWTH,B,ao_rh+,B,0.54,0.6,0.5,0.85,0.9206,0.5,0.62,0.5,124,seventh,0-4-7-11,minor,0-2-3-5-7-8-10,straight_up,0-2-4-7-9-11-12-14,7380,505,room,7/8,7,4,nested_loop
ESFJ_M_A,EXTREME_GROWTH,C,aa_rh-,A,0.5341,0.7,0.65,0.85,0.745,0.5,0.52,0.6,124,extended,0-4-7-11-14,phrygian,0-1-3-5-7-8-10,straight_up,0-2-4-7-9-11-12-14,6011,505,room,7/8,7,4,nested_loop
ESFJ_M_A,PRESENT_MOMENT,D,ao_rh-,B,0.54,0.6,0.5,0.85,0.9852,0.5,0.62,0.5,124,seventh,0-4-7-11,minor,0-2-3-5-7-8-10,straight_up,0-2-4-7-9-11-12-14,7884,505,room,7/8,7,4,nested_loop
ESFJ_M_A,OBSERVER_3AM,3AM,hysteresis_random,A,0.4762,0.6649,0.5468,0.8571,0.3841,0.5017,0.6386,0.597,117,seventh,0-4-7-11,minor,0-2-3-5-7-8-10,straight_up,0-2-4-7-9-11-12-14,3195,506,room,7/8,7,4,nested_loop
ESFJ_M_B,RELEASE,A,aa_rh+,B,0.592,0.6,0.5,0.85,0.745,0.5,0.62,0.5,131,seventh,0-4-7-11,minor,0-2-3-5-7-8-10,straight_up,0-2-4-7-9-11-12-14,6011,505,room,7/8,7,4,nested_loop
ESFJ_M_B,STRESS_GROWTH,B,ao_rh+,AB,0.54,0.6,0.5,0.85,0.8347,0.5,0.52,0.6,124,seventh,0-4-7-11,minor,0-2-3-5-7-8-10,straight_up,0-2-4-7-9-11-12-14,6710,505,room,7/8,7,4,nested_loop
ESFJ_M_B,EXTREME_GROWTH,C,aa_rh-,B,0.4423,0.6,0.65,0.85,0.745,0.5,0.62,0.6,113,seventh,0-4-7-11,phrygian,0-1-3-5-7-8-10,straight_up,0-2-4-7-9-11-12-14,6011,505,room,7/8,7,4,nested_loop
ESFJ_M_B,PRESENT_MOMENT,D,ao_rh-,AB,0.54,0.6,0.5,0.85,0.9612,0.5,0.52,0.6,124,seventh,0-4-7-11,minor,0-2-3-5-7-8-10,straight_up,0-2-4-7-9-11-12-14,7697,505,room,7/8,7,4,nested_loop
ESFJ_M_B,OBSERVER_3AM,3AM,hysteresis_random,B,0.5576,0.6301,0.602,0.65,0.3779,0.6279,0.4888,0.5644,126,seventh,0-4-7-11,phrygian,0-1-3-5-7-8-10,up_down,0-2-4-7-4-2-0-2,3147,631,hall,3/4,3,4,nested_loop
ESFJ_M_AB,RELEASE,A,aa_rh+,AB,0.5178,0.6,0.5,0.85,0.745,0.5,0.52,0.6,122,seventh,0-4-7-11,minor,0-2-3-5-7-8-10,straight_up,0-2-4-7-9-11-12-14,6011,505,room,7/8,7,4,nested_loop
ESFJ_M_AB,STRESS_GROWTH,B,ao_rh+,O,0.64,0.6,0.5,0.85,0.7877,0.5,0.52,0.5,136,seventh,0-4-7-11,minor,0-2-3-5-7-8-10,straight_up,0-2-4-7-9-11-12-14,6343,505,room,7/8,7,4,nested_loop
ESFJ_M_AB,EXTREME_GROWTH,C,aa_rh-,AB,0.6205,0.6,0.65,0.85,0.745,0.5,0.52,0.7,134,seventh,0-4-7-11,phrygian,0-1-3-5-7-8-10,straight_up,0-2-4-7-9-11-12-14,6011,505,room,7/8,7,8,fractal_recursive
ESFJ_M_AB,PRESENT_MOMENT,D,ao_rh-,O,0.64,0.6,0.5,0.85,0.8006,0.5,0.52,0.5,136,seventh,0-4-7-11,minor,0-2-3-5-7-8-10,straight_up,0-2-4-7-9-11-12-14,6444,505,room,7/8,7,4,nested_loop
ESFJ_M_AB,OBSERVER_3AM,3AM,hysteresis_random,AB,0.555,0.5259,0.6116,0.6003,0.7428,0.4654,0.6143,0.8487,126,seventh,0-4-7-11,phrygian,0-1-3-5-7-8-10,up_down,0-2-4-7-4-2-0-2,5994,470,room,7/8,7,8,fractal_recursive
ESFJ_F_O,RELEASE,A,aa_rh+,O,0.5539,0.6,0.5,0.85,0.745,0.55,0.52,0.5,126,seventh,0-4-7-11,minor,0-2-3-5-7-8-10,straight_up,0-2-4-7-9-11-12-14,6011,554,room,7/8,7,4,nested_loop
ESFJ_F_O,STRESS_GROWTH,B,ao_rh+,A,0.49,0.7,0.5,0.85,0.7551,0.55,0.52,0.5,118,extended,0-4-7-11-14,minor,0-2-3-5-7-8-10,straight_up,0-2-4-7-9-11-12-14,6089,554,room,7/8,7,4,nested_loop
ESFJ_F_O,EXTREME_GROWTH,C,aa_rh-,O,0.4396,0.6,0.65,0.85,0.745,0.55,0.52,0.6,112,seventh,0-4-7-11,phrygian,0-1-3-5-7-8-10,straight_up,0-2-4-7-9-11-12-14,6011,554,room,7/8,7,4,nested_loop
ESFJ_F_O,PRESENT_MOMENT,D,ao_rh-,A,0.49,0.7,0.5,0.85,0.7393,0.55,0.52,0.5,118,extended,0-4-7-11-14,minor,0-2-3-5-7-8-10,straight_up,0-2-4-7-9-11-12-14,5966,554,room,7/8,7,4,nested_loop
ESFJ_F_O,OBSERVER_3AM,3AM,hysteresis_random,O,0.5571,0.7708,0.5546,0.8721,0.8054,0.425,0.4142,0.6239,126,extended,0-4-7-11-14,minor,0-2-3-5-7-8-10,straight_up,0-2-4-7-9-11-12-14,6482,430,room,3/4,3,4,nested_loop
ESFJ_F_A,RELEASE,A,aa_rh+,A,0.5663,0.7,0.5,0.85,0.745,0.55,0.52,0.5,127,extended,0-4-7-11-14,minor,0-2-3-5-7-8-10,straight_up,0-2-4-7-9-11-12-14,6011,554,room,7/8,7,4,nested_loop
ESFJ_F_A,STRESS_GROWTH,B,ao_rh+,B,0.49,0.6,0.5,0.85,0.8063,0.55,0.62,0.5,118,seventh,0-4-7-11,minor,0-2-3-5-7-8-10,straight_up,0-2-4-7-9-11-12-14,6489,554,room,7/8,7,4,nested_loop
ESFJ_F_A,EXTREME_GROWTH,C,aa_rh-,A,0.42,0.7,0.65,0.85,0.745,0.55,0.52,0.6,110,extended,0-4-7-11-14,phrygian,0-1-3-5-7-8-10,straight_up,0-2-4-7-9-11-12-14,6011,554,room,7/8,7,4,nested_loop
ESFJ_F_A,PRESENT_MOMENT,D,ao_rh-,B,0.49,0.6,0.5,0.85,0.9129,0.55,0.62,0.5,118,seventh,0-4-7-11,minor,0-2-3-5-7-8-10,straight_up,0-2-4-7-9-11-12-14,7320,554,room,7/8,7,4,nested_loop
ESFJ_F_A,OBSERVER_3AM,3AM,hysteresis_random,A,0.6214,0.4941,0.5962,0.75,0.8153,0.627,0.6283,0.6197,134,triad,0-4-7,minor,0-2-3-5-7-8-10,straight_up,0-2-4-7-9-11-12-14,6559,630,hall,7/8,7,4,nested_loop
ESFJ_F_B,RELEASE,A,aa_rh+,B,0.5543,0.6,0.5,0.85,0.745,0.55,0.62,0.5,126,seventh,0-4-7-11,minor,0-2-3-5-7-8-10,straight_up,0-2-4-7-9-11-12-14,6011,554,room,7/8,7,4,nested_loop
ESFJ_F_B,STRESS_GROWTH,B,ao_rh+,AB,0.49,0.6,0.5,0.85,0.5961,0.5,0.52,0.6,118,seventh,0-4-7-11,minor,0-2-3-5-7-8-10,straight_up,0-2-4-7-9-11-12-14,4849,505,room,7/8,7,4,nested_loop
ESFJ_F_B,EXTREME_GROWTH,C,aa_rh-,B,0.605,0.6,0.65,0.85,0.745,0.55,0.62,0.6,132,seventh,0-4-7-11,phrygian,0-1-3-5-7-8-10,straight_up,0-2-4-7-9-11-12-14,6011,554,room,7/8,7,4,nested_loop
ESFJ_F_B,PRESENT_MOMENT,D,ao_rh-,AB,0.49,0.6,0.5,0.85,0.6981,0.5,0.52,0.6,118,seventh,0-4-7-11,minor,0-2-3-5-7-8-10,straight_up,0-2-4-7-9-11-12-14,5645,505,room,7/8,7,4,nested_loop
ESFJ_F_B,OBSERVER_3AM,3AM,hysteresis_random,B,0.6212,0.6784,0.639,0.9465,0.7237,0.477,0.7107,0.646,134,seventh,0-4-7-11,phrygian,0-1-3-5-7-8-10,straight_up,0-2-4-7-9-11-12-14,5844,482,room,7/8,7,4,nested_loop
ESFJ_F_AB,RELEASE,A,aa_rh+,AB,0.5828,0.6,0.5,0.85,0.745,0.5,0.52,0.6,129,seventh,0-4-7-11,minor,0-2-3-5-7-8-10,straight_up,0-2-4-7-9-11-12-14,6011,505,room,7/8,7,4,nested_loop
ESFJ_F_AB,STRESS_GROWTH,B,ao_rh+,O,0.59,0.6,0.5,0.85,0.7086,0.55,0.52,0.5,130,seventh,0-4-7-11,minor,0-2-3-5-7-8-10,straight_up,0-2-4-7-9-11-12-14,5727,554,room,7/8,7,4,nested_loop
ESFJ_F_AB,EXTREME_GROWTH,C,aa_rh-,AB,0.6211,0.6,0.65,0.85,0.745,0.5,0.52,0.7,134,seventh,0-4-7-11,phrygian,0-1-3-5-7-8-10,straight_up,0-2-4-7-9-11-12-14,6011,505,room,7/8,7,8,fractal_recursive
ESFJ_F_AB,PRESENT_MOMENT,D,ao_rh-,O,0.59,0.6,0.5,0.85,0.7439,0.55,0.52,0.5,130,seventh,0-4-7-11,minor,0-2-3-5-7-8-10,straight_up,0-2-4-7-9-11-12-14,6002,554,room,7/8,7,4,nested_loop
ESFJ_F_AB,OBSERVER_3AM,3AM,hysteresis_random,AB,0.6194,0.6216,0.5496,0.9011,0.7376,0.6178,0.3797,0.6532,134,seventh,0-4-7-11,minor,0-2-3-5-7-8-10,straight_up,0-2-4-7-9-11-12-14,5953,621,hall,3/4,3,4,nested_loop
ISTP_M_O,RELEASE,A,aa_rh+,O,0.7123,0.5,0.5,0.55,0.745,0.5,0.52,0.65,145,seventh,0-4-7-11,minor,0-2-3-5-7-8-10,up_down,0-2-4-7-4-2-0-2,6011,505,room,7/8,7,4,nested_loop
ISTP_M_O,STRESS_GROWTH,B,ao_rh+,A,0.69,0.6,0.5,0.55,0.5752,0.5,0.52,0.65,142,seventh,0-4-7-11,minor,0-2-3-5-7-8-10,up_down,0-2-4-7-4-2-0-2,4686,505,room,7/8,7,4,nested_loop
ISTP_M_O,EXTREME_GROWTH,C,aa_rh-,O,0.5825,0.5,0.65,0.55,0.745,0.5,0.52,0.75,129,seventh,0-4-7-11,phrygian,0-1-3-5-7-8-10,up_down,0-2-4-7-4-2-0-2,6011,505,room,7/8,7,8,fractal_recursive
ISTP_M_O,PRESENT_MOMENT,D,ao_rh-,A,0.69,0.6,0.5,0.55,0.6278,0.5,0.52,0.65,142,seventh,0-4-7-11,minor,0-2-3-5-7-8-10,up_down,0-2-4-7-4-2-0-2,5096,505,room,7/8,7,4,nested_loop
ISTP_M_O,OBSERVER_3AM,3AM,hysteresis_random,O,0.6405,0.5716,0.355,0.4627,0.7698,0.4119,0.535,0.757,136,seventh,0-4-7-11,mixolydian,0-2-4-5-7-9-10,wandering,0-2-4-3-5-7-6-4,6204,417,room,7/8,7,8,fractal_recursive
ISTP_M_A,RELEASE,A,aa_rh+,A,0.8145,0.6,0.5,0.55,0.745,0.5,0.52,0.65,157,seventh,0-4-7-11,minor,0-2-3-5-7-8-10,up_down,0-2-4-7-4-2-0-2,6011,505,room,7/8,7,4,nested_loop
ISTP_M_A,STRESS_GROWTH,B,ao_rh+,B,0.69,0.5,0.5,0.55,0.6627,0.5,0.62,0.65,142,seventh,0-4-7-11,minor,0-2-3-5-7-8-10,up_down,0-2-4-7-4-2-0-2,5369,505,room,7/8,7,4,nested_loop
ISTP_M_A,EXTREME_GROWTH,C,aa_rh-,A,0.7245,0.6,0.65,0.55,0.745,0.5,0.52,0.75,146,seventh,0-4-7-11,phrygian,0-1-3-5-7-8-10,up_down,0-2-4-7-4-2-0-2,6011,505,room,7/8,7,8,fractal_recursive
ISTP_M_A,PRESENT_MOMENT,D,ao_rh-,B,0.69,0.5,0.5,0.55,0.5782,0.5,0.62,0.65,142,seventh,0-4-7-11,minor,0-2-3-5-7-8-10,up_down,0-2-4-7-4-2-0-2,4710,505,room,7/8,7,4,nested_loop
ISTP_M_A,OBSERVER_3AM,3AM,hysteresis_random,A,0.773,0.5263,0.3725,0.7124,0.4917,0.5718,0.4322,0.7496,152,seventh,0-4-7-11,mixolydian,0-2-4-5-7-9-10,straight_up,0-2-4-7-9-11-12-14,4035,576,room,3/4,3,8,fractal_recursive
ISTP_M_B,RELEASE,A,aa_rh+,B,0.6924,0.5,0.5,0.55,0.745,0.5,0.62,0.65,143,seventh,0-4-7-11,minor,0-2-3-5-7-8-10,up_down,0-2-4-7-4-2-0-2,6011,505,room,7/8,7,4,nested_loop
ISTP_M_B,STRESS_GROWTH,B,ao_rh+,AB,0.69,0.5,0.5,0.55,0.7691,0.5,0.52,0.75,142,seventh,0-4-7-11,minor,0-2-3-5-7-8-10,up_down,0-2-4-7-4-2-0-2,6199,505,room,7/8,7,8,fractal_recursive
ISTP_M_B,EXTREME_GROWTH,C,aa_rh-,B,0.7098,0.5,0.65,0.55,0.745,0.5,0.62,0.75,145,seventh,0-4-7-11,phrygian,0-1-3-5-7-8-10,up_down,0-2-4-7-4-2-0-2,6011,505,room,7/8,7,8,fractal_recursive
ISTP_M_B,PRESENT_MOMENT,D,ao_rh-,AB,0.69,0.5,0.5,0.55,0.6413,0.5,0.52,0.75,142,seventh,0-4-7-11,minor,0-2-3-5-7-8-10,up_down,0-2-4-7-4-2-0-2,5201,505,room,7/8,7,8,fractal_recursive
ISTP_M_B,OBSERVER_3AM,3AM,hysteresis_random,B,0.6583,0.6337,0.591,0.5431,0.7346,0.4153,0.6472,0.8016,138,seventh,0-4-7-11,minor,0-2-3-5-7-8-10,up_down,0-2-4-7-4-2-0-2,5929,421,room,7/8,7,8,fractal_recursive
ISTP_M_AB,RELEASE,A,aa_rh+,AB,0.7366,0.5,0.5,0.55,0.745,0.5,0.52,0.75,148,seventh,0-4-7-11,minor,0-2-3-5-7-8-10,up_down,0-2-4-7-4-2-0-2,6011,505,room,7/8,7,8,fractal_recursive
ISTP_M_AB,STRESS_GROWTH,B,ao_rh+,O,0.79,0.5,0.5,0.55,0.8644,0.5,0.52,0.65,154,seventh,0-4-7-11,minor,0-2-3-5-7-8-10,up_down,0-2-4-7-4-2-0-2,6942,505,room,7/8,7,4,nested_loop
ISTP_M_AB,EXTREME_GROWTH,C,aa_rh-,AB,0.5483,0.5,0.65,0.55,0.745,0.5,0.52,0.85,125,seventh,0-4-7-11,phrygian,0-1-3-5-7-8-10,up_down,0-2-4-7-4-2-0-2,6011,505,room,7/8,7,8,fractal_recursive
ISTP_M_AB,PRESENT_MOMENT,D,ao_rh-,O,0.79,0.5,0.5,0.55,0.9924,0.5,0.52,0.65,154,seventh,0-4-7-11,minor,0-2-3-5-7-8-10,up_down,0-2-4-7-4-2-0-2,7940,505,room,7/8,7,4,nested_loop
ISTP_M_AB,OBSERVER_3AM,3AM,hysteresis_random,AB,0.4888,0.461,0.5007,0.6715,0.7991,0.4487,0.3703,0.8266,118,triad,0-4-7,minor,0-2-3-5-7-8-10,up_down,0-2-4-7-4-2-0-2,6433,454,room,3/4,3,8,fractal_recursive
ISTP_F_O,RELEASE,A,aa_rh+,O,0.6115,0.5,0.6,0.55,0.745,0.55,0.52,0.5,133,seventh,0-4-7-11,phrygian,0-1-3-5-7-8-10,up_down,0-2-4-7-4-2-0-2,6011,554,room,7/8,7,4,nested_loop
ISTP_F_O,STRESS_GROWTH,B,ao_rh+,A,0.64,0.6,0.6,0.55,0.8168,0.55,0.52,0.5,136,seventh,0-4-7-11,phrygian,0-1-3-5-7-8-10,up_down,0-2-4-7-4-2-0-2,6570,554,room,7/8,7,4,nested_loop
ISTP_F_O,EXTREME_GROWTH,C,aa_rh-,O,0.7264,0.5,0.75,0.55,0.745,0.55,0.52,0.6,147,seventh,0-4-7-11,phrygian,0-1-3-5-7-8-10,up_down,0-2-4-7-4-2-0-2,6011,554,room,7/8,7,4,nested_loop
ISTP_F_O,PRESENT_MOMENT,D,ao_rh-,A,0.64,0.6,0.6,0.55,0.6982,0.55,0.52,0.5,136,seventh,0-4-7-11,phrygian,0-1-3-5-7-8-10,up_down,0-2-4-7-4-2-0-2,5646,554,room,7/8,7,4,nested_loop
ISTP_F_O,OBSERVER_3AM,3AM,hysteresis_random,O,0.8362,0.5468,0.512,0.6464,0.4536,0.6964,0.4007,0.6073,160,seventh,0-4-7-11,minor,0-2-3-5-7-8-10,up_down,0-2-4-7-4-2-0-2,3738,699,hall,3/4,3,4,nested_loop
ISTP_F_A,RELEASE,A,aa_rh+,A,0.6903,0.6,0.6,0.55,0.745,0.55,0.52,0.5,142,seventh,0-4-7-11,phrygian,0-1-3-5-7-8-10,up_down,0-2-4-7-4-2-0-2,6011,554,room,7/8,7,4,nested_loop
ISTP_F_A,STRESS_GROWTH,B,ao_rh+,B,0.64,0.5,0.45,0.55,0.8504,0.55,0.62,0.65,136,seventh,0-4-7-11,minor,0-2-3-5-7-8-10,up_down,0-2-4-7-4-2-0-2,6832,554,room,7/8,7,4,nested_loop
ISTP_F_A,EXTREME_GROWTH,C,aa_rh-,A,0.5914,0.6,0.75,0.55,0.745,0.55,0.52,0.6,130,seventh,0-4-7-11,phrygian,0-1-3-5-7-8-10,up_down,0-2-4-7-4-2-0-2,6011,554,room,7/8,7,4,nested_loop
ISTP_F_A,PRESENT_MOMENT,D,ao_rh-,B,0.64,0.5,0.45,0.55,0.8597,0.55,0.62,0.65,136,seventh,0-4-7-11,minor,0-2-3-5-7-8-10,up_down,0-2-4-7-4-2-0-2,6905,554,room,7/8,7,4,nested_loop
ISTP_F_A,OBSERVER_3AM,3AM,hysteresis_random,A,0.7218,0.6671,0.654,0.576,0.6701,0.5231,0.61,0.62,146,seventh,0-4-7-11,phrygian,0-1-3-5-7-8-10,up_down,0-2-4-7-4-2-0-2,5427,527,room,7/8,7,4,nested_loop
ISTP_F_B,RELEASE,A,aa_rh+,B,0.6074,0.5,0.45,0.55,0.745,0.55,0.62,0.65,132,seventh,0-4-7-11,minor,0-2-3-5-7-8-10,up_down,0-2-4-7-4-2-0-2,6011,554,room,7/8,7,4,nested_loop
ISTP_F_B,STRESS_GROWTH,B,ao_rh+,AB,0.64,0.5,0.45,0.55,0.8885,0.55,0.52,0.75,136,seventh,0-4-7-11,minor,0-2-3-5-7-8-10,up_down,0-2-4-7-4-2-0-2,7130,554,room,7/8,7,8,fractal_recursive
ISTP_F_B,EXTREME_GROWTH,C,aa_rh-,B,0.5338,0.5,0.6,0.55,0.745,0.55,0.62,0.75,124,seventh,0-4-7-11,phrygian,0-1-3-5-7-8-10,up_down,0-2-4-7-4-2-0-2,6011,554,room,7/8,7,8,fractal_recursive
ISTP_F_B,PRESENT_MOMENT,D,ao_rh-,AB,0.64,0.5,0.45,0.55,0.8457,0.55,0.52,0.75,136,seventh,0-4-7-11,minor,0-2-3-5-7-8-10,up_down,0-2-4-7-4-2-0-2,6796,554,room,7/8,7,8,fractal_recursive
ISTP_F_B,OBSERVER_3AM,3AM,hysteresis_random,B,0.7823,0.5258,0.499,0.7103,0.4445,0.4141,0.5428,0.7736,153,seventh,0-4-7-11,minor,0-2-3-5-7-8-10,straight_up,0-2-4-7-9-11-12-14,3667,419,room,7/8,7,8,fractal_recursive
ISTP_F_AB,RELEASE,A,aa_rh+,AB,0.5746,0.5,0.45,0.55,0.745,0.55,0.52,0.75,128,seventh,0-4-7-11,minor,0-2-3-5-7-8-10,up_down,0-2-4-7-4-2-0-2,6011,554,room,7/8,7,8,fractal_recursive
ISTP_F_AB,STRESS_GROWTH,B,ao_rh+,O,0.74,0.5,0.6,0.55,0.9125,0.55,0.52,0.5,148,seventh,0-4-7-11,phrygian,0-1-3-5-7-8-10,up_down,0-2-4-7-4-2-0-2,7317,554,room,7/8,7,4,nested_loop
ISTP_F_AB,EXTREME_GROWTH,C,aa_rh-,AB,0.5273,0.5,0.6,0.55,0.745,0.55,0.52,0.85,123,seventh,0-4-7-11,phrygian,0-1-3-5-7-8-10,up_down,0-2-4-7-4-2-0-2,6011,554,room,7/8,7,8,fractal_recursive
ISTP_F_AB,PRESENT_MOMENT,D,ao_rh-,O,0.74,0.5,0.6,0.55,0.9135,0.55,0.52,0.5,148,seventh,0-4-7-11,phrygian,0-1-3-5-7-8-10,up_down,0-2-4-7-4-2-0-2,7325,554,room,7/8,7,4,nested_loop
ISTP_F_AB,OBSERVER_3AM,3AM,hysteresis_random,AB,0.8299,0.6059,0.3677,0.4896,0.6782,0.7019,0.6184,1.0,159,seventh,0-4-7-11,mixolydian,0-2-4-5-7-9-10,wandering,0-2-4-3-5-7-6-4,5490,704,hall,7/8,7,16,deep_recursive
ISFP_M_O,RELEASE,A,aa_rh+,O,0.7222,0.6,0.5,0.55,0.745,0.5,0.52,0.65,146,seventh,0-4-7-11,minor,0-2-3-5-7-8-10,up_down,0-2-4-7-4-2-0-2,6011,505,room,7/8,7,4,nested_loop
ISFP_M_O,STRESS_GROWTH,B,ao_rh+,A,0.69,0.7,0.5,0.55,0.6436,0.5,0.52,0.65,142,extended,0-4-7-11-14,minor,0-2-3-5-7-8-10,up_down,0-2-4-7-4-2-0-2,5219,505,room,7/8,7,4,nested_loop
ISFP_M_O,EXTREME_GROWTH,C,aa_rh-,O,0.7831,0.6,0.65,0.55,0.745,0.5,0.52,0.75,153,seventh,0-4-7-11,phrygian,0-1-3-5-7-8-10,up_down,0-2-4-7-4-2-0-2,6011,505,room,7/8,7,8,fractal_recursive
ISFP_M_O,PRESENT_MOMENT,D,ao_rh-,A,0.69,0.7,0.5,0.55,0.5159,0.5,0.52,0.65,142,extended,0-4-7-11-14,minor,0-2-3-5-7-8-10,up_down,0-2-4-7-4-2-0-2,4224,505,room,7/8,7,4,nested_loop
ISFP_M_O,OBSERVER_3AM,3AM,hysteresis_random,O,0.7755,0.7638,0.4555,0.648,0.4086,0.6325,0.4041,0.7768,153,extended,0-4-7-11-14,minor,0-2-3-5-7-8-10,up_down,0-2-4-7-4-2-0-2,3387,636,hall,3/4,3,8,fractal_recursive
ISFP_M_A,RELEASE,A,aa_rh+,A,0.6304,0.7,0.5,0.55,0.745,0.5,0.52,0.65,135,extended,0-4-7-11-14,minor,0-2-3-5-7-8-10,up_down,0-2-4-7-4-2-0-2,6011,505,room,7/8,7,4,nested_loop
ISFP_M_A,STRESS_GROWTH,B,ao_rh+,B,0.69,0.6,0.5,0.55,0.5876,0.5,0.62,0.65,142,seventh,0-4-7-11,minor,0-2-3-5-7-8-10,up_down,0-2-4-7-4-2-0-2,4783,505,room,7/8,7,4,nested_loop
ISFP_M_A,EXTREME_GROWTH,C,aa_rh-,A,0.5199,0.7,0.65,0.55,0.745,0.5,0.52,0.75,122,extended,0-4-7-11-14,phrygian,0-1-3-5-7-8-10,up_down,0-2-4-7-4-2-0-2,6011,505,room,7/8,7,8,fractal_recursive
ISFP_M_A,PRESENT_MOMENT,D,ao_rh-,B,0.69,0.6,0.5,0.55,0.4721,0.5,0.62,0.65,142,seventh,0-4-7-11,minor,0-2-3-5-7-8-10,up_down,0-2-4-7-4-2-0-2,3882,505,room,7/8,7,4,nested_loop
ISFP_M_A,OBSERVER_3AM,3AM,hysteresis_random,A,0.676,0.8959,0.3952,0.5,0.3956,0.5289,0.3693,0.8856,141,microtonal_cluster,0-1-4-7-8-11,mixolydian,0-2-4-5-7-9-10,wandering,0-2-4-3-5-7-6-4,3285,533,room,3/4,3,8,fractal_recursive
ISFP_M_B,RELEASE,A,aa_rh+,B,0.5591,0.6,0.5,0.55,0.745,0.5,0.62,0.65,127,seventh,0-4-7-11,minor,0-2-3-5-7-8-10,up_down,0-2-4-7-4-2-0-2,6011,505,room,7/8,7,4,nested_loop
ISFP_M_B,STRESS_GROWTH,B,ao_rh+,AB,0.69,0.6,0.5,0.55,0.822,0.5,0.52,0.75,142,seventh,0-4-7-11,minor,0-2-3-5-7-8-10,up_down,0-2-4-7-4-2-0-2,6611,505,room,7/8,7,8,fractal_recursive
ISFP_M_B,EXTREME_GROWTH,C,aa_rh-,B,0.5546,0.6,0.65,0.55,0.745,0.5,0.62,0.75,126,seventh,0-4-7-11,phrygian,0-1-3-5-7-8-10,up_down,0-2-4-7-4-2-0-2,6011,505,room,7/8,7,8,fractal_recursive
ISFP_M_B,PRESENT_MOMENT,D,ao_rh-,AB,0.69,0.6,0.5,0.55,0.682,0.5,0.52,0.75,142,seventh,0-4-7-11,minor,0-2-3-5-7-8-10,up_down,0-2-4-7-4-2-0-2,5519,505,room,7/8,7,8,fractal_recursive
ISFP_M_B,OBSERVER_3AM,3AM,hysteresis_random,B,0.7107,0.5556,0.3952,0.5388,0.6925,0.4975,0.5789,0.8445,145,seventh,0-4-7-11,mixolydian,0-2-4-5-7-9-10,up_down,0-2-4-7-4-2-0-2,5601,502,room,7/8,7,8,fractal_recursive
ISFP_M_AB,RELEASE,A,aa_rh+,AB,0.5682,0.6,0.5,0.55,0.745,0.5,0.52,0.75,128,seventh,0-4-7-11,minor,0-2-3-5-7-8-10,up_down,0-2-4-7-4-2-0-2,6011,505,room,7/8,7,8,fractal_recursive
ISFP_M_AB,STRESS_GROWTH,B,ao_rh+,O,0.79,0.6,0.5,0.55,0.822,0.5,0.52,0.65,154,seventh,0-4-7-11,minor,0-2-3-5-7-8-10,up_down,0-2-4-7-4-2-0-2,6611,505,room,7/8,7,4,nested_loop
ISFP_M_AB,EXTREME_GROWTH,C,aa_rh-,AB,0.8592,0.6,0.65,0.55,0.745,0.5,0.52,0.85,163,seventh,0-4-7-11,phrygian,0-1-3-5-7-8-10,up_down,0-2-4-7-4-2-0-2,6011,505,room,7/8,7,8,fractal_recursive
ISFP_M_AB,PRESENT_MOMENT,D,ao_rh-,O,0.79,0.6,0.5,0.55,0.7836,0.5,0.52,0.65,154,seventh,0-4-7-11,minor,0-2-3-5-7-8-10,up_down,0-2-4-7-4-2-0-2,6312,505,room,7/8,7,4,nested_loop
ISFP_M_AB,OBSERVER_3AM,3AM,hysteresis_random,AB,0.5957,0.7638,0.5907,0.4918,0.5891,0.5276,0.3684,1.0,131,extended,0-4-7-11-14,minor,0-2-3-5-7-8-10,wandering,0-2-4-3-5-7-6-4,4794,532,room,3/4,3,16,deep_recursive
ISFP_F_O,RELEASE,A,aa_rh+,O,0.5984,0.6,0.5,0.55,0.745,0.5,0.52,0.65,131,seventh,0-4-7-11,minor,0-2-3-5-7-8-10,up_down,0-2-4-7-4-2-0-2,6011,505,room,7/8,7,4,nested_loop
ISFP_F_O,STRESS_GROWTH,B,ao_rh+,A,0.64,0.7,0.5,0.55,0.8498,0.5,0.52,0.65,136,extended,0-4-7-11-14,minor,0-2-3-5-7-8-10,up_down,0-2-4-7-4-2-0-2,6828,505,room,7/8,7,4,nested_loop
ISFP_F_O,EXTREME_GROWTH,C,aa_rh-,O,0.6784,0.6,0.65,0.55,0.745,0.5,0.52,0.75,141,seventh,0-4-7-11,phrygian,0-1-3-5-7-8-10,up_down,0-2-4-7-4-2-0-2,6011,505,room,7/8,7,8,fractal_recursive
ISFP_F_O,PRESENT_MOMENT,D,ao_rh-,A,0.64,0.7,0.5,0.55,0.9484,0.5,0.52,0.65,136,extended,0-4-7-11-14,minor,0-2-3-5-7-8-10,up_down,0-2-4-7-4-2-0-2,7597,505,room,7/8,7,4,nested_loop
ISFP_F_O,OBSERVER_3AM,3AM,hysteresis_random,O,0.5397,0.7428,0.5717,0.5966,0.6406,0.4499,0.5964,0.7072,124,extended,0-4-7-11-14,minor,0-2-3-5-7-8-10,up_down,0-2-4-7-4-2-0-2,5197,455,room,7/8,7,8,fractal_recursive
ISFP_F_A,RELEASE,A,aa_rh+,A,0.5363,0.7,0.5,0.55,0.745,0.5,0.52,0.65,124,extended,0-4-7-11-14,minor,0-2-3-5-7-8-10,up_down,0-2-4-7-4-2-0-2,6011,505,room,7/8,7,4,nested_loop
ISFP_F_A,STRESS_GROWTH,B,ao_rh+,B,0.64,0.6,0.5,0.55,0.892,0.5,0.62,0.65,136,seventh,0-4-7-11,minor,0-2-3-5-7-8-10,up_down,0-2-4-7-4-2-0-2,7157,505,room,7/8,7,4,nested_loop
ISFP_F_A,EXTREME_GROWTH,C,aa_rh-,A,0.8311,0.7,0.65,0.55,0.745,0.5,0.52,0.75,159,extended,0-4-7-11-14,phrygian,0-1-3-5-7-8-10,up_down,0-2-4-7-4-2-0-2,6011,505,room,7/8,7,8,fractal_recursive
ISFP_F_A,PRESENT_MOMENT,D,ao_rh-,B,0.64,0.6,0.5,0.55,0.8333,0.5,0.62,0.65,136,seventh,0-4-7-11,minor,0-2-3-5-7-8-10,up_down,0-2-4-7-4-2-0-2,6699,505,room,7/8,7,4,nested_loop
ISFP_F_A,OBSERVER_3AM,3AM,hysteresis_random,A,0.4542,0.8304,0.4243,0.6944,0.775,0.5137,0.4029,0.9954,114,extended,0-4-7-11-14,minor,0-2-3-5-7-8-10,up_down,0-2-4-7-4-2-0-2,6245,518,room,3/4,3,16,deep_recursive
ISFP_F_B,RELEASE,A,aa_rh+,B,0.7502,0.6,0.5,0.55,0.745,0.5,0.62,0.65,150,seventh,0-4-7-11,minor,0-2-3-5-7-8-10,up_down,0-2-4-7-4-2-0-2,6011,505,room,7/8,7,4,nested_loop
ISFP_F_B,STRESS_GROWTH,B,ao_rh+,AB,0.64,0.6,0.5,0.55,0.7631,0.5,0.52,0.75,136,seventh,0-4-7-11,minor,0-2-3-5-7-8-10,up_down,0-2-4-7-4-2-0-2,6152,505,room,7/8,7,8,fractal_recursive
ISFP_F_B,EXTREME_GROWTH,C,aa_rh-,B,0.4778,0.6,0.65,0.55,0.745,0.5,0.62,0.75,117,seventh,0-4-7-11,phrygian,0-1-3-5-7-8-10,up_down,0-2-4-7-4-2-0-2,6011,505,room,7/8,7,8,fractal_recursive
ISFP_F_B,PRESENT_MOMENT,D,ao_rh-,AB,0.64,0.6,0.5,0.55,0.6956,0.5,0.52,0.75,136,seventh,0-4-7-11,minor,0-2-3-5-7-8-10,up_down,0-2-4-7-4-2-0-2,5625,505,room,7/8,7,8,fractal_recursive
ISFP_F_B,OBSERVER_3AM,3AM,hysteresis_random,B,0.8203,0.5929,0.6225,0.45,0.6545,0.5091,0.5812,0.858,158,seventh,0-4-7-11,phrygian,0-1-3-5-7-8-10,wandering,0-2-4-3-5-7-6-4,5305,514,room,7/8,7,8,fractal_recursive
ISFP_F_AB,RELEASE,A,aa_rh+,AB,0.6544,0.6,0.5,0.55,0.745,0.5,0.52,0.75,138,seventh,0-4-7-11,minor,0-2-3-5-7-8-10,up_down,0-2-4-7-4-2-0-2,6011,505,room,7/8,7,8,fractal_recursive
ISFP_F_AB,STRESS_GROWTH,B,ao_rh+,O,0.74,0.6,0.5,0.55,0.7421,0.5,0.52,0.65,148,seventh,0-4-7-11,minor,0-2-3-5-7-8-10,up_down,0-2-4-7-4-2-0-2,5988,505,room,7/8,7,4,nested_loop
ISFP_F_AB,EXTREME_GROWTH,C,aa_rh-,AB,0.7646,0.6,0.65,0.55,0.745,0.5,0.52,0.85,151,seventh,0-4-7-11,phrygian,0-1-3-5-7-8-10,up_down,0-2-4-7-4-2-0-2,6011,505,room,7/8,7,8,fractal_recursive
ISFP_F_AB,PRESENT_MOMENT,D,ao_rh-,O,0.74,0.6,0.5,0.55,0.643,0.5,0.52,0.65,148,seventh,0-4-7-11,minor,0-2-3-5-7-8-10,up_down,0-2-4-7-4-2-0-2,5215,505,room,7/8,7,4,nested_loop
ISFP_F_AB,OBSERVER_3AM,3AM,hysteresis_random,AB,0.504,0.7285,0.3734,0.4423,0.6551,0.5646,0.3864,1.0,120,extended,0-4-7-11-14,mixolydian,0-2-4-5-7-9-10,wandering,0-2-4-3-5-7-6-4,5310,568,room,3/4,3,16,deep_recursive
ESTP_M_O,RELEASE,A,aa_rh+,O,0.6601,0.5,0.6,0.7,0.745,0.5,0.52,0.5,139,seventh,0-4-7-11,phrygian,0-1-3-5-7-8-10,straight_up,0-2-4-7-9-11-12-14,6011,505,room,7/8,7,4,nested_loop
ESTP_M_O,STRESS_GROWTH,B,ao_rh+,A,0.69,0.6,0.6,0.7,0.654,0.5,0.52,0.5,142,seventh,0-4-7-11,phrygian,0-1-3-5-7-8-10,straight_up,0-2-4-7-9-11-12-14,5301,505,room,7/8,7,4,nested_loop
ESTP_M_O,EXTREME_GROWTH,C,aa_rh-,O,0.8426,0.5,0.75,0.7,0.745,0.5,0.52,0.6,161,seventh,0-4-7-11,phrygian,0-1-3-5-7-8-10,straight_up,0-2-4-7-9-11-12-14,6011,505,room,7/8,7,4,nested_loop
ESTP_M_O,PRESENT_MOMENT,D,ao_rh-,A,0.69,0.6,0.6,0.7,0.6961,0.5,0.52,0.5,142,seventh,0-4-7-11,phrygian,0-1-3-5-7-8-10,straight_up,0-2-4-7-9-11-12-14,5629,505,room,7/8,7,4,nested_loop
ESTP_M_O,OBSERVER_3AM,3AM,hysteresis_random,O,0.9016,0.4099,0.6422,0.8281,0.7699,0.3756,0.5916,0.7548,168,triad,0-4-7,phrygian,0-1-3-5-7-8-10,straight_up,0-2-4-7-9-11-12-14,6204,381,room,7/8,7,8,fractal_recursive
ESTP_M_A,RELEASE,A,aa_rh+,A,0.6857,0.6,0.6,0.7,0.745,0.5,0.52,0.5,142,seventh,0-4-7-11,phrygian,0-1-3-5-7-8-10,straight_up,0-2-4-7-9-11-12-14,6011,505,room,7/8,7,4,nested_loop
ESTP_M_A,STRESS_GROWTH,B,ao_rh+,B,0.69,0.5,0.6,0.7,0.5798,0.5,0.52,0.5,142,seventh,0-4-7-11,phrygian,0-1-3-5-7-8-10,straight_up,0-2-4-7-9-11-12-14,4722,505,room,7/8,7,4,nested_loop
ESTP_M_A,EXTREME_GROWTH,C,aa_rh-,A,0.8027,0.6,0.75,0.7,0.745,0.5,0.52,0.6,156,seventh,0-4-7-11,phrygian,0-1-3-5-7-8-10,straight_up,0-2-4-7-9-11-12-14,6011,505,room,7/8,7,4,nested_loop
ESTP_M_A,PRESENT_MOMENT,D,ao_rh-,B,0.69,0.5,0.6,0.7,0.6564,0.5,0.52,0.5,142,seventh,0-4-7-11,phrygian,0-1-3-5-7-8-10,straight_up,0-2-4-7-9-11-12-14,5319,505,room,7/8,7,4,nested_loop
ESTP_M_A,OBSERVER_3AM,3AM,hysteresis_random,A,0.8733,0.5139,0.6668,0.528,0.5302,0.5072,0.5427,0.6116,164,seventh,0-4-7-11,phrygian,0-1-3-5-7-8-10,up_down,0-2-4-7-4-2-0-2,4335,512,room,7/8,7,4,nested_loop
ESTP_M_B,RELEASE,A,aa_rh+,B,0.659,0.5,0.6,0.7,0.745,0.5,0.52,0.5,139,seventh,0-4-7-11,phrygian,0-1-3-5-7-8-10,straight_up,0-2-4-7-9-11-12-14,6011,505,room,7/8,7,4,nested_loop
ESTP_M_B,STRESS_GROWTH,B,ao_rh+,AB,0.69,0.5,0.6,0.7,0.8153,0.5,0.52,0.5,142,seventh,0-4-7-11,phrygian,0-1-3-5-7-8-10,straight_up,0-2-4-7-9-11-12-14,6559,505,room,7/8,7,4,nested_loop
ESTP_M_B,EXTREME_GROWTH,C,aa_rh-,B,0.5314,0.5,0.75,0.7,0.745,0.5,0.52,0.6,123,seventh,0-4-7-11,phrygian,0-1-3-5-7-8-10,straight_up,0-2-4-7-9-11-12-14,6011,505,room,7/8,7,4,nested_loop
ESTP_M_B,PRESENT_MOMENT,D,ao_rh-,AB,0.69,0.5,0.6,0.7,0.9304,0.5,0.52,0.5,142,seventh,0-4-7-11,phrygian,0-1-3-5-7-8-10,straight_up,0-2-4-7-9-11-12-14,7456,505,room,7/8,7,4,nested_loop
ESTP_M_B,OBSERVER_3AM,3AM,hysteresis_random,B,0.5162,0.5425,0.6826,0.9007,0.6786,0.4931,0.6652,0.7745,121,seventh,0-4-7-11,phrygian,0-1-3-5-7-8-10,straight_up,0-2-4-7-9-11-12-14,5493,498,room,7/8,7,8,fractal_recursive
ESTP_M_AB,RELEASE,A,aa_rh+,AB,0.5844,0.5,0.6,0.7,0.745,0.5,0.52,0.5,130,seventh,0-4-7-11,phrygian,0-1-3-5-7-8-10,straight_up,0-2-4-7-9-11-12-14,6011,505,room,7/8,7,4,nested_loop
ESTP_M_AB,STRESS_GROWTH,B,ao_rh+,O,0.79,0.5,0.6,0.7,0.7483,0.5,0.52,0.5,154,seventh,0-4-7-11,phrygian,0-1-3-5-7-8-10,straight_up,0-2-4-7-9-11-12-14,6036,505,room,7/8,7,4,nested_loop
ESTP_M_AB,EXTREME_GROWTH,C,aa_rh-,AB,0.5808,0.5,0.75,0.7,0.745,0.5,0.52,0.6,129,seventh,0-4-7-11,phrygian,0-1-3-5-7-8-10,straight_up,0-2-4-7-9-11-12-14,6011,505,room,7/8,7,4,nested_loop
ESTP_M_AB,PRESENT_MOMENT,D,ao_rh-,O,0.79,0.5,0.6,0.7,0.8582,0.5,0.52,0.5,154,seventh,0-4-7-11,phrygian,0-1-3-5-7-8-10,straight_up,0-2-4-7-9-11-12-14,6893,505,room,7/8,7,4,nested_loop
ESTP_M_AB,OBSERVER_3AM,3AM,hysteresis_random,AB,0.5586,0.6316,0.5471,0.7757,0.4773,0.427,0.4561,0.8303,127,seventh,0-4-7-11,minor,0-2-3-5-7-8-10,straight_up,0-2-4-7-9-11-12-14,3923,432,room,3/4,3,8,fractal_recursive
ESTP_F_O,RELEASE,A,aa_rh+,O,0.8264,0.5,0.6,0.7,0.745,0.55,0.52,0.5,159,seventh,0-4-7-11,phrygian,0-1-3-5-7-8-10,straight_up,0-2-4-7-9-11-12-14,6011,554,room,7/8,7,4,nested_loop
ESTP_F_O,STRESS_GROWTH,B,ao_rh+,A,0.64,0.6,0.6,0.7,0.8754,0.55,0.52,0.5,136,seventh,0-4-7-11,phrygian,0-1-3-5-7-8-10,straight_up,0-2-4-7-9-11-12-14,7027,554,room,7/8,7,4,nested_loop
ESTP_F_O,EXTREME_GROWTH,C,aa_rh-,O,0.9546,0.5,0.75,0.7,0.745,0.55,0.52,0.6,174,seventh,0-4-7-11,phrygian,0-1-3-5-7-8-10,straight_up,0-2-4-7-9-11-12-14,6011,554,room,7/8,7,4,nested_loop
ESTP_F_O,PRESENT_MOMENT,D,ao_rh-,A,0.64,0.6,0.6,0.7,0.9001,0.55,0.52,0.5,136,seventh,0-4-7-11,phrygian,0-1-3-5-7-8-10,straight_up,0-2-4-7-9-11-12-14,7220,554,room,7/8,7,4,nested_loop
ESTP_F_O,OBSERVER_3AM,3AM,hysteresis_random,O,0.9063,0.3761,0.7583,0.4903,0.489,0.4029,0.382,0.8429,168,triad,0-4-7,phrygian,0-1-3-5-7-8-10,wandering,0-2-4-3-5-7-6-4,4013,408,room,3/4,3,8,fractal_recursive
ESTP_F_A,RELEASE,A,aa_rh+,A,0.5196,0.6,0.6,0.7,0.745,0.55,0.52,0.5,122,seventh,0-4-7-11,phrygian,0-1-3-5-7-8-10,straight_up,0-2-4-7-9-11-12-14,6011,554,room,7/8,7,4,nested_loop
ESTP_F_A,STRESS_GROWTH,B,ao_rh+,B,0.64,0.5,0.6,0.7,0.8668,0.55,0.52,0.5,136,seventh,0-4-7-11,phrygian,0-1-3-5-7-8-10,straight_up,0-2-4-7-9-11-12-14,6960,554,room,7/8,7,4,nested_loop
ESTP_F_A,EXTREME_GROWTH,C,aa_rh-,A,0.5733,0.6,0.75,0.7,0.745,0.55,0.52,0.6,128,seventh,0-4-7-11,phrygian,0-1-3-5-7-8-10,straight_up,0-2-4-7-9-11-12-14,6011,554,room,7/8,7,4,nested_loop
ESTP_F_A,PRESENT_MOMENT,D,ao_rh-,B,0.64,0.5,0.6,0.7,1.0,0.55,0.52,0.5,136,seventh,0-4-7-11,phrygian,0-1-3-5-7-8-10,straight_up,0-2-4-7-9-11-12-14,8000,554,room,7/8,7,4,nested_loop
ESTP_F_A,OBSERVER_3AM,3AM,hysteresis_random,A,0.4509,0.4204,0.5117,0.777,0.5262,0.5886,0.3771,0.8361,114,triad,0-4-7,minor,0-2-3-5-7-8-10,straight_up,0-2-4-7-9-11-12-14,4304,592,room,3/4,3,8,fractal_recursive
ESTP_F_B,RELEASE,A,aa_rh+,B,0.5194,0.5,0.6,0.7,0.745,0.55,0.52,0.5,122,seventh,0-4-7-11,phrygian,0-1-3-5-7-8-10,straight_up,0-2-4-7-9-11-12-14,6011,554,room,7/8,7,4,nested_loop
ESTP_F_B,STRESS_GROWTH,B,ao_rh+,AB,0.64,0.5,0.6,0.7,0.8203,0.55,0.52,0.5,136,seventh,0-4-7-11,phrygian,0-1-3-5-7-8-10,straight_up,0-2-4-7-9-11-12-14,6597,554,room,7/8,7,4,nested_loop
ESTP_F_B,EXTREME_GROWTH,C,aa_rh-,B,0.6682,0.5,0.75,0.7,0.745,0.55,0.52,0.6,140,seventh,0-4-7-11,phrygian,0-1-3-5-7-8-10,straight_up,0-2-4-7-9-11-12-14,6011,554,room,7/8,7,4,nested_loop
ESTP_F_B,PRESENT_MOMENT,D,ao_rh-,AB,0.64,0.5,0.6,0.7,0.668,0.55,0.52,0.5,136,seventh,0-4-7-11,phrygian,0-1-3-5-7-8-10,straight_up,0-2-4-7-9-11-12-14,5410,554,room,7/8,7,4,nested_loop
ESTP_F_B,OBSERVER_3AM,3AM,hysteresis_random,B,0.7502,0.5501,0.6909,0.6528,0.7945,0.6013,0.4743,0.6657,150,seventh,0-4-7-11,phrygian,0-1-3-5-7-8-10,up_down,0-2-4-7-4-2-0-2,6397,605,hall,3/4,3,4,nested_loop
ESTP_F_AB,RELEASE,A,aa_rh+,AB,0.547,0.5,0.6,0.7,0.745,0.55,0.52,0.5,125,seventh,0-4-7-11,phrygian,0-1-3-5-7-8-10,straight_up,0-2-4-7-9-11-12-14,6011,554,room,7/8,7,4,nested_loop
ESTP_F_AB,STRESS_GROWTH,B,ao_rh+,O,0.74,0.5,0.6,0.7,0.5843,0.55,0.52,0.5,148,seventh,0-4-7-11,phrygian,0-1-3-5-7-8-10,straight_up,0-2-4-7-9-11-12-14,4757,554,room,7/8,7,4,nested_loop
ESTP_F_AB,EXTREME_GROWTH,C,aa_rh-,AB,0.7066,0.5,0.75,0.7,0.745,0.55,0.52,0.6,144,seventh,0-4-7-11,phrygian,0-1-3-5-7-8-10,straight_up,0-2-4-7-9-11-12-14,6011,554,room,7/8,7,4,nested_loop
ESTP_F_AB,PRESENT_MOMENT,D,ao_rh-,O,0.74,0.5,0.6,0.7,0.5182,0.55,0.52,0.5,148,seventh,0-4-7-11,phrygian,0-1-3-5-7-8-10,straight_up,0-2-4-7-9-11-12-14,4241,554,room,7/8,7,4,nested_loop
ESTP_F_AB,OBSERVER_3AM,3AM,hysteresis_random,AB,0.6304,0.547,0.6685,0.7877,0.4658,0.5552,0.6326,0.7321,135,seventh,0-4-7-11,phrygian,0-1-3-5-7-8-10,straight_up,0-2-4-7-9-11-12-14,3832,559,room,7/8,7,8,fractal_recursive
ESFP_M_O,RELEASE,A,aa_rh+,O,0.8079,0.6,0.5,0.7,0.745,0.5,0.52,0.5,156,seventh,0-4-7-11,minor,0-2-3-5-7-8-10,straight_up,0-2-4-7-9-11-12-14,6011,505,room,7/8,7,4,nested_loop
ESFP_M_O,STRESS_GROWTH,B,ao_rh+,A,0.69,0.7,0.5,0.7,0.7527,0.5,0.52,0.5,142,extended,0-4-7-11-14,minor,0-2-3-5-7-8-10,straight_up,0-2-4-7-9-11-12-14,6071,505,room,7/8,7,4,nested_loop
ESFP_M_O,EXTREME_GROWTH,C,aa_rh-,O,0.8804,0.6,0.65,0.7,0.745,0.5,0.52,0.6,165,seventh,0-4-7-11,phrygian,0-1-3-5-7-8-10,straight_up,0-2-4-7-9-11-12-14,6011,505,room,7/8,7,4,nested_loop
ESFP_M_O,PRESENT_MOMENT,D,ao_rh-,A,0.69,0.7,0.5,0.7,0.7193,0.5,0.52,0.5,142,extended,0-4-7-11-14,minor,0-2-3-5-7-8-10,straight_up,0-2-4-7-9-11-12-14,5810,505,room,7/8,7,4,nested_loop
ESFP_M_O,OBSERVER_3AM,3AM,hysteresis_random,O,0.7094,0.6248,0.3936,0.5317,0.4464,0.3908,0.615,0.5553,145,seventh,0-4-7-11,mixolydian,0-2-4-5-7-9-10,up_down,0-2-4-7-4-2-0-2,3681,396,room,7/8,7,4,nested_loop
ESFP_M_A,RELEASE,A,aa_rh+,A,0.6638,0.7,0.5,0.7,0.745,0.5,0.52,0.5,139,extended,0-4-7-11-14,minor,0-2-3-5-7-8-10,straight_up,0-2-4-7-9-11-12-14,6011,505,room,7/8,7,4,nested_loop
ESFP_M_A,STRESS_GROWTH,B,ao_rh+,B,0.69,0.6,0.5,0.7,0.5952,0.5,0.62,0.5,142,seventh,0-4-7-11,minor,0-2-3-5-7-8-10,straight_up,0-2-4-7-9-11-12-14,4842,505,room,7/8,7,4,nested_loop
ESFP_M_A,EXTREME_GROWTH,C,aa_rh-,A,0.7687,0.7,0.65,0.7,0.745,0.5,0.52,0.6,152,extended,0-4-7-11-14,phrygian,0-1-3-5-7-8-10,straight_up,0-2-4-7-9-11-12-14,6011,505,room,7/8,7,4,nested_loop
ESFP_M_A,PRESENT_MOMENT,D,ao_rh-,B,0.69,0.6,0.5,0.7,0.6322,0.5,0.62,0.5,142,seventh,0-4-7-11,minor,0-2-3-5-7-8-10,straight_up,0-2-4-7-9-11-12-14,5131,505,room,7/8,7,4,nested_loop
ESFP_M_A,OBSERVER_3AM,3AM,hysteresis_random,A,0.5275,0.502,0.5554,0.7166,0.8126,0.5218,0.6251,0.8131,123,seventh,0-4-7-11,minor,0-2-3-5-7-8-10,straight_up,0-2-4-7-9-11-12-14,6538,526,room,7/8,7,8,fractal_recursive
ESFP_M_B,RELEASE,A,aa_rh+,B,0.6367,0.6,0.5,0.7,0.745,0.5,0.62,0.5,136,seventh,0-4-7-11,minor,0-2-3-5-7-8-10,straight_up,0-2-4-7-9-11-12-14,6011,505,room,7/8,7,4,nested_loop
ESFP_M_B,STRESS_GROWTH,B,ao_rh+,AB,0.69,0.6,0.5,0.7,0.7447,0.5,0.52,0.6,142,seventh,0-4-7-11,minor,0-2-3-5-7-8-10,straight_up,0-2-4-7-9-11-12-14,6008,505,room,7/8,7,4,nested_loop
ESFP_M_B,EXTREME_GROWTH,C,aa_rh-,B,0.6272,0.6,0.65,0.7,0.745,0.5,0.62,0.6,135,seventh,0-4-7-11,phrygian,0-1-3-5-7-8-10,straight_up,0-2-4-7-9-11-12-14,6011,505,room,7/8,7,4,nested_loop
ESFP_M_B,PRESENT_MOMENT,D,ao_rh-,AB,0.69,0.6,0.5,0.7,0.7418,0.5,0.52,0.6,142,seventh,0-4-7-11,minor,0-2-3-5-7-8-10,straight_up,0-2-4-7-9-11-12-14,5986,505,room,7/8,7,4,nested_loop
ESFP_M_B,OBSERVER_3AM,3AM,hysteresis_random,B,0.5906,0.6487,0.4035,0.6577,0.7047,0.6188,0.5945,0.6498,130,seventh,0-4-7-11,minor,0-2-3-5-7-8-10,up_down,0-2-4-7-4-2-0-2,5696,622,hall,7/8,7,4,nested_loop
ESFP_M_AB,RELEASE,A,aa_rh+,AB,0.5788,0.6,0.5,0.7,0.745,0.5,0.52,0.6,129,seventh,0-4-7-11,minor,0-2-3-5-7-8-10,straight_up,0-2-4-7-9-11-12-14,6011,505,room,7/8,7,4,nested_loop
ESFP_M_AB,STRESS_GROWTH,B,ao_rh+,O,0.79,0.6,0.5,0.7,0.8602,0.5,0.52,0.5,154,seventh,0-4-7-11,minor,0-2-3-5-7-8-10,straight_up,0-2-4-7-9-11-12-14,6909,505,room,7/8,7,4,nested_loop
ESFP_M_AB,EXTREME_GROWTH,C,aa_rh-,AB,0.8791,0.6,0.65,0.7,0.745,0.5,0.52,0.7,165,seventh,0-4-7-11,phrygian,0-1-3-5-7-8-10,straight_up,0-2-4-7-9-11-12-14,6011,505,room,7/8,7,8,fractal_recursive
ESFP_M_AB,PRESENT_MOMENT,D,ao_rh-,O,0.79,0.6,0.5,0.7,0.9477,0.5,0.52,0.5,154,seventh,0-4-7-11,minor,0-2-3-5-7-8-10,straight_up,0-2-4-7-9-11-12-14,7592,505,room,7/8,7,4,nested_loop
ESFP_M_AB,OBSERVER_3AM,3AM,hysteresis_random,AB,0.8924,0.5164,0.4405,0.6432,0.7187,0.3709,0.3841,0.7694,167,seventh,0-4-7-11,minor,0-2-3-5-7-8-10,up_down,0-2-4-7-4-2-0-2,5805,377,room,3/4,3,8,fractal_recursive
ESFP_F_O,RELEASE,A,aa_rh+,O,0.8189,0.6,0.5,0.7,0.745,0.55,0.52,0.5,158,seventh,0-4-7-11,minor,0-2-3-5-7-8-10,straight_up,0-2-4-7-9-11-12-14,6011,554,room,7/8,7,4,nested_loop
ESFP_F_O,STRESS_GROWTH,B,ao_rh+,A,0.64,0.7,0.5,0.7,0.7922,0.55,0.52,0.5,136,extended,0-4-7-11-14,minor,0-2-3-5-7-8-10,straight_up,0-2-4-7-9-11-12-14,6379,554,room,7/8,7,4,nested_loop
ESFP_F_O,EXTREME_GROWTH,C,aa_rh-,O,0.7274,0.6,0.65,0.7,0.745,0.55,0.52,0.6,147,seventh,0-4-7-11,phrygian,0-1-3-5-7-8-10,straight_up,0-2-4-7-9-11-12-14,6011,554,room,7/8,7,4,nested_loop
ESFP_F_O,PRESENT_MOMENT,D,ao_rh-,A,0.64,0.7,0.5,0.7,0.828,0.55,0.52,0.5,136,extended,0-4-7-11-14,minor,0-2-3-5-7-8-10,straight_up,0-2-4-7-9-11-12-14,6658,554,room,7/8,7,4,nested_loop
ESFP_F_O,OBSERVER_3AM,3AM,hysteresis_random,O,0.6484,0.4382,0.5092,0.6598,0.5191,0.7039,0.6038,0.6148,137,triad,0-4-7,minor,0-2-3-5-7-8-10,up_down,0-2-4-7-4-2-0-2,4248,706,hall,7/8,7,4,nested_loop
ESFP_F_A,RELEASE,A,aa_rh+,A,0.7442,0.7,0.5,0.7,0.745,0.55,0.52,0.5,149,extended,0-4-7-11-14,minor,0-2-3-5-7-8-10,straight_up,0-2-4-7-9-11-12-14,6011,554,room,7/8,7,4,nested_loop
ESFP_F_A,STRESS_GROWTH,B,ao_rh+,B,0.64,0.6,0.5,0.7,0.6121,0.55,0.62,0.5,136,seventh,0-4-7-11,minor,0-2-3-5-7-8-10,straight_up,0-2-4-7-9-11-12-14,4974,554,room,7/8,7,4,nested_loop
ESFP_F_A,EXTREME_GROWTH,C,aa_rh-,A,0.6117,0.7,0.65,0.7,0.745,0.55,0.52,0.6,133,extended,0-4-7-11-14,phrygian,0-1-3-5-7-8-10,straight_up,0-2-4-7-9-11-12-14,6011,554,room,7/8,7,4,nested_loop
ESFP_F_A,PRESENT_MOMENT,D,ao_rh-,B,0.64,0.6,0.5,0.7,0.732,0.55,0.62,0.5,136,seventh,0-4-7-11,minor,0-2-3-5-7-8-10,straight_up,0-2-4-7-9-11-12-14,5909,554,room,7/8,7,4,nested_loop
ESFP_F_A,OBSERVER_3AM,3AM,hysteresis_random,A,0.8044,0.4972,0.553,0.8812,0.5739,0.4669,0.5128,0.5502,156,triad,0-4-7,minor,0-2-3-5-7-8-10,straight_up,0-2-4-7-9-11-12-14,4676,472,room,7/8,7,4,nested_loop
ESFP_F_B,RELEASE,A,aa_rh+,B,0.6072,0.6,0.5,0.7,0.745,0.55,0.62,0.5,132,seventh,0-4-7-11,minor,0-2-3-5-7-8-10,straight_up,0-2-4-7-9-11-12-14,6011,554,room,7/8,7,4,nested_loop
ESFP_F_B,STRESS_GROWTH,B,ao_rh+,AB,0.64,0.6,0.5,0.7,0.7255,0.5,0.52,0.6,136,seventh,0-4-7-11,minor,0-2-3-5-7-8-10,straight_up,0-2-4-7-9-11-12-14,5858,505,room,7/8,7,4,nested_loop
ESFP_F_B,EXTREME_GROWTH,C,aa_rh-,B,0.5178,0.6,0.65,0.7,0.745,0.55,0.62,0.6,122,seventh,0-4-7-11,phrygian,0-1-3-5-7-8-10,straight_up,0-2-4-7-9-11-12-14,6011,554,room,7/8,7,4,nested_loop
ESFP_F_B,PRESENT_MOMENT,D,ao_rh-,AB,0.64,0.6,0.5,0.7,0.6883,0.5,0.52,0.6,136,seventh,0-4-7-11,minor,0-2-3-5-7-8-10,straight_up,0-2-4-7-9-11-12-14,5568,505,room,7/8,7,4,nested_loop
ESFP_F_B,OBSERVER_3AM,3AM,hysteresis_random,B,0.714,0.5125,0.4507,0.8312,0.7805,0.5477,0.5857,0.8411,145,seventh,0-4-7-11,minor,0-2-3-5-7-8-10,straight_up,0-2-4-7-9-11-12-14,6288,552,room,7/8,7,8,fractal_recursive
ESFP_F_AB,RELEASE,A,aa_rh+,AB,0.6847,0.6,0.5,0.7,0.745,0.5,0.52,0.6,142,seventh,0-4-7-11,minor,0-2-3-5-7-8-10,straight_up,0-2-4-7-9-11-12-14,6011,505,room,7/8,7,4,nested_loop
ESFP_F_AB,STRESS_GROWTH,B,ao_rh+,O,0.74,0.6,0.5,0.7,0.6474,0.55,0.52,0.5,148,seventh,0-4-7-11,minor,0-2-3-5-7-8-10,straight_up,0-2-4-7-9-11-12-14,5249,554,room,7/8,7,4,nested_loop
ESFP_F_AB,EXTREME_GROWTH,C,aa_rh-,AB,0.5556,0.6,0.65,0.7,0.745,0.5,0.52,0.7,126,seventh,0-4-7-11,phrygian,0-1-3-5-7-8-10,straight_up,0-2-4-7-9-11-12-14,6011,505,room,7/8,7,8,fractal_recursive
ESFP_F_AB,PRESENT_MOMENT,D,ao_rh-,O,0.74,0.6,0.5,0.7,0.7192,0.55,0.52,0.5,148,seventh,0-4-7-11,minor,0-2-3-5-7-8-10,straight_up,0-2-4-7-9-11-12-14,5809,554,room,7/8,7,4,nested_loop
ESFP_F_AB,OBSERVER_3AM,3AM,hysteresis_random,AB,0.6651,0.618,0.4776,0.4907,0.4299,0.5286,0.5754,0.7754,139,seventh,0-4-7-11,minor,0-2-3-5-7-8-10,wandering,0-2-4-3-5-7-6-4,3553,533,room,7/8,7,8,fractal_recursive
