num,element,profile,shape1,shape1_music,shape1_tech,shape1_sport,shape1_shape,shape2,shape2_music,shape2_tech,shape2_sport,shape2_shape,shape3,shape3_music,shape3_tech,shape3_sport,shape3_shape,shape4,shape4_music,shape4_tech,shape4_sport,shape4_shape
1,H,ENFP_M_O,FLOW,"high-energy improvised noise rock (diatonic, 2-bar short loop)",modular process leather craft (multi-component),urban flow parkour (dynamic),saturated mid-field 2-bar linear pulse,CONTRAST,"frantic angular industrial rock (diatonic, 2-bar short loop)",modular disruptive bookbinding (multi-component),urban explosive wingsuit flying (dynamic),saturated mid-field 2-bar sine wave,EMERGENCE,"frantic layered math rock (diatonic, 2-bar short loop)",modular emergent woodworking (multi-component),urban adaptive speed flying (dynamic),saturated mid-field 2-bar spiral ascent,STRUCTURE,"high-energy through-composed post-punk (diatonic, 2-bar short loop)",modular system metal smithing (multi-component),urban precision canyoneering (dynamic),saturated mid-field 2-bar sawtooth cascade
2,He,ISFP_F_A,FLOW,"mid-tempo improvised lowercase (polyphonic, 1-bar single pulse)",modular process studio practice (multi-domain),studio flow kayak touring (controlled),luminescent near-field 1-bar sine wave,EMERGENCE,"mid-tempo layered post-rock slow (polyphonic, 1-bar single pulse)",modular emergent manual craft (multi-domain),studio adaptive standup paddle boarding (controlled),luminescent near-field 1-bar spiral ascent,STRUCTURE,"mid-tempo through-composed minimalist composition (polyphonic, 1-bar single pulse)",modular system handmade production (multi-domain),studio precision snorkeling (controlled),luminescent near-field 1-bar sawtooth cascade,CONTRAST,"mid-tempo angular drone ambient (polyphonic, 1-bar single pulse)",modular disruptive artisan workshop (multi-domain),studio explosive longboard cruising (controlled),luminescent near-field 1-bar toroidal fold
3,Li,ESFJ_M_O,CONTRAST,"mid-tempo angular avant-garde metal (diatonic, 2-bar short loop)",ad-hoc disruptive industrial design (multi-component),urban explosive nature walking (survival-grade),void-black mid-field 2-bar spiral ascent,FLOW,"driving improvised industrial metal (diatonic, 2-bar short loop)",ad-hoc process product design (multi-component),urban flow indoor climbing (survival-grade),void-black mid-field 2-bar sawtooth cascade,STRUCTURE,"driving through-composed spectral harsh (diatonic, 2-bar short loop)",ad-hoc system furniture making (multi-component),urban precision mountain biking (survival-grade),void-black mid-field 2-bar toroidal fold,EMERGENCE,"mid-tempo layered blackened ambient (diatonic, 2-bar short loop)",ad-hoc emergent scale model building (multi-component),urban adaptive hiking (survival-grade),void-black mid-field 2-bar golden ratio spiral
4,Be,INTP_M_O,CONTRAST,"mid-tempo angular post-punk (monophonic, 4-bar cycle loop)",modular disruptive level design (single-layer),urban explosive birdwatching trek (dynamic),saturated mid-field 4-bar sawtooth cascade,STRUCTURE,"driving through-composed noise rock (monophonic, 4-bar cycle loop)",modular system narrative design (single-layer),urban precision mountain biking (dynamic),saturated mid-field 4-bar toroidal fold,FLOW,"driving improvised doom metal slow (monophonic, 4-bar cycle loop)",modular process worldbuilding (single-layer),urban flow trail running steep (dynamic),saturated mid-field 4-bar golden ratio spiral,EMERGENCE,"mid-tempo layered drone metal (monophonic, 4-bar cycle loop)",modular emergent game design (single-layer),urban adaptive nature walking (dynamic),saturated mid-field 4-bar helical drift
5,B,ENTP_F_A,FLOW,"mid-tempo improvised baroque pop (diatonic, 1-bar single pulse)",modular process artisan workshop (multi-component),indoor flow longboard cruising (controlled),luminescent point-source 1-bar toroidal fold,CONTRAST,"mid-tempo angular folktronica (diatonic, 1-bar single pulse)",modular disruptive studio practice (multi-component),studio explosive kayak touring (controlled),luminescent near-field 1-bar golden ratio spiral,EMERGENCE,"mid-tempo layered indie folk (diatonic, 1-bar single pulse)",modular emergent manual craft (multi-component),studio adaptive standup paddle boarding (controlled),luminescent near-field 1-bar helical drift,STRUCTURE,"mid-tempo through-composed chamber pop (diatonic, 1-bar single pulse)",modular system handmade production (multi-component),indoor precision snorkeling (controlled),luminescent point-source 1-bar Julia set
6,C,ESTP_M_O,CONTRAST,"mid-tempo angular industrial rock (diatonic, 2-bar short loop)",systematic disruptive scale model building (multi-component),urban explosive kayak touring (dynamic),saturated mid-field 2-bar golden ratio spiral,STRUCTURE,"mid-tempo through-composed math rock (diatonic, 2-bar short loop)",systematic system industrial design (multi-component),urban precision standup paddle boarding (dynamic),saturated mid-field 2-bar helical drift,EMERGENCE,"mid-tempo layered post-punk (diatonic, 2-bar short loop)",systematic emergent product design (multi-component),urban adaptive snorkeling (dynamic),saturated mid-field 2-bar Julia set,FLOW,"mid-tempo improvised noise rock (diatonic, 2-bar short loop)",systematic process furniture making (multi-component),urban flow longboard cruising (dynamic),saturated mid-field 2-bar Möbius strip
7,N,INTP_M_AB,CONTRAST,"slow angular shoegaze (monophonic, 2-bar short loop)",ad-hoc disruptive woodworking (single-layer),studio explosive qi gong (technical),bright near-field 2-bar helical drift,STRUCTURE,"mid-tempo through-composed post-rock (monophonic, 2-bar short loop)",ad-hoc system metal smithing (single-layer),studio precision birdwatching trek (technical),bright near-field 2-bar Julia set,FLOW,"mid-tempo improvised slowcore (monophonic, 2-bar short loop)",ad-hoc process leather craft (single-layer),studio flow trail running easy (technical),bright near-field 2-bar Möbius strip,EMERGENCE,"slow layered darkwave melodic (monophonic, 2-bar short loop)",ad-hoc emergent bookbinding (single-layer),studio adaptive tai chi (technical),bright near-field 2-bar circular cycle
t8,O,ISTP_M_O,EMERGENCE,"mid-tempo layered indie rock (diatonic, 8-bar nested loop)",modular emergent CAD design (multi-component),urban adaptive birdwaching trek (technical),bright mid-field 8-bar Julia set,FLOW,"driving improvised jangle pop (diatonic, 8-bar nested loop)",modular process architectural drafting (multi-component),urban flow mountain biking (technical),bright mid-field 8-bar Möbius strip,CONTRAST,"driving angular darkwave melodic (diatonic, 8-bar nested loop)",modular disruptive interior design render (multi-component),urban explosive trail running steep (technical),bright mid-field 8-bar circular cycle,STRUCTURE,"mid-tempo through-composed shoegaze (diatonic, 8-bar nested loop)",modular system 3D modeling (multi-component),urban precision nature walking (technical),bright mid-field 8-bar square wave
9,F,ESTJ_F_AB,STRUCTURE,"slow through-composed drone ambient (diatonic, 2-bar short loop)",systematic system artisan workshop (multi-component),indoor precision slack lining (controlled),luminescent point-source 2-bar Möbius strip,EMERGENCE,"slow layered lowercase (diatonic, 2-bar short loop)",systematic emergent studio practice (multi-component),indoor adaptive balance board (controlled),luminescent point-source 2-bar circular cycle,FLOW,"slow improvised post-rock slow (diatonic, 2-bar short loop)",systematic process manual craft (multi-component),indoor flow pistol shooting (controlled),luminescent point-source 2-bar square wave,CONTRAST,"slow angular minimalist composition (diatonic, 2-bar short loop)",systematic disruptive handmade production (multi-component),indoor explosive archery target (controlled),luminescent point-source 2-bar fractal branch
10,Ne,ENFP_F_A,FLOW,"driving improvised folktronica (diatonic, 1-bar single pulse)",modular process studio practice (multi-component),indoor flow skateboard street (controlled),luminescent point-source 1-bar circular cycle,CONTRAST,"driving angular indie folk (diatonic, 1-bar single pulse)",modular disruptive manual craft (multi-component),studio explosive snowboard freeride (controlled),luminescent near-field 1-bar square wave,EMERGENCE,"driving layered minimalist composition (diatonic, 1-bar single pulse)",modular emergent handmade production (multi-component),studio adaptive surfing longboard (controlled),luminescent near-field 1-bar fractal branch,STRUCTURE,"driving through-composed drone ambient (diatonic, 1-bar single pulse)",modular system artisan workshop (multi-component),indoor precision BMX park (controlled),luminescent point-source 1-bar Lissajous curve
11,Na,INFJ_F_A,EMERGENCE,"mid-tempo layered post-rock slow (chromatic, 2-bar short loop)",modular emergent illustration (interdisciplinary),studio adaptive standup paddle boarding (controlled),luminescent near-field 2-bar square wave,FLOW,"mid-tempo improvised minimalist composition (chromatic, 2-bar short loop)",modular process painting studio (interdisciplinary),urban flow snorkeling (controlled),luminescent mid-field 2-bar fractal branch,STRUCTURE,"mid-tempo through-composed drone ambient (chromatic, 2-bar short loop)",modular system textile design (interdisciplinary),urban precision longboard cruising (controlled),luminescent mid-field 2-bar Lissajous curve,CONTRAST,"mid-tempo angular lowercase (chromatic, 2-bar short loop)",modular disruptive ceramic art (interdisciplinary),studio explosive kayak touring (controlled),luminescent near-field 2-bar figure-8 weave
12,Mg,ESFP_F_O,EMERGENCE,"slow layered dream pop (chromatic, 4-bar cycle loop)",systematic emergent product design (interdisciplinary),studio adaptive archery target (controlled),luminescent near-field 4-bar fractal branch,FLOW,"slow improvised ambient folk (chromatic, 4-bar cycle loop)",systematic process furniture making (interdisciplinary),studio flow slack lining (controlled),luminescent near-field 4-bar Lissajous curve,CONTRAST,"slow angular city pop (chromatic, 4-bar cycle loop)",systematic disruptive scale model building (interdisciplinary),studio explosive balance board (technical),bright near-field 4-bar figure-8 weave,STRUCTURE,"slow through-composed future bass (chromatic, 4-bar cycle loop)",systematic system industrial design (interdisciplinary),studio precision pistol shooting (technical),bright near-field 4-bar Penrose tile
13,Al,ESFP_M_O,CONTRAST,"mid-tempo angular dance-punk (diatonic, 2-bar short loop)",modular disruptive furniture making (multi-component),urban explosive trail running easy (dynamic),saturated mid-field 2-bar Lissajous curve,FLOW,"mid-tempo improvised new rave (diatonic, 2-bar short loop)",modular process scale model building (multi-component),urban flow hiking (dynamic),saturated mid-field 2-bar figure-8 weave,EMERGENCE,"mid-tempo layered math rock (diatonic, 2-bar short loop)",modular emergent industrial design (multi-component),urban adaptive nature walking (dynamic),saturated mid-field 2-bar Penrose tile,STRUCTURE,"mid-tempo through-composed post-punk (diatonic, 2-bar short loop)",modular system product design (multi-component),urban precision birdwatching trek (dynamic),saturated mid-field 2-bar recursive tree
14,Si,ISTP_M_O,EMERGENCE,"mid-tempo layered madchester (diatonic, 8-bar nested loop)",modular emergent interior design render (multi-component),urban adaptive hiking (technical),bright mid-field 8-bar figure-8 weave,FLOW,"driving improvised krautrock melodic (diatonic, 8-bar nested loop)",modular process 3D modeling (multi-component),urban flow bouldering (technical),bright mid-field 8-bar Penrose tile,CONTRAST,"driving angular post-rock (diatonic, 8-bar nested loop)",modular disruptive CAD design (multi-component),urban explosive indoor climbing (technical),bright mid-field 8-bar recursive tree,STRUCTURE,"mid-tempo through-composed slowcore (diatonic, 8-bar nested loop)",modular system architectural drafting (multi-component),urban precision trail running easy (technical),bright mid-field 8-bar linear pulse
15,P,ISTP_F_O,EMERGENCE,"mid-tempo layered indie folk (chromatic, 16-bar recursive spiral)",systematic emergent parametric design (interdisciplinary),studio adaptive standup paddle boarding (controlled),luminescent near-field 16-bar Penrose tile,STRUCTURE,"mid-tempo through-composed chamber pop (chromatic, 16-bar recursive spiral)",systematic system computational design (interdisciplinary),studio precision snorkeling (controlled),luminescent near-field 16-bar recursive tree,FLOW,"mid-tempo improvised baroque pop (chromatic, 16-bar recursive spiral)",systematic process BIM modeling (interdisciplinary),studio flow longboard cruising (controlled),luminescent near-field 16-bar linear pulse,CONTRAST,"mid-tempo angular folktronica (chromatic, 16-bar recursive spiral)",systematic disruptive digital fabrication (interdisciplinary),studio explosive kayak touring (controlled),luminescent near-field 16-bar sine wave
16,S,INFJ_F_A,EMERGENCE,"mid-tempo layered minimalist composition (chromatic, 2-bar short loop)",modular emergent painting studio (interdisciplinary),studio adaptive snorkeling (controlled),luminescent near-field 2-bar recursive tree,FLOW,"mid-tempo improvised drone ambient (chromatic, 2-bar short loop)",modular process textile design (interdisciplinary),urban flow longboard cruising (controlled),luminescent mid-field 2-bar linear pulse,STRUCTURE,"mid-tempo through-composed lowercase (chromatic, 2-bar short loop)",modular system ceramic art (interdisciplinary),urban precision kayak touring (controlled),luminescent mid-field 2-bar sine wave,CONTRAST,"mid-tempo angular post-rock slow (chromatic, 2-bar short loop)",modular disruptive illustration (interdisciplinary),studio explosive standup paddle boarding (controlled),luminescent near-field 2-bar spiral ascent
17,Cl,ESTJ_F_O,STRUCTURE,"mid-tempo through-composed jangle pop (chromatic, 4-bar cycle loop)",civilizational system textile design (interdisciplinary),studio precision tennis baseline (technical),bright near-field 4-bar linear pulse,EMERGENCE,"mid-tempo layered madchester (chromatic, 4-bar cycle loop)",civilizational emergent ceramic art (interdisciplinary),studio adaptive golf course (technical),bright near-field 4-bar sine wave,FLOW,"mid-tempo improvised krautrock melodic (chromatic, 4-bar cycle loop)",civilizational process illustration (interdisciplinary),studio flow swimming freestyle (technical),bright near-field 4-bar spiral ascent,CONTRAST,"mid-tempo angular indie rock (chromatic, 4-bar cycle loop)",civilizational disruptive painting studio (interdisciplinary),studio explosive rowing steady (technical),bright near-field 4-bar sawtooth cascade
18,Ar,ENFJ_M_O,FLOW,"high-energy improvised industrial rock (chromatic, 2-bar short loop)",modular process scale model building (interdisciplinary),studio flow free running (dynamic),saturated near-field 2-bar sine wave,CONTRAST,"high-energy angular math rock (chromatic, 2-bar short loop)",modular disruptive industrial design (interdisciplinary),studio explosive cliff diving (dynamic),saturated near-field 2-bar spiral ascent,EMERGENCE,"high-energy layered dark ambient (chromatic, 2-bar short loop)",modular emergent product design (interdisciplinary),studio adaptive canyoneering (dynamic),saturated near-field 2-bar sawtooth cascade,STRUCTURE,"high-energy through-composed dungeon synth (chromatic, 2-bar short loop)",modular system furniture making (interdisciplinary),studio precision parkour (dynamic),saturated near-field 2-bar toroidal fold
19,K,ENFJ_F_A,FLOW,"mid-tempo improvised post-rock slow (chromatic, 2-bar short loop)",modular process illustration (interdisciplinary),indoor flow standup paddle boarding (controlled),luminescent point-source 2-bar spiral ascent,EMERGENCE,"mid-tempo layered minimalist composition (chromatic, 2-bar short loop)",modular emergent painting studio (interdisciplinary),indoor adaptive snorkeling (controlled),luminescent point-source 2-bar sawtooth cascade,STRUCTURE,"mid-tempo through-composed drone ambient (chromatic, 2-bar short loop)",modular system textile design (interdisciplinary),indoor precision longboard cruising (controlled),luminescent point-source 2-bar toroidal fold,CONTRAST,"mid-tempo angular lowercase (chromatic, 2-bar short loop)",modular disruptive ceramic art (interdisciplinary),indoor explosive kayak touring (controlled),luminescent point-source 2-bar golden ratio spiral
20,Ca,ENTJ_M_O,CONTRAST,"mid-tempo angular industrial metal (diatonic, 2-bar short loop)",ad-hoc disruptive product design (multi-component),urban explosive birdwatching trek (survival-grade),void-black mid-field 2-bar sawtooth cascade,FLOW,"driving improvised cybergrind (diatonic, 2-bar short loop)",ad-hoc process furniture making (multi-component),urban flow mountain biking (survival-grade),void-black mid-field 2-bar toroidal fold,STRUCTURE,"driving through-composed blackened ambient (diatonic, 2-bar short loop)",ad-hoc system scale model building (multi-component),urban precision trail running steep (survival-grade),void-black mid-field 2-bar golden ratio spiral,EMERGENCE,"mid-tempo layered void core (diatonic, 2-bar short loop)",ad-hoc emergent industrial design (multi-component),urban adaptive nature walking (survival-grade),void-black mid-field 2-bar helical drift
21,Sc,ENFP_M_O,FLOW,"high-energy improvised noise rock (diatonic, 2-bar short loop)",modular process leather craft (multi-component),urban flow parkour (dynamic),saturated mid-field 2-bar toroidal fold,CONTRAST,"frantic angular industrial rock (diatonic, 2-bar short loop)",modular disruptive bookbinding (multi-component),urban explosive wingsuit flying (dynamic),saturated mid-field 2-bar golden ratio spiral,EMERGENCE,"frantic layered math rock (diatonic, 2-bar short loop)",modular emergent woodworking (multi-component),urban adaptive speed flying (dynamic),saturated mid-field 2-bar helical drift,STRUCTURE,"high-energy through-composed post-punk (diatonic, 2-bar short loop)",modular system metal smithing (multi-component),urban precision canyoneering (dynamic),saturated mid-field 2-bar Julia set
22,Ti,ESTJ_F_A,STRUCTURE,"mid-tempo through-composed lowercase (diatonic, 2-bar short loop)",architectural system ceramic art (multi-component),indoor precision golf course (controlled),luminescent point-source 2-bar golden ratio spiral,EMERGENCE,"mid-tempo layered post-rock slow (diatonic, 2-bar short loop)",architectural emergent illustration (multi-component),studio adaptive swimming freestyle (controlled),luminescent near-field 2-bar helical drift,FLOW,"mid-tempo improvised minimalist composition (diatonic, 2-bar short loop)",architectural process painting studio (multi-component),studio flow rowing steady (controlled),luminescent near-field 2-bar Julia set,CONTRAST,"mid-tempo angular drone ambient (diatonic, 2-bar short loop)",architectural disruptive textile design (multi-component),indoor explosive tennis baseline (controlled),luminescent point-source 2-bar Möbius strip
23,V,ESFP_F_O,EMERGENCE,"slow layered twee pop (chromatic, 4-bar cycle loop)",systematic emergent industrial design (interdisciplinary),studio adaptive pistol shooting (controlled),luminescent near-field 4-bar helical drift,FLOW,"slow improvised dream pop (chromatic, 4-bar cycle loop)",systematic process product design (interdisciplinary),studio flow archery target (controlled),luminescent near-field 4-bar Julia set,CONTRAST,"slow angular retrowave (chromatic, 4-bar cycle loop)",systematic disruptive furniture making (interdisciplinary),studio explosive slack lining (technical),bright near-field 4-bar Möbius strip,STRUCTURE,"slow through-composed city pop (chromatic, 4-bar cycle loop)",systematic system scale model building (interdisciplinary),studio precision balance board (technical),bright near-field 4-bar circular cycle
24,Cr,ENFP_F_A,FLOW,"driving improvised chamber pop (diatonic, 1-bar single pulse)",modular process handmade production (multi-component),indoor flow surfing longboard (controlled),luminescent point-source 1-bar Julia set,CONTRAST,"driving angular baroque pop (diatonic, 1-bar single pulse)",modular disruptive artisan workshop (multi-component),studio explosive BMX park (controlled),luminescent near-field 1-bar Möbius strip,EMERGENCE,"driving layered lowercase (diatonic, 1-bar single pulse)",modular emergent studio practice (multi-component),studio adaptive skateboard street (controlled),luminescent near-field 1-bar circular cycle,STRUCTURE,"driving through-composed post-rock slow (diatonic, 1-bar single pulse)",modular system manual craft (multi-component),indoor precision snowboard freeride (controlled),luminescent point-source 1-bar square wave
25,Mn,INFJ_F_O,EMERGENCE,"mid-tempo layered baroque pop (chromatic, 4-bar cycle loop)",systematic emergent textile design (interdisciplinary),urban adaptive longboard cruising (controlled),luminescent mid-field 4-bar Möbius strip,FLOW,"mid-tempo improvised folktronica (chromatic, 4-bar cycle loop)",systematic process ceramic art (interdisciplinary),urban flow kayak touring (controlled),luminescent mid-field 4-bar circular cycle,STRUCTURE,"mid-tempo through-composed krautrock melodic (chromatic, 4-bar cycle loop)",systematic system illustration (interdisciplinary),urban precision standup paddle boarding (technical),bright mid-field 4-bar square wave,CONTRAST,"mid-tempo angular indie rock (chromatic, 4-bar cycle loop)",systematic disruptive painting studio (interdisciplinary),urban explosive snorkeling (technical),bright mid-field 4-bar fractal branch
26,Fe,ISTJ_F_A,EMERGENCE,"mid-tempo layered darkwave melodic (diatonic, 2-bar short loop)",systematic emergent ceramic art (multi-component),indoor adaptive kayak touring (technical),bright point-source 2-bar circular cycle,STRUCTURE,"mid-tempo through-composed shoegaze (diatonic, 2-bar short loop)",systematic system illustration (multi-component),studio precision standup paddle boarding (technical),bright near-field 2-bar square wave,FLOW,"mid-tempo improvised post-rock (diatonic, 2-bar short loop)",systematic process painting studio (multi-component),studio flow snorkeling (technical),bright near-field 2-bar fractal branch,CONTRAST,"mid-tempo angular slowcore (diatonic, 2-bar short loop)",systematic disruptive textile design (multi-component),indoor explosive longboard cruising (technical),bright point-source 2-bar Lissajous curve
27,Co,ENTJ_F_A,FLOW,"mid-tempo improvised shoegaze (diatonic, 2-bar short loop)",modular process illustration (multi-component),studio flow nature walking (technical),bright near-field 2-bar square wave,CONTRAST,"mid-tempo angular post-rock (diatonic, 2-bar short loop)",modular disruptive painting studio (multi-component),studio explosive birdwatching trek (technical),bright near-field 2-bar fractal branch,EMERGENCE,"mid-tempo layered slowcore (diatonic, 2-bar short loop)",modular emergent textile design (multi-component),studio adaptive trail running easy (technical),bright near-field 2-bar Lissajous curve,STRUCTURE,"mid-tempo through-composed darkwave melodic (diatonic, 2-bar short loop)",modular system ceramic art (multi-component),studio precision hiking (technical),bright near-field 2-bar figure-8 weave
28,Ni,ESFJ_F_A,FLOW,"mid-tempo improvised post-rock (chromatic, 2-bar short loop)",modular process painting studio (interdisciplinary),indoor flow birdwatching trek (technical),bright point-source 2-bar fractal branch,EMERGENCE,"mid-tempo layered slowcore (chromatic, 2-bar short loop)",modular emergent textile design (interdisciplinary),studio adaptive trail running easy (technical),bright near-field 2-bar Lissajous curve,CONTRAST,"mid-tempo angular darkwave melodic (chromatic, 2-bar short loop)",modular disruptive ceramic art (interdisciplinary),studio explosive hiking (technical),bright near-field 2-bar figure-8 weave,STRUCTURE,"mid-tempo through-composed shoegaze (chromatic, 2-bar short loop)",modular system illustration (interdisciplinary),indoor precision nature walking (technical),bright point-source 2-bar Penrose tile
29,Cu,ESTJ_M_O,CONTRAST,"mid-tempo angular noise rock (diatonic, 2-bar short loop)",systematic disruptive textile design (multi-component),urban explosive longboard cruising (dynamic),saturated mid-field 2-bar Lissajous curve,FLOW,"driving improvised industrial rock (diatonic, 2-bar short loop)",systematic process ceramic art (multi-component),urban flow skateboard street (dynamic),saturated mid-field 2-bar figure-8 weave,EMERGENCE,"driving layered blackened noise (diatonic, 2-bar short loop)",systematic emergent illustration (multi-component),urban adaptive snowboard freeride (extreme),dark mid-field 2-bar Penrose tile,STRUCTURE,"mid-tempo through-composed funeral doom (diatonic, 2-bar short loop)",systematic system painting studio (multi-component),urban precision snorkeling (extreme),dark mid-field 2-bar recursive tree
30,Zn,ENFP_F_A,FLOW,"driving improvised folktronica (diatonic, 1-bar single pulse)",modular process studio practice (multi-component),indoor flow skateboard street (controlled),luminescent point-source 1-bar figure-8 weave,CONTRAST,"driving angular indie folk (diatonic, 1-bar single pulse)",modular disruptive manual craft (multi-component),studio explosive snowboard freeride (controlled),luminescent near-field 1-bar Penrose tile,EMERGENCE,"driving layered minimalist composition (diatonic, 1-bar single pulse)",modular emergent handmade production (multi-component),studio adaptive surfing longboard (controlled),luminescent near-field 1-bar recursive tree,STRUCTURE,"driving through-composed drone ambient (diatonic, 1-bar single pulse)",modular system artisan workshop (multi-component),indoor precision BMX park (controlled),luminescent point-source 1-bar linear pulse
31,Ga,ISTJ_F_A,EMERGENCE,"mid-tempo layered shoegaze (diatonic, 2-bar short loop)",systematic emergent illustration (multi-component),indoor adaptive standup paddle boarding (technical),bright point-source 2-bar Penrose tile,STRUCTURE,"mid-tempo through-composed post-rock (diatonic, 2-bar short loop)",systematic system painting studio (multi-component),studio precision snorkeling (technical),bright near-field 2-bar recursive tree,FLOW,"mid-tempo improvised slowcore (diatonic, 2-bar short loop)",systematic process textile design (multi-component),studio flow longboard cruising (technical),bright near-field 2-bar linear pulse,CONTRAST,"mid-tempo angular darkwave melodic (diatonic, 2-bar short loop)",systematic disruptive ceramic art (multi-component),indoor explosive kayak touring (technical),bright point-source 2-bar sine wave
32,Ge,ESTJ_F_O,STRUCTURE,"mid-tempo through-composed indie rock (chromatic, 4-bar cycle loop)",civilizational system painting studio (interdisciplinary),studio precision rowing steady (technical),bright near-field 4-bar recursive tree,EMERGENCE,"mid-tempo layered jangle pop (chromatic, 4-bar cycle loop)",civilizational emergent textile design (interdisciplinary),studio adaptive tennis baseline (technical),bright near-field 4-bar linear pulse,FLOW,"mid-tempo improvised madchester (chromatic, 4-bar cycle loop)",civilizational process ceramic art (interdisciplinary),studio flow golf course (technical),bright near-field 4-bar sine wave,CONTRAST,"mid-tempo angular krautrock melodic (chromatic, 4-bar cycle loop)",civilizational disruptive illustration (interdisciplinary),studio explosive swimming freestyle (technical),bright near-field 4-bar spiral ascent
33,As,ESTP_M_A,CONTRAST,"slow angular slowcore (monophonic, 2-bar short loop)",modular disruptive artisan workshop (single-layer),studio explosive slack lining (technical),bright near-field 2-bar linear pulse,STRUCTURE,"slow through-composed darkwave melodic (monophonic, 2-bar short loop)",modular system studio practice (single-layer),studio precision balance board (technical),bright near-field 2-bar sine wave,EMERGENCE,"slow layered drone metal (monophonic, 2-bar short loop)",modular emergent manual craft (single-layer),studio adaptive pistol shooting (dynamic),saturated near-field 2-bar spiral ascent,FLOW,"slow improvised post-rock (monophonic, 2-bar short loop)",modular process handmade production (single-layer),studio flow archery target (technical),bright near-field 2-bar sawtooth cascade
34,Se,ISTJ_M_A,CONTRAST,"mid-tempo angular void ambient (monophonic, 2-bar short loop)",ad-hoc disruptive studio practice (single-layer),studio explosive hiking (extreme),dark near-field 2-bar sine wave,FLOW,"mid-tempo improvised blackened noise (monophonic, 2-bar short loop)",ad-hoc process manual craft (single-layer),studio flow nature walking (extreme),dark near-field 2-bar spiral ascent,STRUCTURE,"mid-tempo through-composed atonal drone (monophonic, 2-bar short loop)",ad-hoc system handmade production (single-layer),studio precision birdwatching trek (survival-grade),void-black near-field 2-bar sawtooth cascade,EMERGENCE,"mid-tempo layered dark drone (monophonic, 2-bar short loop)",ad-hoc emergent artisan workshop (single-layer),studio adaptive trail running easy (extreme),dark near-field 2-bar toroidal fold
35,Br,ISTJ_M_O,CONTRAST,"mid-tempo angular avant-garde metal (diatonic, 2-bar short loop)",modular disruptive illustration (multi-component),urban explosive nature walking (survival-grade),void-black mid-field 2-bar spiral ascent,FLOW,"driving improvised industrial metal (diatonic, 2-bar short loop)",modular process painting studio (multi-component),urban flow indoor climbing (survival-grade),void-black mid-field 2-bar sawtooth cascade,STRUCTURE,"driving through-composed spectral harsh (diatonic, 2-bar short loop)",modular system textile design (multi-component),urban precision mountain biking (survival-grade),void-black mid-field 2-bar toroidal fold,EMERGENCE,"mid-tempo layered blackened ambient (diatonic, 2-bar short loop)",modular emergent ceramic art (multi-component),urban adaptive hiking (survival-grade),void-black mid-field 2-bar golden ratio spiral
36,Kr,ISFJ_F_A,STRUCTURE,"mid-tempo through-composed minimalist composition (diatonic, 2-bar short loop)",architectural system painting studio (multi-component),studio precision rowing steady (controlled),luminescent near-field 2-bar sawtooth cascade,EMERGENCE,"mid-tempo layered drone ambient (diatonic, 2-bar short loop)",architectural emergent textile design (multi-component),studio adaptive tennis baseline (controlled),luminescent near-field 2-bar toroidal fold,FLOW,"mid-tempo improvised lowercase (diatonic, 2-bar short loop)",architectural process ceramic art (multi-component),studio flow golf course (controlled),luminescent near-field 2-bar golden ratio spiral,CONTRAST,"mid-tempo angular post-rock slow (diatonic, 2-bar short loop)",architectural disruptive illustration (multi-component),studio explosive swimming freestyle (controlled),luminescent near-field 2-bar helical drift
37,Rb,INFJ_M_O,FLOW,"mid-tempo improvised noise rock (diatonic, 2-bar short loop)",modular process textile design (multi-component),wilderness flow trail running easy (dynamic),saturated infinite-field 2-bar toroidal fold,EMERGENCE,"driving layered industrial rock (diatonic, 2-bar short loop)",modular emergent ceramic art (multi-component),wilderness adaptive trail running steep (dynamic),saturated infinite-field 2-bar golden ratio spiral,CONTRAST,"driving angular drone metal (diatonic, 2-bar short loop)",modular disruptive illustration (multi-component),wilderness explosive bouldering (dynamic),saturated infinite-field 2-bar helical drift,STRUCTURE,"mid-tempo through-composed dark ambient (diatonic, 2-bar short loop)",modular system painting studio (multi-component),wilderness precision birdwatching trek (dynamic),saturated infinite-field 2-bar Julia set
38,Sr,ENTJ_M_O,CONTRAST,"mid-tempo angular mathcore (diatonic, 2-bar short loop)",ad-hoc disruptive scale model building (multi-component),urban explosive hiking (survival-grade),void-black mid-field 2-bar golden ratio spiral,FLOW,"driving improvised avant-garde metal (diatonic, 2-bar short loop)",ad-hoc process industrial design (multi-component),urban flow bouldering (survival-grade),void-black mid-field 2-bar helical drift,STRUCTURE,"driving through-composed atonal drone (diatonic, 2-bar short loop)",ad-hoc system product design (multi-component),urban precision indoor climbing (survival-grade),void-black mid-field 2-bar Julia set,EMERGENCE,"mid-tempo layered spectral harsh (diatonic, 2-bar short loop)",ad-hoc emergent furniture making (multi-component),urban adaptive trail running easy (survival-grade),void-black mid-field 2-bar Möbius strip
39,Y,ENTJ_F_O,FLOW,"mid-tempo improvised krautrock melodic (chromatic, 4-bar cycle loop)",modular process industrial design (interdisciplinary),studio flow standup paddle boarding (technical),bright near-field 4-bar helical drift,CONTRAST,"mid-tempo angular indie rock (chromatic, 4-bar cycle loop)",modular disruptive product design (interdisciplinary),studio explosive snorkeling (technical),bright near-field 4-bar Julia set,EMERGENCE,"mid-tempo layered noise rock (chromatic, 4-bar cycle loop)",modular emergent furniture making (interdisciplinary),studio adaptive longboard cruising (dynamic),saturated near-field 4-bar Möbius strip,STRUCTURE,"mid-tempo through-composed industrial rock (chromatic, 4-bar cycle loop)",modular system scale model building (interdisciplinary),studio precision kayak touring (dynamic),saturated near-field 4-bar circular cycle
40,Zr,INFJ_F_A,EMERGENCE,"mid-tempo layered minimalist composition (chromatic, 2-bar short loop)",modular emergent painting studio (interdisciplinary),studio adaptive snorkeling (controlled),luminescent near-field 2-bar Julia set,FLOW,"mid-tempo improvised drone ambient (chromatic, 2-bar short loop)",modular process textile design (interdisciplinary),urban flow longboard cruising (controlled),luminescent mid-field 2-bar Möbius strip,STRUCTURE,"mid-tempo through-composed lowercase (chromatic, 2-bar short loop)",modular system ceramic art (interdisciplinary),urban precision kayak touring (controlled),luminescent mid-field 2-bar circular cycle,CONTRAST,"mid-tempo angular post-rock slow (chromatic, 2-bar short loop)",modular disruptive illustration (interdisciplinary),studio explosive standup paddle boarding (controlled),luminescent near-field 2-bar square wave
41,Nb,INTP_M_A,CONTRAST,"mid-tempo angular slowcore (monophonic, 2-bar short loop)",ad-hoc disruptive furniture making (single-layer),studio explosive trail running easy (technical),bright near-field 2-bar Möbius strip,STRUCTURE,"mid-tempo through-composed darkwave melodic (monophonic, 2-bar short loop)",ad-hoc system scale model building (single-layer),studio precision hiking (technical),bright near-field 2-bar circular cycle,FLOW,"mid-tempo improvised drone metal (monophonic, 2-bar short loop)",ad-hoc process industrial design (single-layer),studio flow nature walking (dynamic),saturated near-field 2-bar square wave,EMERGENCE,"mid-tempo layered post-rock (monophonic, 2-bar short loop)",ad-hoc emergent product design (single-layer),studio adaptive birdwatching trek (technical),bright near-field 2-bar fractal branch
42,Mo,ISTJ_F_A,EMERGENCE,"mid-tempo layered shoegaze (diatonic, 2-bar short loop)",systematic emergent illustration (multi-component),indoor adaptive standup paddle boarding (technical),bright point-source 2-bar spiral ascent,STRUCTURE,"mid-tempo through-composed post-rock (diatonic, 2-bar short loop)",systematic system painting studio (multi-component),studio precision snorkeling (technical),bright near-field 2-bar sawtooth cascade,FLOW,"mid-tempo improvised slowcore (diatonic, 2-bar short loop)",systematic process textile design (multi-component),studio flow longboard cruising (technical),bright near-field 2-bar toroidal fold,CONTRAST,"mid-tempo angular darkwave melodic (diatonic, 2-bar short loop)",systematic disruptive ceramic art (multi-component),indoor explosive kayak touring (technical),bright point-source 2-bar golden ratio spiral
43,Tc,INTP_F_A,STRUCTURE,"mid-tempo through-composed post-rock slow (diatonic, 2-bar short loop)",modular system industrial design (multi-component),indoor precision standup paddle boarding (controlled),luminescent point-source 2-bar square wave,EMERGENCE,"mid-tempo layered minimalist composition (diatonic, 2-bar short loop)",modular emergent product design (multi-component),studio adaptive snorkeling (controlled),luminescent near-field 2-bar fractal branch,CONTRAST,"mid-tempo angular drone ambient (diatonic, 2-bar short loop)",modular disruptive furniture making (multi-component),studio explosive longboard cruising (controlled),luminescent near-field 2-bar Lissajous curve,FLOW,"mid-tempo improvised lowercase (diatonic, 2-bar short loop)",modular process scale model building (multi-component),indoor flow kayak touring (controlled),luminescent point-source 2-bar figure-8 weave
44,Ru,INFP_F_O,FLOW,"mid-tempo improvised chamber pop (microtonal, 2-bar short loop)",systematic process metal smithing (transdisciplinary),studio flow snorkeling (controlled),luminescent near-field 2-bar fractal branch,EMERGENCE,"mid-tempo layered baroque pop (microtonal, 2-bar short loop)",systematic emergent leather craft (transdisciplinary),studio adaptive longboard cruising (controlled),luminescent near-field 2-bar Lissajous curve,STRUCTURE,"mid-tempo through-composed madchester (microtonal, 2-bar short loop)",systematic system bookbinding (transdisciplinary),studio precision kayak touring (technical),bright near-field 2-bar figure-8 weave,CONTRAST,"mid-tempo angular krautrock melodic (microtonal, 2-bar short loop)",systematic disruptive woodworking (transdisciplinary),studio explosive standup paddle boarding (technical),bright near-field 2-bar Penrose tile
45,Rh,ISFJ_F_O,STRUCTURE,"mid-tempo through-composed baroque pop (diatonic, 4-bar cycle loop)",civilizational system furniture making (multi-component),studio precision tennis baseline (controlled),luminescent near-field 4-bar Lissajous curve,EMERGENCE,"mid-tempo layered folktronica (diatonic, 4-bar cycle loop)",civilizational emergent scale model building (multi-component),studio adaptive golf course (controlled),luminescent near-field 4-bar figure-8 weave,FLOW,"mid-tempo improvised krautrock melodic (diatonic, 4-bar cycle loop)",civilizational process industrial design (multi-component),studio flow swimming freestyle (technical),bright near-field 4-bar Penrose tile,CONTRAST,"mid-tempo angular indie rock (diatonic, 4-bar cycle loop)",civilizational disruptive product design (multi-component),studio explosive rowing steady (technical),bright near-field 4-bar recursive tree
46,Pd,INTJ_M_A,FLOW,"mid-tempo improvised darkwave melodic (diatonic, 1-bar single pulse)",ad-hoc process bookbinding (multi-component),studio flow hiking (technical),bright near-field 1-bar figure-8 weave,CONTRAST,"mid-tempo angular shoegaze (diatonic, 1-bar single pulse)",ad-hoc disruptive woodworking (multi-component),studio explosive nature walking (technical),bright near-field 1-bar Penrose tile,EMERGENCE,"mid-tempo layered dark ambient (diatonic, 1-bar single pulse)",ad-hoc emergent metal smithing (multi-component),studio adaptive birdwatching trek (dynamic),saturated near-field 1-bar recursive tree,STRUCTURE,"mid-tempo through-composed slowcore (diatonic, 1-bar single pulse)",ad-hoc system leather craft (multi-component),studio precision trail running easy (technical),bright near-field 1-bar linear pulse
47,Ag,ESFP_M_O,CONTRAST,"mid-tempo angular hyperpop (diatonic, 2-bar short loop)",modular disruptive industrial design (multi-component),urban explosive nature walking (dynamic),saturated mid-field 2-bar Penrose tile,FLOW,"mid-tempo improvised electro swing (diatonic, 2-bar short loop)",modular process product design (multi-component),urban flow birdwatching trek (dynamic),saturated mid-field 2-bar recursive tree,EMERGENCE,"mid-tempo layered noise rock (diatonic, 2-bar short loop)",modular emergent furniture making (multi-component),urban adaptive trail running easy (dynamic),saturated mid-field 2-bar linear pulse,STRUCTURE,"mid-tempo through-composed industrial rock (diatonic, 2-bar short loop)",modular system scale model building (multi-component),urban precision hiking (dynamic),saturated mid-field 2-bar sine wave
48,Cd,ESFP_F_A,EMERGENCE,"slow layered chamber pop (diatonic, 2-bar short loop)",modular emergent painting studio (multi-component),studio adaptive archery target (controlled),luminescent near-field 2-bar recursive tree,FLOW,"slow improvised baroque pop (diatonic, 2-bar short loop)",modular process textile design (multi-component),studio flow slack lining (controlled),luminescent near-field 2-bar linear pulse,CONTRAST,"slow angular folktronica (diatonic, 2-bar short loop)",modular disruptive ceramic art (multi-component),studio explosive balance board (controlled),luminescent near-field 2-bar sine wave,STRUCTURE,"slow through-composed indie folk (diatonic, 2-bar short loop)",modular system illustration (multi-component),studio precision pistol shooting (controlled),luminescent near-field 2-bar spiral ascent
49,In,ESFP_M_A,CONTRAST,"slow angular jangle pop (monophonic, 2-bar short loop)",ad-hoc disruptive artisan workshop (single-layer),urban explosive yoga restorative (technical),bright mid-field 2-bar linear pulse,FLOW,"slow improvised madchester (monophonic, 2-bar short loop)",ad-hoc process studio practice (single-layer),urban flow tai chi (technical),bright mid-field 2-bar sine wave,EMERGENCE,"slow layered math rock (monophonic, 2-bar short loop)",ad-hoc emergent manual craft (single-layer),urban adaptive qi gong (dynamic),saturated mid-field 2-bar spiral ascent,STRUCTURE,"slow through-composed indie rock (monophonic, 2-bar short loop)",ad-hoc system handmade production (single-layer),urban precision gentle swimming (technical),bright mid-field 2-bar sawtooth cascade
50,Sn,ENFJ_F_O,FLOW,"driving improvised folktronica (polyphonic, 4-bar cycle loop)",systematic process scale model building (multi-domain),studio flow skateboard street (controlled),luminescent near-field 4-bar sine wave,EMERGENCE,"driving layered indie folk (polyphonic, 4-bar cycle loop)",systematic emergent industrial design (multi-domain),studio adaptive snowboard freeride (controlled),luminescent near-field 4-bar spiral ascent,STRUCTURE,"driving through-composed indie rock (polyphonic, 4-bar cycle loop)",systematic system product design (multi-domain),studio precision surfing longboard (technical),bright near-field 4-bar sawtooth cascade,CONTRAST,"driving angular jangle pop (polyphonic, 4-bar cycle loop)",systematic disruptive furniture making (multi-domain),studio explosive BMX park (technical),bright near-field 4-bar toroidal fold
51,Sb,ESFP_F_A,EMERGENCE,"slow layered indie folk (diatonic, 2-bar short loop)",modular emergent illustration (multi-component),studio adaptive pistol shooting (controlled),luminescent near-field 2-bar spiral ascent,FLOW,"slow improvised chamber pop (diatonic, 2-bar short loop)",modular process painting studio (multi-component),studio flow archery target (controlled),luminescent near-field 2-bar sawtooth cascade,CONTRAST,"slow angular baroque pop (diatonic, 2-bar short loop)",modular disruptive textile design (multi-component),studio explosive slack lining (controlled),luminescent near-field 2-bar toroidal fold,STRUCTURE,"slow through-composed folktronica (diatonic, 2-bar short loop)",modular system ceramic art (multi-component),studio precision balance board (controlled),luminescent near-field 2-bar golden ratio spiral
52,Te,ENFJ_F_A,FLOW,"mid-tempo improvised minimalist composition (chromatic, 2-bar short loop)",modular process painting studio (interdisciplinary),indoor flow snorkeling (controlled),luminescent point-source 2-bar sawtooth cascade,EMERGENCE,"mid-tempo layered drone ambient (chromatic, 2-bar short loop)",modular emergent textile design (interdisciplinary),indoor adaptive longboard cruising (controlled),luminescent point-source 2-bar toroidal fold,STRUCTURE,"mid-tempo through-composed lowercase (chromatic, 2-bar short loop)",modular system ceramic art (interdisciplinary),indoor precision kayak touring (controlled),luminescent point-source 2-bar golden ratio spiral,CONTRAST,"mid-tempo angular post-rock slow (chromatic, 2-bar short loop)",modular disruptive illustration (interdisciplinary),indoor explosive standup paddle boarding (controlled),luminescent point-source 2-bar helical drift
53,I,ISFP_F_O,FLOW,"mid-tempo improvised baroque pop (microtonal, 2-bar short loop)",systematic process leather craft (transdisciplinary),studio flow longboard cruising (controlled),luminescent near-field 2-bar toroidal fold,EMERGENCE,"mid-tempo layered folktronica (microtonal, 2-bar short loop)",systematic emergent bookbinding (transdisciplinary),studio adaptive kayak touring (controlled),luminescent near-field 2-bar golden ratio spiral,STRUCTURE,"mid-tempo through-composed krautrock melodic (microtonal, 2-bar short loop)",systematic system woodworking (transdisciplinary),studio precision standup paddle boarding (technical),bright near-field 2-bar helical drift,CONTRAST,"mid-tempo angular indie rock (microtonal, 2-bar short loop)",systematic disruptive metal smithing (transdisciplinary),studio explosive snorkeling (technical),bright near-field 2-bar Julia set
54,Xe,ESFJ_F_A,FLOW,"mid-tempo improvised darkwave melodic (chromatic, 2-bar short loop)",modular process ceramic art (interdisciplinary),indoor flow hiking (technical),bright point-source 2-bar golden ratio spiral,EMERGENCE,"mid-tempo layered shoegaze (chromatic, 2-bar short loop)",modular emergent illustration (interdisciplinary),studio adaptive nature walking (technical),bright near-field 2-bar helical drift,CONTRAST,"mid-tempo angular post-rock (chromatic, 2-bar short loop)",modular disruptive painting studio (interdisciplinary),studio explosive birdwatching trek (technical),bright near-field 2-bar Julia set,STRUCTURE,"mid-tempo through-composed slowcore (chromatic, 2-bar short loop)",modular system textile design (interdisciplinary),indoor precision trail running easy (technical),bright point-source 2-bar Möbius strip
55,Cs,ENFJ_M_O,FLOW,"high-energy improvised math rock (chromatic, 2-bar short loop)",modular process industrial design (interdisciplinary),studio flow cliff diving (dynamic),saturated near-field 2-bar helical drift,CONTRAST,"high-energy angular post-punk (chromatic, 2-bar short loop)",modular disruptive product design (interdisciplinary),studio explosive canyoneering (dynamic),saturated near-field 2-bar Julia set,EMERGENCE,"high-energy layered dungeon synth (chromatic, 2-bar short loop)",modular emergent furniture making (interdisciplinary),studio adaptive parkour (dynamic),saturated near-field 2-bar Möbius strip,STRUCTURE,"high-energy through-composed doom metal slow (chromatic, 2-bar short loop)",modular system scale model building (interdisciplinary),studio precision free running (dynamic),saturated near-field 2-bar circular cycle
56,Ba,INTJ_M_O,FLOW,"mid-tempo improvised post-punk (chromatic, 2-bar short loop)",modular process metal smithing (interdisciplinary),urban flow birdwatching trek (dynamic),saturated mid-field 2-bar Julia set,CONTRAST,"driving angular noise rock (chromatic, 2-bar short loop)",modular disruptive leather craft (interdisciplinary),urban explosive mountain biking (dynamic),saturated mid-field 2-bar Möbius strip,EMERGENCE,"driving layered doom metal slow (chromatic, 2-bar short loop)",modular emergent bookbinding (interdisciplinary),urban adaptive trail running steep (dynamic),saturated mid-field 2-bar circular cycle,STRUCTURE,"mid-tempo through-composed drone metal (chromatic, 2-bar short loop)",modular system woodworking (interdisciplinary),urban precision nature walking (dynamic),saturated mid-field 2-bar square wave
57,La,ISFP_M_O,FLOW,"mid-tempo improvised noise rock (chromatic, 2-bar short loop)",modular process leather craft (interdisciplinary),urban flow trail running easy (dynamic),saturated mid-field 2-bar Möbius strip,CONTRAST,"driving angular industrial rock (chromatic, 2-bar short loop)",modular disruptive bookbinding (interdisciplinary),urban explosive trail running steep (dynamic),saturated mid-field 2-bar circular cycle,EMERGENCE,"driving layered drone metal (chromatic, 2-bar short loop)",modular emergent woodworking (interdisciplinary),urban adaptive bouldering (dynamic),saturated mid-field 2-bar square wave,STRUCTURE,"mid-tempo through-composed dark ambient (chromatic, 2-bar short loop)",modular system metal smithing (interdisciplinary),urban precision birdwatching trek (dynamic),saturated mid-field 2-bar fractal branch
58,Ce,INFP_M_O,FLOW,"mid-tempo improvised industrial rock (chromatic, 2-bar short loop)",modular process bookbinding (interdisciplinary),urban flow hiking (dynamic),saturated mid-field 2-bar circular cycle,CONTRAST,"driving angular math rock (chromatic, 2-bar short loop)",modular disruptive woodworking (interdisciplinary),urban explosive bouldering (dynamic),saturated mid-field 2-bar square wave,EMERGENCE,"driving layered dark ambient (chromatic, 2-bar short loop)",modular emergent metal smithing (interdisciplinary),urban adaptive indoor climbing (dynamic),saturated mid-field 2-bar fractal branch,STRUCTURE,"mid-tempo through-composed dungeon synth (chromatic, 2-bar short loop)",modular system leather craft (interdisciplinary),urban precision trail running easy (dynamic),saturated mid-field 2-bar Lissajous curve
59,Pr,ENTJ_F_O,FLOW,"mid-tempo improvised krautrock melodic (chromatic, 4-bar cycle loop)",modular process industrial design (interdisciplinary),studio flow standup paddle boarding (technical),bright near-field 4-bar square wave,CONTRAST,"mid-tempo angular indie rock (chromatic, 4-bar cycle loop)",modular disruptive product design (interdisciplinary),studio explosive snorkeling (technical),bright near-field 4-bar fractal branch,EMERGENCE,"mid-tempo layered noise rock (chromatic, 4-bar cycle loop)",modular emergent furniture making (interdisciplinary),studio adaptive longboard cruising (dynamic),saturated near-field 4-bar Lissajous curve,STRUCTURE,"mid-tempo through-composed industrial rock (chromatic, 4-bar cycle loop)",modular system scale model building (interdisciplinary),studio precision kayak touring (dynamic),saturated near-field 4-bar figure-8 weave
60,Nd,ESTP_F_O,STRUCTURE,"slow through-composed chamber pop (chromatic, 4-bar cycle loop)",civilizational system product design (interdisciplinary),studio precision pilates reformer (controlled),luminescent near-field 4-bar fractal branch,EMERGENCE,"slow layered baroque pop (chromatic, 4-bar cycle loop)",civilizational emergent furniture making (interdisciplinary),studio adaptive artistic swimming (controlled),luminescent near-field 4-bar Lissajous curve,FLOW,"slow improvised madchester (chromatic, 4-bar cycle loop)",civilizational process scale model building (interdisciplinary),studio flow figure skating (technical),bright near-field 4-bar figure-8 weave,CONTRAST,"slow angular krautrock melodic (chromatic, 4-bar cycle loop)",civilizational disruptive industrial design (interdisciplinary),studio explosive rhythmic gymnastics (technical),bright near-field 4-bar Penrose tile
61,Pm,INTJ_M_A,FLOW,"mid-tempo improvised slowcore (diatonic, 1-bar single pulse)",ad-hoc process leather craft (multi-component),studio flow trail running easy (technical),bright near-field 1-bar Lissajous curve,CONTRAST,"mid-tempo angular darkwave melodic (diatonic, 1-bar single pulse)",ad-hoc disruptive bookbinding (multi-component),studio explosive hiking (technical),bright near-field 1-bar figure-8 weave,EMERGENCE,"mid-tempo layered drone metal (diatonic, 1-bar single pulse)",ad-hoc emergent woodworking (multi-component),studio adaptive nature walking (dynamic),saturated near-field 1-bar Penrose tile,STRUCTURE,"mid-tempo through-composed post-rock (diatonic, 1-bar single pulse)",ad-hoc system metal smithing (multi-component),studio precision birdwatching trek (technical),bright near-field 1-bar recursive tree
62,Sm,ESTP_F_A,STRUCTURE,"slow through-composed folktronica (diatonic, 2-bar short loop)",architectural system ceramic art (multi-component),indoor precision figure skating (controlled),luminescent point-source 2-bar figure-8 weave,EMERGENCE,"slow layered indie folk (diatonic, 2-bar short loop)",architectural emergent illustration (multi-component),studio adaptive rhythmic gymnastics (controlled),luminescent near-field 2-bar Penrose tile,FLOW,"slow improvised minimalist composition (diatonic, 2-bar short loop)",architectural process painting studio (multi-component),studio flow pilates reformer (controlled),luminescent near-field 2-bar recursive tree,CONTRAST,"slow angular drone ambient (diatonic, 2-bar short loop)",architectural disruptive textile design (multi-component),indoor explosive artistic swimming (controlled),luminescent point-source 2-bar linear pulse
63,Eu,INTP_F_O,STRUCTURE,"mid-tempo through-composed indie folk (diatonic, 4-bar cycle loop)",systematic system game design (multi-component),studio precision standup paddle boarding (controlled),luminescent near-field 4-bar Penrose tile,EMERGENCE,"mid-tempo layered chamber pop (diatonic, 4-bar cycle loop)",systematic emergent level design (multi-component),studio adaptive snorkeling (controlled),luminescent near-field 4-bar recursive tree,CONTRAST,"mid-tempo angular jangle pop (diatonic, 4-bar cycle loop)",systematic disruptive narrative design (multi-component),studio explosive longboard cruising (technical),bright near-field 4-bar linear pulse,FLOW,"mid-tempo improvised madchester (diatonic, 4-bar cycle loop)",systematic process worldbuilding (multi-component),studio flow kayak touring (technical),bright near-field 4-bar sine wave
64,Gd,ENFJ_F_O,FLOW,"driving improvised chamber pop (polyphonic, 4-bar cycle loop)",systematic process product design (multi-domain),studio flow surfing longboard (controlled),luminescent near-field 4-bar recursive tree,EMERGENCE,"driving layered baroque pop (polyphonic, 4-bar cycle loop)",systematic emergent furniture making (multi-domain),studio adaptive BMX park (controlled),luminescent near-field 4-bar linear pulse,STRUCTURE,"driving through-composed madchester (polyphonic, 4-bar cycle loop)",systematic system scale model building (multi-domain),studio precision skateboard street (technical),bright near-field 4-bar sine wave,CONTRAST,"driving angular krautrock melodic (polyphonic, 4-bar cycle loop)",systematic disruptive industrial design (multi-domain),studio explosive snowboard freeride (technical),bright near-field 4-bar spiral ascent
65,Tb,ENFP_F_O,FLOW,"driving improvised baroque pop (chromatic, 2-bar short loop)",systematic process leather craft (interdisciplinary),studio flow BMX park (controlled),luminescent near-field 2-bar linear pulse,CONTRAST,"high-energy angular folktronica (chromatic, 2-bar short loop)",systematic disruptive bookbinding (interdisciplinary),studio explosive BMX aerial (controlled),luminescent near-field 2-bar sine wave,EMERGENCE,"high-energy layered krautrock melodic (chromatic, 2-bar short loop)",systematic emergent woodworking (interdisciplinary),studio adaptive motocross freestyle (technical),bright near-field 2-bar spiral ascent,STRUCTURE,"driving through-composed indie rock (chromatic, 2-bar short loop)",systematic system metal smithing (interdisciplinary),studio precision surfing longboard (technical),bright near-field 2-bar sawtooth cascade
66,Dy,INTJ_F_A,FLOW,"mid-tempo improvised lowercase (polyphonic, 1-bar single pulse)",modular process bookbinding (multi-domain),indoor flow kayak touring (controlled),luminescent point-source 1-bar sine wave,EMERGENCE,"mid-tempo layered post-rock slow (polyphonic, 1-bar single pulse)",modular emergent woodworking (multi-domain),studio adaptive standup paddle boarding (controlled),luminescent near-field 1-bar spiral ascent,STRUCTURE,"mid-tempo through-composed minimalist composition (polyphonic, 1-bar single pulse)",modular system metal smithing (multi-domain),studio precision snorkeling (controlled),luminescent near-field 1-bar sawtooth cascade,CONTRAST,"mid-tempo angular drone ambient (polyphonic, 1-bar single pulse)",modular disruptive leather craft (multi-domain),indoor explosive longboard cruising (controlled),luminescent point-source 1-bar toroidal fold
67,Ho,ENTP_F_A,FLOW,"mid-tempo improvised indie folk (diatonic, 1-bar single pulse)",modular process manual craft (multi-component),indoor flow standup paddle boarding (controlled),luminescent point-source 1-bar spiral ascent,CONTRAST,"mid-tempo angular chamber pop (diatonic, 1-bar single pulse)",modular disruptive handmade production (multi-component),studio explosive snorkeling (controlled),luminescent near-field 1-bar sawtooth cascade,EMERGENCE,"mid-tempo layered baroque pop (diatonic, 1-bar single pulse)",modular emergent artisan workshop (multi-component),studio adaptive longboard cruising (controlled),luminescent near-field 1-bar toroidal fold,STRUCTURE,"mid-tempo through-composed folktronica (diatonic, 1-bar single pulse)",modular system studio practice (multi-component),indoor precision kayak touring (controlled),luminescent point-source 1-bar golden ratio spiral
68,Er,ESTJ_F_A,STRUCTURE,"mid-tempo through-composed minimalist composition (diatonic, 2-bar short loop)",architectural system painting studio (multi-component),indoor precision rowing steady (controlled),luminescent point-source 2-bar sawtooth cascade,EMERGENCE,"mid-tempo layered lowercase (diatonic, 2-bar short loop)",architectural emergent ceramic art (multi-component),studio adaptive golf course (controlled),luminescent near-field 2-bar figure-8 weave,FLOW,"mid-tempo improvised post-rock slow (diatonic, 2-bar short loop)",architectural process illustration (multi-component),studio flow swimming freestyle (controlled),luminescent near-field 2-bar Penrose tile,CONTRAST,"mid-tempo angular post-rock slow (diatonic, 2-bar short loop)",architectural disruptive illustration (multi-component),indoor explosive swimming freestyle (controlled),luminescent point-source 2-bar helical drift
69,Tm,ESTP_M_A,CONTRAST,"slow angular slowcore (monophonic, 2-bar short loop)",modular disruptive artisan workshop (single-layer),studio explosive slack lining (technical),bright near-field 2-bar toroidal fold,STRUCTURE,"slow through-composed darkwave melodic (monophonic, 2-bar short loop)",modular system studio practice (single-layer),studio precision balance board (technical),bright near-field 2-bar golden ratio spiral,EMERGENCE,"slow layered drone metal (monophonic, 2-bar short loop)",modular emergent manual craft (single-layer),studio adaptive pistol shooting (dynamic),saturated near-field 2-bar helical drift,FLOW,"slow improvised post-rock (monophonic, 2-bar short loop)",modular process handmade production (single-layer),studio flow archery target (technical),bright near-field 2-bar Julia set
70,Yb,ESFJ_M_O,CONTRAST,"mid-tempo angular avant-garde metal (diatonic, 2-bar short loop)",ad-hoc disruptive industrial design (multi-component),urban explosive nature walking (survival-grade),void-black mid-field 2-bar Penrose tile,FLOW,"driving improvised industrial metal (diatonic, 2-bar short loop)",ad-hoc process product design (multi-component),urban flow indoor climbing (survival-grade),void-black mid-field 2-bar recursive tree,STRUCTURE,"driving through-composed spectral harsh (diatonic, 2-bar short loop)",ad-hoc system furniture making (multi-component),urban precision mountain biking (survival-grade),void-black mid-field 2-bar linear pulse,EMERGENCE,"mid-tempo layered blackened ambient (diatonic, 2-bar short loop)",ad-hoc emergent scale model building (multi-component),urban adaptive hiking (survival-grade),void-black mid-field 2-bar sine wave
71,Lu,INFP_F_O,FLOW,"mid-tempo improvised indie folk (microtonal, 2-bar short loop)",systematic process woodworking (transdisciplinary),studio flow standup paddle boarding (controlled),luminescent near-field 2-bar helical drift,EMERGENCE,"mid-tempo layered chamber pop (microtonal, 2-bar short loop)",systematic emergent metal smithing (transdisciplinary),studio adaptive snorkeling (controlled),luminescent near-field 2-bar Julia set,STRUCTURE,"mid-tempo through-composed jangle pop (microtonal, 2-bar short loop)",systematic system leather craft (transdisciplinary),studio precision longboard cruising (technical),bright near-field 2-bar Möbius strip,CONTRAST,"mid-tempo angular madchester (microtonal, 2-bar short loop)",systematic disruptive bookbinding (transdisciplinary),studio explosive kayak touring (technical),bright near-field 2-bar circular cycle
72,Hf,ISFJ_M_A,CONTRAST,"mid-tempo angular post-rock (monophonic, 2-bar short loop)",modular disruptive handmade production (single-layer),urban explosive snorkeling (technical),bright mid-field 2-bar Julia set,FLOW,"mid-tempo improvised slowcore (monophonic, 2-bar short loop)",modular process artisan workshop (single-layer),urban flow longboard cruising (technical),bright mid-field 2-bar Möbius strip,STRUCTURE,"mid-tempo through-composed doom metal slow (monophonic, 2-bar short loop)",modular system studio practice (single-layer),urban precision kayak touring (dynamic),saturated mid-field 2-bar circular cycle,EMERGENCE,"mid-tempo layered shoegaze (monophonic, 2-bar short loop)",modular emergent manual craft (single-layer),urban adaptive standup paddle boarding (technical),bright mid-field 2-bar square wave
73,Ta,ESFP_F_A,EMERGENCE,"slow layered baroque pop (diatonic, 2-bar short loop)",modular emergent textile design (multi-component),studio adaptive slack lining (controlled),luminescent near-field 2-bar Möbius strip,FLOW,"slow improvised folktronica (diatonic, 2-bar short loop)",modular process ceramic art (multi-component),studio flow balance board (controlled),luminescent near-field 2-bar circular cycle,CONTRAST,"slow angular indie folk (diatonic, 2-bar short loop)",modular disruptive illustration (multi-component),studio explosive pistol shooting (controlled),luminescent near-field 2-bar square wave,STRUCTURE,"slow through-composed chamber pop (diatonic, 2-bar short loop)",modular system painting studio (multi-component),studio precision archery target (controlled),luminescent near-field 2-bar fractal branch
74,W,ISTP_F_A,EMERGENCE,"mid-tempo layered lowercase (diatonic, 4-bar cycle loop)",modular emergent interior design render (multi-component),indoor adaptive kayak touring (controlled),luminescent point-source 4-bar circular cycle,STRUCTURE,"mid-tempo through-composed post-rock slow (diatonic, 4-bar cycle loop)",modular system 3D modeling (multi-component),studio precision standup paddle boarding (controlled),luminescent near-field 4-bar square wave,FLOW,"mid-tempo improvised minimalist composition (diatonic, 8-bar nested loop)",modular process CAD design (multi-component),studio flow snorkeling (controlled),luminescent near-field 8-bar fractal branch,CONTRAST,"mid-tempo angular drone ambient (diatonic, 4-bar cycle loop)",modular disruptive architectural drafting (multi-component),indoor explosive longboard cruising (controlled),luminescent point-source 4-bar Lissajous curve
75,Re,INTJ_F_O,FLOW,"mid-tempo improvised indie folk (microtonal, 2-bar short loop)",systematic process woodworking (transdisciplinary),studio flow standup paddle boarding (controlled),luminescent near-field 2-bar square wave,EMERGENCE,"mid-tempo layered chamber pop (microtonal, 2-bar short loop)",systematic emergent metal smithing (transdisciplinary),studio adaptive snorkeling (controlled),luminescent near-field 2-bar fractal branch,STRUCTURE,"mid-tempo through-composed jangle pop (microtonal, 2-bar short loop)",systematic system leather craft (transdisciplinary),studio precision longboard cruising (technical),bright near-field 2-bar Lissajous curve,CONTRAST,"mid-tempo angular madchester (microtonal, 2-bar short loop)",systematic disruptive bookbinding (transdisciplinary),studio explosive kayak touring (technical),bright near-field 2-bar figure-8 weave
76,Os,ENFJ_M_A,FLOW,"driving improvised post-rock (diatonic, 2-bar short loop)",ad-hoc process handmade production (multi-component),studio flow indoor climbing (technical),bright near-field 2-bar fractal branch,CONTRAST,"driving angular slowcore (diatonic, 2-bar short loop)",ad-hoc disruptive artisan workshop (multi-component),studio explosive mountain biking (technical),bright near-field 2-bar Lissajous curve,EMERGENCE,"driving layered doom metal slow (diatonic, 2-bar short loop)",ad-hoc emergent studio practice (multi-component),studio adaptive trail running steep (dynamic),saturated near-field 2-bar figure-8 weave,STRUCTURE,"driving through-composed shoegaze (diatonic, 2-bar short loop)",ad-hoc system manual craft (multi-component),studio precision bouldering (technical),bright near-field 2-bar Penrose tile
77,Ir,INTP_M_A,CONTRAST,"mid-tempo angular slowcore (monophonic, 2-bar short loop)",ad-hoc disruptive furniture making (single-layer),studio explosive trail running easy (technical),bright near-field 2-bar Lissajous curve,STRUCTURE,"mid-tempo through-composed darkwave melodic (monophonic, 2-bar short loop)",ad-hoc system scale model building (single-layer),studio precision hiking (technical),bright near-field 2-bar figure-8 weave,FLOW,"mid-tempo improvised drone metal (monophonic, 2-bar short loop)",ad-hoc process industrial design (single-layer),studio flow nature walking (dynamic),saturated near-field 2-bar Penrose tile,EMERGENCE,"mid-tempo layered post-rock (monophonic, 2-bar short loop)",ad-hoc emergent product design (single-layer),studio adaptive birdwatching trek (technical),bright near-field 2-bar recursive tree
78,Pt,ESFJ_F_A,FLOW,"mid-tempo improvised darkwave melodic (chromatic, 2-bar short loop)",modular process ceramic art (interdisciplinary),indoor flow hiking (technical),bright point-source 2-bar figure-8 weave,EMERGENCE,"mid-tempo layered shoegaze (chromatic, 2-bar short loop)",modular emergent illustration (interdisciplinary),studio adaptive nature walking (technical),bright near-field 2-bar Penrose tile,CONTRAST,"mid-tempo angular post-rock (chromatic, 2-bar short loop)",modular disruptive painting studio (interdisciplinary),studio explosive birdwatching trek (technical),bright near-field 2-bar recursive tree,STRUCTURE,"mid-tempo through-composed slowcore (chromatic, 2-bar short loop)",modular system textile design (interdisciplinary),indoor precision trail running easy (technical),bright point-source 2-bar linear pulse
79,Au,ISFJ_F_A,STRUCTURE,"mid-tempo through-composed post-rock slow (diatonic, 2-bar short loop)",architectural system illustration (multi-component),studio precision swimming freestyle (controlled),luminescent near-field 2-bar Penrose tile,EMERGENCE,"mid-tempo layered minimalist composition (diatonic, 2-bar short loop)",architectural emergent painting studio (multi-component),studio adaptive rowing steady (controlled),luminescent near-field 2-bar recursive tree,FLOW,"mid-tempo improvised drone ambient (diatonic, 2-bar short loop)",architectural process textile design (multi-component),studio flow tennis baseline (controlled),luminescent near-field 2-bar linear pulse,CONTRAST,"mid-tempo angular lowercase (diatonic, 2-bar short loop)",architectural disruptive ceramic art (multi-component),studio explosive golf course (controlled),luminescent near-field 2-bar sine wave
80,Hg,INFJ_M_A,FLOW,"mid-tempo improvised post-rock (diatonic, 2-bar short loop)",ad-hoc process handmade production (multi-component),outdoor flow birdwatching trek (technical),bright wide-field 2-bar recursive tree,EMERGENCE,"mid-tempo layered slowcore (diatonic, 2-bar short loop)",ad-hoc emergent artisan workshop (multi-component),outdoor adaptive trail running easy (technical),bright wide-field 2-bar linear pulse,CONTRAST,"mid-tempo angular doom metal slow (diatonic, 2-bar short loop)",ad-hoc disruptive studio practice (multi-component),outdoor explosive hiking (dynamic),saturated wide-field 2-bar sine wave,STRUCTURE,"mid-tempo through-composed shoegaze (diatonic, 2-bar short loop)",ad-hoc system manual craft (multi-component),outdoor precision nature walking (technical),bright wide-field 2-bar spiral ascent
81,Tl,ISFJ_F_O,STRUCTURE,"mid-tempo through-composed baroque pop (diatonic, 4-bar cycle loop)",civilizational system furniture making (multi-component),studio precision tennis baseline (controlled),luminescent near-field 4-bar linear pulse,EMERGENCE,"mid-tempo layered folktronica (diatonic, 4-bar cycle loop)",civilizational emergent scale model building (multi-component),studio adaptive golf course (controlled),luminescent near-field 4-bar sine wave,FLOW,"mid-tempo improvised krautrock melodic (diatonic, 4-bar cycle loop)",civilizational process industrial design (multi-component),studio flow swimming freestyle (technical),bright near-field 4-bar spiral ascent,CONTRAST,"mid-tempo angular indie rock (diatonic, 4-bar cycle loop)",civilizational disruptive product design (multi-component),studio explosive rowing steady (technical),bright near-field 4-bar sawtooth cascade
82,Pb,ENFJ_M_A,FLOW,"driving improvised darkwave melodic (diatonic, 2-bar short loop)",ad-hoc process studio practice (multi-component),studio flow trail running steep (technical),bright near-field 2-bar sine wave,CONTRAST,"driving angular shoegaze (diatonic, 2-bar short loop)",ad-hoc disruptive manual craft (multi-component),studio explosive bouldering (technical),bright near-field 2-bar spiral ascent,EMERGENCE,"driving layered dark ambient (diatonic, 2-bar short loop)",ad-hoc emergent handmade production (multi-component),studio adaptive indoor climbing (dynamic),saturated near-field 2-bar sawtooth cascade,STRUCTURE,"driving through-composed slowcore (diatonic, 2-bar short loop)",ad-hoc system artisan workshop (multi-component),studio precision mountain biking (technical),bright near-field 2-bar toroidal fold
83,Bi,ISTP_M_A,EMERGENCE,"mid-tempo layered shoegaze (monophonic, 4-bar cycle loop)",ad-hoc emergent industrial design (single-layer),studio adaptive nature walking (technical),bright near-field 4-bar spiral ascent,FLOW,"mid-tempo improvised post-rock (monophonic, 4-bar cycle loop)",ad-hoc process product design (single-layer),studio flow birdwatching trek (technical),bright near-field 4-bar sawtooth cascade,CONTRAST,"mid-tempo angular slowcore (monophonic, 4-bar cycle loop)",ad-hoc disruptive furniture making (single-layer),studio explosive trail running easy (technical),bright near-field 4-bar toroidal fold,STRUCTURE,"mid-tempo through-composed darkwave melodic (monophonic, 4-bar cycle loop)",ad-hoc system scale model building (single-layer),studio precision hiking (technical),bright near-field 4-bar golden ratio spiral
84,Po,ESTP_F_A,STRUCTURE,"slow through-composed chamber pop (diatonic, 2-bar short loop)",architectural system painting studio (multi-component),indoor precision pilates reformer (controlled),luminescent point-source 2-bar sawtooth cascade,EMERGENCE,"slow layered baroque pop (diatonic, 2-bar short loop)",architectural emergent textile design (multi-component),studio adaptive artistic swimming (controlled),luminescent near-field 2-bar toroidal fold,FLOW,"slow improvised lowercase (diatonic, 2-bar short loop)",architectural process ceramic art (multi-component),studio flow figure skating (controlled),luminescent near-field 2-bar golden ratio spiral,CONTRAST,"slow angular post-rock slow (diatonic, 2-bar short loop)",architectural disruptive illustration (multi-component),indoor explosive rhythmic gymnastics (controlled),luminescent point-source 2-bar helical drift
85,At,ISTJ_F_O,EMERGENCE,"mid-tempo layered jangle pop (chromatic, 4-bar cycle loop)",architectural emergent textile design (interdisciplinary),studio adaptive tennis baseline (technical),bright near-field 4-bar toroidal fold,STRUCTURE,"mid-tempo through-composed madchester (chromatic, 4-bar cycle loop)",architectural system ceramic art (interdisciplinary),studio precision golf course (technical),bright near-field 4-bar golden ratio spiral,FLOW,"mid-tempo improvised math rock (chromatic, 4-bar cycle loop)",architectural process illustration (interdisciplinary),studio flow swimming freestyle (dynamic),saturated near-field 4-bar helical drift,CONTRAST,"mid-tempo angular post-punk (chromatic, 4-bar cycle loop)",architectural disruptive painting studio (interdisciplinary),studio explosive rowing steady (dynamic),saturated near-field 4-bar Julia set
86,Rn,ENTP_M_O,CONTRAST,"driving angular new rave (diatonic, 2-bar short loop)",modular disruptive bookbinding (multi-component),urban explosive trail running steep (dynamic),saturated mid-field 2-bar golden ratio spiral,FLOW,"driving improvised hyperpop (diatonic, 2-bar short loop)",modular process woodworking (multi-component),urban flow bouldering (dynamic),saturated mid-field 2-bar helical drift,EMERGENCE,"driving layered post-punk (diatonic, 2-bar short loop)",modular emergent metal smithing (multi-component),urban adaptive indoor climbing (dynamic),saturated mid-field 2-bar Julia set,STRUCTURE,"driving through-composed noise rock (diatonic, 2-bar short loop)",modular system leather craft (multi-component),urban precision mountain biking (dynamic),saturated mid-field 2-bar Möbius strip
87,Fr,INFJ_M_O,FLOW,"mid-tempo improvised math rock (diatonic, 2-bar short loop)",modular process illustration (multi-component),wilderness flow nature walking (dynamic),saturated infinite-field 2-bar helical drift,EMERGENCE,"driving layered post-punk (diatonic, 2-bar short loop)",modular emergent painting studio (multi-component),wilderness adaptive indoor climbing (dynamic),saturated infinite-field 2-bar Julia set,CONTRAST,"driving angular dungeon synth (diatonic, 2-bar short loop)",modular disruptive textile design (multi-component),wilderness explosive mountain biking (dynamic),saturated infinite-field 2-bar Möbius strip,STRUCTURE,"mid-tempo through-composed doom metal slow (diatonic, 2-bar short loop)",modular system ceramic art (multi-component),wilderness precision hiking (dynamic),saturated infinite-field 2-bar circular cycle
88,Ra,INTJ_F_O,FLOW,"mid-tempo improvised chamber pop (microtonal, 2-bar short loop)",systematic process metal smithing (transdisciplinary),studio flow snorkeling (controlled),luminescent near-field 2-bar Julia set,EMERGENCE,"mid-tempo layered baroque pop (microtonal, 2-bar short loop)",systematic emergent leather craft (transdisciplinary),studio adaptive longboard cruising (controlled),luminescent near-field 2-bar Möbius strip,STRUCTURE,"mid-tempo through-composed madchester (microtonal, 2-bar short loop)",systematic system bookbinding (transdisciplinary),studio precision kayak touring (technical),bright near-field 2-bar circular cycle,CONTRAST,"mid-tempo angular krautrock melodic (microtonal, 2-bar short loop)",systematic disruptive woodworking (transdisciplinary),studio explosive standup paddle boarding (technical),bright near-field 2-bar square wave
89,Ac,INTP_M_O,CONTRAST,"mid-tempo angular noise rock (monophonic, 4-bar cycle loop)",modular disruptive narrative design (single-layer),urban explosive trail running easy (dynamic),saturated mid-field 4-bar Möbius strip,STRUCTURE,"driving through-composed industrial rock (monophonic, 4-bar cycle loop)",modular system worldbuilding (single-layer),urban precision trail running steep (dynamic),saturated mid-field 4-bar circular cycle,FLOW,"driving improvised drone metal (monophonic, 4-bar cycle loop)",modular process game design (single-layer),urban flow bouldering (dynamic),saturated mid-field 4-bar square wave,EMERGENCE,"mid-tempo layered dark ambient (monophonic, 4-bar cycle loop)",modular emergent level design (single-layer),urban adaptive birdwatching trek (dynamic),saturated mid-field 4-bar fractal branch
90,Th,ESTP_M_O,CONTRAST,"mid-tempo angular industrial rock (diatonic, 2-bar short loop)",systematic disruptive scale model building (multi-component),urban explosive kayak touring (dynamic),saturated mid-field 2-bar circular cycle,STRUCTURE,"mid-tempo through-composed math rock (diatonic, 2-bar short loop)",systematic system industrial design (multi-component),urban precision standup paddle boarding (dynamic),saturated mid-field 2-bar square wave,EMERGENCE,"mid-tempo layered post-punk (diatonic, 2-bar short loop)",systematic emergent product design (multi-component),urban adaptive snorkeling (dynamic),saturated mid-field 2-bar fractal branch,FLOW,"mid-tempo improvised noise rock (diatonic, 2-bar short loop)",systematic process furniture making (multi-component),urban flow longboard cruising (dynamic),saturated mid-field 2-bar Lissajous curve
91,Pa,INFP_F_A,FLOW,"mid-tempo improvised post-rock slow (polyphonic, 1-bar single pulse)",modular process manual craft (multi-domain),studio flow standup paddle boarding (controlled),luminescent near-field 1-bar square wave,EMERGENCE,"mid-tempo layered minimalist composition (polyphonic, 1-bar single pulse)",modular emergent handmade production (multi-domain),studio adaptive snorkeling (controlled),luminescent near-field 1-bar fractal branch,STRUCTURE,"mid-tempo through-composed drone ambient (polyphonic, 1-bar single pulse)",modular system artisan workshop (multi-domain),studio precision longboard cruising (controlled),luminescent near-field 1-bar Lissajous curve,CONTRAST,"mid-tempo angular lowercase (polyphonic, 1-bar single pulse)",modular disruptive studio practice (multi-domain),studio explosive kayak touring (controlled),luminescent near-field 1-bar figure-8 weave
92,U,ISTP_F_A,EMERGENCE,"mid-tempo layered minimalist composition (diatonic, 4-bar cycle loop)",modular emergent CAD design (multi-component),indoor adaptive snorkeling (controlled),luminescent point-source 4-bar fractal branch,STRUCTURE,"mid-tempo through-composed drone ambient (diatonic, 4-bar cycle loop)",modular system architectural drafting (multi-component),studio precision longboard cruising (controlled),luminescent near-field 4-bar Lissajous curve,FLOW,"mid-tempo improvised lowercase (diatonic, 8-bar nested loop)",modular process interior design render (multi-component),studio flow kayak touring (controlled),luminescent near-field 8-bar figure-8 weave,CONTRAST,"mid-tempo angular post-rock slow (diatonic, 4-bar cycle loop)",modular disruptive 3D modeling (multi-component),indoor explosive standup paddle boarding (controlled),luminescent point-source 4-bar Penrose tile
93,Np,ISFP_F_A,FLOW,"mid-tempo improvised drone ambient (polyphonic, 1-bar single pulse)",modular process artisan workshop (multi-domain),studio flow longboard cruising (controlled),luminescent near-field 1-bar Lissajous curve,EMERGENCE,"mid-tempo layered lowercase (polyphonic, 1-bar single pulse)",modular emergent studio practice (multi-domain),studio adaptive kayak touring (controlled),luminescent near-field 1-bar figure-8 weave,STRUCTURE,"mid-tempo through-composed post-rock slow (polyphonic, 1-bar single pulse)",modular system manual craft (multi-domain),studio precision standup paddle boarding (controlled),luminescent near-field 1-bar Penrose tile,CONTRAST,"mid-tempo angular minimalist composition (polyphonic, 1-bar single pulse)",modular disruptive handmade production (multi-domain),studio explosive snorkeling (controlled),luminescent near-field 1-bar recursive tree
94,Pu,ISFP_M_O,FLOW,"mid-tempo improvised industrial rock (chromatic, 2-bar short loop)",modular process bookbinding (interdisciplinary),urban flow hiking (dynamic),saturated mid-field 2-bar figure-8 weave,CONTRAST,"driving angular math rock (chromatic, 2-bar short loop)",modular disruptive woodworking (interdisciplinary),urban explosive bouldering (dynamic),saturated mid-field 2-bar Penrose tile,EMERGENCE,"driving layered dark ambient (chromatic, 2-bar short loop)",modular emergent metal smithing (interdisciplinary),urban adaptive indoor climbing (dynamic),saturated mid-field 2-bar recursive tree,STRUCTURE,"mid-tempo through-composed dungeon synth (chromatic, 2-bar short loop)",modular system leather craft (interdisciplinary),urban precision trail running easy (dynamic),saturated mid-field 2-bar linear pulse
95,Am,INFP_F_A,FLOW,"mid-tempo improvised post-rock slow (polyphonic, 1-bar single pulse)",modular process manual craft (multi-domain),studio flow standup paddle boarding (controlled),luminescent near-field 1-bar Penrose tile,EMERGENCE,"mid-tempo layered minimalist composition (polyphonic, 1-bar single pulse)",modular emergent handmade production (multi-domain),studio adaptive snorkeling (controlled),luminescent near-field 1-bar recursive tree,STRUCTURE,"mid-tempo through-composed drone ambient (polyphonic, 1-bar single pulse)",modular system artisan workshop (multi-domain),studio precision longboard cruising (controlled),luminescent near-field 1-bar linear pulse,CONTRAST,"mid-tempo angular lowercase (polyphonic, 1-bar single pulse)",modular disruptive studio practice (multi-domain),studio explosive kayak touring (controlled),luminescent near-field 1-bar sine wave
96,Cm,ISFP_F_A,FLOW,"mid-tempo improvised minimalist composition (polyphonic, 1-bar single pulse)",modular process handmade production (multi-domain),studio flow snorkeling (controlled),luminescent near-field 1-bar recursive tree,EMERGENCE,"mid-tempo layered drone ambient (polyphonic, 1-bar single pulse)",modular emergent artisan workshop (multi-domain),studio adaptive longboard cruising (controlled),luminescent near-field 1-bar linear pulse,STRUCTURE,"mid-tempo through-composed lowercase (polyphonic, 1-bar single pulse)",modular system studio practice (multi-domain),studio precision kayak touring (controlled),luminescent near-field 1-bar sine wave,CONTRAST,"mid-tempo angular post-rock slow (polyphonic, 1-bar single pulse)",modular disruptive manual craft (multi-domain),studio explosive standup paddle boarding (controlled),luminescent near-field 1-bar spiral ascent
97,Bk,ISTJ_M_O,CONTRAST,"mid-tempo angular cybergrind (diatonic, 2-bar short loop)",modular disruptive textile design (multi-component),urban explosive trail running easy (survival-grade),void-black mid-field 2-bar linear pulse,FLOW,"driving improvised mathcore (diatonic, 2-bar short loop)",modular process ceramic art (multi-component),urban flow trail running steep (survival-grade),void-black mid-field 2-bar sine wave,STRUCTURE,"driving through-composed void core (diatonic, 2-bar short loop)",modular system illustration (multi-component),urban precision bouldering (survival-grade),void-black mid-field 2-bar spiral ascent,EMERGENCE,"mid-tempo layered atonal drone (diatonic, 2-bar short loop)",modular emergent painting studio (multi-component),urban adaptive birdwatching trek (survival-grade),void-black mid-field 2-bar sawtooth cascade
98,Cf,ENTP_M_A,CONTRAST,"mid-tempo angular madchester (monophonic, 1-bar single pulse)",ad-hoc disruptive studio practice (single-layer),studio explosive hiking (technical),bright near-field 1-bar sine wave,FLOW,"mid-tempo improvised krautrock melodic (monophonic, 1-bar single pulse)",ad-hoc process manual craft (single-layer),studio flow nature walking (technical),bright near-field 1-bar spiral ascent,EMERGENCE,"mid-tempo layered post-punk (monophonic, 1-bar single pulse)",ad-hoc emergent handmade production (single-layer),studio adaptive birdwatching trek (dynamic),saturated near-field 1-bar sawtooth cascade,STRUCTURE,"mid-tempo through-composed jangle pop (monophonic, 1-bar single pulse)",ad-hoc system artisan workshop (single-layer),studio precision trail running easy (technical),bright near-field 1-bar toroidal fold
99,Es,ESFJ_M_A,CONTRAST,"mid-tempo angular blackened noise (diatonic, 2-bar short loop)",ad-hoc disruptive manual craft (multi-component),studio explosive nature walking (extreme),dark near-field 2-bar spiral ascent,FLOW,"mid-tempo improvised funeral doom (diatonic, 2-bar short loop)",ad-hoc process handmade production (multi-component),studio flow birdwatching trek (extreme),dark near-field 2-bar sawtooth cascade,STRUCTURE,"mid-tempo through-composed spectral harsh (diatonic, 2-bar short loop)",ad-hoc system artisan workshop (multi-component),studio precision trail running easy (survival-grade),void-black near-field 2-bar toroidal fold,EMERGENCE,"mid-tempo layered void ambient (diatonic, 2-bar short loop)",ad-hoc emergent studio practice (multi-component),studio adaptive hiking (extreme),dark near-field 2-bar golden ratio spiral
100,Fm,INTP_F_A,STRUCTURE,"mid-tempo through-composed minimalist composition (diatonic, 2-bar short loop)",modular system product design (multi-component),indoor precision snorkeling (controlled),luminescent point-source 2-bar sawtooth cascade,EMERGENCE,"mid-tempo layered drone ambient (diatonic, 2-bar short loop)",modular emergent furniture making (multi-component),studio adaptive longboard cruising (controlled),luminescent near-field 2-bar toroidal fold,CONTRAST,"mid-tempo angular lowercase (diatonic, 2-bar short loop)",modular disruptive scale model building (multi-component),studio explosive kayak touring (controlled),luminescent near-field 2-bar golden ratio spiral,FLOW,"mid-tempo improvised post-rock slow (diatonic, 2-bar short loop)",modular process industrial design (multi-component),indoor flow standup paddle boarding (controlled),luminescent point-source 2-bar helical drift
101,Md,ENFP_F_O,FLOW,"driving improvised baroque pop (chromatic, 2-bar short loop)",systematic process leather craft (interdisciplinary),studio flow BMX park (controlled),luminescent near-field 2-bar toroidal fold,CONTRAST,"high-energy angular folktronica (chromatic, 2-bar short loop)",systematic disruptive bookbinding (interdisciplinary),studio explosive BMX aerial (controlled),luminescent near-field 2-bar golden ratio spiral,EMERGENCE,"high-energy layered krautrock melodic (chromatic, 2-bar short loop)",systematic emergent woodworking (interdisciplinary),studio adaptive motocross freestyle (technical),bright near-field 2-bar helical drift,STRUCTURE,"driving through-composed indie rock (chromatic, 2-bar short loop)",systematic system metal smithing (interdisciplinary),studio precision surfing longboard (technical),bright near-field 2-bar Julia set
102,No,ISFJ_M_A,CONTRAST,"mid-tempo angular darkwave melodic (monophonic, 2-bar short loop)",modular disruptive studio practice (single-layer),urban explosive kayak touring (technical),bright mid-field 2-bar golden ratio spiral,FLOW,"mid-tempo improvised shoegaze (monophonic, 2-bar short loop)",modular process manual craft (single-layer),urban flow standup paddle boarding (technical),bright mid-field 2-bar helical drift,STRUCTURE,"mid-tempo through-composed dark ambient (monophonic, 2-bar short loop)",modular system handmade production (single-layer),urban precision snorkeling (dynamic),saturated mid-field 2-bar Julia set,EMERGENCE,"mid-tempo layered slowcore (monophonic, 2-bar short loop)",modular emergent artisan workshop (single-layer),urban adaptive longboard cruising (technical),bright mid-field 2-bar Möbius strip
103,Lr,ESTP_F_O,STRUCTURE,"slow through-composed indie folk (chromatic, 4-bar cycle loop)",civilizational system industrial design (interdisciplinary),studio precision rhythmic gymnastics (controlled),luminescent near-field 4-bar helical drift,EMERGENCE,"slow layered chamber pop (chromatic, 4-bar cycle loop)",civilizational emergent product design (interdisciplinary),studio adaptive pilates reformer (controlled),luminescent near-field 4-bar Julia set,FLOW,"slow improvised jangle pop (chromatic, 4-bar cycle loop)",civilizational process furniture making (interdisciplinary),studio flow artistic swimming (technical),bright near-field 4-bar Möbius strip,CONTRAST,"slow angular madchester (chromatic, 4-bar cycle loop)",civilizational disruptive scale model building (interdisciplinary),studio explosive figure skating (technical),bright near-field 4-bar circular cycle
104,Rf,ENTP_F_O,FLOW,"mid-tempo improvised dream pop (chromatic, 2-bar short loop)",systematic process metal smithing (interdisciplinary),studio flow snorkeling (controlled),luminescent near-field 2-bar Julia set,CONTRAST,"mid-tempo angular ambient folk (chromatic, 2-bar short loop)",systematic disruptive leather craft (interdisciplinary),studio explosive longboard cruising (controlled),luminescent near-field 2-bar Möbius strip,EMERGENCE,"mid-tempo layered city pop (chromatic, 2-bar short loop)",systematic emergent bookbinding (interdisciplinary),studio adaptive kayak touring (technical),bright near-field 2-bar circular cycle,STRUCTURE,"mid-tempo through-composed future bass (chromatic, 2-bar short loop)",systematic system woodworking (interdisciplinary),studio precision standup paddle boarding (technical),bright near-field 2-bar square wave
105,Db,ENTJ_M_A,CONTRAST,"mid-tempo angular dark drone (monophonic, 2-bar short loop)",ad-hoc disruptive artisan workshop (single-layer),urban explosive trail running easy (extreme),dark mid-field 2-bar Möbius strip,FLOW,"mid-tempo improvised void ambient (monophonic, 2-bar short loop)",ad-hoc process studio practice (single-layer),urban flow hiking (extreme),dark mid-field 2-bar circular cycle,STRUCTURE,"mid-tempo through-composed void core (monophonic, 2-bar short loop)",ad-hoc system manual craft (single-layer),urban precision nature walking (survival-grade),void-black mid-field 2-bar square wave,EMERGENCE,"mid-tempo layered funeral doom (monophonic, 2-bar short loop)",ad-hoc emergent handmade production (single-layer),urban adaptive birdwatching trek (extreme),dark mid-field 2-bar fractal branch
106,Sg,INFP_M_O,FLOW,"mid-tempo improvised math rock (chromatic, 2-bar short loop)",modular process woodworking (interdisciplinary),urban flow nature walking (dynamic),saturated mid-field 2-bar spiral ascent,CONTRAST,"driving angular post-punk (chromatic, 2-bar short loop)",modular disruptive metal smithing (interdisciplinary),urban explosive indoor climbing (dynamic),saturated mid-field 2-bar sawtooth cascade,EMERGENCE,"driving layered dungeon synth (chromatic, 2-bar short loop)",modular emergent leather craft (interdisciplinary),urban adaptive mountain biking (dynamic),saturated mid-field 2-bar toroidal fold,STRUCTURE,"mid-tempo through-composed doom metal slow (chromatic, 2-bar short loop)",modular system bookbinding (interdisciplinary),urban precision hiking (dynamic),saturated mid-field 2-bar golden ratio spiral
107,Bh,ISFP_M_A,FLOW,"mid-tempo improvised shoegaze (diatonic, 1-bar single pulse)",ad-hoc process manual craft (multi-component),urban flow nature walking (technical),bright mid-field 1-bar square wave,CONTRAST,"mid-tempo angular post-rock (diatonic, 1-bar single pulse)",ad-hoc disruptive handmade production (multi-component),urban explosive birdwatching trek (technical),bright mid-field 1-bar fractal branch,EMERGENCE,"mid-tempo layered dungeon synth (diatonic, 1-bar single pulse)",ad-hoc emergent artisan workshop (multi-component),urban adaptive trail running easy (dynamic),saturated mid-field 1-bar Lissajous curve,STRUCTURE,"mid-tempo through-composed darkwave melodic (diatonic, 1-bar single pulse)",ad-hoc system studio practice (multi-component),urban precision hiking (technical),bright mid-field 1-bar figure-8 weave
108,Hs,ISTP_M_O,EMERGENCE,"mid-tempo layered indie rock (diatonic, 8-bar nested loop)",modular emergent CAD design (multi-component),urban adaptive birdwatching trek (technical),bright mid-field 8-bar fractal branch,FLOW,"driving improvised jangle pop (diatonic, 8-bar nested loop)",modular process architectural drafting (multi-component),urban flow mountain biking (technical),bright mid-field 8-bar Lissajous curve,CONTRAST,"driving angular darkwave melodic (diatonic, 8-bar nested loop)",modular disruptive interior design render (multi-component),urban explosive trail running steep (technical),bright mid-field 8-bar figure-8 weave,STRUCTURE,"mid-tempo through-composed shoegaze (diatonic, 8-bar nested loop)",modular system 3D modeling (multi-component),urban precision nature walking (technical),bright mid-field 8-bar Penrose tile
109,Mt,ISTJ_F_O,EMERGENCE,"mid-tempo layered jangle pop (chromatic, 4-bar cycle loop)",architectural emergent textile design (interdisciplinary),studio adaptive tennis baseline (technical),bright near-field 4-bar Lissajous curve,STRUCTURE,"mid-tempo through-composed madchester (chromatic, 4-bar cycle loop)",architectural system ceramic art (interdisciplinary),studio precision golf course (technical),bright near-field 4-bar figure-8 weave,FLOW,"mid-tempo improvised math rock (chromatic, 4-bar cycle loop)",architectural process illustration (interdisciplinary),studio flow swimming freestyle (dynamic),saturated near-field 4-bar Penrose tile,CONTRAST,"mid-tempo angular post-punk (chromatic, 4-bar cycle loop)",architectural disruptive painting studio (interdisciplinary),studio explosive rowing steady (dynamic),saturated near-field 4-bar recursive tree
110,Ds,ENTJ_M_A,CONTRAST,"mid-tempo angular void ambient (monophonic, 2-bar short loop)",ad-hoc disruptive studio practice (single-layer),urban explosive hiking (extreme),dark mid-field 2-bar figure-8 weave,FLOW,"mid-tempo improvised blackened noise (monophonic, 2-bar short loop)",ad-hoc process manual craft (single-layer),urban flow nature walking (extreme),dark mid-field 2-bar Penrose tile,STRUCTURE,"mid-tempo through-composed atonal drone (monophonic, 2-bar short loop)",ad-hoc system handmade production (single-layer),urban precision birdwatching trek (survival-grade),void-black mid-field 2-bar recursive tree,EMERGENCE,"mid-tempo layered dark drone (monophonic, 2-bar short loop)",ad-hoc emergent artisan workshop (single-layer),urban adaptive trail running easy (extreme),dark mid-field 2-bar linear pulse
111,Rg,ENTP_F_A,FLOW,"mid-tempo improvised indie folk (diatonic, 1-bar single pulse)",modular process manual craft (multi-component),indoor flow standup paddle boarding (controlled),luminescent point-source 1-bar Penrose tile,CONTRAST,"mid-tempo angular chamber pop (diatonic, 1-bar single pulse)",modular disruptive handmade production (multi-component),studio explosive snorkeling (controlled),luminescent near-field 1-bar recursive tree,EMERGENCE,"mid-tempo layered baroque pop (diatonic, 1-bar single pulse)",modular emergent artisan workshop (multi-component),studio adaptive longboard cruising (controlled),luminescent near-field 1-bar linear pulse,STRUCTURE,"mid-tempo through-composed folktronica (diatonic, 1-bar single pulse)",modular system studio practice (multi-component),indoor precision kayak touring (controlled),luminescent point-source 1-bar sine wave
112,Cn,ISTP_F_O,EMERGENCE,"mid-tempo layered chamber pop (chromatic, 16-bar recursive spiral)",systematic emergent computational design (interdisciplinary),studio adaptive snorkeling (controlled),luminescent near-field 16-bar recursive tree,STRUCTURE,"mid-tempo through-composed baroque pop (chromatic, 16-bar recursive spiral)",systematic system BIM modeling (interdisciplinary),studio precision longboard cruising (controlled),luminescent near-field 16-bar linear pulse,FLOW,"mid-tempo improvised folktronica (chromatic, 16-bar recursive spiral)",systematic process digital fabrication (interdisciplinary),studio flow kayak touring (controlled),luminescent near-field 16-bar sine wave,CONTRAST,"mid-tempo angular indie folk (chromatic, 16-bar recursive spiral)",systematic disruptive parametric design (interdisciplinary),studio explosive standup paddle boarding (controlled),luminescent near-field 16-bar spiral ascent
113,Nh,INFJ_F_A,EMERGENCE,"mid-tempo layered drone ambient (chromatic, 2-bar short loop)",modular emergent textile design (interdisciplinary),studio adaptive longboard cruising (controlled),luminescent near-field 2-bar linear pulse,FLOW,"mid-tempo improvised lowercase (chromatic, 2-bar short loop)",modular process ceramic art (interdisciplinary),urban flow kayak touring (controlled),luminescent mid-field 2-bar sine wave,STRUCTURE,"mid-tempo through-composed post-rock slow (chromatic, 2-bar short loop)",modular system illustration (interdisciplinary),urban precision standup paddle boarding (controlled),luminescent mid-field 2-bar spiral ascent,CONTRAST,"mid-tempo angular minimalist composition (chromatic, 2-bar short loop)",modular disruptive painting studio (interdisciplinary),studio explosive snorkeling (controlled),luminescent near-field 2-bar sawtooth cascade
114,Fl,ISFP_F_O,FLOW,"mid-tempo improvised folktronica (microtonal, 2-bar short loop)",systematic process bookbinding (transdisciplinary),studio flow kayak touring (controlled),luminescent near-field 2-bar sine wave,EMERGENCE,"mid-tempo layered indie folk (microtonal, 2-bar short loop)",systematic emergent woodworking (transdisciplinary),studio adaptive standup paddle boarding (controlled),luminescent near-field 2-bar spiral ascent,STRUCTURE,"mid-tempo through-composed indie rock (microtonal, 2-bar short loop)",systematic system metal smithing (transdisciplinary),studio precision snorkeling (technical),bright near-field 2-bar sawtooth cascade,CONTRAST,"mid-tempo angular jangle pop (microtonal, 2-bar short loop)",systematic disruptive leather craft (transdisciplinary),studio explosive longboard cruising (technical),bright near-field 2-bar toroidal fold
115,Mc,ISFJ_M_O,CONTRAST,"mid-tempo angular math rock (monophonic, 2-bar short loop)",systematic disruptive industrial design (single-layer),urban explosive standup paddle boarding (dynamic),saturated mid-field 2-bar spiral ascent,FLOW,"driving improvised post-punk (monophonic, 2-bar short loop)",systematic process product design (single-layer),urban flow surfing longboard (dynamic),saturated mid-field 2-bar sawtooth cascade,STRUCTURE,"driving through-composed dungeon synth (monophonic, 2-bar short loop)",systematic system furniture making (single-layer),urban precision BMX park (dynamic),saturated mid-field 2-bar toroidal fold,EMERGENCE,"mid-tempo layered doom metal slow (monophonic, 2-bar short loop)",systematic emergent scale model building (single-layer),urban adaptive kayak touring (dynamic),saturated mid-field 2-bar golden ratio spiral
116,Lv,ENTJ_F_A,FLOW,"mid-tempo improvised post-rock (diatonic, 2-bar short loop)",modular process painting studio (multi-component),studio flow birdwatching trek (technical),bright near-field 2-bar sawtooth cascade,CONTRAST,"mid-tempo angular slowcore (diatonic, 2-bar short loop)",modular disruptive textile design (multi-component),studio explosive trail running easy (technical),bright near-field 2-bar toroidal fold,EMERGENCE,"mid-tempo layered darkwave melodic (diatonic, 2-bar short loop)",modular emergent ceramic art (multi-component),studio adaptive hiking (technical),bright near-field 2-bar golden ratio spiral,STRUCTURE,"mid-tempo through-composed shoegaze (diatonic, 2-bar short loop)",modular system illustration (multi-component),studio precision nature walking (technical),bright near-field 2-bar helical drift
117,Ts,ISFJ_M_O,CONTRAST,"mid-tempo angular noise rock (monophonic, 2-bar short loop)",systematic disruptive furniture making (single-layer),urban explosive longboard cruising (dynamic),saturated mid-field 2-bar toroidal fold,FLOW,"driving improvised industrial rock (monophonic, 2-bar short loop)",systematic process scale model building (single-layer),urban flow skateboard street (dynamic),saturated mid-field 2-bar golden ratio spiral,STRUCTURE,"driving through-composed drone metal (monophonic, 2-bar short loop)",systematic system industrial design (single-layer),urban precision snowboard freeride (dynamic),saturated mid-field 2-bar helical drift,EMERGENCE,"mid-tempo layered dark ambient (monophonic, 2-bar short loop)",systematic emergent product design (single-layer),urban adaptive snorkeling (dynamic),saturated mid-field 2-bar Julia set
118,Og,INTJ_F_A,FLOW,"mid-tempo improvised lowercase (polyphonic, 1-bar single pulse)",modular process bookbinding (multi-domain),indoor flow kayak touring (controlled),luminescent point-source 1-bar golden ratio spiral,EMERGENCE,"mid-tempo layered post-rock slow (polyphonic, 1-bar single pulse)",modular emergent woodworking (multi-domain),studio adaptive standup paddle boarding (controlled),luminescent near-field 1-bar helical drift,STRUCTURE,"mid-tempo through-composed minimalist composition (polyphonic, 1-bar single pulse)",modular system metal smithing (multi-domain),studio precision snorkeling (controlled),luminescent near-field 1-bar Julia set,CONTRAST,"mid-tempo angular drone ambient (polyphonic, 1-bar single pulse)",modular disruptive leather craft (multi-domain),indoor explosive longboard cruising (controlled),luminescent point-source 1-bar Möbius strip
