t,epoch,w_g,barnard_scale,E_B,E_S,E_E,E_M,E_C
0.0,epoch1_strong_moon,1.0,1.0,0.99999,0.39998,0.2515,0.25265,0.301
0.1,epoch1_strong_moon,1.0,1.0,0.9999800001000001,0.399960001,0.25299204000000003,0.25530032999999996,0.30200193999999997
0.2,epoch1_strong_moon,1.0,1.0,0.999970000299999,0.39994000299995003,0.25447617605510003,0.25795099549019995,0.30300578040299997
0.30000000000000004,epoch1_strong_moon,1.0,1.0,0.999960000599996,0.39992000599980004,0.2559524638335043,0.26060200183651877,0.3040114819946082
0.4,epoch1_strong_moon,1.0,1.0,0.99995000099999,0.39990000999950004,0.25742095861910524,0.2632533542818661,0.3050190059399632
0.5,epoch1_strong_moon,1.0,1.0,0.99994000149998,0.39988001499900006,0.25888171531405085,0.2659050579474041,0.30602831378067824
0.6000000000000001,epoch1_strong_moon,1.0,1.0,0.999930002099965,0.39986002099825013,0.2603347884412949,0.2685571178337987,0.3070393674318087
0.7000000000000001,epoch1_strong_moon,1.0,1.0,0.999920002799944,0.3998400279972002,0.2617802321471308,0.27120953882246024,0.3080521291788414
0.8,epoch1_strong_moon,1.0,1.0,0.999910003599916,0.39982003599580035,0.2632181002037093,0.2738623256767742,0.30906656167470614
0.9,epoch1_strong_moon,1.0,1.0,0.99990000449988,0.39980004499400057,0.26464844601153903,0.2765154830433214,0.3100826279368096
1.0,epoch1_strong_moon,1.0,1.0,0.9998900054998351,0.39978005499175084,0.26607132260197147,0.27916901545308825,0.3111002913440905
1.1,epoch1_strong_moon,1.0,1.0,0.99988000659978,0.39976006598900127,0.26748678263966935,0.2818229273226671,0.3121195156340973
1.2000000000000002,epoch1_strong_moon,1.0,1.0,0.999870007799714,0.3997400779857018,0.2688948784250591,0.2844772229554463,0.31314026490008656
1.3,epoch1_strong_moon,1.0,1.0,0.999860009099636,0.39972009098180256,0.27029566189676735,0.2871319065427905,0.31416250358814357
1.4000000000000001,epoch1_strong_moon,1.0,1.0,0.999850010499545,0.39970010497725345,0.2716891846340414,0.2897869821652114,0.3151861964943235
1.5,epoch1_strong_moon,1.0,1.0,0.9998400119994401,0.3996801199720046,0.27307549785915414,0.2924424537935283,0.31621130876181414
1.6,epoch1_strong_moon,1.0,1.0,0.9998300135993201,0.39966013596600597,0.27445465243979306,0.29509832529001906,0.3172378058781195
1.7000000000000002,epoch1_strong_moon,1.0,1.0,0.9998200152991841,0.3996401529592077,0.27582669889143385,0.29775460040956203,0.3182656536722642
1.8,epoch1_strong_moon,1.0,1.0,0.9998100170990311,0.3996201709515597,0.2771916873796986,0.3004112828007676,0.3192948183120185
1.9000000000000001,epoch1_strong_moon,1.0,1.0,0.9998000189988601,0.39960018994301216,0.27854966772269835,0.30306837600710096,0.3203252663011439
2.0,epoch1_strong_moon,1.0,1.0,0.9997900209986701,0.399580209933515,0.2799006893933605,0.305725883467995,0.3213569644766591
2.1,epoch1_strong_moon,1.0,1.0,0.9997800230984601,0.39956023092301834,0.2812448015217412,0.30838380851995434,0.32238988000612645
2.2,epoch1_strong_moon,1.0,1.0,0.9997700252982291,0.3995402529114722,0.2825820528973225,0.3110421543976497,0.32342398038495795
2.3000000000000003,epoch1_strong_moon,1.0,1.0,0.9997600275979761,0.39952027589882666,0.2839124919712945,0.3137009242350034,0.32445923343374183
2.4000000000000004,epoch1_strong_moon,1.0,1.0,0.9997500299977001,0.3995002998850317,0.2852361668588225,0.3163601210662656,0.3254956072955885
2.5,epoch1_strong_moon,1.0,1.0,0.9997400324974002,0.3994803248700375,0.2865531253412999,0.3190197478270815,0.32653307043349655
2.6,epoch1_strong_moon,1.0,1.0,0.9997300350970753,0.399460350853794,0.28786341486858547,0.3216798073555497,0.32757159162773786
2.7,epoch1_strong_moon,1.0,1.0,0.9997200377967242,0.3994403778362513,0.289167082561227,0.3243403023932715,0.32861113997326263
2.8000000000000003,epoch1_strong_moon,1.0,1.0,0.9997100405963463,0.3994204058173595,0.29046417521266965,0.32700123558639144,0.32965168487712326
2.9000000000000004,epoch1_strong_moon,1.0,1.0,0.9997000434959403,0.3994004347970686,0.2917547392914505,0.3296626094866291,0.3306931960559175
3.0,epoch1_strong_moon,1.0,1.0,0.9996900464955054,0.39938046477532874,0.2930388209433783,0.3323244265523021,0.33173564353325086
3.1,epoch1_strong_moon,1.0,1.0,0.9996800495950404,0.39936049575209,0.2943164659936991,0.33498668914934054,0.33277899763721736
3.2,epoch1_strong_moon,1.0,1.0,0.9996700527945445,0.3993405277273024,0.29558771994924804,0.33764939955229295,0.33382322899789957
3.3000000000000003,epoch1_strong_moon,1.0,1.0,0.9996600560940165,0.39932056070091604,0.29685262800058665,0.34031255994532345,0.33486830854488686
3.4000000000000004,epoch1_strong_moon,1.0,1.0,0.9996500594934556,0.399300594672881,0.29811123502412645,0.34297617242320083,0.33591420750481243
3.5,epoch1_strong_moon,1.0,1.0,0.9996400629928607,0.3992806296431473,0.29936358558423865,0.34564023899227897,0.33696089739890833
3.6,epoch1_strong_moon,1.0,1.0,0.9996300665922307,0.3992606656116652,0.30060972393534985,0.3483047615714691,0.3380083500405791
3.7,epoch1_strong_moon,1.0,1.0,0.9996200702915649,0.3992407025783846,0.30184969402402445,0.35096974199320385,0.3390565375329932
3.8000000000000003,epoch1_strong_moon,1.0,1.0,0.9996100740908619,0.3992207405432557,0.30308353949103295,0.35363518200439276,0.3401054322666925
3.9000000000000004,epoch1_strong_moon,1.0,1.0,0.999600077990121,0.3992007795062285,0.30431130367340725,0.35630108326737014,0.3411550069172196
4.0,epoch1_strong_moon,1.0,1.0,0.9995900819893411,0.3991808194672532,0.30553302960648204,0.3589674473608347,0.3422052344427631
4.1000000000000005,epoch1_strong_moon,1.0,1.0,0.9995800860885212,0.39916086042627985,0.3067487600259231,0.36163427578078083,0.34325608808181973
4.2,epoch1_strong_moon,1.0,1.0,0.9995700902876603,0.39914090238325856,0.3079585373697423,0.36430156994142254,0.344307541350875
4.3,epoch1_strong_moon,1.0,1.0,0.9995600945867574,0.3991209453381394,0.3091624037802995,0.3669693311761091,0.3453595680421002
4.4,epoch1_strong_moon,1.0,1.0,0.9995500989858116,0.3991009892908725,0.310360401106291,0.3696375607382328,0.3464121422210674
4.5,epoch1_strong_moon,1.0,1.0,0.9995401034848217,0.39908103424140795,0.3115525709047254,0.3723062598021294,0.34746523822448094
4.6000000000000005,epoch1_strong_moon,1.0,1.0,0.9995301080837868,0.3990610801896959,0.3127389544428863,0.37497542946397033,0.34851883065792616
4.7,epoch1_strong_moon,1.0,1.0,0.999520112782706,0.3990411271356864,0.31391959270028236,0.3776450707426477,0.3495728943936351
4.800000000000001,epoch1_strong_moon,1.0,1.0,0.9995101175815782,0.3990211750793296,0.31509452637058416,0.3803151845806514,0.35062740456826874
4.9,epoch1_strong_moon,1.0,1.0,0.9995001224804023,0.39900122402057564,0.31626379586354897,0.3829857718449387,0.351682336580716
5.0,epoch1_strong_moon,1.0,1.0,0.9994901274791775,0.3989812739593746,0.31742744130693235,0.3856568333277967,0.3527376660899091
5.1000000000000005,epoch1_strong_moon,1.0,1.0,0.9994801325779027,0.39896132489567665,0.3185855025483877,0.388328369747697,0.3537933690126553
5.2,epoch1_strong_moon,1.0,1.0,0.9994701377765769,0.39894137682943187,0.31973801915735295,0.3910003817501431,0.35484942152148524
5.300000000000001,epoch1_strong_moon,1.0,1.0,0.9994601430751991,0.3989214297605904,0.32088503042692534,0.3936728699085106,0.355905800042517
5.4,epoch1_strong_moon,1.0,1.0,0.9994501484737683,0.3989014836891024,0.32202657537572354,0.39634583472488,0.3569624812533364
5.5,epoch1_strong_moon,1.0,1.0,0.9994401539722836,0.39888153861491793,0.32316269274973763,0.3990192766308627,0.35801944208089326
5.6000000000000005,epoch1_strong_moon,1.0,1.0,0.9994301595707439,0.3988615945379872,0.3242934210241672,0.40169319598841907,0.3590766596994134
5.7,epoch1_strong_moon,1.0,1.0,0.9994201652691481,0.3988416514582603,0.3254187984052471,0.4043675930906704,0.36013411152832636
5.800000000000001,epoch1_strong_moon,1.0,1.0,0.9994101710674954,0.3988217093756874,0.3265388628320615,0.407042468162703,0.36119177523020884
5.9,epoch1_strong_moon,1.0,1.0,0.9994001769657848,0.39880176829021863,0.32765365197834573,0.4097178213623659,0.36224962870874333
6.0,epoch1_strong_moon,1.0,1.0,0.999390182964015,0.39878182820180413,0.32876320325427655,0.4123936527810613,0.3633076501066924
6.1000000000000005,epoch1_strong_moon,1.0,1.0,0.9993801890621854,0.39876188911039406,0.3298675538082507,0.4150699624445284,0.36436581780388816
6.2,epoch1_strong_moon,1.0,1.0,0.9993701952602948,0.39874195101593857,0.33096674052865166,0.41774675031361985,0.3654241104152368
6.300000000000001,epoch1_strong_moon,1.0,1.0,0.9993602015583422,0.3987220139183878,0.33206080004560473,0.42042401628507253,0.3664825067887383
6.4,epoch1_strong_moon,1.0,1.0,0.9993502079563266,0.3987020778176919,0.33314976873272084,0.42310176019227036,0.3675409860035209
6.5,epoch1_strong_moon,1.0,1.0,0.999340214454247,0.39868214271380104,0.33423368270882886,0.4257799818060013,0.3685995273678908
6.6000000000000005,epoch1_strong_moon,1.0,1.0,0.9993302210521025,0.39866220860666535,0.3353125778396963,0.42845868083520744,0.369658110417396
6.7,epoch1_strong_moon,1.0,1.0,0.9993202277498919,0.398642275496235,0.33638648973973906,0.4311378569277286,0.3707167149129052
6.800000000000001,epoch1_strong_moon,1.0,1.0,0.9993102345476145,0.39862234338246016,0.33745545377371966,0.4338175096710394,0.37177532083870124
6.9,epoch1_strong_moon,1.0,1.0,0.999300241445269,0.39860241226529103,0.3385195050584346,0.4364976385929797,0.3728339084005887
7.0,epoch1_strong_moon,1.0,1.0,0.9992902484428545,0.3985824821446778,0.33957867846439027,0.439178243162479,0.373892458024016
7.1000000000000005,epoch1_strong_moon,1.0,1.0,0.9992802555403701,0.39856255302057053,0.34063300861746826,0.4418593227902743,0.37495095035221154
7.2,epoch1_strong_moon,1.0,1.0,0.9992702627378147,0.39854262489291953,0.34168252990057946,0.4445408768296214,0.3760093662443343
7.300000000000001,epoch1_strong_moon,1.0,1.0,0.9992602700351874,0.39852269776167487,0.34272727645530743,0.4472229045770004,0.377067686773638
7.4,epoch1_strong_moon,1.0,1.0,0.999250277432487,0.39850277162678677,0.34376728218354086,0.4499054052728147,0.3781258932256497
7.5,epoch1_strong_moon,1.0,1.0,0.9992402849297126,0.3984828464882054,0.3448025807490953,0.4525883781020838,0.37918396709636165
7.6000000000000005,epoch1_strong_moon,1.0,1.0,0.9992302925268634,0.398462922345881,0.34583320557932445,0.45527182219513024,0.3802418900904372
7.7,epoch1_strong_moon,1.0,1.0,0.999220300223938,0.39844299919976367,0.3468591898667206,0.45795573662826017,0.3812996441194304
7.800000000000001,epoch1_strong_moon,1.0,1.0,0.9992103080209358,0.3984230770498037,0.3478805665705046,0.4606401204244381,0.3823572113000189
7.9,epoch1_strong_moon,1.0,1.0,0.9992003159178556,0.3984031558959512,0.34889736841820546,0.46332497255395555,0.3834145739522502
8.0,epoch1_strong_moon,1.0,1.0,0.9991903239146964,0.3983832357381564,0.34990962790722957,0.4660102919350941,0.3844717145978019
8.1,epoch1_strong_moon,1.0,1.0,0.9991803320114573,0.39836331657636953,0.35091737730641953,0.4686960774347818,0.38552861595825405
8.200000000000001,epoch1_strong_moon,1.0,1.0,0.9991703402081372,0.3983433984105407,0.3519206486576027,0.4713823278692447,0.3865852609533758
8.3,epoch1_strong_moon,1.0,1.0,0.9991603485047351,0.3983234812406202,0.35291947377712957,0.4740690420046519,0.38764163269942437
8.4,epoch1_strong_moon,1.0,1.0,0.9991503569012501,0.3983035650665582,0.35391388425740217,0.47675621855775496,0.38869771450745705
8.5,epoch1_strong_moon,1.0,1.0,0.999140365397681,0.39828364988830484,0.3549039114683922,0.4794438561965221,0.3897534898816565
8.6,epoch1_strong_moon,1.0,1.0,0.999130373994027,0.3982637357058104,0.35588958655914915,0.4821319535407659,0.39080894251766835
8.700000000000001,epoch1_strong_moon,1.0,1.0,0.9991203826902871,0.3982438225190251,0.35687094045929896,0.48482050916276614,0.3918640563009517
8.8,epoch1_strong_moon,1.0,1.0,0.9991103914864602,0.39822391032789917,0.35784800388053206,0.4875095215878868,0.39291881530514217
8.9,epoch1_strong_moon,1.0,1.0,0.9991004003825453,0.39820399913238275,0.3588208073180822,0.49019898929518724,0.39397320379042744
9.0,epoch1_strong_moon,1.0,1.0,0.9990904093785415,0.39818408893242613,0.35978938105219527,0.49288891071802843,0.3950272062019352
9.1,epoch1_strong_moon,1.0,1.0,0.9990804184744477,0.3981641797279795,0.36075375514958863,0.4955792842446733,0.39608080716813354
9.200000000000001,epoch1_strong_moon,1.0,1.0,0.999070427670263,0.3981442715189931,0.36171395946490054,0.4982701082188819,0.3971339914992433
9.3,epoch1_strong_moon,1.0,1.0,0.9990604369659863,0.39812436430541714,0.36267002364213036,0.5009613809405012,0.3981867441856629
9.4,epoch1_strong_moon,1.0,1.0,0.9990504463616167,0.39810445808720185,0.36362197711606903,0.5036531006660497,0.39923905039640506
9.5,epoch1_strong_moon,1.0,1.0,0.9990404558571531,0.3980845528642975,0.3645698491137202,0.5063452656092962,0.4002908954775453
9.600000000000001,epoch1_strong_moon,1.0,1.0,0.9990304654525944,0.3980646486366543,0.3655136686557121,0.5090378739418338,0.4013422649506829
9.700000000000001,epoch1_strong_moon,1.0,1.0,0.9990204751479399,0.39804474540422247,0.36645346455769984,0.5117309237936492,0.402393144511413
9.8,epoch1_strong_moon,1.0,1.0,0.9990104849431884,0.39802484316695225,0.36738926543175865,0.5144244132536856,0.4034435200278108
9.9,epoch1_strong_moon,1.0,1.0,0.999000494838339,0.3980049419247939,0.368321099687768,0.5171183403704017,0.40449337753892745
10.0,epoch1_strong_moon,1.0,1.0,0.9989905048333906,0.39798504167769766,0.36924899553478635,0.5198127031523248,0.40554270325329717
10.100000000000001,epoch1_strong_moon,1.0,1.0,0.9989805149283423,0.39796514242561376,0.3701729809824171,0.5225074995685991,0.4065914835474562
10.200000000000001,epoch1_strong_moon,1.0,1.0,0.998970525123193,0.3979452441684925,0.37109308384216516,0.5252027275495296,0.4076397049644729
10.3,epoch1_strong_moon,1.0,1.0,0.9989605354179417,0.39792534690628406,0.3720093317287852,0.5278983849871198,0.40868735421248914
10.4,epoch1_strong_moon,1.0,1.0,0.9989505458125876,0.39790545063893873,0.3729217520616202,0.5305944697356061,0.40973441816327316
10.5,epoch1_strong_moon,1.0,1.0,0.9989405563071294,0.3978855553664068,0.3738303720659317,0.5332909796119855,0.4107808838507834
10.600000000000001,epoch1_strong_moon,1.0,1.0,0.9989305669015663,0.39786566108863847,0.37473521877422133,0.5359879123965401,0.4118267384697432
10.700000000000001,epoch1_strong_moon,1.0,1.0,0.9989205775958974,0.39784576780558406,0.3756363190275431,0.538685265833356,0.41287196937422704
10.8,epoch1_strong_moon,1.0,1.0,0.9989105883901214,0.3978258755171938,0.3765336994768074,0.5413830376308371,0.41391656407625704
10.9,epoch1_strong_moon,1.0,1.0,0.9989005992842375,0.3978059842234179,0.3774273865840767,0.5440812254622153,0.41496051024441083
11.0,epoch1_strong_moon,1.0,1.0,0.9988906102782447,0.3977860939242067,0.3783174066238517,0.5467798269660548,0.4160037957024397
11.100000000000001,epoch1_strong_moon,1.0,1.0,0.9988806213721418,0.3977662046195105,0.3792037856843501,0.5494788397467525,0.417046408427898
11.200000000000001,epoch1_strong_moon,1.0,1.0,0.9988706325659281,0.39774631630927954,0.3800865496687761,0.5521782613750337,0.4180883365507823
11.3,epoch1_strong_moon,1.0,1.0,0.9988606438596025,0.39772642899346405,0.380965724296582,0.5548780893884429,0.4191295683521821
11.4,epoch1_strong_moon,1.0,1.0,0.9988506552531639,0.3977065426720144,0.3818413351047213,0.5575783212918302,0.4201700922629401
11.5,epoch1_strong_moon,1.0,1.0,0.9988406667466113,0.3976866573448808,0.3827134074488933,0.5602789545578335,0.4212098968623233
11.600000000000001,epoch1_strong_moon,1.0,1.0,0.9988306783399439,0.39766677301201353,0.38358196650477994,0.5629799866273558,0.4222489708767042
11.700000000000001,epoch1_strong_moon,1.0,1.0,0.9988206900331604,0.3976468896733629,0.3844470372692738,0.5656814149100384,0.4232873031782525
11.8,epoch1_strong_moon,1.0,1.0,0.9988107018262601,0.39762700732887923,0.3853086445616989,0.5683832367847295,0.4243248827836367
11.9,epoch1_strong_moon,1.0,1.0,0.9988007137192418,0.3976071259785128,0.38616681302502237,0.5710854495999481,0.4253616988527356
12.0,epoch1_strong_moon,1.0,1.0,0.9987907257121047,0.39758724562221387,0.387021567127059,0.5737880506743449,0.4263977406873603
12.100000000000001,epoch1_strong_moon,1.0,1.0,0.9987807378048476,0.3975673662599328,0.3878729311616671,0.5764910372971569,0.4274329977299857
12.200000000000001,epoch1_strong_moon,1.0,1.0,0.9987707499974695,0.39754748789161976,0.3887209292499371,0.5791944067286594,0.42846745956249227
12.3,epoch1_strong_moon,1.0,1.0,0.9987607622899696,0.3975276105172252,0.3895655853413718,0.5818981562006131,0.4295011159049169
12.4,epoch1_strong_moon,1.0,1.0,0.9987507746823466,0.3975077341366993,0.39040692321505893,0.5846022829167072,0.4305339566142144
12.5,epoch1_strong_moon,1.0,1.0,0.9987407871745998,0.3974878587499925,0.39124496648083606,0.5873067840529979,0.43156597168302785
12.600000000000001,epoch1_strong_moon,1.0,1.0,0.9987307997667281,0.397467984357055,0.39207973858044776,0.5900116567583431,0.43259715123846904
12.700000000000001,epoch1_strong_moon,1.0,1.0,0.9987208124587305,0.39744811095783716,0.392911262788695,0.5927168981548336,0.43362748554090813
12.8,epoch1_strong_moon,1.0,1.0,0.9987108252506058,0.39742823855228926,0.39373956221457684,0.5954225053382189,0.4346569649827728
12.9,epoch1_strong_moon,1.0,1.0,0.9987008381423533,0.39740836714036165,0.39456465980242506,0.5981284753783302,0.43568558008735686
13.0,epoch1_strong_moon,1.0,1.0,0.9986908511339719,0.39738849672200466,0.3953865783330306,0.6008348053194987,0.4367133215076382
13.100000000000001,epoch1_strong_moon,1.0,1.0,0.9986808642254605,0.39736862729716854,0.39620534042476285,0.6035414921809701,0.4377401800251058
13.200000000000001,epoch1_strong_moon,1.0,1.0,0.9986708774168183,0.3973487588658037,0.3970209685346818,0.6062485329573154,0.4387661465485959
13.3,epoch1_strong_moon,1.0,1.0,0.9986608907080441,0.3973288914278604,0.39783348495964216,0.6089559246188375,0.43979121211313765
13.4,epoch1_strong_moon,1.0,1.0,0.998650904099137,0.39730902498328896,0.39864291183739087,0.6116636641119741,0.44081536787880726
13.5,epoch1_strong_moon,1.0,1.0,0.9986409175900961,0.3972891595320398,0.3994492711476567,0.6143717483596969,0.44183860512959144
13.600000000000001,epoch1_strong_moon,1.0,1.0,0.9986309311809202,0.3972692950740632,0.4002525847132331,0.6170801742619062,0.44286091527225985
13.700000000000001,epoch1_strong_moon,1.0,1.0,0.9986209448716084,0.39724943160930953,0.4010528742010536,0.619788938695823,0.4438822898352459
13.8,epoch1_strong_moon,1.0,1.0,0.9986109586621597,0.39722956913772905,0.4018501611232602,0.6224980385163761,0.4449027204675371
13.9,epoch1_strong_moon,1.0,1.0,0.9986009725525731,0.39720970765927216,0.4026444668382646,0.6252074705565867,0.4459221989375732
14.0,epoch1_strong_moon,1.0,1.0,0.9985909865428475,0.3971898471738892,0.4034358125518023,0.6279172316279479,0.4469407171321538
14.100000000000001,epoch1_strong_moon,1.0,1.0,0.998581000632982,0.3971699876815305,0.4042242193179799,0.6306273185208021,0.447958267055354
14.200000000000001,epoch1_strong_moon,1.0,1.0,0.9985710148229757,0.3971501291821464,0.4050097080403155,0.6333377280047133,0.4489748408274491
14.3,epoch1_strong_moon,1.0,1.0,0.9985610291128275,0.3971302716756873,0.40579229947277173,0.6360484568288369,0.449990430683847
14.4,epoch1_strong_moon,1.0,1.0,0.9985510435025364,0.39711041516210355,0.40657201422078243,0.6387595017222852,0.4510050289740297
14.5,epoch1_strong_moon,1.0,1.0,0.9985410579921014,0.39709055964134543,0.40734887274227227,0.6414708593944901,0.45201862816050303
14.600000000000001,epoch1_strong_moon,1.0,1.0,0.9985310725815214,0.39707070511336334,0.4081228953486697,0.6441825265355613,0.45303122081775415
14.700000000000001,epoch1_strong_moon,1.0,1.0,0.9985210872707956,0.39705085157810766,0.4088941022059129,0.646894499816642,0.4540427996312179
14.8,epoch1_strong_moon,1.0,1.0,0.9985111020599229,0.39703099903552874,0.40966251333544945,0.6496067758902606,0.455053357396251
14.9,epoch1_strong_moon,1.0,1.0,0.9985011169489023,0.397011147485577,0.41042814861522914,0.652319351390679,0.4560628870171144
15.0,epoch1_strong_moon,1.0,1.0,0.9984911319377329,0.3969912969282027,0.41119102778069,0.6550322229342375,0.4570713815059636
15.100000000000001,epoch1_strong_moon,1.0,1.0,0.9984811470264134,0.39697144736335627,0.41195117042573814,0.6577453871196965,0.4580788339818471
15.200000000000001,epoch1_strong_moon,1.0,1.0,0.9984711622149431,0.3969515987909881,0.4127085960037209,0.6604588405285752,0.45908523766971276
15.3,epoch1_strong_moon,1.0,1.0,0.998461177503321,0.39693175121104857,0.4134633238283933,0.6631725797254856,0.46009058589942176
15.4,epoch1_strong_moon,1.0,1.0,0.9984511928915459,0.396911904623488,0.4142153730748786,0.665886601258465,0.4610948721047708
15.5,epoch1_strong_moon,1.0,1.0,0.998441208379617,0.39689205902825686,0.4149647627806219,0.668600901659304,0.4620980898225217
15.600000000000001,epoch1_strong_moon,1.0,1.0,0.9984312239675333,0.39687221442530546,0.41571151184633776,0.6713154774438714,0.46310023269143885
15.700000000000001,epoch1_strong_moon,1.0,1.0,0.9984212396552936,0.3968523708145842,0.4164556390369513,0.674030325112437,0.46410129445133436
15.8,epoch1_strong_moon,1.0,1.0,0.9984112554428971,0.3968325281960435,0.4171971629825333,0.6767454411499891,0.46510126894212056
15.9,epoch1_strong_moon,1.0,1.0,0.9984012713303426,0.3968126865696337,0.41793610217922866,0.6794608220265513,0.4661001501028703
16.0,epoch1_strong_moon,1.0,1.0,0.9983912873176293,0.3967928459353052,0.4186724749901791,0.6821764641974941,0.46709793197088467
16.1,epoch1_strong_moon,1.0,1.0,0.9983813034047561,0.39677300629300843,0.4194062996464395,0.6848923641038446,0.46809460868076774
16.2,epoch1_strong_moon,1.0,1.0,0.998371319591722,0.3967531676426938,0.42013759424788805,0.6876085181725925,0.4690901744635095
16.3,epoch1_strong_moon,1.0,1.0,0.998361335878526,0.39673332998431166,0.42086637676413063,0.6903249228169939,0.4700846236455751
16.400000000000002,epoch1_strong_moon,1.0,1.0,0.9983513522651672,0.3967134933178124,0.4215926650353988,0.6930415744368706,0.47107795064800223
16.5,epoch1_strong_moon,1.0,1.0,0.9983413687516446,0.3966936576431465,0.4223164767734421,0.6957584694189081,0.4720701499855052
16.6,epoch1_strong_moon,1.0,1.0,0.9983313853379571,0.3966738229602644,0.42303782956241426,0.698475604136949,0.4730612162655864
16.7,epoch1_strong_moon,1.0,1.0,0.9983214020241037,0.3966539892691164,0.42375674085975357,0.7011929749522847,0.4740511441876545
16.8,epoch1_strong_moon,1.0,1.0,0.9983114188100835,0.39663415656965295,0.4244732279970573,0.7039105782139436,0.4750399285421502
16.900000000000002,epoch1_strong_moon,1.0,1.0,0.9983014356958954,0.39661432486182446,0.4251873081809502,0.7066284102589763,0.4760275642096788
17.0,epoch1_strong_moon,1.0,1.0,0.9982914526815384,0.39659449414558134,0.4258989984939475,0.7093464674127381,0.47701404616014936
17.1,epoch1_strong_moon,1.0,1.0,0.9982814697670116,0.3965746644208741,0.42660831589531206,0.7120647459891689,0.4779993694519213
17.2,epoch1_strong_moon,1.0,1.0,0.9982714869523139,0.39655483568765304,0.42731527722190543,0.7147832422910695,0.4789835292309575
17.3,epoch1_strong_moon,1.0,1.0,0.9982615042374444,0.39653500794586866,0.4280198991890337,0.717501952610376,0.47996652072998425
17.400000000000002,epoch1_strong_moon,1.0,1.0,0.998251521622402,0.39651518119547136,0.42872219839128767,0.7202208732284304,0.48094833926765806
17.5,epoch1_strong_moon,1.0,1.0,0.9982415391071858,0.39649535543641157,0.42942219130337683,0.7229400004162497,0.481928980247739
17.6,epoch1_strong_moon,1.0,1.0,0.9982315566917948,0.3964755306686397,0.4301198942809587,0.725659330434791,0.4829084391582708
17.7,epoch1_strong_moon,1.0,1.0,0.9982215743762278,0.3964557068921063,0.4308153235614618,0.7283788595352146,0.48388671157076746
17.8,epoch1_strong_moon,1.0,1.0,0.998211592160484,0.39643588410676167,0.43150849526490354,0.7310985839591442,0.48486379313940653
17.900000000000002,epoch1_strong_moon,1.0,1.0,0.9982016100445624,0.3964160623125563,0.43219942539470263,0.7338184999389242,0.4858396796002288
18.0,epoch1_strong_moon,1.0,1.0,0.998191628028462,0.3963962415094407,0.43288812983848596,0.7365386036978752,0.48681436677034434
18.1,epoch1_strong_moon,1.0,1.0,0.9981816461121816,0.3963764216973652,0.4335746243688901,0.7392588914505452,0.48778785054714524
18.2,epoch1_strong_moon,1.0,1.0,0.9981716642957205,0.39635660287628033,0.43425892464435745,0.7419793594029604,0.4887601269075243
18.3,epoch1_strong_moon,1.0,1.0,0.9981616825790776,0.3963367850461365,0.434941046209927,0.7447000037528715,0.48973119190710046
18.400000000000002,epoch1_strong_moon,1.0,1.0,0.9981517009622518,0.3963169682068842,0.43562100449802016,0.747420820689998,0.49070104167945017
18.5,epoch1_strong_moon,1.0,1.0,0.9981417194452422,0.3962971523584739,0.43629881482922067,0.7501418063962709,0.4916696724353451
18.6,epoch1_strong_moon,1.0,1.0,0.9981317380280478,0.396277337500856,0.43697449241305003,0.7528629570460712,0.492637080461996
18.7,epoch1_strong_moon,1.0,1.0,0.9981217567106675,0.3962575236339809,0.4376480523487371,0.7555842688064672,0.49360326212230277
18.8,epoch1_strong_moon,1.0,1.0,0.9981117754931004,0.39623771075779923,0.438319509625983,0.758305737837449,0.49456821385411043
18.900000000000002,epoch1_strong_moon,1.0,1.0,0.9981017943753454,0.39621789887226133,0.43898887912572065,0.7610273602921601,0.49553193216947133
19.0,epoch1_strong_moon,1.0,1.0,0.9980918133574016,0.3961980879773177,0.43965617562086945,0.763749132317127,0.4964944136539131
19.1,epoch1_strong_moon,1.0,1.0,0.9980818324392681,0.39617827807291883,0.4403214137770845,0.7664710500524865,0.49745565496571287
19.200000000000003,epoch1_strong_moon,1.0,1.0,0.9980718516209437,0.3961584691590152,0.44098460815350127,0.7691931096322097,0.49841565283517714
19.3,epoch1_strong_moon,1.0,1.0,0.9980618709024275,0.39613866123555724,0.441645773203475,0.7719153071843249,0.49937440406392747
19.400000000000002,epoch1_strong_moon,1.0,1.0,0.9980518902837184,0.39611885430249544,0.4423049232753152,0.7746376388311372,0.5003319055241924
19.5,epoch1_strong_moon,1.0,1.0,0.9980419097648155,0.3960990483597803,0.4429620726130153,0.777360100689446,0.5012881541581043
19.6,epoch1_strong_moon,1.0,1.0,0.9980319293457179,0.39607924340736234,0.44361723535697734,0.7800826888707606,0.5022431469770033
19.700000000000003,epoch1_strong_moon,1.0,1.0,0.9980219490264245,0.39605943944519195,0.4442704255447318,0.7828053994815123,0.5031968810607453
19.8,epoch1_strong_moon,1.0,1.0,0.9980119688069342,0.3960396364732197,0.44492165711165255,0.7855282286232659,0.5041493535570168
19.900000000000002,epoch1_strong_moon,1.0,1.0,0.9980019886872461,0.39601983449139605,0.4455709438916673,0.7882511723929275,0.5051005616806551
20.0,epoch1_strong_moon,1.0,1.0,0.9979920086673593,0.3960000334996715,0.4462182996179628,0.790974226882951,0.5060505027129734
20.1,epoch1_strong_moon,1.0,1.0,0.9979820287472726,0.3959802334979965,0.4468637379236857,0.7936973881815418,0.5069991740010923
20.200000000000003,epoch1_strong_moon,1.0,1.0,0.9979720489269851,0.39596043448632157,0.4475072723426387,0.7964206523728581,0.5079465729572766
20.3,epoch1_strong_moon,1.0,1.0,0.9979620692064959,0.39594063646459726,0.44814891630997167,0.799144015537211,0.508892697058277
20.400000000000002,epoch1_strong_moon,1.0,1.0,0.9979520895858038,0.395920839432774,0.4487886831628686,0.8018674737512617,0.5098375438446776
20.5,epoch1_strong_moon,1.0,1.0,0.997942110064908,0.39590104339080234,0.44942658614122943,0.8045910230882161,0.5107811109202487
20.6,epoch1_strong_moon,1.0,1.0,0.9979321306438073,0.3958812483386328,0.450062638388348,0.8073146596180184,0.511723395951305
20.700000000000003,epoch1_strong_moon,1.0,1.0,0.9979221513225008,0.3958614542762159,0.4506968529515845,0.8100383794075419,0.5126643966660691
20.8,epoch1_strong_moon,1.0,1.0,0.9979121721009876,0.39584166120350206,0.45132924278303455,0.8127621785207775,0.5136041108540398
20.900000000000002,epoch1_strong_moon,1.0,1.0,0.9979021929792666,0.39582186912044187,0.4519598207401926,0.8154860530190208,0.5145425363653663
21.0,epoch1_strong_moon,1.0,1.0,0.9978922139573368,0.39580207802698586,0.45258859958661174,0.8182099989610564,0.515479671110227
21.1,epoch1_strong_moon,1.0,1.0,0.9978822350351972,0.3957822879230845,0.4532155919925588,0.8209340124033407,0.5164155130582134
21.200000000000003,epoch1_strong_moon,1.0,1.0,0.9978722562128469,0.39576249880868836,0.45384081053566483,0.8236580894001825,0.51735006023772
21.3,epoch1_strong_moon,1.0,1.0,0.9978622774902848,0.39574271068374794,0.45446426770157167,0.8263822260039212,0.5182833107353378
21.400000000000002,epoch1_strong_moon,1.0,1.0,0.9978522988675099,0.39572292354821376,0.4550859758845736,0.8291064182651039,0.519215262695254
21.5,epoch1_strong_moon,1.0,1.0,0.9978423203445212,0.39570313740203633,0.45570594738825526,0.8318306622326596,0.5201459143186559
21.6,epoch1_strong_moon,1.0,1.0,0.9978323419213178,0.3956833522451662,0.4563241944261248,0.8345549539540719,0.5210752638631404
21.700000000000003,epoch1_strong_moon,1.0,1.0,0.9978223635978986,0.39566356807755393,0.45694072912224315,0.8372792894755499,0.5220033096421278
21.8,epoch1_strong_moon,1.0,1.0,0.9978123853742625,0.39564378489915003,0.4575555635118487,0.8400036648421965,0.522930050024281
21.900000000000002,epoch1_strong_moon,1.0,1.0,0.9978024072504088,0.39562400270990505,0.45816870954197797,0.8427280760981757,0.5238554834329286
22.0,epoch1_strong_moon,1.0,1.0,0.9977924292263363,0.39560422150976954,0.45878017907208224,0.8454525192868771,0.5247796083454945
22.1,epoch1_strong_moon,1.0,1.0,0.997782451302044,0.395584441298694,0.45938998387463975,0.8481769904510794,0.5257024232929302
22.200000000000003,epoch1_strong_moon,1.0,1.0,0.997772473477531,0.3955646620766291,0.45999813563576386,0.8509014856331112,0.526623926859153
22.3,epoch1_strong_moon,1.0,1.0,0.9977624957527962,0.39554488384352526,0.4606046459558073,0.8536260008750106,0.5275441176804894
22.400000000000002,epoch1_strong_moon,1.0,1.0,0.9977525181278386,0.3955251065993331,0.4612095263499621,0.8563505322186826,0.5284629944451212
22.5,epoch1_strong_moon,1.0,1.0,0.9977425406026573,0.39550533034400315,0.4618127882488555,0.859075075706055,0.5293805558925386
22.6,epoch1_strong_moon,1.0,1.0,0.9977325631772513,0.39548555507748595,0.46241444299914225,0.8617996273792319,0.5302968008129959
22.700000000000003,epoch1_strong_moon,1.0,1.0,0.9977225858516195,0.3954657807997321,0.46301450186409215,0.8645241832806462,0.5312117280469729
22.8,epoch1_strong_moon,1.0,1.0,0.997712608625761,0.39544600751069214,0.46361297602417445,0.8672487394532097,0.5321253364846406
22.900000000000002,epoch1_strong_moon,1.0,1.0,0.9977026314996748,0.3954262352103166,0.4642098765776377,0.8699732919404619,0.5330376250653308
23.0,epoch1_strong_moon,1.0,1.0,0.9976926544733598,0.3954064638985561,0.4648052145410859,0.8726978367867168,0.533948592777011
23.1,epoch1_strong_moon,1.0,1.0,0.997682677546815,0.39538669357536116,0.46539900085005115,0.8754223700372078,0.534858238655763
23.200000000000003,epoch1_strong_moon,1.0,1.0,0.9976727007200396,0.39536692424068237,0.46599124635956163,0.8781468877382315,0.5357665617852663
23.3,epoch1_strong_moon,1.0,1.0,0.9976627239930324,0.39534715589447034,0.4665819618447064,0.8808713859372891,0.5366735612962855
23.400000000000002,epoch1_strong_moon,1.0,1.0,0.9976527473657925,0.3953273885366756,0.46717115800119613,0.8835958606832267,0.5375792363661626
23.5,epoch1_strong_moon,1.0,1.0,0.9976427708383188,0.39530762216724874,0.46775884544592017,0.8863203080263735,0.5384835862183127
23.6,epoch1_strong_moon,1.0,1.0,0.9976327944106104,0.39528785678614037,0.46834503471749966,0.8890447240186787,0.5393866101217248
23.700000000000003,epoch1_strong_moon,1.0,1.0,0.9976228180826663,0.3952680923933011,0.46892973627683715,0.8917691047138464,0.5402883073904664
23.8,epoch1_strong_moon,1.0,1.0,0.9976128418544855,0.3952483289886814,0.46951296050766234,0.8944934461674693,0.5411886773831918
23.900000000000002,epoch1_strong_moon,1.0,1.0,0.9976028657260669,0.395228566572232,0.47009471771707406,0.8972177444371604,0.5420877195026557
24.0,epoch1_strong_moon,1.0,1.0,0.9975928896974097,0.3952088051439034,0.4706750181360789,0.8999419955826834,0.5429854331952301
24.1,epoch1_strong_moon,1.0,1.0,0.9975829137685127,0.3951890447036462,0.47125387192012597,0.9026661956660812,0.5438818179504252
24.200000000000003,epoch1_strong_moon,1.0,1.0,0.9975729379393751,0.395169285251411,0.4718312891496379,0.9053903407518035,0.544776873300415
24.3,epoch1_strong_moon,1.0,1.0,0.9975629622099956,0.39514952678714843,0.47240727983053865,0.9081144269068316,0.5456705988195661
24.400000000000002,epoch1_strong_moon,1.0,1.0,0.9975529865803735,0.39512976931080906,0.4729818538947774,0.9108384502008035,0.5465629941239715
24.5,epoch1_strong_moon,1.0,1.0,0.9975430110505077,0.39511001282234354,0.4735550212008492,0.9135624067061353,0.5474540588709871
24.6,epoch1_strong_moon,1.0,1.0,0.9975330356203972,0.39509025732170244,0.4741267915343116,0.9162862924981432,0.5483437927587735
24.700000000000003,epoch1_strong_moon,1.0,1.0,0.997523060290041,0.3950705028088364,0.47469717460829847,0.9190101036551621,0.5492321955258408
24.8,epoch1_strong_moon,1.0,1.0,0.9975130850594381,0.39505074928369593,0.47526618006402976,0.9217338362586646,0.5501192669505971
24.900000000000002,epoch1_strong_moon,1.0,1.0,0.9975031099285876,0.39503099674623177,0.47583381747131814,0.9244574863933765,0.5510050068509019
25.0,epoch1_strong_moon,1.0,1.0,0.9974931348974883,0.39501124519639447,0.47640009632907204,0.927181050147393,0.5518894150836223
25.1,epoch1_strong_moon,1.0,1.0,0.9974831599661392,0.39499149463413463,0.4769650260657954,0.9299045236122915,0.5527724915441933
25.200000000000003,epoch1_strong_moon,1.0,1.0,0.9974731851345395,0.3949717450594029,0.4775286160400839,0.932627902883244,0.5536542361661821
25.3,epoch1_strong_moon,1.0,1.0,0.9974632104026881,0.39495199647214996,0.4780908755411181,0.9353511840591284,0.5545346489208559
25.400000000000002,epoch1_strong_moon,1.0,1.0,0.9974532357705841,0.39493224887232636,0.47865181378915284,0.9380743632426373,0.5554137298167534
25.5,epoch1_strong_moon,1.0,1.0,0.9974432612382264,0.3949125022598827,0.4792114399360036,0.9407974365403861,0.55629147889926
25.6,epoch1_strong_moon,1.0,1.0,0.9974332868056139,0.39489275663476975,0.47976976306552965,0.9435204000630198,0.5571678962501866
25.700000000000003,epoch1_strong_moon,1.0,1.0,0.9974233124727458,0.39487301199693803,0.48032679219411345,0.9462432499253186,0.5580429819873522
25.8,epoch1_strong_moon,1.0,1.0,0.9974133382396211,0.39485326834633816,0.4808825362711374,0.9489659822463008,0.5589167362641702
25.900000000000002,epoch1_strong_moon,1.0,1.0,0.9974033641062386,0.39483352568292085,0.48143700417945706,0.9516885931493263,0.559789159269237
26.0,epoch1_strong_moon,1.0,1.0,0.9973933900725975,0.3948137840066367,0.481990204735871,0.9544110787621972,0.5606602512259267
26.1,epoch1_strong_moon,1.0,1.0,0.9973834161386969,0.39479404331743634,0.4825421466915879,0.957133435217258,0.5615300123919863
26.200000000000003,epoch1_strong_moon,1.0,1.0,0.9973734423045355,0.3947743036152705,0.48309283873268993,0.9598556586514941,0.562398443059137
26.3,epoch1_strong_moon,1.0,1.0,0.9973634685701125,0.39475456490008975,0.4836422894805935,0.9625777452066291,0.563265543552677
26.400000000000002,epoch1_strong_moon,1.0,1.0,0.9973534949354268,0.39473482717184477,0.48419050749250653,0.9652996910292208,0.564131314231089
26.5,epoch1_strong_moon,1.0,1.0,0.9973435214004774,0.3947150904304862,0.48473750126188286,0.9680214922707556,0.5649957554856502
26.6,epoch1_strong_moon,1.0,1.0,0.9973335479652634,0.39469535467596467,0.4852832792188734,0.9707431450877427,0.5658588677400466
26.700000000000003,epoch1_strong_moon,1.0,1.0,0.9973235746297837,0.39467561990823086,0.4858278497307741,0.9734646456418057,0.5667206514499897
26.8,epoch1_strong_moon,1.0,1.0,0.9973136013940375,0.39465588612723546,0.4863712211024714,0.9761859900997734,0.5675811071028376
26.900000000000002,epoch1_strong_moon,1.0,1.0,0.9973036282580235,0.3946361533329291,0.48691340157688406,0.9789071746337702,0.5684402352172179
27.0,epoch1_strong_moon,1.0,1.0,0.997293655221741,0.3946164215252625,0.4874543993354023,0.9816281954213041,0.5692980363426553
27.1,epoch1_strong_moon,1.0,1.0,0.9972836822851887,0.39459669070418624,0.48799422249832386,0.9843490486453542,0.5701545110592021
27.200000000000003,epoch1_strong_moon,1.0,1.0,0.9972737094483659,0.39457696086965105,0.4885328791252871,0.9870697304944569,0.5710096599770712
27.3,epoch1_strong_moon,1.0,1.0,0.9972637367112714,0.3945572320216076,0.4890703772157012,0.9897902371627904,0.571863483736273
27.400000000000002,epoch1_strong_moon,1.0,1.0,0.9972537640739043,0.3945375041600065,0.4896067247091734,0.9925105648502589,0.5727159830062556
27.5,epoch1_strong_moon,1.0,1.0,0.9972437915362635,0.3945177772847985,0.4901419294859334,0.9952307097625752,0.5735671584855473
27.6,epoch1_strong_moon,1.0,1.0,0.9972338190983482,0.39449805139593425,0.4906759993672547,0.9979506681113418,0.5744170109014032
27.700000000000003,epoch1_strong_moon,1.0,1.0,0.9972238467601572,0.39447832649336445,0.4912089421158733,1.0006704361141314,0.5752655410094544
27.8,epoch1_strong_moon,1.0,1.0,0.9972138745216896,0.3944586025770398,0.49174076543640327,1.003390009994566,0.5761127495933601
27.900000000000002,epoch1_strong_moon,1.0,1.0,0.9972039023829444,0.39443887964691093,0.4922714769757499,1.0061093859823949,0.5769586374644634
28.0,epoch1_strong_moon,1.0,1.0,0.9971939303439206,0.39441915770292857,0.49280108432351954,1.0088285603135718,0.5778032054614493
28.1,epoch1_strong_moon,1.0,1.0,0.9971839584046172,0.3943994367450434,0.49332959501242707,1.0115475292303304,0.5786464544500063
28.200000000000003,epoch1_strong_moon,1.0,1.0,0.9971739865650331,0.39437971677320616,0.49385701651870023,1.0142662889812593,0.5794883853224911
28.3,epoch1_strong_moon,1.0,1.0,0.9971640148251675,0.3943599977873675,0.49438335626248164,1.0169848358213756,0.5803289989975956
28.400000000000002,epoch1_strong_moon,1.0,1.0,0.9971540431850192,0.39434027978747815,0.49490862160822763,1.0197031660121973,0.5811682964200172
28.5,epoch1_strong_moon,1.0,1.0,0.9971440716445874,0.39432056277348876,0.4954328198651046,1.0224212758218152,0.5820062785601325
28.6,epoch1_strong_moon,1.0,1.0,0.9971341002038709,0.3943008467453501,0.49595595828738276,1.025139161524963,0.5828429464136728
28.700000000000003,epoch1_strong_moon,1.0,1.0,0.9971241288628689,0.3942811317030128,0.49647804407482665,1.0278568194030868,0.5836783010014037
28.8,epoch1_strong_moon,1.0,1.0,0.9971141576215803,0.3942614176464277,0.4969990843730839,1.0305742457444136,0.5845123433688064
28.900000000000002,epoch1_strong_moon,1.0,1.0,0.9971041864800041,0.39424170457554536,0.49751908627407043,1.0332914368440187,0.5853450745857628
29.0,epoch1_strong_moon,1.0,1.0,0.9970942154381393,0.3942219924903166,0.4980380568163537,1.036008389003892,0.5861764957462426
29.1,epoch1_strong_moon,1.0,1.0,0.9970842444959849,0.3942022813906921,0.4985560029855329,1.0387250985330032,0.5870066079679941
29.200000000000003,epoch1_strong_moon,1.0,1.0,0.99707427365354,0.39418257127662254,0.4990729317146166,1.0414415617473662,0.5878354123922364
29.3,epoch1_strong_moon,1.0,1.0,0.9970643029108034,0.39416286214805873,0.4995888498843983,1.0441577749701028,0.5886629101833557
29.400000000000002,epoch1_strong_moon,1.0,1.0,0.9970543322677743,0.3941431540049513,0.5001037643238286,1.0468737345315042,0.5894891025286041
29.5,epoch1_strong_moon,1.0,1.0,0.9970443617244517,0.3941234468472511,0.5006176818103859,1.049589436769094,0.5903139906377999
29.6,epoch1_strong_moon,1.0,1.0,0.9970343912808344,0.3941037406749087,0.501130609070443,1.0523048780276874,0.5911375757430319
29.700000000000003,epoch1_strong_moon,1.0,1.0,0.9970244209369216,0.39408403548787496,0.501642552779633,1.0550200546594504,0.5919598590983663
29.8,epoch1_strong_moon,1.0,1.0,0.9970144506927122,0.3940643312861006,0.5021535195632113,1.0577349630239599,0.592780841979555
29.900000000000002,epoch1_strong_moon,1.0,1.0,0.9970044805482053,0.3940446280695363,0.502663515996416,1.06044959948826,0.593600525683748
30.0,epoch1_strong_moon,1.0,1.0,0.9969945105033998,0.3940249258381328,0.5031725486048253,1.0631639604269192,0.5944189115292072
30.1,epoch1_strong_moon,1.0,1.0,0.9969845405582948,0.3940052245918409,0.5036806238647125,1.0658780422220866,0.5952360008550241
30.200000000000003,epoch1_strong_moon,1.0,1.0,0.9969745707128892,0.3939855243306113,0.5041877482033991,1.0685918412635462,0.5960517950208384
30.3,epoch1_strong_moon,1.0,1.0,0.9969646009671821,0.39396582505439476,0.5046939279996048,1.071305353948771,0.5968662954065604
30.400000000000002,epoch1_strong_moon,1.0,1.0,0.9969546313211725,0.39394612676314206,0.5051991695837955,1.0740185766829762,0.5976795034120959
30.5,epoch1_strong_moon,1.0,1.0,0.9969446617748593,0.3939264294568039,0.5057034792385288,1.0767315058791718,0.598491420457072
30.6,epoch1_strong_moon,1.0,1.0,0.9969346923282415,0.39390673313533103,0.5062068631987972,1.0794441379582136,0.5993020479805683
30.700000000000003,epoch1_strong_moon,1.0,1.0,0.9969247229813182,0.3938870377986743,0.5067093276523686,1.0821564693488535,0.6001113874408472
30.8,epoch1_strong_moon,1.0,1.0,0.9969147537340883,0.39386734344678437,0.5072108787401256,1.0848684964877897,0.6009194403150894
30.900000000000002,epoch1_strong_moon,1.0,1.0,0.996904784586551,0.39384765007961203,0.5077115225564005,1.0875802158197154,0.6017262080991299
31.0,epoch1_strong_moon,1.0,1.0,0.9968948155387051,0.39382795769710804,0.50821126514931,1.090291623797366,0.6025316923071978
31.1,epoch1_strong_moon,1.0,1.0,0.9968848465905497,0.39380826629922316,0.5087101125210864,1.0930027168815677,0.6033358944716576
31.200000000000003,epoch1_strong_moon,1.0,1.0,0.9968748777420837,0.3937885758859082,0.5092080706284071,1.0957134915412823,0.604138816142753
31.3,epoch1_strong_moon,1.0,1.0,0.9968649089933063,0.3937688864571139,0.5097051453827212,1.0984239442536534,0.6049404588883533
31.400000000000002,epoch1_strong_moon,1.0,1.0,0.9968549403442163,0.393749198012791,0.5102013426505746,1.1011340715040514,0.6057408242937021
31.5,epoch1_strong_moon,1.0,1.0,0.9968449717948128,0.39372951055289035,0.5106966682539328,1.1038438697861168,0.606539913961168
31.6,epoch1_strong_moon,1.0,1.0,0.9968350033450949,0.3937098240773627,0.5111911279705006,1.1065533356018038,0.6073377295099978
31.700000000000003,epoch1_strong_moon,1.0,1.0,0.9968250349950615,0.39369013858615887,0.5116847275340408,1.1092624654614223,0.6081342725760719
31.8,epoch1_strong_moon,1.0,1.0,0.9968150667447115,0.39367045407922957,0.5121774726346898,1.1119712558836792,0.6089295448116623
31.900000000000002,epoch1_strong_moon,1.0,1.0,0.9968050985940441,0.3936507705565256,0.5126693689192715,1.1146797033957199,0.6097235478851921
32.0,epoch1_strong_moon,1.0,1.0,0.9967951305430581,0.3936310880179978,0.513160421991609,1.1173878045331678,0.6105162834809981
32.1,epoch1_strong_moon,1.0,1.0,0.9967851625917526,0.3936114064635969,0.513650637412834,1.1200955558401637,0.6113077532990945
32.2,epoch1_strong_moon,1.0,1.0,0.9967751947401268,0.3935917258932737,0.5141400207016941,1.1228029538694044,0.6120979590549402
32.300000000000004,epoch1_strong_moon,1.0,1.0,0.9967652269881794,0.393572046306979,0.5146285773348581,1.12550999518218,0.6128869024792071
32.4,epoch1_strong_moon,1.0,1.0,0.9967552593359095,0.3935523677046637,0.5151163127472194,1.1282166763484118,0.6136745853175506
32.5,epoch1_strong_moon,1.0,1.0,0.9967452917833162,0.39353269008627845,0.5156032323321965,1.1309229939466878,0.6144610093303833
32.6,epoch1_strong_moon,1.0,1.0,0.9967353243303984,0.39351301345177414,0.5160893414420326,1.1336289445642989,0.6152461762926493
32.7,epoch1_strong_moon,1.0,1.0,0.996725356977155,0.3934933378011016,0.516574645388092,1.1363345247972734,0.6160300879936021
32.800000000000004,epoch1_strong_moon,1.0,1.0,0.9967153897235853,0.3934736631342115,0.5170591494411553,1.1390397312504112,0.6168127462365834
32.9,epoch1_strong_moon,1.0,1.0,0.9967054225696881,0.3934539894510548,0.5175428588317122,1.1417445605373178,0.6175941528388044
33.0,epoch1_strong_moon,1.0,1.0,0.9966954555154623,0.39343431675158225,0.5180257787502526,1.1444490092804362,0.6183743096311292
33.1,epoch1_strong_moon,1.0,1.0,0.9966854885609072,0.3934146450357447,0.5185079143475546,1.14715307411108,0.6191532184578604
33.2,epoch1_strong_moon,1.0,1.0,0.9966755217060216,0.3933949743034929,0.5189892707349725,1.1498567516694644,0.6199308811765264
33.300000000000004,epoch1_strong_moon,1.0,1.0,0.9966655549508046,0.3933753045547777,0.5194698529847206,1.1525600386047365,0.6207072996576707
33.4,epoch1_strong_moon,1.0,1.0,0.996655588295255,0.39335563578954996,0.519949666130157,1.1552629315750065,0.6214824757846432
33.5,epoch1_strong_moon,1.0,1.0,0.9966456217393721,0.3933359680077605,0.5204287151660639,1.1579654272473758,0.6222564114533939
33.6,epoch1_strong_moon,1.0,1.0,0.9966356552831547,0.3933163012093601,0.5209070050489271,1.1606675222979674,0.6230291085722679
33.7,epoch1_strong_moon,1.0,1.0,0.9966256889266019,0.39329663539429965,0.5213845406972125,1.1633692134119527,0.6238005690618026
33.800000000000004,epoch1_strong_moon,1.0,1.0,0.9966157226697125,0.3932769705625299,0.5218613269916421,1.1660704972835794,0.6245707948545272
33.9,epoch1_strong_moon,1.0,1.0,0.9966057565124858,0.3932573067140018,0.5223373687754665,1.1687713706161988,0.6253397878947632
34.0,epoch1_strong_moon,1.0,1.0,0.9965957904549207,0.39323764384866605,0.5228126708547369,1.171471830122292,0.626107550138428
34.1,epoch1_strong_moon,1.0,1.0,0.9965858244970162,0.3932179819664736,0.5232872379985744,1.1741718725234949,0.6268740835528392
34.2,epoch1_strong_moon,1.0,1.0,0.9965758586387712,0.3931983210673753,0.5237610749394372,1.176871494550624,0.6276393901165216
34.300000000000004,epoch1_strong_moon,1.0,1.0,0.9965658928801848,0.39317866115132194,0.5242341863733875,1.1795706929437004,0.6284034718190153
34.4,epoch1_strong_moon,1.0,1.0,0.996555927221256,0.3931590022182644,0.5247065769603543,1.1822694644519742,0.6291663306606868
34.5,epoch1_strong_moon,1.0,1.0,0.9965459616619837,0.39313934426815345,0.5251782513243963,1.1849678058339468,0.6299279686525403
34.6,epoch1_strong_moon,1.0,1.0,0.9965359962023671,0.39311968730094005,0.5256492140539623,1.1876657138573945,0.6306883878160322
34.7,epoch1_strong_moon,1.0,1.0,0.9965260308424051,0.393100031316575,0.526119469702149,1.19036318529939,0.6314475901828868
34.800000000000004,epoch1_strong_moon,1.0,1.0,0.9965160655820967,0.3930803763150092,0.5265890227869586,1.193060216946324,0.6322055777949135
34.9,epoch1_strong_moon,1.0,1.0,0.9965061004214409,0.39306072229619343,0.5270578777915533,1.1957568055939267,0.6329623527038267
35.0,epoch1_strong_moon,1.0,1.0,0.9964961353604367,0.39304106926007865,0.5275260391645088,1.1984529480472872,0.6337179169710662
35.1,epoch1_strong_moon,1.0,1.0,0.996486170399083,0.39302141720661565,0.5279935113200653,1.201148641120874,0.6344722726676202
35.2,epoch1_strong_moon,1.0,1.0,0.996476205537379,0.3930017661357553,0.528460298638378,1.2038438816385542,0.6352254218738498
35.300000000000004,epoch1_strong_moon,1.0,1.0,0.9964662407753236,0.39298211604744854,0.528926405465764,1.206538666433612,0.6359773666793151
35.4,epoch1_strong_moon,1.0,1.0,0.9964562761129159,0.39296246694164616,0.5293918361149498,1.209232992348767,0.6367281091826033
35.5,epoch1_strong_moon,1.0,1.0,0.9964463115501547,0.39294281881829907,0.529856594865315,1.211926856236192,0.6374776514911575
35.6,epoch1_strong_moon,1.0,1.0,0.9964363470870392,0.39292317167735813,0.5303206859631356,1.2146202549575296,0.638225995721109
35.7,epoch1_strong_moon,1.0,1.0,0.9964263827235683,0.3929035255187743,0.5307841136218251,1.2173131853839094,0.6389731439971092
35.800000000000004,epoch1_strong_moon,1.0,1.0,0.996416418459741,0.3928838803424983,0.5312468820221736,1.220005644395964,0.6397190984521645
35.9,epoch1_strong_moon,1.0,1.0,0.9964064542955564,0.3928642361484812,0.5317089953125866,1.222697628883844,0.640463861227472
36.0,epoch1_strong_moon,1.0,1.0,0.9963964902310134,0.3928445929366738,0.5321704576093204,1.2253891357472337,0.6412074344722579
36.1,epoch1_strong_moon,1.0,1.0,0.9963865262661111,0.39282495070702694,0.5326312729967168,1.2280801618953654,0.6419498203436161
36.2,epoch1_strong_moon,1.0,1.0,0.9963765624008485,0.3928053094594916,0.5330914455274364,1.230770704247033,0.6426910210063497
36.300000000000004,epoch1_strong_moon,1.0,1.0,0.9963665986352245,0.39278566919401864,0.5335509792226897,1.2334607597306069,0.6434310386328125
36.4,epoch1_strong_moon,1.0,1.0,0.9963566349692381,0.3927660299105589,0.5340098780724668,1.2361503252840451,0.644169875402754
36.5,epoch1_strong_moon,1.0,1.0,0.9963466714028884,0.3927463916090634,0.5344681460357656,1.2388393978549077,0.6449075335031645
36.6,epoch1_strong_moon,1.0,1.0,0.9963367079361743,0.39272675428948295,0.5349257870408184,1.241527974400368,0.6456440151281221
36.7,epoch1_strong_moon,1.0,1.0,0.996326744569095,0.3927071179517685,0.5353828049853167,1.2442160518872243,0.6463793224786413
36.800000000000004,epoch1_strong_moon,1.0,1.0,0.9963167813016492,0.3926874825958709,0.5358392037366346,1.2469036272919112,0.6471134577625233
36.9,epoch1_strong_moon,1.0,1.0,0.9963068181338363,0.3926678482217411,0.5362949871320511,1.2495906976005102,0.6478464231942074
37.0,epoch1_strong_moon,1.0,1.0,0.9962968550656549,0.39264821482933004,0.5367501589789698,1.25227725980876,0.6485782209946239
37.1,epoch1_strong_moon,1.0,1.0,0.9962868920971043,0.39262858241858856,0.5372047230551381,1.2549633109220664,0.6493088533910493
37.2,epoch1_strong_moon,1.0,1.0,0.9962769292281833,0.39260895098946763,0.5376586831088642,1.2576488479555117,0.6500383226169614
37.300000000000004,epoch1_strong_moon,1.0,1.0,0.996266966458891,0.39258932054191814,0.5381120428592332,1.2603338679338634,0.6507666309118973
37.4,epoch1_strong_moon,1.0,1.0,0.9962570037892264,0.39256969107589107,0.538564805996321,1.263018367891583,0.6514937805213125
37.5,epoch1_strong_moon,1.0,1.0,0.9962470412191885,0.3925500625913373,0.539016976181407,1.2657023448728337,0.6522197736964401
37.6,epoch1_strong_moon,1.0,1.0,0.9962370787487763,0.39253043508820773,0.5394685570471859,1.2683857959314886,0.652944612694154
37.7,epoch1_strong_moon,1.0,1.0,0.9962271163779888,0.3925108085664533,0.5399195521979769,1.271068718131137,0.6536682997768308
37.800000000000004,epoch1_strong_moon,1.0,1.0,0.996217154106825,0.392491183026025,0.5403699652099325,1.2737511085450923,0.6543908372122148
37.9,epoch1_strong_moon,1.0,1.0,0.996207191935284,0.3924715584668737,0.540819799631245,1.2764329642563976,0.6551122272732838
38.0,epoch1_strong_moon,1.0,1.0,0.9961972298633646,0.39245193488895036,0.5412690589823523,1.2791142823578316,0.6558324722381162
38.1,epoch1_strong_moon,1.0,1.0,0.9961872678910659,0.39243231229220593,0.5417177467561418,1.2817950599519148,0.6565515743897601
38.2,epoch1_strong_moon,1.0,1.0,0.996177306018387,0.39241269067659135,0.5421658664181528,1.2844752941509143,0.6572695360161023
38.300000000000004,epoch1_strong_moon,1.0,1.0,0.9961673442453268,0.39239307004205753,0.5426134214067779,1.2871549820768484,0.6579863594097403
38.400000000000006,epoch1_strong_moon,1.0,1.0,0.9961573825718844,0.3923734503885554,0.5430604151334629,1.2898341208614914,0.6587020468678546
38.5,epoch1_strong_moon,1.0,1.0,0.9961474209980586,0.392353831716036,0.5435068509829049,1.2925127076463772,0.6594166006920827
38.6,epoch1_strong_moon,1.0,1.0,0.9961374595238487,0.3923342140244502,0.5439527323132491,1.295190739582803,0.6601300231883941
38.7,epoch1_strong_moon,1.0,1.0,0.9961274981492535,0.39231459731374896,0.5443980624562853,1.2978682138318332,0.6608423166669669
38.800000000000004,epoch1_strong_moon,1.0,1.0,0.996117536874272,0.39229498158388326,0.5448428447176411,1.3005451275643007,0.6615534834420654
38.900000000000006,epoch1_strong_moon,1.0,1.0,0.9961075756989032,0.3922753668348041,0.5452870823769757,1.3032214779608111,0.6622635258319194
39.0,epoch1_strong_moon,1.0,1.0,0.9960976146231462,0.3922557530664623,0.5457307786881705,1.305897262211744,0.6629724461586041
39.1,epoch1_strong_moon,1.0,1.0,0.9960876536469999,0.392236140278809,0.5461739368795205,1.3085724775172543,0.6636802467479217
39.2,epoch1_strong_moon,1.0,1.0,0.9960776927704634,0.39221652847179506,0.5466165601539222,1.3112471210872747,0.6643869299292845
39.300000000000004,epoch1_strong_moon,1.0,1.0,0.9960677319935357,0.39219691764537146,0.5470586516890615,1.3139211901415162,0.6650924980355984
39.400000000000006,epoch1_strong_moon,1.0,1.0,0.9960577713162158,0.39217730779948917,0.5475002146376,1.3165946819094685,0.6657969534031484
39.5,epoch1_strong_moon,1.0,1.0,0.9960478107385026,0.3921576989340992,0.5479412521273599,1.3192675936304008,0.6665002983714846
39.6,epoch1_strong_moon,1.0,1.0,0.9960378502603952,0.3921380910491525,0.5483817672615078,1.321939922553362,0.6672025352833104
39.7,epoch1_strong_moon,1.0,1.0,0.9960278898818925,0.39211848414460004,0.5488217631187368,1.3246116659371792,0.6679036664843707
39.800000000000004,epoch1_strong_moon,1.0,1.0,0.9960179296029937,0.3920988782203928,0.5492612427534477,1.3272828210504588,0.668603694323342
39.900000000000006,epoch1_strong_moon,1.0,1.0,0.9960079694236977,0.3920792732764818,0.549700209195929,1.3299533851715843,0.6693026211517236
40.0,epoch1_strong_moon,1.0,1.0,0.9959980093440035,0.39205966931281794,0.5501386654525352,1.3326233555887153,0.6700004493237298
40.1,epoch1_strong_moon,1.0,1.0,0.99598804936391,0.3920400663293523,0.5505766145058643,1.3352927295997858,0.6706971811961835
40.2,epoch1_strong_moon,1.0,1.0,0.9959780894834164,0.3920204643260358,0.5510140593149336,1.3379615045125024,0.6713928191284103
40.300000000000004,epoch1_strong_moon,1.0,1.0,0.9959681297025216,0.3920008633028195,0.5514510028153552,1.340629677644342,0.6720873654821345
40.400000000000006,epoch1_strong_moon,1.0,1.0,0.9959581700212246,0.3919812632596544,0.5518874479195087,1.3432972463225492,0.6727808226213758
40.5,epoch1_strong_moon,1.0,1.0,0.9959482104395243,0.3919616641964914,0.5523233975167142,1.3459642078841332,0.6734731929123473
40.6,epoch1_strong_moon,1.0,1.0,0.99593825095742,0.3919420661132816,0.5527588544734033,1.3486305596758652,0.6741644787233543
40.7,epoch1_strong_moon,1.0,1.0,0.9959282915749104,0.3919224690099759,0.5531938216332892,1.3512962990542743,0.6748546824246943
40.800000000000004,epoch1_strong_moon,1.0,1.0,0.9959183322919947,0.3919028728865254,0.5536283018175353,1.3539614233856438,0.6755438063885586
40.900000000000006,epoch1_strong_moon,1.0,1.0,0.9959083731086718,0.3918832777428811,0.5540622978249228,1.356625930046008,0.6762318529889341
41.0,epoch1_strong_moon,1.0,1.0,0.9958984140249406,0.391863683578994,0.5544958124320174,1.359289816421146,0.6769188246015067
41.1,epoch1_strong_moon,1.0,1.0,0.9958884550408004,0.39184409039481505,0.5549288483933343,1.3619530799065793,0.6776047236035657
41.2,epoch1_strong_moon,1.0,1.0,0.99587849615625,0.3918244981902953,0.5553614084415025,1.364615717907565,0.6782895523739092
41.300000000000004,epoch1_strong_moon,1.0,1.0,0.9958685373712884,0.3918049069653858,0.5557934952874273,1.3672777278390917,0.6789733132927505
41.400000000000006,epoch1_strong_moon,1.0,1.0,0.9958585786859148,0.3917853167200375,0.5562251116204526,1.3699391071258735,0.6796560087416254
41.5,epoch1_strong_moon,1.0,1.0,0.9958486201001279,0.3917657274542015,0.5566562601085214,1.3725998532023445,0.6803376411033007
41.6,epoch1_strong_moon,1.0,1.0,0.9958386616139269,0.3917461391678288,0.5570869433983353,1.3752599635126523,0.6810182127616843
41.7,epoch1_strong_moon,1.0,1.0,0.9958287032273108,0.3917265518608704,0.5575171641155127,1.3779194355106525,0.6816977261017344
41.800000000000004,epoch1_strong_moon,1.0,1.0,0.9958187449402784,0.3917069655332774,0.5579469248647464,1.3805782666599018,0.6823761835093721
41.900000000000006,epoch1_strong_moon,1.0,1.0,0.995808786752829,0.3916873801850007,0.5583762282299597,1.3832364544336506,0.6830535873713934
42.0,epoch1_strong_moon,1.0,1.0,0.9957988286649615,0.3916677958159915,0.5588050767744615,1.385893996314837,0.6837299400753827
42.1,epoch1_strong_moon,1.0,1.0,0.9957888706766749,0.3916482124262007,0.5592334730410999,1.388550889796078,0.684405244009627
42.2,epoch1_strong_moon,1.0,1.0,0.9957789127879682,0.39162863001557935,0.559661419552416,1.3912071323796642,0.6850795015630314
42.300000000000004,epoch1_strong_moon,1.0,1.0,0.9957689549988402,0.3916090485840786,0.5600889188107946,1.3938627215775496,0.6857527151250357
42.400000000000006,epoch1_strong_moon,1.0,1.0,0.9957589973092902,0.39158946813164935,0.5605159732986158,1.396517654911345,0.686424887085531
42.5,epoch1_strong_moon,1.0,1.0,0.995749039719317,0.39156988865824277,0.5609425854784044,1.3991719299123089,0.6870960198347782
42.6,epoch1_strong_moon,1.0,1.0,0.9957390822289198,0.39155031016380987,0.5613687577929783,1.4018255441213396,0.6877661157633275
42.7,epoch1_strong_moon,1.0,1.0,0.9957291248380975,0.3915307326483017,0.5617944926655968,1.4044784950889662,0.6884351772619375
42.800000000000004,epoch1_strong_moon,1.0,1.0,0.9957191675468491,0.39151115611166926,0.5622197925001061,1.4071307803753392,0.689103206721497
42.900000000000006,epoch1_strong_moon,1.0,1.0,0.9957092103551736,0.3914915805538637,0.5626446596810859,1.4097823975502222,0.6897702065329465
43.0,epoch1_strong_moon,1.0,1.0,0.9956992532630701,0.391472005974836,0.5630690965739931,1.412433344192981,0.6904361790872007
43.1,epoch1_strong_moon,1.0,1.0,0.9956892962705375,0.39145243237453725,0.5634931055253053,1.4150836178925759,0.6911011267750724
43.2,epoch1_strong_moon,1.0,1.0,0.9956793393775748,0.3914328597529185,0.563916688862664,1.4177332162475496,0.691765051987197
43.300000000000004,epoch1_strong_moon,1.0,1.0,0.995669382584181,0.39141328810993087,0.5643398488950151,1.4203821368660188,0.6924279571139575
43.400000000000006,epoch1_strong_moon,1.0,1.0,0.9956594258903552,0.39139371744552537,0.5647625879127498,1.423030377365663,0.6930898445454116
43.5,epoch1_strong_moon,1.0,1.0,0.9956494692960962,0.39137414775965307,0.5651849081878442,1.4256779353737143,0.6937507166712175
43.6,epoch1_strong_moon,1.0,1.0,0.9956395128014033,0.39135457905226506,0.5656068119739973,1.4283248085269464,0.6944105758805629
43.7,epoch1_strong_moon,1.0,1.0,0.9956295564062753,0.39133501132331244,0.566028301506769,1.430970994471664,0.6950694245620934
43.800000000000004,epoch1_strong_moon,1.0,1.0,0.9956196001107112,0.39131544457274625,0.5664493790037161,1.4336164908636913,0.6957272651038421
43.900000000000006,epoch1_strong_moon,1.0,1.0,0.9956096439147101,0.39129587880051764,0.5668700466645282,1.4362612953683604,0.6963840998931599
44.0,epoch1_strong_moon,1.0,1.0,0.9955996878182709,0.3912763140065776,0.5672903066711622,1.438905405660501,0.6970399313166469
44.1,epoch1_strong_moon,1.0,1.0,0.9955897318213928,0.39125675019087724,0.5677101611879757,1.441548819424427,0.6976947617600847
44.2,epoch1_strong_moon,1.0,1.0,0.9955797759240745,0.3912371873533677,0.5681296123618601,1.4441915343539256,0.6983485936083689
44.300000000000004,epoch1_strong_moon,1.0,1.0,0.9955698201263153,0.391217625494,0.5685486623223719,1.446833548152245,0.699001429245443
44.400000000000006,epoch1_strong_moon,1.0,1.0,0.9955598644281141,0.3911980646127253,0.5689673131818639,1.4494748585320816,0.6996532710542327
44.5,epoch1_strong_moon,1.0,1.0,0.9955499088294698,0.39117850470949467,0.5693855670356147,1.4521154632155684,0.7003041214165814
44.6,epoch1_strong_moon,1.0,1.0,0.9955399533303815,0.3911589457842592,0.5698034259619579,1.4547553599342615,0.700953982713186
44.7,epoch1_strong_moon,1.0,1.0,0.9955299979308482,0.39113938783697,0.5702208920224101,1.4573945464291276,0.7016028573235339
44.800000000000004,epoch1_strong_moon,1.0,1.0,0.9955200426308689,0.3911198308675781,0.570637967261798,1.4600330204505307,0.7022507476258403
44.900000000000006,epoch1_strong_moon,1.0,1.0,0.9955100874304426,0.39110027487603477,0.5710546537083847,1.4626707797582195,0.7028976559969868
45.0,epoch1_strong_moon,1.0,1.0,0.9955001323295682,0.391080719862291,0.5714709533739949,1.4653078221213132,0.7035435848124605
45.1,epoch1_strong_moon,1.0,1.0,0.995490177328245,0.39106116582629785,0.5718868682541393,1.4679441453182884,0.7041885364462935
45.2,epoch1_strong_moon,1.0,1.0,0.9954802224264717,0.39104161276800653,0.5723024003281383,1.4705797471369655,0.7048325132710038
45.300000000000004,epoch1_strong_moon,1.0,1.0,0.9954702676242475,0.3910220606873681,0.5727175515592448,1.4732146253744944,0.7054755176575364
45.400000000000006,epoch1_strong_moon,1.0,1.0,0.9954603129215712,0.39100250958433375,0.5731323238947656,1.475848777837341,0.7061175519752053
45.5,epoch1_strong_moon,1.0,1.0,0.995450358318442,0.39098295945885453,0.5735467192661828,1.4784822023412725,0.7067586185916366
45.6,epoch1_strong_moon,1.0,1.0,0.9954404038148588,0.3909634103108816,0.5739607395892735,1.481114896711343,0.7073987198727113
45.7,epoch1_strong_moon,1.0,1.0,0.9954304494108206,0.3909438621403661,0.5743743867642292,1.4837468587818794,0.7080378581825102
45.800000000000004,epoch1_strong_moon,1.0,1.0,0.9954204951063265,0.39092431494725904,0.5747876626757742,1.4863780863964666,0.7086760358832581
45.900000000000006,epoch1_strong_moon,1.0,1.0,0.9954105409013754,0.3909047687315117,0.5752005691932829,1.4890085774079327,0.70931325533527
46.0,epoch1_strong_moon,1.0,1.0,0.9954005867959663,0.39088522349307514,0.5756131081708967,1.4916383296783333,0.7099495188968966
46.1,epoch1_strong_moon,1.0,1.0,0.9953906327900983,0.39086567923190046,0.5760252814476401,1.4942673410789375,0.7105848289244718
46.2,epoch1_strong_moon,1.0,1.0,0.9953806788837705,0.3908461359479389,0.5764370908475351,1.4968956094902122,0.7112191877722602
46.300000000000004,epoch1_strong_moon,1.0,1.0,0.9953707250769817,0.3908265936411415,0.576848538179716,1.4995231328018064,0.7118525977924052
46.400000000000006,epoch1_strong_moon,1.0,1.0,0.9953607713697309,0.3908070523114594,0.5772596252385426,1.5021499089125359,0.7124850613348779
46.5,epoch1_strong_moon,1.0,1.0,0.9953508177620172,0.3907875119588438,0.5776703538037123,1.5047759357303674,0.7131165807474269
46.6,epoch1_strong_moon,1.0,1.0,0.9953408642538395,0.39076797258324586,0.5780807256403729,1.5074012111724033,0.7137471583755286
46.7,epoch1_strong_moon,1.0,1.0,0.995330910845197,0.3907484341846167,0.5784907424992328,1.5100257331648652,0.7143767965623378
46.800000000000004,epoch1_strong_moon,1.0,1.0,0.9953209575360885,0.39072889676290745,0.5789004061166714,1.5126494996430777,0.7150054976486392
46.900000000000006,epoch1_strong_moon,1.0,1.0,0.9953110043265132,0.3907093603180693,0.5793097182148483,1.5152725085514527,0.7156332639728
47.0,epoch1_strong_moon,1.0,1.0,0.99530105121647,0.3906898248500534,0.5797186805018127,1.5178947578434727,0.7162600978707224
47.1,epoch1_strong_moon,1.0,1.0,0.9952910982059577,0.3906702903588109,0.5801272946716103,1.5205162454816743,0.716886001675797
47.2,epoch1_strong_moon,1.0,1.0,0.9952811452949757,0.39065075684429296,0.5805355624043907,1.523136969437632,0.7175109777188566
47.300000000000004,epoch1_strong_moon,1.0,1.0,0.9952711924835227,0.39063122430645075,0.5809434853665141,1.525756927691941,0.7181350283281317
47.400000000000006,epoch1_strong_moon,1.0,1.0,0.9952612397715979,0.39061169274523544,0.5813510652106562,1.5283761182342004,0.7187581558292045
47.5,epoch1_strong_moon,1.0,1.0,0.9952512871592002,0.39059216216059817,0.5817583035759135,1.530994539062997,0.7193803625449661
47.6,epoch1_strong_moon,1.0,1.0,0.9952413346463286,0.39057263255249014,0.5821652020879073,1.5336121881858873,0.7200016507955717
47.7,epoch1_strong_moon,1.0,1.0,0.9952313822329821,0.3905531039208625,0.5825717623588866,1.5362290636193807,0.7206220228983985
47.800000000000004,epoch1_strong_moon,1.0,1.0,0.9952214299191599,0.3905335762656665,0.5829779859878311,1.5388451633889224,0.721241481168003
47.900000000000006,epoch1_strong_moon,1.0,1.0,0.9952114777048606,0.3905140495868532,0.5833838745605527,1.5414604855288758,0.7218600279160793
48.0,epoch1_strong_moon,1.0,1.0,0.9952015255900836,0.3904945238843739,0.5837894296497969,1.5440750280825049,0.7224776654514178
48.1,epoch1_strong_moon,1.0,1.0,0.9951915735748277,0.3904749991581797,0.5841946528153428,1.5466887891019567,0.7230943960798644
48.2,epoch1_strong_moon,1.0,1.0,0.995181621659092,0.3904554754082218,0.5845995456041031,1.549301766648244,0.7237102221042808
48.300000000000004,epoch1_strong_moon,1.0,1.0,0.9951716698428754,0.39043595263445136,0.5850041095502229,1.5519139587912267,0.7243251458245048
48.400000000000006,epoch1_strong_moon,1.0,1.0,0.995161718126177,0.39041643083681965,0.5854083461751777,1.5545253636095948,0.7249391695373111
48.5,epoch1_strong_moon,1.0,1.0,0.9951517665089957,0.3903969100152778,0.5858122569878713,1.5571359791908495,0.725552295536373
48.6,epoch1_strong_moon,1.0,1.0,0.9951418149913306,0.39037739016977707,0.5862158434847324,1.5597458036312857,0.7261645261122248
48.7,epoch1_strong_moon,1.0,1.0,0.9951318635731806,0.3903578713002686,0.5866191071498108,1.5623548350359737,0.7267758635522242
48.800000000000004,epoch1_strong_moon,1.0,1.0,0.9951219122545449,0.3903383534067036,0.5870220494548726,1.5649630715187408,0.7273863101405154
48.900000000000006,epoch1_strong_moon,1.0,1.0,0.9951119610354224,0.39031883648903326,0.5874246718594953,1.5675705112021527,0.7279958681579929
49.0,epoch1_strong_moon,1.0,1.0,0.9951020099158121,0.3902993205472088,0.5878269758111616,1.5701771522174954,0.728604539882266
49.1,epoch1_strong_moon,1.0,1.0,0.995092058895713,0.3902798055811814,0.5882289627453529,1.5727829927047563,0.7292123275876232
49.2,epoch1_strong_moon,1.0,1.0,0.995082107975124,0.39026029159090236,0.5886306340856418,1.5753880308126058,0.7298192335449977
49.300000000000004,epoch1_strong_moon,1.0,1.0,0.9950721571540442,0.39024077857632283,0.5890319912437845,1.5779922646983784,0.730425260021933
49.400000000000006,epoch1_strong_moon,1.0,1.0,0.9950622064324727,0.39022126653739403,0.589433035619812,1.580595692528054,0.7310304092825494
49.5,epoch1_strong_moon,1.0,1.0,0.9950522558104083,0.39020175547406716,0.5898337686021208,1.5831983124762385,0.7316346835875106
49.6,epoch1_strong_moon,1.0,1.0,0.9950423052878502,0.3901822453862935,0.590234191567563,1.5858001227261456,0.7322380851939913
49.7,epoch1_strong_moon,1.0,1.0,0.9950323548647974,0.39016273627402415,0.5906343058815355,1.588401121469577,0.7328406163556445
49.800000000000004,epoch1_strong_moon,1.0,1.0,0.9950224045412487,0.3901432281372104,0.5910341128980693,1.591001306906904,0.7334422793225701
49.900000000000006,epoch1_strong_moon,1.0,1.0,0.9950124543172033,0.39012372097580356,0.591433613959917,1.5936006772470472,0.7340430763412837
50.0,epoch1_strong_moon,1.0,1.0,0.9950025041926601,0.39010421478975477,0.5918328103986409,1.5961992307074584,0.7346430096546857
50.1,epoch1_strong_moon,1.0,1.0,0.9949925541676182,0.39008470957901525,0.5922317035346993,1.5987969655141003,0.7352420815020307
50.2,epoch1_strong_moon,1.0,1.0,0.9949826042420765,0.3900652053435363,0.5926302946775333,1.6013938799014276,0.7358402941188985
50.300000000000004,epoch1_strong_moon,1.0,1.0,0.9949726544160341,0.3900457020832691,0.5930285851256517,1.603989972112367,0.7364376497371636
50.400000000000006,epoch1_strong_moon,1.0,1.0,0.99496270468949,0.39002619979816494,0.5934265761667169,1.606585240398298,0.7370341505849674
50.5,epoch1_strong_moon,1.0,1.0,0.9949527550624431,0.39000669848817504,0.5938242690776285,1.6091796830190337,0.7376297988866889
50.6,epoch1_strong_moon,1.0,1.0,0.9949428055348924,0.3899871981532506,0.5942216651246075,1.6117732982427997,0.7382245968629172
50.7,epoch1_strong_moon,1.0,1.0,0.9949328561068371,0.389967698793343,0.5946187655632792,1.6143660843462155,0.7388185467304237
50.800000000000004,epoch1_strong_moon,1.0,1.0,0.9949229067782761,0.38994820040840333,0.595015571638756,1.6169580396142742,0.7394116507021351
50.900000000000006,epoch1_strong_moon,1.0,1.0,0.9949129575492083,0.3899287029983829,0.5954120845857193,1.6195491623403229,0.7400039109871068
51.0,epoch1_strong_moon,1.0,1.0,0.9949030084196328,0.38990920656323297,0.5958083056285006,1.6221394508260423,0.7405953297904965
51.1,epoch1_strong_moon,1.0,1.0,0.9948930593895485,0.3898897111029048,0.596204235981163,1.624728903381427,0.7411859093135382
51.2,epoch1_strong_moon,1.0,1.0,0.9948831104589546,0.38987021661734966,0.5965998768475804,1.6273175183247652,0.7417756517535175
51.300000000000004,epoch1_strong_moon,1.0,1.0,0.99487316162785,0.3898507231065188,0.5969952294215178,1.6299052939826189,0.7423645593037458
51.400000000000006,epoch1_strong_moon,1.0,1.0,0.9948632128962337,0.38983123057036345,0.5973902948867102,1.6324922286898031,0.7429526341535364
51.5,epoch1_strong_moon,1.0,1.0,0.9948532642641047,0.3898117390088349,0.5977850744169412,1.6350783207893664,0.7435398784881802
51.6,epoch1_strong_moon,1.0,1.0,0.994843315731462,0.3897922484218845,0.5981795691761203,1.6376635686325698,0.7441262944889216
51.7,epoch1_strong_moon,1.0,1.0,0.9948333672983047,0.3897727588094634,0.5985737803183608,1.6402479705788668,0.7447118843329361
51.800000000000004,epoch1_strong_moon,1.0,1.0,0.9948234189646318,0.3897532701715229,0.5989677089880568,1.6428315249958834,0.7452966501933062
51.900000000000006,epoch1_strong_moon,1.0,1.0,0.9948134707304421,0.3897337825080143,0.5993613563199586,1.6454142302593966,0.7458805942389998
52.0,epoch1_strong_moon,1.0,1.0,0.9948035225957348,0.38971429581888894,0.5997547234392487,1.647996084753315,0.7464637186348476
52.1,epoch1_strong_moon,1.0,1.0,0.9947935745605089,0.389694810104098,0.6001478114616174,1.6505770868696577,0.7470460255415219
52.2,epoch1_strong_moon,1.0,1.0,0.9947836266247633,0.3896753253635928,0.6005406214933368,1.6531572350085335,0.7476275171155146
52.300000000000004,epoch1_strong_moon,1.0,1.0,0.994773678788497,0.3896558415973246,0.6009331546313347,1.655736527578121,0.7482081955091167
52.400000000000006,epoch1_strong_moon,1.0,1.0,0.9947637310517091,0.3896363588052447,0.6013254119632686,1.6583149629946472,0.7487880628703975
52.5,epoch1_strong_moon,1.0,1.0,0.9947537834143986,0.38961687698730446,0.6017173945675983,1.6608925396823673,0.7493671213431846
52.6,epoch1_strong_moon,1.0,1.0,0.9947438358765645,0.3895973961434551,0.6021091035136584,1.6634692560735433,0.7499453730670442
52.7,epoch1_strong_moon,1.0,1.0,0.9947338884382056,0.38957791627364796,0.6025005398617302,1.666045110608424,0.750522820177261
52.800000000000004,epoch1_strong_moon,1.0,1.0,0.9947239410993213,0.3895584373778343,0.602891704663113,1.6686201017352238,0.7510994648048198
52.900000000000006,epoch1_strong_moon,1.0,1.0,0.9947139938599103,0.3895389594559654,0.603282598960195,1.6711942279101017,0.7516753090763865
53.0,epoch1_strong_moon,1.0,1.0,0.9947040467199717,0.3895194825079926,0.6036732237865234,1.6737674875971407,0.7522503551142896
53.1,epoch1_strong_moon,1.0,1.0,0.9946940996795045,0.38950000653386724,0.6040635801668749,1.6763398792683264,0.7528246050365025
53.2,epoch1_strong_moon,1.0,1.0,0.9946841527385077,0.38948053153354056,0.6044536691173239,1.6789114014035267,0.7533980609566256
53.300000000000004,epoch1_strong_moon,1.0,1.0,0.9946742058969804,0.38946105750696386,0.6048434916453124,1.6814820524904701,0.7539707249838691
53.400000000000006,epoch1_strong_moon,1.0,1.0,0.9946642591549214,0.3894415844540885,0.6052330487497175,1.6840518310247252,0.7545425992230358
53.5,epoch1_strong_moon,1.0,1.0,0.9946543125123298,0.3894221123748658,0.6056223414209195,1.6866207355096794,0.7551136857745048
53.6,epoch1_strong_moon,1.0,1.0,0.9946443659692047,0.38940264126924706,0.6060113706408694,1.6891887644565178,0.755683986734215
53.7,epoch1_strong_moon,1.0,1.0,0.994634419525545,0.3893831711371836,0.6064001373831552,1.6917559163842024,0.7562535041936493
53.800000000000004,epoch1_strong_moon,1.0,1.0,0.9946244731813497,0.38936370197862674,0.6067886426130689,1.6943221898194503,0.7568222402398189
53.900000000000006,epoch1_strong_moon,1.0,1.0,0.9946145269366179,0.3893442337935278,0.6071768872876713,1.696887583296713,0.7573901969552478
54.0,epoch1_strong_moon,1.0,1.0,0.9946045807913485,0.3893247665818381,0.6075648723558585,1.6994520953581553,0.757957376417958
54.1,epoch1_strong_moon,1.0,1.0,0.9945946347455406,0.389305300343509,0.6079525987584262,1.7020157245536338,0.7585237807014551
54.2,epoch1_strong_moon,1.0,1.0,0.9945846887991932,0.38928583507849185,0.608340067428134,1.7045784694406756,0.7590894118747135
54.300000000000004,epoch1_strong_moon,1.0,1.0,0.9945747429523052,0.3892663707867379,0.6087272792897693,1.7071403285844575,0.7596542720021626
54.400000000000006,epoch1_strong_moon,1.0,1.0,0.9945647972048757,0.38924690746819857,0.6091142352602114,1.7097013005577841,0.7602183631436733
54.5,epoch1_strong_moon,1.0,1.0,0.9945548515569036,0.38922744512282514,0.6095009362484936,1.7122613839410672,0.7607816873545441
54.6,epoch1_strong_moon,1.0,1.0,0.9945449060083881,0.389207983750569,0.6098873831558662,1.7148205773223035,0.7613442466854884
54.7,epoch1_strong_moon,1.0,1.0,0.994534960559328,0.38918852335138143,0.6102735768758587,1.7173788792970546,0.7619060431826216
54.800000000000004,epoch1_strong_moon,1.0,1.0,0.9945250152097224,0.3891690639252139,0.610659518294341,1.719936288468424,0.7624670788874487
54.900000000000006,epoch1_strong_moon,1.0,1.0,0.9945150699595703,0.3891496054720176,0.6110452082895848,1.7224928034470373,0.7630273558368519
55.0,epoch1_strong_moon,1.0,1.0,0.9945051248088707,0.389130147991744,0.6114306477323244,1.72504842285102,0.7635868760630788
55.1,epoch1_strong_moon,1.0,1.0,0.9944951797576226,0.3891106914843444,0.6118158374858167,1.727603145305976,0.7641456415937311
55.2,epoch1_strong_moon,1.0,1.0,0.994485234805825,0.3890912359497702,0.6122007784059013,1.7301569694449663,0.7647036544517525
55.300000000000004,epoch1_strong_moon,1.0,1.0,0.9944752899534769,0.3890717813879727,0.6125854713410596,1.7327098939084882,0.7652609166554184
55.400000000000006,epoch1_strong_moon,1.0,1.0,0.9944653452005774,0.3890523277989033,0.612969917132474,1.7352619173444528,0.7658174302183249
55.5,epoch1_strong_moon,1.0,1.0,0.9944554005471253,0.38903287518251334,0.6133541166140862,1.7378130384081645,0.7663731971493782
55.6,epoch1_strong_moon,1.0,1.0,0.9944454559931198,0.38901342353875423,0.6137380706126555,1.7403632557622988,0.7669282194527847
55.7,epoch1_strong_moon,1.0,1.0,0.9944355115385599,0.3889939728675773,0.6141217799478161,1.742912568076881,0.7674824991280405
55.800000000000004,epoch1_strong_moon,1.0,1.0,0.9944255671834445,0.38897452316893394,0.6145052454321348,1.7454609740292655,0.7680360381699223
55.900000000000006,epoch1_strong_moon,1.0,1.0,0.9944156229277727,0.3889550744427755,0.6148884678711672,1.748008472304113,0.7685888385684779
56.0,epoch1_strong_moon,1.0,1.0,0.9944056787715435,0.38893562668905335,0.6152714480635149,1.7505550615933698,0.769140902309017
56.1,epoch1_strong_moon,1.0,1.0,0.9943957347147558,0.3889161799077189,0.6156541868008805,1.7531007405962467,0.7696922313721022
56.2,epoch1_strong_moon,1.0,1.0,0.9943857907574087,0.3888967340987235,0.6160366848681239,1.7556455080191962,0.7702428277335405
56.300000000000004,epoch1_strong_moon,1.0,1.0,0.9943758468995012,0.38887728926201853,0.6164189430433172,1.7581893625758924,0.770792693364375
56.400000000000006,epoch1_strong_moon,1.0,1.0,0.9943659031410322,0.3888578453975554,0.6168009620977996,1.7607323029872086,0.7713418302308768
56.5,epoch1_strong_moon,1.0,1.0,0.9943559594820008,0.3888384025052855,0.617182742796231,1.7632743279811962,0.7718902402945371
56.6,epoch1_strong_moon,1.0,1.0,0.994346015922406,0.38881896058516024,0.617564285896647,1.7658154362930627,0.7724379255120598
56.7,epoch1_strong_moon,1.0,1.0,0.9943360724622468,0.388799519637131,0.6179455921505118,1.7683556266651506,0.7729848878353537
56.800000000000004,epoch1_strong_moon,1.0,1.0,0.9943261291015222,0.38878007966114914,0.6183266623027713,1.770894897846916,0.7735311292115257
56.900000000000006,epoch1_strong_moon,1.0,1.0,0.9943161858402312,0.3887606406571661,0.6187074970919061,1.7734332485949067,0.7740766515828741
57.0,epoch1_strong_moon,1.0,1.0,0.9943062426783728,0.38874120262513323,0.6190880972499837,1.7759706776727409,0.7746214568868817
57.1,epoch1_strong_moon,1.0,1.0,0.994296299615946,0.388721765565002,0.6194684635027106,1.7785071838510855,0.7751655470562094
57.2,epoch1_strong_moon,1.0,1.0,0.9942863566529498,0.38870232947672373,0.6198485965694837,1.7810427659076349,0.7757089240186904
57.300000000000004,epoch1_strong_moon,1.0,1.0,0.9942764137893834,0.3886828943602499,0.6202284971634415,1.7835774226270893,0.7762515896973238
57.400000000000006,epoch1_strong_moon,1.0,1.0,0.9942664710252455,0.3886634602155319,0.6206081659915151,1.7861111528011329,0.776793546010269
57.5,epoch1_strong_moon,1.0,1.0,0.9942565283605352,0.3886440270425211,0.6209876037544786,1.788643955228413,0.7773347948708406
57.6,epoch1_strong_moon,1.0,1.0,0.9942465857952516,0.38862459484116896,0.6213668111469988,1.7911758287145183,0.7778753381875027
57.7,epoch1_strong_moon,1.0,1.0,0.9942366433293937,0.3886051636114269,0.6217457888576854,1.7937067720719568,0.7784151778638642
57.800000000000004,epoch1_strong_moon,1.0,1.0,0.9942267009629604,0.3885857333532463,0.6221245375691401,1.7962367841201352,0.7789543157986737
57.900000000000006,epoch1_strong_moon,1.0,1.0,0.9942167586959507,0.38856630406657866,0.6225030579580054,1.798765863685337,0.7794927538858153
58.0,epoch1_strong_moon,1.0,1.0,0.9942068165283637,0.3885468757513753,0.6228813506950136,1.801294009600701,0.7800304940143038
58.1,epoch1_strong_moon,1.0,1.0,0.9941968744601984,0.38852744840758774,0.6232594164450345,1.8038212207062,0.7805675380682807
58.2,epoch1_strong_moon,1.0,1.0,0.9941869324914538,0.3885080220351674,0.6236372558671236,1.8063474958486192,0.7811038879270105
58.300000000000004,epoch1_strong_moon,1.0,1.0,0.9941769906221289,0.3884885966340656,0.6240148696145696,1.8088728338815345,0.7816395454648765
58.400000000000006,epoch1_strong_moon,1.0,1.0,0.9941670488522227,0.3884691722042339,0.6243922583349416,1.811397233665292,0.7821745125513774
58.5,epoch1_strong_moon,1.0,1.0,0.9941571071817342,0.38844974874562366,0.6247694226701357,1.8139206940669852,0.7827087910511243
58.6,epoch1_strong_moon,1.0,1.0,0.9941471656106624,0.38843032625818635,0.6251463632564216,1.816443213960435,0.7832423828238373
58.7,epoch1_strong_moon,1.0,1.0,0.9941372241390063,0.38841090474187345,0.6255230807244887,1.8189647922261674,0.7837752897243422
58.800000000000004,epoch1_strong_moon,1.0,1.0,0.9941272827667649,0.3883914841966364,0.6258995756994918,1.8214854277513923,0.7843075136025683
58.900000000000006,epoch1_strong_moon,1.0,1.0,0.9941173414939372,0.38837206462242657,0.6262758488010968,1.8240051194299822,0.7848390563035459
59.0,epoch1_strong_moon,1.0,1.0,0.9941074003205222,0.38835264601919545,0.6266519006435252,1.8265238661624508,0.7853699196674033
59.1,epoch1_strong_moon,1.0,1.0,0.994097459246519,0.3883332283868945,0.6270277318355995,1.8290416668559315,0.7859001055293654
59.2,epoch1_strong_moon,1.0,1.0,0.9940875182719265,0.38831381172547513,0.6274033429807871,1.8315585204241567,0.786429615719751
59.300000000000004,epoch1_strong_moon,1.0,1.0,0.9940775773967439,0.38829439603488886,0.6277787346772451,1.8340744257874357,0.7869584520639715
59.400000000000006,epoch1_strong_moon,1.0,1.0,0.9940676366209699,0.3882749813150871,0.628153907517863,1.8365893818726338,0.7874866163825293
59.5,epoch1_strong_moon,1.0,1.0,0.9940576959446037,0.3882555675660213,0.628528862090307,1.8391033876131506,0.7880141104910159
59.6,epoch1_strong_moon,1.0,1.0,0.9940477553676442,0.388236154787643,0.6289035989770627,1.8416164419488996,0.7885409362001111
59.7,epoch1_strong_moon,1.0,1.0,0.9940378148900906,0.3882167429799036,0.629278118755478,1.8441285438262864,0.7890670953155818
59.800000000000004,epoch1_strong_moon,1.0,1.0,0.9940278745119416,0.3881973321427546,0.6296524219978056,1.8466396921981871,0.7895925896382812
59.900000000000006,epoch1_strong_moon,1.0,1.0,0.9940179342331965,0.38817792227614745,0.6300265092712448,1.8491498860239277,0.7901174209641475
60.0,epoch1_strong_moon,1.0,1.0,0.9940079940538542,0.38815851338003365,0.6304003811379839,1.8516591242692626,0.7906415910842043
60.1,epoch1_strong_moon,1.0,1.0,0.9939980539739137,0.38813910545436464,0.6307740381552414,1.8541674059063538,0.7911651017845595
60.2,epoch1_strong_moon,1.0,1.0,0.993988113993374,0.38811969849909195,0.6311474808753068,1.856674729913749,0.7916879548464053
60.300000000000004,epoch1_strong_moon,1.0,1.0,0.993978174112234,0.388100292514167,0.6315207098455823,1.8591810952763612,0.7922101520460182
60.400000000000006,epoch1_strong_moon,1.0,1.0,0.9939682343304929,0.3880808874995413,0.6318937256086227,1.8616865009854473,0.7927316951547589
60.5,epoch1_strong_moon,1.0,1.0,0.9939582946481496,0.3880614834551663,0.6322665287021759,1.864190946038587,0.793252585939073
60.6,epoch1_strong_moon,1.0,1.0,0.9939483550652031,0.3880420803809935,0.6326391196592233,1.866694429439662,0.7937728261604909
60.7,epoch1_strong_moon,1.0,1.0,0.9939384155816524,0.38802267827697445,0.6330114990080186,1.8691969501988341,0.7942924175756289
60.800000000000004,epoch1_strong_moon,1.0,1.0,0.9939284761974966,0.3880032771430606,0.6333836672721278,1.8716985073325254,0.7948113619361893
60.900000000000006,epoch1_strong_moon,1.0,1.0,0.9939185369127346,0.38798387697920345,0.6337556249704682,1.8741990998633964,0.7953296609889622
61.0,epoch1_strong_moon,1.0,1.0,0.9939085977273654,0.3879644777853545,0.6341273726173471,1.8766987268203255,0.7958473164758259
61.1,epoch1_strong_moon,1.0,1.0,0.9938986586413882,0.38794507956146523,0.6344989107225001,1.8791973872383874,0.796364330133748
61.2,epoch1_strong_moon,1.0,1.0,0.9938887196548017,0.38792568230748714,0.6348702397911297,1.881695080158833,0.7968807036947874
61.300000000000004,epoch1_strong_moon,1.0,1.0,0.9938787807676052,0.3879062860233718,0.6352413603239428,1.8841918046290682,0.7973964388860952
61.400000000000006,epoch1_strong_moon,1.0,1.0,0.9938688419797975,0.3878868907090706,0.6356122728171888,1.8866875597026327,0.7979115374299167
61.5,epoch1_strong_moon,1.0,1.0,0.9938589032913777,0.38786749636453516,0.6359829777626963,1.8891823444391793,0.7984260010435931
61.6,epoch1_strong_moon,1.0,1.0,0.9938489647023449,0.38784810298971695,0.6363534756479107,1.8916761579044536,0.798939831439563
61.7,epoch1_strong_moon,1.0,1.0,0.9938390262126978,0.38782871058456747,0.6367237669559307,1.8941689991702726,0.7994530303253656
61.800000000000004,epoch1_strong_moon,1.0,1.0,0.9938290878224357,0.38780931914903827,0.637093852165545,1.8966608673145038,0.7999655994036416
61.900000000000006,epoch1_strong_moon,1.0,1.0,0.9938191495315575,0.3877899286830808,0.6374637317512684,1.8991517614210451,0.8004775403721364
62.0,epoch1_strong_moon,1.0,1.0,0.9938092113400622,0.38777053918664667,0.6378334061833775,1.9016416805798035,0.8009888549237021
62.1,epoch1_strong_moon,1.0,1.0,0.9937992732479488,0.38775115065968735,0.6382028759279469,1.9041306238866749,0.8014995447463007
62.2,epoch1_strong_moon,1.0,1.0,0.9937893352552163,0.38773176310215435,0.6385721414468843,1.9066185904435229,0.8020096115230063
62.300000000000004,epoch1_strong_moon,1.0,1.0,0.9937793973618637,0.38771237651399926,0.6389412031979657,1.9091055793581588,0.8025190569320083
62.400000000000006,epoch1_strong_moon,1.0,1.0,0.9937694595678901,0.38769299089517356,0.6393100616348699,1.9115915897443205,0.8030278826466142
62.5,epoch1_strong_moon,1.0,1.0,0.9937595218732944,0.3876736062456288,0.6396787172072139,1.9140766207216517,0.8035360903352528
62.6,epoch1_strong_moon,1.0,1.0,0.9937495842780757,0.3876542225653165,0.6400471703605866,1.9165606714156824,0.8040436816614774
62.7,epoch1_strong_moon,1.0,1.0,0.9937396467822329,0.38763483985418823,0.6404154215365828,1.9190437409578074,0.8045506582839699
62.800000000000004,epoch1_strong_moon,1.0,1.0,0.9937297093857651,0.3876154581121955,0.6407834711728377,1.9215258284852659,0.8050570218565429
62.900000000000006,epoch1_strong_moon,1.0,1.0,0.9937197720886712,0.3875960773392899,0.6411513197030598,1.9240069331411218,0.8055627740281447
63.0,epoch1_strong_moon,1.0,1.0,0.9937098348909503,0.38757669753542295,0.6415189675570646,1.9264870540742425,0.8060679164428622
63.1,epoch1_strong_moon,1.0,1.0,0.9936998977926014,0.38755731870054616,0.6418864151608075,1.9289661904392787,0.8065724507399253
63.2,epoch1_strong_moon,1.0,1.0,0.9936899607936235,0.3875379408346111,0.6422536629364164,1.9314443413966444,0.8070763785537105
63.300000000000004,epoch1_strong_moon,1.0,1.0,0.9936800238940156,0.3875185639375694,0.6426207113022248,1.9339215061124961,0.8075797015137451
63.400000000000006,epoch1_strong_moon,1.0,1.0,0.9936700870937766,0.3874991880093725,0.6429875606728035,1.936397683758713,0.8080824212447117
63.5,epoch1_strong_moon,1.0,1.0,0.9936601503929057,0.38747981304997203,0.6433542114589932,1.938872873512876,0.8085845393664522
63.6,epoch1_strong_moon,1.0,1.0,0.9936502137914017,0.38746043905931954,0.6437206640679358,1.9413470745582482,0.8090860574939723
63.7,epoch1_strong_moon,1.0,1.0,0.9936402772892639,0.38744106603736655,0.6440869189031065,1.9438202860837546,0.8095869772374461
63.800000000000004,epoch1_strong_moon,1.0,1.0,0.9936303408864909,0.3874216939840647,0.6444529763643446,1.9462925072839616,0.8100873002022209
63.900000000000006,epoch1_strong_moon,1.0,1.0,0.9936204045830821,0.3874023228993655,0.644818836847885,1.9487637373590574,0.8105870279888215
64.0,epoch1_strong_moon,1.0,1.0,0.9936104683790362,0.38738295278322055,0.6451845007463888,1.951233975514831,0.8110861621929559
64.10000000000001,epoch1_strong_moon,1.0,1.0,0.9936005322743524,0.3873635836355814,0.645549968448974,1.953703220962653,0.8115847044055193
64.2,epoch1_strong_moon,1.0,1.0,0.9935905962690297,0.3873442154563996,0.6459152403412461,1.9561714729194557,0.8120826562125999
64.3,epoch1_strong_moon,1.0,1.0,0.993580660363067,0.38732484824562674,0.6462803168053279,1.9586387306077122,0.8125800191954837
64.4,epoch1_strong_moon,1.0,1.0,0.9935707245564634,0.38730548200321446,0.6466451982198895,1.961104993255417,0.81307679493066
64.5,epoch1_strong_moon,1.0,1.0,0.9935607888492178,0.3872861167291143,0.6470098849601783,1.9635702600960665,0.8135729849898266
64.60000000000001,epoch1_strong_moon,1.0,1.0,0.9935508532413293,0.38726675242327785,0.6473743773980479,1.9660345303686384,0.8140685909398953
64.7,epoch1_strong_moon,1.0,1.0,0.9935409177327968,0.3872473890856567,0.647738675901988,1.9684978033175722,0.8145636143429977
64.8,epoch1_strong_moon,1.0,1.0,0.9935309823236195,0.38722802671620243,0.6481027808371527,1.9709600781927492,0.8150580567564907
64.9,epoch1_strong_moon,1.0,1.0,0.9935210470137963,0.38720866531486664,0.64846669256539,1.9734213542494732,0.8155519197329619
65.0,epoch1_strong_moon,1.0,1.0,0.9935111118033262,0.3871893048816009,0.6488304114452699,1.9758816307484501,0.8160452048202362
65.10000000000001,epoch1_strong_moon,1.0,1.0,0.9935011766922082,0.38716994541635685,0.6491939378321128,1.9783409069557691,0.8165379135613812
65.2,epoch1_strong_moon,1.0,1.0,0.9934912416804412,0.38715058691908605,0.6495572720780177,1.9807991821428819,0.8170300474947132
65.3,epoch1_strong_moon,1.0,1.0,0.9934813067680244,0.3871312293897401,0.6499204145318903,1.983256455586584,0.8175216081538037
65.4,epoch1_strong_moon,1.0,1.0,0.9934713719549567,0.3871118728282706,0.6502833655394704,1.985712726568995,0.8180125970674853
65.5,epoch1_strong_moon,1.0,1.0,0.9934614372412371,0.3870925172346292,0.6506461254433594,1.9881679943775383,0.8185030157598581
65.60000000000001,epoch1_strong_moon,1.0,1.0,0.9934515026268648,0.38707316260876745,0.6510086945830478,1.990622258304923,0.818992865750296
65.7,epoch1_strong_moon,1.0,1.0,0.9934415681118385,0.387053808950637,0.651371073294942,1.9930755176491226,0.8194821485534532
65.8,epoch1_strong_moon,1.0,1.0,0.9934316336961574,0.3870344562601895,0.6517332619123916,1.9955277717133575,0.8199708656792711
65.9,epoch1_strong_moon,1.0,1.0,0.9934216993798204,0.3870151045373765,0.6520952607657153,1.9979790198060743,0.8204590186329842
66.0,epoch1_strong_moon,1.0,1.0,0.9934117651628266,0.3869957537821496,0.6524570701822281,2.0004292612409267,0.8209466089151273
66.10000000000001,epoch1_strong_moon,1.0,1.0,0.993401831045175,0.38697640399446054,0.652818690486267,2.002878495336757,0.8214336380215421
66.2,epoch1_strong_moon,1.0,1.0,0.9933918970268646,0.3869570551742608,0.6531801219992173,2.005326721417575,0.8219201074433844
66.3,epoch1_strong_moon,1.0,1.0,0.9933819631078943,0.3869377073215021,0.6535413650395385,2.0077739388125413,0.8224060186671305
66.4,epoch1_strong_moon,1.0,1.0,0.9933720292882632,0.38691836043613603,0.6539024199227897,2.010220146855946,0.8228913731745846
66.5,epoch1_strong_moon,1.0,1.0,0.9933620955679703,0.3868990145181142,0.6542632869616551,2.0126653448871905,0.8233761724428859
66.60000000000001,epoch1_strong_moon,1.0,1.0,0.9933521619470146,0.3868796695673883,0.6546239664659693,2.0151095322507677,0.8238604179445153
66.7,epoch1_strong_moon,1.0,1.0,0.9933422284253951,0.3868603255839099,0.6549844587427422,2.0175527082962446,0.8243441111473032
66.8,epoch1_strong_moon,1.0,1.0,0.9933322950031108,0.3868409825676307,0.6553447640961843,2.019994872378241,0.8248272535144368
66.9,epoch1_strong_moon,1.0,1.0,0.9933223616801607,0.3868216405185023,0.6557048828277304,2.0224360238564123,0.8253098465044666
67.0,epoch1_strong_moon,1.0,1.0,0.993312428456544,0.38680229943647637,0.6560648152360654,2.0248761620954294,0.8257918915713152
67.10000000000001,epoch1_strong_moon,1.0,1.0,0.9933024953322594,0.3867829593215045,0.6564245616171474,2.027315286464961,0.8262733901642836
67.2,epoch1_strong_moon,1.0,1.0,0.9932925623073061,0.38676362017353844,0.6567841222642321,2.0297533963396535,0.8267543437280596
67.3,epoch1_strong_moon,1.0,1.0,0.993282629381683,0.38674428199252975,0.6571434974678971,2.0321904910991124,0.8272347537027248
67.4,epoch1_strong_moon,1.0,1.0,0.9932726965553892,0.3867249447784301,0.6575026875160653,2.0346265701278847,0.8277146215237631
67.5,epoch1_strong_moon,1.0,1.0,0.9932627638284236,0.3867056085311912,0.6578616926940283,2.0370616328154387,0.8281939486220675
67.60000000000001,epoch1_strong_moon,1.0,1.0,0.9932528312007853,0.3866862732507646,0.6582205132844698,2.0394956785561464,0.8286727364239489
67.7,epoch1_strong_moon,1.0,1.0,0.9932428986724733,0.3866669389371021,0.6585791495674893,2.0419287067492635,0.8291509863511433
67.8,epoch1_strong_moon,1.0,1.0,0.9932329662434866,0.3866476055901552,0.6589376018206241,2.044360716798913,0.82962869982082
67.9,epoch1_strong_moon,1.0,1.0,0.9932230339138242,0.3866282732098757,0.6592958703188729,2.046791708114063,0.8301058782455897
68.0,epoch1_strong_moon,1.0,1.0,0.993213101683485,0.3866089417962152,0.659653955334718,2.0492216801085137,0.8305825230335124
68.10000000000001,epoch1_strong_moon,1.0,1.0,0.9932031695524681,0.3865896113491254,0.6600118571381481,2.0516506322008725,0.8310586355881059
68.2,epoch1_strong_moon,1.0,1.0,0.9931932375207726,0.38657028186855796,0.6603695759966801,2.054078563814541,0.8315342173083534
68.3,epoch1_strong_moon,1.0,1.0,0.9931833055883974,0.38655095335446454,0.6607271121753815,2.056505474377693,0.8320092695887124
68.4,epoch1_strong_moon,1.0,1.0,0.9931733737553415,0.38653162580679684,0.6610844659368922,2.0589313633232584,0.8324837938191224
68.5,epoch1_strong_moon,1.0,1.0,0.993163442021604,0.3865122992255065,0.6614416375414465,2.061356230088903,0.8329577913850139
68.60000000000001,epoch1_strong_moon,1.0,1.0,0.9931535103871838,0.38649297361054524,0.6617986272468944,2.0637800741170125,0.8334312636673161
68.7,epoch1_strong_moon,1.0,1.0,0.9931435788520799,0.3864736489618647,0.6621554353087231,2.066202894854672,0.8339042120424661
68.8,epoch1_strong_moon,1.0,1.0,0.9931336474162914,0.3864543252794166,0.6625120619800782,2.068624691753649,0.8343766378824168
68.9,epoch1_strong_moon,1.0,1.0,0.9931237160798172,0.3864350025631526,0.6628685075117846,2.071045464270375,0.8348485425546457
69.0,epoch1_strong_moon,1.0,1.0,0.9931137848426564,0.38641568081302446,0.6632247721523681,2.073465211865928,0.8353199274221637
69.10000000000001,epoch1_strong_moon,1.0,1.0,0.993103853704808,0.3863963600289838,0.6635808561480752,2.075883934006014,0.8357907938435235
69.2,epoch1_strong_moon,1.0,1.0,0.993093922666271,0.38637704021098235,0.6639367597428943,2.078301630160948,0.8362611431728286
69.3,epoch1_strong_moon,1.0,1.0,0.9930839917270443,0.3863577213589718,0.6642924831785763,2.080718299805638,0.8367309767597418
69.4,epoch1_strong_moon,1.0,1.0,0.993074060887127,0.3863384034729038,0.6646480266946537,2.0831339424195656,0.8372002959494941
69.5,epoch1_strong_moon,1.0,1.0,0.9930641301465182,0.3863190865527302,0.6650033905284624,2.085548557486769,0.8376691020828935
69.60000000000001,epoch1_strong_moon,1.0,1.0,0.9930541995052167,0.38629977059840254,0.66535857491516,2.087962144495824,0.8381373964963339
69.7,epoch1_strong_moon,1.0,1.0,0.9930442689632216,0.3862804556098726,0.665713580087747,2.0903747029398274,0.8386051805218044
69.8,epoch1_strong_moon,1.0,1.0,0.993034338520532,0.3862611415870921,0.6660684062770851,2.0927862323163793,0.8390724554868978
69.9,epoch1_strong_moon,1.0,1.0,0.9930244081771468,0.38624182853001277,0.6664230537119179,2.095196732127565,0.8395392227148198
70.0,epoch1_strong_moon,1.0,1.0,0.993014477933065,0.38622251643858624,0.6667775226188892,2.097606201879936,0.8400054835243983
70.10000000000001,epoch1_strong_moon,1.0,1.0,0.9930045477882856,0.3862032053127643,0.667131813222563,2.1000146410844955,0.840471239230092
70.2,epoch1_strong_moon,1.0,1.0,0.9929946177428077,0.3861838951524987,0.6674859257454416,2.102422049256678,0.8409364911420002
70.3,epoch1_strong_moon,1.0,1.0,0.9929846877966303,0.38616458595774106,0.6678398604079855,2.1048284259163332,0.8414012405658715
70.4,epoch1_strong_moon,1.0,1.0,0.9929747579497523,0.38614527772844315,0.6681936174286313,2.1072337705877078,0.8418654888031132
70.5,epoch1_strong_moon,1.0,1.0,0.9929648282021728,0.3861259704645567,0.6685471970238105,2.109638082799429,0.8423292371508005
70.60000000000001,epoch1_strong_moon,1.0,1.0,0.9929548985538907,0.3861066641660335,0.6689005994079682,2.1120413620844865,0.8427924869016863
70.7,epoch1_strong_moon,1.0,1.0,0.9929449690049053,0.3860873588328252,0.669253824793581,2.1144436079802147,0.8432552393442095
70.8,epoch1_strong_moon,1.0,1.0,0.9929350395552152,0.38606805446488357,0.6696068733911752,2.116844820028277,0.8437174957625055
70.9,epoch1_strong_moon,1.0,1.0,0.9929251102048197,0.3860487510621603,0.6699597454093449,2.1192449977746466,0.8441792574364149
71.0,epoch1_strong_moon,1.0,1.0,0.9929151809537176,0.3860294486246072,0.6703124410547697,2.121644140769591,0.8446405256414931
71.10000000000001,epoch1_strong_moon,1.0,1.0,0.992905251801908,0.38601014715217596,0.6706649605322327,2.1240422485676533,0.84510130164902
71.2,epoch1_strong_moon,1.0,1.0,0.99289532274939,0.38599084664481836,0.6710173040446374,2.1264393207276364,0.8455615867260093
71.3,epoch1_strong_moon,1.0,1.0,0.9928853937961625,0.3859715471024861,0.6713694717930261,2.1288353568125857,0.8460213821352183
71.4,epoch1_strong_moon,1.0,1.0,0.9928754649422246,0.385952248525131,0.671721463976596,2.131230356389771,0.846480689135157
71.5,epoch1_strong_moon,1.0,1.0,0.9928655361875751,0.38593295091270474,0.6720732807927176,2.133624319030671,0.8469395089800981
71.60000000000001,epoch1_strong_moon,1.0,1.0,0.9928556075322132,0.3859136542651591,0.6724249224369503,2.1360172443109557,0.8473978429200867
71.7,epoch1_strong_moon,1.0,1.0,0.992845678976138,0.38589435858244586,0.6727763891030606,2.1384091318104694,0.8478556922009496
71.8,epoch1_strong_moon,1.0,1.0,0.9928357505193482,0.38587506386451675,0.673127680983038,2.140799981113214,0.8483130580643053
71.9,epoch1_strong_moon,1.0,1.0,0.992825822161843,0.38585577011132355,0.6734787982671119,2.1431897918073326,0.8487699417475738
72.0,epoch1_strong_moon,1.0,1.0,0.9928158939036213,0.385836477322818,0.6738297411437679,2.1455785634850915,0.8492263444839859
72.10000000000001,epoch1_strong_moon,1.0,1.0,0.9928059657446823,0.3858171854989519,0.6741805097997644,2.1479662957428656,0.8496822675025935
72.2,epoch1_strong_moon,1.0,1.0,0.9927960376850248,0.38579789463967695,0.6745311044201484,2.15035298818112,0.850137712028279
72.3,epoch1_strong_moon,1.0,1.0,0.992786109724648,0.38577860474494496,0.6748815251882719,2.1527386404043938,0.8505926792817655
72.4,epoch1_strong_moon,1.0,1.0,0.9927761818635508,0.38575931581470774,0.6752317722858078,2.155123252021284,0.8510471704796264
72.5,epoch1_strong_moon,1.0,1.0,0.9927662541017321,0.385740027848917,0.6755818458927655,2.1575068226444287,0.8515011868342952
72.60000000000001,epoch1_strong_moon,1.0,1.0,0.9927563264391911,0.38572074084752456,0.6759317461875068,2.1598893518904907,0.8519547295540758
72.7,epoch1_strong_moon,1.0,1.0,0.9927463988759267,0.3857014548104822,0.6762814733467616,2.162270839380141,0.8524077998431521
72.8,epoch1_strong_moon,1.0,1.0,0.992736471411938,0.38568216973774166,0.6766310275456427,2.164651284738042,0.8528603989015979
72.9,epoch1_strong_moon,1.0,1.0,0.9927265440472238,0.38566288562925477,0.676980408957662,2.167030687592833,0.8533125279253874
73.0,epoch1_strong_moon,1.0,1.0,0.9927166167817834,0.3856436024849733,0.6773296177547447,2.1694090475771106,0.8537641881064042
73.10000000000001,epoch1_strong_moon,1.0,1.0,0.9927066896156156,0.38562432030484906,0.6776786541072451,2.1717863643274162,0.8542153806324525
73.2,epoch1_strong_moon,1.0,1.0,0.9926967625487194,0.3856050390888338,0.6780275181839617,2.1741626374842173,0.8546661066872662
73.3,epoch1_strong_moon,1.0,1.0,0.9926868355810939,0.38558575883687934,0.6783762101521511,2.176537866691892,0.8551163674505194
73.4,epoch1_strong_moon,1.0,1.0,0.9926769087127382,0.3855664795489375,0.6787247301775434,2.178912051598714,0.8555661640978366
73.5,epoch1_strong_moon,1.0,1.0,0.992666981943651,0.38554720122496006,0.6790730784243567,2.1812851918568343,0.8560154978008022
73.60000000000001,epoch1_strong_moon,1.0,1.0,0.9926570552738315,0.3855279238648988,0.6794212550553115,2.183657287122267,0.8564643697269713
73.7,epoch1_strong_moon,1.0,1.0,0.9926471287032788,0.38550864746870556,0.6797692602316449,2.186028337054873,0.8569127810398793
73.8,epoch1_strong_moon,1.0,1.0,0.9926372022319917,0.3854893720363321,0.680117094113125,2.1883983413183445,0.8573607328990525
73.9,epoch1_strong_moon,1.0,1.0,0.9926272758599693,0.38547009756773026,0.6804647568580652,2.1907672995801875,0.8578082264600178
74.0,epoch1_strong_moon,1.0,1.0,0.9926173495872107,0.38545082406285186,0.6808122486233376,2.193135211511707,0.8582552628743131
74.10000000000001,epoch1_strong_moon,1.0,1.0,0.9926074234137149,0.3854315515216487,0.6811595695643874,2.1955020767879927,0.8587018432894977
74.2,epoch1_strong_moon,1.0,1.0,0.9925974973394808,0.3854122799440726,0.6815067198352466,2.1978678950879007,0.8591479688491622
74.3,epoch1_strong_moon,1.0,1.0,0.9925875713645074,0.3853930093300754,0.6818536995885476,2.2002326660940392,0.8595936406929388
74.4,epoch1_strong_moon,1.0,1.0,0.9925776454887937,0.3853737396796089,0.6822005089755366,2.202596389492753,0.8600388599565114
74.5,epoch1_strong_moon,1.0,1.0,0.9925677197123388,0.38535447099262493,0.6825471481460875,2.204959064974107,0.8604836277716263
74.60000000000001,epoch1_strong_moon,1.0,1.0,0.9925577940351417,0.3853352032690753,0.6828936172487144,2.2073206922318724,0.8609279452661021
74.7,epoch1_strong_moon,1.0,1.0,0.9925478684572013,0.3853159365089118,0.6832399164305858,2.209681270963509,0.8613718135638397
74.8,epoch1_strong_moon,1.0,1.0,0.9925379429785167,0.3852966707120864,0.683586045837537,2.2120408008701515,0.8618152337848335
74.9,epoch1_strong_moon,1.0,1.0,0.9925280175990869,0.3852774058785508,0.6839320056140834,2.214399281656593,0.8622582070451805
75.0,epoch1_strong_moon,1.0,1.0,0.992518092318911,0.38525814200825687,0.6842777959034333,2.21675671303127,0.8627007344570918
75.10000000000001,epoch1_strong_moon,1.0,1.0,0.9925081671379877,0.38523887910115645,0.6846234168475007,2.219113094706248,0.863142817128902
75.2,epoch1_strong_moon,1.0,1.0,0.9924982420563163,0.3852196171572014,0.6849688685869182,2.2214684263972044,0.8635844561650798
75.3,epoch1_strong_moon,1.0,1.0,0.9924883170738957,0.3852003561763435,0.6853141512610493,2.223822707823415,0.8640256526662388
75.4,epoch1_strong_moon,1.0,1.0,0.992478392190725,0.3851810961585347,0.685659265008001,2.2261759387077382,0.8644664077291471
75.5,epoch1_strong_moon,1.0,1.0,0.9924684674068031,0.38516183710372676,0.6860042099646362,2.2285281187765995,0.864906722446738
75.60000000000001,epoch1_strong_moon,1.0,1.0,0.992458542722129,0.38514257901187154,0.6863489862665858,2.230879247759977,0.8653465979081209
75.7,epoch1_strong_moon,1.0,1.0,0.9924486181367017,0.385123321882921,0.6866935940482611,2.2332293253913855,0.8657860351985903
75.8,epoch1_strong_moon,1.0,1.0,0.9924386936505204,0.3851040657168268,0.687038033442866,2.235578351407863,0.8662250353996378
75.9,epoch1_strong_moon,1.0,1.0,0.9924287692635839,0.385084810513541,0.6873823045824085,2.2379263255499553,0.8666635995889612
76.0,epoch1_strong_moon,1.0,1.0,0.9924188449758913,0.3850655562730153,0.6877264075977129,2.2402732475616993,0.8671017288404756
76.10000000000001,epoch1_strong_moon,1.0,1.0,0.9924089207874415,0.38504630299520165,0.6880703426184316,2.242619117190611,0.8675394242243236
76.2,epoch1_strong_moon,1.0,1.0,0.9923989966982336,0.3850270506800519,0.6884141097730566,2.2449639341876684,0.8679766868068857
76.3,epoch1_strong_moon,1.0,1.0,0.9923890727082666,0.3850077993275179,0.6887577091889314,2.247307698307298,0.8684135176507906
76.4,epoch1_strong_moon,1.0,1.0,0.9923791488175395,0.3849885489375515,0.689101140992262,2.2496504093073595,0.8688499178149257
76.5,epoch1_strong_moon,1.0,1.0,0.9923692250260514,0.38496929951010467,0.6894444053081289,2.251992066949132,0.8692858883544478
76.60000000000001,epoch1_strong_moon,1.0,1.0,0.9923593013338011,0.38495005104512914,0.6897875022604977,2.2543326709972984,0.8697214303207927
76.7,epoch1_strong_moon,1.0,1.0,0.9923493777407878,0.38493080354257686,0.6901304319722309,2.2566722212199313,0.8701565447616869
76.80000000000001,epoch1_strong_moon,1.0,1.0,0.9923394542470104,0.3849115570023997,0.6904731945650989,2.259010717388478,0.8705912327211568
76.9,epoch1_strong_moon,1.0,1.0,0.992329530852468,0.3848923114245496,0.6908157901597907,2.261348159277747,0.8710254952395398
77.0,epoch1_strong_moon,1.0,1.0,0.9923196075571594,0.38487306680897837,0.6911582188759251,2.2636845466658926,0.8714593333534945
77.10000000000001,epoch1_strong_moon,1.0,1.0,0.9923096843610838,0.38485382315563793,0.6915004808320616,2.2660198793344013,0.8718927480960111
77.2,epoch1_strong_moon,1.0,1.0,0.9922997612642402,0.38483458046448016,0.6918425761457109,2.268354157068077,0.8723257404964223
77.30000000000001,epoch1_strong_moon,1.0,1.0,0.9922898382666276,0.3848153387354569,0.6921845049333456,2.2706873796550266,0.872758311580413
77.4,epoch1_strong_moon,1.0,1.0,0.992279915368245,0.38479609796852016,0.6925262673104111,2.2730195468866463,0.8731904623700311
77.5,epoch1_strong_moon,1.0,1.0,0.9922699925690913,0.3847768581636217,0.6928678633913358,2.275350658557606,0.8736221938836981
77.60000000000001,epoch1_strong_moon,1.0,1.0,0.9922600698691656,0.38475761932071356,0.6932092932895412,2.2776807144658378,0.8740535071362195
77.7,epoch1_strong_moon,1.0,1.0,0.9922501472684669,0.38473838143974753,0.693550557117453,2.280009714412519,0.8744844031387949
77.80000000000001,epoch1_strong_moon,1.0,1.0,0.9922402247669942,0.38471914452067557,0.6938916549865105,2.28233765820206,0.8749148828990289
77.9,epoch1_strong_moon,1.0,1.0,0.9922303023647466,0.38469990856344954,0.6942325870071774,2.284664545642089,0.8753449474209408
78.0,epoch1_strong_moon,1.0,1.0,0.992220380061723,0.3846806735680214,0.6945733532889512,2.2869903765434394,0.8757745977049761
78.10000000000001,epoch1_strong_moon,1.0,1.0,0.9922104578579224,0.38466143953434295,0.6949139539403738,2.2893151507201344,0.8762038347480161
78.2,epoch1_strong_moon,1.0,1.0,0.9922005357533438,0.38464220646236624,0.6952543890690409,2.291638867989374,0.8766326595433885
78.30000000000001,epoch1_strong_moon,1.0,1.0,0.9921906137479862,0.3846229743520431,0.6955946587816122,2.2939615281715215,0.8770610730808782
78.4,epoch1_strong_moon,1.0,1.0,0.9921806918418488,0.3846037432033255,0.6959347631838206,2.2962831310900884,0.8774890763467372
78.5,epoch1_strong_moon,1.0,1.0,0.9921707700349304,0.38458451301616536,0.6962747023804825,2.298603676571722,0.8779166703236956
78.60000000000001,epoch1_strong_moon,1.0,1.0,0.9921608483272301,0.3845652837905146,0.6966144764755066,2.3009231644461914,0.8783438559909712
78.7,epoch1_strong_moon,1.0,1.0,0.9921509267187468,0.38454605552632504,0.696954085571904,2.3032415945463725,0.8787706343242809
78.80000000000001,epoch1_strong_moon,1.0,1.0,0.9921410052094797,0.3845268282235487,0.6972935297717974,2.3055589667082366,0.8791970062958504
78.9,epoch1_strong_moon,1.0,1.0,0.9921310837994276,0.38450760188213756,0.6976328091764302,2.3078752807708347,0.8796229728744248
79.0,epoch1_strong_moon,1.0,1.0,0.9921211624885896,0.3844883765020434,0.6979719238861761,2.310190536576286,0.8800485350252792
79.10000000000001,epoch1_strong_moon,1.0,1.0,0.9921112412769647,0.3844691520832183,0.698310874000548,2.312504733969763,0.880473693710229
79.2,epoch1_strong_moon,1.0,1.0,0.9921013201645519,0.38444992862561417,0.698649659618207,2.3148178727994777,0.8808984498876399
79.30000000000001,epoch1_strong_moon,1.0,1.0,0.9920913991513503,0.3844307061291829,0.6989882808369716,2.3171299529166705,0.8813228045124389
79.4,epoch1_strong_moon,1.0,1.0,0.9920814782373587,0.3844114845938764,0.6993267377538268,2.3194409741755937,0.8817467585361246
79.5,epoch1_strong_moon,1.0,1.0,0.9920715574225764,0.3843922640196467,0.6996650304649323,2.321750936433501,0.882170312906777
79.60000000000001,epoch1_strong_moon,1.0,1.0,0.9920616367070021,0.3843730444064457,0.7000031590656322,2.324059839550633,0.8825934685690686
79.7,epoch1_strong_moon,1.0,1.0,0.992051716090635,0.3843538257542254,0.7003411236504626,2.326367683390204,0.8830162264642742
79.80000000000001,epoch1_strong_moon,1.0,1.0,0.9920417955734742,0.3843346080629377,0.7006789243131614,2.328674467818388,0.8834385875302817
79.9,epoch1_strong_moon,1.0,1.0,0.9920318751555184,0.3843153913325345,0.7010165611466758,2.3309801927043075,0.883860552701602
80.0,epoch1_strong_moon,1.0,1.0,0.9920219548367668,0.38429617556296786,0.7013540342431716,2.333284857920019,0.8842821229093799
80.10000000000001,epoch1_strong_moon,1.0,1.0,0.9920120346172184,0.3842769607541897,0.701691343694041,2.3355884633405006,0.884703299081404
80.2,epoch1_strong_moon,1.0,1.0,0.9920021144968723,0.384257746906152,0.7020284895899114,2.3378910088436387,0.8851240821421171
80.30000000000001,epoch1_strong_moon,1.0,1.0,0.9919921944757273,0.3842385340188067,0.7023654720206532,2.340192494310215,0.8855444730126267
80.4,epoch1_strong_moon,1.0,1.0,0.9919822745537825,0.38421932209210574,0.7027022910753886,2.342492919623894,0.8859644726107152
80.5,epoch1_strong_moon,1.0,1.0,0.991972354731037,0.3842001111260011,0.7030389468424991,2.3447922846712097,0.8863840818508503
80.60000000000001,epoch1_strong_moon,1.0,1.0,0.9919624350074896,0.3841809011204448,0.7033754394096339,2.347090589341553,0.8868033016441949
80.7,epoch1_strong_moon,1.0,1.0,0.9919525153831396,0.38416169207538875,0.7037117688637177,2.349387833527159,0.887222132898618
80.80000000000001,epoch1_strong_moon,1.0,1.0,0.9919425958579857,0.384142483990785,0.7040479352909589,2.3516840171230937,0.8876405765187045
80.9,epoch1_strong_moon,1.0,1.0,0.9919326764320271,0.38412327686658543,0.7043839387768571,2.3539791400272425,0.888058633405766
81.0,epoch1_strong_moon,1.0,1.0,0.9919227571052628,0.3841040707027421,0.7047197794062113,2.356273202140297,0.8884763044578501
81.10000000000001,epoch1_strong_moon,1.0,1.0,0.9919128378776917,0.38408486549920695,0.7050554572631271,2.3585662033657404,0.8888935905697517
81.2,epoch1_strong_moon,1.0,1.0,0.9919029187493129,0.384065661255932,0.7053909724310247,2.3608581436098395,0.8893104926330229
81.30000000000001,epoch1_strong_moon,1.0,1.0,0.9918929997201255,0.3840464579728692,0.7057263249926463,2.363149022781627,0.8897270115359827
81.4,epoch1_strong_moon,1.0,1.0,0.9918830807901282,0.38402725564997053,0.7060615150300639,2.3654388407928937,0.890143148163728
81.5,epoch1_strong_moon,1.0,1.0,0.9918731619593203,0.38400805428718804,0.7063965426246863,2.367727597558172,0.8905589033981433
81.60000000000001,epoch1_strong_moon,1.0,1.0,0.9918632432277007,0.3839888538844737,0.706731407857267,2.370015292994727,0.890974278117911
81.7,epoch1_strong_moon,1.0,1.0,0.9918533245952684,0.38396965444177944,0.7070661108079109,2.3723019270225416,0.8913892731985218
81.80000000000001,epoch1_strong_moon,1.0,1.0,0.9918434060620225,0.38395045595905736,0.7074006515560822,2.374587499564305,0.8918038895122847
81.9,epoch1_strong_moon,1.0,1.0,0.9918334876279619,0.3839312584362594,0.7077350301806112,2.3768720105454015,0.8922181279283371
82.0,epoch1_strong_moon,1.0,1.0,0.9918235692930856,0.3839120618733376,0.7080692467597016,2.379155459893897,0.892631989312655
82.10000000000001,epoch1_strong_moon,1.0,1.0,0.9918136510573926,0.38389286627024394,0.7084033013709374,2.381437847540527,0.8930454745280632
82.2,epoch1_strong_moon,1.0,1.0,0.9918037329208821,0.3838736716269304,0.70873719409129,2.3837191734186858,0.8934585844342454
82.30000000000001,epoch1_strong_moon,1.0,1.0,0.9917938148835529,0.3838544779433491,0.7090709249971252,2.385999437464412,0.8938713198877544
82.4,epoch1_strong_moon,1.0,1.0,0.991783896945404,0.3838352852194519,0.70940449416421,2.3882786396163778,0.8942836817420219
82.5,epoch1_strong_moon,1.0,1.0,0.9917739791064346,0.38381609345519097,0.7097379016677196,2.390556779815878,0.894695670847369
82.60000000000001,epoch1_strong_moon,1.0,1.0,0.9917640613666435,0.3837969026505182,0.7100711475822438,2.392833858006817,0.895107288051016
82.7,epoch1_strong_moon,1.0,1.0,0.9917541437260299,0.38377771280538564,0.7104042319817941,2.395109874135697,0.8955185341970925
82.80000000000001,epoch1_strong_moon,1.0,1.0,0.9917442261845926,0.38375852391974535,0.7107371549398103,2.3973848281516044,0.8959294101266474
82.9,epoch1_strong_moon,1.0,1.0,0.9917343087423307,0.38373933599354937,0.7110699165291665,2.399658720006202,0.8963399166776593
83.0,epoch1_strong_moon,1.0,1.0,0.9917243913992433,0.38372014902674967,0.7114025168221786,2.4019315496537135,0.896750054685046
83.10000000000001,epoch1_strong_moon,1.0,1.0,0.9917144741553293,0.38370096301929835,0.7117349558906101,2.4042033170509134,0.8971598249806748
83.2,epoch1_strong_moon,1.0,1.0,0.9917045570105878,0.3836817779711474,0.7120672338056786,2.406474022157115,0.8975692283933725
83.30000000000001,epoch1_strong_moon,1.0,1.0,0.9916946399650177,0.3836625938822488,0.7123993506380623,2.408743664934159,0.8979782657489351
83.4,epoch1_strong_moon,1.0,1.0,0.9916847230186181,0.3836434107525547,0.7127313064579063,2.411012245346402,0.8983869378701383
83.5,epoch1_strong_moon,1.0,1.0,0.9916748061713879,0.38362422858201706,0.7130631013348288,2.413279763360703,0.8987952455767471
83.60000000000001,epoch1_strong_moon,1.0,1.0,0.9916648894233262,0.383605047370588,0.7133947353379271,2.415546218946415,0.8992031896855255
83.7,epoch1_strong_moon,1.0,1.0,0.9916549727744319,0.38358586711821946,0.7137262085357843,2.417811612075372,0.8996107710102469
83.80000000000001,epoch1_strong_moon,1.0,1.0,0.9916450562247042,0.38356668782486353,0.7140575209964747,2.4200759427218763,0.9000179903617037
83.9,epoch1_strong_moon,1.0,1.0,0.991635139774142,0.3835475094904723,0.7143886727875702,2.422339210862689,0.9004248485477174
84.0,epoch1_strong_moon,1.0,1.0,0.9916252234227443,0.38352833211499776,0.7147196639761464,2.4246014164770178,0.9008313463731482
84.10000000000001,epoch1_strong_moon,1.0,1.0,0.99161530717051,0.383509155698392,0.7150504946287881,2.426862559546506,0.9012374846399052
84.2,epoch1_strong_moon,1.0,1.0,0.9916053910174384,0.3834899802406071,0.7153811648115955,2.42912264005522,0.9016432641469558
84.30000000000001,epoch1_strong_moon,1.0,1.0,0.9915954749635282,0.3834708057415951,0.71571167459019,2.4313816579896406,0.9020486856903362
84.4,epoch1_strong_moon,1.0,1.0,0.9915855590087785,0.383451632201308,0.7160420240297198,2.433639613338649,0.9024537500631604
84.5,epoch1_strong_moon,1.0,1.0,0.9915756431531885,0.38343245961969796,0.7163722131948658,2.4358965060935174,0.9028584580556306
84.60000000000001,epoch1_strong_moon,1.0,1.0,0.991565727396757,0.383413287996717,0.7167022421498469,2.438152336247897,0.9032628104550466
84.7,epoch1_strong_moon,1.0,1.0,0.991555811739483,0.38339411733231715,0.7170321109584262,2.440407103797808,0.903666808045816
84.80000000000001,epoch1_strong_moon,1.0,1.0,0.9915458961813657,0.3833749476264505,0.7173618196839161,2.4426608087416266,0.9040704516094634
84.9,epoch1_strong_moon,1.0,1.0,0.9915359807224039,0.3833557788790692,0.7176913683891839,2.444913451080076,0.9044737419246406
85.0,epoch1_strong_moon,1.0,1.0,0.9915260653625967,0.38333661109012523,0.7180207571366575,2.4471650308162145,0.9048766797671359
85.10000000000001,epoch1_strong_moon,1.0,1.0,0.991516150101943,0.3833174442595707,0.7183499859883303,2.4494155479554247,0.9052792659098844
85.2,epoch1_strong_moon,1.0,1.0,0.991506234940442,0.38329827838735775,0.7186790550057672,2.4516650025054028,0.9056815011229769
85.30000000000001,epoch1_strong_moon,1.0,1.0,0.9914963198780926,0.3832791134734384,0.7190079642501095,2.4539133944761473,0.9060833861736701
85.4,epoch1_strong_moon,1.0,1.0,0.9914864049148938,0.3832599495177647,0.7193367137820802,2.4561607238799485,0.9064849218263962
85.5,epoch1_strong_moon,1.0,1.0,0.9914764900508447,0.3832407865202888,0.7196653036619893,2.4584069907313775,0.9068861088427722
85.60000000000001,epoch1_strong_moon,1.0,1.0,0.9914665752859442,0.3832216244809628,0.7199937339497391,2.460652195047276,0.9072869479816099
85.7,epoch1_strong_moon,1.0,1.0,0.9914566606201913,0.38320246339973874,0.720322004704829,2.462896336846746,0.9076874399989253
85.80000000000001,epoch1_strong_moon,1.0,1.0,0.9914467460535852,0.38318330327656874,0.7206501159863609,2.4651394161511364,0.9080875856479481
85.9,epoch1_strong_moon,1.0,1.0,0.9914368315861246,0.3831641441114049,0.7209780678530439,2.4673814329840362,0.9084873856791315
86.0,epoch1_strong_moon,1.0,1.0,0.9914269172178087,0.3831449859041994,0.7213058603631998,2.469622387371262,0.9088868408401614
86.10000000000001,epoch1_strong_moon,1.0,1.0,0.9914170029486365,0.3831258286549042,0.7216334935747675,2.4718622793408467,0.9092859518759661
86.2,epoch1_strong_moon,1.0,1.0,0.9914070887786071,0.38310667236347146,0.7219609675453081,2.474101108923031,0.909684719528726
86.30000000000001,epoch1_strong_moon,1.0,1.0,0.9913971747077193,0.3830875170298533,0.72228828233201,2.4763388761502516,0.9100831445378827
86.4,epoch1_strong_moon,1.0,1.0,0.9913872607359722,0.3830683626540018,0.7226154379916933,2.4785755810571306,0.9104812276401488
86.5,epoch1_strong_moon,1.0,1.0,0.9913773468633648,0.3830492092358691,0.7229424345808145,2.480811223680466,0.910878969569517
86.60000000000001,epoch1_strong_moon,1.0,1.0,0.9913674330898962,0.3830300567754073,0.723269272155472,2.4830458040592207,0.9112763710572698
86.7,epoch1_strong_moon,1.0,1.0,0.9913575194155653,0.38301090527256854,0.7235959507714098,2.485279322234513,0.9116734328319888
86.80000000000001,epoch1_strong_moon,1.0,1.0,0.9913476058403711,0.3829917547273049,0.7239224704840229,2.4875117782496057,0.9120701556195642
86.9,epoch1_strong_moon,1.0,1.0,0.9913376923643127,0.38297260513956854,0.7242488313483613,2.4897431721498955,0.9124665401432039
87.0,epoch1_strong_moon,1.0,1.0,0.991327778987389,0.38295345650931156,0.7245750334191348,2.4919735039829036,0.9128625871234433
87.10000000000001,epoch1_strong_moon,1.0,1.0,0.9913178657095991,0.3829343088364861,0.7249010767507177,2.494202773798266,0.913258297278154
87.2,epoch1_strong_moon,1.0,1.0,0.9913079525309421,0.38291516212104426,0.7252269613971529,2.4964309816477215,0.9136536713225537
87.30000000000001,epoch1_strong_moon,1.0,1.0,0.9912980394514167,0.3828960163629382,0.7255526874121567,2.498658127585103,0.9140487099692153
87.4,epoch1_strong_moon,1.0,1.0,0.9912881264710222,0.38287687156212,0.7258782548491228,2.5008842116663286,0.9144434139280758
87.5,epoch1_strong_moon,1.0,1.0,0.9912782135897574,0.38285772771854193,0.7262036637611269,2.5031092339493886,0.9148377839064463
87.60000000000001,epoch1_strong_moon,1.0,1.0,0.9912683008076215,0.382838584832156,0.7265289142009308,2.5053331944943382,0.9152318206090206
87.7,epoch1_strong_moon,1.0,1.0,0.9912583881246134,0.38281944290291436,0.7268540062209871,2.507556093363286,0.9156255247378847
87.80000000000001,epoch1_strong_moon,1.0,1.0,0.9912484755407321,0.3828003019307692,0.7271789398734426,2.509777930620386,0.9160188969925259
87.9,epoch1_strong_moon,1.0,1.0,0.9912385630559767,0.38278116191567263,0.7275037152101435,2.5119987063318243,0.9164119380698419
88.0,epoch1_strong_moon,1.0,1.0,0.9912286506703462,0.3827620228575768,0.7278283322826387,2.514218420565814,0.9168046486641501
88.10000000000001,epoch1_strong_moon,1.0,1.0,0.9912187383838394,0.3827428847564339,0.7281527911421842,2.516437073392581,0.9171970294671968
88.2,epoch1_strong_moon,1.0,1.0,0.9912088261964556,0.3827237476121961,0.7284770918397475,2.518654664884358,0.9175890811681661
88.30000000000001,epoch1_strong_moon,1.0,1.0,0.9911989141081936,0.3827046114248155,0.7288012344260111,2.520871195115371,0.917980804453689
88.4,epoch1_strong_moon,1.0,1.0,0.9911890021190525,0.38268547619424426,0.7291252189513766,2.5230866641618332,0.9183722000078528
88.5,epoch1_strong_moon,1.0,1.0,0.9911790902290313,0.3826663419204345,0.7294490454659691,2.525301072101933,0.9187632685122096
88.60000000000001,epoch1_strong_moon,1.0,1.0,0.991169178438129,0.3826472086033385,0.7297727140196405,2.527514419015826,0.919154010645786
88.7,epoch1_strong_moon,1.0,1.0,0.9911592667463446,0.38262807624290834,0.7300962246619737,2.529726704985624,0.9195444270850914
88.80000000000001,epoch1_strong_moon,1.0,1.0,0.9911493551536771,0.3826089448390962,0.7304195774422864,2.531937930095386,0.9199345185041277
88.9,epoch1_strong_moon,1.0,1.0,0.9911394436601255,0.38258981439185424,0.7307427724096349,2.5341480944311106,0.9203242855743976
89.0,epoch1_strong_moon,1.0,1.0,0.9911295322656889,0.38257068490113466,0.731065809612818,2.5363571980807227,0.9207137289649141
89.10000000000001,epoch1_strong_moon,1.0,1.0,0.9911196209703662,0.3825515563668896,0.7313886891003804,2.538565241134068,0.9211028493422091
89.2,epoch1_strong_moon,1.0,1.0,0.9911097097741565,0.38253242878907123,0.7317114109206165,2.540772223682901,0.9214916473703425
89.30000000000001,epoch1_strong_moon,1.0,1.0,0.9910997986770588,0.3825133021676318,0.7320339751215746,2.5429781458208778,0.9218801237109108
89.4,epoch1_strong_moon,1.0,1.0,0.991089887679072,0.38249417650252343,0.7323563817510598,2.5451830076435438,0.9222682790230563
89.5,epoch1_strong_moon,1.0,1.0,0.9910799767801952,0.3824750517936983,0.7326786308566375,2.5473868092483274,0.9226561139634759
89.60000000000001,epoch1_strong_moon,1.0,1.0,0.9910700659804275,0.3824559280411086,0.7330007224856381,2.54958955073453,0.9230436291864297
89.7,epoch1_strong_moon,1.0,1.0,0.9910601552797677,0.3824368052447066,0.7333226566851592,2.551791232203316,0.9234308253437499
89.80000000000001,epoch1_strong_moon,1.0,1.0,0.9910502446782149,0.3824176834044443,0.7336444335020696,2.553991853757703,0.9238177030848497
89.9,epoch1_strong_moon,1.0,1.0,0.9910403341757681,0.3823985625202741,0.7339660529830133,2.5561914155025565,0.9242042630567319
90.0,epoch1_strong_moon,1.0,1.0,0.9910304237724263,0.38237944259214807,0.7342875151744119,2.5583899175445755,0.9245905059039978
90.10000000000001,epoch1_strong_moon,1.0,1.0,0.9910205134681886,0.3823603236200185,0.7346088201224688,2.560587359992288,0.924976432268856
90.2,epoch1_strong_moon,1.0,1.0,0.991010603263054,0.3823412056038375,0.734929967873172,2.5627837429560385,0.9253620427911304
90.30000000000001,epoch1_strong_moon,1.0,1.0,0.9910006931570213,0.3823220885435573,0.735250958472298,2.564979066547982,0.9257473381082701
90.4,epoch1_strong_moon,1.0,1.0,0.9909907831500897,0.38230297243913014,0.7355717919654148,2.567173330882073,0.926132318855357
90.5,epoch1_strong_moon,1.0,1.0,0.9909808732422583,0.3822838572905082,0.7358924683978847,2.5693665360740567,0.9265169856651145
90.60000000000001,epoch1_strong_moon,1.0,1.0,0.9909709634335259,0.38226474309764363,0.7362129878148683,2.5715586822414624,0.9269013391679172
90.7,epoch1_strong_moon,1.0,1.0,0.9909610537238915,0.38224562986048877,0.7365333502613275,2.573749769503592,0.9272853799917979
90.80000000000001,epoch1_strong_moon,1.0,1.0,0.9909511441133543,0.38222651757899573,0.7368535557820282,2.5759397979815115,0.9276691087624576
90.9,epoch1_strong_moon,1.0,1.0,0.9909412346019132,0.3822074062531168,0.7371736044215438,2.5781287677980442,0.9280525261032728
91.0,epoch1_strong_moon,1.0,1.0,0.9909313251895672,0.3821882958828041,0.7374934962242585,2.5803166790777596,0.9284356326353053
91.10000000000001,epoch1_strong_moon,1.0,1.0,0.9909214158763153,0.38216918646800996,0.73781323123437,2.582503531946967,0.9288184289773095
91.2,epoch1_strong_moon,1.0,1.0,0.9909115066621565,0.38215007800868656,0.7381328094958928,2.5846893265337045,0.9292009157457417
91.30000000000001,epoch1_strong_moon,1.0,1.0,0.99090159754709,0.3821309705047861,0.7384522310526608,2.5868740629677323,0.9295830935547684
91.4,epoch1_strong_moon,1.0,1.0,0.9908916885311145,0.3821118639562609,0.7387714959483309,2.589057741380523,0.9299649630162744
91.5,epoch1_strong_moon,1.0,1.0,0.9908817796142292,0.3820927583630631,0.7390906042263855,2.5912403619052538,0.9303465247398714
91.60000000000001,epoch1_strong_moon,1.0,1.0,0.990871870796433,0.38207365372514496,0.7394095559301356,2.5934219246767967,0.9307277793329067
91.7,epoch1_strong_moon,1.0,1.0,0.990861962077725,0.3820545500424587,0.7397283511027236,2.5956024298317115,0.9311087274004711
91.80000000000001,epoch1_strong_moon,1.0,1.0,0.9908520534581042,0.3820354473149566,0.7400469897871262,2.5977818775082366,0.9314893695454075
91.9,epoch1_strong_moon,1.0,1.0,0.9908421449375696,0.38201634554259084,0.7403654720261574,2.599960267846281,0.9318697063683192
92.0,epoch1_strong_moon,1.0,1.0,0.9908322365161203,0.3819972447253137,0.7406837978624712,2.602137600987415,0.9322497384675783
92.10000000000001,epoch1_strong_moon,1.0,1.0,0.9908223281937552,0.38197814486307746,0.7410019673385639,2.6043138770748624,0.9326294664393339
92.2,epoch1_strong_moon,1.0,1.0,0.9908124199704732,0.3819590459558343,0.7413199804967779,2.606489096253493,0.93300889087752
92.30000000000001,epoch1_strong_moon,1.0,1.0,0.9908025118462735,0.38193994800353653,0.7416378373793037,2.608663258669813,0.9333880123738646
92.4,epoch1_strong_moon,1.0,1.0,0.9907926038211551,0.3819208510061364,0.7419555380281823,2.6108363644719574,0.933766831517897
92.5,epoch1_strong_moon,1.0,1.0,0.9907826958951169,0.3819017549635861,0.7422730824853088,2.6130084138096814,0.9341453488969566
92.60000000000001,epoch1_strong_moon,1.0,1.0,0.9907727880681579,0.3818826598758379,0.7425904707924343,2.615179406834353,0.9345235650962007
92.7,epoch1_strong_moon,1.0,1.0,0.9907628803402773,0.38186356574284414,0.742907702991169,2.6173493436989435,0.9349014806986131
92.80000000000001,epoch1_strong_moon,1.0,1.0,0.9907529727114739,0.381844472564557,0.7432247791229843,2.619518224558021,0.9352790962850118
92.9,epoch1_strong_moon,1.0,1.0,0.9907430651817468,0.3818253803409288,0.7435416992292158,2.621686049567741,0.9356564124340574
93.0,epoch1_strong_moon,1.0,1.0,0.990733157751095,0.3818062890719117,0.7438584633510654,2.623852818885839,0.9360334297222608
93.10000000000001,epoch1_strong_moon,1.0,1.0,0.9907232504195176,0.38178719875745815,0.7441750715296045,2.626018532671622,0.9364101487239918
93.2,epoch1_strong_moon,1.0,1.0,0.9907133431870134,0.38176810939752026,0.7444915238057757,2.6281831910859617,0.9367865700114866
93.30000000000001,epoch1_strong_moon,1.0,1.0,0.9907034360535816,0.3817490209920504,0.7448078202203958,2.630346794291284,0.9371626941548563
93.4,epoch1_strong_moon,1.0,1.0,0.990693529019221,0.38172993354100077,0.7451239608141582,2.6325093424515646,0.9375385217220946
93.5,epoch1_strong_moon,1.0,1.0,0.9906836220839308,0.38171084704432373,0.7454399456276349,2.634670835732318,0.9379140532790858
93.60000000000001,epoch1_strong_moon,1.0,1.0,0.99067371524771,0.38169176150197154,0.7457557747012794,2.6368312743005906,0.938289289389613
93.7,epoch1_strong_moon,1.0,1.0,0.9906638085105575,0.38167267691389645,0.7460714480754286,2.6389906583249543,0.9386642306153655
93.80000000000001,epoch1_strong_moon,1.0,1.0,0.9906539018724724,0.3816535932800508,0.7463869657903056,2.6411489879754964,0.9390388775159475
93.9,epoch1_strong_moon,1.0,1.0,0.9906439953334536,0.3816345106003868,0.7467023278860216,2.643306263423814,0.939413230648885
94.0,epoch1_strong_moon,1.0,1.0,0.9906340888935002,0.3816154288748568,0.7470175344025787,2.6454624848430037,0.9397872905696347
94.10000000000001,epoch1_strong_moon,1.0,1.0,0.9906241825526113,0.38159634810341303,0.7473325853798715,2.6476176524076567,0.9401610578315911
94.2,epoch1_strong_moon,1.0,1.0,0.9906142763107858,0.38157726828600785,0.7476474808576897,2.649771766293849,0.9405345329860945
94.30000000000001,epoch1_strong_moon,1.0,1.0,0.9906043701680227,0.38155818942259356,0.7479622208757206,2.651924826679135,0.9409077165824389
94.4,epoch1_strong_moon,1.0,1.0,0.9905944641243211,0.3815391115131224,0.7482768054735507,2.6540768337425393,0.9412806091678798
94.5,epoch1_strong_moon,1.0,1.0,0.9905845581796798,0.38152003455754674,0.7485912346906684,2.656227787664549,0.9416532112876419
94.60000000000001,epoch1_strong_moon,1.0,1.0,0.990574652334098,0.38150095855581884,0.7489055085664656,2.6583776886271067,0.9420255234849266
94.7,epoch1_strong_moon,1.0,1.0,0.9905647465875747,0.38148188350789103,0.7492196271402407,2.6605265368136024,0.9423975463009202
94.80000000000001,epoch1_strong_moon,1.0,1.0,0.9905548409401088,0.38146280941371563,0.7495335904511996,2.6626743324088666,0.9427692802748011
94.9,epoch1_strong_moon,1.0,1.0,0.9905449353916994,0.38144373627324496,0.7498473985384587,2.6648210755991624,0.9431407259437479
95.0,epoch1_strong_moon,1.0,1.0,0.9905350299423455,0.3814246640864313,0.7501610514410466,2.6669667665721777,0.9435118838429465
95.10000000000001,epoch1_strong_moon,1.0,1.0,0.9905251245920461,0.38140559285322695,0.750474549197906,2.669111405517019,0.9438827545055982
95.2,epoch1_strong_moon,1.0,1.0,0.9905152193408002,0.3813865225735843,0.7507878918478958,2.671254992624203,0.9442533384629271
95.30000000000001,epoch1_strong_moon,1.0,1.0,0.9905053141886068,0.38136745324745563,0.7511010794297935,2.6733975280856495,0.9446236362441878
95.4,epoch1_strong_moon,1.0,1.0,0.9904954091354649,0.3813483848747933,0.7514141119822966,2.6755390120946734,0.9449936483766725
95.5,epoch1_strong_moon,1.0,1.0,0.9904855041813735,0.38132931745554954,0.7517269895440246,2.6776794448459795,0.9453633753857195
95.60000000000001,epoch1_strong_moon,1.0,1.0,0.9904755993263317,0.38131025098967675,0.7520397121535215,2.6798188265356533,0.9457328177947193
95.7,epoch1_strong_moon,1.0,1.0,0.9904656945703384,0.38129118547712726,0.7523522798492572,2.6819571573611545,0.9461019761251235
95.80000000000001,epoch1_strong_moon,1.0,1.0,0.9904557899133927,0.3812721209178534,0.7526646926696295,2.6840944375213094,0.9464708508964514
95.9,epoch1_strong_moon,1.0,1.0,0.9904458853554935,0.38125305731180753,0.7529769506529661,2.686230667216304,0.9468394426262977
96.0,epoch1_strong_moon,1.0,1.0,0.99043598089664,0.3812339946589419,0.7532890538375262,2.688365846647678,0.9472077518303398
96.10000000000001,epoch1_strong_moon,1.0,1.0,0.990426076536831,0.381214932959209,0.7536010022615025,2.6904999760183146,0.9475757790223454
96.2,epoch1_strong_moon,1.0,1.0,0.9904161722760656,0.381195872212561,0.7539127959630232,2.692633055532437,0.9479435247141796
96.30000000000001,epoch1_strong_moon,1.0,1.0,0.9904062681143428,0.3811768124189504,0.7542244349801533,2.6947650853955993,0.9483109894158127
96.4,epoch1_strong_moon,1.0,1.0,0.9903963640516616,0.3811577535783295,0.7545359193508969,2.6968960658146797,0.9486781736353269
96.5,epoch1_strong_moon,1.0,1.0,0.9903864600880211,0.38113869569065056,0.7548472491131987,2.6990259969978743,0.9490450778789242
96.60000000000001,epoch1_strong_moon,1.0,1.0,0.9903765562234202,0.381119638755866,0.7551584243049454,2.7011548791546893,0.9494117026509332
96.7,epoch1_strong_moon,1.0,1.0,0.990366652457858,0.3811005827739282,0.7554694449639682,2.7032827124959344,0.9497780484538169
96.80000000000001,epoch1_strong_moon,1.0,1.0,0.9903567487913335,0.38108152774478954,0.7557803111280438,2.7054094972337155,0.9501441157881793
96.9,epoch1_strong_moon,1.0,1.0,0.9903468452238456,0.3810624736684023,0.7560910228348965,2.707535233581429,0.9505099051527731
97.0,epoch1_strong_moon,1.0,1.0,0.9903369417553934,0.38104342054471885,0.7564015801221995,2.7096599217537536,0.9508754170445068
97.10000000000001,epoch1_strong_moon,1.0,1.0,0.9903270383859759,0.38102436837369164,0.7567119830275768,2.711783561966644,0.9512406519584518
97.2,epoch1_strong_moon,1.0,1.0,0.990317135115592,0.38100531715527297,0.7570222315886048,2.7139061544373244,0.9516056103878493
97.30000000000001,epoch1_strong_moon,1.0,1.0,0.9903072319442409,0.3809862668894152,0.7573323258428138,2.716027699384282,0.9519702928241182
97.4,epoch1_strong_moon,1.0,1.0,0.9902973288719215,0.38096721757607077,0.7576422658276898,2.7181481970272587,0.9523346997568611
97.5,epoch1_strong_moon,1.0,1.0,0.9902874258986327,0.380948169215192,0.7579520515806755,2.720267647587246,0.9526988316738727
97.60000000000001,epoch1_strong_moon,1.0,1.0,0.9902775230243738,0.3809291218067312,0.7582616831391725,2.7223860512864775,0.9530626890611454
97.7,epoch1_strong_moon,1.0,1.0,0.9902676202491435,0.38091007535064086,0.7585711605405429,2.724503408348423,0.9534262724028777
97.80000000000001,epoch1_strong_moon,1.0,1.0,0.990257717572941,0.38089102984687334,0.7588804838221098,2.7266197189977817,0.9537895821814802
97.9,epoch1_strong_moon,1.0,1.0,0.9902478149957653,0.380871985295381,0.7591896530211601,2.728734983460474,0.9541526188775834
98.0,epoch1_strong_moon,1.0,1.0,0.9902379125176154,0.3808529416961163,0.7594986681749452,2.730849201963638,0.9545153829700439
98.10000000000001,epoch1_strong_moon,1.0,1.0,0.9902280101384903,0.3808338990490315,0.7598075293206824,2.7329623747356195,0.9548778749359519
98.2,epoch1_strong_moon,1.0,1.0,0.9902181078583889,0.38081485735407905,0.7601162364955569,2.735074502005969,0.9552400952506379
98.30000000000001,epoch1_strong_moon,1.0,1.0,0.9902082056773104,0.38079581661121137,0.7604247897367228,2.7371855840054313,0.9556020443876798
98.4,epoch1_strong_moon,1.0,1.0,0.9901983035952536,0.3807767768203808,0.7607331890813045,2.7392956209659434,0.9559637228189096
98.5,epoch1_strong_moon,1.0,1.0,0.9901884016122177,0.3807577379815398,0.7610414345663985,2.7414046131206247,0.9563251310144203
98.60000000000001,epoch1_strong_moon,1.0,1.0,0.9901784997282015,0.3807387000946407,0.7613495262290743,2.743512560703772,0.9566862694425728
98.7,epoch1_strong_moon,1.0,1.0,0.9901685979432042,0.380719663159636,0.7616574641063759,2.745619463950852,0.9570471385700028
98.80000000000001,epoch1_strong_moon,1.0,1.0,0.9901586962572247,0.380700627176478,0.7619652482353235,2.7477253230984977,0.9574077388616272
98.9,epoch1_strong_moon,1.0,1.0,0.9901487946702622,0.3806815921451192,0.7622728786529144,2.7498301383844987,0.9577680707806514
99.0,epoch1_strong_moon,1.0,1.0,0.9901388931823155,0.38066255806551197,0.7625803553961243,2.751933910047797,0.9581281347885758
99.10000000000001,epoch1_strong_moon,1.0,1.0,0.9901289917933837,0.38064352493760867,0.7628876785019092,2.7540366383284796,0.9584879313452026
99.2,epoch1_strong_moon,1.0,1.0,0.9901190905034657,0.3806244927613618,0.7631948480072057,2.7561383234677734,0.9588474609086423
99.30000000000001,epoch1_strong_moon,1.0,1.0,0.9901091893125606,0.3806054615367237,0.7635018639489334,2.7582389657080384,0.9592067239353206
99.4,epoch1_strong_moon,1.0,1.0,0.9900992882206675,0.3805864312636469,0.7638087263639951,2.7603385652927614,0.9595657208799852
99.5,epoch1_strong_moon,1.0,1.0,0.9900893872277853,0.3805674019420837,0.7641154352892788,2.76243712246655,0.9599244521957121
99.60000000000001,epoch1_strong_moon,1.0,1.0,0.990079486333913,0.3805483735719866,0.7644219907616586,2.7645346374751263,0.9602829183339127
99.7,epoch1_strong_moon,1.0,1.0,0.9900695855390497,0.380529346153308,0.764728392817996,2.7666311105653207,0.9606411197443396
99.80000000000001,epoch1_strong_moon,1.0,1.0,0.9900596848431943,0.38051031968600035,0.7650346414951409,2.7687265419850666,0.9609990568750942
99.9,epoch1_strong_moon,1.0,1.0,0.9900497842463458,0.38049129417001604,0.7653407368299332,2.770820931983393,0.9613567301726325
100.0,epoch1_strong_moon,1.0,1.0,0.9900398837485034,0.38047226960530756,0.7656466788592035,2.7729142808104204,0.9617141400817717
100.10000000000001,epoch1_strong_moon,1.0,1.0,0.9900299833496659,0.3804532459918273,0.7659524676197745,2.775006588717352,0.9620712870456973
100.2,epoch1_strong_moon,1.0,1.0,0.9900200830498324,0.3804342233295277,0.7662581031484623,2.777097855956471,0.9624281715059692
100.30000000000001,epoch1_strong_moon,1.0,1.0,0.9900101828490019,0.38041520161836123,0.766563585482077,2.779188082781132,0.9627847939025277
100.4,epoch1_strong_moon,1.0,1.0,0.9900002827471734,0.3803961808582803,0.7668689146574245,2.7812772694457566,0.963141154673701
100.5,epoch1_strong_moon,1.0,1.0,0.9899903827443459,0.3803771610492374,0.7671740907113068,2.783365416205826,0.9634972542562107
100.60000000000001,epoch1_strong_moon,1.0,1.0,0.9899804828405184,0.38035814219118497,0.767479113680524,2.7854525233178777,0.9638530930851787
100.7,epoch1_strong_moon,1.0,1.0,0.9899705830356901,0.3803391242840754,0.7677839836018747,2.7875385910394965,0.9642086715941337
100.80000000000001,epoch1_strong_moon,1.0,1.0,0.9899606833298598,0.3803201073278612,0.7680887005121572,2.7896236196293107,0.9645639902150169
100.9,epoch1_strong_moon,1.0,1.0,0.9899507837230265,0.3803010913224948,0.7683932644481706,2.7917076093469864,0.9649190493781891
101.0,epoch1_strong_moon,1.0,1.0,0.9899408842151892,0.38028207626792865,0.7686976754467159,2.79379056045322,0.9652738495124364
101.10000000000001,epoch1_strong_moon,1.0,1.0,0.9899309848063471,0.38026306216411526,0.7690019335445969,2.795872473209734,0.9656283910449773
101.2,epoch1_strong_moon,1.0,1.0,0.989921085496499,0.38024404901100706,0.7693060387786214,2.797953347879272,0.9659826744014681
101.30000000000001,epoch1_strong_moon,1.0,1.0,0.9899111862856441,0.3802250368085565,0.7696099911856018,2.8000331847255904,0.9663367000060098
101.4,epoch1_strong_moon,1.0,1.0,0.9899012871737812,0.38020602555671607,0.7699137908023566,2.8021119840134543,0.9666904682811538
101.5,epoch1_strong_moon,1.0,1.0,0.9898913881609095,0.38018701525543824,0.7702174376657108,2.804189746008632,0.9670439796479088
101.60000000000001,epoch1_strong_moon,1.0,1.0,0.9898814892470279,0.3801680059046755,0.7705209318124976,2.8062664709778886,0.9673972345257463
101.7,epoch1_strong_moon,1.0,1.0,0.9898715904321355,0.38014899750438025,0.7708242732795584,2.808342159188982,0.9677502333326073
101.80000000000001,epoch1_strong_moon,1.0,1.0,0.9898616917162312,0.38012999005450504,0.7711274621037445,2.810416810910655,0.9681029764849083
101.9,epoch1_strong_moon,1.0,1.0,0.989851793099314,0.38011098355500234,0.7714304983219177,2.812490426412632,0.9684554643975471
102.0,epoch1_strong_moon,1.0,1.0,0.989841894581383,0.38009197800582456,0.7717333819709512,2.8145630059656104,0.9688076974839096
102.10000000000001,epoch1_strong_moon,1.0,1.0,0.9898319961624372,0.38007297340692425,0.7720361130877307,2.8166345498412593,0.9691596761558753
102.2,epoch1_strong_moon,1.0,1.0,0.9898220978424755,0.3800539697582539,0.7723386917091549,2.8187050583122106,0.9695114008238235
102.30000000000001,epoch1_strong_moon,1.0,1.0,0.9898121996214971,0.38003496705976597,0.7726411178721369,2.820774531652055,0.9698628718966396
102.4,epoch1_strong_moon,1.0,1.0,0.9898023014995009,0.38001596531141296,0.7729433916136043,2.8228429701353357,0.9702140897817209
102.5,epoch1_strong_moon,1.0,1.0,0.9897924034764859,0.3799969645131474,0.7732455129705009,2.8249103740375445,0.9705650548849827
102.60000000000001,epoch1_strong_moon,1.0,1.0,0.9897825055524512,0.37997796466492173,0.7735474819797872,2.826976743635115,0.9709157676108642
102.7,epoch1_strong_moon,1.0,1.0,0.9897726077273956,0.3799589657666885,0.7738492986784409,2.829042079205417,0.9712662283623347
102.80000000000001,epoch1_strong_moon,1.0,1.0,0.9897627100013183,0.3799399678184001,0.7741509631034581,2.8311063810267534,0.9716164375408992
102.9,epoch1_strong_moon,1.0,1.0,0.9897528123742183,0.3799209708200092,0.774452475291854,2.833169649378352,0.9719663955466047
103.0,epoch1_strong_moon,1.0,1.0,0.9897429148460946,0.3799019747714682,0.7747538352806637,2.8352318845403617,0.9723161027780457
103.10000000000001,epoch1_strong_moon,1.0,1.0,0.9897330174169461,0.3798829796727296,0.7750550431069428,2.8372930867938475,0.9726655596323706
103.2,epoch1_strong_moon,1.0,1.0,0.9897231200867719,0.37986398552374595,0.7753560988077687,2.8393532564207846,0.9730147665052871
103.30000000000001,epoch1_strong_moon,1.0,1.0,0.9897132228555711,0.3798449923244698,0.7756570024202406,2.8414123937040534,0.9733637237910683
103.4,epoch1_strong_moon,1.0,1.0,0.9897033257233425,0.37982600007485356,0.7759577539814809,2.8434704989274335,0.9737124318825584
103.5,epoch1_strong_moon,1.0,1.0,0.9896934286900853,0.3798070087748498,0.7762583535286356,2.8455275723756004,0.9740608911711787
103.60000000000001,epoch1_strong_moon,1.0,1.0,0.9896835317557984,0.37978801842441107,0.7765588010988751,2.8475836143341184,0.9744091020469331
103.7,epoch1_strong_moon,1.0,1.0,0.9896736349204808,0.37976902902348986,0.7768590967293949,2.8496386250894368,0.9747570648984141
103.80000000000001,epoch1_strong_moon,1.0,1.0,0.9896637381841316,0.3797500405720387,0.7771592404574165,2.8516926049288833,0.9751047801128084
103.9,epoch1_strong_moon,1.0,1.0,0.9896538415467497,0.3797310530700101,0.7774592323201878,2.8537455541406613,0.975452248075903
104.0,epoch1_strong_moon,1.0,1.0,0.9896439450083343,0.3797120665173566,0.7777590723549839,2.855797473013842,0.9757994691720902
104.10000000000001,epoch1_strong_moon,1.0,1.0,0.9896340485688843,0.37969308091403076,0.778058760599108,2.8578483618383608,0.9761464437843738
104.2,epoch1_strong_moon,1.0,1.0,0.9896241522283986,0.37967409625998505,0.7783582970898916,2.859898220905013,0.9764931722943748
104.30000000000001,epoch1_strong_moon,1.0,1.0,0.9896142559868764,0.37965511255517204,0.7786576818646956,2.861947050505448,0.9768396550823368
104.4,epoch1_strong_moon,1.0,1.0,0.9896043598443165,0.37963612979954425,0.7789569149609109,2.8639948509321633,0.9771858925271318
104.5,epoch1_strong_moon,1.0,1.0,0.989594463800718,0.3796171479930543,0.7792559964159588,2.8660416224785012,0.9775318850062655
104.60000000000001,epoch1_strong_moon,1.0,1.0,0.9895845678560801,0.37959816713565464,0.7795549262672915,2.868087365438643,0.9778776328958835
104.7,epoch1_strong_moon,1.0,1.0,0.9895746720104015,0.37957918722729783,0.7798537045523934,2.870132080107604,0.9782231365707761
104.80000000000001,epoch1_strong_moon,1.0,1.0,0.9895647762636814,0.37956020826793646,0.7801523313087811,2.8721757667812295,0.9785683964043844
104.9,epoch1_strong_moon,1.0,1.0,0.9895548806159188,0.37954123025752307,0.7804508065740042,2.874218425756189,0.9789134127688058
105.0,epoch1_strong_moon,1.0,1.0,0.9895449850671126,0.3795222531960102,0.780749130385646,2.876260057329971,0.9792581860347992
105.10000000000001,epoch1_strong_moon,1.0,1.0,0.989535089617262,0.3795032770833504,0.7810473027813236,2.8783006618008793,0.9796027165717907
105.2,epoch1_strong_moon,1.0,1.0,0.9895251942663659,0.3794843019194962,0.7813453237986893,2.8803402394680284,0.9799470047478789
105.30000000000001,epoch1_strong_moon,1.0,1.0,0.9895152990144233,0.3794653277044002,0.7816431934754303,2.882378790631337,0.9802910509298406
105.4,epoch1_strong_moon,1.0,1.0,0.9895054038614332,0.379446354438015,0.7819409118492701,2.884416315591524,0.9806348554831361
105.5,epoch1_strong_moon,1.0,1.0,0.9894955088073946,0.3794273821202931,0.7822384789579682,2.8864528146501045,0.9809784187719147
105.60000000000001,epoch1_strong_moon,1.0,1.0,0.9894856138523065,0.3794084107511871,0.7825358948393214,2.888488288109385,0.9813217411590198
105.7,epoch1_strong_moon,1.0,1.0,0.9894757189961679,0.37938944033064953,0.7828331595311637,2.890522736272457,0.9816648230059946
105.80000000000001,epoch1_strong_moon,1.0,1.0,0.989465824238978,0.379370470858633,0.7831302730713674,2.892556159443195,0.9820076646730872
105.9,epoch1_strong_moon,1.0,1.0,0.9894559295807356,0.3793515023350901,0.7834272354978432,2.894588557926249,0.9823502665192562
106.0,epoch1_strong_moon,1.0,1.0,0.9894460350214398,0.3793325347599733,0.7837240468485407,2.896619932027042,0.9826926289021758
106.10000000000001,epoch1_strong_moon,1.0,1.0,0.9894361405610895,0.3793135681332353,0.7840207071614492,2.8986502820517646,0.9830347521782412
106.2,epoch1_strong_moon,1.0,1.0,0.9894262461996839,0.37929460245482866,0.7843172164745981,2.9006796083073696,0.9833766367025738
106.30000000000001,epoch1_strong_moon,1.0,1.0,0.9894163519372219,0.3792756377247059,0.7846135748260571,2.9027079111015692,0.9837182828290264
106.4,epoch1_strong_moon,1.0,1.0,0.9894064577737025,0.37925667394281964,0.784909782253937,2.904735190742829,0.9840596909101886
106.5,epoch1_strong_moon,1.0,1.0,0.9893965637091248,0.3792377111091225,0.78520583879639,2.9067614475403643,0.9844008612973921
106.60000000000001,epoch1_strong_moon,1.0,1.0,0.9893866697434877,0.3792187492235671,0.7855017444916105,2.908786681804134,0.9847417943407155
106.7,epoch1_strong_moon,1.0,1.0,0.9893767758767902,0.3791997882861059,0.7857974993778346,2.910810893844839,0.9850824903889898
106.80000000000001,epoch1_strong_moon,1.0,1.0,0.9893668821090315,0.3791808282966916,0.7860931034933419,2.912834083973915,0.9854229497898035
106.9,epoch1_strong_moon,1.0,1.0,0.9893569884402104,0.37916186925527673,0.7863885568764549,2.9148562525035286,0.9857631728895078
107.0,epoch1_strong_moon,1.0,1.0,0.9893470948703259,0.379142911161814,0.7866838595655399,2.916877399746574,0.9861031600332214
107.10000000000001,epoch1_strong_moon,1.0,1.0,0.9893372013993772,0.37912395401625587,0.7869790115990071,2.918897526016668,0.9864429115648361
107.2,epoch1_strong_moon,1.0,1.0,0.9893273080273632,0.37910499781855506,0.7872740130153113,2.9209166316281445,0.9867824278270215
107.30000000000001,epoch1_strong_moon,1.0,1.0,0.9893174147542829,0.3790860425686641,0.7875688638529524,2.922934716896052,0.9871217091612303
107.4,epoch1_strong_moon,1.0,1.0,0.9893075215801354,0.3790670882665357,0.7878635641504754,2.9249517821361484,0.9874607559077032
107.5,epoch1_strong_moon,1.0,1.0,0.9892976285049195,0.37904813491212236,0.7881581139464711,2.9269678276648956,0.9877995684054739
107.60000000000001,epoch1_strong_moon,1.0,1.0,0.9892877355286345,0.37902918250537676,0.7884525132795762,2.928982853799457,0.9881381469923742
107.7,epoch1_strong_moon,1.0,1.0,0.9892778426512792,0.3790102310462515,0.7887467621884742,2.9309968608576917,0.9884764920050392
107.80000000000001,epoch1_strong_moon,1.0,1.0,0.9892679498728526,0.37899128053469916,0.789040860711895,2.9330098491581515,0.9888146037789116
107.9,epoch1_strong_moon,1.0,1.0,0.9892580571933539,0.3789723309706724,0.7893348088886163,2.9350218190200756,0.9891524826482476
108.0,epoch1_strong_moon,1.0,1.0,0.989248164612782,0.37895338235412385,0.7896286067574627,2.937032770763387,0.9894901289461211
108.10000000000001,epoch1_strong_moon,1.0,1.0,0.9892382721311358,0.37893443468500615,0.7899222543573072,2.9390427047086876,0.9898275430044289
108.2,epoch1_strong_moon,1.0,1.0,0.9892283797484145,0.3789154879632719,0.7902157517270709,2.9410516211772544,0.9901647251538954
108.30000000000001,epoch1_strong_moon,1.0,1.0,0.989218487464617,0.37889654218887375,0.7905090989057234,2.9430595204910355,0.990501675724078
108.4,epoch1_strong_moon,1.0,1.0,0.9892085952797424,0.3788775973617643,0.7908022959322834,2.945066402972646,0.9908383950433712
108.5,epoch1_strong_moon,1.0,1.0,0.9891987031937896,0.37885865348189623,0.7910953428458186,2.9470722689453632,0.9911748834390122
108.60000000000001,epoch1_strong_moon,1.0,1.0,0.9891888112067576,0.37883971054922216,0.7913882396854465,2.9490771187331224,0.9915111412370851
108.7,epoch1_strong_moon,1.0,1.0,0.9891789193186455,0.3788207685636947,0.7916809864903344,2.951080952660514,0.9918471687625262
108.80000000000001,epoch1_strong_moon,1.0,1.0,0.9891690275294523,0.3788018275252665,0.7919735832996997,2.9530837710527784,0.9921829663391285
108.9,epoch1_strong_moon,1.0,1.0,0.989159135839177,0.3787828874338902,0.7922660301528104,2.955085574235802,0.9925185342895466
109.0,epoch1_strong_moon,1.0,1.0,0.9891492442478186,0.37876394828951854,0.7925583270889851,2.957086362536113,0.9928538729353014
109.10000000000001,epoch1_strong_moon,1.0,1.0,0.9891393527553761,0.37874501009210404,0.7928504741475937,2.9590861362808782,0.9931889825967847
109.2,epoch1_strong_moon,1.0,1.0,0.9891294613618485,0.3787260728415994,0.7931424713680573,2.9610848957978986,0.9935238635932643
109.30000000000001,epoch1_strong_moon,1.0,1.0,0.9891195700672349,0.37870713653795735,0.7934343187898486,2.963082641415604,0.9938585162428882
109.4,epoch1_strong_moon,1.0,1.0,0.9891096788715342,0.37868820118113045,0.7937260164524923,2.965079373463052,0.9941929408626899
109.5,epoch1_strong_moon,1.0,1.0,0.9890997877747455,0.3786692667710714,0.7940175643955651,2.96707509226992,0.9945271377685926
109.60000000000001,epoch1_strong_moon,1.0,1.0,0.9890898967768678,0.37865033330773284,0.7943089626586962,2.9690697981665055,0.9948611072754137
109.7,epoch1_strong_moon,1.0,1.0,0.9890800058779,0.37863140079106744,0.7946002112815673,2.971063491483719,0.99519484969687
109.80000000000001,epoch1_strong_moon,1.0,1.0,0.9890701150778413,0.37861246922102787,0.7948913103039134,2.9730561725530817,0.995528365345582
109.9,epoch1_strong_moon,1.0,1.0,0.9890602243766905,0.37859353859756684,0.795182259765522,2.975047841706721,0.9958616545330784
110.0,epoch1_strong_moon,1.0,1.0,0.9890503337744467,0.37857460892063693,0.7954730597062346,2.9770384992773673,0.9961947175698008
110.10000000000001,epoch1_strong_moon,1.0,1.0,0.989040443271109,0.3785556801901909,0.7957637101659459,2.979028145598348,0.9965275547651085
110.2,epoch1_strong_moon,1.0,1.0,0.9890305528666763,0.3785367524061814,0.7960542111846047,2.9810167810035875,0.9968601664272824
110.30000000000001,epoch1_strong_moon,1.0,1.0,0.9890206625611476,0.37851782556856106,0.7963445628022137,2.9830044058275993,0.9971925528635303
110.4,epoch1_strong_moon,1.0,1.0,0.9890107723545221,0.3784988996772826,0.7966347650588297,2.9849910204054844,0.9975247143799907
110.5,epoch1_strong_moon,1.0,1.0,0.9890008822467985,0.3784799747322988,0.7969248179945643,2.986976625072928,0.9978566512817378
110.60000000000001,epoch1_strong_moon,1.0,1.0,0.988990992237976,0.3784610507335622,0.7972147216495835,2.988961220166194,0.9981883638727861
110.7,epoch1_strong_moon,1.0,1.0,0.9889811023280537,0.3784421276810255,0.7975044760641085,2.990944806022122,0.998519852456094
110.80000000000001,epoch1_strong_moon,1.0,1.0,0.9889712125170305,0.37842320557464143,0.797794081278415,2.9929273829781247,0.9988511173335691
110.9,epoch1_strong_moon,1.0,1.0,0.9889613228049053,0.3784042844143627,0.7980835373328344,2.994908951372181,0.9991821588060724
111.0,epoch1_strong_moon,1.0,1.0,0.9889514331916773,0.37838536420014196,0.7983728442677535,2.996889511542837,0.9995129771734226
111.10000000000001,epoch1_strong_moon,1.0,1.0,0.9889415436773454,0.37836644493193194,0.7986620021236144,2.9988690638291975,0.9998435727344003
111.2,epoch1_strong_moon,1.0,1.0,0.9889316542619087,0.37834752660968535,0.7989510109409153,3.0008476085709264,1.000173945786753
111.30000000000001,epoch1_strong_moon,1.0,1.0,0.988921764945366,0.3783286092333549,0.7992398707602101,3.0028251461082394,1.0005040966271985
111.4,epoch1_strong_moon,1.0,1.0,0.9889118757277165,0.3783096928028932,0.7995285816221089,3.0048016767819035,1.0008340255514305
111.5,epoch1_strong_moon,1.0,1.0,0.9889019866089592,0.37829077731825306,0.7998171435672783,3.0067772009332314,1.0011637328541219
111.60000000000001,epoch1_strong_moon,1.0,1.0,0.9888920975890931,0.3782718627793871,0.8001055566364408,3.0087517189040787,1.0014932188289292
111.7,epoch1_strong_moon,1.0,1.0,0.9888822086681173,0.37825294918624813,0.8003938208703758,3.0107252310368398,1.0018224837684975
111.80000000000001,epoch1_strong_moon,1.0,1.0,0.9888723198460306,0.37823403653878884,0.8006819363099194,3.012697737674445,1.0021515279644637
111.9,epoch1_strong_moon,1.0,1.0,0.9888624311228321,0.3782151248369619,0.8009699029959644,3.014669239160356,1.0024803517074619
112.0,epoch1_strong_moon,1.0,1.0,0.9888525424985208,0.3781962140807201,0.8012577209694606,3.0166397358385635,1.0028089552871267
112.10000000000001,epoch1_strong_moon,1.0,1.0,0.9888426539730959,0.37817730427001606,0.801545390271415,3.0186092280535832,1.0031373389920981
112.2,epoch1_strong_moon,1.0,1.0,0.9888327655465562,0.37815839540480256,0.8018329109428919,3.020577716150452,1.0034655031100255
112.30000000000001,epoch1_strong_moon,1.0,1.0,0.9888228772189007,0.37813948748503234,0.8021202830250127,3.022545200474725,1.0037934479275714
112.4,epoch1_strong_moon,1.0,1.0,0.9888129889901285,0.3781205805106581,0.8024075065589564,3.024511681372471,1.0041211737304163
112.5,epoch1_strong_moon,1.0,1.0,0.9888031008602386,0.37810167448163257,0.8026945815859596,3.0264771591902697,1.0044486808032624
112.60000000000001,epoch1_strong_moon,1.0,1.0,0.9887932128292299,0.37808276939790847,0.8029815081473166,3.0284416342752096,1.0047759694298382
112.7,epoch1_strong_moon,1.0,1.0,0.9887833248971016,0.3780638652594386,0.8032682862843794,3.0304051069748823,1.0051030398929017
112.80000000000001,epoch1_strong_moon,1.0,1.0,0.9887734370638527,0.3780449620661756,0.8035549160385579,3.0323675776373804,1.005429892474246
112.9,epoch1_strong_moon,1.0,1.0,0.9887635493294821,0.3780260598180723,0.8038413974513201,3.0343290466112935,1.0057565274547018
113.0,epoch1_strong_moon,1.0,1.0,0.9887536616939888,0.3780071585150814,0.804127730564192,3.036289514245705,1.0060829451141424
113.10000000000001,epoch1_strong_moon,1.0,1.0,0.9887437741573719,0.37798825815715564,0.8044139154187577,3.03824898089019,1.0064091457314879
113.2,epoch1_strong_moon,1.0,1.0,0.9887338867196304,0.3779693587442478,0.8046999520566598,3.040207446894809,1.0067351295847085
113.30000000000001,epoch1_strong_moon,1.0,1.0,0.9887239993807632,0.3779504602763106,0.8049858405195989,3.0421649126101076,1.007060896950829
113.4,epoch1_strong_moon,1.0,1.0,0.9887141121407693,0.37793156275329676,0.8052715808493341,3.0441213783871115,1.007386448105933
113.5,epoch1_strong_moon,1.0,1.0,0.9887042249996479,0.3779126661751591,0.8055571730876832,3.046076844577324,1.0077117833251663
113.60000000000001,epoch1_strong_moon,1.0,1.0,0.9886943379573979,0.37789377054185036,0.8058426172765222,3.0480313115327213,1.0080369028827418
113.7,epoch1_strong_moon,1.0,1.0,0.9886844510140184,0.37787487585332324,0.8061279134577859,3.0499847796057518,1.0083618070519424
113.80000000000001,epoch1_strong_moon,1.0,1.0,0.9886745641695083,0.3778559821095306,0.8064130616734678,3.0519372491493297,1.0086864961051258
113.9,epoch1_strong_moon,1.0,1.0,0.9886646774238665,0.3778370893104251,0.80669806196562,3.053888720516835,1.0090109703137278
114.0,epoch1_strong_moon,1.0,1.0,0.9886547907770923,0.37781819745595957,0.8069829143763535,3.055839194062107,1.0093352299482665
114.10000000000001,epoch1_strong_moon,1.0,1.0,0.9886449042291845,0.3777993065460868,0.807267618947838,3.057788670139444,1.0096592752783466
114.2,epoch1_strong_moon,1.0,1.0,0.9886350177801422,0.3777804165807595,0.8075521757223022,3.059737149103598,1.0099831065726628
114.30000000000001,epoch1_strong_moon,1.0,1.0,0.9886251314299643,0.3777615275599305,0.8078365847420336,3.0616846313097725,1.0103067240990036
114.4,epoch1_strong_moon,1.0,1.0,0.9886152451786501,0.37774263948355247,0.8081208460493787,3.0636311171136197,1.0106301281242556
114.5,epoch1_strong_moon,1.0,1.0,0.9886053590261983,0.3777237523515783,0.8084049596867431,3.065576606871236,1.0109533189144067
114.60000000000001,epoch1_strong_moon,1.0,1.0,0.988595472972608,0.3777048661639607,0.8086889256965912,3.0675211009391603,1.0112762967345508
114.7,epoch1_strong_moon,1.0,1.0,0.9885855870178782,0.37768598092065253,0.8089727441214467,3.06946459967437,1.0115990618488908
114.80000000000001,epoch1_strong_moon,1.0,1.0,0.9885757011620081,0.3776670966216065,0.8092564150038921,3.0714071034342783,1.011921614520743
114.9,epoch1_strong_moon,1.0,1.0,0.9885658154049964,0.37764821326677545,0.8095399383865692,3.0733486125767304,1.0122439550125404
115.0,epoch1_strong_moon,1.0,1.0,0.9885559297468424,0.3776293308561121,0.8098233143121789,3.0752891274600014,1.0125660835858368
115.10000000000001,epoch1_strong_moon,1.0,1.0,0.9885460441875449,0.3776104493895693,0.810106542823481,3.0772286484427926,1.0128880005013106
115.2,epoch1_strong_moon,1.0,1.0,0.988536158727103,0.3775915688670998,0.8103896239632948,3.079167175884229,1.013209706018768
115.30000000000001,epoch1_strong_moon,1.0,1.0,0.9885262733655157,0.37757268928865645,0.8106725577744986,3.081104710143855,1.0135312003971473
115.4,epoch1_strong_moon,1.0,1.0,0.9885163881027821,0.377553810654192,0.8109553443000298,3.083041251581634,1.0138524838945226
115.5,epoch1_strong_moon,1.0,1.0,0.9885065029389011,0.3775349329636593,0.811237983582885,3.0849768005579414,1.0141735567681072
115.60000000000001,epoch1_strong_moon,1.0,1.0,0.9884966178738717,0.3775160562170111,0.81152047566612,3.0869113574335656,1.0144944192742573
115.7,epoch1_strong_moon,1.0,1.0,0.988486732907693,0.3774971804142003,0.8118028205928496,3.0888449225697023,1.0148150716684758
115.80000000000001,epoch1_strong_moon,1.0,1.0,0.9884768480403638,0.3774783055551796,0.812085018406248,3.0907774963279535,1.015135514205416
115.9,epoch1_strong_moon,1.0,1.0,0.9884669632718834,0.3774594316399018,0.8123670691495485,3.0927090790703224,1.0154557471388848
116.0,epoch1_strong_moon,1.0,1.0,0.9884570786022507,0.3774405586683198,0.8126489728660433,3.0946396711592126,1.015775770721847
116.10000000000001,epoch1_strong_moon,1.0,1.0,0.9884471940314647,0.3774216866403864,0.8129307295990841,3.0965692729574235,1.0160955852064288
116.2,epoch1_strong_moon,1.0,1.0,0.9884373095595245,0.37740281555605437,0.8132123393920813,3.098497884828148,1.0164151908439205
116.30000000000001,epoch1_strong_moon,1.0,1.0,0.9884274251864289,0.3773839454152766,0.8134938022885047,3.100425507134971,1.0167345878847813
116.4,epoch1_strong_moon,1.0,1.0,0.988417540912177,0.3773650762180058,0.8137751183318829,3.1023521402418632,1.017053776578642
116.5,epoch1_strong_moon,1.0,1.0,0.9884076567367679,0.3773462079641949,0.8140562875658037,3.1042777845131817,1.017372757174309
116.60000000000001,epoch1_strong_moon,1.0,1.0,0.9883977726602006,0.3773273406537967,0.8143373100339141,3.1062024403136648,1.0176915299197675
116.7,epoch1_strong_moon,1.0,1.0,0.988387888682474,0.377308474286764,0.8146181857799195,3.1081261080084306,1.0180100950621855
116.80000000000001,epoch1_strong_moon,1.0,1.0,0.9883780048035872,0.3772896088630497,0.8148989148475848,3.1100487879629735,1.0183284528479168
116.9,epoch1_strong_moon,1.0,1.0,0.9883681210235391,0.37727074438260655,0.8151794972807336,3.1119704805431616,1.0186466035225046
117.0,epoch1_strong_moon,1.0,1.0,0.9883582373423289,0.3772518808453874,0.8154599331232482,3.113891186115233,1.0189645473306854
117.10000000000001,epoch1_strong_moon,1.0,1.0,0.9883483537599554,0.37723301825134514,0.81574022241907,3.1158109050457945,1.0192822845163918
117.2,epoch1_strong_moon,1.0,1.0,0.9883384702764179,0.37721415660043256,0.8160203652121989,3.1177296377018178,1.0195998153227566
117.30000000000001,epoch1_strong_moon,1.0,1.0,0.9883285868917151,0.37719529589260253,0.8163003615466939,3.119647384450637,1.0199171399921156
117.4,epoch1_strong_moon,1.0,1.0,0.9883187036058462,0.3771764361278079,0.8165802114666725,3.121564145659946,1.0202342587660118
117.5,epoch1_strong_moon,1.0,1.0,0.9883088204188101,0.37715757730600147,0.8168599150163106,3.123479921697796,1.0205511718851978
117.60000000000001,epoch1_strong_moon,1.0,1.0,0.9882989373306059,0.37713871942713617,0.8171394722398431,3.125394712932591,1.0208678795896402
117.7,epoch1_strong_moon,1.0,1.0,0.9882890543412326,0.3771198624911648,0.8174188831815631,3.1273085197330888,1.0211843821185225
117.80000000000001,epoch1_strong_moon,1.0,1.0,0.9882791714506892,0.37710100649804024,0.8176981478858223,3.129221342468394,1.0215006797102482
117.9,epoch1_strong_moon,1.0,1.0,0.9882692886589747,0.37708215144771534,0.8179772663970308,3.1311331815079577,1.0218167726024445
118.0,epoch1_strong_moon,1.0,1.0,0.9882594059660881,0.37706329734014293,0.8182562387596571,3.133044037221575,1.022132661031966
118.10000000000001,epoch1_strong_moon,1.0,1.0,0.9882495233720284,0.37704444417527594,0.8185350650182279,3.1349539099793815,1.0224483452348974
118.2,epoch1_strong_moon,1.0,1.0,0.9882396408767947,0.3770255919530672,0.8188137452173281,3.136862800151851,1.0227638254465565
118.30000000000001,epoch1_strong_moon,1.0,1.0,0.988229758480386,0.3770067406734695,0.8190922794016008,3.138770708109792,1.0230791019014989
118.4,epoch1_strong_moon,1.0,1.0,0.9882198761828012,0.3769878903364358,0.8193706676157471,3.140677634224348,1.0233941748335196
118.5,epoch1_strong_moon,1.0,1.0,0.9882099939840393,0.376969040941919,0.8196489099045262,3.1425835788669896,1.0237090444756578
118.60000000000001,epoch1_strong_moon,1.0,1.0,0.9882001118840995,0.37695019248987194,0.8199270063127552,3.1444885424095177,1.024023711060199
118.7,epoch1_strong_moon,1.0,1.0,0.9881902298829807,0.37693134498024744,0.8202049568853088,3.1463925252240568,1.0243381748186788
118.80000000000001,epoch1_strong_moon,1.0,1.0,0.9881803479806819,0.37691249841299845,0.82048276166712,3.1482955276830547,1.024652435981886
118.9,epoch1_strong_moon,1.0,1.0,0.9881704661772021,0.3768936527880778,0.8207604207031789,3.1501975501592785,1.024966494779866
119.0,epoch1_strong_moon,1.0,1.0,0.9881605844725403,0.3768748081054384,0.8210379340385335,3.1520985930258134,1.0252803514419235
119.10000000000001,epoch1_strong_moon,1.0,1.0,0.9881507028666956,0.3768559643650331,0.8213153017182894,3.1539986566560585,1.0255940061966262
119.2,epoch1_strong_moon,1.0,1.0,0.988140821359667,0.37683712156681487,0.8215925237876093,3.155897741423726,1.025907459271808
119.30000000000001,epoch1_strong_moon,1.0,1.0,0.9881309399514534,0.3768182797107365,0.8218696002917135,3.157795847702837,1.0262207108945718
119.4,epoch1_strong_moon,1.0,1.0,0.9881210586420539,0.376799438796751,0.8221465312758796,3.1596929758677206,1.0265337612912926
119.5,epoch1_strong_moon,1.0,1.0,0.9881111774314675,0.37678059882481113,0.8224233167854419,3.161589126293011,1.0268466106876213
119.60000000000001,epoch1_strong_moon,1.0,1.0,0.9881012963196931,0.37676175979486987,0.8226999568657923,3.1634842993536436,1.027159259308487
119.7,epoch1_strong_moon,1.0,1.0,0.98809141530673,0.3767429217068801,0.8229764515623795,3.165378495424855,1.0274717073781008
119.80000000000001,epoch1_strong_moon,1.0,1.0,0.9880815343925768,0.37672408456079476,0.8232528009207088,3.167271714882178,1.0277839551199586
119.9,epoch1_strong_moon,1.0,1.0,0.9880716535772329,0.3767052483565667,0.8235290049863426,3.1691639581014406,1.028096002756844
120.0,epoch1_strong_moon,1.0,1.0,0.9880617728606972,0.3766864130941489,0.8238050638048997,3.171055225458764,1.0284078505108316
120.10000000000001,epoch1_strong_moon,1.0,1.0,0.9880518922429686,0.3766675787734942,0.8240809774220557,3.172945517330559,1.0287194986032904
120.2,epoch1_strong_moon,1.0,1.0,0.9880420117240462,0.37664874539455556,0.8243567458835422,3.1748348340935246,1.029030947254886
120.30000000000001,epoch1_strong_moon,1.0,1.0,0.9880321313039289,0.3766299129572858,0.8246323692351478,3.1767231761246437,1.0293421966855842
120.4,epoch1_strong_moon,1.0,1.0,0.9880222509826159,0.37661108146163796,0.8249078475227168,3.1786105438011836,1.0296532471146544
120.5,epoch1_strong_moon,1.0,1.0,0.9880123707601061,0.3765922509075649,0.8251831807921498,3.1804969375006915,1.0299640987606715
120.60000000000001,epoch1_strong_moon,1.0,1.0,0.9880024906363984,0.3765734212950195,0.8254583690894034,3.182382357600993,1.03027475184152
120.7,epoch1_strong_moon,1.0,1.0,0.9879926106114921,0.37655459262395474,0.82573341246049,3.184266804480189,1.0305852065743966
120.80000000000001,epoch1_strong_moon,1.0,1.0,0.987982730685386,0.37653576489432355,0.8260083109514781,3.186150278516655,1.0308954631758127
120.9,epoch1_strong_moon,1.0,1.0,0.9879728508580792,0.37651693810607884,0.8262830646084914,3.1880327800890367,1.0312055218615983
121.0,epoch1_strong_moon,1.0,1.0,0.9879629711295705,0.3764981122591735,0.8265576734777095,3.1899143095762486,1.0315153828469041
121.10000000000001,epoch1_strong_moon,1.0,1.0,0.9879530914998592,0.37647928735356057,0.8268321376053672,3.1917948673574723,1.0318250463462049
121.2,epoch1_strong_moon,1.0,1.0,0.9879432119689442,0.37646046338919287,0.8271064570377548,3.1936744538121533,1.0321345125733021
121.30000000000001,epoch1_strong_moon,1.0,1.0,0.9879333325368245,0.3764416403660234,0.8273806318212176,3.195553069319999,1.0324437817413274
121.4,epoch1_strong_moon,1.0,1.0,0.9879234532034991,0.3764228182840051,0.827654662002156,3.1974307142609764,1.032752854062745
121.5,epoch1_strong_moon,1.0,1.0,0.9879135739689671,0.37640399714309086,0.8279285476270254,3.1993073890153108,1.0330617297493547
121.60000000000001,epoch1_strong_moon,1.0,1.0,0.9879036948332274,0.3763851769432337,0.8282022887423359,3.2011830939634813,1.0333704090122946
121.7,epoch1_strong_moon,1.0,1.0,0.987893815796279,0.37636635768438653,0.8284758853946524,3.2030578294862213,1.0336788920620446
121.80000000000001,epoch1_strong_moon,1.0,1.0,0.987883936858121,0.37634753936650234,0.8287493376305943,3.204931595964514,1.033987179108428
121.9,epoch1_strong_moon,1.0,1.0,0.9878740580187525,0.376328721989534,0.8290226454968354,3.206804393779591,1.0342952703606163
122.0,epoch1_strong_moon,1.0,1.0,0.9878641792781723,0.3763099055534345,0.8292958090401035,3.208676223312931,1.0346031660271298
122.10000000000001,epoch1_strong_moon,1.0,1.0,0.9878543006363795,0.37629109005815686,0.829568828307181,3.210547084946256,1.034910866315842
122.2,epoch1_strong_moon,1.0,1.0,0.9878444220933731,0.37627227550365394,0.8298417033449041,3.21241697906153,1.0352183714339818
122.30000000000001,epoch1_strong_moon,1.0,1.0,0.9878345436491521,0.37625346188987874,0.830114434200163,3.2142859060409568,1.0355256815881364
122.4,epoch1_strong_moon,1.0,1.0,0.9878246653037156,0.37623464921678423,0.8303870209199014,3.2161538662669784,1.0358327969842542
122.5,epoch1_strong_moon,1.0,1.0,0.9878147870570626,0.3762158374843234,0.8306594635511166,3.2180208601222717,1.0361397178276472
122.60000000000001,epoch1_strong_moon,1.0,1.0,0.987804908909192,0.3761970266924492,0.8309317621408597,3.2198868879897464,1.0364464443229942
122.7,epoch1_strong_moon,1.0,1.0,0.9877950308601029,0.3761782168411146,0.831203916736235,3.221751950252544,1.036752976674343
122.80000000000001,epoch1_strong_moon,1.0,1.0,0.9877851529097943,0.3761594079302725,0.8314759273843996,3.2236160472940347,1.037059315085114
122.9,epoch1_strong_moon,1.0,1.0,0.9877752750582652,0.37614059995987603,0.831747794132564,3.2254791794978157,1.037365459758102
123.0,epoch1_strong_moon,1.0,1.0,0.9877653973055146,0.376121792929878,0.8320195170279915,3.227341347247709,1.0376714108954794
123.10000000000001,epoch1_strong_moon,1.0,1.0,0.9877555196515415,0.3761029868402315,0.8322910961179981,3.2292025509277584,1.037977168698799
123.2,epoch1_strong_moon,1.0,1.0,0.987745642096345,0.37608418169088953,0.8325625314499526,3.23106279092223,1.0382827333689966
123.30000000000001,epoch1_strong_moon,1.0,1.0,0.987735764639924,0.37606537748180496,0.832833823071276,3.2329220676156076,1.038588105106393
123.4,epoch1_strong_moon,1.0,1.0,0.9877258872822776,0.37604657421293086,0.8331049710294416,3.234780381392591,1.038893284110698
123.5,epoch1_strong_moon,1.0,1.0,0.9877160100234048,0.3760277718842202,0.833375975371975,3.236637732638095,1.0391982705810117
123.60000000000001,epoch1_strong_moon,1.0,1.0,0.9877061328633046,0.376008970495626,0.8336468361464539,3.2384941217372467,1.039503064715828
123.7,epoch1_strong_moon,1.0,1.0,0.987696255801976,0.3759901700471012,0.8339175534005073,3.2403495490753835,1.0398076667130374
123.80000000000001,epoch1_strong_moon,1.0,1.0,0.9876863788394179,0.37597137053859886,0.8341881271818167,3.2422040150380513,1.0401120767699286
123.9,epoch1_strong_moon,1.0,1.0,0.9876765019756295,0.3759525719700719,0.8344585575381144,3.244057520011002,1.0404162950831919
124.0,epoch1_strong_moon,1.0,1.0,0.9876666252106098,0.3759337743414734,0.8347288445171845,3.2459100643801917,1.0407203218489218
124.10000000000001,epoch1_strong_moon,1.0,1.0,0.9876567485443577,0.37591497765275633,0.8349989881668625,3.2477616485317795,1.0410241572626193
124.2,epoch1_strong_moon,1.0,1.0,0.9876468719768723,0.3758961819038737,0.8352689885350344,3.2496122728521244,1.0413278015191945
124.30000000000001,epoch1_strong_moon,1.0,1.0,0.9876369955081525,0.3758773870947785,0.8355388456696375,3.251461937727784,1.0416312548129694
124.4,epoch1_strong_moon,1.0,1.0,0.9876271191381975,0.3758585932254238,0.83580855961866,3.253310643545511,1.0419345173376804
124.5,epoch1_strong_moon,1.0,1.0,0.987617242867006,0.3758398002957625,0.8360781304301401,3.2551583906922548,1.0422375892864806
124.60000000000001,epoch1_strong_moon,1.0,1.0,0.9876073666945774,0.3758210083057477,0.8363475581521672,3.257005179555156,1.0425404708519426
124.7,epoch1_strong_moon,1.0,1.0,0.9875974906209104,0.3758022172553324,0.8366168428328805,3.258851010521546,1.0428431622260608
124.80000000000001,epoch1_strong_moon,1.0,1.0,0.9875876146460042,0.37578342714446966,0.8368859845204695,3.2606958839789444,1.043145663600254
124.9,epoch1_strong_moon,1.0,1.0,0.9875777387698578,0.37576463797311244,0.8371549832631735,3.262539800315058,1.0434479751653682
125.0,epoch1_strong_moon,1.0,1.0,0.9875678629924701,0.3757458497412138,0.8374238391092818,3.264382759917779,1.0437500971116789
125.10000000000001,epoch1_strong_moon,1.0,1.0,0.9875579873138401,0.3757270624487267,0.8376925521071331,3.266224763175181,1.0440520296288929
125.2,epoch1_strong_moon,1.0,1.0,0.9875481117339671,0.3757082760956043,0.8379611223051159,3.26806581047552,1.044353772906152
125.30000000000001,epoch1_strong_moon,1.0,1.0,0.9875382362528498,0.3756894906817995,0.8382295497516675,3.2699059022072308,1.0446553271320347
125.4,epoch1_strong_moon,1.0,1.0,0.9875283608704872,0.37567070620726545,0.8384978344952749,3.2717450387589255,1.0449566924945586
125.5,epoch1_strong_moon,1.0,1.0,0.9875184855868785,0.3756519226719551,0.8387659765844737,3.273583220519391,1.0452578691811834
125.60000000000001,epoch1_strong_moon,1.0,1.0,0.9875086104020226,0.3756331400758215,0.8390339760678485,3.2754204478775892,1.0455588573788124
125.7,epoch1_strong_moon,1.0,1.0,0.9874987353159186,0.3756143584188177,0.8393018329940323,3.277256721222652,1.045859657273796
125.80000000000001,epoch1_strong_moon,1.0,1.0,0.9874888603285654,0.37559557770089674,0.8395695474117068,3.279092040943883,1.0461602690519334
125.9,epoch1_strong_moon,1.0,1.0,0.9874789854399622,0.3755767979220117,0.8398371193696017,3.280926407430752,1.0464606928984752
126.0,epoch1_strong_moon,1.0,1.0,0.9874691106501078,0.3755580190821156,0.8401045489164952,3.2827598210728963,1.0467609289981257
126.10000000000001,epoch1_strong_moon,1.0,1.0,0.9874592359590013,0.3755392411811615,0.8403718361012134,3.284592282260118,1.0470609775350455
126.2,epoch1_strong_moon,1.0,1.0,0.9874493613666417,0.37552046421910246,0.8406389809726298,3.286423791382381,1.0473608386928537
126.30000000000001,epoch1_strong_moon,1.0,1.0,0.9874394868730281,0.3755016881958915,0.840905983579666,3.2882543488298106,1.0476605126546301
126.4,epoch1_strong_moon,1.0,1.0,0.9874296124781593,0.37548291311148174,0.8411728439712906,3.290083954992691,1.0479599996029179
126.5,epoch1_strong_moon,1.0,1.0,0.9874197381820345,0.37546413896582614,0.8414395621965198,3.291912610261463,1.0482592997197258
126.60000000000001,epoch1_strong_moon,1.0,1.0,0.9874098639846527,0.3754453657588779,0.8417061383044169,3.293740315026725,1.0485584131865304
126.7,epoch1_strong_moon,1.0,1.0,0.9873999898860129,0.37542659349058993,0.8419725723440917,3.295567069679227,1.0488573401842787
126.80000000000001,epoch1_strong_moon,1.0,1.0,0.987390115886114,0.3754078221609154,0.8422388643647013,3.2973928746098724,1.0491560808933897
126.9,epoch1_strong_moon,1.0,1.0,0.9873802419849552,0.37538905176980736,0.842505014415449,3.299217730209715,1.0494546354937577
127.0,epoch1_strong_moon,1.0,1.0,0.9873703681825353,0.37537028231721886,0.8427710225455846,3.3010416368699564,1.0497530041647538
127.10000000000001,epoch1_strong_moon,1.0,1.0,0.9873604944788535,0.375351513803103,0.8430368888044041,3.302864594981946,1.0500511870852287
127.2,epoch1_strong_moon,1.0,1.0,0.9873506208739088,0.37533274622741286,0.8433026132412496,3.3046866049371775,1.0503491844335147
127.30000000000001,epoch1_strong_moon,1.0,1.0,0.9873407473677001,0.3753139795901015,0.8435681959055089,3.306507667127289,1.0506469963874279
127.4,epoch1_strong_moon,1.0,1.0,0.9873308739602263,0.37529521389112197,0.8438336368466158,3.308327781944059,1.0509446231242705
127.5,epoch1_strong_moon,1.0,1.0,0.9873210006514868,0.3752764491304274,0.8440989361140494,3.3101469497794085,1.0512420648208332
127.60000000000001,epoch1_strong_moon,1.0,1.0,0.9873111274414802,0.3752576853079709,0.8443640937573341,3.3119651710253946,1.0515393216533973
127.7,epoch1_strong_moon,1.0,1.0,0.9873012543302058,0.3752389224237055,0.8446291098260396,3.3137824460742125,1.0518363937977369
127.80000000000001,epoch1_strong_moon,1.0,1.0,0.9872913813176625,0.37522016047758433,0.8448939843697802,3.315598775318192,1.052133281429121
127.9,epoch1_strong_moon,1.0,1.0,0.9872815084038493,0.37520139946956044,0.8451587174382156,3.3174141591497963,1.0524299847223164
128.0,epoch1_strong_moon,1.0,1.0,0.9872716355887653,0.37518263939958696,0.8454233090810496,3.319228597961621,1.0527265038515887
128.1,epoch1_strong_moon,1.0,1.0,0.9872617628724094,0.375163880267617,0.8456877593480305,3.3210420921463917,1.0530228389907053
128.20000000000002,epoch1_strong_moon,1.0,1.0,0.9872518902547807,0.3751451220736036,0.8459520682889512,3.3228546420969622,1.0533189903129374
128.3,epoch1_strong_moon,1.0,1.0,0.9872420177358782,0.37512636481749995,0.8462162359536483,3.324666248206314,1.0536149579910623
128.4,epoch1_strong_moon,1.0,1.0,0.9872321453157008,0.37510760849925906,0.8464802623920024,3.3264769108675525,1.0539107421973652
128.5,epoch1_strong_moon,1.0,1.0,0.9872222729942477,0.3750888531188341,0.8467441476539379,3.3282866304739085,1.0542063431036415
128.6,epoch1_strong_moon,1.0,1.0,0.9872124007715177,0.3750700986761782,0.8470078917894227,3.330095407418734,1.054501760881199
128.70000000000002,epoch1_strong_moon,1.0,1.0,0.98720252864751,0.3750513451712444,0.8472714948484679,3.331903242095502,1.0547969957008605
128.8,epoch1_strong_moon,1.0,1.0,0.9871926566222236,0.3750325926039858,0.8475349568811278,3.333710134897804,1.0550920477329646
128.9,epoch1_strong_moon,1.0,1.0,0.9871827846956573,0.3750138409743556,0.8477982779374998,3.3355160862193496,1.0553869171473693
129.0,epoch1_strong_moon,1.0,1.0,0.9871729128678104,0.3749950902823069,0.8480614580677241,3.3373210964539637,1.055681604113453
129.1,epoch1_strong_moon,1.0,1.0,0.9871630411386817,0.3749763405277928,0.8483244973219833,3.339125165995586,1.055976108800117
129.20000000000002,epoch1_strong_moon,1.0,1.0,0.9871531695082703,0.37495759171076637,0.8485873957505027,3.340928295238268,1.0562704313757878
129.3,epoch1_strong_moon,1.0,1.0,0.9871432979765752,0.3749388438311808,0.8488501534035495,3.3427304845761734,1.056564572008419
129.4,epoch1_strong_moon,1.0,1.0,0.9871334265435954,0.37492009688898925,0.8491127703314333,3.3445317344035757,1.056858530865493
129.5,epoch1_strong_moon,1.0,1.0,0.9871235552093299,0.3749013508841448,0.8493752465845054,3.3463320451148557,1.0571523081140237
129.6,epoch1_strong_moon,1.0,1.0,0.9871136839737779,0.37488260581660054,0.8496375822131588,3.3481314171045016,1.0574459039205582
129.70000000000002,epoch1_strong_moon,1.0,1.0,0.9871038128369382,0.3748638616863097,0.849899777267828,3.3499298507671065,1.0577393184511783
129.8,epoch1_strong_moon,1.0,1.0,0.9870939417988098,0.3748451184932254,0.8501618317989887,3.3517273464973667,1.058032551871504
129.9,epoch1_strong_moon,1.0,1.0,0.9870840708593919,0.3748263762373007,0.8504237458571581,3.3535239046900815,1.0583256043466935
130.0,epoch1_strong_moon,1.0,1.0,0.9870742000186833,0.37480763491848884,0.850685519492894,3.3553195257401502,1.0586184760414472
130.1,epoch1_strong_moon,1.0,1.0,0.9870643292766831,0.3747888945367429,0.850947152756795,3.357114210042572,1.0589111671200084
130.20000000000002,epoch1_strong_moon,1.0,1.0,0.9870544586333904,0.37477015509201606,0.8512086456995004,3.3589079579924426,1.0592036777461658
130.3,epoch1_strong_moon,1.0,1.0,0.987044588088804,0.3747514165842615,0.8514699983716898,3.3607007699849554,1.0594960080832552
130.4,epoch1_strong_moon,1.0,1.0,0.9870347176429232,0.37473267901343227,0.851731210824083,3.3624926464153977,1.0597881582941617
130.5,epoch1_strong_moon,1.0,1.0,0.9870248472957467,0.3747139423794816,0.8519922831074399,3.3642835876791506,1.0600801285413217
130.6,epoch1_strong_moon,1.0,1.0,0.9870149770472737,0.3746952066823626,0.8522532152725601,3.366073594171687,1.0603719189867247
130.70000000000002,epoch1_strong_moon,1.0,1.0,0.9870051068975032,0.3746764719220285,0.852514007370283,3.3678626662885702,1.0606635297919151
130.8,epoch1_strong_moon,1.0,1.0,0.9869952368464342,0.3746577380984324,0.8527746594514872,3.3696508044254525,1.0609549611179947
130.9,epoch1_strong_moon,1.0,1.0,0.9869853668940657,0.3746390052115275,0.8530351715670909,3.3714380089780738,1.061246213125624
131.0,epoch1_strong_moon,1.0,1.0,0.9869754970403968,0.3746202732612669,0.853295543768051,3.3732242803422605,1.0615372859750245
131.1,epoch1_strong_moon,1.0,1.0,0.9869656272854264,0.37460154224760384,0.8535557761053636,3.375009618913924,1.0618281798259803
131.20000000000002,epoch1_strong_moon,1.0,1.0,0.9869557576291536,0.37458281217049144,0.8538158686300634,3.376794025089059,1.0621188948378406
131.3,epoch1_strong_moon,1.0,1.0,0.9869458880715772,0.3745640830298829,0.8540758213932237,3.378577499263742,1.062409431169521
131.4,epoch1_strong_moon,1.0,1.0,0.9869360186126965,0.3745453548257314,0.8543356344459558,3.38036004183413,1.0626997889795053
131.5,epoch1_strong_moon,1.0,1.0,0.9869261492525104,0.37452662755799015,0.8545953078394096,3.38214165319646,1.0629899684258484
131.6,epoch1_strong_moon,1.0,1.0,0.9869162799910179,0.37450790122661226,0.8548548416247727,3.383922333747046,1.0632799696661765
131.70000000000002,epoch1_strong_moon,1.0,1.0,0.9869064108282181,0.37448917583155095,0.8551142358532704,3.3857020838822796,1.0635697928576908
131.8,epoch1_strong_moon,1.0,1.0,0.9868965417641098,0.37447045137275936,0.8553734905761657,3.3874809039986267,1.0638594381571678
131.9,epoch1_strong_moon,1.0,1.0,0.9868866727986921,0.3744517278501907,0.8556326058447591,3.3892587944926276,1.064148905720962
132.0,epoch1_strong_moon,1.0,1.0,0.9868768039319642,0.3744330052637982,0.855891581710388,3.391035755760895,1.064438195705008
132.1,epoch1_strong_moon,1.0,1.0,0.9868669351639249,0.374414283613535,0.8561504182244272,3.392811788200113,1.064727308264821
132.20000000000002,epoch1_strong_moon,1.0,1.0,0.9868570664945733,0.37439556289935433,0.8564091154382879,3.3945868922070352,1.0650162435555
132.3,epoch1_strong_moon,1.0,1.0,0.9868471979239083,0.37437684312120934,0.8566676734034183,3.396361068178484,1.0653050017317292
132.4,epoch1_strong_moon,1.0,1.0,0.986837329451929,0.3743581242790533,0.8569260921713028,3.3981343165113485,1.0655935829477796
132.5,epoch1_strong_moon,1.0,1.0,0.9868274610786345,0.37433940637283936,0.8571843717934622,3.399906637602584,1.065881987357511
132.6,epoch1_strong_moon,1.0,1.0,0.9868175928040237,0.3743206894025207,0.8574425123214534,3.4016780318492112,1.0661702151143733
132.70000000000002,epoch1_strong_moon,1.0,1.0,0.9868077246280956,0.3743019733680506,0.8577005138068691,3.4034484996483134,1.066458266371409
132.8,epoch1_strong_moon,1.0,1.0,0.9867978565508494,0.3742832582693822,0.8579583763013376,3.4052180413970357,1.0667461412812551
132.9,epoch1_strong_moon,1.0,1.0,0.9867879885722839,0.3742645441064687,0.858216099856523,3.4069866574925842,1.0670338399961437
133.0,epoch1_strong_moon,1.0,1.0,0.9867781206923981,0.3742458308792634,0.8584736845241245,3.4087543483322245,1.0673213626679046
133.1,epoch1_strong_moon,1.0,1.0,0.9867682529111912,0.3742271185877194,0.8587311303558766,3.4105211143132808,1.0676087094479672
133.20000000000002,epoch1_strong_moon,1.0,1.0,0.9867583852286621,0.37420840723179,0.8589884374035485,3.412286955833134,1.067895880487362
133.3,epoch1_strong_moon,1.0,1.0,0.9867485176448099,0.3741896968114284,0.8592456057189444,3.41405187328922,1.068182875936722
133.4,epoch1_strong_moon,1.0,1.0,0.9867386501596335,0.3741709873265878,0.8595026353539029,3.4158158670790306,1.0684696959462852
133.5,epoch1_strong_moon,1.0,1.0,0.9867287827731319,0.3741522787772215,0.8597595263602972,3.41757893760011,1.0687563406658953
133.6,epoch1_strong_moon,1.0,1.0,0.9867189154853042,0.37413357116328266,0.8600162787900344,3.4193410852500534,1.0690428102450045
133.70000000000002,epoch1_strong_moon,1.0,1.0,0.9867090482961494,0.3741148644847245,0.8602728926950559,3.421102310426509,1.0693291048326745
133.8,epoch1_strong_moon,1.0,1.0,0.9866991812056664,0.37409615874150026,0.8605293681273368,3.4228626135271725,1.0696152245775783
133.9,epoch1_strong_moon,1.0,1.0,0.9866893142138543,0.3740774539335632,0.8607857051388859,3.4246219949497894,1.0699011696280019
134.0,epoch1_strong_moon,1.0,1.0,0.9866794473207122,0.3740587500608665,0.8610419037817452,3.4263804550921515,1.070186940131846
134.1,epoch1_strong_moon,1.0,1.0,0.986669580526239,0.3740400471233634,0.8612979641079902,3.428137994352096,1.0704725362366283
134.20000000000002,epoch1_strong_moon,1.0,1.0,0.9866597138304337,0.37402134512100726,0.8615538861697294,3.4298946131275065,1.070757958089484
134.3,epoch1_strong_moon,1.0,1.0,0.9866498472332954,0.3740026440537512,0.8618096700191042,3.431650311816308,1.071043205837168
134.4,epoch1_strong_moon,1.0,1.0,0.9866399807348231,0.37398394392154855,0.8620653157082889,3.43340509081647,1.071328279626057
134.5,epoch1_strong_moon,1.0,1.0,0.9866301143350157,0.37396524472435244,0.8623208232894899,3.4351589505260014,1.0716131796021506
134.6,epoch1_strong_moon,1.0,1.0,0.9866202480338724,0.3739465464621162,0.8625761928149462,3.4369118913429517,1.0718979059110731
134.70000000000002,epoch1_strong_moon,1.0,1.0,0.986610381831392,0.3739278491347931,0.862831424336929,3.4386639136654096,1.072182458698075
134.8,epoch1_strong_moon,1.0,1.0,0.9866005157275737,0.3739091527423364,0.8630865179077413,3.4404150178915014,1.072466838108035
134.9,epoch1_strong_moon,1.0,1.0,0.9865906497224164,0.3738904572846993,0.8633414735797178,3.442165204419389,1.0727510442854606
135.0,epoch1_strong_moon,1.0,1.0,0.9865807838159192,0.37387176276183504,0.8635962914052251,3.443914473647271,1.0730350773744917
135.1,epoch1_strong_moon,1.0,1.0,0.986570918008081,0.37385306917369693,0.8638509714366609,3.445662825973379,1.0733189375189
135.20000000000002,epoch1_strong_moon,1.0,1.0,0.986561052298901,0.37383437652023827,0.8641055137264542,3.4474102617959783,1.0736026248620922
135.3,epoch1_strong_moon,1.0,1.0,0.986551186688378,0.37381568480141225,0.864359918327065,3.4491567815133664,1.0738861395471104
135.4,epoch1_strong_moon,1.0,1.0,0.9865413211765112,0.3737969940171722,0.8646141852909844,3.450902385523871,1.0741694817166345
135.5,epoch1_strong_moon,1.0,1.0,0.9865314557632994,0.3737783041674713,0.8648683146707338,3.45264707422585,1.0744526515129835
135.6,epoch1_strong_moon,1.0,1.0,0.9865215904487418,0.3737596152522629,0.8651223065188651,3.45439084801769,1.074735649078117
135.70000000000002,epoch1_strong_moon,1.0,1.0,0.9865117252328373,0.3737409272715003,0.8653761608879608,3.4561337072978042,1.0750184745536369
135.8,epoch1_strong_moon,1.0,1.0,0.9865018601155849,0.3737222402251367,0.8656298778306332,3.457875652464633,1.0753011280807887
135.9,epoch1_strong_moon,1.0,1.0,0.9864919950969838,0.37370355411312545,0.8658834573995247,3.459616683916642,1.0755836098004634
136.0,epoch1_strong_moon,1.0,1.0,0.9864821301770329,0.3736848689354198,0.8661368996473072,3.461356802052321,1.075865919853199
136.1,epoch1_strong_moon,1.0,1.0,0.9864722653557312,0.37366618469197305,0.8663902046266825,3.4630960072701824,1.0761480583791818
136.20000000000002,epoch1_strong_moon,1.0,1.0,0.9864624006330777,0.37364750138273845,0.8666433723903815,3.464834299968761,1.0764300255182477
136.3,epoch1_strong_moon,1.0,1.0,0.9864525360090713,0.3736288190076693,0.8668964029911643,3.4665716805466134,1.0767118214098845
136.4,epoch1_strong_moon,1.0,1.0,0.9864426714837112,0.3736101375667189,0.8671492964818202,3.4683081494023145,1.0769934461932327
136.5,epoch1_strong_moon,1.0,1.0,0.9864328070569964,0.3735914570598406,0.867402052915167,3.4700437069344594,1.0772749000070871
136.6,epoch1_strong_moon,1.0,1.0,0.9864229427289258,0.3735727774869876,0.8676546723440515,3.47177835354166,1.077556182989899
136.70000000000002,epoch1_strong_moon,1.0,1.0,0.9864130784994986,0.37355409884811325,0.8679071548213486,3.4735120896225458,1.0778372952797766
136.8,epoch1_strong_moon,1.0,1.0,0.9864032143687136,0.37353542114317084,0.8681595003999618,3.4752449155757614,1.0781182370144873
136.9,epoch1_strong_moon,1.0,1.0,0.9863933503365699,0.3735167443721137,0.8684117091328224,3.4769768317999667,1.0783990083314587
137.0,epoch1_strong_moon,1.0,1.0,0.9863834864030666,0.3734980685348951,0.8686637810728898,3.4787078386938344,1.0786796093677806
137.1,epoch1_strong_moon,1.0,1.0,0.9863736225682026,0.37347939363146837,0.8689157162731509,3.48043793665605,1.0789600402602058
137.20000000000002,epoch1_strong_moon,1.0,1.0,0.9863637588319769,0.3734607196617868,0.8691675147866205,3.4821671260853106,1.079240301145152
137.3,epoch1_strong_moon,1.0,1.0,0.9863538951943885,0.3734420466258037,0.8694191766663404,3.4838954073803245,1.079520392158703
137.4,epoch1_strong_moon,1.0,1.0,0.9863440316554366,0.3734233745234724,0.8696707019653798,3.485622780939809,1.079800313436611
137.5,epoch1_strong_moon,1.0,1.0,0.9863341682151201,0.37340470335474624,0.8699220907368347,3.48734924716249,1.0800800651142966
137.6,epoch1_strong_moon,1.0,1.0,0.9863243048734379,0.3733860331195785,0.8701733430338282,3.4890748064471007,1.0803596473268509
137.70000000000002,epoch1_strong_moon,1.0,1.0,0.9863144416303892,0.3733673638179225,0.8704244589095098,3.490799459192381,1.0806390602090374
137.8,epoch1_strong_moon,1.0,1.0,0.9863045784859729,0.3733486954497316,0.8706754384170556,3.4925232057970765,1.0809183038952932
137.9,epoch1_strong_moon,1.0,1.0,0.986294715440188,0.3733300280149591,0.870926281609668,3.494246046659937,1.0811973785197295
138.0,epoch1_strong_moon,1.0,1.0,0.9862848524930335,0.37331136151355837,0.8711769885405752,3.495967982179717,1.081476284216134
138.1,epoch1_strong_moon,1.0,1.0,0.9862749896445087,0.3732926959454827,0.8714275592630317,3.497689012755172,1.0817550211179725
138.20000000000002,epoch1_strong_moon,1.0,1.0,0.9862651268946122,0.37327403131068543,0.8716779938303176,3.4994091387850594,1.0820335893583892
138.3,epoch1_strong_moon,1.0,1.0,0.9862552642433433,0.37325536760911987,0.8719282922957385,3.501128360668139,1.082311989070209
138.4,epoch1_strong_moon,1.0,1.0,0.9862454016907009,0.3732367048407394,0.8721784547126255,3.5028466788031682,1.0825902203859386
138.5,epoch1_strong_moon,1.0,1.0,0.986235539236684,0.3732180430054974,0.8724284811343347,3.5045640935889044,1.0828682834377674
138.6,epoch1_strong_moon,1.0,1.0,0.9862256768812916,0.3731993821033471,0.8726783716142474,3.5062806054241022,1.0831461783575702
138.70000000000002,epoch1_strong_moon,1.0,1.0,0.9862158146245228,0.3731807221342419,0.8729281262057699,3.5079962147075134,1.083423905276907
138.8,epoch1_strong_moon,1.0,1.0,0.9862059524663765,0.3731620630981352,0.8731777449623327,3.5097109218378857,1.0837014643270253
138.9,epoch1_strong_moon,1.0,1.0,0.9861960904068519,0.3731434049949803,0.8734272279373912,3.511424727213962,1.083978855638861
139.0,epoch1_strong_moon,1.0,1.0,0.9861862284459478,0.37312474782473054,0.8736765751844252,3.513137631234478,1.08425607934304
139.1,epoch1_strong_moon,1.0,1.0,0.9861763665836634,0.3731060915873393,0.8739257867569383,3.5148496342981645,1.0845331355698797
139.20000000000002,epoch1_strong_moon,1.0,1.0,0.9861665048199976,0.37308743628276,0.8741748627084582,3.5165607368037435,1.08481002444939
139.3,epoch1_strong_moon,1.0,1.0,0.9861566431549493,0.37306878191094583,0.8744238030925365,3.518270939149928,1.0850867461112745
139.4,epoch1_strong_moon,1.0,1.0,0.9861467815885178,0.37305012847185026,0.8746726079627484,3.519980241735422,1.0853633006849324
139.5,epoch1_strong_moon,1.0,1.0,0.9861369201207019,0.3730314759654267,0.8749212773726923,3.521688644958918,1.0856396882994592
139.6,epoch1_strong_moon,1.0,1.0,0.9861270587515006,0.3730128243916284,0.8751698113759903,3.523396149219099,1.0859159090836485
139.70000000000002,epoch1_strong_moon,1.0,1.0,0.9861171974809131,0.37299417375040883,0.8754182100262871,3.525102754914634,1.0861919631659929
139.8,epoch1_strong_moon,1.0,1.0,0.9861073363089383,0.3729755240417213,0.8756664733772507,3.526808462444179,1.0864678506746852
139.9,epoch1_strong_moon,1.0,1.0,0.9860974752355752,0.3729568752655192,0.8759146014825716,3.528513272206377,1.0867435717376206
140.0,epoch1_strong_moon,1.0,1.0,0.9860876142608229,0.3729382274217559,0.8761625943959631,3.5302171845998545,1.087019126482397
140.1,epoch1_strong_moon,1.0,1.0,0.9860777533846803,0.3729195805103848,0.8764104521711609,3.5319202000232233,1.0872945150363165
140.20000000000002,epoch1_strong_moon,1.0,1.0,0.9860678926071464,0.3729009345313593,0.8766581748619225,3.533622318875078,1.087569737526387
140.3,epoch1_strong_moon,1.0,1.0,0.9860580319282204,0.37288228948463276,0.8769057625220281,3.5353235415539968,1.0878447940793232
140.4,epoch1_strong_moon,1.0,1.0,0.9860481713479011,0.37286364537015854,0.8771532152052793,3.537023868458537,1.088119684821548
140.5,epoch1_strong_moon,1.0,1.0,0.9860383108661877,0.37284500218789,0.8774005329654996,3.538723299987239,1.0883944098791933
140.6,epoch1_strong_moon,1.0,1.0,0.986028450483079,0.3728263599377806,0.877647715856534,3.5404218365386217,1.0886689693781022
140.70000000000002,epoch1_strong_moon,1.0,1.0,0.9860185901985742,0.37280771861978373,0.8778947639322489,3.5421194785111836,1.0889433634438292
140.8,epoch1_strong_moon,1.0,1.0,0.9860087300126722,0.37278907823385277,0.8781416772465318,3.543816226303401,1.0892175922016423
140.9,epoch1_strong_moon,1.0,1.0,0.9859988699253721,0.3727704387799411,0.8783884558532914,3.5455120803137277,1.0894916557765233
141.0,epoch1_strong_moon,1.0,1.0,0.9859890099366728,0.3727518002580021,0.8786350998064572,3.5472070409405942,1.0897655542931701
141.1,epoch1_strong_moon,1.0,1.0,0.9859791500465734,0.37273316266798917,0.8788816091599793,3.5489011085824065,1.0900392878759972
141.20000000000002,epoch1_strong_moon,1.0,1.0,0.985969290255073,0.3727145260098558,0.8791279839678283,3.5505942836375453,1.0903128566491371
141.3,epoch1_strong_moon,1.0,1.0,0.9859594305621704,0.37269589028355526,0.8793742242839954,3.5522865665043653,1.0905862607364414
141.4,epoch1_strong_moon,1.0,1.0,0.9859495709678647,0.37267725548904107,0.8796203301624917,3.5539779575811945,1.0908595002614823
141.5,epoch1_strong_moon,1.0,1.0,0.9859397114721551,0.3726586216262666,0.8798663016573486,3.5556684572663335,1.0911325753475534
141.6,epoch1_strong_moon,1.0,1.0,0.9859298520750404,0.37263998869518533,0.880112138822617,3.5573580659580544,1.0914054861176714
141.70000000000002,epoch1_strong_moon,1.0,1.0,0.9859199927765196,0.3726213566957506,0.8803578417123676,3.5590467840545994,1.0916782326945766
141.8,epoch1_strong_moon,1.0,1.0,0.9859101335765919,0.3726027256279158,0.8806034103806909,3.5607346119541816,1.0919508152007351
141.9,epoch1_strong_moon,1.0,1.0,0.9859002744752561,0.3725840954916344,0.8808488448816965,3.562421550054983,1.0922232337583386
142.0,epoch1_strong_moon,1.0,1.0,0.9858904154725113,0.3725654662868598,0.881094145269513,3.5641075987551534,1.092495488489307
142.1,epoch1_strong_moon,1.0,1.0,0.9858805565683566,0.3725468380135455,0.8813393115982884,3.5657927584528113,1.0927675795152885
142.20000000000002,epoch1_strong_moon,1.0,1.0,0.9858706977627909,0.3725282106716448,0.8815843439221892,3.567477029546041,1.093039506957661
142.3,epoch1_strong_moon,1.0,1.0,0.9858608390558132,0.37250958426111125,0.8818292422954009,3.5691604124328933,1.093311270937534
142.4,epoch1_strong_moon,1.0,1.0,0.9858509804474227,0.3724909587818982,0.8820740067721274,3.5708429075113846,1.093582871575749
142.5,epoch1_strong_moon,1.0,1.0,0.9858411219376182,0.3724723342339591,0.8823186374065909,3.572524515179495,1.0938543089928803
142.6,epoch1_strong_moon,1.0,1.0,0.9858312635263988,0.3724537106172474,0.8825631342530317,3.5742052358351697,1.094125583309237
142.70000000000002,epoch1_strong_moon,1.0,1.0,0.9858214052137636,0.37243508793171654,0.8828074973657083,3.575885069876315,1.0943966946448638
142.8,epoch1_strong_moon,1.0,1.0,0.9858115469997115,0.37241646617731994,0.883051726798897,3.5775640177008006,1.0946676431195423
142.9,epoch1_strong_moon,1.0,1.0,0.9858016888842415,0.37239784535401105,0.8832958226068918,3.5792420797064577,1.0949384288527917
143.0,epoch1_strong_moon,1.0,1.0,0.9857918308673527,0.37237922546174335,0.8835397848440043,3.580919256291078,1.0952090519638702
143.1,epoch1_strong_moon,1.0,1.0,0.985781972949044,0.37236060650047026,0.8837836135645635,3.582595547852413,1.095479512571776
143.20000000000002,epoch1_strong_moon,1.0,1.0,0.9857721151293145,0.3723419884701452,0.8840273088229154,3.5842709547881744,1.0957498107952486
143.3,epoch1_strong_moon,1.0,1.0,0.9857622574081633,0.3723233713707217,0.8842708706734231,3.5859454774960304,1.0960199467527696
143.4,epoch1_strong_moon,1.0,1.0,0.9857523997855892,0.37230475520215317,0.884514299170467,3.587619116373609,1.0962899205625645
143.5,epoch1_strong_moon,1.0,1.0,0.9857425422615913,0.3722861399643931,0.8847575943684437,3.5892918718184945,1.0965597323426026
143.6,epoch1_strong_moon,1.0,1.0,0.9857326848361687,0.37226752565739485,0.8850007563217667,3.590963744228227,1.0968293822105992
143.70000000000002,epoch1_strong_moon,1.0,1.0,0.9857228275093204,0.37224891228111195,0.8852437850848657,3.5926347340003026,1.097098870284016
143.8,epoch1_strong_moon,1.0,1.0,0.9857129702810453,0.3722302998354979,0.8854866807121868,3.594304841532173,1.0973681966800628
143.9,epoch1_strong_moon,1.0,1.0,0.9857031131513425,0.3722116883205061,0.8857294432581923,3.5959740672212432,1.0976373615156978
144.0,epoch1_strong_moon,1.0,1.0,0.985693256120211,0.37219307773609006,0.88597207277736,3.597642411464872,1.0979063649076293
144.1,epoch1_strong_moon,1.0,1.0,0.9856833991876498,0.3721744680822033,0.8862145693241841,3.5993098746603702,1.0981752069723165
144.20000000000002,epoch1_strong_moon,1.0,1.0,0.9856735423536579,0.3721558593587992,0.8864569329531738,3.600976457205002,1.0984438878259706
144.3,epoch1_strong_moon,1.0,1.0,0.9856636856182344,0.3721372515658313,0.8866991637188543,3.602642159495982,1.0987124075845558
144.4,epoch1_strong_moon,1.0,1.0,0.9856538289813782,0.37211864470325295,0.8869412616757657,3.6043069819304763,1.0989807663637905
144.5,epoch1_strong_moon,1.0,1.0,0.9856439724430884,0.37210003877101777,0.8871832268784635,3.6059709249056,1.099248964279148
144.6,epoch1_strong_moon,1.0,1.0,0.985634116003364,0.3720814337690792,0.887425059381518,3.6076339888184177,1.0995170014458584
144.70000000000002,epoch1_strong_moon,1.0,1.0,0.985624259662204,0.37206282969739074,0.8876667592395147,3.6092961740659435,1.0997848779789083
144.8,epoch1_strong_moon,1.0,1.0,0.9856144034196074,0.37204422655590585,0.8879083265070532,3.610957481045139,1.100052593993043
144.9,epoch1_strong_moon,1.0,1.0,0.9856045472755732,0.37202562434457803,0.8881497612387481,3.612617910152912,1.1003201496027668
145.0,epoch1_strong_moon,1.0,1.0,0.9855946912301005,0.3720070230633608,0.8883910634892282,3.6142774617861186,1.1005875449223446
145.1,epoch1_strong_moon,1.0,1.0,0.9855848352831882,0.37198842271220767,0.8886322333131367,3.61593613634156,1.1008547800658022
145.20000000000002,epoch1_strong_moon,1.0,1.0,0.9855749794348354,0.37196982329107203,0.8888732707651306,3.617593934215982,1.1011218551469282
145.3,epoch1_strong_moon,1.0,1.0,0.985565123685041,0.3719512247999075,0.8891141758998808,3.6192508558060767,1.1013887702792742
145.4,epoch1_strong_moon,1.0,1.0,0.9855552680338041,0.3719326272386675,0.8893549487720723,3.6209069015084787,1.1016555255761564
145.5,epoch1_strong_moon,1.0,1.0,0.9855454124811238,0.37191403060730555,0.8895955894364035,3.6225620717197664,1.101922121150656
145.6,epoch1_strong_moon,1.0,1.0,0.985535557026999,0.3718954349057752,0.8898360979475861,3.624216366836461,1.102188557115621
145.70000000000002,epoch1_strong_moon,1.0,1.0,0.9855257016714287,0.37187684013402994,0.8900764743603453,3.6258697872550254,1.1024548335836661
145.8,epoch1_strong_moon,1.0,1.0,0.985515846414412,0.37185824629202324,0.8903167187294195,3.6275223333718642,1.102720950667175
145.9,epoch1_strong_moon,1.0,1.0,0.9855059912559478,0.37183965337970865,0.89055683110956,3.6291740055833226,1.1029869084783
146.0,epoch1_strong_moon,1.0,1.0,0.9854961361960353,0.3718210613970397,0.8907968115555308,3.630824804285686,1.1032527071289642
146.1,epoch1_strong_moon,1.0,1.0,0.9854862812346733,0.37180247034396985,0.891036660122109,3.632474729875179,1.1035183467308616
146.20000000000002,epoch1_strong_moon,1.0,1.0,0.985476426371861,0.37178388022045267,0.891276376864084,3.6341237827479658,1.1037838273954585
146.3,epoch1_strong_moon,1.0,1.0,0.9854665716075972,0.3717652910264416,0.8915159618362575,3.6357719633001477,1.1040491492339943
146.4,epoch1_strong_moon,1.0,1.0,0.9854567169418811,0.3717467027618903,0.8917554150934436,3.6374192719277647,1.1043143123574828
146.5,epoch1_strong_moon,1.0,1.0,0.9854468623747117,0.3717281154267522,0.8919947366904686,3.6390657090267933,1.1045793168767124
146.6,epoch1_strong_moon,1.0,1.0,0.9854370079060879,0.37170952902098087,0.8922339266821706,3.640711274993146,1.1048441629022476
146.70000000000002,epoch1_strong_moon,1.0,1.0,0.9854271535360088,0.3716909435445298,0.8924729851233996,3.6423559702226718,1.1051088505444302
146.8,epoch1_strong_moon,1.0,1.0,0.9854172992644735,0.37167235899735257,0.8927119120690171,3.6439997951111542,1.1053733799133796
146.9,epoch1_strong_moon,1.0,1.0,0.9854074450914809,0.3716537753794027,0.8929507075738964,3.645642750054312,1.105637751118994
147.0,epoch1_strong_moon,1.0,1.0,0.9853975910170301,0.3716351926906337,0.8931893716929219,3.6472848354477976,1.105901964270952
147.1,epoch1_strong_moon,1.0,1.0,0.9853877370411199,0.3716166109309992,0.8934279044809894,3.6489260516871966,1.1061660194787117
147.20000000000002,epoch1_strong_moon,1.0,1.0,0.9853778831637495,0.3715980301004526,0.8936663059930058,3.650566399168028,1.106429916851514
147.3,epoch1_strong_moon,1.0,1.0,0.9853680293849179,0.3715794501989476,0.8939045762838888,3.652205878285742,1.1066936564983814
147.4,epoch1_strong_moon,1.0,1.0,0.985358175704624,0.37156087122643766,0.8941427154085669,3.653844489435721,1.1069572385281203
147.5,epoch1_strong_moon,1.0,1.0,0.9853483221228669,0.37154229318287635,0.8943807234219795,3.655482233013279,1.1072206630493215
147.6,epoch1_strong_moon,1.0,1.0,0.9853384686396457,0.3715237160682172,0.8946186003790761,3.6571191094136593,1.1074839301703607
147.70000000000002,epoch1_strong_moon,1.0,1.0,0.9853286152549593,0.3715051398824138,0.894856346334817,3.658755119032036,1.1077470399994003
147.8,epoch1_strong_moon,1.0,1.0,0.9853187619688067,0.3714865646254197,0.8950939613441724,3.6603902622635123,1.1080099926443892
147.9,epoch1_strong_moon,1.0,1.0,0.985308908781187,0.3714679902971884,0.8953314454621226,3.6620245395031197,1.1082727882130645
148.0,epoch1_strong_moon,1.0,1.0,0.9852990556920992,0.3714494168976736,0.895568798743658,3.6636579511458183,1.1085354268129524
148.1,epoch1_strong_moon,1.0,1.0,0.9852892027015423,0.3714308444268287,0.8958060212437787,3.6652904975864957,1.1087979085513682
148.20000000000002,epoch1_strong_moon,1.0,1.0,0.9852793498095153,0.3714122728846074,0.8960431130174945,3.6669221792199664,1.1090602335354183
148.3,epoch1_strong_moon,1.0,1.0,0.9852694970160172,0.37139370227096313,0.8962800741198246,3.6685529964409715,1.1093224018720005
148.4,epoch1_strong_moon,1.0,1.0,0.9852596443210471,0.3713751325858496,0.8965169046057976,3.6701829496441785,1.1095844136678046
148.5,epoch1_strong_moon,1.0,1.0,0.9852497917246038,0.3713565638292203,0.8967536045304515,3.67181203922418,1.109846269029314
148.6,epoch1_strong_moon,1.0,1.0,0.9852399392266865,0.3713379960010288,0.8969901739488332,3.673440265575493,1.1101079680628063
148.70000000000002,epoch1_strong_moon,1.0,1.0,0.9852300868272943,0.3713194291012287,0.8972266129159987,3.6750676290925592,1.1103695108743534
148.8,epoch1_strong_moon,1.0,1.0,0.985220234526426,0.3713008631297737,0.8974629214870127,3.6766941301697442,1.1106308975698238
148.9,epoch1_strong_moon,1.0,1.0,0.9852103823240808,0.37128229808661717,0.8976990997169486,3.678319769201337,1.1108921282548818
149.0,epoch1_strong_moon,1.0,1.0,0.9852005302202576,0.37126373397171286,0.8979351476608884,3.6799445465815483,1.11115320303499
149.1,epoch1_strong_moon,1.0,1.0,0.9851906782149553,0.3712451707850143,0.8981710653739226,3.6815684627045124,1.1114141220154088
149.20000000000002,epoch1_strong_moon,1.0,1.0,0.9851808263081732,0.37122660852647504,0.8984068529111496,3.6831915179642842,1.111674885301198
149.3,epoch1_strong_moon,1.0,1.0,0.9851709744999101,0.3712080471960487,0.8986425103276764,3.6848137127548397,1.1119354929972172
149.4,epoch1_strong_moon,1.0,1.0,0.9851611227901651,0.3711894867936889,0.8988780376786176,3.686435047470076,1.1121959452081271
149.5,epoch1_strong_moon,1.0,1.0,0.9851512711789372,0.3711709273193492,0.899113435019096,3.6880555225038107,1.11245624203839
149.6,epoch1_strong_moon,1.0,1.0,0.9851414196662254,0.37115236877298324,0.8993487024042418,3.68967513824978,1.1127163835922709
149.70000000000002,epoch1_strong_moon,1.0,1.0,0.9851315682520287,0.3711338111545446,0.899583839889193,3.6912938951016394,1.1129763699738378
149.8,epoch1_strong_moon,1.0,1.0,0.9851217169363462,0.37111525446398685,0.899818847529095,3.6929117934529634,1.1132362012869628
149.9,epoch1_strong_moon,1.0,1.0,0.9851118657191769,0.37109669870126366,0.9000537253791006,3.694528833697244,1.1134958776353232
150.0,epoch1_strong_moon,1.0,1.0,0.9851020146005197,0.3710781438663286,0.9002884734943696,3.696145016227891,1.113755399122402
150.1,epoch1_strong_moon,1.0,1.0,0.9850921635803737,0.3710595899591353,0.9005230919300691,3.697760341438231,1.114014765851489
150.20000000000002,epoch1_strong_moon,1.0,1.0,0.9850823126587378,0.37104103697963736,0.9007575807413729,3.6993748097215082,1.1142739779256807
150.3,epoch1_strong_moon,1.0,1.0,0.9850724618356113,0.3710224849277884,0.9009919399834617,3.700988421470881,1.1145330354478824
150.4,epoch1_strong_moon,1.0,1.0,0.9850626111109929,0.371003933803542,0.9012261697115229,3.702601177079425,1.114791938520808
150.5,epoch1_strong_moon,1.0,1.0,0.9850527604848818,0.37098538360685185,0.9014602699807504,3.70421307694013,1.1150506872469816
150.6,epoch1_strong_moon,1.0,1.0,0.985042909957277,0.3709668343376715,0.9016942408463444,3.7058241214459007,1.1153092817287373
150.70000000000002,epoch1_strong_moon,1.0,1.0,0.9850330595281773,0.37094828599595464,0.9019280823635115,3.7074343109895556,1.1155677220682207
150.8,epoch1_strong_moon,1.0,1.0,0.985023209197582,0.37092973858165484,0.9021617945874645,3.709043645963827,1.1158260083673899
150.9,epoch1_strong_moon,1.0,1.0,0.98501335896549,0.3709111920947258,0.9023953775734219,3.7106521267613606,1.116084140728015
151.0,epoch1_strong_moon,1.0,1.0,0.9850035088319004,0.37089264653512105,0.9026288313766084,3.712259753774714,1.116342119251681
151.1,epoch1_strong_moon,1.0,1.0,0.984993658796812,0.3708741019027943,0.9028621560522544,3.7138665273963585,1.116599944039786
151.20000000000002,epoch1_strong_moon,1.0,1.0,0.9849838088602241,0.37085555819769916,0.9030953516555957,3.715472448018675,1.1168576151935443
151.3,epoch1_strong_moon,1.0,1.0,0.9849739590221355,0.3708370154197893,0.9033284182418739,3.7170775160339575,1.1171151328139857
151.4,epoch1_strong_moon,1.0,1.0,0.9849641092825453,0.3708184735690183,0.9035613558663359,3.7186817318344096,1.1173724970019565
151.5,epoch1_strong_moon,1.0,1.0,0.9849542596414524,0.37079993264533984,0.9037941645842336,3.7202850958121463,1.117629707858121
151.6,epoch1_strong_moon,1.0,1.0,0.984944410098856,0.3707813926487076,0.9040268444508243,3.721887608359191,1.1178867654829614
151.70000000000002,epoch1_strong_moon,1.0,1.0,0.984934560654755,0.3707628535790751,0.90425939552137,3.7234892698674784,1.118143669976779
151.8,epoch1_strong_moon,1.0,1.0,0.9849247113091485,0.3707443154363962,0.9044918178511381,3.725090080728851,1.1184004214396945
151.9,epoch1_strong_moon,1.0,1.0,0.9849148620620354,0.37072577822062436,0.9047241114954001,3.7266900413350594,1.1186570199716495
152.0,epoch1_strong_moon,1.0,1.0,0.9849050129134148,0.37070724193171334,0.9049562765094326,3.7282891520777635,1.1189134656724062
152.1,epoch1_strong_moon,1.0,1.0,0.9848951638632857,0.3706887065696168,0.9051883129485163,3.72988741334853,1.1191697586415494
152.20000000000002,epoch1_strong_moon,1.0,1.0,0.9848853149116471,0.3706701721342883,0.9054202208679366,3.7314848255388324,1.1194258989784862
152.3,epoch1_strong_moon,1.0,1.0,0.984875466058498,0.3706516386256816,0.905652000322983,3.7330813890400525,1.119681886782447
152.4,epoch1_strong_moon,1.0,1.0,0.9848656173038374,0.3706331060437503,0.9058836513689491,3.734677104243477,1.1199377221524862
152.5,epoch1_strong_moon,1.0,1.0,0.9848557686476643,0.37061457438844814,0.9061151740611325,3.7362719715402988,1.1201934051874833
152.6,epoch1_strong_moon,1.0,1.0,0.9848459200899778,0.3705960436597287,0.9063465684548347,3.737865991321616,1.1204489359861434
152.70000000000002,epoch1_strong_moon,1.0,1.0,0.9848360716307769,0.3705775138575457,0.9065778346053611,3.7394591639784327,1.1207043146469973
152.8,epoch1_strong_moon,1.0,1.0,0.9848262232700606,0.37055898498185286,0.9068089725680205,3.7410514899016567,1.1209595412684035
152.9,epoch1_strong_moon,1.0,1.0,0.9848163750078279,0.37054045703260374,0.9070399823981253,3.7426429694821004,1.1212146159485474
153.0,epoch1_strong_moon,1.0,1.0,0.9848065268440779,0.3705219300097521,0.9072708641509915,3.7442336031104797,1.1214695387854436
153.1,epoch1_strong_moon,1.0,1.0,0.9847966787788094,0.3705034039132516,0.9075016178819378,3.7458233911774137,1.1217243098769352
153.20000000000002,epoch1_strong_moon,1.0,1.0,0.9847868308120216,0.3704848787430559,0.9077322436462868,3.7474123340734247,1.121978929320695
153.3,epoch1_strong_moon,1.0,1.0,0.9847769829437134,0.37046635449911874,0.9079627414993635,3.749000432188937,1.1222333972142264
153.4,epoch1_strong_moon,1.0,1.0,0.9847671351738839,0.3704478311813938,0.9081931114964962,3.750587685914278,1.1224877136548643
153.5,epoch1_strong_moon,1.0,1.0,0.9847572875025322,0.3704293087898347,0.9084233536930159,3.7521740956396763,1.122741878739775
153.60000000000002,epoch1_strong_moon,1.0,1.0,0.9847474399296572,0.3704107873243952,0.9086534681442562,3.753759661755261,1.1229958925659573
153.70000000000002,epoch1_strong_moon,1.0,1.0,0.9847375924552579,0.37039226678502896,0.9088834549055533,3.755344384651063,1.1232497552302436
153.8,epoch1_strong_moon,1.0,1.0,0.9847277450793334,0.3703737471716897,0.9091133140322459,3.756928264717013,1.1235034668293
153.9,epoch1_strong_moon,1.0,1.0,0.9847178978018826,0.3703552284843311,0.909343045579675,3.7585113023429426,1.123757027459627
154.0,epoch1_strong_moon,1.0,1.0,0.9847080506229046,0.3703367107229069,0.9095726496031838,3.7600934979185823,1.12401043721756
154.10000000000002,epoch1_strong_moon,1.0,1.0,0.9846982035423983,0.37031819388737075,0.9098021261581176,3.761674851833562,1.1242636961992714
154.20000000000002,epoch1_strong_moon,1.0,1.0,0.9846883565603629,0.3702996779776764,0.9100314752998236,3.763255364477411,1.124516804500769
154.3,epoch1_strong_moon,1.0,1.0,0.9846785096767973,0.3702811629937775,0.910260697083651,3.7648350362395564,1.1247697622178983
154.4,epoch1_strong_moon,1.0,1.0,0.9846686628917005,0.3702626489356278,0.9104897915649507,3.766413867509324,1.1250225694463427
154.5,epoch1_strong_moon,1.0,1.0,0.9846588162050716,0.37024413580318105,0.9107187587990752,3.767991858675937,1.1252752262816241
154.60000000000002,epoch1_strong_moon,1.0,1.0,0.9846489696169095,0.3702256235963909,0.9109475988413785,3.769569010128516,1.1255277328191036
154.70000000000002,epoch1_strong_moon,1.0,1.0,0.9846391231272134,0.3702071123152111,0.9111763117472162,3.7711453222560785,1.1257800891539818
154.8,epoch1_strong_moon,1.0,1.0,0.9846292767359821,0.3701886019595953,0.9114048975719451,3.7727207954475386,1.1260322953813002
154.9,epoch1_strong_moon,1.0,1.0,0.9846194304432148,0.37017009252949734,0.911633356370923,3.774295430091707,1.1262843515959415
155.0,epoch1_strong_moon,1.0,1.0,0.9846095842489103,0.37015158402487086,0.911861688199509,3.7758692265772895,1.12653625789263
155.10000000000002,epoch1_strong_moon,1.0,1.0,0.9845997381530678,0.3701330764456696,0.912089893113063,3.777442185292888,1.1267880143659321
155.20000000000002,epoch1_strong_moon,1.0,1.0,0.9845898921556863,0.3701145697918473,0.9123179711669458,3.779014306626999,1.1270396211102576
155.3,epoch1_strong_moon,1.0,1.0,0.9845800462567647,0.3700960640633577,0.9125459224165191,3.780585590968014,1.12729107821986
155.4,epoch1_strong_moon,1.0,1.0,0.9845702004563021,0.37007755926015456,0.9127737469171451,3.782156038704219,1.1275423857888367
155.5,epoch1_strong_moon,1.0,1.0,0.9845603547542975,0.3700590553821916,0.9130014447241863,3.783725650223794,1.1277935439111304
155.60000000000002,epoch1_strong_moon,1.0,1.0,0.9845505091507499,0.37004055242942246,0.9132290158930061,3.7852944259148122,1.1280445526805292
155.70000000000002,epoch1_strong_moon,1.0,1.0,0.9845406636456584,0.370022050401801,0.9134564604789677,3.7868623661652405,1.1282954121906674
155.8,epoch1_strong_moon,1.0,1.0,0.9845308182390219,0.37000354929928087,0.9136837785374348,3.7884294713629387,1.128546122535026
155.9,epoch1_strong_moon,1.0,1.0,0.9845209729308395,0.3699850491218159,0.9139109701237711,3.789995741895659,1.1287966838069334
156.0,epoch1_strong_moon,1.0,1.0,0.9845111277211102,0.3699665498693598,0.9141380352933403,3.7915611781510457,1.1290470960995662
156.10000000000002,epoch1_strong_moon,1.0,1.0,0.9845012826098329,0.36994805154186633,0.9143649741015059,3.7931257805166356,1.1292973595059494
156.20000000000002,epoch1_strong_moon,1.0,1.0,0.9844914375970069,0.36992955413928924,0.9145917866036312,3.7946895493798567,1.1295474741189573
156.3,epoch1_strong_moon,1.0,1.0,0.9844815926826309,0.3699110576615823,0.914818472855079,3.796252485128028,1.1297974400313138
156.4,epoch1_strong_moon,1.0,1.0,0.9844717478667041,0.3698925621086992,0.915045032911212,3.797814588148359,1.1300472573355935
156.5,epoch1_strong_moon,1.0,1.0,0.9844619031492254,0.36987406748059376,0.915271466827392,3.799375858827951,1.1302969261242222
156.60000000000002,epoch1_strong_moon,1.0,1.0,0.9844520585301939,0.3698555737772197,0.9154977746589804,3.800936297553794,1.1305464464894766
156.70000000000002,epoch1_strong_moon,1.0,1.0,0.9844422140096086,0.36983708099853085,0.9157239564613376,3.802495904712769,1.1307958185234863
156.8,epoch1_strong_moon,1.0,1.0,0.9844323695874685,0.3698185891444809,0.9159500122898233,3.804054680691646,1.1310450423182332
156.9,epoch1_strong_moon,1.0,1.0,0.9844225252637726,0.3698000982150237,0.916175942199796,3.805612625877084,1.1312941179655531
157.0,epoch1_strong_moon,1.0,1.0,0.98441268103852,0.3697816082101129,0.9164017462466134,3.807169740655631,1.1315430455571351
157.10000000000002,epoch1_strong_moon,1.0,1.0,0.9844028369117096,0.3697631191297024,0.9166274244856318,3.808726025413724,1.1317918251845234
157.20000000000002,epoch1_strong_moon,1.0,1.0,0.9843929928833405,0.3697446309737459,0.9168529769722064,3.8102814805376872,1.132040456939117
157.3,epoch1_strong_moon,1.0,1.0,0.9843831489534116,0.3697261437421972,0.9170784037616907,3.8118361064137334,1.1322889409121706
157.4,epoch1_strong_moon,1.0,1.0,0.9843733051219221,0.3697076574350101,0.917303704909437,3.813389903427963,1.1325372771947952
157.5,epoch1_strong_moon,1.0,1.0,0.9843634613888709,0.36968917205213836,0.917528880470796,3.8149428719663634,1.1327854658779588
157.60000000000002,epoch1_strong_moon,1.0,1.0,0.984353617754257,0.3696706875935358,0.9177539305011163,3.8164950124148085,1.1330335070524866
157.70000000000002,epoch1_strong_moon,1.0,1.0,0.9843437742180795,0.3696522040591561,0.9179788550557453,3.8180463251590595,1.1332814008090617
157.8,epoch1_strong_moon,1.0,1.0,0.9843339307803374,0.3696337214489532,0.918203654190028,3.819596810584764,1.1335291472382258
157.9,epoch1_strong_moon,1.0,1.0,0.9843240874410296,0.36961523976288074,0.9184283279593077,3.8211464690774544,1.1337767464303798
158.0,epoch1_strong_moon,1.0,1.0,0.9843142442001552,0.3695967590008926,0.9186528764189255,3.82269530102255,1.1340241984757842
158.10000000000002,epoch1_strong_moon,1.0,1.0,0.9843044010577132,0.36957827916294256,0.9188772996242202,3.824243306805355,1.1342715034645594
158.20000000000002,epoch1_strong_moon,1.0,1.0,0.9842945580137027,0.36955980024898444,0.9191015976305283,3.8257904868110586,1.134518661486687
158.3,epoch1_strong_moon,1.0,1.0,0.9842847150681225,0.369541322258972,0.9193257704931843,3.827336841424735,1.1347656726320092
158.4,epoch1_strong_moon,1.0,1.0,0.9842748722209719,0.36952284519285905,0.9195498182675197,3.8288823710313427,1.1350125369902309
158.5,epoch1_strong_moon,1.0,1.0,0.9842650294722497,0.3695043690505994,0.9197737410088637,3.8304270760157237,1.1352592546509186
158.60000000000002,epoch1_strong_moon,1.0,1.0,0.984255186821955,0.36948589383214686,0.9199975387725426,3.8319709567626052,1.1355058257035022
158.70000000000002,epoch1_strong_moon,1.0,1.0,0.9842453442700868,0.36946741953745527,0.9202212116138802,3.833514013656597,1.1357522502372748
158.8,epoch1_strong_moon,1.0,1.0,0.9842355018166441,0.3694489461664784,0.9204447595881969,3.8350562470821923,1.1359985283413936
158.9,epoch1_strong_moon,1.0,1.0,0.9842256594616259,0.36943047371917004,0.9206681827508107,3.8365976574237677,1.1362446601048803
159.0,epoch1_strong_moon,1.0,1.0,0.9842158172050313,0.3694120021954841,0.9208914811570363,3.838138245065582,1.1364906456166215
159.10000000000002,epoch1_strong_moon,1.0,1.0,0.9842059750468592,0.3693935315953743,0.9211146548621851,3.839678010391776,1.1367364849653696
159.20000000000002,epoch1_strong_moon,1.0,1.0,0.9841961329871087,0.36937506191879454,0.9213377039215653,3.841216953786374,1.136982178239743
159.3,epoch1_strong_moon,1.0,1.0,0.9841862910257788,0.36935659316569863,0.9215606283904818,3.8427550756332813,1.1372277255282266
159.4,epoch1_strong_moon,1.0,1.0,0.9841764491628685,0.3693381253360403,0.921783428324236,3.844292376316284,1.1374731269191727
159.5,epoch1_strong_moon,1.0,1.0,0.9841666073983769,0.36931965842977355,0.9220061037781256,3.8458288562190512,1.137718382500801
159.60000000000002,epoch1_strong_moon,1.0,1.0,0.9841567657323029,0.36930119244685206,0.9222286548074451,3.8473645157251313,1.1379634923611996
159.70000000000002,epoch1_strong_moon,1.0,1.0,0.9841469241646456,0.3692827273872297,0.9224510814674847,3.8488993552179545,1.1382084565883253
159.8,epoch1_strong_moon,1.0,1.0,0.9841370826954039,0.36926426325086037,0.922673383813531,3.8504333750808306,1.1384532752700036
159.9,epoch1_strong_moon,1.0,1.0,0.984127241324577,0.3692458000376978,0.9228955619008669,3.8519665756969506,1.1386979484939304
160.0,epoch1_strong_moon,1.0,1.0,0.9841174000521637,0.3692273377476959,0.9231176157847708,3.8534989574493848,1.1389424763476712
160.10000000000002,epoch1_strong_moon,1.0,1.0,0.9841075588781633,0.3692088763808085,0.9233395455205174,3.855030520721083,1.1391868589186627
160.20000000000002,epoch1_strong_moon,1.0,1.0,0.9840977178025745,0.3691904159369895,0.9235613511633771,3.8565612658948742,1.1394310962942125
160.3,epoch1_strong_moon,1.0,1.0,0.9840878768253964,0.3691719564161926,0.9237830327686158,3.858091193353467,1.1396751885615002
160.4,epoch1_strong_moon,1.0,1.0,0.9840780359466282,0.3691534978183718,0.9240045903914954,3.8596203034794487,1.1399191358075773
160.5,epoch1_strong_moon,1.0,1.0,0.9840681951662688,0.3691350401434809,0.9242260240872728,3.861148596655285,1.140162938119368
160.60000000000002,epoch1_strong_moon,1.0,1.0,0.9840583544843171,0.36911658339147374,0.9244473339112009,3.8626760732633207,1.1404065955836702
160.70000000000002,epoch1_strong_moon,1.0,1.0,0.9840485139007723,0.36909812756230415,0.9246685199185275,3.864202733685777,1.1406501082871547
160.8,epoch1_strong_moon,1.0,1.0,0.9840386734156333,0.369079672655926,0.9248895821644959,3.8657285783047546,1.1408934763163672
160.9,epoch1_strong_moon,1.0,1.0,0.9840288330288992,0.3690612186722932,0.9251105207043444,3.86725360750223,1.1411366997577275
161.0,epoch1_strong_moon,1.0,1.0,0.9840189927405689,0.36904276561135957,0.9253313355933066,3.868777821660059,1.1413797786975308
161.10000000000002,epoch1_strong_moon,1.0,1.0,0.9840091525506415,0.369024313473079,0.9255520268866109,3.8703012211599725,1.141622713221948
161.20000000000002,epoch1_strong_moon,1.0,1.0,0.983999312459116,0.36900586225740534,0.9257725946394806,3.87182380638358,1.141865503417026
161.3,epoch1_strong_moon,1.0,1.0,0.9839894724659914,0.36898741196429247,0.9259930389071339,3.8733455777123655,1.142108149368688
161.4,epoch1_strong_moon,1.0,1.0,0.9839796325712667,0.36896896259369427,0.9262133597447838,3.874866535527691,1.1423506511627346
161.5,epoch1_strong_moon,1.0,1.0,0.983969792774941,0.36895051414556457,0.9264335572076378,3.876386680210794,1.142593008884844
161.60000000000002,epoch1_strong_moon,1.0,1.0,0.9839599530770132,0.3689320666198573,0.9266536313508978,3.8779060121427875,1.1428352226205718
161.70000000000002,epoch1_strong_moon,1.0,1.0,0.9839501134774824,0.3689136200165263,0.9268735822297607,3.8794245317046605,1.1430772924553527
161.8,epoch1_strong_moon,1.0,1.0,0.9839402739763476,0.36889517433552543,0.9270934098994171,3.8809422392772768,1.1433192184745
161.9,epoch1_strong_moon,1.0,1.0,0.9839304345736078,0.36887672957680867,0.9273131144150525,3.8824591352413758,1.1435610007632062
162.0,epoch1_strong_moon,1.0,1.0,0.9839205952692621,0.3688582857403298,0.9275326958318462,3.8839752199775712,1.143802639406544
162.10000000000002,epoch1_strong_moon,1.0,1.0,0.9839107560633095,0.36883984282604276,0.9277521542049717,3.8854904938663517,1.144044134489466
162.20000000000002,epoch1_strong_moon,1.0,1.0,0.9839009169557489,0.36882140083390147,0.9279714895895967,3.8870049572880805,1.1442854860968061
162.3,epoch1_strong_moon,1.0,1.0,0.9838910779465794,0.3688029597638598,0.9281907020408829,3.8885186106229943,1.144526694313279
162.4,epoch1_strong_moon,1.0,1.0,0.9838812390357999,0.3687845196158716,0.9284097916139856,3.8900314542512042,1.144767759223481
162.5,epoch1_strong_moon,1.0,1.0,0.9838714002234096,0.36876608038989084,0.9286287583640541,3.891543488552695,1.1450086809118907
162.60000000000002,epoch1_strong_moon,1.0,1.0,0.9838615615094073,0.36874764208587135,0.9288476023462313,3.893054713907325,1.145249459462869
162.70000000000002,epoch1_strong_moon,1.0,1.0,0.9838517228937922,0.3687292047037671,0.9290663236156538,3.8945651306948252,1.1454900949606601
162.8,epoch1_strong_moon,1.0,1.0,0.9838418843765633,0.3687107682435319,0.9292849222274516,3.8960747392948,1.1457305874893915
162.9,epoch1_strong_moon,1.0,1.0,0.9838320459577196,0.3686923327051197,0.9295033982367484,3.8975835400867265,1.1459709371330744
163.0,epoch1_strong_moon,1.0,1.0,0.98382220763726,0.36867389808848444,0.9297217516986612,3.8990915334499543,1.1462111439756044
163.10000000000002,epoch1_strong_moon,1.0,1.0,0.9838123694151837,0.36865546439358,0.9299399826683002,3.9005987197637055,1.146451208100762
163.20000000000002,epoch1_strong_moon,1.0,1.0,0.9838025312914895,0.3686370316203603,0.930158091200769,3.9021050994070743,1.1466911295922129
163.3,epoch1_strong_moon,1.0,1.0,0.9837926932661766,0.3686185997687793,0.930376077351164,3.9036106727590267,1.1469309085335082
163.4,epoch1_strong_moon,1.0,1.0,0.9837828553392439,0.3686001688387909,0.930593941174575,3.9051154401984007,1.1471705450080851
163.5,epoch1_strong_moon,1.0,1.0,0.9837730175106906,0.36858173883034895,0.9308116827260845,3.906619402103905,1.1474100390992674
163.60000000000002,epoch1_strong_moon,1.0,1.0,0.9837631797805154,0.36856330974340745,0.9310293020607683,3.90812255885412,1.1476493908902656
163.70000000000002,epoch1_strong_moon,1.0,1.0,0.9837533421487176,0.36854488157792026,0.9312467992336946,3.909624910827498,1.147888600464178
163.8,epoch1_strong_moon,1.0,1.0,0.983743504615296,0.36852645433384135,0.9314641742999246,3.9111264584023604,1.1481276679039898
163.9,epoch1_strong_moon,1.0,1.0,0.9837336671802499,0.36850802801112464,0.931681427314512,3.9126272019569006,1.148366593292575
164.0,epoch1_strong_moon,1.0,1.0,0.9837238298435781,0.3684896026097241,0.9318985583325031,3.914127141869182,1.1486053767126962
164.10000000000002,epoch1_strong_moon,1.0,1.0,0.9837139926052797,0.36847117812959357,0.932115567408937,3.915626278517138,1.1488440182470046
164.20000000000002,epoch1_strong_moon,1.0,1.0,0.9837041554653536,0.3684527545706871,0.9323324545988448,3.917124612278572,1.149082517978041
164.3,epoch1_strong_moon,1.0,1.0,0.983694318423799,0.36843433193295855,0.9325492199572503,3.9186221435311586,1.1493208759882363
164.4,epoch1_strong_moon,1.0,1.0,0.9836844814806147,0.3684159102163619,0.9327658635391692,3.9201188726524396,1.1495590923599113
164.5,epoch1_strong_moon,1.0,1.0,0.9836746446357999,0.36839748942085104,0.9329823853996099,3.921614800019828,1.1497971671752774
164.60000000000002,epoch1_strong_moon,1.0,1.0,0.9836648078893535,0.36837906954638,0.9331987855935725,3.9231099260106057,1.1500351005164373
164.70000000000002,epoch1_strong_moon,1.0,1.0,0.9836549712412747,0.3683606505929027,0.9334150641760494,3.9246042510019232,1.1502728924653849
164.8,epoch1_strong_moon,1.0,1.0,0.9836451346915622,0.368342232560373,0.9336312212020247,3.9260977753708,1.1505105431040064
164.9,epoch1_strong_moon,1.0,1.0,0.9836352982402153,0.368323815448745,0.9338472567264747,3.927590499494124,1.1507480525140796
165.0,epoch1_strong_moon,1.0,1.0,0.983625461887233,0.36830539925797257,0.9340631708043675,3.929082423748653,1.1509854207772754
165.10000000000002,epoch1_strong_moon,1.0,1.0,0.9836156256326141,0.3682869839880097,0.9342789634906626,3.9305735485110103,1.1512226479751577
165.20000000000002,epoch1_strong_moon,1.0,1.0,0.9836057894763578,0.3682685696388103,0.9344946348403117,3.93206387415769,1.1514597341891837
165.3,epoch1_strong_moon,1.0,1.0,0.9835959534184631,0.3682501562103283,0.9347101849082576,3.9335534010650526,1.1516966795007046
165.4,epoch1_strong_moon,1.0,1.0,0.9835861174589289,0.36823174370251777,0.934925613749435,3.9350421296093265,1.1519334839909658
165.5,epoch1_strong_moon,1.0,1.0,0.9835762815977543,0.36821333211533264,0.9351409214187697,3.936530060166608,1.1521701477411073
165.60000000000002,epoch1_strong_moon,1.0,1.0,0.9835664458349384,0.3681949214487269,0.9353561079711793,3.9380171931128602,1.1524066708321639
165.70000000000002,epoch1_strong_moon,1.0,1.0,0.98355661017048,0.3681765117026545,0.9355711734615725,3.9395035288239137,1.152643053345066
165.8,epoch1_strong_moon,1.0,1.0,0.9835467746043783,0.36815810287706935,0.9357861179448491,3.940989067675466,1.15287929536064
165.9,epoch1_strong_moon,1.0,1.0,0.9835369391366323,0.3681396949719255,0.9360009414759004,3.9424738100430816,1.153115396959608
166.0,epoch1_strong_moon,1.0,1.0,0.983527103767241,0.3681212879871769,0.9362156441096084,3.943957756302191,1.153351358222589
166.10000000000002,epoch1_strong_moon,1.0,1.0,0.9835172684962032,0.36810288192277757,0.9364302259008465,3.945440906828091,1.1535871792300985
166.20000000000002,epoch1_strong_moon,1.0,1.0,0.9835074333235183,0.36808447677868145,0.9366446869044787,3.9469232619959453,1.1538228600625497
166.3,epoch1_strong_moon,1.0,1.0,0.983497598249185,0.3680660725548425,0.9368590271753602,3.948404822180784,1.1540584008002535
166.4,epoch1_strong_moon,1.0,1.0,0.9834877632732025,0.3680476692512148,0.9370732467683368,3.9498855877575023,1.1542938015234183
166.5,epoch1_strong_moon,1.0,1.0,0.9834779283955698,0.3680292668677522,0.9372873457382452,3.9513655591008616,1.1545290623121516
166.60000000000002,epoch1_strong_moon,1.0,1.0,0.9834680936162858,0.36801086540440886,0.9375013241399127,3.9528447365854884,1.1547641832464592
166.70000000000002,epoch1_strong_moon,1.0,1.0,0.9834582589353497,0.3679924648611386,0.9377151820281572,3.9543231205858747,1.1549991644062463
166.8,epoch1_strong_moon,1.0,1.0,0.9834484243527603,0.36797406523789555,0.937928919457787,3.9558007114763782,1.1552340058713173
166.9,epoch1_strong_moon,1.0,1.0,0.9834385898685167,0.3679556665346337,0.9381425364836011,3.957277509631221,1.1554687077213768
167.0,epoch1_strong_moon,1.0,1.0,0.9834287554826181,0.36793726875130695,0.9383560331603888,3.9587535154244913,1.1557032700360297
167.10000000000002,epoch1_strong_moon,1.0,1.0,0.9834189211950632,0.36791887188786937,0.9385694095429298,3.96022872923014,1.155937692894781
167.20000000000002,epoch1_strong_moon,1.0,1.0,0.9834090870058513,0.367900475944275,0.9387826656859938,3.9617031514219843,1.1561719763770373
167.3,epoch1_strong_moon,1.0,1.0,0.9833992529149812,0.3678820809204778,0.938995801644341,3.963176782373705,1.156406120562106
167.4,epoch1_strong_moon,1.0,1.0,0.983389418922452,0.3678636868164318,0.9392088174727218,3.9646496224588477,1.1566401255291963
167.5,epoch1_strong_moon,1.0,1.0,0.9833795850282628,0.36784529363209095,0.9394217132258762,3.9661216720508214,1.1568739913574198
167.60000000000002,epoch1_strong_moon,1.0,1.0,0.9833697512324125,0.36782690136740936,0.9396344889585346,3.9675929315228995,1.1571077181257898
167.70000000000002,epoch1_strong_moon,1.0,1.0,0.9833599175349003,0.367808510022341,0.9398471447254172,3.969063401248219,1.157341305913223
167.8,epoch1_strong_moon,1.0,1.0,0.9833500839357249,0.3677901195968399,0.9400596805812341,3.97053308159978,1.1575747547985387
167.9,epoch1_strong_moon,1.0,1.0,0.9833402504348855,0.36777173009086006,0.9402720965806852,3.972001972950447,1.15780806486046
168.0,epoch1_strong_moon,1.0,1.0,0.9833304170323811,0.3677533415043555,0.9404843927784601,3.9734700756729477,1.1580412361776136
168.10000000000002,epoch1_strong_moon,1.0,1.0,0.9833205837282107,0.3677349538372803,0.9406965692292379,3.9749373901398726,1.15827426882853
168.20000000000002,epoch1_strong_moon,1.0,1.0,0.9833107505223735,0.3677165670895884,0.9409086259876878,3.9764039167236747,1.1585071628916446
168.3,epoch1_strong_moon,1.0,1.0,0.9833009174148682,0.3676981812612339,0.9411205631084679,3.977869655796671,1.1587399184452976
168.4,epoch1_strong_moon,1.0,1.0,0.9832910844056941,0.3676797963521708,0.9413323806462264,3.97933460773104,1.1589725355677338
168.5,epoch1_strong_moon,1.0,1.0,0.98328125149485,0.36766141236235317,0.9415440786556004,3.9807987728988232,1.1592050143371042
168.60000000000002,epoch1_strong_moon,1.0,1.0,0.983271418682335,0.36764302929173504,0.9417556571912167,3.982262151671925,1.1594373548314652
168.70000000000002,epoch1_strong_moon,1.0,1.0,0.9832615859681482,0.36762464714027043,0.9419671163076911,3.9837247444221124,1.1596695571287794
168.8,epoch1_strong_moon,1.0,1.0,0.9832517533522885,0.3676062659079134,0.9421784560596289,3.985186551521013,1.1599016213069158
168.9,epoch1_strong_moon,1.0,1.0,0.983241920834755,0.367587885594618,0.9423896765016244,3.986647573340117,1.1601335474436503
169.0,epoch1_strong_moon,1.0,1.0,0.9832320884155467,0.3675695062003383,0.942600777688261,3.9881078102507774,1.160365335616666
169.10000000000002,epoch1_strong_moon,1.0,1.0,0.9832222560946625,0.3675511277250283,0.9428117596741112,3.989567262624208,1.1605969859035534
169.20000000000002,epoch1_strong_moon,1.0,1.0,0.9832124238721016,0.36753275016864206,0.9430226225137365,3.9910259308314835,1.1608284983818107
169.3,epoch1_strong_moon,1.0,1.0,0.9832025917478628,0.36751437353113364,0.9432333662616871,3.9924838152435416,1.1610598731288444
169.4,epoch1_strong_moon,1.0,1.0,0.9831927597219453,0.36749599781245706,0.9434439909725023,3.99394091623118,1.1612911102219692
169.5,epoch1_strong_moon,1.0,1.0,0.9831829277943481,0.3674776230125664,0.9436544967007102,3.9953972341650585,1.1615222097384086
169.60000000000002,epoch1_strong_moon,1.0,1.0,0.9831730959650702,0.3674592491314158,0.9438648835008275,3.9968527694156974,1.1617531717552956
169.70000000000002,epoch1_strong_moon,1.0,1.0,0.9831632642341105,0.36744087616895926,0.9440751514273595,3.998307522353478,1.1619839963496719
169.8,epoch1_strong_moon,1.0,1.0,0.9831534326014681,0.3674225041251508,0.9442853005348004,3.999761493348642,1.1622146835984895
169.9,epoch1_strong_moon,1.0,1.0,0.9831436010671422,0.36740413299994457,0.9444953308776327,4.001214682771292,1.1624452335786102
170.0,epoch1_strong_moon,1.0,1.0,0.9831337696311315,0.36738576279329455,0.9447052425103274,4.002667090991391,1.1626756463668062
170.10000000000002,epoch1_strong_moon,1.0,1.0,0.9831239382934353,0.3673673935051549,0.9449150354873441,4.004118718378763,1.1629059220397602
170.20000000000002,epoch1_strong_moon,1.0,1.0,0.9831141070540523,0.3673490251354796,0.9451247098631307,4.00556956530309,1.163136060674066
170.3,epoch1_strong_moon,1.0,1.0,0.9831042759129818,0.36733065768422285,0.9453342656921233,4.007019632133917,1.1633660623462287
170.4,epoch1_strong_moon,1.0,1.0,0.9830944448702227,0.3673122911513386,0.9455437030287465,4.008468919240648,1.163595927132665
170.5,epoch1_strong_moon,1.0,1.0,0.983084613925774,0.36729392553678103,0.9457530219274128,4.009917426992546,1.1638256551097033
170.60000000000002,epoch1_strong_moon,1.0,1.0,0.9830747830796347,0.36727556084050417,0.9459622224425231,4.011365155758734,1.1640552463535845
170.70000000000002,epoch1_strong_moon,1.0,1.0,0.9830649523318039,0.3672571970624621,0.9461713046284663,4.012812105908195,1.1642847009404618
170.8,epoch1_strong_moon,1.0,1.0,0.9830551216822806,0.367238834202609,0.9463802685396193,4.014258277809772,1.1645140189464012
170.9,epoch1_strong_moon,1.0,1.0,0.9830452911310638,0.3672204722608989,0.9465891142303471,4.015703671832166,1.1647432004473819
171.0,epoch1_strong_moon,1.0,1.0,0.9830354606781524,0.36720211123728586,0.9467978417550024,4.017148288343939,1.1649722455192963
171.10000000000002,epoch1_strong_moon,1.0,1.0,0.9830256303235456,0.36718375113172397,0.9470064511679259,4.018592127713509,1.165201154237951
171.20000000000002,epoch1_strong_moon,1.0,1.0,0.9830158000672424,0.36716539194416736,0.9472149425234461,4.020035190309157,1.165429926679066
171.3,epoch1_strong_moon,1.0,1.0,0.9830059699092417,0.36714703367457013,0.9474233158758791,4.02147747649902,1.165658562918276
171.4,epoch1_strong_moon,1.0,1.0,0.9829961398495426,0.3671286763228864,0.9476315712795291,4.022918986651094,1.1658870630311302
171.5,epoch1_strong_moon,1.0,1.0,0.9829863098881441,0.3671103198890703,0.9478397087886875,4.024359721133235,1.1661154270930925
171.60000000000002,epoch1_strong_moon,1.0,1.0,0.9829764800250452,0.36709196437307584,0.9480477284576334,4.025799680313158,1.166343655179542
171.70000000000002,epoch1_strong_moon,1.0,1.0,0.982966650260245,0.3670736097748572,0.9482556303406335,4.027238864558433,1.1665717473657737
171.8,epoch1_strong_moon,1.0,1.0,0.9829568205937423,0.36705525609436845,0.948463414491942,4.028677274236493,1.1667997037269977
171.9,epoch1_strong_moon,1.0,1.0,0.9829469910255364,0.36703690333156375,0.9486710809658006,4.030114909714625,1.1670275243383406
172.0,epoch1_strong_moon,1.0,1.0,0.9829371615556262,0.36701855148639717,0.9488786298164379,4.031551771359976,1.1672552092748452
172.10000000000002,epoch1_strong_moon,1.0,1.0,0.9829273321840106,0.3670002005588229,0.9490860610980704,4.032987859539552,1.1674827586114707
172.20000000000002,epoch1_strong_moon,1.0,1.0,0.9829175029106888,0.36698185054879495,0.9492933748649015,4.034423174620215,1.1677101724230936
172.3,epoch1_strong_moon,1.0,1.0,0.9829076737356597,0.3669635014562675,0.9495005711711221,4.035857716968685,1.1679374507845073
172.4,epoch1_strong_moon,1.0,1.0,0.9828978446589223,0.3669451532811947,0.94970765007091,4.037291486951541,1.1681645937704226
172.5,epoch1_strong_moon,1.0,1.0,0.9828880156804757,0.3669268060235306,0.94991461161843,4.038724484935218,1.168391601455468
172.60000000000002,epoch1_strong_moon,1.0,1.0,0.9828781868003189,0.36690845968322944,0.9501214558678344,4.04015671128601,1.1686184739141905
172.70000000000002,epoch1_strong_moon,1.0,1.0,0.982868358018451,0.36689011426024526,0.950328182873262,4.041588166370067,1.1688452112210548
172.8,epoch1_strong_moon,1.0,1.0,0.9828585293348707,0.36687176975453223,0.950534792688839,4.043018850553397,1.1690718134504443
172.9,epoch1_strong_moon,1.0,1.0,0.9828487007495774,0.3668534261660445,0.9507412853686781,4.0444487642018645,1.1692982806766614
173.0,epoch1_strong_moon,1.0,1.0,0.9828388722625699,0.3668350834947362,0.950947660966879,4.0458779076811915,1.1695246129739276
173.10000000000002,epoch1_strong_moon,1.0,1.0,0.9828290438738473,0.36681674174056145,0.9511539195375283,4.047306281356957,1.1697508104163836
173.20000000000002,epoch1_strong_moon,1.0,1.0,0.9828192155834086,0.36679840090347443,0.9513600611346992,4.048733885594597,1.16997687307809
173.3,epoch1_strong_moon,1.0,1.0,0.9828093873912528,0.36678006098342925,0.9515660858124516,4.050160720759403,1.1702028010330268
173.4,epoch1_strong_moon,1.0,1.0,0.9827995592973788,0.3667617219803801,0.9517719936248322,4.051586787216525,1.1704285943550947
173.5,epoch1_strong_moon,1.0,1.0,0.9827897313017858,0.36674338389428107,0.9519777846258742,4.053012085330969,1.1706542531181148
173.60000000000002,epoch1_strong_moon,1.0,1.0,0.9827799034044729,0.3667250467250864,0.9521834588695973,4.054436615467596,1.1708797773958286
173.70000000000002,epoch1_strong_moon,1.0,1.0,0.9827700756054388,0.3667067104727501,0.9523890164100076,4.055860377991125,1.1711051672618988
173.8,epoch1_strong_moon,1.0,1.0,0.9827602479046827,0.36668837513722646,0.9525944573010979,4.05728337326613,1.1713304227899095
173.9,epoch1_strong_moon,1.0,1.0,0.9827504203022037,0.3666700407184696,0.9527997815968472,4.058705601657043,1.171555544053366
174.0,epoch1_strong_moon,1.0,1.0,0.9827405927980007,0.36665170721643364,0.9530049893512209,4.06012706352815,1.1717805311256955
174.10000000000002,epoch1_strong_moon,1.0,1.0,0.9827307653920727,0.3666333746310728,0.9532100806181707,4.061547759243595,1.172005384080247
174.20000000000002,epoch1_strong_moon,1.0,1.0,0.9827209380844187,0.36661504296234126,0.9534150554516345,4.062967689167376,1.1722301029902917
174.3,epoch1_strong_moon,1.0,1.0,0.9827111108750379,0.36659671221019313,0.9536199139055366,4.064386853663349,1.172454687929024
174.4,epoch1_strong_moon,1.0,1.0,0.9827012837639292,0.3665783823745826,0.9538246560337872,4.065805253095222,1.1726791389695608
174.5,epoch1_strong_moon,1.0,1.0,0.9826914567510915,0.3665600534554639,0.9540292818902827,4.0672228878265635,1.1729034561849414
174.60000000000002,epoch1_strong_moon,1.0,1.0,0.982681629836524,0.3665417254527911,0.9542337915289056,4.068639758220794,1.1731276396481292
174.70000000000002,epoch1_strong_moon,1.0,1.0,0.9826718030202256,0.3665233983665185,0.9544381850035246,4.070055864641191,1.1733516894320106
174.8,epoch1_strong_moon,1.0,1.0,0.9826619763021954,0.36650507219660017,0.954642462367994,4.071471207450886,1.1735756056093962
174.9,epoch1_strong_moon,1.0,1.0,0.9826521496824324,0.3664867469429903,0.9548466236761541,4.072885787012868,1.1737993882530204
175.0,epoch1_strong_moon,1.0,1.0,0.9826423231609356,0.36646842260564316,0.9550506689818313,4.074299603689979,1.174023037435542
175.10000000000002,epoch1_strong_moon,1.0,1.0,0.9826324967377039,0.3664500991845129,0.9552545983388376,4.075712657844917,1.174246553229544
175.20000000000002,epoch1_strong_moon,1.0,1.0,0.9826226704127365,0.3664317766795537,0.9554584118009709,4.077124949840236,1.1744699357075348
175.3,epoch1_strong_moon,1.0,1.0,0.9826128441860325,0.3664134550907197,0.9556621094220149,4.078536480038344,1.174693184941947
175.4,epoch1_strong_moon,1.0,1.0,0.9826030180575905,0.3663951344179652,0.9558656912557387,4.079947248801504,1.1749163010051396
175.5,epoch1_strong_moon,1.0,1.0,0.9825931920274099,0.3663768146612443,0.9560691573558975,4.081357256491833,1.175139283969396
175.60000000000002,epoch1_strong_moon,1.0,1.0,0.9825833660954897,0.3663584958205112,0.9562725077762316,4.082766503471304,1.1753621339069256
175.70000000000002,epoch1_strong_moon,1.0,1.0,0.9825735402618287,0.3663401778957202,0.9564757425704673,4.084174990101745,1.1755848508898643
175.8,epoch1_strong_moon,1.0,1.0,0.9825637145264261,0.36632186088682545,0.9566788617923162,4.085582716744836,1.1758074349902738
175.9,epoch1_strong_moon,1.0,1.0,0.9825538888892809,0.3663035447937811,0.9568818654954754,4.086989683762115,1.1760298862801426
176.0,epoch1_strong_moon,1.0,1.0,0.982544063350392,0.36628522961654136,0.9570847537336273,4.088395891514972,1.1762522048313853
176.10000000000002,epoch1_strong_moon,1.0,1.0,0.9825342379097585,0.36626691535506056,0.95728752656044,4.0898013403646525,1.176474390715844
176.20000000000002,epoch1_strong_moon,1.0,1.0,0.9825244125673793,0.3662486020092928,0.9574901840295666,4.091206030672255,1.1766964440052874
176.3,epoch1_strong_moon,1.0,1.0,0.9825145873232537,0.36623028957919235,0.9576927261946457,4.092609962798733,1.1769183647714123
176.4,epoch1_strong_moon,1.0,1.0,0.9825047621773805,0.3662119780647134,0.9578951531093012,4.094013137104895,1.1771401530858427
176.5,epoch1_strong_moon,1.0,1.0,0.9824949371297587,0.36619366746581017,0.9580974648271419,4.095415553951402,1.1773618090201308
176.60000000000002,epoch1_strong_moon,1.0,1.0,0.9824851121803874,0.36617535778243687,0.958299661401762,4.09681721369877,1.1775833326457563
176.70000000000002,epoch1_strong_moon,1.0,1.0,0.9824752873292656,0.36615704901454776,0.9585017428867411,4.098218116707369,1.1778047240341276
176.8,epoch1_strong_moon,1.0,1.0,0.9824654625763923,0.36613874116209705,0.9587037093356432,4.0996182633374225,1.1780259832565818
176.9,epoch1_strong_moon,1.0,1.0,0.9824556379217666,0.3661204342250389,0.9589055608020179,4.1010176539490075,1.1782471103843843
177.0,epoch1_strong_moon,1.0,1.0,0.9824458133653874,0.36610212820332766,0.9591072973393998,4.102416288902055,1.17846810548873
177.10000000000002,epoch1_strong_moon,1.0,1.0,0.9824359889072537,0.3660838230969175,0.9593089190013081,4.10381416855635,1.1786889686407427
177.20000000000002,epoch1_strong_moon,1.0,1.0,0.9824261645473646,0.36606551890576267,0.9595104258412471,4.10521129327153,1.1789096999114757
177.3,epoch1_strong_moon,1.0,1.0,0.9824163402857192,0.3660472156298174,0.9597118179127061,4.106607663407088,1.179130299371912
177.4,epoch1_strong_moon,1.0,1.0,0.9824065161223163,0.3660289132690359,0.959913095269159,4.108003279322368,1.1793507670929646
177.5,epoch1_strong_moon,1.0,1.0,0.9823966920571551,0.36601061182337247,0.9601142579640648,4.109398141376569,1.1795711031454765
177.60000000000002,epoch1_strong_moon,1.0,1.0,0.9823868680902345,0.3659923112927813,0.9603153060508669,4.110792249928743,1.179791307600221
177.70000000000002,epoch1_strong_moon,1.0,1.0,0.9823770442215536,0.36597401167721666,0.9605162395829937,4.112185605337795,1.180011380527902
177.8,epoch1_strong_moon,1.0,1.0,0.9823672204511114,0.3659557129766328,0.9607170586138581,4.113578207962484,1.180231321999154
177.9,epoch1_strong_moon,1.0,1.0,0.9823573967789069,0.365937415190984,0.9609177631968578,4.114970058161421,1.1804511320845428
178.0,epoch1_strong_moon,1.0,1.0,0.982347573204939,0.36591911832022445,0.9611183533853751,4.116361156293071,1.180670810854565
178.10000000000002,epoch1_strong_moon,1.0,1.0,0.982337749729207,0.36590082236430843,0.9613188292327766,4.117751502715752,1.1808903583796488
178.20000000000002,epoch1_strong_moon,1.0,1.0,0.9823279263517096,0.3658825273231902,0.9615191907924137,4.119141097787633,1.1811097747301542
178.3,epoch1_strong_moon,1.0,1.0,0.9823181030724462,0.36586423319682404,0.9617194381176221,4.12052994186674,1.1813290599763728
178.4,epoch1_strong_moon,1.0,1.0,0.9823082798914154,0.3658459399851642,0.961919571261722,4.121918035310947,1.1815482141885283
178.5,epoch1_strong_moon,1.0,1.0,0.9822984568086165,0.36582764768816495,0.9621195902780182,4.123305378477984,1.1817672374367765
178.60000000000002,epoch1_strong_moon,1.0,1.0,0.9822886338240484,0.36580935630578054,0.9623194952197995,4.124691971725434,1.181986129791206
178.70000000000002,epoch1_strong_moon,1.0,1.0,0.9822788109377102,0.3657910658379653,0.9625192861403393,4.1260778154107305,1.1822048913218377
178.8,epoch1_strong_moon,1.0,1.0,0.9822689881496008,0.36577277628467336,0.9627189630928952,4.127462909891161,1.1824235220986257
178.9,epoch1_strong_moon,1.0,1.0,0.9822591654597194,0.3657544876458591,0.962918526130709,4.128847255523865,1.1826420221914569
179.0,epoch1_strong_moon,1.0,1.0,0.9822493428680648,0.3657361999214768,0.9631179753070069,4.130230852665835,1.1828603916701514
179.10000000000002,epoch1_strong_moon,1.0,1.0,0.982239520374636,0.3657179131114808,0.9633173106749991,4.131613701673916,1.1830786306044634
179.20000000000002,epoch1_strong_moon,1.0,1.0,0.9822296979794323,0.3656996272158252,0.9635165322878801,4.132995802904805,1.18329673906408
179.3,epoch1_strong_moon,1.0,1.0,0.9822198756824525,0.3656813422344644,0.9637156401988284,4.134377156715051,1.1835147171186227
179.4,epoch1_strong_moon,1.0,1.0,0.9822100534836957,0.3656630581673527,0.9639146344610064,4.135757763461057,1.1837325648376469
179.5,epoch1_strong_moon,1.0,1.0,0.9822002313831609,0.3656447750144443,0.9641135151275609,4.137137623499076,1.1839502822906425
179.60000000000002,epoch1_strong_moon,1.0,1.0,0.9821904093808471,0.3656264927756936,0.9643122822516225,4.138516737185215,1.1841678695470335
179.70000000000002,epoch1_strong_moon,1.0,1.0,0.9821805874767533,0.3656082114510548,0.9645109358863057,4.139895104875433,1.1843853266761788
179.8,epoch1_strong_moon,1.0,1.0,0.9821707656708786,0.36558993104048226,0.964709476084709,4.141272726925539,1.1846026537473724
179.9,epoch1_strong_moon,1.0,1.0,0.9821609439632218,0.36557165154393023,0.9649079028999149,4.142649603691197,1.184819850829843
180.0,epoch1_strong_moon,1.0,1.0,0.9821511223537822,0.36555337296135304,0.9651062163849896,4.144025735527922,1.1850369179927551
180.10000000000002,epoch1_strong_moon,1.0,1.0,0.9821413008425587,0.36553509529270495,0.9653044165929832,4.14540112279108,1.185253855305208
180.20000000000002,epoch1_strong_moon,1.0,1.0,0.9821314794295503,0.3655168185379403,0.9655025035769295,4.14677576583589,1.1854706628362373
180.3,epoch1_strong_moon,1.0,1.0,0.9821216581147559,0.36549854269701343,0.9657004773898461,4.148149665017422,1.1856873406548138
180.4,epoch1_strong_moon,1.0,1.0,0.9821118368981748,0.3654802677698786,0.9658983380847345,4.149522820690598,1.185903888829845
180.5,epoch1_strong_moon,1.0,1.0,0.9821020157798058,0.3654619937564901,0.9660960857145795,4.150895233210194,1.1861203074301743
180.60000000000002,epoch1_strong_moon,1.0,1.0,0.982092194759648,0.36544372065680225,0.96629372033235,4.152266902930833,1.1863365965245813
180.70000000000002,epoch1_strong_moon,1.0,1.0,0.9820823738377005,0.3654254484707694,0.966491241990998,4.153637830206995,1.1865527561817828
180.8,epoch1_strong_moon,1.0,1.0,0.9820725530139621,0.36540717719834587,0.9666886507434596,4.155008015393009,1.186768786470432
180.9,epoch1_strong_moon,1.0,1.0,0.982062732288432,0.36538890683948594,0.966885946642654,4.156377458843055,1.186984687459119
181.0,epoch1_strong_moon,1.0,1.0,0.9820529116611091,0.36537063739414394,0.9670831297414844,4.1577461609111666,1.1872004592163716
181.10000000000002,epoch1_strong_moon,1.0,1.0,0.9820430911319925,0.36535236886227423,0.967280200092837,4.159114121951227,1.1874161018106546
181.20000000000002,epoch1_strong_moon,1.0,1.0,0.9820332707010812,0.36533410124383114,0.9674771577495818,4.160481342316971,1.18763161531037
181.3,epoch1_strong_moon,1.0,1.0,0.9820234503683741,0.365315834538769,0.9676740027645719,4.161847822361987,1.1878469997838583
181.4,epoch1_strong_moon,1.0,1.0,0.9820136301338704,0.36529756874704206,0.9678707351906441,4.163213562439713,1.1880622552993976
181.5,epoch1_strong_moon,1.0,1.0,0.9820038099975691,0.3652793038686047,0.9680673550806185,4.164578562903439,1.1882773819252037
181.60000000000002,epoch1_strong_moon,1.0,1.0,0.9819939899594691,0.36526103990341124,0.9682638624872982,4.165942824106306,1.1884923797294311
181.70000000000002,epoch1_strong_moon,1.0,1.0,0.9819841700195695,0.3652427768514161,0.96846025746347,4.167306346401307,1.1887072487801729
181.8,epoch1_strong_moon,1.0,1.0,0.9819743501778693,0.3652245147125735,0.9686565400619036,4.168669130141285,1.1889219891454603
181.9,epoch1_strong_moon,1.0,1.0,0.9819645304343675,0.3652062534868379,0.9688527103353523,4.170031175678935,1.1891366008932638
182.0,epoch1_strong_moon,1.0,1.0,0.9819547107890632,0.36518799317416356,0.9690487683365523,4.171392483366805,1.1893510840914927
182.10000000000002,epoch1_strong_moon,1.0,1.0,0.9819448912419553,0.36516973377450485,0.9692447141182231,4.172753053557291,1.1895654388079955
182.20000000000002,epoch1_strong_moon,1.0,1.0,0.9819350717930428,0.3651514752878161,0.9694405477330673,4.174112886602642,1.1897796651105599
182.3,epoch1_strong_moon,1.0,1.0,0.9819252524423249,0.3651332177140517,0.9696362692337706,4.175471982854957,1.1899937630669133
182.4,epoch1_strong_moon,1.0,1.0,0.9819154331898005,0.365114961053166,0.9698318786730017,4.176830342666188,1.190207732744723
182.5,epoch1_strong_moon,1.0,1.0,0.9819056140354686,0.36509670530511334,0.9700273761034125,4.178187966388135,1.1904215742115956
182.60000000000002,epoch1_strong_moon,1.0,1.0,0.9818957949793282,0.3650784504698481,0.9702227615776378,4.179544854372453,1.190635287535078
182.70000000000002,epoch1_strong_moon,1.0,1.0,0.9818859760213784,0.36506019654732463,0.9704180351482953,4.180901006970644,1.1908488727826578
182.8,epoch1_strong_moon,1.0,1.0,0.9818761571616181,0.36504194353749725,0.9706131968679859,4.1822564245340645,1.1910623300217624
182.9,epoch1_strong_moon,1.0,1.0,0.9818663384000466,0.3650236914403204,0.9708082467892931,4.183611107413919,1.1912756593197598
183.0,epoch1_strong_moon,1.0,1.0,0.9818565197366625,0.3650054402557484,0.9710031849647837,4.184965055961264,1.1914888607439589
183.10000000000002,epoch1_strong_moon,1.0,1.0,0.9818467011714652,0.3649871899837356,0.9711980114470068,4.186318270527008,1.1917019343616093
183.20000000000002,epoch1_strong_moon,1.0,1.0,0.9818368827044535,0.3649689406242364,0.9713927262884949,4.1876707514619085,1.1919148802399022
183.3,epoch1_strong_moon,1.0,1.0,0.9818270643356264,0.3649506921772052,0.971587329541763,4.189022499116575,1.1921276984459692
183.4,epoch1_strong_moon,1.0,1.0,0.981817246064983,0.36493244464259633,0.9717818212593089,4.190373513841468,1.192340389046884
183.5,epoch1_strong_moon,1.0,1.0,0.9818074278925224,0.3649141980203642,0.9719762014936132,4.191723795986897,1.1925529521096614
183.60000000000002,epoch1_strong_moon,1.0,1.0,0.9817976098182435,0.3648959523104632,0.9721704702971391,4.1930733459030245,1.1927653877012583
183.70000000000002,epoch1_strong_moon,1.0,1.0,0.9817877918421453,0.36487770751284765,0.9723646277223327,4.194422163939862,1.1929776958885732
183.8,epoch1_strong_moon,1.0,1.0,0.9817779739642268,0.364859463627472,0.9725586738216226,4.195770250447272,1.1931898767384468
183.9,epoch1_strong_moon,1.0,1.0,0.9817681561844872,0.36484122065429064,0.9727526086474202,4.197117605774968,1.193401930317662
184.0,epoch1_strong_moon,1.0,1.0,0.9817583385029254,0.3648229785932579,0.9729464322521192,4.198464230272515,1.193613856692944
184.10000000000002,epoch1_strong_moon,1.0,1.0,0.9817485209195403,0.36480473744432823,0.9731401446880961,4.1998101242893275,1.1938256559309603
184.20000000000002,epoch1_strong_moon,1.0,1.0,0.9817387034343311,0.36478649720745604,0.9733337460077099,4.20115528817467,1.1940373280983219
184.3,epoch1_strong_moon,1.0,1.0,0.9817288860472968,0.36476825788259565,0.9735272362633023,4.202499722277659,1.1942488732615817
184.4,epoch1_strong_moon,1.0,1.0,0.9817190687584363,0.36475001946970154,0.9737206155071971,4.203843426947261,1.1944602914872364
184.5,epoch1_strong_moon,1.0,1.0,0.9817092515677487,0.3647317819687281,0.973913883791701,4.205186402532292,1.1946715828417254
184.60000000000002,epoch1_strong_moon,1.0,1.0,0.981699434475233,0.36471354537962963,0.9741070411691027,4.20652864938142,1.1948827473914314
184.70000000000002,epoch1_strong_moon,1.0,1.0,0.9816896174808882,0.36469530970236064,0.9743000876916739,4.207870167843163,1.195093785202681
184.8,epoch1_strong_moon,1.0,1.0,0.9816798005847134,0.3646770749368755,0.974493023411668,4.209210958265889,1.1953046963417442
184.9,epoch1_strong_moon,1.0,1.0,0.9816699837867076,0.3646588410831287,0.9746858483813213,4.210551020997818,1.1955154808748345
185.0,epoch1_strong_moon,1.0,1.0,0.9816601670868697,0.3646406081410745,0.9748785626528522,4.211890356387018,1.1957261388681097
185.10000000000002,epoch1_strong_moon,1.0,1.0,0.9816503504851988,0.36462237611066745,0.9750711662784615,4.213228964781409,1.195936670387672
185.20000000000002,epoch1_strong_moon,1.0,1.0,0.9816405339816939,0.3646041449918619,0.9752636593103322,4.214566846528761,1.1961470754995671
185.3,epoch1_strong_moon,1.0,1.0,0.9816307175763541,0.3645859147846123,0.9754560418006296,4.2159040019766945,1.1963573542697858
185.4,epoch1_strong_moon,1.0,1.0,0.9816209012691783,0.36456768548887303,0.9756483138015013,4.21724043147268,1.1965675067642632
185.5,epoch1_strong_moon,1.0,1.0,0.9816110850601657,0.3645494571045986,0.975840475365077,4.218576135364039,1.1967775330488788
185.60000000000002,epoch1_strong_moon,1.0,1.0,0.9816012689493151,0.36453122963174334,0.9760325265434686,4.2199111139979415,1.1969874331894574
185.70000000000002,epoch1_strong_moon,1.0,1.0,0.9815914529366256,0.36451300307026174,0.9762244673887703,4.22124536772141,1.1971972072517687
185.8,epoch1_strong_moon,1.0,1.0,0.9815816370220962,0.3644947774201082,0.9764162979530583,4.222578896881317,1.1974068553015276
185.9,epoch1_strong_moon,1.0,1.0,0.981571821205726,0.3644765526812372,0.9766080182883908,4.223911701824385,1.197616377404394
186.0,epoch1_strong_moon,1.0,1.0,0.9815620054875139,0.36445832885360313,0.9767996284468083,4.225243782897185,1.1978257736259736
186.10000000000002,epoch1_strong_moon,1.0,1.0,0.9815521898674591,0.3644401059371605,0.9769911284803334,4.226575140446141,1.1980350440318177
186.20000000000002,epoch1_strong_moon,1.0,1.0,0.9815423743455604,0.36442188393186364,0.9771825184409705,4.2279057748175255,1.1982441886874233
186.3,epoch1_strong_moon,1.0,1.0,0.9815325589218169,0.36440366283766706,0.977373798380706,4.229235686357462,1.198453207658233
186.4,epoch1_strong_moon,1.0,1.0,0.9815227435962277,0.36438544265452516,0.9775649683515087,4.230564875411923,1.1986621010096359
186.5,epoch1_strong_moon,1.0,1.0,0.9815129283687918,0.3643672233823924,0.9777560284053289,4.231893342326732,1.198870868806967
186.60000000000002,epoch1_strong_moon,1.0,1.0,0.9815031132395081,0.3643490050212233,0.9779469785940991,4.233221087447563,1.1990795111155075
186.70000000000002,epoch1_strong_moon,1.0,1.0,0.9814932982083757,0.36433078757097226,0.9781378189697336,4.234548111119941,1.1992880280004856
186.8,epoch1_strong_moon,1.0,1.0,0.9814834832753936,0.3643125710315937,0.9783285495841286,4.235874413689239,1.1994964195270754
186.9,epoch1_strong_moon,1.0,1.0,0.9814736684405608,0.3642943554030421,0.9785191704891624,4.237199995500682,1.1997046857603983
187.0,epoch1_strong_moon,1.0,1.0,0.9814638537038765,0.364276140685272,0.9787096817366947,4.238524856899344,1.1999128267655226
187.10000000000002,epoch1_strong_moon,1.0,1.0,0.9814540390653395,0.3642579268782377,0.9789000833785674,4.2398489982301495,1.200120842607463
187.20000000000002,epoch1_strong_moon,1.0,1.0,0.9814442245249488,0.3642397139818938,0.979090375466604,4.241172419837873,1.200328733351182
187.3,epoch1_strong_moon,1.0,1.0,0.9814344100827036,0.36422150199619474,0.9792805580526102,4.2424951220671385,1.2005364990615894
187.4,epoch1_strong_moon,1.0,1.0,0.9814245957386027,0.36420329092109494,0.9794706311883727,4.243817105262422,1.200744139803542
187.5,epoch1_strong_moon,1.0,1.0,0.9814147814926454,0.3641850807565489,0.9796605949256606,4.245138369768047,1.2009516556418447
187.60000000000002,epoch1_strong_moon,1.0,1.0,0.9814049673448304,0.36416687150251104,0.9798504493162244,4.24645891592819,1.2011590466412496
187.70000000000002,epoch1_strong_moon,1.0,1.0,0.9813951532951569,0.3641486631589359,0.9800401944117965,4.247778744086875,1.2013663128664571
187.8,epoch1_strong_moon,1.0,1.0,0.9813853393436239,0.36413045572577796,0.9802298302640906,4.249097854587978,1.2015734543821153
187.9,epoch1_strong_moon,1.0,1.0,0.9813755254902305,0.3641122492029917,0.9804193569248024,4.250416247775224,1.2017804712528206
188.0,epoch1_strong_moon,1.0,1.0,0.9813657117349757,0.36409404359053155,0.9806087744456092,4.251733923992187,1.2019873635431175
188.10000000000002,epoch1_strong_moon,1.0,1.0,0.9813558980778583,0.36407583888835204,0.9807980828781698,4.253050883582294,1.202194131317499
188.20000000000002,epoch1_strong_moon,1.0,1.0,0.9813460845188775,0.36405763509640765,0.9809872822741246,4.254367126888821,1.2024007746404068
188.3,epoch1_strong_moon,1.0,1.0,0.9813362710580323,0.36403943221465285,0.9811763726850954,4.2556826542548905,1.2026072935762309
188.4,epoch1_strong_moon,1.0,1.0,0.9813264576953218,0.3640212302430421,0.9813653541626859,4.25699746602348,1.2028136881893103
188.5,epoch1_strong_moon,1.0,1.0,0.9813166444307448,0.36400302918152994,0.9815542267584811,4.258311562537416,1.203019958543933
188.60000000000002,epoch1_strong_moon,1.0,1.0,0.9813068312643005,0.36398482903007084,0.9817429905240476,4.259624944139372,1.2032261047043358
188.70000000000002,epoch1_strong_moon,1.0,1.0,0.9812970181959879,0.3639666297886193,0.9819316455109333,4.260937611171874,1.2034321267347048
188.8,epoch1_strong_moon,1.0,1.0,0.9812872052258059,0.3639484314571299,0.9821201917706677,4.262249563977298,1.2036380246991756
188.9,epoch1_strong_moon,1.0,1.0,0.9812773923537537,0.3639302340355571,0.9823086293547617,4.26356080289787,1.2038437986618329
189.0,epoch1_strong_moon,1.0,1.0,0.9812675795798301,0.3639120375238553,0.9824969583147077,4.264871328275665,1.2040494486867113
189.10000000000002,epoch1_strong_moon,1.0,1.0,0.9812577669040343,0.3638938419219791,0.9826851787019796,4.266181140452609,1.2042549748377949
189.20000000000002,epoch1_strong_moon,1.0,1.0,0.9812479543263652,0.363875647229883,0.9828732905680323,4.267490239770478,1.2044603771790174
189.3,epoch1_strong_moon,1.0,1.0,0.981238141846822,0.3638574534475215,0.9830612939643023,4.268798626570897,1.2046656557742632
189.4,epoch1_strong_moon,1.0,1.0,0.9812283294654035,0.36383926057484917,0.9832491889422075,4.270106301195343,1.204870810687366
189.5,epoch1_strong_moon,1.0,1.0,0.9812185171821088,0.3638210686118204,0.983436975553147,4.27141326398514,1.20507584198211
189.60000000000002,epoch1_strong_moon,1.0,1.0,0.981208704996937,0.3638028775583898,0.9836246538485014,4.272719515281466,1.2052807497222295
189.70000000000002,epoch1_strong_moon,1.0,1.0,0.981198892909887,0.36378468741451186,0.9838122238796322,4.274025055425345,1.20548553397141
189.8,epoch1_strong_moon,1.0,1.0,0.9811890809209579,0.3637664981801411,0.9839996856978825,4.275329884757654,1.2056901947932863
189.9,epoch1_strong_moon,1.0,1.0,0.9811792690301487,0.3637483098552321,0.9841870393545766,4.276634003619118,1.205894732251445
190.0,epoch1_strong_moon,1.0,1.0,0.9811694572374584,0.36373012243973935,0.98437428490102,4.2779374123503136,1.2060991464094233
190.10000000000002,epoch1_strong_moon,1.0,1.0,0.981159645542886,0.36371193593361734,0.9845614223884993,4.279240111291666,1.2063034373307089
190.20000000000002,epoch1_strong_moon,1.0,1.0,0.9811498339464306,0.36369375033682066,0.9847484518682824,4.280542100783452,1.2065076050787409
190.3,epoch1_strong_moon,1.0,1.0,0.9811400224480912,0.3636755656493038,0.9849353733916184,4.281843381165798,1.2067116497169095
190.4,epoch1_strong_moon,1.0,1.0,0.9811302110478667,0.36365738187102137,0.9851221870097375,4.283143952778679,1.2069155713085562
190.5,epoch1_strong_moon,1.0,1.0,0.9811203997457562,0.3636391990019278,0.985308892773851,4.284443815961922,1.207119369916974
190.60000000000002,epoch1_strong_moon,1.0,1.0,0.9811105885417587,0.36362101704197775,0.9854954907351514,4.285742971055202,1.2073230456054074
190.70000000000002,epoch1_strong_moon,1.0,1.0,0.9811007774358733,0.36360283599112564,0.9856819809448122,4.287041418398047,1.2075265984370522
190.8,epoch1_strong_moon,1.0,1.0,0.981090966428099,0.3635846558493261,0.9858683634539881,4.2883391583298325,1.2077300284750567
190.9,epoch1_strong_moon,1.0,1.0,0.9810811555184348,0.36356647661653363,0.9860546383138148,4.289636191189784,1.2079333357825204
191.0,epoch1_strong_moon,1.0,1.0,0.9810713447068796,0.3635482982927028,0.9862408055754089,4.290932517316978,1.2081365204224952
191.10000000000002,epoch1_strong_moon,1.0,1.0,0.9810615339934325,0.3635301208777882,0.9864268652898684,4.292228137050342,1.208339582457985
191.20000000000002,epoch1_strong_moon,1.0,1.0,0.9810517233780927,0.3635119443717443,0.9866128175082721,4.293523050728653,1.208542521951946
191.3,epoch1_strong_moon,1.0,1.0,0.9810419128608588,0.3634937687745257,0.9867986622816797,4.294817258690536,1.2087453389672864
191.4,epoch1_strong_moon,1.0,1.0,0.9810321024417302,0.363475594086087,0.9869843996611319,4.296110761274469,1.2089480335668676
191.5,epoch1_strong_moon,1.0,1.0,0.9810222921207058,0.3634574203063827,0.9871700296976507,4.297403558818779,1.2091506058135029
191.60000000000002,epoch1_strong_moon,1.0,1.0,0.9810124818977846,0.3634392474353674,0.9873555524422385,4.298695651661642,1.2093530557699586
191.70000000000002,epoch1_strong_moon,1.0,1.0,0.9810026717729656,0.3634210754729956,0.9875409679458791,4.299987040141086,1.2095553834989539
191.8,epoch1_strong_moon,1.0,1.0,0.9809928617462479,0.36340290441922196,0.987726276259537,4.301277724594987,1.2097575890631604
191.9,epoch1_strong_moon,1.0,1.0,0.9809830518176305,0.363384734274001,0.9879114774341576,4.302567705361074,1.2099596725252035
192.0,epoch1_strong_moon,1.0,1.0,0.9809732419871123,0.36336656503728726,0.9880965715206672,4.303856982776924,1.2101616339476613
192.10000000000002,epoch1_strong_moon,1.0,1.0,0.9809634322546925,0.3633483967090354,0.988281558569973,4.305145557179965,1.2103634733930653
192.20000000000002,epoch1_strong_moon,1.0,1.0,0.98095362262037,0.36333022928919995,0.988466438632963,4.306433428907473,1.2105651909239
192.3,epoch1_strong_moon,1.0,1.0,0.9809438130841438,0.3633120627777355,0.9886512117605061,4.307720598296578,1.2107667866026037
192.4,epoch1_strong_moon,1.0,1.0,0.9809340036460129,0.3632938971745966,0.988835878003452,4.309007065684257,1.2109682604915686
192.5,epoch1_strong_moon,1.0,1.0,0.9809241943059764,0.3632757324797379,0.989020437412631,4.31029283140734,1.21116961265314
192.60000000000002,epoch1_strong_moon,1.0,1.0,0.9809143850640334,0.3632575686931139,0.9892048900388546,4.311577895802504,1.211370843149617
192.70000000000002,epoch1_strong_moon,1.0,1.0,0.9809045759201828,0.36323940581467923,0.9893892359329147,4.312862259206279,1.2115719520432533
192.8,epoch1_strong_moon,1.0,1.0,0.9808947668744236,0.3632212438443885,0.9895734751455841,4.314145921955043,1.211772939396256
192.9,epoch1_strong_moon,1.0,1.0,0.9808849579267548,0.36320308278219626,0.9897576077276165,4.3154288843850255,1.2119738052707865
193.0,epoch1_strong_moon,1.0,1.0,0.9808751490771755,0.3631849226280571,0.9899416337297459,4.316711146832306,1.2121745497289604
193.10000000000002,epoch1_strong_moon,1.0,1.0,0.9808653403256847,0.3631667633819257,0.9901255532026874,4.317992709632815,1.2123751728328478
193.20000000000002,epoch1_strong_moon,1.0,1.0,0.9808555316722815,0.3631486050437566,0.9903093661971367,4.319273573122332,1.212575674644473
193.3,epoch1_strong_moon,1.0,1.0,0.9808457231169647,0.36313044761350444,0.9904930727637702,4.320553737636487,1.2127760552258149
193.4,epoch1_strong_moon,1.0,1.0,0.9808359146597335,0.36311229109112375,0.9906766729532448,4.321833203510762,1.2129763146388073
193.5,epoch1_strong_moon,1.0,1.0,0.980826106300587,0.3630941354765692,0.9908601668161982,4.323111971080487,1.2131764529453384
193.60000000000002,epoch1_strong_moon,1.0,1.0,0.980816298039524,0.36307598076979536,0.9910435544032486,4.324390040680844,1.2133764702072516
193.70000000000002,epoch1_strong_moon,1.0,1.0,0.9808064898765436,0.3630578269707569,0.9912268357649953,4.3256674126468635,1.213576366486345
193.8,epoch1_strong_moon,1.0,1.0,0.9807966818116448,0.36303967407940835,0.9914100109520175,4.326944087313429,1.213776141844372
193.9,epoch1_strong_moon,1.0,1.0,0.9807868738448267,0.3630215220957044,0.9915930800148756,4.328220065015271,1.2139757963430409
194.0,epoch1_strong_moon,1.0,1.0,0.9807770659760882,0.36300337101959956,0.99177604300411,4.329495346086975,1.2141753300440152
194.10000000000002,epoch1_strong_moon,1.0,1.0,0.9807672582054284,0.36298522085104856,0.9919588999702423,4.330769930862972,1.2143747430089145
194.20000000000002,epoch1_strong_moon,1.0,1.0,0.9807574505328464,0.362967071590006,0.9921416509637743,4.332043819677546,1.2145740352993128
194.3,epoch1_strong_moon,1.0,1.0,0.980747642958341,0.3629489232364265,0.9923242960351882,4.333317012864832,1.2147732069767407
194.4,epoch1_strong_moon,1.0,1.0,0.9807378354819115,0.3629307757902647,0.9925068352349472,4.334589510758814,1.2149722581026838
194.5,epoch1_strong_moon,1.0,1.0,0.9807280281035567,0.3629126292514752,0.9926892686134946,4.335861313693327,1.2151711887385837
194.60000000000002,epoch1_strong_moon,1.0,1.0,0.9807182208232758,0.36289448362001264,0.9928715962212544,4.337132422002056,1.2153699989458377
194.70000000000002,epoch1_strong_moon,1.0,1.0,0.9807084136410675,0.36287633889583165,0.993053818108631,4.338402836018538,1.2155686887857995
194.8,epoch1_strong_moon,1.0,1.0,0.9806986065569311,0.36285819507888684,0.9932359343260093,4.3396725560761595,1.2157672583197783
194.9,epoch1_strong_moon,1.0,1.0,0.9806887995708655,0.3628400521691329,0.9934179449237548,4.340941582508156,1.2159657076090398
195.0,epoch1_strong_moon,1.0,1.0,0.9806789926828698,0.36282191016652443,0.9935998499522132,4.342209915647617,1.216164036714806
195.10000000000002,epoch1_strong_moon,1.0,1.0,0.980669185892943,0.3628037690710161,0.9937816494617108,4.343477555827479,1.2163622456982552
195.20000000000002,epoch1_strong_moon,1.0,1.0,0.9806593792010841,0.36278562888256255,0.9939633435025543,4.344744503380532,1.216560334620522
195.3,epoch1_strong_moon,1.0,1.0,0.9806495726072921,0.36276748960111843,0.9941449321250309,4.346010758639416,1.2167583035426979
195.4,epoch1_strong_moon,1.0,1.0,0.980639766111566,0.3627493512266384,0.9943264153794079,4.3472763219366195,1.2169561525258306
195.5,epoch1_strong_moon,1.0,1.0,0.9806299597139049,0.362731213759077,0.9945077933159334,4.3485411936044835,1.2171538816309249
195.60000000000002,epoch1_strong_moon,1.0,1.0,0.9806201534143077,0.3627130771983891,0.9946890659848356,4.3498053739752,1.2173514909189422
195.70000000000002,epoch1_strong_moon,1.0,1.0,0.9806103472127736,0.36269494154452914,0.9948702334363232,4.35106886338081,1.217548980450801
195.8,epoch1_strong_moon,1.0,1.0,0.9806005411093015,0.3626768067974519,0.9950512957205851,4.352331662153207,1.2177463502873767
195.9,epoch1_strong_moon,1.0,1.0,0.9805907351038904,0.362658672957112,0.9952322528877908,4.353593770624135,1.217943600489502
196.0,epoch1_strong_moon,1.0,1.0,0.9805809291965394,0.3626405400234642,0.9954131049880899,4.354855189125187,1.2181407311179664
196.10000000000002,epoch1_strong_moon,1.0,1.0,0.9805711233872474,0.362622407996463,0.9955938520716123,4.356115917987809,1.2183377422335173
196.20000000000002,epoch1_strong_moon,1.0,1.0,0.9805613176760135,0.36260427687606317,0.9957744941884684,4.357375957543296,1.218534633896859
196.3,epoch1_strong_moon,1.0,1.0,0.9805515120628367,0.3625861466622194,0.9959550313887487,4.358635308122795,1.2187314061686536
196.4,epoch1_strong_moon,1.0,1.0,0.9805417065477161,0.36256801735488625,0.9961354637225243,4.359893970057304,1.2189280591095206
196.5,epoch1_strong_moon,1.0,1.0,0.9805319011306506,0.3625498889540185,0.996315791239846,4.361151943677671,1.2191245927800374
196.60000000000002,epoch1_strong_moon,1.0,1.0,0.9805220958116393,0.36253176145957083,0.9964960139907455,4.362409229314594,1.2193210072407388
196.70000000000002,epoch1_strong_moon,1.0,1.0,0.9805122905906811,0.36251363487149785,0.9966761320252344,4.363665827298625,1.2195173025521175
196.8,epoch1_strong_moon,1.0,1.0,0.9805024854677752,0.36249550918975426,0.9968561453933046,4.364921737960165,1.2197134787746244
196.9,epoch1_strong_moon,1.0,1.0,0.9804926804429205,0.3624773844142948,0.9970360541449281,4.366176961629464,1.2199095359686685
197.0,epoch1_strong_moon,1.0,1.0,0.980482875516116,0.36245926054507405,0.9972158583300574,4.367431498636627,1.2201054741946165
197.10000000000002,epoch1_strong_moon,1.0,1.0,0.9804730706873609,0.36244113758204677,0.9973955579986251,4.3686853493116065,1.2203012935127935
197.20000000000002,epoch1_strong_moon,1.0,1.0,0.980463265956654,0.36242301552516765,0.9975751532005439,4.3699385139842075,1.2204969939834829
197.3,epoch1_strong_moon,1.0,1.0,0.9804534613239945,0.3624048943743914,0.9977546439857068,4.371190992984087,1.2206925756669267
197.4,epoch1_strong_moon,1.0,1.0,0.9804436567893813,0.3623867741296727,0.9979340304039869,4.372442786640752,1.220888038623325
197.5,epoch1_strong_moon,1.0,1.0,0.9804338523528134,0.3623686547909662,0.9981133125052375,4.3736938952835605,1.2210833829128367
197.60000000000002,epoch1_strong_moon,1.0,1.0,0.98042404801429,0.36235053635822667,0.998292490339292,4.374944319241721,1.2212786085955791
197.70000000000002,epoch1_strong_moon,1.0,1.0,0.9804142437738098,0.36233241883140876,0.9984715639559641,4.376194058844295,1.2214737157316287
197.8,epoch1_strong_moon,1.0,1.0,0.980404439631372,0.3623143022104672,0.9986505334050475,4.377443114420193,1.2216687043810202
197.9,epoch1_strong_moon,1.0,1.0,0.9803946355869757,0.36229618649535666,0.998829398736316,4.3786914862981785,1.2218635746037476
198.0,epoch1_strong_moon,1.0,1.0,0.9803848316406198,0.3622780716860319,0.9990081599995237,4.379939174806865,1.222058326459764
198.10000000000002,epoch1_strong_moon,1.0,1.0,0.9803750277923035,0.3622599577824476,0.9991868172444047,4.381186180274719,1.222252960008981
198.20000000000002,epoch1_strong_moon,1.0,1.0,0.9803652240420255,0.36224184478455845,0.9993653705206732,4.382432503030056,1.2224474753112702
198.3,epoch1_strong_moon,1.0,1.0,0.9803554203897851,0.3622237326923192,0.9995438198780233,4.383678143401045,1.2226418724264614
198.4,epoch1_strong_moon,1.0,1.0,0.9803456168355812,0.3622056215056846,0.9997221653661296,4.384923101715702,1.2228361514143447
198.5,epoch1_strong_moon,1.0,1.0,0.9803358133794128,0.3621875112246093,0.9999004070346463,4.3861673783019,1.2230303123346689
198.60000000000002,epoch1_strong_moon,1.0,1.0,0.980326010021279,0.36216940184904806,1.0000785449332081,4.387410973487361,1.2232243552471427
198.70000000000002,epoch1_strong_moon,1.0,1.0,0.9803162067611787,0.36215129337895563,1.0002565791114295,4.3886538875996575,1.2234182802114342
198.8,epoch1_strong_moon,1.0,1.0,0.9803064035991111,0.36213318581428666,1.0004345096189051,4.389896120966214,1.223612087287171
198.9,epoch1_strong_moon,1.0,1.0,0.9802966005350752,0.36211507915499597,1.0006123365052095,4.391137673914308,1.2238057765339407
199.0,epoch1_strong_moon,1.0,1.0,0.9802867975690698,0.3620969734010382,1.0007900598198973,4.392378546771066,1.2239993480112907
199.10000000000002,epoch1_strong_moon,1.0,1.0,0.9802769947010941,0.36207886855236815,1.0009676796125033,4.3936187398634665,1.2241928017787282
199.20000000000002,epoch1_strong_moon,1.0,1.0,0.9802671919311471,0.36206076460894054,1.0011451959325421,4.394858253518342,1.2243861378957204
199.3,epoch1_strong_moon,1.0,1.0,0.9802573892592278,0.3620426615707101,1.0013226088295086,4.396097088062373,1.2245793564216945
199.4,epoch1_strong_moon,1.0,1.0,0.9802475866853352,0.36202455943763157,1.0014999183528772,4.397335243822094,1.224772457416038
199.5,epoch1_strong_moon,1.0,1.0,0.9802377842094683,0.3620064582096597,1.0016771245521026,4.398572721123891,1.2249654409380981
199.60000000000002,epoch1_strong_moon,1.0,1.0,0.9802279818316262,0.3619883578867492,1.0018542274766196,4.399809520294,1.2251583070471832
199.70000000000002,epoch1_strong_moon,1.0,1.0,0.9802181795518079,0.3619702584688549,1.0020312271758427,4.401045641658511,1.225351055802561
199.8,epoch1_strong_moon,1.0,1.0,0.9802083773700124,0.36195215995593144,1.0022081236991665,4.402281085543364,1.2255436872634609
199.9,epoch1_strong_moon,1.0,1.0,0.9801985752862388,0.3619340623479336,1.0023849170959653,4.403515852274351,1.2257362014890714
200.0,epoch2_mid_euk,0.5,0.5,0.9801887733004859,0.3619159656448162,1.0018745200360055,4.404132897225733,1.2257624330065844
200.1,epoch2_mid_euk,0.5,0.5,0.9801789714127529,0.361897869846534,1.0013668880993127,4.404749663199931,1.2257875238610745
200.2,epoch2_mid_euk,0.5,0.5,0.9801691696230388,0.3618797749530417,1.0008620073253551,4.405366148625536,1.22581148243716
200.3,epoch2_mid_euk,0.5,0.5,0.9801593679313426,0.36186168096429405,1.0003598638226179,4.405982351944502,1.225834317070577
200.4,epoch2_mid_euk,0.5,0.5,0.9801495663376633,0.36184358788024584,0.9998604437682642,4.406598271612067,1.2258560360484387
200.5,epoch2_mid_euk,0.5,0.5,0.9801397648419998,0.3618254957008518,0.9993637334077989,4.407213906096671,1.2258766476094949
200.6,epoch2_mid_euk,0.5,0.5,0.9801299634443514,0.3618074044260668,0.9988697190547335,4.407829253879879,1.2258961599443894
200.7,epoch2_mid_euk,0.5,0.5,0.980120162144717,0.36178931405584547,0.9983783870902523,4.4084443134563,1.225914581195916
200.8,epoch2_mid_euk,0.5,0.5,0.9801103609430956,0.36177122459014266,0.9978897239628808,4.409059083333511,1.2259319194592742
200.9,epoch2_mid_euk,0.5,0.5,0.9801005598394861,0.3617531360289131,0.9974037161881554,4.409673562031976,1.2259481827823222
201.0,epoch2_mid_euk,0.5,0.5,0.9800907588338876,0.3617350483721117,0.9969203503482948,4.410287748084973,1.2259633791658295
201.1,epoch2_mid_euk,0.5,0.5,0.9800809579262993,0.3617169616196931,0.9964396130918733,4.410901640038513,1.2259775165637279
201.2,epoch2_mid_euk,0.5,0.5,0.9800711571167201,0.3616988757716121,0.9959614911334949,4.411515236451265,1.2259906028833614
201.3,epoch2_mid_euk,0.5,0.5,0.9800613564051489,0.3616807908278235,0.9954859712534694,4.412128535894482,1.2260026459857347
201.4,epoch2_mid_euk,0.5,0.5,0.9800515557915849,0.3616627067882821,0.9950130402974909,4.412741536951918,1.2260136536857609
201.5,epoch2_mid_euk,0.5,0.5,0.980041755276027,0.3616446236529427,0.9945426851763166,4.413354238219762,1.2260236337525063
201.6,epoch2_mid_euk,0.5,0.5,0.9800319548584743,0.36162654142176004,0.9940748928654476,4.413966638306557,1.2260325939094365
201.7,epoch2_mid_euk,0.5,0.5,0.9800221545389257,0.36160846009468894,0.9936096504048116,4.4145787358331265,1.2260405418346592
201.8,epoch2_mid_euk,0.5,0.5,0.9800123543173803,0.3615903796716842,0.993146944898447,4.4151905294325005,1.2260474851611662
201.9,epoch2_mid_euk,0.5,0.5,0.9800025541938372,0.36157230015270064,0.9926867635141882,4.415802017749844,1.2260534314770752
202.0,epoch2_mid_euk,0.5,0.5,0.9799927541682952,0.361554221537693,0.9922290934833525,4.4164131994423785,1.226058388325869
202.1,epoch2_mid_euk,0.5,0.5,0.9799829542407535,0.36153614382661614,0.9917739221004296,4.417024073179315,1.2260623632066343
202.2,epoch2_mid_euk,0.5,0.5,0.9799731544112111,0.3615180670194248,0.9913212367227705,4.417634637641775,1.2260653635742984
202.3,epoch2_mid_euk,0.5,0.5,0.979963354679667,0.36149999111607384,0.9908710247702802,4.418244891522727,1.2260673968398665
202.4,epoch2_mid_euk,0.5,0.5,0.9799535550461203,0.36148191611651803,0.9904232737251104,4.418854833526906,1.2260684703706557
202.5,epoch2_mid_euk,0.5,0.5,0.9799437555105698,0.3614638420207122,0.989977971131354,4.419464462370745,1.226068591490529
202.6,epoch2_mid_euk,0.5,0.5,0.9799339560730147,0.3614457688286112,0.9895351045947415,4.4200737767823055,1.2260677674801275
202.7,epoch2_mid_euk,0.5,0.5,0.979924156733454,0.36142769654016976,0.9890946617823385,4.4206827755012075,1.2260660055771024
202.8,epoch2_mid_euk,0.5,0.5,0.9799143574918867,0.36140962515534275,0.988656630422245,4.4212914572785555,1.226063312976345
202.9,epoch2_mid_euk,0.5,0.5,0.9799045583483118,0.36139155467408496,0.9882209983032958,4.421899820876873,1.2260596968302147
203.0,epoch2_mid_euk,0.5,0.5,0.9798947593027283,0.36137348509635125,0.9877877532747623,4.4225078650700285,1.226055164248768
203.1,epoch2_mid_euk,0.5,0.5,0.9798849603551353,0.36135541642209645,0.9873568832460566,4.423115588643169,1.2260497222999847
203.2,epoch2_mid_euk,0.5,0.5,0.9798751615055318,0.36133734865127537,0.986928376186436,4.423722990392653,1.226043378009993
203.3,epoch2_mid_euk,0.5,0.5,0.9798653627539167,0.3613192817838428,0.9865022201247093,4.424330069125977,1.2260361383632947
203.4,epoch2_mid_euk,0.5,0.5,0.9798555641002892,0.3613012158197536,0.9860784031489449,4.424936823661713,1.2260280103029875
203.5,epoch2_mid_euk,0.5,0.5,0.9798457655446482,0.3612831507589626,0.98565691340618,4.425543252829437,1.2260190007309872
203.6,epoch2_mid_euk,0.5,0.5,0.9798359670869927,0.36126508660142465,0.985237739102131,4.426149355469663,1.226009116508249
203.7,epoch2_mid_euk,0.5,0.5,0.9798261687273219,0.3612470233470946,0.9848208685009058,4.4267551304337776,1.2259983644549868
203.8,epoch2_mid_euk,0.5,0.5,0.9798163704656346,0.3612289609959272,0.9844062899247172,4.42736057658397,1.2259867513508924
203.9,epoch2_mid_euk,0.5,0.5,0.97980657230193,0.36121089954787744,0.9839939917535981,4.42796569279317,1.2259742839353525
204.0,epoch2_mid_euk,0.5,0.5,0.979796774236207,0.36119283900290006,0.9835839624251171,4.428570477944978,1.225960968907665
204.1,epoch2_mid_euk,0.5,0.5,0.9797869762684647,0.36117477936094994,0.9831761904340967,4.429174930933604,1.2259468129272546
204.2,epoch2_mid_euk,0.5,0.5,0.9797771783987019,0.3611567206219819,0.982770664332332,4.429779050663797,1.2259318226138876
204.3,epoch2_mid_euk,0.5,0.5,0.9797673806269179,0.3611386627859508,0.9823673727283114,4.430382836050784,1.2259160045478834
204.4,epoch2_mid_euk,0.5,0.5,0.9797575829531117,0.3611206058528115,0.9819663042869384,4.430986286020207,1.2258993652703283
204.5,epoch2_mid_euk,0.5,0.5,0.9797477853772821,0.3611025498225189,0.9815674477292544,4.431589399508056,1.2258819112832848
204.6,epoch2_mid_euk,0.5,0.5,0.9797379878994283,0.36108449469502774,0.9811707918321634,4.432192175460604,1.2258636490500028
204.7,epoch2_mid_euk,0.5,0.5,0.9797281905195494,0.36106644047029296,0.9807763254281577,4.432794612834348,1.2258445849951272
204.8,epoch2_mid_euk,0.5,0.5,0.9797183932376442,0.3610483871482694,0.9803840374050453,4.433396710595943,1.2258247255049066
204.9,epoch2_mid_euk,0.5,0.5,0.9797085960537119,0.361030334728912,0.9799939167056783,4.43399846772214,1.2258040769273992
205.0,epoch2_mid_euk,0.5,0.5,0.9796987989677514,0.36101228321217554,0.9796059523276823,4.4345998831997235,1.2257826455726788
205.1,epoch2_mid_euk,0.5,0.5,0.9796890019797617,0.36099423259801494,0.9792201333231886,4.435200956025451,1.2257604377130389
205.2,epoch2_mid_euk,0.5,0.5,0.9796792050897419,0.36097618288638506,0.9788364487985654,4.435801685205988,1.2257374595831967
205.3,epoch2_mid_euk,0.5,0.5,0.979669408297691,0.36095813407724076,0.9784548879141524,4.4364020697578495,1.225713717380495
205.4,epoch2_mid_euk,0.5,0.5,0.979659611603608,0.3609400861705369,0.9780754398839956,4.437002108707339,1.225689217265104
205.5,epoch2_mid_euk,0.5,0.5,0.979649815007492,0.3609220391662284,0.9776980939755837,4.437601801090486,1.2256639653602208
205.6,epoch2_mid_euk,0.5,0.5,0.979640018509342,0.36090399306427007,0.977322839509586,4.438201145952989,1.2256379677522702
205.7,epoch2_mid_euk,0.5,0.5,0.979630222109157,0.36088594786461686,0.9769496658595905,4.43880014235015,1.2256112304911015
205.8,epoch2_mid_euk,0.5,0.5,0.9796204258069359,0.36086790356722365,0.9765785624518453,4.4393987893468205,1.2255837595901868
205.9,epoch2_mid_euk,0.5,0.5,0.9796106296026778,0.3608498601720453,0.9762095187649991,4.439997086017339,1.2255555610268167
206.0,epoch2_mid_euk,0.5,0.5,0.9796008334963817,0.36083181767903666,0.9758425243298443,4.440595031445473,1.2255266407422958
206.1,epoch2_mid_euk,0.5,0.5,0.9795910374880468,0.3608137760881527,0.9754775687290612,4.44119262472436,1.2254970046421367
206.2,epoch2_mid_euk,0.5,0.5,0.9795812415776719,0.3607957353993483,0.9751146415969629,4.44178986495645,1.225466658596254
206.3,epoch2_mid_euk,0.5,0.5,0.9795714457652561,0.36077769561257833,0.9747537326192419,4.442386751253443,1.2254356084391553
206.4,epoch2_mid_euk,0.5,0.5,0.9795616500507984,0.3607596567277977,0.974394831532718,4.4429832827362405,1.2254038599701336
206.5,epoch2_mid_euk,0.5,0.5,0.9795518544342979,0.3607416187449613,0.9740379281250869,4.443579458534878,1.225371418953457
206.6,epoch2_mid_euk,0.5,0.5,0.9795420589157536,0.3607235816640241,0.9736830122346709,4.444175277788475,1.2253382911185584
206.7,epoch2_mid_euk,0.5,0.5,0.9795322634951644,0.3607055454849409,0.9733300737501698,4.4447707396451746,1.2253044821602235
206.8,epoch2_mid_euk,0.5,0.5,0.9795224681725295,0.36068751020766665,0.9729791026104138,4.4453658432620875,1.225269997738778
206.9,epoch2_mid_euk,0.5,0.5,0.9795126729478478,0.36066947583215625,0.9726300888041174,4.445960587805237,1.225234843480275
207.0,epoch2_mid_euk,0.5,0.5,0.9795028778211183,0.36065144235836466,0.9722830223696342,4.446554972449502,1.2251990249766789
207.1,epoch2_mid_euk,0.5,0.5,0.9794930827923402,0.36063340978624675,0.9719378933947131,4.447148996378564,1.2251625477860515
207.2,epoch2_mid_euk,0.5,0.5,0.9794832878615122,0.36061537811575745,0.9715946920162563,4.447742658784846,1.2251254174327346
207.3,epoch2_mid_euk,0.5,0.5,0.9794734930286335,0.36059734734685167,0.9712534084200769,4.448335958869464,1.2250876394075325
207.4,epoch2_mid_euk,0.5,0.5,0.9794636982937033,0.36057931747948435,0.9709140328406598,4.448928895842169,1.2250492191678943
207.5,epoch2_mid_euk,0.5,0.5,0.9794539036567204,0.36056128851361036,0.9705765555609218,4.449521468921294,1.2250101621380944
207.6,epoch2_mid_euk,0.5,0.5,0.9794441091176838,0.36054326044918467,0.9702409669119743,4.450113677333697,1.2249704737094118
207.7,epoch2_mid_euk,0.5,0.5,0.9794343146765926,0.3605252332861622,0.969907257272886,4.4507055203147114,1.2249301592403097
207.8,epoch2_mid_euk,0.5,0.5,0.9794245203334458,0.3605072070244979,0.969575417070448,4.451296997108091,1.2248892240566132
207.9,epoch2_mid_euk,0.5,0.5,0.9794147260882425,0.3604891816641467,0.969245436778939,4.4518881069659555,1.224847673451686
208.0,epoch2_mid_euk,0.5,0.5,0.9794049319409817,0.36047115720506345,0.9689173069198922,4.452478849148738,1.224805512686607
208.1,epoch2_mid_euk,0.5,0.5,0.9793951378916622,0.3604531336472032,0.9685910180618629,4.4530692229251345,1.2247627469903455
208.2,epoch2_mid_euk,0.5,0.5,0.9793853439402833,0.36043511099052084,0.968266560820198,4.453659227572049,1.2247193815599349
208.3,epoch2_mid_euk,0.5,0.5,0.979375550086844,0.3604170892349713,0.9679439258568058,4.454248862374543,1.224675421560647
208.4,epoch2_mid_euk,0.5,0.5,0.979365756331343,0.36039906838050956,0.9676231038799273,4.454838126625783,1.2246308721261638
208.5,epoch2_mid_euk,0.5,0.5,0.9793559626737798,0.3603810484270905,0.9673040856439088,4.455427019626991,1.2245857383587497
208.6,epoch2_mid_euk,0.5,0.5,0.9793461691141531,0.36036302937466913,0.9669868619489751,4.456015540687389,1.2245400253294219
208.7,epoch2_mid_euk,0.5,0.5,0.9793363756524619,0.3603450112232004,0.9666714236410043,4.456603689124154,1.2244937380781202
208.8,epoch2_mid_euk,0.5,0.5,0.9793265822887054,0.36032699397263923,0.9663577616113036,4.457191464262361,1.2244468816138765
208.9,epoch2_mid_euk,0.5,0.5,0.9793167890228826,0.3603089776229406,0.9660458667963858,4.457778865434939,1.2243994609149824
209.0,epoch2_mid_euk,0.5,0.5,0.9793069958549924,0.3602909621740595,0.9657357301777475,4.458365891982617,1.2243514809291565
209.1,epoch2_mid_euk,0.5,0.5,0.9792972027850338,0.3602729476259508,0.9654273427816479,4.458952543253875,1.2243029465737112
209.2,epoch2_mid_euk,0.5,0.5,0.979287409813006,0.3602549339785695,0.9651206956788888,4.459538818604893,1.224253862735718
209.3,epoch2_mid_euk,0.5,0.5,0.9792776169389079,0.36023692123187057,0.9648157799845961,4.460124717399507,1.2242042342721722
209.4,epoch2_mid_euk,0.5,0.5,0.9792678241627385,0.36021890938580897,0.9645125868580017,4.460710239009154,1.2241540660101566
209.5,epoch2_mid_euk,0.5,0.5,0.9792580314844969,0.3602008984403397,0.9642111075022266,4.4612953828128274,1.2241033627470046
209.6,epoch2_mid_euk,0.5,0.5,0.979248238904182,0.3601828883954177,0.9639113331640659,4.461880148197026,1.2240521292504625
209.7,epoch2_mid_euk,0.5,0.5,0.9792384464217929,0.3601648792509979,0.9636132551337733,4.462464534555707,1.2240003702588507
209.8,epoch2_mid_euk,0.5,0.5,0.9792286540373287,0.36014687100703535,0.9633168647448481,4.463048541290239,1.223948090481224
209.9,epoch2_mid_euk,0.5,0.5,0.9792188617507883,0.360128863663485,0.9630221533738228,4.463632167809353,1.2238952945975319
210.0,epoch2_mid_euk,0.5,0.5,0.9792090695621708,0.36011085722030184,0.9627291124400512,4.464215413529095,1.2238419872587762
210.1,epoch2_mid_euk,0.5,0.5,0.9791992774714752,0.3600928516774408,0.9624377334054981,4.464798277872781,1.2237881730871703
210.2,epoch2_mid_euk,0.5,0.5,0.9791894854787004,0.3600748470348569,0.9621480077745299,4.465380760270946,1.2237338566762956
210.3,epoch2_mid_euk,0.5,0.5,0.9791796935838456,0.3600568432925052,0.9618599270937064,4.465962860161304,1.2236790425912585
210.4,epoch2_mid_euk,0.5,0.5,0.9791699017869098,0.36003884045034057,0.961573482951573,4.466544576988694,1.2236237353688453
210.5,epoch2_mid_euk,0.5,0.5,0.9791601100878919,0.36002083850831806,0.9612886669784546,4.46712591020504,1.2235679395176773
210.6,epoch2_mid_euk,0.5,0.5,0.979150318486791,0.36000283746639267,0.9610054708462504,4.467706859269302,1.223511659518365
210.7,epoch2_mid_euk,0.5,0.5,0.9791405269836061,0.35998483732451936,0.9607238862682292,4.468287423647431,1.2234548998236607
210.8,epoch2_mid_euk,0.5,0.5,0.9791307355783363,0.3599668380826531,0.9604439049988263,4.468867602812327,1.2233976648586116
210.9,epoch2_mid_euk,0.5,0.5,0.9791209442709805,0.359948839740749,0.9601655188334407,4.469447396243787,1.2233399590207106
211.0,epoch2_mid_euk,0.5,0.5,0.9791111530615378,0.35993084229876193,0.9598887196082346,4.470026803428467,1.2232817866800478
211.1,epoch2_mid_euk,0.5,0.5,0.9791013619500072,0.359912845756647,0.9596134991999322,4.4706058238598345,1.2232231521794605
211.2,epoch2_mid_euk,0.5,0.5,0.9790915709363877,0.3598948501143592,0.9593398495256207,4.471184457038124,1.2231640598346818
211.3,epoch2_mid_euk,0.5,0.5,0.9790817800206782,0.35987685537185343,0.9590677625425517,4.4717627024702935,1.2231045139344894
211.4,epoch2_mid_euk,0.5,0.5,0.9790719892028781,0.35985886152908486,0.9587972302479436,4.472340559669981,1.2230445187408538
211.5,epoch2_mid_euk,0.5,0.5,0.979062198482986,0.3598408685860084,0.9585282446787857,4.472918028157459,1.2229840784890849
211.6,epoch2_mid_euk,0.5,0.5,0.9790524078610012,0.3598228765425791,0.9582607979116421,4.473495107459597,1.2229231973879777
211.7,epoch2_mid_euk,0.5,0.5,0.9790426173369227,0.359804885398752,0.9579948820624571,4.4740717971098105,1.2228618796199588
211.8,epoch2_mid_euk,0.5,0.5,0.9790328269107493,0.35978689515448203,0.957730489286362,4.474648096648022,1.22280012934123
211.9,epoch2_mid_euk,0.5,0.5,0.9790230365824802,0.3597689058097243,0.957467611777482,4.475224005620621,1.2227379506819132
212.0,epoch2_mid_euk,0.5,0.5,0.9790132463521144,0.3597509173644338,0.9572062417687447,4.475799523580416,1.2226753477461925
212.1,epoch2_mid_euk,0.5,0.5,0.9790034562196509,0.3597329298185656,0.9569463715316894,4.476374650086597,1.2226123246124578
212.2,epoch2_mid_euk,0.5,0.5,0.9789936661850887,0.35971494317207464,0.9566879933762769,4.4769493847046915,1.2225488853334459
212.3,epoch2_mid_euk,0.5,0.5,0.9789838762484268,0.35969695742491603,0.9564310996507007,4.477523727006524,1.222485033936381
212.4,epoch2_mid_euk,0.5,0.5,0.9789740864096643,0.3596789725770448,0.9561756827411992,4.478097676570174,1.2224207744231164
212.5,epoch2_mid_euk,0.5,0.5,0.9789642966688002,0.35966098862841595,0.9559217350718684,4.478671232979933,1.222356110770272
212.6,epoch2_mid_euk,0.5,0.5,0.9789545070258335,0.35964300557898454,0.9556692491044755,4.479244395826267,1.2222910469293753
212.7,epoch2_mid_euk,0.5,0.5,0.9789447174807633,0.3596250234287056,0.955418217338274,4.479817164705774,1.2222255868269978
212.8,epoch2_mid_euk,0.5,0.5,0.9789349280335885,0.3596070421775342,0.9551686323098194,4.480389539221142,1.222159734364893
212.9,epoch2_mid_euk,0.5,0.5,0.9789251386843082,0.3595890618254253,0.9549204865927854,4.480961518981112,1.2220934934201328
213.0,epoch2_mid_euk,0.5,0.5,0.9789153494329214,0.35957108237233404,0.9546737727977813,4.481533103600436,1.2220268678452444
213.1,epoch2_mid_euk,0.5,0.5,0.978905560279427,0.3595531038182154,0.9544284835721708,4.482104292699837,1.2219598614683438
213.2,epoch2_mid_euk,0.5,0.5,0.9788957712238242,0.3595351261630245,0.9541846115998907,4.482675085905969,1.2218924780932718
213.3,epoch2_mid_euk,0.5,0.5,0.978885982266112,0.35951714940671636,0.9539421496012712,4.4832454828513795,1.2218247214997275
213.4,epoch2_mid_euk,0.5,0.5,0.9788761934062894,0.35949917354924604,0.9537010903328572,4.483815483174469,1.2217565954434009
213.5,epoch2_mid_euk,0.5,0.5,0.9788664046443554,0.3594811985905686,0.9534614265872295,4.4843850865194534,1.2216881036561058
213.6,epoch2_mid_euk,0.5,0.5,0.9788566159803089,0.35946322453063906,0.9532231511928282,4.484954292536322,1.2216192498459117
213.7,epoch2_mid_euk,0.5,0.5,0.9788468274141491,0.3594452513694125,0.9529862570137756,4.485523100880803,1.2215500376972745
213.8,epoch2_mid_euk,0.5,0.5,0.9788370389458749,0.3594272791068441,0.9527507369497012,4.4860915112143225,1.221480470871167
213.9,epoch2_mid_euk,0.5,0.5,0.9788272505754855,0.35940930774288876,0.952516583935567,4.486659523203968,1.221410553005209
214.0,epoch2_mid_euk,0.5,0.5,0.9788174623029797,0.3593913372775016,0.9522837909414934,4.487227136522449,1.2213402877137958
214.1,epoch2_mid_euk,0.5,0.5,0.9788076741283567,0.3593733677106377,0.9520523509725861,4.487794350848062,1.2212696785882269
214.2,epoch2_mid_euk,0.5,0.5,0.9787978860516154,0.35935539904225217,0.9518222570687646,4.4883611658646485,1.2211987291968334
214.3,epoch2_mid_euk,0.5,0.5,0.9787880980727549,0.35933743127230006,0.9515935023045902,4.488927581261563,1.2211274430851056
214.4,epoch2_mid_euk,0.5,0.5,0.9787783101917742,0.3593194644007364,0.9513660797890959,4.489493596733633,1.221055823775819
214.5,epoch2_mid_euk,0.5,0.5,0.9787685224086723,0.3593014984275164,0.9511399826656168,4.490059211981121,1.2209838747691597
214.6,epoch2_mid_euk,0.5,0.5,0.9787587347234482,0.35928353335259505,0.9509152041116212,4.490624426709693,1.2209115995428506
214.7,epoch2_mid_euk,0.5,0.5,0.9787489471361009,0.35926556917592745,0.9506917373385426,4.4911892406303755,1.2208390015522745
214.8,epoch2_mid_euk,0.5,0.5,0.9787391596466296,0.3592476058974686,0.9504695755916128,4.491753653459525,1.2207660842305987
214.9,epoch2_mid_euk,0.5,0.5,0.9787293722550331,0.35922964351717374,0.9502487121496952,4.4923176649187875,1.220692850988898
215.0,epoch2_mid_euk,0.5,0.5,0.9787195849613105,0.35921168203499787,0.9500291403251195,4.492881274735066,1.2206193052162766
215.1,epoch2_mid_euk,0.5,0.5,0.9787097977654609,0.3591937214508961,0.9498108534635171,4.493444482640484,1.220545450279991
215.2,epoch2_mid_euk,0.5,0.5,0.9787000106674832,0.3591757617648236,0.949593844943657,4.49400728837235,1.2204712895255707
215.3,epoch2_mid_euk,0.5,0.5,0.9786902236673766,0.35915780297673533,0.9493781081772827,4.49456969167312,1.2203968262769385
215.4,epoch2_mid_euk,0.5,0.5,0.9786804367651399,0.3591398450865865,0.9491636366089502,4.495131692290366,1.2203220638365309
215.5,epoch2_mid_euk,0.5,0.5,0.9786706499607722,0.35912188809433215,0.9489504237158661,4.495693289976741,1.220247005485417
215.6,epoch2_mid_euk,0.5,0.5,0.9786608632542726,0.35910393199992746,0.9487384630077272,4.496254484489941,1.2201716544834182
215.7,epoch2_mid_euk,0.5,0.5,0.9786510766456401,0.3590859768033275,0.9485277480265604,4.496815275592676,1.220096014069225
215.8,epoch2_mid_euk,0.5,0.5,0.9786412901348737,0.3590680225044873,0.9483182723465634,4.497375663052629,1.220020087460515
215.9,epoch2_mid_euk,0.5,0.5,0.9786315037219723,0.3590500691033621,0.9481100295739467,4.497935646642428,1.2199438778540703
216.0,epoch2_mid_euk,0.5,0.5,0.978621717406935,0.35903211659990697,0.9479030133467761,4.498495226139609,1.219867388425893
216.1,epoch2_mid_euk,0.5,0.5,0.978611931189761,0.35901416499407696,0.947697217334815,4.499054401326585,1.2197906223313215
216.2,epoch2_mid_euk,0.5,0.5,0.9786021450704491,0.35899621428582723,0.9474926352393696,4.4996131719906085,1.219713582705145
216.3,epoch2_mid_euk,0.5,0.5,0.9785923590489983,0.35897826447511294,0.9472892607931324,4.500171537923741,1.2196362726617185
216.4,epoch2_mid_euk,0.5,0.5,0.9785825731254079,0.3589603155618892,0.9470870877600286,4.500729498922821,1.2195586952950759
216.5,epoch2_mid_euk,0.5,0.5,0.9785727872996766,0.3589423675461111,0.9468861099350621,4.501287054789428,1.219480853679044
216.6,epoch2_mid_euk,0.5,0.5,0.9785630015718035,0.35892442042773376,0.9466863211441618,4.501844205329851,1.2194027508673548
216.7,epoch2_mid_euk,0.5,0.5,0.9785532159417878,0.35890647420671234,0.9464877152440305,4.502400950355059,1.219324389893758
216.8,epoch2_mid_euk,0.5,0.5,0.9785434304096283,0.358888528883002,0.9462902861219924,4.502957289680664,1.2192457737721318
216.9,epoch2_mid_euk,0.5,0.5,0.9785336449753242,0.35887058445655784,0.9460940276958426,4.503513223126891,1.2191669054965946
217.0,epoch2_mid_euk,0.5,0.5,0.9785238596388744,0.358852640927335,0.9458989339136973,4.504068750518548,1.2190877880416144
217.1,epoch2_mid_euk,0.5,0.5,0.978514074400278,0.35883469829528863,0.9457049987538442,4.50462387168499,1.2190084243621198
217.2,epoch2_mid_euk,0.5,0.5,0.978504289259534,0.3588167565603739,0.945512216224594,4.50517858646009,1.218928817393608
217.3,epoch2_mid_euk,0.5,0.5,0.9784945042166414,0.35879881572254585,0.9453205803641327,4.50573289468221,1.2188489700522542
217.4,epoch2_mid_euk,0.5,0.5,0.9784847192715993,0.3587808757817597,0.9451300852403742,4.506286796194164,1.2187688852350196
217.5,epoch2_mid_euk,0.5,0.5,0.9784749344244066,0.3587629367379706,0.944940724950814,4.506840290843191,1.2186885658197582
217.6,epoch2_mid_euk,0.5,0.5,0.9784651496750624,0.35874499859113373,0.9447524936223837,4.5073933784809235,1.2186080146653242
217.7,epoch2_mid_euk,0.5,0.5,0.9784553650235657,0.3587270613412042,0.9445653854113054,4.507946058963356,1.218527234611679
217.8,epoch2_mid_euk,0.5,0.5,0.9784455804699155,0.3587091249881371,0.9443793945029484,4.508498332150816,1.2184462284799962
217.9,epoch2_mid_euk,0.5,0.5,0.9784357960141108,0.3586911895318877,0.9441945151116847,4.50905019790793,1.2183649990727665
218.0,epoch2_mid_euk,0.5,0.5,0.9784260116561506,0.35867325497241115,0.9440107414807468,4.5096016561036,1.2182835491739037
218.1,epoch2_mid_euk,0.5,0.5,0.9784162273960341,0.35865532130966254,0.9438280678820851,4.510152706610965,1.2182018815488476
218.2,epoch2_mid_euk,0.5,0.5,0.9784064432337601,0.35863738854359706,0.9436464886162265,4.510703349307379,1.2181199989446687
218.3,epoch2_mid_euk,0.5,0.5,0.9783966591693278,0.3586194566741699,0.9434659980121339,4.511253584074376,1.2180379040901703
218.4,epoch2_mid_euk,0.5,0.5,0.9783868752027362,0.3586015257013362,0.943286590427066,4.5118034107976435,1.2179555996959917
218.5,epoch2_mid_euk,0.5,0.5,0.9783770913339841,0.3585835956250511,0.9431082602464376,4.512352829366991,1.2178730884547098
218.6,epoch2_mid_euk,0.5,0.5,0.9783673075630708,0.3585656664452698,0.9429310018836812,4.512901839676323,1.217790373040941
218.7,epoch2_mid_euk,0.5,0.5,0.9783575238899952,0.35854773816194757,0.9427548097801088,4.513450441623609,1.2177074561114418
218.8,epoch2_mid_euk,0.5,0.5,0.9783477403147562,0.3585298107750395,0.9425796784047749,4.5139986351108545,1.2176243403052094
218.9,epoch2_mid_euk,0.5,0.5,0.9783379568373531,0.3585118842845007,0.942405602254339,4.514546420044072,1.217541028243581
219.0,epoch2_mid_euk,0.5,0.5,0.9783281734577848,0.3584939586902865,0.9422325758529305,4.515093796333252,1.2174575225303343
219.1,epoch2_mid_euk,0.5,0.5,0.9783183901760502,0.358476033992352,0.9420605937520128,4.515640763892339,1.2173738257517852
219.2,epoch2_mid_euk,0.5,0.5,0.9783086069921484,0.3584581101906524,0.9418896505302486,4.516187322639197,1.2172899404768869
219.3,epoch2_mid_euk,0.5,0.5,0.9782988239060785,0.3584401872851428,0.9417197407933663,4.516733472495584,1.217205869257327
219.4,epoch2_mid_euk,0.5,0.5,0.9782890409178394,0.3584222652757786,0.941550859174026,4.517279213387129,1.217121614627626
219.5,epoch2_mid_euk,0.5,0.5,0.9782792580274302,0.3584043441625148,0.9413830003316873,4.517824545243294,1.2170371791052323
219.6,epoch2_mid_euk,0.5,0.5,0.97826947523485,0.3583864239453067,0.9412161589524768,4.518369467997358,1.2169525651906201
219.7,epoch2_mid_euk,0.5,0.5,0.9782596925400976,0.3583685046241094,0.941050329749057,4.518913981586381,1.2168677753673844
219.8,epoch2_mid_euk,0.5,0.5,0.9782499099431722,0.3583505861988782,0.9408855074604955,4.519458085951179,1.2167828121023365
219.9,epoch2_mid_euk,0.5,0.5,0.9782401274440727,0.35833266866956826,0.9407216868521345,4.5200017810363,1.2166976778455982
220.0,epoch2_mid_euk,0.5,0.5,0.9782303450427983,0.3583147520361348,0.9405588627154619,4.520545066789994,1.2166123750306972
220.1,epoch2_mid_euk,0.5,0.5,0.9782205627393479,0.358296836298533,0.9403970298679816,4.521087943164188,1.2165269060746597
220.2,epoch2_mid_euk,0.5,0.5,0.9782107805337205,0.3582789214567181,0.9402361831530861,4.521630410114457,1.2164412733781047
220.3,epoch2_mid_euk,0.5,0.5,0.9782009984259151,0.35826100751064527,0.9400763174399284,4.522172467600001,1.2163554793253357
220.4,epoch2_mid_euk,0.5,0.5,0.9781912164159309,0.35824309446026975,0.9399174276232949,4.522714115583614,1.216269526284434
220.5,epoch2_mid_euk,0.5,0.5,0.9781814345037667,0.35822518230554673,0.9397595086234796,4.523255354031665,1.2161834166073504
220.6,epoch2_mid_euk,0.5,0.5,0.9781716526894216,0.35820727104643146,0.9396025553861577,4.523796182914064,1.2160971526299957
220.7,epoch2_mid_euk,0.5,0.5,0.9781618709728948,0.35818936068287915,0.9394465628822608,4.524336602204242,1.2160107366723323
220.8,epoch2_mid_euk,0.5,0.5,0.9781520893541851,0.358171451214845,0.9392915261078525,4.5248766118791215,1.2159241710384645
220.9,epoch2_mid_euk,0.5,0.5,0.9781423078332915,0.3581535426422843,0.9391374400840041,4.525416211919094,1.2158374580167286
221.0,epoch2_mid_euk,0.5,0.5,0.9781325264102132,0.35813563496515216,0.9389842998566718,4.525955402307993,1.2157505998797817
221.1,epoch2_mid_euk,0.5,0.5,0.9781227450849491,0.3581177281834039,0.9388321004965733,4.526494183033069,1.215663598884691
221.2,epoch2_mid_euk,0.5,0.5,0.9781129638574982,0.3580998222969948,0.9386808370990665,4.527032554084965,1.2155764572730228
221.3,epoch2_mid_euk,0.5,0.5,0.9781031827278597,0.3580819173058799,0.9385305047840273,4.52757051545769,1.2154891772709293
221.4,epoch2_mid_euk,0.5,0.5,0.9780934016960324,0.35806401321001463,0.9383810986957294,4.528108067148595,1.2154017610892376
221.5,epoch2_mid_euk,0.5,0.5,0.9780836207620155,0.35804611000935416,0.9382326140027232,4.52864520915835,1.215314210923536
221.6,epoch2_mid_euk,0.5,0.5,0.9780738399258079,0.3580282077038537,0.9380850458977165,4.5291819414909185,1.2152265289542608
221.7,epoch2_mid_euk,0.5,0.5,0.9780640591874086,0.35801030629346847,0.9379383895974556,4.52971826415353,1.215138717346782
221.8,epoch2_mid_euk,0.5,0.5,0.9780542785468167,0.3579924057781538,0.9377926403426061,4.530254177156661,1.2150507782514903
221.9,epoch2_mid_euk,0.5,0.5,0.9780444980040313,0.35797450615786486,0.9376477933976356,4.530789680514006,1.2149627138038812
222.0,epoch2_mid_euk,0.5,0.5,0.9780347175590512,0.357956607432557,0.9375038440506958,4.531324774242459,1.2148745261246403
222.1,epoch2_mid_euk,0.5,0.5,0.9780249372118757,0.3579387096021853,0.9373607876135058,4.531859458362084,1.2147862173197277
222.2,epoch2_mid_euk,0.5,0.5,0.9780151569625035,0.3579208126667052,0.9372186194212362,4.532393732896095,1.214697789480462
222.3,epoch2_mid_euk,0.5,0.5,0.9780053768109339,0.3579029166260719,0.9370773348323929,4.53292759787083,1.2146092446836034
222.4,epoch2_mid_euk,0.5,0.5,0.9779955967571659,0.3578850214802406,0.9369369292287021,4.533461053315731,1.2145205849914373
222.5,epoch2_mid_euk,0.5,0.5,0.9779858168011982,0.3578671272291666,0.9367973980149962,4.533994099263317,1.214431812451857
222.6,epoch2_mid_euk,0.5,0.5,0.9779760369430303,0.35784923387280515,0.9366587366190993,4.534526735749164,1.2143429290984449
222.7,epoch2_mid_euk,0.5,0.5,0.9779662571826608,0.3578313414111115,0.9365209404917139,4.53505896281188,1.2142539369505554
222.8,epoch2_mid_euk,0.5,0.5,0.977956477520089,0.35781344984404095,0.9363840051063081,4.535590780493083,1.2141648380133958
222.9,epoch2_mid_euk,0.5,0.5,0.9779466979553137,0.35779555917154876,0.9362479259590034,4.536122188837377,1.2140756342781072
223.0,epoch2_mid_euk,0.5,0.5,0.9779369184883342,0.3577776693935902,0.9361126985684625,4.53665318789233,1.2139863277218446
223.1,epoch2_mid_euk,0.5,0.5,0.9779271391191493,0.35775978051012053,0.9359783184757784,4.537183777708456,1.2138969203078576
223.2,epoch2_mid_euk,0.5,0.5,0.9779173598477581,0.357741892521095,0.9358447812443639,4.537713958339182,1.21380741398557
223.3,epoch2_mid_euk,0.5,0.5,0.9779075806741596,0.3577240054264689,0.935712082459841,4.538243729840839,1.213717810690658
223.4,epoch2_mid_euk,0.5,0.5,0.9778978015983528,0.3577061192261976,0.9355802177299317,4.538773092272629,1.2136281123451305
223.5,epoch2_mid_euk,0.5,0.5,0.9778880226203368,0.3576882339202363,0.9354491826843485,4.5393020456966084,1.213538320857406
223.6,epoch2_mid_euk,0.5,0.5,0.9778782437401106,0.35767034950854026,0.9353189729746865,4.539830590177667,1.2134484381223918
223.7,epoch2_mid_euk,0.5,0.5,0.9778684649576732,0.3576524659910648,0.9351895842743146,4.540358725783502,1.2133584660215608
223.8,epoch2_mid_euk,0.5,0.5,0.9778586862730236,0.35763458336776527,0.935061012278269,4.5408864525846,1.2132684064230288
223.9,epoch2_mid_euk,0.5,0.5,0.977848907686161,0.3576167016385969,0.9349332527031453,4.5414137706542155,1.213178261181631
224.0,epoch2_mid_euk,0.5,0.5,0.977839129197084,0.35759882080351496,0.9348063012869927,4.541940680068347,1.2130880321389992
224.1,epoch2_mid_euk,0.5,0.5,0.977829350805792,0.35758094086247477,0.934680153789208,4.542467180905718,1.2129977211236362
224.2,epoch2_mid_euk,0.5,0.5,0.977819572512284,0.3575630618154316,0.9345548059904301,4.542993273247757,1.212907329950993
224.3,epoch2_mid_euk,0.5,0.5,0.9778097943165589,0.35754518366234084,0.934430253692435,4.543518957178572,1.2128168604235425
224.4,epoch2_mid_euk,0.5,0.5,0.9778000162186158,0.3575273064031577,0.9343064927180321,4.544044232784934,1.2127263143308555
224.5,epoch2_mid_euk,0.5,0.5,0.9777902382184536,0.3575094300378376,0.9341835189109595,4.544569100156257,1.212635693449674
224.6,epoch2_mid_euk,0.5,0.5,0.9777804603160714,0.3574915545663357,0.9340613281357812,4.545093559384571,1.2125449995439852
224.7,epoch2_mid_euk,0.5,0.5,0.9777706825114681,0.35747367998860735,0.9339399162777844,4.545617610564511,1.212454234365096
224.8,epoch2_mid_euk,0.5,0.5,0.9777609048046431,0.35745580630460794,0.9338192792428764,4.546141253793288,1.2123633996517045
224.9,epoch2_mid_euk,0.5,0.5,0.977751127195595,0.3574379335142927,0.933699412957484,4.546664489170674,1.2122724971299748
225.0,epoch2_mid_euk,0.5,0.5,0.977741349684323,0.35742006161761697,0.9335803133684513,4.547187316798979,1.2121815285136077
225.1,epoch2_mid_euk,0.5,0.5,0.9777315722708262,0.3574021906145361,0.9334619764429387,4.547709736783035,1.2120904955039133
225.2,epoch2_mid_euk,0.5,0.5,0.9777217949551035,0.35738432050500535,0.9333443981683236,4.54823174923017,1.211999399789883
225.3,epoch2_mid_euk,0.5,0.5,0.9777120177371539,0.3573664512889801,0.9332275745520996,4.548753354250195,1.21190824304826
225.4,epoch2_mid_euk,0.5,0.5,0.9777022406169765,0.35734858296641564,0.9331115016217777,4.54927455195538,1.2118170269436104
225.5,epoch2_mid_euk,0.5,0.5,0.9776924635945704,0.3573307155372673,0.9329961754247871,4.549795342460435,1.2117257531283943
225.6,epoch2_mid_euk,0.5,0.5,0.9776826866699344,0.35731284900149046,0.932881592028377,4.550315725882491,1.2116344232430347
225.7,epoch2_mid_euk,0.5,0.5,0.9776729098430678,0.35729498335904036,0.9327677475195187,4.550835702341084,1.2115430389159885
225.8,epoch2_mid_euk,0.5,0.5,0.9776631331139694,0.35727711860987243,0.9326546380048084,4.551355271958131,1.2114516017638146
225.9,epoch2_mid_euk,0.5,0.5,0.9776533564826382,0.35725925475394193,0.9325422596103697,4.551874434857911,1.2113601133912444
226.0,epoch2_mid_euk,0.5,0.5,0.9776435799490734,0.35724139179120423,0.9324306084817578,4.552393191167051,1.2112685753912489
226.1,epoch2_mid_euk,0.5,0.5,0.9776338035132739,0.3572235297216147,0.9323196807838632,4.552911541014504,1.2111769893451079
226.2,epoch2_mid_euk,0.5,0.5,0.9776240271752388,0.35720566854512864,0.9322094727008158,4.553429484531528,1.2110853568224778
226.3,epoch2_mid_euk,0.5,0.5,0.977614250934967,0.3571878082617014,0.9320999804358907,4.5539470218516716,1.2109936793814586
226.4,epoch2_mid_euk,0.5,0.5,0.9776044747924577,0.3571699488712883,0.9319912002114131,4.554464153110753,1.2109019585686618
226.5,epoch2_mid_euk,0.5,0.5,0.9775946987477098,0.3571520903738447,0.9318831282686642,4.554980878446843,1.2108101959192767
226.6,epoch2_mid_euk,0.5,0.5,0.9775849228007223,0.35713423276932604,0.9317757608677874,4.555497198000246,1.2107183929571375
226.7,epoch2_mid_euk,0.5,0.5,0.9775751469514943,0.3571163760576876,0.9316690942876955,4.556013111913483,1.2106265511947882
226.8,epoch2_mid_euk,0.5,0.5,0.9775653712000247,0.3570985202388847,0.9315631248259779,4.55652862033127,1.2105346721335497
226.9,epoch2_mid_euk,0.5,0.5,0.9775555955463128,0.3570806653128728,0.9314578487988081,4.557043723400505,1.2104427572635845
227.0,epoch2_mid_euk,0.5,0.5,0.9775458199903573,0.35706281127960715,0.9313532625408518,4.5575584212702465,1.2103508080639618
227.1,epoch2_mid_euk,0.5,0.5,0.9775360445321574,0.3570449581390432,0.9312493624051759,4.558072714091698,1.2102588260027225
227.2,epoch2_mid_euk,0.5,0.5,0.977526269171712,0.35702710589113623,0.9311461447631572,4.558586602018188,1.2101668125369431
227.3,epoch2_mid_euk,0.5,0.5,0.9775164939090203,0.3570092545358417,0.931043606004392,4.559100085205157,1.2100747691128004
227.4,epoch2_mid_euk,0.5,0.5,0.9775067187440812,0.3569914040731149,0.9309417425366063,4.559613163810132,1.2099826971656347
227.5,epoch2_mid_euk,0.5,0.5,0.9774969436768938,0.35697355450291124,0.9308405507855659,4.56012583799272,1.2098905981200132
227.6,epoch2_mid_euk,0.5,0.5,0.977487168707457,0.3569557058251861,0.9307400271949875,4.56063810791458,1.209798473389793
227.7,epoch2_mid_euk,0.5,0.5,0.9774773938357699,0.35693785803989486,0.9306401682264495,4.561149973739415,1.209706324378184
227.8,epoch2_mid_euk,0.5,0.5,0.9774676190618315,0.35692001114699284,0.9305409703593043,4.561661435632948,1.2096141524778112
227.9,epoch2_mid_euk,0.5,0.5,0.977457844385641,0.35690216514643547,0.9304424300905901,4.56217249376291,1.2095219590707762
228.0,epoch2_mid_euk,0.5,0.5,0.9774480698071971,0.35688432003817816,0.9303445439349436,4.56268314829902,1.2094297455287197
228.1,epoch2_mid_euk,0.5,0.5,0.9774382953264991,0.35686647582217623,0.9302473084245129,4.563193399412971,1.2093375132128823
228.2,epoch2_mid_euk,0.5,0.5,0.9774285209435458,0.3568486324983851,0.9301507201088709,4.5637032472784105,1.2092452634741657
228.3,epoch2_mid_euk,0.5,0.5,0.9774187466583364,0.3568307900667602,0.9300547755549294,4.564212692070926,1.2091529976531932
228.4,epoch2_mid_euk,0.5,0.5,0.9774089724708698,0.35681294852725687,0.9299594713468532,4.564721733968029,1.2090607170803704
228.5,epoch2_mid_euk,0.5,0.5,0.9773991983811451,0.3567951078798305,0.9298648040859747,4.565230373149136,1.208968423075945
228.6,epoch2_mid_euk,0.5,0.5,0.9773894243891613,0.3567772681244365,0.9297707703907091,4.565738609795557,1.2088761169500666
228.7,epoch2_mid_euk,0.5,0.5,0.9773796504949175,0.35675942926103027,0.9296773668964701,4.566246444090473,1.2087838000028461
228.8,epoch2_mid_euk,0.5,0.5,0.9773698766984126,0.35674159128956723,0.9295845902555856,4.566753876218927,1.208691473524415
228.9,epoch2_mid_euk,0.5,0.5,0.9773601029996456,0.35672375421000274,0.9294924371372142,4.567260906367802,1.2085991387949837
229.0,epoch2_mid_euk,0.5,0.5,0.9773503293986155,0.35670591802229223,0.9294009042272618,4.56776753472581,1.2085067970849006
229.1,epoch2_mid_euk,0.5,0.5,0.9773405558953215,0.35668808272639113,0.9293099882282992,4.568273761483473,1.2084144496547098
229.2,epoch2_mid_euk,0.5,0.5,0.9773307824897626,0.3566702483222548,0.9292196858594791,4.5687795868331085,1.2083220977552087
229.3,epoch2_mid_euk,0.5,0.5,0.9773210091819376,0.35665241480983867,0.9291299938564545,4.569285010968814,1.2082297426275064
229.4,epoch2_mid_euk,0.5,0.5,0.9773112359718459,0.35663458218909816,0.9290409089712968,4.569790034086453,1.2081373855030801
229.5,epoch2_mid_euk,0.5,0.5,0.9773014628594862,0.3566167504599887,0.928952427972415,4.570294656383636,1.2080450276038324
229.6,epoch2_mid_euk,0.5,0.5,0.9772916898448576,0.3565989196224657,0.9288645476444743,4.570798878059709,1.2079526701421477
229.7,epoch2_mid_euk,0.5,0.5,0.9772819169279592,0.3565810896764846,0.9287772647883166,4.571302699315738,1.2078603143209488
229.8,epoch2_mid_euk,0.5,0.5,0.9772721441087899,0.3565632606220008,0.9286905762208792,4.5718061203544895,1.2077679613337524
229.9,epoch2_mid_euk,0.5,0.5,0.9772623713873488,0.3565454324589697,0.9286044787751165,4.572309141380422,1.2076756123647259
230.0,epoch2_mid_euk,0.5,0.5,0.977252598763635,0.3565276051873467,0.9285189692999197,4.572811762599666,1.207583268588741
230.1,epoch2_mid_euk,0.5,0.5,0.9772428262376474,0.35650977880708734,0.9284340446600385,4.573313984220013,1.207490931171431
230.2,epoch2_mid_euk,0.5,0.5,0.977233053809385,0.356491953318147,0.9283497017360026,4.573815806450898,1.2073986012692437
230.3,epoch2_mid_euk,0.5,0.5,0.9772232814788469,0.35647412872048106,0.9282659374240435,4.574317229503386,1.2073062800294971
230.4,epoch2_mid_euk,0.5,0.5,0.977213509246032,0.356456305014045,0.9281827486360168,4.574818253590157,1.2072139685904328
230.5,epoch2_mid_euk,0.5,0.5,0.9772037371109396,0.3564384821987943,0.9281001322993251,4.575318878925494,1.2071216680812709
230.6,epoch2_mid_euk,0.5,0.5,0.9771939650735685,0.3564206602746844,0.9280180853568406,4.575819105725264,1.2070293796222626
230.7,epoch2_mid_euk,0.5,0.5,0.9771841931339178,0.35640283924167065,0.9279366047668293,4.576318934206909,1.2069371043247448
230.8,epoch2_mid_euk,0.5,0.5,0.9771744212919865,0.35638501909970854,0.9278556875028738,4.5768183645894265,1.2068448432911916
230.9,epoch2_mid_euk,0.5,0.5,0.9771646495477736,0.35636719984875354,0.9277753305537987,4.577317397093361,1.2067525976152684
231.0,epoch2_mid_euk,0.5,0.5,0.9771548779012781,0.3563493814887611,0.927695530923594,4.577816031940785,1.2066603683818842
231.1,epoch2_mid_euk,0.5,0.5,0.9771451063524991,0.3563315640196867,0.9276162856313409,4.578314269355288,1.206568156667243
231.2,epoch2_mid_euk,0.5,0.5,0.9771353349014356,0.3563137474414857,0.9275375917111365,4.578812109561964,1.2064759635388966
231.3,epoch2_mid_euk,0.5,0.5,0.9771255635480866,0.3562959317541136,0.9274594462120199,4.579309552787393,1.206383790055796
231.4,epoch2_mid_euk,0.5,0.5,0.977115792292451,0.3562781169575259,0.9273818461978981,4.579806599259631,1.206291637268343
231.5,epoch2_mid_euk,0.5,0.5,0.9771060211345282,0.35626030305167805,0.9273047887474722,4.580303249208196,1.2061995062184405
231.6,epoch2_mid_euk,0.5,0.5,0.9770962500743168,0.35624249003652547,0.9272282709541646,4.580799502864054,1.2061073979395445
231.7,epoch2_mid_euk,0.5,0.5,0.977086479111816,0.35622467791202367,0.9271522899260456,4.581295360459606,1.2060153134567135
231.8,epoch2_mid_euk,0.5,0.5,0.9770767082470249,0.35620686667812806,0.9270768427857612,4.581790822228673,1.20592325378666
231.9,epoch2_mid_euk,0.5,0.5,0.9770669374799424,0.35618905633479414,0.9270019266704609,4.582285888406486,1.2058312199377992
232.0,epoch2_mid_euk,0.5,0.5,0.9770571668105676,0.3561712468819774,0.9269275387317257,4.582780559229669,1.2057392129103
232.1,epoch2_mid_euk,0.5,0.5,0.9770473962388996,0.35615343831963325,0.9268536761354971,4.583274834936231,1.2056472336961337
232.2,epoch2_mid_euk,0.5,0.5,0.9770376257649372,0.35613563064771725,0.9267803360620053,4.583768715765546,1.2055552832791232
232.3,epoch2_mid_euk,0.5,0.5,0.9770278553886796,0.35611782386618485,0.9267075157056991,4.584262201958347,1.2054633626349927
232.4,epoch2_mid_euk,0.5,0.5,0.9770180851101258,0.3561000179749915,0.926635212275175,4.584755293756709,1.205371472731415
232.5,epoch2_mid_euk,0.5,0.5,0.9770083149292746,0.35608221297409276,0.9265634229931075,4.585247991404038,1.205279614528062
232.6,epoch2_mid_euk,0.5,0.5,0.9769985448461254,0.35606440886344404,0.926492145096179,4.585740295145057,1.2051877889766502
232.7,epoch2_mid_euk,0.5,0.5,0.9769887748606769,0.3560466056430009,0.9264213758350109,4.586232205225796,1.2050959970209913
232.8,epoch2_mid_euk,0.5,0.5,0.9769790049729283,0.35602880331271874,0.9263511124740941,4.586723721893575,1.205004239597038
232.9,epoch2_mid_euk,0.5,0.5,0.9769692351828786,0.35601100187255313,0.9262813522917205,4.587214845396997,1.2049125176329316
233.0,epoch2_mid_euk,0.5,0.5,0.9769594654905268,0.3559932013224595,0.9262120925799145,4.587705575985931,1.2048208320490503
233.1,epoch2_mid_euk,0.5,0.5,0.9769496958958719,0.3559754016623934,0.9261433306443655,4.588195913911502,1.204729183758055
233.2,epoch2_mid_euk,0.5,0.5,0.9769399263989129,0.35595760289231027,0.9260750638043593,4.588685859426079,1.2046375736649357
233.3,epoch2_mid_euk,0.5,0.5,0.9769301569996489,0.35593980501216566,0.9260072893927116,4.589175412783262,1.2045460026670591
233.4,epoch2_mid_euk,0.5,0.5,0.9769203876980789,0.35592200802191504,0.9259400047557004,4.5896645742378706,1.2044544716542134
233.5,epoch2_mid_euk,0.5,0.5,0.9769106184942019,0.35590421192151395,0.9258732072529994,4.590153344045931,1.204362981508655
233.6,epoch2_mid_euk,0.5,0.5,0.976900849388017,0.35588641671091786,0.925806894257612,4.590641722464666,1.204271533105154
233.7,epoch2_mid_euk,0.5,0.5,0.9768910803795231,0.3558686223900823,0.9257410631558048,4.5911297097524795,1.204180127311039
233.8,epoch2_mid_euk,0.5,0.5,0.9768813114687193,0.3558508289589628,0.9256757113470422,4.591617306168949,1.2040887649862433
233.9,epoch2_mid_euk,0.5,0.5,0.9768715426556046,0.35583303641751485,0.9256108362439206,4.592104511974813,1.2039974469833488
234.0,epoch2_mid_euk,0.5,0.5,0.976861773940178,0.355815244765694,0.9255464352721038,4.592591327431956,1.2039061741476307
234.1,epoch2_mid_euk,0.5,0.5,0.9768520053224387,0.3557974540034557,0.9254825058702578,4.593077752803402,1.203814947317103
234.2,epoch2_mid_euk,0.5,0.5,0.9768422368023855,0.3557796641307555,0.9254190454899868,4.593563788353299,1.2037237673225611
234.3,epoch2_mid_euk,0.5,0.5,0.9768324683800175,0.355761875147549,0.9253560515957685,4.594049434346909,1.203632634987627
234.4,epoch2_mid_euk,0.5,0.5,0.9768227000553337,0.3557440870537916,0.9252935216648909,4.594534691050597,1.2035415511287921
234.5,epoch2_mid_euk,0.5,0.5,0.9768129318283331,0.35572629984943893,0.9252314531873883,4.59501955873182,1.2034505165554612
234.6,epoch2_mid_euk,0.5,0.5,0.9768031636990148,0.35570851353444644,0.9251698436659787,4.595504037659115,1.2033595320699957
234.7,epoch2_mid_euk,0.5,0.5,0.9767933956673778,0.3556907281087697,0.9251086906160001,4.595988128102089,1.203268598467756
234.8,epoch2_mid_euk,0.5,0.5,0.9767836277334211,0.3556729435723643,0.9250479915653487,4.596471830331407,1.203177716537145
234.9,epoch2_mid_euk,0.5,0.5,0.9767738598971437,0.35565515992518565,0.9249877440544162,4.59695514461878,1.2030868870596498
235.0,epoch2_mid_euk,0.5,0.5,0.9767640921585448,0.3556373771671894,0.924927945636028,4.597438071236958,1.202996110809885
235.1,epoch2_mid_euk,0.5,0.5,0.9767543245176232,0.35561959529833104,0.9248685938753816,4.597920610459713,1.202905388555634
235.2,epoch2_mid_euk,0.5,0.5,0.976744556974378,0.35560181431856613,0.924809686349985,4.598402762561834,1.2028147210578908
235.3,epoch2_mid_euk,0.5,0.5,0.9767347895288082,0.35558403422785023,0.9247512206495959,4.598884527819115,1.2027241090709018
235.4,epoch2_mid_euk,0.5,0.5,0.976725022180913,0.35556625502613887,0.9246931943761612,4.59936590650834,1.2026335533422072
235.5,epoch2_mid_euk,0.5,0.5,0.9767152549306911,0.3555484767133876,0.9246356051437556,4.5998468989072805,1.2025430546126825
235.6,epoch2_mid_euk,0.5,0.5,0.9767054877781418,0.3555306992895519,0.9245784505785228,4.600327505294676,1.2024526136165785
235.7,epoch2_mid_euk,0.5,0.5,0.976695720723264,0.3555129227545874,0.9245217283186143,4.600807725950232,1.2023622310815627
235.8,epoch2_mid_euk,0.5,0.5,0.9766859537660568,0.35549514710844965,0.924465436014131,4.601287561154603,1.2022719077287598
235.9,epoch2_mid_euk,0.5,0.5,0.9766761869065191,0.3554773723510942,0.9244095713270629,4.601767011189385,1.2021816442727915
236.0,epoch2_mid_euk,0.5,0.5,0.9766664201446501,0.35545959848247666,0.9243541319312311,4.6022460763371065,1.202091441421817
236.1,epoch2_mid_euk,0.5,0.5,0.9766566534804486,0.35544182550255254,0.9242991155122282,4.602724756881215,1.2020012998775722
236.2,epoch2_mid_euk,0.5,0.5,0.9766468869139138,0.3554240534112774,0.9242445197673607,4.603203053106071,1.2019112203354103
236.3,epoch2_mid_euk,0.5,0.5,0.9766371204450446,0.35540628220860687,0.9241903424055903,4.6036809652969355,1.2018212034843403
236.4,epoch2_mid_euk,0.5,0.5,0.9766273540738402,0.35538851189449644,0.9241365811474763,4.604158493739958,1.2017312500070665
236.5,epoch2_mid_euk,0.5,0.5,0.9766175878002994,0.3553707424689017,0.9240832337251184,4.604635638722173,1.2016413605800274
236.6,epoch2_mid_euk,0.5,0.5,0.9766078216244214,0.3553529739317783,0.9240302978820986,4.605112400531482,1.2015515358734343
236.7,epoch2_mid_euk,0.5,0.5,0.9765980555462052,0.3553352062830817,0.923977771373425,4.60558877945665,1.2014617765513103
236.8,epoch2_mid_euk,0.5,0.5,0.9765882895656497,0.3553174395227675,0.9239256519654747,4.606064775787295,1.201372083271528
236.9,epoch2_mid_euk,0.5,0.5,0.976578523682754,0.35529967365079135,0.9238739374359376,4.606540389813874,1.2012824566858484
237.0,epoch2_mid_euk,0.5,0.5,0.9765687578975172,0.3552819086671088,0.9238226255737602,4.607015621827679,1.2011928974399582
237.1,epoch2_mid_euk,0.5,0.5,0.9765589922099382,0.35526414457167543,0.9237717141790895,4.607490472120823,1.201103406173507
237.2,epoch2_mid_euk,0.5,0.5,0.9765492266200162,0.35524638136444686,0.9237212010632179,4.607964940986233,1.2010139835201465
237.3,epoch2_mid_euk,0.5,0.5,0.97653946112775,0.3552286190453786,0.9236710840485272,4.60843902871764,1.200924630107566
237.4,epoch2_mid_euk,0.5,0.5,0.9765296957331387,0.35521085761442633,0.9236213609684341,4.608912735609571,1.2008353465575303
237.5,epoch2_mid_euk,0.5,0.5,0.9765199304361815,0.3551930970715456,0.9235720296673354,4.609386061957335,1.2007461334859166
237.6,epoch2_mid_euk,0.5,0.5,0.9765101652368771,0.35517533741669205,0.9235230880005533,4.609859008057021,1.2006569915027512
237.7,epoch2_mid_euk,0.5,0.5,0.9765004001352247,0.3551575786498212,0.9234745338342809,4.610331574205484,1.2005679212122455
237.8,epoch2_mid_euk,0.5,0.5,0.9764906351312233,0.35513982077088874,0.923426365045529,4.6108037607003345,1.200478923212833
237.9,epoch2_mid_euk,0.5,0.5,0.976480870224872,0.3551220637798502,0.9233785795220716,4.611275567839935,1.2003899980972046
238.0,epoch2_mid_euk,0.5,0.5,0.9764711054161697,0.3551043076766612,0.9233311751623929,4.611746995923386,1.2003011464523452
238.1,epoch2_mid_euk,0.5,0.5,0.9764613407051155,0.35508655246127735,0.923284149875634,4.612218045250518,1.2002123688595692
238.2,epoch2_mid_euk,0.5,0.5,0.9764515760917084,0.3550687981336543,0.92323750158154,4.6126887161218875,1.2001236658945553
238.3,epoch2_mid_euk,0.5,0.5,0.9764418115759474,0.3550510446937476,0.9231912282104074,4.61315900883876,1.200035038127383
238.4,epoch2_mid_euk,0.5,0.5,0.9764320471578317,0.3550332921415129,0.9231453277030315,4.613628923703108,1.1999464861225666
238.5,epoch2_mid_euk,0.5,0.5,0.9764222828373601,0.3550155404769058,0.9230997980106543,4.614098461017599,1.1998580104390908
238.6,epoch2_mid_euk,0.5,0.5,0.9764125186145317,0.35499778969988194,0.9230546370949131,4.614567621085586,1.199769611630445
238.7,epoch2_mid_euk,0.5,0.5,0.9764027544893455,0.35498003981039694,0.923009842927788,4.615036404211103,1.1996812902446583
238.8,epoch2_mid_euk,0.5,0.5,0.9763929904618006,0.3549622908084064,0.9229654134915513,4.615504810698853,1.1995930468243334
238.9,epoch2_mid_euk,0.5,0.5,0.976383226531896,0.354944542693866,0.9229213467787158,4.6159728408542025,1.199504881906681
239.0,epoch2_mid_euk,0.5,0.5,0.9763734626996307,0.3549267954667313,0.9228776407919846,4.616440494983167,1.1994167960235533
239.1,epoch2_mid_euk,0.5,0.5,0.9763636989650036,0.3549090491269579,0.9228342935441998,4.616907773392411,1.1993287897014786
239.2,epoch2_mid_euk,0.5,0.5,0.976353935328014,0.35489130367450156,0.9227913030582923,4.617374676389232,1.1992408634616942
239.3,epoch2_mid_euk,0.5,0.5,0.9763441717886607,0.35487355910931784,0.9227486673672319,4.617841204281557,1.1991530178201801
239.4,epoch2_mid_euk,0.5,0.5,0.9763344083469429,0.35485581543136235,0.9227063845139775,4.618307357377936,1.1990652532876922
239.5,epoch2_mid_euk,0.5,0.5,0.9763246450028594,0.3548380726405908,0.9226644525514268,4.618773135987525,1.198977570369795
239.6,epoch2_mid_euk,0.5,0.5,0.9763148817564093,0.3548203307369588,0.9226228695423678,4.619238540420089,1.198889969566895
239.7,epoch2_mid_euk,0.5,0.5,0.9763051186075918,0.35480258972042195,0.922581633559429,4.619703570985986,1.1988024513742734
239.8,epoch2_mid_euk,0.5,0.5,0.9762953555564058,0.3547848495909359,0.9225407426850307,4.620168227996162,1.1987150162821179
239.9,epoch2_mid_euk,0.5,0.5,0.9762855926028502,0.35476711034845637,0.9225001950113365,4.620632511762143,1.1986276647755554
240.0,epoch2_mid_euk,0.5,0.5,0.9762758297469242,0.35474937199293893,0.9224599886402046,4.621096422596029,1.1985403973346844
240.1,epoch2_mid_euk,0.5,0.5,0.9762660669886267,0.3547316345243393,0.9224201216831398,4.62155996081048,1.198453214434607
240.2,epoch2_mid_euk,0.5,0.5,0.9762563043279568,0.3547138979426131,0.9223805922612454,4.622023126718715,1.1983661165454598
240.3,epoch2_mid_euk,0.5,0.5,0.9762465417649135,0.354696162247716,0.9223413985051755,4.622485920634502,1.1982791041324465
240.4,epoch2_mid_euk,0.5,0.5,0.9762367792994959,0.3546784274396036,0.9223025385550879,4.6229483428721485,1.1981921776558688
240.5,epoch2_mid_euk,0.5,0.5,0.9762270169317029,0.3546606935182316,0.9222640105605964,4.623410393746496,1.1981053375711581
240.6,epoch2_mid_euk,0.5,0.5,0.9762172546615335,0.3546429604835557,0.9222258126807237,4.623872073572911,1.1980185843289062
240.7,epoch2_mid_euk,0.5,0.5,0.9762074924889869,0.3546252283355315,0.9221879430838551,4.624333382667279,1.197931918374896
240.8,epoch2_mid_euk,0.5,0.5,0.976197730414062,0.3546074970741147,0.9221503999476917,4.6247943213459966,1.197845340150133
240.9,epoch2_mid_euk,0.5,0.5,0.9761879684367578,0.354589766699261,0.9221131814592038,4.625254889925963,1.1977588500908753
241.0,epoch2_mid_euk,0.5,0.5,0.9761782065570734,0.35457203721092606,0.9220762858145855,4.625715088724573,1.1976724486286643
241.1,epoch2_mid_euk,0.5,0.5,0.9761684447750079,0.3545543086090655,0.922039711219208,4.626174918059711,1.1975861361903546
241.2,epoch2_mid_euk,0.5,0.5,0.9761586830905601,0.35453658089363504,0.9220034558875747,4.626634378249741,1.1974999131981443
241.3,epoch2_mid_euk,0.5,0.5,0.9761489215037292,0.3545188540645904,0.9219675180432751,4.627093469613504,1.197413780069605
241.4,epoch2_mid_euk,0.5,0.5,0.9761391600145142,0.35450112812188717,0.9219318959189403,4.627552192470305,1.1973277372177114
241.5,epoch2_mid_euk,0.5,0.5,0.976129398622914,0.3544834030654811,0.9218965877561974,4.628010547139911,1.1972417850508705
241.6,epoch2_mid_euk,0.5,0.5,0.9761196373289278,0.3544656788953278,0.9218615918056252,4.62846853394254,1.1971559239729521
241.7,epoch2_mid_euk,0.5,0.5,0.9761098761325545,0.35444795561138304,0.9218269063267095,4.628926153198857,1.1970701543833169
241.8,epoch2_mid_euk,0.5,0.5,0.9761001150337932,0.35443023321360245,0.9217925295877986,4.629383405229965,1.196984476676846
241.9,epoch2_mid_euk,0.5,0.5,0.9760903540326429,0.35441251170194177,0.9217584598660594,4.629840290357399,1.1968988912439704
242.0,epoch2_mid_euk,0.5,0.5,0.9760805931291026,0.3543947910763567,0.9217246954474339,4.630296808903119,1.1968133984706983
242.1,epoch2_mid_euk,0.5,0.5,0.9760708323231713,0.35437707133680285,0.9216912346265945,4.630752961189502,1.1967279987386454
242.2,epoch2_mid_euk,0.5,0.5,0.976061071614848,0.354359352483236,0.921658075706902,4.631208747539339,1.1966426924250624
242.3,epoch2_mid_euk,0.5,0.5,0.9760513110041319,0.35434163451561185,0.9216252170003607,4.6316641682758215,1.1965574799028633
242.4,epoch2_mid_euk,0.5,0.5,0.9760415504910218,0.3543239174338861,0.921592656827577,4.632119223722542,1.1964723615406536
242.5,epoch2_mid_euk,0.5,0.5,0.9760317900755169,0.3543062012380144,0.9215603935177152,4.6325739142034825,1.1963873377027587
242.6,epoch2_mid_euk,0.5,0.5,0.9760220297576161,0.3542884859279525,0.9215284254084563,4.633028240043011,1.1963024087492513
242.7,epoch2_mid_euk,0.5,0.5,0.9760122695373186,0.3542707715036561,0.9214967508459541,4.6334822015658705,1.196217575035979
242.8,epoch2_mid_euk,0.5,0.5,0.9760025094146232,0.35425305796508094,0.9214653681847942,4.633935799097179,1.1961328369145918
242.9,epoch2_mid_euk,0.5,0.5,0.9759927493895291,0.3542353453121827,0.9214342757879516,4.634389032962416,1.19604819473257
243.0,epoch2_mid_euk,0.5,0.5,0.9759829894620352,0.3542176335449171,0.9214034720267487,4.634841903487423,1.195963648833251
243.1,epoch2_mid_euk,0.5,0.5,0.9759732296321406,0.35419992266323985,0.9213729552808142,4.635294410998392,1.1958791995558562
243.2,epoch2_mid_euk,0.5,0.5,0.9759634698998443,0.3541822126671067,0.9213427239380416,4.635746555821859,1.195794847235518
243.3,epoch2_mid_euk,0.5,0.5,0.9759537102651453,0.35416450355647333,0.9213127763945478,4.636198338284701,1.1957105922033067
243.4,epoch2_mid_euk,0.5,0.5,0.9759439507280426,0.3541467953312955,0.9212831110546323,4.636649758714129,1.1956264347862569
243.5,epoch2_mid_euk,0.5,0.5,0.9759341912885353,0.3541290879915289,0.9212537263307368,4.6371008174376795,1.1955423753073944
243.6,epoch2_mid_euk,0.5,0.5,0.9759244319466224,0.35411138153712934,0.9212246206434038,4.63755151478321,1.195458414085762
243.7,epoch2_mid_euk,0.5,0.5,0.9759146727023029,0.35409367596805247,0.9211957924212374,4.638001851078894,1.1953745514364458
243.8,epoch2_mid_euk,0.5,0.5,0.9759049135555758,0.35407597128425405,0.921167240100862,4.6384518266532115,1.1952907876706014
243.9,epoch2_mid_euk,0.5,0.5,0.9758951545064403,0.35405826748568986,0.9211389621268834,4.638901441834946,1.1952071230954793
244.0,epoch2_mid_euk,0.5,0.5,0.9758853955548952,0.3540405645723156,0.9211109569518481,4.639350696953178,1.1951235580144515
244.1,epoch2_mid_euk,0.5,0.5,0.9758756367009396,0.354022862544087,0.9210832230362045,4.639799592337278,1.195040092727036
244.2,epoch2_mid_euk,0.5,0.5,0.9758658779445726,0.3540051614009598,0.921055758848263,4.640248128316901,1.194956727528923
244.3,epoch2_mid_euk,0.5,0.5,0.9758561192857932,0.3539874611428897,0.9210285628641571,4.64069630522198,1.1948734627120001
244.4,epoch2_mid_euk,0.5,0.5,0.9758463607246003,0.3539697617698326,0.9210016335678047,4.641144123382723,1.194790298564377
244.5,epoch2_mid_euk,0.5,0.5,0.975836602260993,0.3539520632817441,0.9209749694508685,4.641591583129603,1.1947072353704111
244.6,epoch2_mid_euk,0.5,0.5,0.9758268438949704,0.35393436567858,0.9209485690127183,4.642038684793355,1.194624273410732
244.7,epoch2_mid_euk,0.5,0.5,0.9758170856265315,0.35391666896029605,0.9209224307603917,4.642485428704969,1.1945414129622662
244.8,epoch2_mid_euk,0.5,0.5,0.9758073274556752,0.35389897312684804,0.920896553208557,4.642931815195687,1.1944586542982623
244.9,epoch2_mid_euk,0.5,0.5,0.9757975693824007,0.3538812781781917,0.9208709348794741,4.643377844596992,1.1943759976883142
245.0,epoch2_mid_euk,0.5,0.5,0.9757878114067069,0.3538635841142828,0.9208455743029574,4.643823517240609,1.194293443398387
245.1,epoch2_mid_euk,0.5,0.5,0.9757780535285928,0.3538458909350771,0.9208204700163377,4.644268833458493,1.1942109916908397
245.2,epoch2_mid_euk,0.5,0.5,0.9757682957480576,0.3538281986405304,0.920795620564425,4.644713793582828,1.1941286428244504
245.3,epoch2_mid_euk,0.5,0.5,0.9757585380651,0.35381050723059837,0.9207710244994709,4.645158397946021,1.1940463970544397
245.4,epoch2_mid_euk,0.5,0.5,0.9757487804797194,0.3537928167052368,0.920746680381132,4.645602646880695,1.1939642546324944
245.5,epoch2_mid_euk,0.5,0.5,0.9757390229919145,0.35377512706440156,0.9207225867764328,4.646046540719683,1.1938822158067912
245.6,epoch2_mid_euk,0.5,0.5,0.9757292656016846,0.35375743830804834,0.9206987422597285,4.646490079796026,1.1938002808220203
245.7,epoch2_mid_euk,0.5,0.5,0.9757195083090285,0.3537397504361329,0.9206751454126689,4.646933264442962,1.193718449919409
245.8,epoch2_mid_euk,0.5,0.5,0.9757097511139454,0.3537220634486111,0.9206517948241623,4.647376094993929,1.1936367233367442
245.9,epoch2_mid_euk,0.5,0.5,0.9756999940164343,0.3537043773454387,0.9206286890903385,4.647818571782551,1.1935551013083965
246.0,epoch2_mid_euk,0.5,0.5,0.975690237016494,0.35368669212657144,0.9206058268145134,4.648260695142639,1.1934735840653425
246.1,epoch2_mid_euk,0.5,0.5,0.9756804801141239,0.35366900779196514,0.9205832066071533,4.648702465408182,1.1933921718351879
246.2,epoch2_mid_euk,0.5,0.5,0.9756707233093228,0.35365132434157553,0.9205608270858385,4.649143882913346,1.1933108648421902
246.3,epoch2_mid_euk,0.5,0.5,0.9756609666020897,0.35363364177535844,0.9205386868752286,4.649584947992461,1.1932296633072812
246.4,epoch2_mid_euk,0.5,0.5,0.9756512099924236,0.3536159600932697,0.9205167846070265,4.650025660980028,1.1931485674480895
246.5,epoch2_mid_euk,0.5,0.5,0.9756414534803237,0.353598279295265,0.920495118919944,4.650466022210703,1.1930675774789632
246.6,epoch2_mid_euk,0.5,0.5,0.9756316970657889,0.3535805993813002,0.920473688459666,4.6509060320192965,1.1929866936109914
246.7,epoch2_mid_euk,0.5,0.5,0.9756219407488183,0.35356292035133113,0.9204524918788167,4.6513456907407695,1.1929059160520272
246.8,epoch2_mid_euk,0.5,0.5,0.9756121845294108,0.3535452422053136,0.9204315278369241,4.651784998710226,1.1928252450067087
246.9,epoch2_mid_euk,0.5,0.5,0.9756024284075655,0.3535275649432033,0.9204107950003858,4.65222395626291,1.1927446806764817
247.0,epoch2_mid_euk,0.5,0.5,0.9755926723832814,0.35350988856495613,0.9203902920424352,4.652662563734201,1.1926642232596207
247.1,epoch2_mid_euk,0.5,0.5,0.9755829164565576,0.35349221307052786,0.9203700176431066,4.653100821459606,1.1925838729512515
247.2,epoch2_mid_euk,0.5,0.5,0.9755731606273931,0.3534745384598743,0.9203499704892018,4.65353872977476,1.1925036299433711
247.3,epoch2_mid_euk,0.5,0.5,0.9755634048957869,0.3534568647329513,0.9203301492742562,4.653976289015415,1.1924234944248706
247.4,epoch2_mid_euk,0.5,0.5,0.9755536492617379,0.3534391918897146,0.9203105526985053,4.654413499517441,1.1923434665815558
247.5,epoch2_mid_euk,0.5,0.5,0.9755438937252453,0.3534215199301201,0.9202911794688509,4.654850361616816,1.192263546596168
247.6,epoch2_mid_euk,0.5,0.5,0.9755341382863081,0.3534038488541236,0.9202720282988283,4.655286875649628,1.1921837346484057
247.7,epoch2_mid_euk,0.5,0.5,0.9755243829449253,0.3533861786616809,0.9202530979085727,4.655723041952061,1.1921040309149447
247.8,epoch2_mid_euk,0.5,0.5,0.9755146277010959,0.35336850935274783,0.9202343870247868,4.656158860860403,1.1920244355694596
247.9,epoch2_mid_euk,0.5,0.5,0.9755048725548189,0.3533508409272802,0.9202158943807073,4.656594332711028,1.1919449487826437
248.0,epoch2_mid_euk,0.5,0.5,0.9754951175060933,0.35333317338523385,0.9201976187160731,4.657029457840401,1.1918655707222303
248.1,epoch2_mid_euk,0.5,0.5,0.9754853625549182,0.3533155067265646,0.9201795587770921,4.65746423658507,1.1917863015530126
248.2,epoch2_mid_euk,0.5,0.5,0.9754756077012927,0.35329784095122824,0.9201617133164095,4.6578986692816615,1.1917071414368638
248.3,epoch2_mid_euk,0.5,0.5,0.9754658529452157,0.35328017605918066,0.9201440810930751,4.658332756266877,1.191628090532758
248.4,epoch2_mid_euk,0.5,0.5,0.9754560982866862,0.3532625120503777,0.9201266608725117,4.6587664978774885,1.19154914899679
248.5,epoch2_mid_euk,0.5,0.5,0.9754463437257034,0.35324484892477515,0.9201094514264831,4.659199894450332,1.191470316982194
248.6,epoch2_mid_euk,0.5,0.5,0.9754365892622662,0.3532271866823289,0.9200924515330626,4.659632946322305,1.1913915946393658
248.7,epoch2_mid_euk,0.5,0.5,0.9754268348963735,0.35320952532299477,0.9200756599766012,4.660065653830365,1.1913129821158805
248.8,epoch2_mid_euk,0.5,0.5,0.9754170806280246,0.3531918648467286,0.9200590755476966,4.660498017311521,1.191234479556513
248.9,epoch2_mid_euk,0.5,0.5,0.9754073264572183,0.35317420525348625,0.9200426970431616,4.660930037102828,1.1911560871032574
249.0,epoch2_mid_euk,0.5,0.5,0.9753975723839537,0.3531565465432236,0.9200265232659932,4.661361713541389,1.191077804895346
249.1,epoch2_mid_euk,0.5,0.5,0.9753878184082299,0.35313888871589644,0.9200105530253421,4.661793046964346,1.1909996330692694
249.2,epoch2_mid_euk,0.5,0.5,0.9753780645300457,0.35312123177146065,0.9199947851364811,4.662224037708875,1.1909215717587947
249.3,epoch2_mid_euk,0.5,0.5,0.9753683107494004,0.35310357570987205,0.9199792184207755,4.662654686112189,1.190843621094985
249.4,epoch2_mid_euk,0.5,0.5,0.9753585570662929,0.35308592053108656,0.9199638517056518,4.663084992511525,1.190765781206219
249.5,epoch2_mid_euk,0.5,0.5,0.9753488034807223,0.35306826623506,0.9199486838245678,4.6635149572441446,1.190688052218208
249.6,epoch2_mid_euk,0.5,0.5,0.9753390499926875,0.3530506128217482,0.9199337136169827,4.66394458064733,1.1906104342540167
249.7,epoch2_mid_euk,0.5,0.5,0.9753292966021876,0.35303296029110715,0.9199189399283265,4.66437386305838,1.1905329274340808
249.8,epoch2_mid_euk,0.5,0.5,0.9753195433092215,0.3530153086430926,0.9199043616099707,4.664802804814604,1.1904555318762255
249.9,epoch2_mid_euk,0.5,0.5,0.9753097901137885,0.35299765787766046,0.9198899775191982,4.66523140625332,1.1903782476956841
250.0,epoch2_mid_euk,0.5,0.5,0.9753000370158873,0.3529800079947666,0.9198757865191741,4.665659667711851,1.1903010750051164
250.1,epoch2_mid_euk,0.5,0.5,0.9752902840155171,0.35296235899436684,0.919861787478916,4.6660875895275185,1.1902240139146263
250.2,epoch2_mid_euk,0.5,0.5,0.975280531112677,0.3529447108764171,0.9198479792732648,4.666515172037642,1.1901470645317807
250.3,epoch2_mid_euk,0.5,0.5,0.9752707783073659,0.3529270636408733,0.9198343607828557,4.666942415579534,1.190070226961627
250.4,epoch2_mid_euk,0.5,0.5,0.9752610255995828,0.35290941728769126,0.9198209308940892,4.6673693204904945,1.1899935013067113
250.5,epoch2_mid_euk,0.5,0.5,0.9752512729893268,0.3528917718168269,0.9198076884991023,4.6677958871078085,1.1899168876670958
250.6,epoch2_mid_euk,0.5,0.5,0.9752415204765968,0.3528741272282361,0.9197946324957396,4.668222115768745,1.1898403861403768
250.7,epoch2_mid_euk,0.5,0.5,0.9752317680613921,0.35285648352187465,0.9197817617875247,4.668648006810548,1.189763996821702
250.8,epoch2_mid_euk,0.5,0.5,0.9752220157437115,0.35283884069769855,0.9197690752836324,4.669073560570436,1.1896877198037883
250.9,epoch2_mid_euk,0.5,0.5,0.9752122635235541,0.35282119875566365,0.9197565718988598,4.6694987773856,1.1896115551769393
251.0,epoch2_mid_euk,0.5,0.5,0.9752025114009188,0.35280355769572586,0.9197442505535984,4.669923657593197,1.1895355030290617
251.1,epoch2_mid_euk,0.5,0.5,0.9751927593758049,0.35278591751784105,0.9197321101738061,4.670348201530344,1.1894595634456835
251.2,epoch2_mid_euk,0.5,0.5,0.9751830074482111,0.35276827822196516,0.9197201496909794,4.670772409534123,1.1893837365099704
251.3,epoch2_mid_euk,0.5,0.5,0.9751732556181366,0.35275063980805405,0.9197083680421254,4.67119628194157,1.1893080223027435
251.4,epoch2_mid_euk,0.5,0.5,0.9751635038855805,0.35273300227606363,0.9196967641697349,4.671619819089671,1.189232420902495
251.5,epoch2_mid_euk,0.5,0.5,0.9751537522505417,0.35271536562594985,0.9196853370217541,4.672043021315366,1.1891569323854063
251.6,epoch2_mid_euk,0.5,0.5,0.9751440007130192,0.35269772985766856,0.919674085551558,4.672465888955537,1.189081556825364
251.7,epoch2_mid_euk,0.5,0.5,0.9751342492730121,0.3526800949711757,0.9196630087179228,4.67288842234701,1.1890062942939768
251.8,epoch2_mid_euk,0.5,0.5,0.9751244979305194,0.3526624609664271,0.9196521054849991,4.673310621826551,1.1889311448605913
251.9,epoch2_mid_euk,0.5,0.5,0.9751147466855401,0.3526448278433788,0.9196413748222848,4.6737324877308595,1.188856108592309
252.0,epoch2_mid_euk,0.5,0.5,0.9751049955380733,0.35262719560198663,0.9196308157045985,4.674154020396568,1.188781185554003
252.1,epoch2_mid_euk,0.5,0.5,0.9750952444881179,0.3526095642422065,0.9196204271120527,4.674575220160238,1.1887063758083332
252.2,epoch2_mid_euk,0.5,0.5,0.975085493535673,0.3525919337639944,0.9196102080300277,4.674996087358359,1.188631679415763
252.3,epoch2_mid_euk,0.5,0.5,0.9750757426807376,0.3525743041673062,0.9196001574491446,4.675416622327339,1.1885570964345755
252.4,epoch2_mid_euk,0.5,0.5,0.9750659919233108,0.3525566754520978,0.9195902743652394,4.6758368254035085,1.1884826269208892
252.5,epoch2_mid_euk,0.5,0.5,0.9750562412633915,0.35253904761832516,0.9195805577793371,4.676256696923112,1.1884082709286738
252.6,epoch2_mid_euk,0.5,0.5,0.9750464907009789,0.3525214206659443,0.9195710066976253,4.676676237222306,1.1883340285097659
252.7,epoch2_mid_euk,0.5,0.5,0.9750367402360719,0.352503794594911,0.9195616201314285,4.677095446637161,1.1882598997138845
252.8,epoch2_mid_euk,0.5,0.5,0.9750269898686695,0.35248616940518124,0.9195523970971825,4.677514325503649,1.1881858845886473
252.9,epoch2_mid_euk,0.5,0.5,0.9750172395987708,0.352468545096711,0.9195433366164086,4.677932874157649,1.1881119831795857
253.0,epoch2_mid_euk,0.5,0.5,0.9750074894263748,0.3524509216694562,0.9195344377156883,4.678351092934938,1.1880381955301595
253.1,epoch2_mid_euk,0.5,0.5,0.9749977393514806,0.35243329912337273,0.9195256994266379,4.678768982171192,1.1879645216817738
253.2,epoch2_mid_euk,0.5,0.5,0.974987989374087,0.35241567745841657,0.9195171207858829,4.679186542201981,1.1878909616737927
253.3,epoch2_mid_euk,0.5,0.5,0.9749782394941933,0.35239805667454366,0.9195087008350336,4.679603773362764,1.1878175155435553
253.4,epoch2_mid_euk,0.5,0.5,0.9749684897117983,0.35238043677170994,0.9195004386206596,4.680020675988892,1.1877441833263902
253.5,epoch2_mid_euk,0.5,0.5,0.9749587400269012,0.3523628177498713,0.9194923331942652,4.680437250415599,1.1876709650556307
253.6,epoch2_mid_euk,0.5,0.5,0.9749489904395009,0.3523451996089838,0.9194843836122645,4.680853496978002,1.1875978607626299
253.7,epoch2_mid_euk,0.5,0.5,0.9749392409495965,0.35232758234900335,0.9194765889359569,4.681269416011096,1.1875248704767747
253.8,epoch2_mid_euk,0.5,0.5,0.974929491557187,0.3523099659698859,0.9194689482315024,4.681685007849755,1.1874519942255017
253.9,epoch2_mid_euk,0.5,0.5,0.9749197422622714,0.3522923504715874,0.9194614605698977,4.682100272828726,1.1873792320343106
254.0,epoch2_mid_euk,0.5,0.5,0.9749099930648488,0.3522747358540638,0.9194541250269517,4.682515211282626,1.1873065839267793
254.1,epoch2_mid_euk,0.5,0.5,0.9749002439649181,0.3522571221172711,0.9194469406832609,4.68292982354594,1.1872340499245786
254.2,epoch2_mid_euk,0.5,0.5,0.9748904949624785,0.35223950926116526,0.9194399066241864,4.683344109953018,1.1871616300474854
254.3,epoch2_mid_euk,0.5,0.5,0.9748807460575288,0.3522218972857022,0.919433021939829,4.683758070838075,1.1870893243133986
254.4,epoch2_mid_euk,0.5,0.5,0.9748709972500682,0.3522042861908379,0.9194262857250062,4.684171706535183,1.1870171327383519
254.5,epoch2_mid_euk,0.5,0.5,0.9748612485400957,0.35218667597652836,0.919419697079228,4.684585017378273,1.1869450553365286
254.6,epoch2_mid_euk,0.5,0.5,0.9748514999276103,0.3521690666427295,0.9194132551066737,4.684998003701129,1.1868730921202753
254.7,epoch2_mid_euk,0.5,0.5,0.9748417514126111,0.35215145818939736,0.9194069589161683,4.685410665837387,1.186801243100116
254.8,epoch2_mid_euk,0.5,0.5,0.974832002995097,0.3521338506164879,0.9194008076211595,4.6858230041205315,1.1867295082847662
254.9,epoch2_mid_euk,0.5,0.5,0.974822254675067,0.3521162439239571,0.919394800339694,4.6862350188838935,1.186657887681146
255.0,epoch2_mid_euk,0.5,0.5,0.9748125064525203,0.3520986381117609,0.9193889361943948,4.686646710460648,1.1865863812943944
255.1,epoch2_mid_euk,0.5,0.5,0.9748027583274558,0.3520810331798553,0.9193832143124382,4.687058079183812,1.1865149891278826
255.2,epoch2_mid_euk,0.5,0.5,0.9747930102998725,0.35206342912819627,0.919377633825531,4.687469125386239,1.1864437111832273
255.3,epoch2_mid_euk,0.5,0.5,0.9747832623697695,0.35204582595673983,0.9193721938698873,4.687879849400621,1.1863725474603048
255.4,epoch2_mid_euk,0.5,0.5,0.9747735145371458,0.352028223665442,0.9193668935862068,4.68829025155948,1.1863014979572641
255.5,epoch2_mid_euk,0.5,0.5,0.9747637668020004,0.3520106222542587,0.9193617321196513,4.6887003321951735,1.1862305626705396
255.6,epoch2_mid_euk,0.5,0.5,0.9747540191643324,0.351993021723146,0.919356708619823,4.689110091639884,1.1861597415948653
255.7,epoch2_mid_euk,0.5,0.5,0.9747442716241407,0.35197542207205984,0.9193518222407417,4.6895195302256205,1.186089034723287
255.8,epoch2_mid_euk,0.5,0.5,0.9747345241814245,0.35195782330095626,0.9193470721408232,4.689928648284217,1.1860184420471764
255.9,epoch2_mid_euk,0.5,0.5,0.9747247768361826,0.3519402254097912,0.9193424574828567,4.690337446147327,1.185947963556243
256.0,epoch2_mid_euk,0.5,0.5,0.9747150295884143,0.35192262839852073,0.9193379774339832,4.690745924146423,1.1858775992385475
256.1,epoch2_mid_euk,0.5,0.5,0.9747052824381184,0.3519050322671008,0.9193336311656732,4.691154082612796,1.1858073490805148
256.2,epoch2_mid_euk,0.5,0.5,0.974695535385294,0.3518874370154874,0.9193294178537058,4.691561921877549,1.1857372130669461
256.3,epoch2_mid_euk,0.5,0.5,0.9746857884299401,0.35186984264363663,0.9193253366781461,4.691969442271596,1.1856671911810326
256.4,epoch2_mid_euk,0.5,0.5,0.9746760415720558,0.3518522491515044,0.9193213868233243,4.692376644125662,1.185597283404367
256.5,epoch2_mid_euk,0.5,0.5,0.97466629481164,0.35183465653904683,0.9193175674778141,4.692783527770278,1.1855274897169574
256.6,epoch2_mid_euk,0.5,0.5,0.974656548148692,0.3518170648062199,0.9193138778344112,4.6931900935357795,1.1854578100972377
256.7,epoch2_mid_euk,0.5,0.5,0.9746468015832105,0.35179947395297956,0.9193103170901125,4.693596341752306,1.185388244522082
256.8,epoch2_mid_euk,0.5,0.5,0.9746370551151946,0.3517818839792819,0.9193068844460945,4.694002272749796,1.185318792966816
256.9,epoch2_mid_euk,0.5,0.5,0.9746273087446434,0.35176429488508293,0.919303579107693,4.694407886857987,1.185249455405229
257.0,epoch2_mid_euk,0.5,0.5,0.974617562471556,0.3517467066703387,0.9193004002843813,4.694813184406411,1.1851802318095865
257.1,epoch2_mid_euk,0.5,0.5,0.9746078162959312,0.35172911933500517,0.9192973471897501,4.695218165724394,1.1851111221506423
257.2,epoch2_mid_euk,0.5,0.5,0.9745980702177682,0.35171153287903845,0.9192944190414866,4.695622831141054,1.1850421263976503
257.3,epoch2_mid_euk,0.5,0.5,0.9745883242370661,0.3516939473023945,0.9192916150613537,4.696027180985298,1.1849732445183763
257.4,epoch2_mid_euk,0.5,0.5,0.9745785783538238,0.3516763626050294,0.9192889344751701,4.69643121558582,1.1849044764791101
257.5,epoch2_mid_euk,0.5,0.5,0.9745688325680403,0.3516587787868991,0.9192863765127892,4.6968349352711,1.1848358222446778
257.6,epoch2_mid_euk,0.5,0.5,0.9745590868797146,0.3516411958479598,0.9192839404080794,4.697238340369399,1.1847672817784523
257.7,epoch2_mid_euk,0.5,0.5,0.9745493412888458,0.35162361378816737,0.9192816253989033,4.697641431208762,1.184698855042366
257.8,epoch2_mid_euk,0.5,0.5,0.9745395957954329,0.35160603260747797,0.9192794307270985,4.69804420811701,1.1846305419969225
257.9,epoch2_mid_euk,0.5,0.5,0.9745298503994749,0.3515884523058476,0.9192773556384566,4.698446671421743,1.1845623426012069
258.0,epoch2_mid_euk,0.5,0.5,0.974520105100971,0.35157087288323235,0.9192753993827042,4.6988488214503334,1.1844942568128982
258.1,epoch2_mid_euk,0.5,0.5,0.97451035989992,0.3515532943395882,0.9192735612134825,4.6992506585299285,1.1844262845882811
258.2,epoch2_mid_euk,0.5,0.5,0.974500614796321,0.3515357166748712,0.9192718403883279,4.699652182987446,1.1843584258822561
258.3,epoch2_mid_euk,0.5,0.5,0.9744908697901731,0.35151813988903746,0.9192702361686524,4.700053395149572,1.1842906806483517
258.4,epoch2_mid_euk,0.5,0.5,0.9744811248814752,0.351500563982043,0.9192687478197242,4.70045429534276,1.1842230488387353
258.5,epoch2_mid_euk,0.5,0.5,0.9744713800702264,0.3514829889538439,0.9192673746106479,4.700854883893228,1.184155530404224
258.6,epoch2_mid_euk,0.5,0.5,0.9744616353564257,0.3514654148043962,0.9192661158143456,4.701255161126958,1.1840881252942963
258.7,epoch2_mid_euk,0.5,0.5,0.9744518907400721,0.351447841533656,0.9192649707075375,4.701655127369692,1.1840208334571025
258.8,epoch2_mid_euk,0.5,0.5,0.9744421462211647,0.3514302691415793,0.919263938570723,4.7020547829469335,1.1839536548394758
258.9,epoch2_mid_euk,0.5,0.5,0.9744324017997025,0.3514126976281222,0.9192630186881613,4.70245412818394,1.1838865893869432
259.0,epoch2_mid_euk,0.5,0.5,0.9744226574756845,0.3513951269932408,0.9192622103478529,4.702853163405728,1.1838196370437366
259.1,epoch2_mid_euk,0.5,0.5,0.9744129132491097,0.3513775572368912,0.9192615128415206,4.703251888937067,1.1837527977528026
259.2,epoch2_mid_euk,0.5,0.5,0.9744031691199773,0.3513599883590293,0.9192609254645905,4.703650305102476,1.1836860714558144
259.3,epoch2_mid_euk,0.5,0.5,0.9743934250882861,0.3513424203596114,0.9192604475161739,4.7040484122262285,1.1836194580931811
259.4,epoch2_mid_euk,0.5,0.5,0.9743836811540352,0.3513248532385934,0.9192600782990483,4.7044462106323435,1.1835529576040593
259.5,epoch2_mid_euk,0.5,0.5,0.9743739373172237,0.3513072869959315,0.9192598171196392,4.704843700644587,1.183486569926363
259.6,epoch2_mid_euk,0.5,0.5,0.9743641935778505,0.35128972163158173,0.9192596632880016,4.705240882586471,1.1834202949967743
259.7,epoch2_mid_euk,0.5,0.5,0.9743544499359148,0.35127215714550014,0.9192596161178016,4.705637756781251,1.183354132750753
259.8,epoch2_mid_euk,0.5,0.5,0.9743447063914155,0.3512545935376429,0.9192596749262987,4.706034323551923,1.1832880831225483
259.9,epoch2_mid_euk,0.5,0.5,0.9743349629443515,0.351237030807966,0.9192598390343271,4.7064305832212225,1.1832221460452075
260.0,epoch2_mid_euk,0.5,0.5,0.9743252195947221,0.3512194689564256,0.9192601077662781,4.706826536111624,1.183156321450587
260.1,epoch2_mid_euk,0.5,0.5,0.9743154763425261,0.3512019079829778,0.919260480450082,4.707222182545339,1.1830906092693623
260.2,epoch2_mid_euk,0.5,0.5,0.9743057331877627,0.35118434788757863,0.9192609564171904,4.707617522844313,1.183025009431038
260.3,epoch2_mid_euk,0.5,0.5,0.9742959901304308,0.35116678867018425,0.9192615350025584,4.708012557330225,1.1829595218639575
260.4,epoch2_mid_euk,0.5,0.5,0.9742862471705295,0.35114923033075074,0.9192622155446268,4.708407286324486,1.1828941464953133
260.5,epoch2_mid_euk,0.5,0.5,0.9742765043080578,0.3511316728692342,0.9192629973853049,4.708801710148237,1.1828288832511566
260.6,epoch2_mid_euk,0.5,0.5,0.9742667615430147,0.35111411628559075,0.9192638798699527,4.709195829122348,1.182763732056407
260.7,epoch2_mid_euk,0.5,0.5,0.9742570188753993,0.35109656057977645,0.9192648623473636,4.709589643567415,1.1826986928348626
260.8,epoch2_mid_euk,0.5,0.5,0.9742472763052106,0.35107900575174744,0.919265944169747,4.709983153803758,1.1826337655092096
260.9,epoch2_mid_euk,0.5,0.5,0.9742375338324475,0.35106145180145987,0.9192671246927115,4.710376360151425,1.1825689500010312
261.0,epoch2_mid_euk,0.5,0.5,0.9742277914571091,0.3510438987288698,0.9192684032752472,4.710769262930183,1.1825042462308184
261.1,epoch2_mid_euk,0.5,0.5,0.9742180491791945,0.3510263465339334,0.9192697792797089,4.711161862459521,1.1824396541179785
261.2,epoch2_mid_euk,0.5,0.5,0.9742083069987028,0.3510087952166067,0.9192712520717994,4.711554159058648,1.1823751735808448
261.3,epoch2_mid_euk,0.5,0.5,0.9741985649156327,0.3509912447768459,0.9192728210205521,4.711946153046489,1.1823108045366861
261.4,epoch2_mid_euk,0.5,0.5,0.9741888229299835,0.3509736952146071,0.9192744854983146,4.712337844741686,1.182246546901716
261.5,epoch2_mid_euk,0.5,0.5,0.9741790810417542,0.35095614652984636,0.9192762448807319,4.712729234462598,1.1821824005911021
261.6,epoch2_mid_euk,0.5,0.5,0.9741693392509438,0.35093859872251987,0.9192780985467296,4.7131203225272955,1.1821183655189753
261.7,epoch2_mid_euk,0.5,0.5,0.9741595975575513,0.35092105179258376,0.9192800458784977,4.713511109253561,1.1820544415984389
261.8,epoch2_mid_euk,0.5,0.5,0.9741498559615758,0.3509035057399941,0.9192820862614737,4.71390159495889,1.1819906287415776
261.9,epoch2_mid_euk,0.5,0.5,0.9741401144630162,0.3508859605647071,0.9192842190843266,4.714291779960485,1.1819269268594665
262.0,epoch2_mid_euk,0.5,0.5,0.9741303730618716,0.35086841626667886,0.9192864437389402,4.714681664575257,1.1818633358621806
262.1,epoch2_mid_euk,0.5,0.5,0.9741206317581409,0.3508508728458655,0.9192887596203975,4.715071249119824,1.1817998556588032
262.2,epoch2_mid_euk,0.5,0.5,0.9741108905518233,0.35083333030222325,0.9192911661269638,4.715460533910511,1.1817364861574347
262.3,epoch2_mid_euk,0.5,0.5,0.9741011494429178,0.3508157886357081,0.9192936626600713,4.715849519263344,1.1816732272652017
262.4,epoch2_mid_euk,0.5,0.5,0.9740914084314234,0.35079824784627633,0.9192962486243026,4.716238205494053,1.181610078888266
262.5,epoch2_mid_euk,0.5,0.5,0.974081667517339,0.350780707933884,0.9192989234273752,4.716626592918069,1.1815470409318327
262.6,epoch2_mid_euk,0.5,0.5,0.9740719267006639,0.3507631688984873,0.9193016864801254,4.717014681850525,1.1814841133001595
262.7,epoch2_mid_euk,0.5,0.5,0.9740621859813969,0.3507456307400424,0.9193045371964929,4.717402472606251,1.1814212958965649
262.8,epoch2_mid_euk,0.5,0.5,0.9740524453595372,0.35072809345850536,0.9193074749935044,4.717789965499774,1.1813585886234366
262.9,epoch2_mid_euk,0.5,0.5,0.9740427048350836,0.3507105570538324,0.9193104992912591,4.718177160845319,1.1812959913822405
263.0,epoch2_mid_euk,0.5,0.5,0.9740329644080352,0.3506930215259797,0.9193136095129122,4.7185640589568045,1.181233504073529
263.1,epoch2_mid_euk,0.5,0.5,0.9740232240783911,0.3506754868749034,0.91931680508466,4.718950660147844,1.181171126596949
263.2,epoch2_mid_euk,0.5,0.5,0.9740134838461504,0.35065795310055964,0.9193200854357243,4.7193369647317445,1.1811088588512506
263.3,epoch2_mid_euk,0.5,0.5,0.9740037437113119,0.3506404202029046,0.9193234499983374,4.719722973021502,1.1810467007342955
263.4,epoch2_mid_euk,0.5,0.5,0.9739940036738748,0.35062288818189447,0.9193268982077266,4.720108685329803,1.1809846521430651
263.5,epoch2_mid_euk,0.5,0.5,0.9739842637338381,0.35060535703748535,0.9193304295020993,4.7204941019690265,1.1809227129736686
263.6,epoch2_mid_euk,0.5,0.5,0.9739745238912008,0.35058782676963346,0.9193340433226277,4.720879223251236,1.180860883121351
263.7,epoch2_mid_euk,0.5,0.5,0.9739647841459619,0.350570297378295,0.919337739113434,4.721264049488184,1.1807991624805017
263.8,epoch2_mid_euk,0.5,0.5,0.9739550444981204,0.35055276886342607,0.9193415163215753,4.721648580991307,1.180737550944662
263.9,epoch2_mid_euk,0.5,0.5,0.9739453049476754,0.3505352412249829,0.9193453743970293,4.722032818071726,1.1806760484065337
264.0,epoch2_mid_euk,0.5,0.5,0.9739355654946259,0.3505177144629217,0.9193493127926788,4.722416761040248,1.1806146547579863
264.1,epoch2_mid_euk,0.5,0.5,0.9739258261389709,0.35050018857719856,0.9193533309642975,4.722800410207359,1.1805533698900654
264.2,epoch2_mid_euk,0.5,0.5,0.9739160868807095,0.3504826635677697,0.9193574283705351,4.723183765883229,1.1804921936930004
264.3,epoch2_mid_euk,0.5,0.5,0.9739063477198407,0.3504651394345913,0.9193616044729033,4.723566828377708,1.1804311260562124
264.4,epoch2_mid_euk,0.5,0.5,0.9738966086563635,0.35044761617761955,0.9193658587357605,4.723949598000323,1.1803701668683215
264.5,epoch2_mid_euk,0.5,0.5,0.9738868696902769,0.35043009379681067,0.9193701906262981,4.724332075060282,1.1803093160171552
264.6,epoch2_mid_euk,0.5,0.5,0.97387713082158,0.3504125722921208,0.919374599614526,4.7247142598664675,1.1802485733897552
264.7,epoch2_mid_euk,0.5,0.5,0.9738673920502718,0.3503950516635062,0.919379085173258,4.72509615272744,1.1801879388723862
264.8,epoch2_mid_euk,0.5,0.5,0.9738576533763513,0.350377531910923,0.919383646778098,4.725477753951435,1.1801274123505423
264.9,epoch2_mid_euk,0.5,0.5,0.9738479147998176,0.35036001303432746,0.919388283907426,4.725859063846362,1.180066993708955
265.0,epoch2_mid_euk,0.5,0.5,0.9738381763206696,0.35034249503367576,0.9193929960423836,4.7262400827198014,1.1800066828316005
265.1,epoch2_mid_euk,0.5,0.5,0.9738284379389064,0.3503249779089241,0.9193977826668602,4.72662081087901,1.1799464796017072
265.2,epoch2_mid_euk,0.5,0.5,0.973818699654527,0.35030746166002863,0.9194026432674796,4.727001248630912,1.1798863839017635
265.3,epoch2_mid_euk,0.5,0.5,0.9738089614675305,0.35028994628694565,0.919407577333585,4.727381396282103,1.1798263956135242
265.4,epoch2_mid_euk,0.5,0.5,0.9737992233779158,0.3502724317896313,0.9194125843572266,4.7277612541388505,1.1797665146180183
265.5,epoch2_mid_euk,0.5,0.5,0.973789485385682,0.35025491816804183,0.919417663833147,4.728140822507086,1.1797067407955566
265.6,epoch2_mid_euk,0.5,0.5,0.9737797474908282,0.35023740542213344,0.9194228152587679,4.728520101692411,1.179647074025738
265.7,epoch2_mid_euk,0.5,0.5,0.9737700096933533,0.35021989355186234,0.9194280381341764,4.728899092000095,1.1795875141874577
265.8,epoch2_mid_euk,0.5,0.5,0.9737602719932563,0.3502023825571847,0.9194333319621115,4.729277793735069,1.179528061158913
265.9,epoch2_mid_euk,0.5,0.5,0.9737505343905364,0.35018487243805685,0.919438696247951,4.729656207201933,1.1794687148176115
266.0,epoch2_mid_euk,0.5,0.5,0.9737407968851924,0.3501673631944349,0.9194441304996979,4.73003433270495,1.1794094750403776
266.1,epoch2_mid_euk,0.5,0.5,0.9737310594772236,0.3501498548262752,0.9194496342279667,4.730412170548043,1.1793503417033593
266.2,epoch2_mid_euk,0.5,0.5,0.9737213221666289,0.3501323473335339,0.9194552069459708,4.7307897210348,1.1792913146820356
266.3,epoch2_mid_euk,0.5,0.5,0.9737115849534073,0.3501148407161672,0.9194608481695093,4.731166984468473,1.179232393851223
266.4,epoch2_mid_euk,0.5,0.5,0.9737018478375578,0.3500973349741314,0.9194665574169536,4.731543961151969,1.1791735790850826
266.5,epoch2_mid_euk,0.5,0.5,0.9736921108190794,0.3500798301073827,0.9194723342092342,4.731920651387858,1.1791148702571261
266.6,epoch2_mid_euk,0.5,0.5,0.9736823738979712,0.35006232611587734,0.9194781780698285,4.7322970554783685,1.1790562672402238
266.7,epoch2_mid_euk,0.5,0.5,0.9736726370742322,0.35004482299957157,0.9194840885247468,4.732673173725388,1.1789977699066105
266.8,epoch2_mid_euk,0.5,0.5,0.9736629003478615,0.3500273207584216,0.9194900651025207,4.733049006430459,1.1789393781278923
266.9,epoch2_mid_euk,0.5,0.5,0.973653163718858,0.3500098193923837,0.9194961073341894,4.733424553894784,1.178881091775053
267.0,epoch2_mid_euk,0.5,0.5,0.9736434271872209,0.3499923189014141,0.9195022147532872,4.733799816419218,1.178822910718461
267.1,epoch2_mid_euk,0.5,0.5,0.973633690752949,0.34997481928546903,0.919508386895831,4.734174794304273,1.1787648348278756
267.2,epoch2_mid_euk,0.5,0.5,0.9736239544160415,0.34995732054450474,0.9195146233003079,4.734549487850116,1.178706863972454
267.3,epoch2_mid_euk,0.5,0.5,0.9736142181764974,0.3499398226784775,0.9195209235076619,4.734923897356566,1.178648998020757
267.4,epoch2_mid_euk,0.5,0.5,0.9736044820343156,0.3499223256873436,0.9195272870612825,4.735298023123096,1.1785912368407558
267.5,epoch2_mid_euk,0.5,0.5,0.9735947459894952,0.34990482957105923,0.9195337135069915,4.73567186544883,1.1785335802998385
267.6,epoch2_mid_euk,0.5,0.5,0.9735850100420353,0.3498873343295807,0.919540202393031,4.736045424632545,1.1784760282648161
267.7,epoch2_mid_euk,0.5,0.5,0.9735752741919349,0.3498698399628642,0.9195467532700511,4.736418700972668,1.178418580601929
267.8,epoch2_mid_euk,0.5,0.5,0.973565538439193,0.34985234647086605,0.9195533656910975,4.736791694767277,1.1783612371768528
267.9,epoch2_mid_euk,0.5,0.5,0.9735558027838086,0.3498348538535425,0.9195600392115996,4.737164406314098,1.1783039978547054
268.0,epoch2_mid_euk,0.5,0.5,0.9735460672257807,0.34981736211084985,0.9195667733893582,4.737536835910507,1.1782468625000524
268.1,epoch2_mid_euk,0.5,0.5,0.9735363317651085,0.3497998712427443,0.9195735677845338,4.7379089838535275,1.1781898309769134
268.2,epoch2_mid_euk,0.5,0.5,0.9735265964017908,0.34978238124918215,0.9195804219596342,4.738280850439831,1.1781329031487684
268.3,epoch2_mid_euk,0.5,0.5,0.9735168611358268,0.3497648921301197,0.9195873354795028,4.7386524359657365,1.1780760788785634
268.4,epoch2_mid_euk,0.5,0.5,0.9735071259672154,0.3497474038855132,0.9195943079113067,4.739023740727207,1.1780193580287164
268.5,epoch2_mid_euk,0.5,0.5,0.9734973908959558,0.3497299165153189,0.919601338824525,4.739394765019854,1.1779627404611237
268.6,epoch2_mid_euk,0.5,0.5,0.9734876559220468,0.3497124300194931,0.9196084277909369,4.739765509138931,1.177906226037166
268.7,epoch2_mid_euk,0.5,0.5,0.9734779210454876,0.3496949443979921,0.9196155743846102,4.740135973379339,1.1778498146177134
268.8,epoch2_mid_euk,0.5,0.5,0.9734681862662772,0.3496774596507722,0.9196227781818895,4.740506158035622,1.1777935060631324
268.9,epoch2_mid_euk,0.5,0.5,0.9734584515844145,0.3496599757777896,0.9196300387613849,4.740876063401965,1.1777373002332907
269.0,epoch2_mid_euk,0.5,0.5,0.9734487169998987,0.3496424927790007,0.9196373557039601,4.741245689772198,1.1776811969875636
269.1,epoch2_mid_euk,0.5,0.5,0.9734389825127286,0.3496250106543618,0.9196447285927214,4.741615037439793,1.1776251961848396
269.2,epoch2_mid_euk,0.5,0.5,0.9734292481229035,0.3496075294038291,0.9196521570130058,4.741984106697863,1.1775692976835261
269.3,epoch2_mid_euk,0.5,0.5,0.9734195138304224,0.3495900490273589,0.9196596405523704,4.7423528978391625,1.1775135013415547
269.4,epoch2_mid_euk,0.5,0.5,0.9734097796352841,0.34957256952490756,0.9196671788005801,4.742721411156086,1.1774578070163877
269.5,epoch2_mid_euk,0.5,0.5,0.9734000455374877,0.34955509089643133,0.9196747713495974,4.743089646940668,1.1774022145650227
269.6,epoch2_mid_euk,0.5,0.5,0.9733903115370324,0.3495376131418865,0.9196824177935706,4.743457605484582,1.1773467238439985
269.7,epoch2_mid_euk,0.5,0.5,0.973380577633917,0.3495201362612294,0.919690117728823,4.743825287079143,1.1772913347094014
269.8,epoch2_mid_euk,0.5,0.5,0.9733708438281408,0.34950266025441634,0.9196978707538416,4.744192692015301,1.1772360470168692
269.9,epoch2_mid_euk,0.5,0.5,0.9733611101197025,0.34948518512140364,0.9197056764692662,4.744559820583647,1.177180860621598
270.0,epoch2_mid_euk,0.5,0.5,0.9733513765086013,0.34946771086214756,0.9197135344778785,4.744926673074407,1.1771257753783468
270.1,epoch2_mid_euk,0.5,0.5,0.9733416429948362,0.3494502374766045,0.9197214443845914,4.745293249777446,1.177070791141443
270.2,epoch2_mid_euk,0.5,0.5,0.9733319095784062,0.34943276496473064,0.9197294057964376,4.745659550982264,1.1770159077647884
270.3,epoch2_mid_euk,0.5,0.5,0.9733221762593104,0.3494152933264824,0.9197374183225594,4.746025576977998,1.1769611251018635
270.4,epoch2_mid_euk,0.5,0.5,0.9733124430375478,0.34939782256181606,0.9197454815741977,4.746391328053421,1.1769064430057334
270.5,epoch2_mid_euk,0.5,0.5,0.9733027099131174,0.34938035267068795,0.9197535951646812,4.746756804496941,1.1768518613290528
270.6,epoch2_mid_euk,0.5,0.5,0.9732929768860182,0.3493628836530544,0.9197617587094163,4.747122006596599,1.1767973799240716
270.7,epoch2_mid_euk,0.5,0.5,0.9732832439562493,0.34934541550887177,0.9197699718258758,4.747486934640072,1.1767429986426394
270.8,epoch2_mid_euk,0.5,0.5,0.9732735111238098,0.3493279482380963,0.919778234133589,4.747851588914672,1.1766887173362113
270.9,epoch2_mid_euk,0.5,0.5,0.9732637783886985,0.3493104818406844,0.9197865452541307,4.748215969707343,1.1766345358558523
271.0,epoch2_mid_euk,0.5,0.5,0.9732540457509146,0.3492930163165924,0.9197949048111115,4.748580077304662,1.176580454052243
271.1,epoch2_mid_euk,0.5,0.5,0.973244313210457,0.34927555166577656,0.9198033124301667,4.748943911992839,1.1765264717756845
271.2,epoch2_mid_euk,0.5,0.5,0.9732345807673249,0.3492580878881933,0.9198117677389464,4.749307474057717,1.176472588876103
271.3,epoch2_mid_euk,0.5,0.5,0.9732248484215172,0.3492406249837989,0.9198202703671051,4.749670763784769,1.176418805203055
271.4,epoch2_mid_euk,0.5,0.5,0.973215116173033,0.3492231629525497,0.9198288199462917,4.750033781459103,1.176365120605733
271.5,epoch2_mid_euk,0.5,0.5,0.9732053840218713,0.3492057017944021,0.9198374161101391,4.750396527365455,1.176311534932969
271.6,epoch2_mid_euk,0.5,0.5,0.973195651968031,0.3491882415093124,0.9198460584942542,4.750759001788193,1.17625804803324
271.7,epoch2_mid_euk,0.5,0.5,0.9731859200115114,0.3491707820972369,0.9198547467362076,4.751121205011317,1.1762046597546734
271.8,epoch2_mid_euk,0.5,0.5,0.9731761881523112,0.34915332355813206,0.9198634804755241,4.751483137318455,1.1761513699450508
271.9,epoch2_mid_euk,0.5,0.5,0.9731664563904296,0.34913586589195417,0.9198722593536726,4.751844798992866,1.1760981784518136
272.0,epoch2_mid_euk,0.5,0.5,0.9731567247258658,0.34911840909865954,0.9198810830140556,4.7522061903174375,1.1760450851220674
272.1,epoch2_mid_euk,0.5,0.5,0.9731469931586185,0.3491009531782046,0.9198899511020002,4.752567311574688,1.1759920898025864
272.2,epoch2_mid_euk,0.5,0.5,0.973137261688687,0.3490834981305457,0.9198988632647479,4.752928163046763,1.1759391923398186
272.3,epoch2_mid_euk,0.5,0.5,0.9731275303160701,0.34906604395563917,0.9199078191514446,4.753288745015437,1.1758863925798901
272.4,epoch2_mid_euk,0.5,0.5,0.973117799040767,0.3490485906534414,0.9199168184131313,4.753649057762115,1.1758336903686102
272.5,epoch2_mid_euk,0.5,0.5,0.9731080678627766,0.34903113822390874,0.9199258607027343,4.754009101567828,1.1757810855514752
272.6,epoch2_mid_euk,0.5,0.5,0.973098336782098,0.34901368666699756,0.9199349456750555,4.754368876713234,1.1757285779736737
272.7,epoch2_mid_euk,0.5,0.5,0.9730886057987301,0.3489962359826642,0.9199440729867628,4.75472838347862,1.1756761674800906
272.8,epoch2_mid_euk,0.5,0.5,0.9730788749126722,0.3489787861708651,0.919953242296381,4.7550876221439,1.1756238539153119
272.9,epoch2_mid_euk,0.5,0.5,0.9730691441239231,0.34896133723155653,0.9199624532642817,4.755446592988613,1.1755716371236289
273.0,epoch2_mid_euk,0.5,0.5,0.9730594134324818,0.34894388916469493,0.9199717055526744,4.755805296291928,1.175519516949043
273.1,epoch2_mid_euk,0.5,0.5,0.9730496828383475,0.3489264419702367,0.9199809988255967,4.756163732332639,1.17546749323527
273.2,epoch2_mid_euk,0.5,0.5,0.9730399523415191,0.3489089956481382,0.9199903327489054,4.7565219013891635,1.1754155658257437
273.3,epoch2_mid_euk,0.5,0.5,0.9730302219419956,0.3488915501983558,0.9199997069902669,4.756879803739549,1.1753637345636216
273.4,epoch2_mid_euk,0.5,0.5,0.9730204916397762,0.3488741056208459,0.9200091212191481,4.757237439661467,1.1753119992917882
273.5,epoch2_mid_euk,0.5,0.5,0.9730107614348599,0.34885666191556486,0.9200185751068073,4.757594809432214,1.1752603598528595
273.6,epoch2_mid_euk,0.5,0.5,0.9730010313272455,0.34883921908246907,0.9200280683262846,4.757951913328712,1.1752088160891876
273.7,epoch2_mid_euk,0.5,0.5,0.9729913013169322,0.34882177712151496,0.9200376005523935,4.758308751627508,1.1751573678428646
273.8,epoch2_mid_euk,0.5,0.5,0.972981571403919,0.34880433603265887,0.9200471714617113,4.758665324604776,1.1751060149557269
273.9,epoch2_mid_euk,0.5,0.5,0.972971841588205,0.34878689581585726,0.9200567807325705,4.759021632536311,1.175054757269359
274.0,epoch2_mid_euk,0.5,0.5,0.9729621118697892,0.34876945647106644,0.9200664280450491,4.759377675697535,1.1750035946250983
274.1,epoch2_mid_euk,0.5,0.5,0.9729523822486705,0.3487520179982429,0.9200761130809628,4.759733454363493,1.1749525268640388
274.2,epoch2_mid_euk,0.5,0.5,0.972942652724848,0.348734580397343,0.9200858355238553,4.760088968808856,1.1749015538270353
274.3,epoch2_mid_euk,0.5,0.5,0.9729329232983208,0.3487171436683231,0.9200955950589895,4.760444219307917,1.1748506753547074
274.4,epoch2_mid_euk,0.5,0.5,0.9729231939690879,0.34869970781113974,0.9201053913733394,4.760799206134593,1.1747998912874436
274.5,epoch2_mid_euk,0.5,0.5,0.9729134647371482,0.3486822728257492,0.9201152241555802,4.761153929562426,1.174749201465405
274.6,epoch2_mid_euk,0.5,0.5,0.9729037356025009,0.3486648387121079,0.9201250930960808,4.761508389864581,1.17469860572853
274.7,epoch2_mid_euk,0.5,0.5,0.9728940065651448,0.3486474054701723,0.9201349978868945,4.761862587313844,1.1746481039165373
274.8,epoch2_mid_euk,0.5,0.5,0.9728842776250791,0.3486299730998988,0.9201449382217504,4.7622165221826265,1.1745976958689301
274.9,epoch2_mid_euk,0.5,0.5,0.9728745487823028,0.3486125416012438,0.920154913796045,4.762570194742963,1.174547381425001
275.0,epoch2_mid_euk,0.5,0.5,0.9728648200368151,0.34859511097416374,0.9201649243068336,4.762923605266511,1.1744971604238343
275.1,epoch2_mid_euk,0.5,0.5,0.9728550913886147,0.34857768121861504,0.920174969452822,4.763276754024551,1.1744470327043108
275.2,epoch2_mid_euk,0.5,0.5,0.9728453628377008,0.3485602523345541,0.9201850489343575,4.7636296412879835,1.1743969981051114
275.3,epoch2_mid_euk,0.5,0.5,0.9728356343840725,0.3485428243219374,0.9201951624534213,4.763982267327335,1.1743470564647212
275.4,epoch2_mid_euk,0.5,0.5,0.9728259060277287,0.3485253971807213,0.9202053097136196,4.764334632412752,1.174297207621432
275.5,epoch2_mid_euk,0.5,0.5,0.9728161777686684,0.3485079709108623,0.9202154904201754,4.764686736814006,1.1742474514133479
275.6,epoch2_mid_euk,0.5,0.5,0.9728064496068907,0.34849054551231673,0.9202257042799201,4.765038580800487,1.1741977876783873
275.7,epoch2_mid_euk,0.5,0.5,0.9727967215423946,0.34847312098504113,0.9202359510012857,4.765390164641212,1.1741482162542882
275.8,epoch2_mid_euk,0.5,0.5,0.9727869935751792,0.3484556973289919,0.9202462302942963,4.765741488604815,1.1740987369786102
275.9,epoch2_mid_euk,0.5,0.5,0.9727772657052434,0.34843827454412546,0.9202565418705598,4.766092552959555,1.1740493496887392
276.0,epoch2_mid_euk,0.5,0.5,0.9727675379325863,0.34842085263039824,0.9202668854432601,4.766443357973314,1.174000054221891
276.1,epoch2_mid_euk,0.5,0.5,0.972757810257207,0.3484034315877667,0.9202772607271487,4.766793903913593,1.173950850415114
276.2,epoch2_mid_euk,0.5,0.5,0.9727480826791044,0.3483860114161873,0.9202876674385372,4.767144191047516,1.1739017381052936
276.3,epoch2_mid_euk,0.5,0.5,0.9727383551982776,0.3483685921156165,0.9202981052952888,4.767494219641829,1.173852717129156
276.4,epoch2_mid_euk,0.5,0.5,0.9727286278147256,0.3483511736860107,0.9203085740168104,4.7678439899629,1.1738037873232705
276.5,epoch2_mid_euk,0.5,0.5,0.9727189005284474,0.3483337561273264,0.9203190733240453,4.768193502276718,1.173754948524054
276.6,epoch2_mid_euk,0.5,0.5,0.9727091733394422,0.34831633943952006,0.9203296029394643,4.768542756848895,1.1737062005677739
276.7,epoch2_mid_euk,0.5,0.5,0.9726994462477088,0.3482989236225481,0.9203401625870588,4.768891753944661,1.1736575432905518
276.8,epoch2_mid_euk,0.5,0.5,0.9726897192532463,0.348281508676367,0.9203507519923324,4.769240493828873,1.1736089765283673
276.9,epoch2_mid_euk,0.5,0.5,0.9726799923560537,0.34826409460093316,0.9203613708822936,4.769588976766004,1.1735605001170601
277.0,epoch2_mid_euk,0.5,0.5,0.9726702655561301,0.34824668139620313,0.9203720189854478,4.769937203020152,1.1735121138923348
277.1,epoch2_mid_euk,0.5,0.5,0.9726605388534746,0.3482292690621333,0.9203826960317898,4.770285172855037,1.1734638176897634
277.2,epoch2_mid_euk,0.5,0.5,0.972650812248086,0.3482118575986802,0.9203934017527957,4.770632886533998,1.173415611344789
277.3,epoch2_mid_euk,0.5,0.5,0.9726410857399636,0.34819444700580027,0.9204041358814162,4.770980344319996,1.1733674946927286
277.4,epoch2_mid_euk,0.5,0.5,0.9726313593291062,0.34817703728344995,0.9204148981520681,4.771327546475615,1.173319467568777
277.5,epoch2_mid_euk,0.5,0.5,0.9726216330155129,0.34815962843158577,0.9204256883006274,4.77167449326306,1.1732715298080096
277.6,epoch2_mid_euk,0.5,0.5,0.9726119067991827,0.3481422204501642,0.9204365060644215,4.772021184944156,1.1732236812453856
277.7,epoch2_mid_euk,0.5,0.5,0.9726021806801147,0.3481248133391417,0.9204473511822219,4.772367621780351,1.1731759217157514
277.8,epoch2_mid_euk,0.5,0.5,0.9725924546583079,0.3481074070984747,0.9204582233942367,4.772713804032715,1.1731282510538439
277.9,epoch2_mid_euk,0.5,0.5,0.9725827287337613,0.34809000172811977,0.9204691224421033,4.773059731961937,1.1730806690942932
278.0,epoch2_mid_euk,0.5,0.5,0.972573002906474,0.34807259722803335,0.9204800480688813,4.773405405828331,1.1730331756716261
278.1,epoch2_mid_euk,0.5,0.5,0.9725632771764449,0.34805519359817194,0.9204910000190445,4.773750825891831,1.1729857706202689
278.2,epoch2_mid_euk,0.5,0.5,0.9725535515436731,0.348037790838492,0.9205019780384742,4.774095992411992,1.1729384537745509
278.3,epoch2_mid_euk,0.5,0.5,0.9725438260081576,0.3480203889489501,0.9205129818744522,4.7744409056479915,1.172891224968707
278.4,epoch2_mid_euk,0.5,0.5,0.9725341005698975,0.3480029879295026,0.9205240112756528,4.774785565858629,1.1728440840368808
278.5,epoch2_mid_euk,0.5,0.5,0.9725243752288918,0.34798558778010613,0.9205350659921363,4.775129973302325,1.1727970308131284
278.6,epoch2_mid_euk,0.5,0.5,0.9725146499851395,0.34796818850071715,0.9205461457753418,4.775474128237122,1.1727500651314202
278.7,epoch2_mid_euk,0.5,0.5,0.9725049248386396,0.3479507900912921,0.9205572503780798,4.775818030920686,1.1727031868256446
278.8,epoch2_mid_euk,0.5,0.5,0.9724951997893913,0.3479333925517875,0.9205683795545255,4.7761616816103025,1.1726563957296106
278.9,epoch2_mid_euk,0.5,0.5,0.9724854748373933,0.34791599588215993,0.9205795330602117,4.776505080562881,1.172609691677051
279.0,epoch2_mid_euk,0.5,0.5,0.972475749982645,0.34789860008236584,0.9205907106520216,4.776848228034953,1.1725630745016253
279.1,epoch2_mid_euk,0.5,0.5,0.9724660252251451,0.3478812051523617,0.9206019120881821,4.777191124282671,1.1725165440369225
279.2,epoch2_mid_euk,0.5,0.5,0.9724563005648929,0.34786381109210407,0.9206131371282569,4.77753376956181,1.1724701001164637
279.3,epoch2_mid_euk,0.5,0.5,0.9724465760018872,0.34784641790154947,0.9206243855331394,4.777876164127768,1.1724237425737054
279.4,epoch2_mid_euk,0.5,0.5,0.9724368515361272,0.34782902558065437,0.9206356570650462,4.778218308235567,1.172377471242042
279.5,epoch2_mid_euk,0.5,0.5,0.9724271271676119,0.3478116341293753,0.9206469514875101,4.778560202139848,1.172331285954809
279.6,epoch2_mid_euk,0.5,0.5,0.9724174028963403,0.34779424354766886,0.9206582685653731,4.778901846094878,1.172285186545285
279.7,epoch2_mid_euk,0.5,0.5,0.9724076787223113,0.34777685383549145,0.9206696080647803,4.779243240354544,1.1722391728466957
279.8,epoch2_mid_euk,0.5,0.5,0.972397954645524,0.3477594649927997,0.9206809697531723,4.77958438517236,1.172193244692215
279.9,epoch2_mid_euk,0.5,0.5,0.9723882306659776,0.34774207701955007,0.9206923533992794,4.779925280801457,1.1721474019149691
280.0,epoch2_mid_euk,0.5,0.5,0.9723785067836709,0.3477246899156991,0.9207037587731144,4.780265927494595,1.172101644348039
280.1,epoch2_mid_euk,0.5,0.5,0.9723687829986031,0.34770730368120334,0.9207151856459664,4.780606325504153,1.1720559718244623
280.2,epoch2_mid_euk,0.5,0.5,0.972359059310773,0.34768991831601925,0.920726633790394,4.780946475082136,1.1720103841772367
280.3,epoch2_mid_euk,0.5,0.5,0.9723493357201799,0.34767253382010344,0.9207381029802185,4.781286376480172,1.1719648812393224
280.4,epoch2_mid_euk,0.5,0.5,0.9723396122268227,0.3476551501934124,0.9207495929905182,4.7816260299495115,1.171919462843645
280.5,epoch2_mid_euk,0.5,0.5,0.9723298888307005,0.34763776743590274,0.9207611035976209,4.781965435741029,1.1718741288230972
280.6,epoch2_mid_euk,0.5,0.5,0.9723201655318122,0.34762038554753094,0.9207726345790982,4.782304594105224,1.1718288790105424
280.7,epoch2_mid_euk,0.5,0.5,0.972310442330157,0.34760300452825355,0.9207841857137589,4.782643505292219,1.171783713238817
280.8,epoch2_mid_euk,0.5,0.5,0.9723007192257337,0.34758562437802715,0.9207957567816425,4.782982169551762,1.171738631340732
280.9,epoch2_mid_euk,0.5,0.5,0.9722909962185414,0.3475682450968082,0.9208073475640132,4.783320587133223,1.1716936331490777
281.0,epoch2_mid_euk,0.5,0.5,0.9722812733085793,0.3475508666845534,0.920818957843353,4.783658758285598,1.1716487184966236
281.1,epoch2_mid_euk,0.5,0.5,0.9722715504958462,0.3475334891412191,0.9208305874033561,4.7839966832575085,1.1716038872161223
281.2,epoch2_mid_euk,0.5,0.5,0.9722618277803413,0.34751611246676206,0.9208422360289221,4.7843343622972,1.1715591391403124
281.3,epoch2_mid_euk,0.5,0.5,0.9722521051620635,0.34749873666113873,0.92085390350615,4.7846717956525415,1.1715144741019197
281.4,epoch2_mid_euk,0.5,0.5,0.9722423826410119,0.34748136172430566,0.9208655896223323,4.78500898357103,1.1714698919336606
281.5,epoch2_mid_euk,0.5,0.5,0.9722326602171855,0.34746398765621944,0.9208772941659482,4.785345926299787,1.171425392468244
281.6,epoch2_mid_euk,0.5,0.5,0.9722229378905833,0.3474466144568366,0.920889016926658,4.785682624085556,1.171380975538374
281.7,epoch2_mid_euk,0.5,0.5,0.9722132156612044,0.34742924212611376,0.920900757695297,4.7860190771747115,1.1713366409767518
281.8,epoch2_mid_euk,0.5,0.5,0.9722034935290478,0.34741187066400747,0.920912516263869,4.786355285813251,1.1712923886160789
281.9,epoch2_mid_euk,0.5,0.5,0.9721937714941125,0.3473945000704743,0.9209242924255409,4.786691250246797,1.1712482182890585
282.0,epoch2_mid_euk,0.5,0.5,0.9721840495563975,0.34737713034547074,0.9209360859746359,4.787026970720601,1.1712041298283984
282.1,epoch2_mid_euk,0.5,0.5,0.972174327715902,0.3473597614889535,0.9209478967066286,4.7873624474795395,1.1711601230668132
282.2,epoch2_mid_euk,0.5,0.5,0.9721646059726248,0.34734239350087903,0.9209597244181379,4.787697680768116,1.1711161978370261
282.3,epoch2_mid_euk,0.5,0.5,0.972154884326565,0.347325026381204,0.920971568906922,4.78803267083046,1.1710723539717725
282.4,epoch2_mid_euk,0.5,0.5,0.9721451627777218,0.34730766012988495,0.9209834299718719,4.788367417910329,1.1710285913038005
282.5,epoch2_mid_euk,0.5,0.5,0.972135441326094,0.34729029474687845,0.920995307413006,4.788701922251107,1.1709849096658744
282.6,epoch2_mid_euk,0.5,0.5,0.9721257199716807,0.3472729302321411,0.9210072010314639,4.7890361840958064,1.1709413088907763
282.7,epoch2_mid_euk,0.5,0.5,0.9721159987144811,0.3472555665856295,0.921019110629501,4.789370203687066,1.1708977888113088
282.8,epoch2_mid_euk,0.5,0.5,0.972106277554494,0.34723820380730025,0.9210310360104824,4.789703981267154,1.1708543492602963
282.9,epoch2_mid_euk,0.5,0.5,0.9720965564917184,0.3472208418971099,0.9210429769788774,4.790037517077965,1.1708109900705885
283.0,epoch2_mid_euk,0.5,0.5,0.9720868355261535,0.347203480855015,0.9210549333402533,4.790370811361024,1.1707677110750612
283.1,epoch2_mid_euk,0.5,0.5,0.9720771146577982,0.34718612068097227,0.9210669049012707,4.790703864357482,1.170724512106619
283.2,epoch2_mid_euk,0.5,0.5,0.9720673938866516,0.34716876137493824,0.9210788914696769,4.791036676308122,1.1706813929981978
283.3,epoch2_mid_euk,0.5,0.5,0.9720576732127127,0.34715140293686947,0.9210908928543006,4.791369247453352,1.1706383535827665
283.4,epoch2_mid_euk,0.5,0.5,0.9720479526359806,0.3471340453667226,0.9211029088650464,4.791701578033212,1.1705953936933287
283.5,epoch2_mid_euk,0.5,0.5,0.9720382321564542,0.3471166886644543,0.9211149393128893,4.792033668287371,1.1705525131629255
283.6,epoch2_mid_euk,0.5,0.5,0.9720285117741326,0.34709933283002103,0.921126984009869,4.792365518455128,1.1705097118246373
283.7,epoch2_mid_euk,0.5,0.5,0.9720187914890149,0.3470819778633795,0.9211390427690844,4.792697128775411,1.1704669895115856
283.8,epoch2_mid_euk,0.5,0.5,0.9720090713011,0.3470646237644863,0.9211511154046881,4.79302849948678,1.170424346056935
283.9,epoch2_mid_euk,0.5,0.5,0.971999351210387,0.3470472705332981,0.921163201731881,4.793359630827423,1.1703817812938955
284.0,epoch2_mid_euk,0.5,0.5,0.971989631216875,0.3470299181697714,0.9211753015669071,4.793690523035161,1.1703392950557243
284.1,epoch2_mid_euk,0.5,0.5,0.9719799113205628,0.34701256667386293,0.9211874147270475,4.794021176347444,1.1702968871757282
284.2,epoch2_mid_euk,0.5,0.5,0.9719701915214496,0.34699521604552924,0.9211995410306155,4.794351591001354,1.1702545574872645
284.3,epoch2_mid_euk,0.5,0.5,0.9719604718195344,0.346977866284727,0.9212116802969514,4.794681767233606,1.1702123058237441
284.4,epoch2_mid_euk,0.5,0.5,0.9719507522148162,0.34696051739141276,0.9212238323464169,4.795011705280545,1.1701701320186328
284.5,epoch2_mid_euk,0.5,0.5,0.971941032707294,0.3469431693655432,0.9212359970003896,4.795341405378148,1.1701280359054533
284.6,epoch2_mid_euk,0.5,0.5,0.9719313132969669,0.3469258222070749,0.9212481740812581,4.795670867762024,1.1700860173177872
284.7,epoch2_mid_euk,0.5,0.5,0.9719215939838339,0.3469084759159646,0.9212603634124167,4.796000092667417,1.1700440760892765
284.8,epoch2_mid_euk,0.5,0.5,0.9719118747678941,0.3468911304921688,0.92127256481826,4.796329080329201,1.170002212053626
284.9,epoch2_mid_euk,0.5,0.5,0.9719021556491464,0.34687378593564416,0.9212847781241781,4.796657830981885,1.169960425044605
285.0,epoch2_mid_euk,0.5,0.5,0.97189243662759,0.3468564422463474,0.9212970031565509,4.79698634485961,1.1699187148960488
285.1,epoch2_mid_euk,0.5,0.5,0.9718827177032237,0.3468390994242351,0.9213092397427435,4.797314622196152,1.1698770814418609
285.2,epoch2_mid_euk,0.5,0.5,0.9718729988760466,0.34682175746926386,0.9213214877111007,4.797642663224919,1.1698355245160144
285.3,epoch2_mid_euk,0.5,0.5,0.9718632801460578,0.34680441638139037,0.9213337468909419,4.797970468178956,1.1697940439525543
285.4,epoch2_mid_euk,0.5,0.5,0.9718535615132564,0.3467870761605713,0.9213460171125567,4.798298037290942,1.1697526395855988
285.5,epoch2_mid_euk,0.5,0.5,0.9718438429776413,0.34676973680676326,0.9213582982071988,4.798625370793188,1.1697113112493416
285.6,epoch2_mid_euk,0.5,0.5,0.9718341245392115,0.34675239831992294,0.9213705900070821,4.798952468917642,1.1696700587780529
285.7,epoch2_mid_euk,0.5,0.5,0.9718244061979661,0.3467350607000069,0.9213828923453747,4.79927933189589,1.1696288820060816
285.8,epoch2_mid_euk,0.5,0.5,0.9718146879539041,0.3467177239469719,0.9213952050561949,4.799605959959149,1.1695877807678572
285.9,epoch2_mid_euk,0.5,0.5,0.9718049698070246,0.3467003880607746,0.9214075279746052,4.799932353338275,1.1695467548978908
286.0,epoch2_mid_euk,0.5,0.5,0.9717952517573265,0.34668305304137154,0.9214198609366088,4.80025851226376,1.1695058042307775
286.1,epoch2_mid_euk,0.5,0.5,0.9717855338048089,0.34666571888871944,0.9214322037791431,4.800584436965732,1.169464928601198
286.2,epoch2_mid_euk,0.5,0.5,0.9717758159494708,0.346648385602775,0.9214445563400763,4.800910127673956,1.1694241278439195
286.3,epoch2_mid_euk,0.5,0.5,0.9717660981913113,0.34663105318349485,0.9214569184582014,4.801235584617834,1.169383401793798
286.4,epoch2_mid_euk,0.5,0.5,0.9717563805303294,0.3466137216308357,0.9214692899732325,4.801560808026407,1.1693427502857805
286.5,epoch2_mid_euk,0.5,0.5,0.9717466629665241,0.34659639094475414,0.9214816707257989,4.801885798128353,1.169302173154905
286.6,epoch2_mid_euk,0.5,0.5,0.9717369454998944,0.3465790611252069,0.9214940605574411,4.802210555151988,1.1692616702363035
286.7,epoch2_mid_euk,0.5,0.5,0.9717272281304394,0.34656173217215064,0.9215064593106058,4.802535079325266,1.1692212413652032
286.8,epoch2_mid_euk,0.5,0.5,0.9717175108581582,0.34654440408554205,0.9215188668286414,4.802859370875781,1.169180886376928
286.9,epoch2_mid_euk,0.5,0.5,0.9717077936830496,0.3465270768653378,0.9215312829557929,4.803183430030767,1.1691406051068995
287.0,epoch2_mid_euk,0.5,0.5,0.9716980766051128,0.3465097505114945,0.9215437075371975,4.803507257017095,1.16910039739064
287.1,epoch2_mid_euk,0.5,0.5,0.9716883596243467,0.34649242502396893,0.9215561404188801,4.803830852061278,1.1690602630637723
287.2,epoch2_mid_euk,0.5,0.5,0.9716786427407506,0.34647510040271773,0.9215685814477483,4.804154215389468,1.1690202019620226
287.3,epoch2_mid_euk,0.5,0.5,0.9716689259543232,0.3464577766476976,0.9215810304715883,4.804477347227457,1.1689802139212213
287.4,epoch2_mid_euk,0.5,0.5,0.9716592092650637,0.34644045375886523,0.9215934873390598,4.80480024780068,1.1689402987773045
287.5,epoch2_mid_euk,0.5,0.5,0.971649492672971,0.3464231317361773,0.9216059518996916,4.80512291733421,1.168900456366316
287.6,epoch2_mid_euk,0.5,0.5,0.9716397761780442,0.34640581057959047,0.9216184240038776,4.805445356052766,1.168860686524408
287.7,epoch2_mid_euk,0.5,0.5,0.9716300597802824,0.3463884902890615,0.9216309035028716,4.805767564180704,1.1688209890878436
287.8,epoch2_mid_euk,0.5,0.5,0.9716203434796846,0.34637117086454705,0.9216433902487831,4.8060895419420255,1.168781363892997
287.9,epoch2_mid_euk,0.5,0.5,0.9716106272762498,0.34635385230600385,0.9216558840945728,4.806411289560374,1.1687418107763556
288.0,epoch2_mid_euk,0.5,0.5,0.971600911169977,0.34633653461338854,0.9216683848940482,4.806732807259034,1.1687023295745218
288.1,epoch2_mid_euk,0.5,0.5,0.9715911951608653,0.34631921778665786,0.9216808925018595,4.807054095260936,1.1686629201242138
288.2,epoch2_mid_euk,0.5,0.5,0.9715814792489137,0.34630190182576853,0.9216934067734943,4.807375153788652,1.168623582262267
288.3,epoch2_mid_euk,0.5,0.5,0.9715717634341212,0.34628458673067725,0.9217059275652745,4.8076959830644,1.1685843158256357
288.4,epoch2_mid_euk,0.5,0.5,0.9715620477164869,0.3462672725013407,0.9217184547343508,4.808016583310041,1.1685451206513942
288.5,epoch2_mid_euk,0.5,0.5,0.9715523320960098,0.3462499591377156,0.921730988138699,4.808336954747079,1.1685059965767384
288.6,epoch2_mid_euk,0.5,0.5,0.9715426165726888,0.3462326466397587,0.9217435276371156,4.808657097596667,1.1684669434389872
288.7,epoch2_mid_euk,0.5,0.5,0.9715329011465231,0.34621533500742674,0.9217560730892136,4.8089770120796,1.1684279610755832
288.8,epoch2_mid_euk,0.5,0.5,0.9715231858175116,0.34619802424067636,0.9217686243554177,4.80929669841632,1.168389049324095
288.9,epoch2_mid_euk,0.5,0.5,0.9715134705856534,0.34618071433946435,0.921781181296961,4.809616156826916,1.1683502080222175
289.0,epoch2_mid_euk,0.5,0.5,0.9715037554509476,0.3461634053037474,0.9217937437758797,4.809935387531121,1.1683114370077743
289.1,epoch2_mid_euk,0.5,0.5,0.971494040413393,0.3461460971334822,0.9218063116550101,4.810254390748319,1.168272736118718
289.2,epoch2_mid_euk,0.5,0.5,0.9714843254729889,0.34612878982862555,0.9218188847979834,4.8105731666975355,1.1682341051931315
289.3,epoch2_mid_euk,0.5,0.5,0.9714746106297342,0.3461114833891341,0.9218314630692218,4.8108917155974495,1.1681955440692307
289.4,epoch2_mid_euk,0.5,0.5,0.9714648958836278,0.34609417781496465,0.921844046333935,4.811210037666385,1.1681570525853635
289.5,epoch2_mid_euk,0.5,0.5,0.971455181234669,0.3460768731060739,0.9218566344581152,4.811528133122313,1.1681186305800129
289.6,epoch2_mid_euk,0.5,0.5,0.9714454666828567,0.3460595692624186,0.9218692273085335,4.811846002182857,1.1680802778917974
289.7,epoch2_mid_euk,0.5,0.5,0.9714357522281899,0.34604226628395546,0.9218818247527357,4.812163645065286,1.1680419943594722
289.8,epoch2_mid_euk,0.5,0.5,0.9714260378706676,0.34602496417064127,0.9218944266590385,4.81248106198652,1.168003779821931
289.9,epoch2_mid_euk,0.5,0.5,0.971416323610289,0.34600766292243273,0.9219070328965251,4.81279825316313,1.167965634118206
290.0,epoch2_mid_euk,0.5,0.5,0.9714066094470528,0.3459903625392866,0.9219196433350414,4.813115218811336,1.167927557087471
290.1,epoch2_mid_euk,0.5,0.5,0.9713968953809583,0.34597306302115965,0.9219322578451918,4.8134319591470085,1.1678895485690401
290.2,epoch2_mid_euk,0.5,0.5,0.9713871814120045,0.3459557643680086,0.9219448762983357,4.81374847438567,1.1678516084023713
290.3,epoch2_mid_euk,0.5,0.5,0.9713774675401904,0.3459384665797902,0.9219574985665828,4.814064764742493,1.1678137364270662
290.4,epoch2_mid_euk,0.5,0.5,0.971367753765515,0.34592116965646125,0.9219701245227901,4.814380830432302,1.1677759324828711
290.5,epoch2_mid_euk,0.5,0.5,0.9713580400879773,0.3459038735979784,0.9219827540405574,4.814696671669576,1.167738196409679
290.6,epoch2_mid_euk,0.5,0.5,0.9713483265075764,0.34588657840429854,0.9219953869942233,4.815012288668443,1.1677005280475297
290.7,epoch2_mid_euk,0.5,0.5,0.9713386130243113,0.3458692840753783,0.9220080232588618,4.815327681642688,1.1676629272366121
290.8,epoch2_mid_euk,0.5,0.5,0.9713288996381811,0.34585199061117455,0.9220206627102778,4.815642850805746,1.1676253938172645
290.9,epoch2_mid_euk,0.5,0.5,0.9713191863491848,0.345834698011644,0.9220333052250043,4.815957796370707,1.1675879276299754
291.0,epoch2_mid_euk,0.5,0.5,0.9713094731573213,0.34581740627674346,0.9220459506802974,4.816272518550316,1.1675505285153853
291.1,epoch2_mid_euk,0.5,0.5,0.9712997600625898,0.34580011540642963,0.9220585989541334,4.816587017556971,1.1675131963142877
291.2,epoch2_mid_euk,0.5,0.5,0.9712900470649891,0.3457828254006593,0.9220712499252047,4.816901293602727,1.1674759308676297
291.3,epoch2_mid_euk,0.5,0.5,0.9712803341645184,0.3457655362593893,0.9220839034729159,4.8172153468992915,1.167438732016513
291.4,epoch2_mid_euk,0.5,0.5,0.9712706213611768,0.3457482479825763,0.9220965594773802,4.817529177658031,1.1674015996021956
291.5,epoch2_mid_euk,0.5,0.5,0.9712609086549632,0.34573096057017716,0.9221092178194158,4.817842786089966,1.1673645334660925
291.6,epoch2_mid_euk,0.5,0.5,0.9712511960458766,0.34571367402214864,0.922121878380542,4.818156172405775,1.1673275334497766
291.7,epoch2_mid_euk,0.5,0.5,0.9712414835339162,0.3456963883384475,0.9221345410429759,4.8184693368157925,1.1672905993949796
291.8,epoch2_mid_euk,0.5,0.5,0.9712317711190808,0.3456791035190306,0.922147205689628,4.818782279530011,1.1672537311435935
291.9,epoch2_mid_euk,0.5,0.5,0.9712220588013696,0.3456618195638546,0.9221598722040996,4.819095000758081,1.167216928537671
292.0,epoch2_mid_euk,0.5,0.5,0.9712123465807816,0.3456445364728764,0.9221725404706781,4.81940750070931,1.1671801914194266
292.1,epoch2_mid_euk,0.5,0.5,0.9712026344573158,0.3456272542460528,0.9221852103743341,4.819719779592665,1.167143519631238
292.2,epoch2_mid_euk,0.5,0.5,0.9711929224309712,0.3456099728833405,0.9221978818007177,4.8200318376167735,1.1671069130156468
292.3,epoch2_mid_euk,0.5,0.5,0.9711832105017469,0.3455926923846963,0.9222105546361546,4.820343674989919,1.1670703714153592
292.4,epoch2_mid_euk,0.5,0.5,0.971173498669642,0.3455754127500771,0.9222232287676432,4.820655291920049,1.1670338946732473
292.5,epoch2_mid_euk,0.5,0.5,0.9711637869346553,0.3455581339794396,0.9222359040828502,4.820966688614769,1.1669974826323497
292.6,epoch2_mid_euk,0.5,0.5,0.971154075296786,0.3455408560727406,0.9222485804701078,4.821277865281345,1.1669611351358729
292.7,epoch2_mid_euk,0.5,0.5,0.971144363756033,0.34552357902993697,0.9222612578184101,4.821588822126705,1.1669248520271915
292.8,epoch2_mid_euk,0.5,0.5,0.9711346523123954,0.3455063028509855,0.922273936017409,4.821899559357438,1.1668886331498503
292.9,epoch2_mid_euk,0.5,0.5,0.9711249409658722,0.34548902753584293,0.9222866149574118,4.822210077179796,1.1668524783475633
293.0,epoch2_mid_euk,0.5,0.5,0.9711152297164626,0.34547175308446615,0.9222992945293768,4.8225203757996935,1.1668163874642168
293.1,epoch2_mid_euk,0.5,0.5,0.9711055185641654,0.3454544794968119,0.9223119746249103,4.822830455422706,1.1667803603438685
293.2,epoch2_mid_euk,0.5,0.5,0.9710958075089797,0.34543720677283707,0.9223246551362633,4.823140316254075,1.166744396830749
293.3,epoch2_mid_euk,0.5,0.5,0.9710860965509046,0.34541993491249845,0.9223373359563277,4.823449958498703,1.1667084967692631
293.4,epoch2_mid_euk,0.5,0.5,0.9710763856899391,0.3454026639157528,0.9223500169786334,4.823759382361158,1.16667266000399
293.5,epoch2_mid_euk,0.5,0.5,0.9710666749260822,0.345385393782557,0.9223626980973445,4.824068588045673,1.1666368863796845
293.6,epoch2_mid_euk,0.5,0.5,0.971056964259333,0.34536812451286786,0.9223753792072564,4.824377575756146,1.1666011757412778
293.7,epoch2_mid_euk,0.5,0.5,0.9710472536896904,0.34535085610664223,0.9223880602037923,4.824686345696139,1.1665655279338776
293.8,epoch2_mid_euk,0.5,0.5,0.9710375432171534,0.3453335885638369,0.9224007409829994,4.824994898068882,1.1665299428027704
293.9,epoch2_mid_euk,0.5,0.5,0.9710278328417212,0.3453163218844087,0.9224134214415466,4.8253032330772685,1.166494420193421
294.0,epoch2_mid_euk,0.5,0.5,0.9710181225633928,0.34529905606831446,0.9224261014767204,4.825611350923862,1.1664589599514739
294.1,epoch2_mid_euk,0.5,0.5,0.9710084123821672,0.34528179111551105,0.9224387809864221,4.82591925181089,1.1664235619227536
294.2,epoch2_mid_euk,0.5,0.5,0.9709987022980433,0.3452645270259553,0.922451459869164,4.826226935940251,1.166388225953266
294.3,epoch2_mid_euk,0.5,0.5,0.9709889923110203,0.34524726379960397,0.9224641380240671,4.8265344035135085,1.166352951889199
294.4,epoch2_mid_euk,0.5,0.5,0.9709792824210972,0.34523000143641397,0.9224768153508571,4.826841654731896,1.166317739576923
294.5,epoch2_mid_euk,0.5,0.5,0.970969572628273,0.34521273993634216,0.9224894917498614,4.827148689796316,1.1662825888629917
294.6,epoch2_mid_euk,0.5,0.5,0.9709598629325467,0.34519547929934535,0.9225021671220061,4.827455508907341,1.166247499594143
294.7,epoch2_mid_euk,0.5,0.5,0.9709501533339173,0.34517821952538036,0.9225148413688127,4.827762112265211,1.1662124716172997
294.8,epoch2_mid_euk,0.5,0.5,0.970940443832384,0.3451609606144041,0.9225275143923951,4.828068500069839,1.1661775047795702
294.9,epoch2_mid_euk,0.5,0.5,0.9709307344279456,0.3451437025663734,0.9225401860954563,4.828374672520805,1.1661425989282492
295.0,epoch2_mid_euk,0.5,0.5,0.9709210251206014,0.3451264453812451,0.9225528563812853,4.828680629817366,1.1661077539108187
295.1,epoch2_mid_euk,0.5,0.5,0.9709113159103502,0.34510918905897603,0.922565525153754,4.828986372158444,1.1660729695749479
295.2,epoch2_mid_euk,0.5,0.5,0.9709016067971911,0.34509193359952306,0.9225781923173145,4.829291899742637,1.166038245768495
295.3,epoch2_mid_euk,0.5,0.5,0.9708918977811231,0.3450746790028431,0.9225908577769955,4.829597212768216,1.166003582339507
295.4,epoch2_mid_euk,0.5,0.5,0.9708821888621453,0.345057425268893,0.9226035214383994,4.8299023114331225,1.1659689791362207
295.5,epoch2_mid_euk,0.5,0.5,0.9708724800402566,0.3450401723976296,0.9226161832076996,4.830207195934973,1.1659344360070636
295.6,epoch2_mid_euk,0.5,0.5,0.9708627713154562,0.34502292038900967,0.9226288429916368,4.830511866471056,1.1658999528006542
295.7,epoch2_mid_euk,0.5,0.5,0.9708530626877431,0.3450056692429902,0.9226415006975169,4.830816323238337,1.165865529365803
295.8,epoch2_mid_euk,0.5,0.5,0.9708433541571162,0.34498841895952803,0.9226541562332073,4.831120566433454,1.1658311655515123
295.9,epoch2_mid_euk,0.5,0.5,0.9708336457235747,0.34497116953858004,0.9226668095071342,4.831424596252722,1.1657968612069785
296.0,epoch2_mid_euk,0.5,0.5,0.9708239373871175,0.3449539209801031,0.9226794604282795,4.831728412892129,1.165762616181591
296.1,epoch2_mid_euk,0.5,0.5,0.9708142291477436,0.3449366732840541,0.9226921089061783,4.832032016547343,1.165728430324934
296.2,epoch2_mid_euk,0.5,0.5,0.9708045210054521,0.34491942645038987,0.9227047548509152,4.832335407413704,1.1656943034867862
296.3,epoch2_mid_euk,0.5,0.5,0.9707948129602421,0.34490218047906734,0.9227173981731221,4.832638585686233,1.1656602355171222
296.4,epoch2_mid_euk,0.5,0.5,0.9707851050121125,0.3448849353700434,0.9227300387839751,4.8329415515596255,1.1656262262661128
296.5,epoch2_mid_euk,0.5,0.5,0.9707753971610623,0.34486769112327487,0.9227426765951913,4.8332443052282565,1.1655922755841255
296.6,epoch2_mid_euk,0.5,0.5,0.9707656894070907,0.3448504477387187,0.9227553115190263,4.83354684688618,1.1655583833217253
296.7,epoch2_mid_euk,0.5,0.5,0.9707559817501966,0.34483320521633176,0.9227679434682714,4.833849176727127,1.1655245493296753
296.8,epoch2_mid_euk,0.5,0.5,0.9707462741903791,0.34481596355607097,0.9227805723562503,4.834151294944508,1.1654907734589366
296.9,epoch2_mid_euk,0.5,0.5,0.9707365667276372,0.34479872275789314,0.9227931980968169,4.834453201731415,1.16545705556067
297.0,epoch2_mid_euk,0.5,0.5,0.9707268593619699,0.34478148282175525,0.9228058206043518,4.834754897280617,1.1654233954862356
297.1,epoch2_mid_euk,0.5,0.5,0.9707171520933763,0.34476424374761416,0.9228184397937601,4.835056381784568,1.165389793087194
297.2,epoch2_mid_euk,0.5,0.5,0.9707074449218553,0.3447470055354268,0.9228310555804683,4.8353576554354,1.1653562482153064
297.3,epoch2_mid_euk,0.5,0.5,0.9706977378474061,0.34472976818515005,0.9228436678804217,4.835658718424927,1.1653227607225354
297.4,epoch2_mid_euk,0.5,0.5,0.9706880308700276,0.3447125316967408,0.9228562766100815,4.835959570944646,1.1652893304610454
297.5,epoch2_mid_euk,0.5,0.5,0.970678323989719,0.344695296070156,0.9228688816864221,4.836260213185735,1.1652559572832033
297.6,epoch2_mid_euk,0.5,0.5,0.9706686172064791,0.34467806130535245,0.9228814830269285,4.836560645339056,1.1652226410415787
297.7,epoch2_mid_euk,0.5,0.5,0.9706589105203071,0.34466082740228715,0.9228940805495934,4.836860867595155,1.1651893815889447
297.8,epoch2_mid_euk,0.5,0.5,0.9706492039312019,0.344643594360917,0.9229066741729146,4.837160880144261,1.1651561787782785
297.9,epoch2_mid_euk,0.5,0.5,0.9706394974391626,0.34462636218119896,0.9229192638158924,4.837460683176288,1.1651230324627613
298.0,epoch2_mid_euk,0.5,0.5,0.9706297910441881,0.3446091308630899,0.9229318493980266,4.837760276880833,1.1650899424957797
298.1,epoch2_mid_euk,0.5,0.5,0.9706200847462777,0.34459190040654675,0.9229444308393144,4.838059661447181,1.1650569087309255
298.2,epoch2_mid_euk,0.5,0.5,0.9706103785454302,0.34457467081152643,0.9229570080602473,4.8383588370643,1.1650239310219965
298.3,epoch2_mid_euk,0.5,0.5,0.9706006724416447,0.34455744207798583,0.9229695809818086,4.838657803920846,1.1649910092229967
298.4,epoch2_mid_euk,0.5,0.5,0.9705909664349203,0.34454021420588193,0.9229821495254708,4.838956562205162,1.1649581431881368
298.5,epoch2_mid_euk,0.5,0.5,0.970581260525256,0.34452298719517166,0.9229947136131929,4.839255112105277,1.1649253327718352
298.6,epoch2_mid_euk,0.5,0.5,0.9705715547126507,0.3445057610458119,0.923007273167418,4.839553453808907,1.1648925778287176
298.7,epoch2_mid_euk,0.5,0.5,0.9705618489971035,0.34448853575775956,0.9230198281110708,4.839851587503459,1.1648598782136181
298.8,epoch2_mid_euk,0.5,0.5,0.9705521433786135,0.3444713113309717,0.9230323783675545,4.840149513376025,1.1648272337815795
298.9,epoch2_mid_euk,0.5,0.5,0.9705424378571798,0.34445408776540515,0.9230449238607489,4.840447231613387,1.1647946443878536
299.0,epoch2_mid_euk,0.5,0.5,0.9705327324328011,0.3444368650610169,0.9230574645150075,4.84074474240202,1.1647621098879017
299.1,epoch2_mid_euk,0.5,0.5,0.9705230271054768,0.34441964321776386,0.923070000255155,4.841042045928083,1.164729630137395
299.2,epoch2_mid_euk,0.5,0.5,0.9705133218752057,0.34440242223560297,0.9230825310064847,4.841339142377431,1.164697204992215
299.3,epoch2_mid_euk,0.5,0.5,0.9705036167419869,0.3443852021144912,0.9230950566947567,4.841636031935606,1.1646648343084542
299.4,epoch2_mid_euk,0.5,0.5,0.9704939117058196,0.34436798285438547,0.9231075772461942,4.841932714787843,1.1646325179424162
299.5,epoch2_mid_euk,0.5,0.5,0.9704842067667026,0.34435076445524276,0.923120092587482,4.842229191119069,1.1646002557506157
299.6,epoch2_mid_euk,0.5,0.5,0.9704745019246349,0.34433354691702,0.9231326026457637,4.842525461113902,1.1645680475897797
299.7,epoch2_mid_euk,0.5,0.5,0.9704647971796156,0.3443163302396742,0.9231451073486392,4.842821524956654,1.164535893316848
299.8,epoch2_mid_euk,0.5,0.5,0.9704550925316439,0.3442991144231622,0.9231576066241625,4.8431173828313305,1.164503792788972
299.9,epoch2_mid_euk,0.5,0.5,0.9704453879807186,0.34428189946744103,0.9231701004008389,4.84341303492163,1.1644717458635174
300.0,epoch2_mid_euk,0.5,0.5,0.9704356835268387,0.3442646853724677,0.9231825886076231,4.843708481410945,1.1644397523980627
300.1,epoch2_mid_euk,0.5,0.5,0.9704259791700035,0.34424747213819906,0.9231950711739163,4.8440037224823635,1.1644078122504002
300.2,epoch2_mid_euk,0.5,0.5,0.9704162749102118,0.34423025976459215,0.923207548029564,4.844298758318668,1.1643759252785366
300.3,epoch2_mid_euk,0.5,0.5,0.9704065707474626,0.3442130482516039,0.9232200191048535,4.844593589102336,1.1643440913406933
300.4,epoch2_mid_euk,0.5,0.5,0.9703968666817552,0.34419583759919137,0.9232324843305122,4.844888215015544,1.1643123102953061
300.5,epoch2_mid_euk,0.5,0.5,0.9703871627130883,0.3441786278073114,0.9232449436377043,4.845182636240161,1.1642805820010265
300.6,epoch2_mid_euk,0.5,0.5,0.9703774588414612,0.34416141887592105,0.9232573969580289,4.845476852957756,1.1642489063167212
300.7,epoch2_mid_euk,0.5,0.5,0.9703677550668728,0.34414421080497726,0.923269844223518,4.845770865349594,1.1642172831014732
300.8,epoch2_mid_euk,0.5,0.5,0.9703580513893221,0.344127003594437,0.9232822853666335,4.846064673596638,1.1641857122145816
300.9,epoch2_mid_euk,0.5,0.5,0.9703483478088082,0.3441097972442573,0.9232947203202655,4.846358277879551,1.1641541935155617
301.0,epoch2_mid_euk,0.5,0.5,0.9703386443253301,0.34409259175439505,0.9233071490177296,4.846651678378693,1.164122726864146
301.1,epoch2_mid_euk,0.5,0.5,0.9703289409388869,0.34407538712480734,0.9233195713927649,4.846944875274126,1.1640913121202843
301.2,epoch2_mid_euk,0.5,0.5,0.9703192376494775,0.3440581833554511,0.9233319873795316,4.847237868745608,1.1640599491441435
301.3,epoch2_mid_euk,0.5,0.5,0.970309534457101,0.3440409804462833,0.9233443969126087,4.847530658972601,1.1640286377961084
301.4,epoch2_mid_euk,0.5,0.5,0.9702998313617565,0.34402377839726095,0.9233567999269919,4.847823246134266,1.1639973779367823
301.5,epoch2_mid_euk,0.5,0.5,0.9702901283634429,0.3440065772083411,0.9233691963580913,4.848115630409466,1.163966169426986
301.6,epoch2_mid_euk,0.5,0.5,0.9702804254621592,0.34398937687948067,0.923381586141729,4.848407811976765,1.1639350121277598
301.7,epoch2_mid_euk,0.5,0.5,0.9702707226579046,0.3439721774106367,0.9233939692141373,4.84869979101443,1.1639039059003624
301.8,epoch2_mid_euk,0.5,0.5,0.970261019950678,0.3439549788017662,0.923406345511956,4.848991567700431,1.1638728506062717
301.9,epoch2_mid_euk,0.5,0.5,0.9702513173404785,0.3439377810528261,0.9234187149722306,4.849283142212442,1.163841846107185
302.0,epoch2_mid_euk,0.5,0.5,0.9702416148273051,0.3439205841637734,0.92343107753241,4.849574514727837,1.16381089226502
302.1,epoch2_mid_euk,0.5,0.5,0.9702319124111568,0.3439033881345652,0.9234434331303445,4.849865685423698,1.1637799889419136
302.2,epoch2_mid_euk,0.5,0.5,0.9702222100920327,0.3438861929651585,0.923455781704283,4.85015665447681,1.1637491360002232
302.3,epoch2_mid_euk,0.5,0.5,0.9702125078699317,0.34386899865551024,0.9234681231928717,4.850447422063664,1.1637183333025267
302.4,epoch2_mid_euk,0.5,0.5,0.9702028057448531,0.34385180520557745,0.9234804575351517,4.850737988360456,1.1636875807116227
302.5,epoch2_mid_euk,0.5,0.5,0.9701931037167956,0.34383461261531717,0.9234927846705565,4.8510283535430885,1.1636568780905308
302.6,epoch2_mid_euk,0.5,0.5,0.9701834017857583,0.3438174208846864,0.9235051045389102,4.85131851778717,1.1636262253024916
302.7,epoch2_mid_euk,0.5,0.5,0.9701736999517405,0.3438002300136422,0.9235174170804256,4.851608481268015,1.1635956222109674
302.8,epoch2_mid_euk,0.5,0.5,0.970163998214741,0.3437830400021415,0.9235297222357015,4.851898244160649,1.1635650686796417
302.9,epoch2_mid_euk,0.5,0.5,0.9701542965747588,0.3437658508501414,0.9235420199457214,4.852187806639803,1.1635345645724204
303.0,epoch2_mid_euk,0.5,0.5,0.9701445950317931,0.3437486625575989,0.9235543101518507,4.852477168879917,1.1635041097534313
303.1,epoch2_mid_euk,0.5,0.5,0.9701348935858427,0.343731475124471,0.9235665927958353,4.852766331055139,1.1634737040870242
303.2,epoch2_mid_euk,0.5,0.5,0.9701251922369069,0.3437142885507148,0.9235788678197989,4.853055293339327,1.1634433474377717
303.3,epoch2_mid_euk,0.5,0.5,0.9701154909849845,0.34369710283628724,0.9235911351662416,4.853344055906051,1.163413039670469
303.4,epoch2_mid_euk,0.5,0.5,0.9701057898300747,0.34367991798114544,0.9236033947780373,4.8536326189285885,1.163382780650134
303.5,epoch2_mid_euk,0.5,0.5,0.9700960887721763,0.3436627339852464,0.9236156465984322,4.85392098257993,1.1633525702420082
303.6,epoch2_mid_euk,0.5,0.5,0.9700863878112886,0.34364555084854714,0.9236278905710423,4.854209147032775,1.1633224083115559
303.7,epoch2_mid_euk,0.5,0.5,0.9700766869474106,0.3436283685710047,0.9236401266398518,4.854497112459537,1.1632922947244646
303.8,epoch2_mid_euk,0.5,0.5,0.9700669861805411,0.34361118715257616,0.923652354749211,4.854784879032342,1.1632622293466461
303.9,epoch2_mid_euk,0.5,0.5,0.9700572855106793,0.34359400659321854,0.9236645748438344,4.8550724469230255,1.1632322120442358
304.0,epoch2_mid_euk,0.5,0.5,0.9700475849378242,0.3435768268928889,0.9236767868687982,4.855359816303141,1.1632022426835924
304.1,epoch2_mid_euk,0.5,0.5,0.9700378844619748,0.3435596480515442,0.9236889907695391,4.8556469873439525,1.1631723211312996
304.2,epoch2_mid_euk,0.5,0.5,0.9700281840831302,0.3435424700691416,0.9237011864918522,4.855933960216439,1.1631424472541652
304.3,epoch2_mid_euk,0.5,0.5,0.9700184838012893,0.34352529294563816,0.9237133739818885,4.856220735091295,1.1631126209192209
304.4,epoch2_mid_euk,0.5,0.5,0.9700087836164513,0.3435081166809909,0.9237255531861535,4.8565073121389295,1.1630828419937236
304.5,epoch2_mid_euk,0.5,0.5,0.9699990835286151,0.34349094127515684,0.9237377240515053,4.856793691529467,1.1630531103451545
304.6,epoch2_mid_euk,0.5,0.5,0.9699893835377797,0.3434737667280931,0.9237498865251527,4.857079873432749,1.16302342584122
304.7,epoch2_mid_euk,0.5,0.5,0.9699796836439444,0.3434565930397567,0.9237620405546526,4.8573658580183325,1.1629937883498516
304.8,epoch2_mid_euk,0.5,0.5,0.969969983847108,0.3434394202101047,0.9237741860879093,4.857651645455492,1.1629641977392056
304.9,epoch2_mid_euk,0.5,0.5,0.9699602841472695,0.3434222482390942,0.9237863230731715,4.85793723591322,1.1629346538776637
305.0,epoch2_mid_euk,0.5,0.5,0.9699505845444281,0.3434050771266822,0.9237984514590314,4.8582226295602275,1.162905156633833
305.1,epoch2_mid_euk,0.5,0.5,0.9699408850385827,0.3433879068728259,0.923810571194422,4.858507826564942,1.1628757058765467
305.2,epoch2_mid_euk,0.5,0.5,0.9699311856297322,0.34337073747748226,0.9238226822286157,4.858792827095513,1.1628463014748627
305.3,epoch2_mid_euk,0.5,0.5,0.9699214863178759,0.34335356894060837,0.9238347845112227,4.859077631319807,1.1628169432980653
305.4,epoch2_mid_euk,0.5,0.5,0.9699117871030127,0.34333640126216136,0.9238468779921885,4.859362239405412,1.1627876312156644
305.5,epoch2_mid_euk,0.5,0.5,0.9699020879851417,0.3433192344420983,0.9238589626217926,4.859646651519635,1.162758365097396
305.6,epoch2_mid_euk,0.5,0.5,0.9698923889642618,0.34330206848037614,0.9238710383506464,4.859930867829506,1.1627291448132224
305.7,epoch2_mid_euk,0.5,0.5,0.9698826900403721,0.3432849033769521,0.923883105129692,4.860214888501775,1.1626999702333318
305.8,epoch2_mid_euk,0.5,0.5,0.9698729912134717,0.34326773913178327,0.9238951629101994,4.860498713702915,1.1626708412281388
305.9,epoch2_mid_euk,0.5,0.5,0.9698632924835595,0.3432505757448267,0.9239072116437654,4.860782343599119,1.1626417576682841
306.0,epoch2_mid_euk,0.5,0.5,0.9698535938506346,0.34323341321603945,0.9239192512823121,4.861065778356306,1.1626127194246354
306.1,epoch2_mid_euk,0.5,0.5,0.9698438953146962,0.34321625154537866,0.9239312817780843,4.861349018140115,1.1625837263682866
306.2,epoch2_mid_euk,0.5,0.5,0.969834196875743,0.3431990907328014,0.9239433030836481,4.861632063115912,1.162554778370558
306.3,epoch2_mid_euk,0.5,0.5,0.9698244985337743,0.34318193077826475,0.9239553151518898,4.861914913448786,1.1625258753029974
306.4,epoch2_mid_euk,0.5,0.5,0.969814800288789,0.3431647716817258,0.9239673179360129,4.862197569303549,1.1624970170373785
306.5,epoch2_mid_euk,0.5,0.5,0.9698051021407861,0.3431476134431417,0.9239793113895377,4.8624800308447425,1.1624682034457023
306.6,epoch2_mid_euk,0.5,0.5,0.9697954040897647,0.34313045606246956,0.9239912954662984,4.862762298236629,1.1624394344001965
306.7,epoch2_mid_euk,0.5,0.5,0.9697857061357238,0.34311329953966646,0.9240032701204425,4.863044371643201,1.162410709773316
306.8,epoch2_mid_euk,0.5,0.5,0.9697760082786624,0.34309614387468945,0.924015235306428,4.863326251228175,1.1623820294377427
306.9,epoch2_mid_euk,0.5,0.5,0.9697663105185796,0.34307898906749573,0.9240271909790228,4.863607937154996,1.1623533932663852
307.0,epoch2_mid_euk,0.5,0.5,0.9697566128554744,0.34306183511804234,0.9240391370933019,4.863889429586837,1.1623248011323797
307.1,epoch2_mid_euk,0.5,0.5,0.9697469152893459,0.3430446820262864,0.9240510736046468,4.864170728686597,1.1622962529090894
307.2,epoch2_mid_euk,0.5,0.5,0.969737217820193,0.3430275297921851,0.9240630004687429,4.864451834616907,1.162267748470105
307.3,epoch2_mid_euk,0.5,0.5,0.9697275204480148,0.3430103784156955,0.9240749176415787,4.864732747540124,1.1622392876892438
307.4,epoch2_mid_euk,0.5,0.5,0.9697178231728103,0.3429932278967747,0.9240868250794433,4.865013467618336,1.162210870440551
307.5,epoch2_mid_euk,0.5,0.5,0.9697081259945786,0.3429760782353799,0.9240987227389256,4.865293995013361,1.1621824965982988
307.6,epoch2_mid_euk,0.5,0.5,0.9696984289133186,0.3429589294314681,0.9241106105769118,4.865574329886746,1.162154166036987
307.7,epoch2_mid_euk,0.5,0.5,0.9696887319290295,0.34294178148499654,0.9241224885505847,4.865854472399771,1.1621258786313426
307.8,epoch2_mid_euk,0.5,0.5,0.9696790350417102,0.3429246343959223,0.9241343566174212,4.866134422713448,1.1620976342563205
307.9,epoch2_mid_euk,0.5,0.5,0.9696693382513597,0.3429074881642025,0.9241462147351912,4.866414180988517,1.1620694327871024
308.0,epoch2_mid_euk,0.5,0.5,0.9696596415579772,0.3428903427897943,0.9241580628619562,4.8666937473854555,1.1620412740990975
308.1,epoch2_mid_euk,0.5,0.5,0.9696499449615616,0.34287319827265483,0.9241699009560671,4.866973122064469,1.1620131580679431
308.2,epoch2_mid_euk,0.5,0.5,0.969640248462112,0.3428560546127412,0.924181728976163,4.867252305185501,1.1619850845695034
308.3,epoch2_mid_euk,0.5,0.5,0.9696305520596274,0.3428389118100106,0.9241935468811697,4.867531296908224,1.1619570534798702
308.4,epoch2_mid_euk,0.5,0.5,0.9696208557541068,0.3428217698644201,0.9242053546302978,4.8678100973920495,1.1619290646753628
308.5,epoch2_mid_euk,0.5,0.5,0.9696111595455493,0.3428046287759269,0.9242171521830416,4.8680887067961205,1.1619011180325283
308.6,epoch2_mid_euk,0.5,0.5,0.9696014634339539,0.3427874885444881,0.9242289394991768,4.868367125279317,1.1618732134281409
308.7,epoch2_mid_euk,0.5,0.5,0.9695917674193196,0.3427703491700609,0.92424071653876,4.868645353000253,1.1618453507392024
308.8,epoch2_mid_euk,0.5,0.5,0.9695820715016454,0.3427532106526024,0.9242524832621264,4.868923390117281,1.161817529842942
308.9,epoch2_mid_euk,0.5,0.5,0.9695723756809305,0.34273607299206976,0.9242642396298882,4.869201236788489,1.1617897506168167
309.0,epoch2_mid_euk,0.5,0.5,0.9695626799571736,0.34271893618842014,0.9242759856029339,4.869478893171701,1.1617620129385107
309.1,epoch2_mid_euk,0.5,0.5,0.9695529843303741,0.34270180024161073,0.9242877211424257,4.86975635942448,1.1617343166859355
309.2,epoch2_mid_euk,0.5,0.5,0.9695432888005308,0.3426846651515987,0.9242994462097991,4.870033635704127,1.1617066617372305
309.3,epoch2_mid_euk,0.5,0.5,0.9695335933676428,0.3426675309183411,0.9243111607667605,4.870310722167681,1.1616790479707617
309.4,epoch2_mid_euk,0.5,0.5,0.9695238980317091,0.3426503975417952,0.924322864775286,4.870587618971921,1.1616514752651232
309.5,epoch2_mid_euk,0.5,0.5,0.9695142027927288,0.3426332650219181,0.9243345581976203,4.870864326273365,1.1616239434991364
309.6,epoch2_mid_euk,0.5,0.5,0.9695045076507008,0.34261613335866703,0.9243462409962748,4.87114084422827,1.1615964525518496
309.7,epoch2_mid_euk,0.5,0.5,0.9694948126056243,0.3425990025519991,0.9243579131340263,4.8714171729926345,1.1615690023025385
309.8,epoch2_mid_euk,0.5,0.5,0.9694851176574982,0.3425818726018715,0.9243695745739152,4.871693312722198,1.1615415926307062
309.9,epoch2_mid_euk,0.5,0.5,0.9694754228063217,0.3425647435082414,0.9243812252792448,4.87196926357244,1.161514223416083
310.0,epoch2_mid_euk,0.5,0.5,0.9694657280520936,0.342547615271066,0.9243928652135792,4.872245025698585,1.1614868945386259
310.1,epoch2_mid_euk,0.5,0.5,0.9694560333948131,0.34253048789030244,0.924404494340742,4.872520599255596,1.1614596058785196
310.2,epoch2_mid_euk,0.5,0.5,0.9694463388344792,0.34251336136590793,0.924416112624815,4.872795984398181,1.1614323573161758
310.3,epoch2_mid_euk,0.5,0.5,0.9694366443710908,0.34249623569783966,0.9244277200301368,4.873071181280791,1.1614051487322328
310.4,epoch2_mid_euk,0.5,0.5,0.9694269500046471,0.34247911088605476,0.9244393165213013,4.87334619005762,1.1613779800075559
310.5,epoch2_mid_euk,0.5,0.5,0.969417255735147,0.34246198693051044,0.9244509020631562,4.873621010882607,1.1613508510232378
310.6,epoch2_mid_euk,0.5,0.5,0.9694075615625897,0.3424448638311639,0.9244624766208018,4.873895643909435,1.1613237616605976
310.7,epoch2_mid_euk,0.5,0.5,0.9693978674869741,0.34242774158797235,0.9244740401595897,4.874170089291534,1.1612967118011812
310.8,epoch2_mid_euk,0.5,0.5,0.9693881735082992,0.34241062020089297,0.9244855926451209,4.874444347182076,1.1612697013267614
310.9,epoch2_mid_euk,0.5,0.5,0.9693784796265641,0.3423934996698829,0.924497134043245,4.874718417733984,1.1612427301193375
311.0,epoch2_mid_euk,0.5,0.5,0.9693687858417678,0.34237637999489945,0.9245086643200584,4.8749923010999225,1.1612157980611353
311.1,epoch2_mid_euk,0.5,0.5,0.9693590921539094,0.3423592611758997,0.9245201834419035,4.875265997432306,1.1611889050346074
311.2,epoch2_mid_euk,0.5,0.5,0.9693493985629879,0.3423421432128409,0.9245316913753665,4.875539506883296,1.1611620509224323
311.3,epoch2_mid_euk,0.5,0.5,0.9693397050690022,0.3423250261056803,0.924543188087277,4.875812829604801,1.1611352356075155
311.4,epoch2_mid_euk,0.5,0.5,0.9693300116719515,0.342307909854375,0.9245546735447059,4.876085965748478,1.1611084589729883
311.5,epoch2_mid_euk,0.5,0.5,0.9693203183718349,0.3422907944588823,0.9245661477149645,4.876358915465736,1.1610817209022084
311.6,epoch2_mid_euk,0.5,0.5,0.9693106251686512,0.34227367991915936,0.9245776105656028,4.876631678907728,1.1610550212787594
311.7,epoch2_mid_euk,0.5,0.5,0.9693009320623995,0.3422565662351634,0.9245890620644088,4.876904256225361,1.1610283599864513
311.8,epoch2_mid_euk,0.5,0.5,0.9692912390530789,0.34223945340685163,0.9246005021794065,4.87717664756929,1.1610017369093195
311.9,epoch2_mid_euk,0.5,0.5,0.9692815461406884,0.3422223414341813,0.9246119308788548,4.8774488530899225,1.1609751519316256
312.0,epoch2_mid_euk,0.5,0.5,0.969271853325227,0.3422052303171096,0.9246233481312468,4.877720872937416,1.1609486049378568
312.1,epoch2_mid_euk,0.5,0.5,0.9692621606066938,0.34218812005559374,0.9246347539053075,4.877992707261679,1.160922095812726
312.2,epoch2_mid_euk,0.5,0.5,0.9692524679850877,0.34217101064959093,0.9246461481699931,4.878264356212374,1.1608956244411717
312.3,epoch2_mid_euk,0.5,0.5,0.9692427754604078,0.34215390209905844,0.9246575308944899,4.878535819938914,1.1608691907083575
312.4,epoch2_mid_euk,0.5,0.5,0.9692330830326532,0.3421367944039535,0.9246689020482124,4.8788070985904675,1.1608427944996726
312.5,epoch2_mid_euk,0.5,0.5,0.9692233907018228,0.34211968756423333,0.9246802616008026,4.879078192315954,1.1608164357007318
312.6,epoch2_mid_euk,0.5,0.5,0.9692136984679158,0.3421025815798551,0.9246916095221287,4.879349101264049,1.1607901141973742
312.7,epoch2_mid_euk,0.5,0.5,0.9692040063309312,0.34208547645077614,0.9247029457822833,4.879619825583181,1.1607638298756646
312.8,epoch2_mid_euk,0.5,0.5,0.9691943142908679,0.3420683721769536,0.9247142703515828,4.879890365421534,1.1607375826218924
312.9,epoch2_mid_euk,0.5,0.5,0.969184622347725,0.34205126875834474,0.9247255832005659,4.880160720927047,1.1607113723225717
313.0,epoch2_mid_euk,0.5,0.5,0.9691749305015015,0.34203416619490684,0.9247368842999921,4.880430892247415,1.1606851988644415
313.1,epoch2_mid_euk,0.5,0.5,0.9691652387521965,0.3420170644865971,0.9247481736208412,4.88070087953009,1.1606590621344652
313.2,epoch2_mid_euk,0.5,0.5,0.969155547099809,0.34199996363337276,0.9247594511343111,4.880970682922278,1.1606329620198306
313.3,epoch2_mid_euk,0.5,0.5,0.969145855544338,0.3419828636351911,0.9247707168118174,4.881240302570947,1.1606068984079498
313.4,epoch2_mid_euk,0.5,0.5,0.9691361640857825,0.3419657644920093,0.9247819706249919,4.8815097386228175,1.1605808711864591
313.5,epoch2_mid_euk,0.5,0.5,0.9691264727241417,0.3419486662037847,0.9247932125456813,4.881778991224372,1.160554880243219
313.6,epoch2_mid_euk,0.5,0.5,0.9691167814594144,0.34193156877047454,0.9248044425459461,4.882048060521848,1.1605289254663138
313.7,epoch2_mid_euk,0.5,0.5,0.9691070902915998,0.341914472192036,0.9248156605980593,4.882316946661246,1.1605030067440514
313.8,epoch2_mid_euk,0.5,0.5,0.9690973992206969,0.34189737646842644,0.9248268666745056,4.882585649788322,1.1604771239649634
313.9,epoch2_mid_euk,0.5,0.5,0.9690877082467048,0.34188028159960304,0.9248380607479798,4.882854170048597,1.1604512770178053
314.0,epoch2_mid_euk,0.5,0.5,0.9690780173696223,0.3418631875855231,0.9248492427913856,4.883122507587346,1.1604254657915556
314.1,epoch2_mid_euk,0.5,0.5,0.9690683265894486,0.34184609442614383,0.9248604127778347,4.883390662549609,1.160399690175416
314.2,epoch2_mid_euk,0.5,0.5,0.9690586359061828,0.34182900212142253,0.9248715706806457,4.883658635080187,1.1603739500588117
314.3,epoch2_mid_euk,0.5,0.5,0.9690489453198238,0.34181191067131644,0.9248827164733429,4.883926425323642,1.1603482453313902
314.4,epoch2_mid_euk,0.5,0.5,0.9690392548303706,0.3417948200757829,0.9248938501296544,4.884194033424297,1.1603225758830225
314.5,epoch2_mid_euk,0.5,0.5,0.9690295644378223,0.3417777303347791,0.9249049716235124,4.88446145952624,1.1602969416038016
314.6,epoch2_mid_euk,0.5,0.5,0.9690198741421779,0.34176064144826235,0.9249160809290508,4.8847287037733205,1.1602713423840434
314.7,epoch2_mid_euk,0.5,0.5,0.9690101839434365,0.34174355341618995,0.9249271780206045,4.884995766309152,1.160245778114286
314.8,epoch2_mid_euk,0.5,0.5,0.969000493841597,0.34172646623851916,0.9249382628727087,4.885262647277113,1.1602202486852902
314.9,epoch2_mid_euk,0.5,0.5,0.9689908038366586,0.3417093799152072,0.9249493354600972,4.885529346820344,1.160194753988038
315.0,epoch2_mid_euk,0.5,0.5,0.9689811139286202,0.34169229444621146,0.9249603957577012,4.885795865081753,1.1601692939137336
315.1,epoch2_mid_euk,0.5,0.5,0.9689714241174809,0.34167520983148914,0.9249714437406489,4.886062202204011,1.1601438683538032
315.2,epoch2_mid_euk,0.5,0.5,0.9689617344032397,0.34165812607099755,0.9249824793842638,4.886328358329557,1.1601184771998945
315.3,epoch2_mid_euk,0.5,0.5,0.9689520447858957,0.341641043164694,0.9249935026640639,4.886594333600595,1.1600931203438762
315.4,epoch2_mid_euk,0.5,0.5,0.9689423552654478,0.3416239611125358,0.9250045135557603,4.886860128159096,1.1600677976778389
315.5,epoch2_mid_euk,0.5,0.5,0.9689326658418952,0.3416068799144802,0.9250155120352564,4.887125742146799,1.1600425090940933
315.6,epoch2_mid_euk,0.5,0.5,0.9689229765152367,0.34158979957048446,0.9250264980786469,4.887391175705209,1.1600172544851721
315.7,epoch2_mid_euk,0.5,0.5,0.9689132872854715,0.34157272008050593,0.9250374716622163,4.887656428975599,1.1599920337438279
315.8,epoch2_mid_euk,0.5,0.5,0.9689035981525987,0.3415556414445019,0.9250484327624383,4.8879215020990125,1.1599668467630342
315.9,epoch2_mid_euk,0.5,0.5,0.9688939091166172,0.3415385636624297,0.9250593813559744,4.88818639521626,1.159941693435985
316.0,epoch2_mid_euk,0.5,0.5,0.9688842201775261,0.34152148673424654,0.9250703174196732,4.8884511084679225,1.1599165736560944
316.1,epoch2_mid_euk,0.5,0.5,0.9688745313353243,0.34150441065990983,0.9250812409305688,4.8887156419943505,1.159891487316996
316.2,epoch2_mid_euk,0.5,0.5,0.9688648425900109,0.3414873354393768,0.9250921518658803,4.888979995935665,1.1598664343125444
316.3,epoch2_mid_euk,0.5,0.5,0.9688551539415851,0.34147026107260486,0.9251030502030106,4.8892441704317555,1.159841414536813
316.4,epoch2_mid_euk,0.5,0.5,0.9688454653900457,0.34145318755955123,0.9251139359195453,4.889508165622287,1.1598164278840948
316.5,epoch2_mid_euk,0.5,0.5,0.9688357769353918,0.3414361149001732,0.9251248089932514,4.889771981646692,1.1597914742489024
316.6,epoch2_mid_euk,0.5,0.5,0.9688260885776224,0.3414190430944282,0.9251356694020771,4.890035618644177,1.1597665535259671
316.7,epoch2_mid_euk,0.5,0.5,0.9688164003167367,0.3414019721422735,0.9251465171241497,4.890299076753721,1.1597416656102397
316.8,epoch2_mid_euk,0.5,0.5,0.9688067121527335,0.3413849020436664,0.9251573521377756,4.890562356114077,1.1597168103968893
316.9,epoch2_mid_euk,0.5,0.5,0.968797024085612,0.3413678327985642,0.9251681744214385,4.890825456863768,1.1596919877813037
317.0,epoch2_mid_euk,0.5,0.5,0.9687873361153712,0.34135076440692425,0.9251789839537988,4.8910883791410935,1.1596671976590889
317.1,epoch2_mid_euk,0.5,0.5,0.96877764824201,0.3413336968687039,0.9251897807136927,4.891351123084127,1.1596424399260696
317.2,epoch2_mid_euk,0.5,0.5,0.9687679604655275,0.3413166301838605,0.9252005646801309,4.8916136888307165,1.159617714478288
317.3,epoch2_mid_euk,0.5,0.5,0.9687582727859229,0.3412995643523513,0.9252113358322976,4.891876076518484,1.159593021212004
317.4,epoch2_mid_euk,0.5,0.5,0.968748585203195,0.3412824993741337,0.9252220941495501,4.892138286284829,1.1595683600236957
317.5,epoch2_mid_euk,0.5,0.5,0.9687388977173429,0.341265435249165,0.9252328396114171,4.892400318266925,1.159543730810058
317.6,epoch2_mid_euk,0.5,0.5,0.9687292103283657,0.3412483719774025,0.925243572197598,4.892662172601724,1.1595191334680033
317.7,epoch2_mid_euk,0.5,0.5,0.9687195230362624,0.3412313095588036,0.925254291887962,4.892923849425953,1.1594945678946607
317.8,epoch2_mid_euk,0.5,0.5,0.9687098358410321,0.34121424799332567,0.9252649986625474,4.893185348876118,1.1594700339873762
317.9,epoch2_mid_euk,0.5,0.5,0.9687001487426737,0.341197187280926,0.9252756925015598,4.893446671088502,1.159445531643713
318.0,epoch2_mid_euk,0.5,0.5,0.9686904617411863,0.34118012742156195,0.9252863733853722,4.893707816199166,1.1594210607614495
318.1,epoch2_mid_euk,0.5,0.5,0.9686807748365689,0.3411630684151909,0.9252970412945234,4.89396878434395,1.1593966212385813
318.2,epoch2_mid_euk,0.5,0.5,0.9686710880288205,0.34114601026177016,0.925307696209717,4.894229575658472,1.1593722129733195
318.3,epoch2_mid_euk,0.5,0.5,0.9686614013179402,0.34112895296125706,0.9253183381118208,4.894490190278132,1.159347835864091
318.4,epoch2_mid_euk,0.5,0.5,0.9686517147039271,0.341111896513609,0.9253289669818661,4.894750628338107,1.1593234898095381
318.5,epoch2_mid_euk,0.5,0.5,0.96864202818678,0.34109484091878334,0.9253395828010458,4.895010889973356,1.1592991747085188
318.6,epoch2_mid_euk,0.5,0.5,0.9686323417664982,0.3410777861767374,0.9253501855507146,4.89527097531862,1.159274890460106
318.7,epoch2_mid_euk,0.5,0.5,0.9686226554430805,0.34106073228742856,0.9253607752123872,4.895530884508417,1.1592506369635873
318.8,epoch2_mid_euk,0.5,0.5,0.9686129692165261,0.3410436792508142,0.9253713517677382,4.895790617677051,1.1592264141184654
318.9,epoch2_mid_euk,0.5,0.5,0.9686032830868339,0.34102662706685166,0.9253819151986004,4.8960501749586065,1.159202221824457
319.0,epoch2_mid_euk,0.5,0.5,0.9685935970540029,0.34100957573549834,0.9253924654869643,4.89630955648695,1.1591780599814938
319.1,epoch2_mid_euk,0.5,0.5,0.9685839111180324,0.3409925252567116,0.9254030026149774,4.8965687623957335,1.1591539284897205
319.2,epoch2_mid_euk,0.5,0.5,0.9685742252789212,0.3409754756304488,0.925413526564943,4.896827792818388,1.1591298272494963
319.3,epoch2_mid_euk,0.5,0.5,0.9685645395366684,0.3409584268566673,0.9254240373193192,4.897086647888131,1.1591057561613938
319.4,epoch2_mid_euk,0.5,0.5,0.968554853891273,0.34094137893532445,0.9254345348607184,4.897345327737966,1.159081715126199
319.5,epoch2_mid_euk,0.5,0.5,0.9685451683427342,0.34092433186637766,0.925445019171906,4.897603832500677,1.1590577040449108
319.6,epoch2_mid_euk,0.5,0.5,0.9685354828910507,0.34090728564978434,0.9254554902358001,4.897862162308837,1.1590337228187415
319.7,epoch2_mid_euk,0.5,0.5,0.9685257975362218,0.34089024028550186,0.92546594803547,4.8981203172948025,1.1590097713491156
319.8,epoch2_mid_euk,0.5,0.5,0.9685161122782464,0.34087319577348757,0.9254763925541357,4.898378297590715,1.1589858495376704
319.9,epoch2_mid_euk,0.5,0.5,0.9685064271171236,0.3408561521136989,0.925486823775167,4.898636103328505,1.1589619572862548
320.0,epoch2_mid_euk,0.5,0.5,0.9684967420528525,0.34083910930609324,0.9254972416820825,4.898893734639887,1.1589380944969305
320.1,epoch2_mid_euk,0.5,0.5,0.968487057085432,0.3408220673506279,0.9255076462585489,4.899151191656365,1.1589142610719707
320.2,epoch2_mid_euk,0.5,0.5,0.9684773722148612,0.3408050262472604,0.9255180374883801,4.89940847450923,1.1588904569138598
320.3,epoch2_mid_euk,0.5,0.5,0.9684676874411391,0.340787985995948,0.9255284153555365,4.899665583329561,1.1588666819252937
320.4,epoch2_mid_euk,0.5,0.5,0.9684580027642646,0.3407709465966482,0.9255387798441239,4.899922518248226,1.1588429360091794
320.5,epoch2_mid_euk,0.5,0.5,0.968448318184237,0.3407539080493184,0.9255491309383928,4.900179279395879,1.1588192190686346
320.6,epoch2_mid_euk,0.5,0.5,0.9684386337010552,0.3407368703539159,0.9255594686227374,4.900435866902969,1.1587955310069877
320.7,epoch2_mid_euk,0.5,0.5,0.9684289493147182,0.34071983351039825,0.9255697928816953,4.900692280899729,1.1587718717277775
320.8,epoch2_mid_euk,0.5,0.5,0.9684192650252251,0.34070279751872273,0.925580103699946,4.900948521516185,1.1587482411347527
320.9,epoch2_mid_euk,0.5,0.5,0.9684095808325749,0.3406857623788468,0.9255904010623106,4.9012045888821545,1.158724639131872
321.0,epoch2_mid_euk,0.5,0.5,0.9683998967367665,0.34066872809072785,0.9256006849537507,4.901460483127244,1.1587010656233034
321.1,epoch2_mid_euk,0.5,0.5,0.9683902127377991,0.3406516946543233,0.9256109553593675,4.901716204380852,1.1586775205134248
321.2,epoch2_mid_euk,0.5,0.5,0.9683805288356717,0.3406346620695906,0.9256212122644016,4.90197175277217,1.158654003706823
321.3,epoch2_mid_euk,0.5,0.5,0.9683708450303834,0.3406176303364871,0.9256314556542315,4.902227128430179,1.1586305151082934
321.4,epoch2_mid_euk,0.5,0.5,0.9683611613219331,0.3406005994549703,0.9256416855143731,4.902482331483657,1.1586070546228406
321.5,epoch2_mid_euk,0.5,0.5,0.9683514777103198,0.3405835694249975,0.9256519018304789,4.902737362061171,1.1585836221556771
321.6,epoch2_mid_euk,0.5,0.5,0.9683417941955427,0.3405665402465263,0.9256621045883372,4.902992220291084,1.1585602176122238
321.7,epoch2_mid_euk,0.5,0.5,0.9683321107776007,0.34054951191951394,0.9256722937738715,4.903246906301552,1.1585368408981096
321.8,epoch2_mid_euk,0.5,0.5,0.968322427456493,0.340532484443918,0.9256824693731392,4.903501420220526,1.1585134919191706
321.9,epoch2_mid_euk,0.5,0.5,0.9683127442322185,0.3405154578196958,0.9256926313723317,4.903755762175751,1.1584901705814508
322.0,epoch2_mid_euk,0.5,0.5,0.9683030611047762,0.3404984320468048,0.9257027797577725,4.904009932294768,1.158466876791201
322.1,epoch2_mid_euk,0.5,0.5,0.9682933780741652,0.3404814071252025,0.9257129145159174,4.9042639307049125,1.158443610454879
322.2,epoch2_mid_euk,0.5,0.5,0.9682836951403844,0.3404643830548462,0.9257230356333533,4.904517757533316,1.1584203714791492
322.3,epoch2_mid_euk,0.5,0.5,0.968274012303433,0.34044735983569346,0.9257331430967977,4.904771412906909,1.1583971597708826
322.4,epoch2_mid_euk,0.5,0.5,0.96826432956331,0.3404303374677017,0.9257432368930973,4.9050248969524155,1.158373975237156
322.5,epoch2_mid_euk,0.5,0.5,0.9682546469200144,0.3404133159508283,0.9257533170092282,4.905278209796358,1.1583508177852524
322.6,epoch2_mid_euk,0.5,0.5,0.9682449643735452,0.34039629528503074,0.9257633834322945,4.905531351565058,1.1583276873226602
322.7,epoch2_mid_euk,0.5,0.5,0.9682352819239015,0.3403792754702665,0.9257734361495275,4.9057843223846325,1.1583045837570733
322.8,epoch2_mid_euk,0.5,0.5,0.9682255995710822,0.34036225650649293,0.9257834751482854,4.906037122381,1.1582815069963905
322.9,epoch2_mid_euk,0.5,0.5,0.9682159173150865,0.3403452383936676,0.9257935004160525,4.906289751679875,1.1582584569487155
323.0,epoch2_mid_euk,0.5,0.5,0.9682062351559133,0.34032822113174793,0.925803511940438,4.906542210406773,1.1582354335223568
323.1,epoch2_mid_euk,0.5,0.5,0.9681965530935618,0.3403112047206913,0.9258135097091759,4.906794498687009,1.158212436625827
323.2,epoch2_mid_euk,0.5,0.5,0.9681868711280308,0.3402941891604553,0.9258234937101237,4.907046616645697,1.158189466167843
323.3,epoch2_mid_euk,0.5,0.5,0.9681771892593195,0.34027717445099726,0.9258334639312622,4.907298564407754,1.158166522057325
323.4,epoch2_mid_euk,0.5,0.5,0.9681675074874269,0.3402601605922747,0.9258434203606944,4.907550342097895,1.1581436042033972
323.5,epoch2_mid_euk,0.5,0.5,0.968157825812352,0.3402431475842451,0.925853362986645,4.907801949840639,1.158120712515387
323.6,epoch2_mid_euk,0.5,0.5,0.9681481442340939,0.3402261354268659,0.9258632917974595,4.9080533877603045,1.1580978469028245
323.7,epoch2_mid_euk,0.5,0.5,0.9681384627526516,0.3402091241200946,0.9258732067816038,4.908304655981013,1.1580750072754429
323.8,epoch2_mid_euk,0.5,0.5,0.968128781368024,0.3401921136638886,0.925883107927663,4.908555754626688,1.1580521935431778
323.9,epoch2_mid_euk,0.5,0.5,0.9681191000802104,0.3401751040582054,0.9258929952243415,4.908806683821058,1.1580294056161669
324.0,epoch2_mid_euk,0.5,0.5,0.9681094188892096,0.3401580953030025,0.9259028686604615,4.909057443687652,1.1580066434047498
324.1,epoch2_mid_euk,0.5,0.5,0.9680997377950208,0.34014108739823734,0.9259127282249626,4.909308034349804,1.157983906819468
324.2,epoch2_mid_euk,0.5,0.5,0.9680900567976428,0.34012408034386743,0.9259225739069014,4.909558455930654,1.1579611957710638
324.3,epoch2_mid_euk,0.5,0.5,0.9680803758970749,0.34010707413985025,0.9259324056954503,4.909808708553142,1.1579385101704815
324.4,epoch2_mid_euk,0.5,0.5,0.9680706950933159,0.3400900687861433,0.9259422235798974,4.910058792340019,1.1579158499288658
324.5,epoch2_mid_euk,0.5,0.5,0.9680610143863649,0.34007306428270395,0.9259520275496453,4.910308707413836,1.1578932149575618
324.6,epoch2_mid_euk,0.5,0.5,0.9680513337762211,0.34005606062948984,0.9259618175942107,4.910558453896951,1.1578706051681154
324.7,epoch2_mid_euk,0.5,0.5,0.9680416532628834,0.3400390578264584,0.9259715937032237,4.910808031911531,1.1578480204722719
324.8,epoch2_mid_euk,0.5,0.5,0.9680319728463508,0.34002205587356704,0.925981355866427,4.911057441579546,1.157825460781977
324.9,epoch2_mid_euk,0.5,0.5,0.9680222925266223,0.34000505477077336,0.9259911040736757,4.911306683022775,1.1578029260093756
325.0,epoch2_mid_euk,0.5,0.5,0.9680126123036971,0.3399880545180348,0.9260008383149358,4.911555756362804,1.157780416066812
325.1,epoch2_mid_euk,0.5,0.5,0.968002932177574,0.3399710551153089,0.9260105585802846,4.9118046617210265,1.1577579308668289
325.2,epoch2_mid_euk,0.5,0.5,0.9679932521482523,0.3399540565625531,0.926020264859909,4.912053399218644,1.1577354703221683
325.3,epoch2_mid_euk,0.5,0.5,0.9679835722157308,0.33993705885972497,0.9260299571441056,4.912301968976666,1.1577130343457704
325.4,epoch2_mid_euk,0.5,0.5,0.9679738923800086,0.339920062006782,0.9260396354232799,4.912550371115913,1.1576906228507735
325.5,epoch2_mid_euk,0.5,0.5,0.9679642126410848,0.33990306600368164,0.9260492996879454,4.912798605757011,1.1576682357505135
325.6,epoch2_mid_euk,0.5,0.5,0.9679545329989584,0.33988607085038147,0.9260589499287231,4.9130466730204,1.1576458729585242
325.7,epoch2_mid_euk,0.5,0.5,0.9679448534536284,0.33986907654683896,0.926068586136341,4.913294573026326,1.1576235343885364
325.8,epoch2_mid_euk,0.5,0.5,0.9679351740050938,0.3398520830930116,0.9260782083016335,4.9135423058948495,1.1576012199544783
325.9,epoch2_mid_euk,0.5,0.5,0.9679254946533538,0.33983509048885696,0.9260878164155403,4.913789871745839,1.1575789295704744
326.0,epoch2_mid_euk,0.5,0.5,0.9679158153984072,0.3398180987343325,0.9260974104691064,4.914037270698975,1.1575566631508458
326.1,epoch2_mid_euk,0.5,0.5,0.9679061362402532,0.33980110782939577,0.9261069904534812,4.91428450287375,1.15753442061011
326.2,epoch2_mid_euk,0.5,0.5,0.9678964571788908,0.3397841177740043,0.9261165563599177,4.914531568389469,1.1575122018629798
326.3,epoch2_mid_euk,0.5,0.5,0.967886778214319,0.3397671285681156,0.9261261081797724,4.914778467365248,1.157490006824364
326.4,epoch2_mid_euk,0.5,0.5,0.9678770993465369,0.3397501402116872,0.9261356459045038,4.9150251999200165,1.157467835409367
326.5,epoch2_mid_euk,0.5,0.5,0.9678674205755434,0.33973315270467663,0.926145169525673,4.915271766172517,1.1574456875332877
326.6,epoch2_mid_euk,0.5,0.5,0.9678577419013377,0.3397161660470414,0.9261546790349421,4.9155181662413066,1.1574235631116199
326.7,epoch2_mid_euk,0.5,0.5,0.9678480633239187,0.3396991802387391,0.926164174424074,4.915764400244755,1.157401462060052
326.8,epoch2_mid_euk,0.5,0.5,0.9678383848432854,0.33968219527972715,0.9261736556849316,4.916010468301047,1.1573793842944662
326.9,epoch2_mid_euk,0.5,0.5,0.967828706459437,0.3396652111699632,0.9261831228094778,4.916256370528181,1.157357329730939
327.0,epoch2_mid_euk,0.5,0.5,0.9678190281723724,0.3396482279094047,0.926192575789774,4.916502107043973,1.1573352982857406
327.1,epoch2_mid_euk,0.5,0.5,0.9678093499820907,0.3396312454980092,0.9262020146179804,4.916747677966052,1.157313289875334
327.2,epoch2_mid_euk,0.5,0.5,0.9677996718885908,0.3396142639357343,0.9262114392863545,4.916993083411864,1.1572913044163757
327.3,epoch2_mid_euk,0.5,0.5,0.9677899938918719,0.3395972832225375,0.9262208497872516,4.917238323498671,1.1572693418257147
327.4,epoch2_mid_euk,0.5,0.5,0.967780315991933,0.3395803033583764,0.9262302461131233,4.917483398343552,1.1572474020203924
327.5,epoch2_mid_euk,0.5,0.5,0.9677706381887731,0.3395633243432085,0.9262396282565173,4.917728308063403,1.1572254849176429
327.6,epoch2_mid_euk,0.5,0.5,0.9677609604823911,0.33954634617699136,0.9262489962100768,4.917973052774936,1.1572035904348914
327.7,epoch2_mid_euk,0.5,0.5,0.9677512828727863,0.3395293688596825,0.9262583499665401,4.918217632594684,1.1571817184897553
327.8,epoch2_mid_euk,0.5,0.5,0.9677416053599576,0.3395123923912395,0.9262676895187395,4.918462047638994,1.157159869000043
327.9,epoch2_mid_euk,0.5,0.5,0.967731927943904,0.33949541677161993,0.9262770148596015,4.918706298024034,1.1571380418837542
328.0,epoch2_mid_euk,0.5,0.5,0.9677222506246245,0.33947844200078137,0.9262863259821456,4.918950383865791,1.1571162370590788
328.1,epoch2_mid_euk,0.5,0.5,0.9677125734021182,0.3394614680786813,0.926295622879484,4.9191943052800715,1.1570944544443977
328.20000000000005,epoch2_mid_euk,0.5,0.5,0.9677028962763842,0.3394444950052774,0.926304905544821,4.9194380623825005,1.1570726939582818
328.3,epoch2_mid_euk,0.5,0.5,0.9676932192474214,0.3394275227805271,0.9263141739714528,4.919681655288523,1.1570509555194917
328.4,epoch2_mid_euk,0.5,0.5,0.9676835423152289,0.3394105514043881,0.9263234281527661,4.919925084113405,1.1570292390469774
328.5,epoch2_mid_euk,0.5,0.5,0.9676738654798057,0.33939358087681787,0.9263326680822386,4.9201683489722345,1.1570075444598786
328.6,epoch2_mid_euk,0.5,0.5,0.9676641887411509,0.339376611197774,0.9263418937534375,4.920411449979918,1.1569858716775239
328.70000000000005,epoch2_mid_euk,0.5,0.5,0.9676545120992635,0.3393596423672141,0.9263511051600196,4.920654387251186,1.1569642206194302
328.8,epoch2_mid_euk,0.5,0.5,0.9676448355541425,0.33934267438509574,0.9263603022957309,4.920897160900588,1.1569425912053033
328.9,epoch2_mid_euk,0.5,0.5,0.9676351591057869,0.3393257072513765,0.9263694851544051,4.9211397710425,1.1569209833550367
329.0,epoch2_mid_euk,0.5,0.5,0.9676254827541958,0.33930874096601393,0.9263786537299641,4.921382217791117,1.156899396988712
329.1,epoch2_mid_euk,0.5,0.5,0.9676158064993683,0.3392917755289656,0.926387808016417,4.9216245012604585,1.1568778320265982
329.20000000000005,epoch2_mid_euk,0.5,0.5,0.9676061303413033,0.3392748109401892,0.9263969480078597,4.921866621564368,1.1568562883891516
329.3,epoch2_mid_euk,0.5,0.5,0.9675964542799999,0.3392578471996422,0.9264060736984742,4.922108578816511,1.156834765997015
329.4,epoch2_mid_euk,0.5,0.5,0.967586778315457,0.3392408843072822,0.9264151850825283,4.922350373130378,1.1568132647710183
329.5,epoch2_mid_euk,0.5,0.5,0.9675771024476739,0.33922392226306686,0.926424282154375,4.922592004619284,1.1567917846321776
329.6,epoch2_mid_euk,0.5,0.5,0.9675674266766494,0.3392069610669537,0.926433364908452,4.922833473396371,1.156770325501695
329.70000000000005,epoch2_mid_euk,0.5,0.5,0.9675577510023826,0.3391900007189003,0.926442433339281,4.923074779574602,1.1567488873009586
329.8,epoch2_mid_euk,0.5,0.5,0.9675480754248726,0.3391730412188644,0.9264514874414675,4.9233159232667685,1.1567274699515415
329.9,epoch2_mid_euk,0.5,0.5,0.9675383999441184,0.33915608256680346,0.9264605272097004,4.923556904585487,1.1567060733752021
330.0,epoch2_mid_euk,0.5,0.5,0.967528724560119,0.3391391247626751,0.9264695526387507,4.923797723643201,1.156684697493884
330.1,epoch2_mid_euk,0.5,0.5,0.9675190492728734,0.33912216780643695,0.926478563723472,4.92403838055218,1.1566633422297148
330.20000000000005,epoch2_mid_euk,0.5,0.5,0.9675093740823806,0.33910521169804664,0.9264875604587994,4.9242788754245215,1.1566420075050068
330.3,epoch2_mid_euk,0.5,0.5,0.9674996989886397,0.3390882564374617,0.9264965428397491,4.924519208372149,1.156620693242256
330.4,epoch2_mid_euk,0.5,0.5,0.9674900239916499,0.33907130202463986,0.9265055108614181,4.924759379506815,1.1565993993641424
330.5,epoch2_mid_euk,0.5,0.5,0.9674803490914099,0.33905434845953863,0.9265144645189834,4.924999388940099,1.1565781257935288
330.6,epoch2_mid_euk,0.5,0.5,0.967470674287919,0.33903739574211567,0.9265234038077019,4.925239236783411,1.1565568724534616
330.70000000000005,epoch2_mid_euk,0.5,0.5,0.9674609995811762,0.33902044387232855,0.9265323287229097,4.925478923147987,1.1565356392671697
330.8,epoch2_mid_euk,0.5,0.5,0.9674513249711804,0.3390034928501349,0.9265412392600214,4.925718448144895,1.1565144261580647
330.9,epoch2_mid_euk,0.5,0.5,0.9674416504579306,0.33898654267549244,0.92655013541453,4.925957811885031,1.15649323304974
331.0,epoch2_mid_euk,0.5,0.5,0.9674319760414261,0.3389695933483587,0.9265590171820063,4.92619701447912,1.1564720598659712
331.1,epoch2_mid_euk,0.5,0.5,0.9674223017216657,0.33895264486869126,0.9265678845580984,4.926436056037721,1.1564509065307154
331.20000000000005,epoch2_mid_euk,0.5,0.5,0.9674126274986484,0.33893569723644784,0.926576737538531,4.92667493667122,1.1564297729681108
331.3,epoch2_mid_euk,0.5,0.5,0.9674029533723735,0.33891875045158604,0.9265855761191055,4.926913656489835,1.156408659102477
331.4,epoch2_mid_euk,0.5,0.5,0.9673932793428398,0.33890180451406343,0.9265944002956991,4.927152215603616,1.1563875648583137
331.5,epoch2_mid_euk,0.5,0.5,0.9673836054100464,0.3388848594238377,0.9266032100642642,4.927390614122444,1.1563664901603015
331.6,epoch2_mid_euk,0.5,0.5,0.9673739315739923,0.3388679151808665,0.9266120054208282,4.927628852156034,1.1563454349333007
331.70000000000005,epoch2_mid_euk,0.5,0.5,0.9673642578346766,0.3388509717851075,0.9266207863614935,4.92786692981393,1.1563243991023517
331.8,epoch2_mid_euk,0.5,0.5,0.9673545841920983,0.33883402923651823,0.9266295528824359,4.928104847205511,1.156303382592674
331.9,epoch2_mid_euk,0.5,0.5,0.9673449106462564,0.3388170875350564,0.9266383049799051,4.928342604439989,1.1562823853296669
332.0,epoch2_mid_euk,0.5,0.5,0.9673352371971499,0.33880014668067965,0.9266470426502239,4.92858020162641,1.1562614072389077
332.1,epoch2_mid_euk,0.5,0.5,0.9673255638447779,0.3387832066733456,0.9266557658897879,4.928817638873652,1.156240448246153
332.20000000000005,epoch2_mid_euk,0.5,0.5,0.9673158905891394,0.3387662675130119,0.926664474695065,4.929054916290429,1.1562195082773372
332.3,epoch2_mid_euk,0.5,0.5,0.9673062174302335,0.3387493291996363,0.9266731690625944,4.9292920339852895,1.156198587258573
332.4,epoch2_mid_euk,0.5,0.5,0.9672965443680592,0.3387323917331763,0.9266818489889874,4.929528992066615,1.1561776851161507
332.5,epoch2_mid_euk,0.5,0.5,0.9672868714026156,0.33871545511358964,0.9266905144709257,4.929765790642624,1.1561568017765378
332.6,epoch2_mid_euk,0.5,0.5,0.9672771985339016,0.33869851934083395,0.9266991655051616,4.9300024298213705,1.156135937166379
332.70000000000005,epoch2_mid_euk,0.5,0.5,0.9672675257619162,0.3386815844148669,0.9267078020885177,4.930238909710743,1.156115091212496
332.8,epoch2_mid_euk,0.5,0.5,0.9672578530866586,0.33866465033564613,0.9267164242178857,4.930475230418469,1.1560942638418863
332.9,epoch2_mid_euk,0.5,0.5,0.9672481805081277,0.33864771710312935,0.926725031890227,4.930711392052109,1.1560734549817242
333.0,epoch2_mid_euk,0.5,0.5,0.9672385080263226,0.3386307847172742,0.9267336251025716,4.930947394719063,1.1560526645593598
333.1,epoch2_mid_euk,0.5,0.5,0.9672288356412423,0.3386138531780383,0.9267422038520178,4.931183238526569,1.1560318925023183
333.20000000000005,epoch2_mid_euk,0.5,0.5,0.9672191633528858,0.3385969224853794,0.9267507681357318,4.931418923581701,1.1560111387383007
333.3,epoch2_mid_euk,0.5,0.5,0.9672094911612523,0.33857999263925515,0.9267593179509473,4.93165444999137,1.1559904031951826
333.4,epoch2_mid_euk,0.5,0.5,0.9671998190663407,0.3385630636396232,0.9267678532949652,4.931889817862329,1.1559696858010144
333.5,epoch2_mid_euk,0.5,0.5,0.96719014706815,0.3385461354864412,0.9267763741651529,4.932125027301166,1.1559489864840207
333.6,epoch2_mid_euk,0.5,0.5,0.9671804751666793,0.33852920817966686,0.926784880558944,4.93236007841431,1.1559283051726001
333.70000000000005,epoch2_mid_euk,0.5,0.5,0.9671708033619276,0.3385122817192579,0.9267933724738382,4.932594971308029,1.1559076417953256
333.8,epoch2_mid_euk,0.5,0.5,0.9671611316538941,0.33849535610517195,0.9268018499074002,4.932829706088429,1.1558869962809426
333.9,epoch2_mid_euk,0.5,0.5,0.9671514600425776,0.3384784313373667,0.9268103128572602,4.93306428286146,1.1558663685583705
334.0,epoch2_mid_euk,0.5,0.5,0.9671417885279772,0.33846150741579983,0.9268187613211127,4.93329870173291,1.1558457585567012
334.1,epoch2_mid_euk,0.5,0.5,0.9671321171100918,0.33844458434042907,0.9268271952967166,4.933532962808406,1.155825166205199
334.20000000000005,epoch2_mid_euk,0.5,0.5,0.9671224457889207,0.33842766211121206,0.9268356147818945,4.933767066193419,1.1558045914333008
334.3,epoch2_mid_euk,0.5,0.5,0.9671127745644628,0.3384107407281065,0.9268440197745322,4.934001011993262,1.155784034170615
334.4,epoch2_mid_euk,0.5,0.5,0.9671031034367171,0.3383938201910701,0.9268524102725789,4.934234800313085,1.1557634943469217
334.5,epoch2_mid_euk,0.5,0.5,0.9670934324056828,0.3383769005000606,0.9268607862740462,4.934468431257886,1.1557429718921728
334.6,epoch2_mid_euk,0.5,0.5,0.9670837614713588,0.33835998165503556,0.9268691477770081,4.934701904932501,1.1557224667364907
334.70000000000005,epoch2_mid_euk,0.5,0.5,0.967074090633744,0.3383430636559528,0.9268774947796002,4.934935221441611,1.1557019788101686
334.8,epoch2_mid_euk,0.5,0.5,0.9670644198928378,0.33832614650277,0.9268858272800197,4.935168380889739,1.1556815080436702
334.9,epoch2_mid_euk,0.5,0.5,0.9670547492486389,0.33830923019544484,0.9268941452765247,4.935401383381253,1.1556610543676293
335.0,epoch2_mid_euk,0.5,0.5,0.9670450787011464,0.33829231473393506,0.9269024487674342,4.935634229020362,1.1556406177128495
335.1,epoch2_mid_euk,0.5,0.5,0.9670354082503594,0.33827540011819834,0.9269107377511274,4.935866917911122,1.155620198010304
335.20000000000005,epoch2_mid_euk,0.5,0.5,0.9670257378962769,0.33825848634819244,0.9269190122260436,4.936099450157433,1.1555997951911352
335.3,epoch2_mid_euk,0.5,0.5,0.9670160676388979,0.338241573423875,0.9269272721906812,4.936331825863037,1.155579409186654
335.4,epoch2_mid_euk,0.5,0.5,0.9670063974782215,0.3382246613452038,0.926935517643598,4.936564045131524,1.1555590399283404
335.5,epoch2_mid_euk,0.5,0.5,0.9669967274142467,0.33820775011213655,0.926943748583411,4.936796108066329,1.1555386873478424
335.6,epoch2_mid_euk,0.5,0.5,0.9669870574469726,0.33819083972463093,0.926951965008795,4.937028014770732,1.155518351376976
335.70000000000005,epoch2_mid_euk,0.5,0.5,0.9669773875763981,0.3381739301826447,0.926960166918483,4.937259765347859,1.155498031947725
335.8,epoch2_mid_euk,0.5,0.5,0.9669677178025223,0.3381570214861356,0.926968354311266,4.937491359900683,1.1554777289922407
335.9,epoch2_mid_euk,0.5,0.5,0.9669580481253444,0.33814011363506125,0.926976527185992,4.937722798532024,1.155457442442841
336.0,epoch2_mid_euk,0.5,0.5,0.9669483785448632,0.3381232066293795,0.926984685541566,4.9379540813445475,1.1554371722320111
336.1,epoch2_mid_euk,0.5,0.5,0.9669387090610777,0.33810630046904805,0.9269928293769497,4.9381852084407685,1.1554169182924023
336.20000000000005,epoch2_mid_euk,0.5,0.5,0.9669290396739871,0.3380893951540246,0.9270009586911612,4.938416179923048,1.1553966805568323
336.3,epoch2_mid_euk,0.5,0.5,0.9669193703835904,0.33807249068426687,0.927009073483274,4.9386469958935955,1.1553764589582847
336.4,epoch2_mid_euk,0.5,0.5,0.9669097011898866,0.33805558705973265,0.9270171737524175,4.93887765645447,1.1553562534299082
336.5,epoch2_mid_euk,0.5,0.5,0.9669000320928747,0.33803868428037964,0.9270252594977763,4.939108161707577,1.1553360639050174
336.6,epoch2_mid_euk,0.5,0.5,0.9668903630925537,0.33802178234616564,0.9270333307185895,4.9393385117546735,1.1553158903170915
336.70000000000005,epoch2_mid_euk,0.5,0.5,0.9668806941889228,0.33800488125704836,0.927041387414151,4.939568706697364,1.1552957325997744
336.8,epoch2_mid_euk,0.5,0.5,0.9668710253819809,0.3379879810129855,0.9270494295838086,4.939798746637104,1.1552755906868744
336.9,epoch2_mid_euk,0.5,0.5,0.966861356671727,0.33797108161393485,0.9270574572269641,4.940028631675197,1.1552554645123638
337.0,epoch2_mid_euk,0.5,0.5,0.9668516880581602,0.33795418305985414,0.9270654703430724,4.9402583619128,1.1552353540103786
337.1,epoch2_mid_euk,0.5,0.5,0.9668420195412797,0.33793728535070117,0.9270734689316418,4.940487937450918,1.1552152591152183
337.20000000000005,epoch2_mid_euk,0.5,0.5,0.9668323511210842,0.33792038848643363,0.9270814529922332,4.9407173583904065,1.1551951797613456
337.3,epoch2_mid_euk,0.5,0.5,0.966822682797573,0.3379034924670093,0.9270894225244599,4.940946624831974,1.155175115883386
337.4,epoch2_mid_euk,0.5,0.5,0.966813014570745,0.33788659729238596,0.9270973775279875,4.941175736876181,1.1551550674161275
337.5,epoch2_mid_euk,0.5,0.5,0.9668033464405993,0.33786970296252133,0.9271053180025329,4.941404694623437,1.1551350342945204
337.6,epoch2_mid_euk,0.5,0.5,0.9667936784071349,0.33785280947737323,0.9271132439478649,4.941633498174008,1.1551150164536768
337.70000000000005,epoch2_mid_euk,0.5,0.5,0.9667840104703509,0.33783591683689934,0.927121155363803,4.941862147628009,1.1550950138288705
337.8,epoch2_mid_euk,0.5,0.5,0.9667743426302462,0.3378190250410575,0.9271290522502177,4.942090643085408,1.1550750263555365
337.9,epoch2_mid_euk,0.5,0.5,0.9667646748868199,0.3378021340898054,0.9271369346070297,4.942318984646029,1.1550550539692712
338.0,epoch2_mid_euk,0.5,0.5,0.966755007240071,0.33778524398310095,0.92714480243421,4.942547172409546,1.1550350966058316
338.1,epoch2_mid_euk,0.5,0.5,0.9667453396899987,0.3377683547209018,0.9271526557317793,4.94277520647549,1.1550151542011347
338.20000000000005,epoch2_mid_euk,0.5,0.5,0.9667356722366017,0.3377514663031657,0.9271604944998076,4.943003086943244,1.154995226691258
338.3,epoch2_mid_euk,0.5,0.5,0.9667260048798794,0.3377345787298506,0.9271683187384143,4.943230813912046,1.154975314012439
338.4,epoch2_mid_euk,0.5,0.5,0.9667163376198306,0.33771769200091406,0.9271761284477674,4.943458387480988,1.1549554161010742
338.5,epoch2_mid_euk,0.5,0.5,0.9667066704564543,0.33770080611631403,0.9271839236280836,4.943685807749019,1.1549355328937199
338.6,epoch2_mid_euk,0.5,0.5,0.9666970033897497,0.3376839210760082,0.9271917042796275,4.943913074814942,1.1549156643270906
338.70000000000005,epoch2_mid_euk,0.5,0.5,0.9666873364197158,0.3376670368799544,0.9271994704027118,4.944140188777415,1.1548958103380602
338.8,epoch2_mid_euk,0.5,0.5,0.9666776695463516,0.3376501535281104,0.9272072219976966,4.944367149734953,1.1548759708636605
338.9,epoch2_mid_euk,0.5,0.5,0.9666680027696561,0.337633271020434,0.9272149590649893,4.944593957785927,1.154856145841081
339.0,epoch2_mid_euk,0.5,0.5,0.9666583360896285,0.337616389356883,0.9272226816050443,4.944820613028566,1.1548363352076696
339.1,epoch2_mid_euk,0.5,0.5,0.9666486695062676,0.33759950853741516,0.9272303896183626,4.9450471155609526,1.154816538900931
339.20000000000005,epoch2_mid_euk,0.5,0.5,0.9666390030195725,0.3375826285619883,0.9272380831054915,4.94527346548103,1.1547967568585278
339.3,epoch2_mid_euk,0.5,0.5,0.9666293366295423,0.33756574943056017,0.9272457620670242,4.945499662886597,1.1547769890182784
339.4,epoch2_mid_euk,0.5,0.5,0.966619670336176,0.3375488711430886,0.9272534265036,4.945725707875311,1.1547572353181585
339.5,epoch2_mid_euk,0.5,0.5,0.9666100041394726,0.33753199369953146,0.9272610764159032,4.945951600544687,1.1547374956962997
339.6,epoch2_mid_euk,0.5,0.5,0.9666003380394312,0.3375151170998465,0.9272687118046634,4.946177340992098,1.1547177700909894
339.70000000000005,epoch2_mid_euk,0.5,0.5,0.9665906720360509,0.3374982413439915,0.9272763326706551,4.946402929314778,1.1546980584406707
339.8,epoch2_mid_euk,0.5,0.5,0.9665810061293305,0.3374813664319243,0.9272839390146972,4.946628365609818,1.1546783606839424
339.9,epoch2_mid_euk,0.5,0.5,0.9665713403192692,0.3374644923636027,0.9272915308376529,4.946853649974168,1.1546586767595577
340.0,epoch2_mid_euk,0.5,0.5,0.966561674605866,0.3374476191389845,0.9272991081404294,4.947078782504639,1.154639006606425
340.1,epoch2_mid_euk,0.5,0.5,0.9665520089891199,0.3374307467580276,0.9273066709239774,4.947303763297902,1.1546193501636066
340.20000000000005,epoch2_mid_euk,0.5,0.5,0.96654234346903,0.33741387522068966,0.9273142191892912,4.947528592450488,1.1545997073703196
340.3,epoch2_mid_euk,0.5,0.5,0.9665326780455953,0.3373970045269286,0.927321752937408,4.947753270058787,1.1545800781659343
340.4,epoch2_mid_euk,0.5,0.5,0.9665230127188148,0.33738013467670225,0.9273292721694079,4.947977796219052,1.154560462489975
340.5,epoch2_mid_euk,0.5,0.5,0.9665133474886876,0.33736326566996844,0.9273367768864132,4.948202171027397,1.154540860282119
340.6,epoch2_mid_euk,0.5,0.5,0.9665036823552127,0.33734639750668494,0.9273442670895891,4.948426394579795,1.1545212714821964
340.70000000000005,epoch2_mid_euk,0.5,0.5,0.9664940173183891,0.3373295301868096,0.9273517427801421,4.948650466972084,1.1545016960301901
340.8,epoch2_mid_euk,0.5,0.5,0.966484352378216,0.3373126637103003,0.9273592039593207,4.948874388299962,1.1544821338662354
340.9,epoch2_mid_euk,0.5,0.5,0.9664746875346921,0.33729579807711474,0.9273666506284147,4.949098158658989,1.1544625849306194
341.0,epoch2_mid_euk,0.5,0.5,0.9664650227878168,0.33727893328721087,0.9273740827887551,4.949321778144591,1.154443049163781
341.1,epoch2_mid_euk,0.5,0.5,0.9664553581375889,0.33726206934054653,0.9273815004417136,4.949545246852052,1.1544235265063105
341.20000000000005,epoch2_mid_euk,0.5,0.5,0.9664456935840074,0.3372452062370795,0.9273889035887026,4.949768564876523,1.1544040168989498
341.3,epoch2_mid_euk,0.5,0.5,0.9664360291270716,0.33722834397676765,0.9273962922311748,4.949991732313017,1.154384520282591
341.4,epoch2_mid_euk,0.5,0.5,0.9664263647667803,0.3372114825595688,0.9274036663706228,4.9502147492564115,1.1543650365982772
341.5,epoch2_mid_euk,0.5,0.5,0.9664167005031327,0.3371946219854408,0.927411026008579,4.950437615801447,1.1543455657872015
341.6,epoch2_mid_euk,0.5,0.5,0.9664070363361277,0.33717776225434154,0.9274183711466156,4.95066033204273,1.154326107790707
341.70000000000005,epoch2_mid_euk,0.5,0.5,0.9663973722657643,0.33716090336622884,0.9274257017863436,4.950882898074731,1.1543066625502865
341.8,epoch2_mid_euk,0.5,0.5,0.9663877082920416,0.3371440453210605,0.9274330179294134,4.951105313991785,1.1542872300075822
341.9,epoch2_mid_euk,0.5,0.5,0.9663780444149587,0.33712718811879444,0.9274403195775135,4.951327579888092,1.1542678101043853
342.0,epoch2_mid_euk,0.5,0.5,0.9663683806345145,0.3371103317593885,0.9274476067323715,4.95154969585772,1.1542484027826356
342.1,epoch2_mid_euk,0.5,0.5,0.9663587169507081,0.3370934762428005,0.9274548793957527,4.9517716619945995,1.154229007984422
342.20000000000005,epoch2_mid_euk,0.5,0.5,0.9663490533635386,0.3370766215689884,0.9274621375694606,4.95199347839253,1.1542096256519807
342.3,epoch2_mid_euk,0.5,0.5,0.9663393898730049,0.3370597677379099,0.9274693812553363,4.952215145145175,1.1541902557276966
342.4,epoch2_mid_euk,0.5,0.5,0.9663297264791062,0.337042914749523,0.9274766104552582,4.9524366623460665,1.1541708981541017
342.5,epoch2_mid_euk,0.5,0.5,0.9663200631818414,0.33702606260378554,0.9274838251711421,4.952658030088604,1.1541515528738755
342.6,epoch2_mid_euk,0.5,0.5,0.9663103999812096,0.33700921130065536,0.9274910254049406,4.952879248466052,1.1541322198298445
342.70000000000005,epoch2_mid_euk,0.5,0.5,0.9663007368772097,0.3369923608400903,0.9274982111586427,4.953100317571545,1.1541128989649818
342.8,epoch2_mid_euk,0.5,0.5,0.9662910738698409,0.33697551122204833,0.9275053824342744,4.953321237498084,1.154093590222407
342.9,epoch2_mid_euk,0.5,0.5,0.9662814109591022,0.3369586624464872,0.9275125392338972,4.953542008338538,1.1540742935453856
343.0,epoch2_mid_euk,0.5,0.5,0.9662717481449926,0.33694181451336486,0.927519681559609,4.953762630185646,1.1540550088773294
343.1,epoch2_mid_euk,0.5,0.5,0.9662620854275111,0.33692496742263917,0.927526809413543,4.953983103132014,1.1540357361617954
343.20000000000005,epoch2_mid_euk,0.5,0.5,0.9662524228066569,0.33690812117426805,0.9275339227978683,4.9542034272701185,1.154016475342486
343.3,epoch2_mid_euk,0.5,0.5,0.9662427602824288,0.3368912757682093,0.9275410217147887,4.954423602692303,1.1539972263632483
343.4,epoch2_mid_euk,0.5,0.5,0.966233097854826,0.3368744312044209,0.9275481061665432,4.954643629490785,1.1539779891680744
343.5,epoch2_mid_euk,0.5,0.5,0.9662234355238475,0.33685758748286065,0.9275551761554054,4.954863507757646,1.1539587637011006
343.6,epoch2_mid_euk,0.5,0.5,0.9662137732894922,0.3368407446034865,0.9275622316836835,4.955083237584843,1.1539395499066072
343.70000000000005,epoch2_mid_euk,0.5,0.5,0.9662041111517593,0.33682390256625633,0.9275692727537196,4.955302819064199,1.1539203477290185
343.8,epoch2_mid_euk,0.5,0.5,0.9661944491106478,0.33680706137112804,0.9275762993678902,4.9555222522874125,1.153901157112902
343.9,epoch2_mid_euk,0.5,0.5,0.9661847871661566,0.3367902210180595,0.9275833115286054,4.955741537346049,1.153881978002969
344.0,epoch2_mid_euk,0.5,0.5,0.966175125318285,0.3367733815070086,0.9275903092383088,4.955960674331547,1.153862810344073
344.1,epoch2_mid_euk,0.5,0.5,0.9661654635670318,0.3367565428379332,0.9275972924994772,4.956179663335216,1.1538436540812103
344.20000000000005,epoch2_mid_euk,0.5,0.5,0.9661558019123961,0.3367397050107913,0.9276042613146206,4.956398504448237,1.15382450915952
344.3,epoch2_mid_euk,0.5,0.5,0.9661461403543771,0.3367228680255408,0.9276112156862818,4.956617197761664,1.153805375524283
344.4,epoch2_mid_euk,0.5,0.5,0.9661364788929735,0.33670603188213954,0.9276181556170361,4.956835743366424,1.1537862531209215
344.5,epoch2_mid_euk,0.5,0.5,0.9661268175281845,0.3366891965805454,0.9276250811094913,4.957054141353315,1.1537671418949997
344.6,epoch2_mid_euk,0.5,0.5,0.9661171562600093,0.3366723621207164,0.9276319921662873,4.957272391813009,1.1537480417922228
344.70000000000005,epoch2_mid_euk,0.5,0.5,0.9661074950884466,0.3366555285026103,0.927638888790096,4.957490494836051,1.153728952758437
344.8,epoch2_mid_euk,0.5,0.5,0.9660978340134957,0.3366386957261852,0.9276457709836209,4.957708450512859,1.1537098747396288
344.9,epoch2_mid_euk,0.5,0.5,0.9660881730351556,0.3366218637913989,0.9276526387495969,4.957926258933726,1.1536908076819254
345.0,epoch2_mid_euk,0.5,0.5,0.9660785121534252,0.33660503269820935,0.9276594920907903,4.9581439201888164,1.153671751531594
345.1,epoch2_mid_euk,0.5,0.5,0.9660688513683037,0.33658820244657445,0.9276663310099985,4.958361434368173,1.1536527062350412
345.20000000000005,epoch2_mid_euk,0.5,0.5,0.96605919067979,0.3365713730364521,0.9276731555100496,4.95857880156171,1.1536336717388134
345.3,epoch2_mid_euk,0.5,0.5,0.9660495300878832,0.3365545444678003,0.9276799655938024,4.958796021859217,1.153614647989596
345.4,epoch2_mid_euk,0.5,0.5,0.9660398695925823,0.3365377167405769,0.927686761264146,4.95901309535036,1.153595634934213
345.5,epoch2_mid_euk,0.5,0.5,0.9660302091938864,0.3365208898547399,0.9276935425239996,4.959230022124679,1.1535766325196275
345.6,epoch2_mid_euk,0.5,0.5,0.9660205488917945,0.33650406381024717,0.9277003093763125,4.959446802271589,1.1535576406929406
345.70000000000005,epoch2_mid_euk,0.5,0.5,0.9660108886863056,0.33648723860705665,0.9277070618240639,4.959663435880385,1.1535386594013917
345.8,epoch2_mid_euk,0.5,0.5,0.9660012285774188,0.3364704142451263,0.9277137998702623,4.9598799230402335,1.1535196885923575
345.9,epoch2_mid_euk,0.5,0.5,0.965991568565133,0.33645359072441405,0.9277205235179454,4.960096263840179,1.1535007282133525
346.0,epoch2_mid_euk,0.5,0.5,0.9659819086494473,0.3364367680448778,0.9277272327701804,4.9603124583691445,1.1534817782120281
346.1,epoch2_mid_euk,0.5,0.5,0.9659722488303608,0.3364199462064756,0.9277339276300632,4.960528506715927,1.1534628385361732
346.20000000000005,epoch2_mid_euk,0.5,0.5,0.9659625891078725,0.33640312520916527,0.9277406081007185,4.960744408969203,1.1534439091337123
346.3,epoch2_mid_euk,0.5,0.5,0.9659529294819814,0.3363863050529048,0.9277472741852992,4.960960165217528,1.153424989952707
346.4,epoch2_mid_euk,0.5,0.5,0.9659432699526866,0.33636948573765213,0.927753925886987,4.9611757755493295,1.1534060809413544
346.5,epoch2_mid_euk,0.5,0.5,0.9659336105199872,0.33635266726336527,0.9277605632089914,4.96139124005292,1.153387182047988
346.6,epoch2_mid_euk,0.5,0.5,0.965923951183882,0.3363358496300021,0.9277671861545497,4.961606558816485,1.153368293221076
346.70000000000005,epoch2_mid_euk,0.5,0.5,0.9659142919443702,0.3363190328375206,0.9277737947269271,4.961821731928093,1.1533494144092225
346.8,epoch2_mid_euk,0.5,0.5,0.9659046328014508,0.33630221688587875,0.9277803889294163,4.962036759475687,1.1533305455611658
346.9,epoch2_mid_euk,0.5,0.5,0.9658949737551228,0.33628540177503446,0.9277869687653372,4.962251641547092,1.1533116866257793
347.0,epoch2_mid_euk,0.5,0.5,0.9658853148053852,0.3362685875049457,0.9277935342380368,4.962466378230013,1.1532928375520706
347.1,epoch2_mid_euk,0.5,0.5,0.9658756559522371,0.33625177407557044,0.927800085350889,4.962680969612031,1.1532739982891813
347.20000000000005,epoch2_mid_euk,0.5,0.5,0.9658659971956776,0.33623496148686666,0.9278066221072945,4.962895415780611,1.1532551687863868
347.3,epoch2_mid_euk,0.5,0.5,0.9658563385357056,0.3362181497387923,0.9278131445106805,4.963109716823096,1.153236348993096
347.4,epoch2_mid_euk,0.5,0.5,0.9658466799723203,0.3362013388313054,0.9278196525645005,4.96332387282671,1.1532175388588508
347.5,epoch2_mid_euk,0.5,0.5,0.9658370215055206,0.33618452876436383,0.927826146272234,4.9635378838785575,1.1531987383333266
347.6,epoch2_mid_euk,0.5,0.5,0.9658273631353056,0.3361677195379256,0.9278326256373867,4.963751750065624,1.153179947366331
347.70000000000005,epoch2_mid_euk,0.5,0.5,0.9658177048616743,0.33615091115194873,0.9278390906634898,4.963965471474776,1.1531611659078036
347.8,epoch2_mid_euk,0.5,0.5,0.9658080466846257,0.3361341036063911,0.9278455413541004,4.9641790481927615,1.153142393907817
347.9,epoch2_mid_euk,0.5,0.5,0.9657983886041589,0.3361172969012108,0.9278519777128005,4.964392480306212,1.1531236313165747
348.0,epoch2_mid_euk,0.5,0.5,0.9657887306202728,0.33610049103636574,0.9278583997431977,4.964605767901638,1.1531048780844124
348.1,epoch2_mid_euk,0.5,0.5,0.9657790727329666,0.33608368601181393,0.9278648074489245,4.964818911065434,1.1530861341617968
348.20000000000005,epoch2_mid_euk,0.5,0.5,0.9657694149422392,0.3360668818275133,0.9278712008336382,4.965031909883877,1.1530673994993257
348.3,epoch2_mid_euk,0.5,0.5,0.9657597572480898,0.33605007848342194,0.9278775799010206,4.965244764443127,1.1530486740477273
348.4,epoch2_mid_euk,0.5,0.5,0.9657500996505174,0.3360332759794978,0.9278839446547782,4.965457474829225,1.1530299577578602
348.5,epoch2_mid_euk,0.5,0.5,0.9657404421495209,0.3360164743156988,0.9278902950986416,4.965670041128098,1.1530112505807135
348.6,epoch2_mid_euk,0.5,0.5,0.9657307847450994,0.335999673491983,0.9278966312363657,4.9658824634255545,1.152992552467406
348.70000000000005,epoch2_mid_euk,0.5,0.5,0.965721127437252,0.3359828735083084,0.9279029530717291,4.966094741807288,1.1529738633691862
348.8,epoch2_mid_euk,0.5,0.5,0.9657114702259777,0.335966074364633,0.9279092606085343,4.966306876358875,1.1529551832374316
348.9,epoch2_mid_euk,0.5,0.5,0.9657018131112755,0.33594927606091474,0.9279155538506072,4.966518867165777,1.152936512023649
349.0,epoch2_mid_euk,0.5,0.5,0.9656921560931443,0.3359324785971117,0.9279218328017973,4.966730714313341,1.1529178496794739
349.1,epoch2_mid_euk,0.5,0.5,0.9656824991715833,0.33591568197318183,0.9279280974659772,4.966942417886797,1.1528991961566701
349.20000000000005,epoch2_mid_euk,0.5,0.5,0.9656728423465916,0.3358988861890832,0.9279343478470423,4.96715397797126,1.1528805514071299
349.3,epoch2_mid_euk,0.5,0.5,0.9656631856181681,0.33588209124477375,0.9279405839489114,4.967365394651732,1.1528619153828734
349.4,epoch2_mid_euk,0.5,0.5,0.965653528986312,0.3358652971402115,0.9279468057755257,4.967576668013098,1.1528432880360484
349.5,epoch2_mid_euk,0.5,0.5,0.9656438724510221,0.33584850387535453,0.9279530133308488,4.967787798140132,1.15282466931893
349.6,epoch2_mid_euk,0.5,0.5,0.9656342160122976,0.3358317114501608,0.9279592066188669,4.967998785117492,1.1528060591839204
349.70000000000005,epoch2_mid_euk,0.5,0.5,0.9656245596701375,0.3358149198645883,0.9279653856435882,4.968209629029721,1.1527874575835488
349.8,epoch2_mid_euk,0.5,0.5,0.9656149034245408,0.335798129118595,0.9279715504090431,4.968420329961251,1.152768864470471
349.9,epoch2_mid_euk,0.5,0.5,0.9656052472755066,0.3357813392121391,0.9279777009192838,4.968630887996401,1.1527502797974687
350.0,epoch2_mid_euk,0.5,0.5,0.9655955912230338,0.3357645501451785,0.927983837178384,4.968841303219374,1.15273170351745
350.1,epoch2_mid_euk,0.5,0.5,0.9655859352671217,0.3357477619176712,0.9279899591904391,4.969051575714264,1.1527131355834488
350.20000000000005,epoch2_mid_euk,0.5,0.5,0.965576279407769,0.3357309745295753,0.927996066959566,4.969261705565049,1.152694575948624
350.3,epoch2_mid_euk,0.5,0.5,0.9655666236449749,0.3357141879808488,0.9280021604899025,4.969471692855597,1.1526760245662604
350.4,epoch2_mid_euk,0.5,0.5,0.9655569679787385,0.33569740227144973,0.9280082397856075,4.969681537669664,1.1526574813897672
350.5,epoch2_mid_euk,0.5,0.5,0.9655473124090587,0.33568061740133615,0.9280143048508609,4.969891240090893,1.1526389463726783
350.6,epoch2_mid_euk,0.5,0.5,0.9655376569359346,0.33566383337046607,0.9280203556898633,4.9701008002028155,1.1526204194686522
350.70000000000005,epoch2_mid_euk,0.5,0.5,0.9655280015593652,0.33564705017879753,0.9280263923068357,4.970310218088853,1.1526019006314718
350.8,epoch2_mid_euk,0.5,0.5,0.9655183462793496,0.3356302678262886,0.9280324147060196,4.970519493832315,1.1525833898150433
350.9,epoch2_mid_euk,0.5,0.5,0.9655086910958869,0.3356134863128973,0.9280384228916768,4.970728627516401,1.1525648869733967
351.0,epoch2_mid_euk,0.5,0.5,0.9654990360089759,0.3355967056385816,0.928044416868089,4.970937619224198,1.152546392060685
351.1,epoch2_mid_euk,0.5,0.5,0.9654893810186158,0.3355799258032997,0.9280503966395581,4.971146469038686,1.1525279050311854
351.20000000000005,epoch2_mid_euk,0.5,0.5,0.9654797261248056,0.33556314680700955,0.9280563622104054,4.971355177042732,1.1525094258392965
351.3,epoch2_mid_euk,0.5,0.5,0.9654700713275444,0.3355463686496692,0.9280623135849723,4.971563743319095,1.15249095443954
351.4,epoch2_mid_euk,0.5,0.5,0.9654604166268311,0.3355295913312367,0.9280682507676191,4.971772167950422,1.1524724907865602
351.5,epoch2_mid_euk,0.5,0.5,0.9654507620226649,0.33551281485167017,0.9280741737627258,4.971980451019253,1.1524540348351229
351.6,epoch2_mid_euk,0.5,0.5,0.9654411075150446,0.3354960392109276,0.9280800825746915,4.972188592608019,1.1524355865401155
351.70000000000005,epoch2_mid_euk,0.5,0.5,0.9654314531039695,0.335479264408967,0.9280859772079343,4.97239659279904,1.1524171458565473
351.8,epoch2_mid_euk,0.5,0.5,0.9654217987894385,0.33546249044574655,0.928091857666891,4.972604451674529,1.1523987127395487
351.9,epoch2_mid_euk,0.5,0.5,0.9654121445714505,0.33544571732122425,0.9280977239560172,4.972812169316591,1.152380287144371
352.0,epoch2_mid_euk,0.5,0.5,0.9654024904500048,0.3354289450353582,0.9281035760797872,4.973019745807221,1.1523618690263857
352.1,epoch2_mid_euk,0.5,0.5,0.9653928364251003,0.33541217358810643,0.9281094140426936,4.9732271812283075,1.1523434583410854
352.20000000000005,epoch2_mid_euk,0.5,0.5,0.965383182496736,0.33539540297942705,0.9281152378492474,4.97343447566163,1.1523250550440824
352.3,epoch2_mid_euk,0.5,0.5,0.9653735286649111,0.3353786332092781,0.9281210475039775,4.9736416291888625,1.152306659091109
352.4,epoch2_mid_euk,0.5,0.5,0.9653638749296245,0.3353618642776176,0.9281268430114309,4.9738486418915695,1.152288270438017
352.5,epoch2_mid_euk,0.5,0.5,0.9653542212908752,0.3353450961844037,0.9281326243761724,4.97405551385121,1.1522698890407777
352.6,epoch2_mid_euk,0.5,0.5,0.9653445677486623,0.3353283289295945,0.9281383916027846,4.974262245149137,1.1522515148554813
352.70000000000005,epoch2_mid_euk,0.5,0.5,0.9653349143029848,0.33531156251314803,0.9281441446958675,4.9744688358665945,1.152233147838337
352.8,epoch2_mid_euk,0.5,0.5,0.9653252609538417,0.3352947969350224,0.9281498836600387,4.974675286084722,1.1522147879456723
352.9,epoch2_mid_euk,0.5,0.5,0.9653156077012323,0.33527803219517566,0.928155608499933,4.974881595884551,1.1521964351339333
353.0,epoch2_mid_euk,0.5,0.5,0.9653059545451552,0.3352612682935659,0.9281613192202021,4.975087765347011,1.1521780893596838
353.1,epoch2_mid_euk,0.5,0.5,0.9652963014856097,0.3352445052301512,0.928167015825515,4.975293794552922,1.1521597505796057
353.20000000000005,epoch2_mid_euk,0.5,0.5,0.9652866485225949,0.33522774300488967,0.9281726983205574,4.975499683583,1.1521414187504981
353.3,epoch2_mid_euk,0.5,0.5,0.9652769956561097,0.33521098161773943,0.9281783667100318,4.975705432517857,1.1521230938292777
353.4,epoch2_mid_euk,0.5,0.5,0.9652673428861531,0.33519422106865854,0.9281840209986574,4.975911041437998,1.1521047757729779
353.5,epoch2_mid_euk,0.5,0.5,0.9652576902127242,0.3351774613576051,0.9281896611911694,4.976116510423824,1.1520864645387487
353.6,epoch2_mid_euk,0.5,0.5,0.9652480376358221,0.3351607024845372,0.9281952872923198,4.9763218395556335,1.152068160083857
353.70000000000005,epoch2_mid_euk,0.5,0.5,0.9652383851554458,0.335143944449413,0.9282008993068767,4.976527028913617,1.1520498623656856
353.8,epoch2_mid_euk,0.5,0.5,0.9652287327715943,0.3351271872521905,0.9282064972396239,4.976732078577864,1.1520315713417335
353.9,epoch2_mid_euk,0.5,0.5,0.9652190804842665,0.3351104308928279,0.9282120810953615,4.97693698862836,1.152013286969615
354.0,epoch2_mid_euk,0.5,0.5,0.9652094282934617,0.33509367537128326,0.9282176508789051,4.977141759144985,1.15199500920706
354.1,epoch2_mid_euk,0.5,0.5,0.9651997761991787,0.3350769206875147,0.9282232065950862,4.977346390207516,1.1519767380119141
354.20000000000005,epoch2_mid_euk,0.5,0.5,0.9651901242014167,0.3350601668414803,0.9282287482487517,4.977550881895629,1.151958473342137
354.3,epoch2_mid_euk,0.5,0.5,0.9651804723001747,0.33504341383313824,0.9282342758447638,4.977755234288896,1.1519402151558036
354.4,epoch2_mid_euk,0.5,0.5,0.9651708204954517,0.3350266616624466,0.9282397893880002,4.977959447466786,1.151921963411103
354.5,epoch2_mid_euk,0.5,0.5,0.9651611687872467,0.3350099103293635,0.9282452888833536,4.978163521508664,1.1519037180663387
354.6,epoch2_mid_euk,0.5,0.5,0.9651515171755588,0.33499315983384703,0.9282507743357316,4.978367456493797,1.1518854790799278
354.70000000000005,epoch2_mid_euk,0.5,0.5,0.9651418656603871,0.33497641017585533,0.9282562457500568,4.978571252501346,1.151867246410401
354.8,epoch2_mid_euk,0.5,0.5,0.9651322142417305,0.33495966135534655,0.9282617031312667,4.978774909610371,1.1518490200164027
354.9,epoch2_mid_euk,0.5,0.5,0.9651225629195881,0.33494291337227877,0.9282671464843131,4.978978427899832,1.1518307998566901
355.0,epoch2_mid_euk,0.5,0.5,0.9651129116939589,0.33492616622661014,0.9282725758141627,4.979181807448587,1.1518125858901338
355.1,epoch2_mid_euk,0.5,0.5,0.9651032605648419,0.3349094199182988,0.9282779911257962,4.979385048335391,1.1517943780757167
355.20000000000005,epoch2_mid_euk,0.5,0.5,0.9650936095322362,0.3348926744473029,0.9282833924242089,4.979588150638902,1.1517761763725338
355.3,epoch2_mid_euk,0.5,0.5,0.9650839585961409,0.33487592981358055,0.9282887797144099,4.979791114437673,1.1517579807397929
355.4,epoch2_mid_euk,0.5,0.5,0.965074307756555,0.33485918601708986,0.9282941530014227,4.97999393981016,1.151739791136813
355.5,epoch2_mid_euk,0.5,0.5,0.9650646570134774,0.334842443057789,0.9282995122902844,4.980196626834717,1.151721607523025
355.6,epoch2_mid_euk,0.5,0.5,0.9650550063669073,0.3348257009356361,0.928304857586046,4.980399175589597,1.1517034298579714
355.70000000000005,epoch2_mid_euk,0.5,0.5,0.9650453558168437,0.33480895965058927,0.9283101888937721,4.9806015861529565,1.1516852581013055
355.8,epoch2_mid_euk,0.5,0.5,0.9650357053632855,0.3347922192026067,0.9283155062185411,4.980803858602849,1.1516670922127916
355.9,epoch2_mid_euk,0.5,0.5,0.965026055006232,0.3347754795916466,0.9283208095654445,4.98100599301723,1.1516489321523045
356.0,epoch2_mid_euk,0.5,0.5,0.9650164047456818,0.33475874081766704,0.9283260989395873,4.981207989473956,1.1516307778798296
356.1,epoch2_mid_euk,0.5,0.5,0.9650067545816344,0.33474200288062617,0.9283313743460875,4.9814098480507845,1.1516126293554623
356.20000000000005,epoch2_mid_euk,0.5,0.5,0.9649971045140886,0.3347252657804821,0.9283366357900764,4.9816115688253735,1.1515944865394077
356.3,epoch2_mid_euk,0.5,0.5,0.9649874545430435,0.3347085295171931,0.9283418832766982,4.981813151875284,1.1515763493919808
356.4,epoch2_mid_euk,0.5,0.5,0.964977804668498,0.33469179409071725,0.9283471168111098,4.982014597277977,1.151558217873606
356.5,epoch2_mid_euk,0.5,0.5,0.9649681548904513,0.33467505950101273,0.9283523363984811,4.982215905110817,1.1515400919448162
356.6,epoch2_mid_euk,0.5,0.5,0.9649585052089024,0.33465832574803767,0.9283575420439945,4.982417075451069,1.1515219715662541
356.70000000000005,epoch2_mid_euk,0.5,0.5,0.9649488556238502,0.33464159283175027,0.9283627337528446,4.982618108375902,1.1515038566986706
356.8,epoch2_mid_euk,0.5,0.5,0.964939206135294,0.3346248607521087,0.928367911530239,4.982819003962385,1.151485747302925
356.9,epoch2_mid_euk,0.5,0.5,0.9649295567432327,0.3346081295090711,0.9283730753813972,4.983019762287494,1.1514676433399844
357.0,epoch2_mid_euk,0.5,0.5,0.9649199074476652,0.33459139910259567,0.928378225311551,4.983220383428104,1.1514495447709245
357.1,epoch2_mid_euk,0.5,0.5,0.9649102582485908,0.33457466953264053,0.9283833613259441,4.983420867460993,1.1514314515569282
357.20000000000005,epoch2_mid_euk,0.5,0.5,0.9649006091460083,0.3345579407991639,0.9283884834298324,4.983621214462847,1.1514133636592856
357.3,epoch2_mid_euk,0.5,0.5,0.9648909601399168,0.33454121290212396,0.9283935916284834,4.983821424510251,1.1513952810393946
357.4,epoch2_mid_euk,0.5,0.5,0.9648813112303154,0.33452448584147887,0.9283986859271768,4.984021497679695,1.1513772036587595
357.5,epoch2_mid_euk,0.5,0.5,0.9648716624172031,0.3345077596171868,0.9284037663312033,4.984221434047574,1.1513591314789915
357.6,epoch2_mid_euk,0.5,0.5,0.964862013700579,0.33449103422920595,0.9284088328458655,4.984421233690186,1.151341064461808
357.70000000000005,epoch2_mid_euk,0.5,0.5,0.964852365080442,0.3344743096774945,0.9284138854764776,4.984620896683734,1.1513230025690329
357.8,epoch2_mid_euk,0.5,0.5,0.9648427165567912,0.3344575859620106,0.9284189242283648,4.984820423104326,1.1513049457625957
357.9,epoch2_mid_euk,0.5,0.5,0.9648330681296257,0.3344408630827125,0.9284239491068635,4.985019813027974,1.151286894004532
358.0,epoch2_mid_euk,0.5,0.5,0.9648234197989444,0.33442414103955836,0.9284289601173216,4.985219066530597,1.1512688472569825
358.1,epoch2_mid_euk,0.5,0.5,0.9648137715647463,0.3344074198325064,0.9284339572650975,4.985418183688016,1.1512508054821935
358.20000000000005,epoch2_mid_euk,0.5,0.5,0.9648041234270307,0.33439069946151473,0.9284389405555609,4.98561716457596,1.1512327686425157
358.3,epoch2_mid_euk,0.5,0.5,0.9647944753857964,0.33437397992654166,0.9284439099940921,4.985816009270064,1.151214736700405
358.4,epoch2_mid_euk,0.5,0.5,0.9647848274410425,0.33435726122754533,0.9284488655860823,4.986014717845865,1.151196709618422
358.5,epoch2_mid_euk,0.5,0.5,0.9647751795927682,0.33434054336448393,0.9284538073369331,4.986213290378811,1.1511786873592307
358.6,epoch2_mid_euk,0.5,0.5,0.9647655318409722,0.3343238263373157,0.9284587352520566,4.986411726944254,1.1511606698855998
358.70000000000005,epoch2_mid_euk,0.5,0.5,0.9647558841856538,0.33430711014599884,0.9284636493368755,4.986610027617451,1.151142657160402
358.8,epoch2_mid_euk,0.5,0.5,0.964746236626812,0.33429039479049155,0.9284685495968227,4.9868081924735685,1.1511246491466127
358.9,epoch2_mid_euk,0.5,0.5,0.9647365891644457,0.33427368027075205,0.9284734360373412,4.987006221587679,1.1511066458073114
359.0,epoch2_mid_euk,0.5,0.5,0.9647269417985541,0.33425696658673854,0.9284783086638844,4.987204115034761,1.15108864710568
359.1,epoch2_mid_euk,0.5,0.5,0.9647172945291361,0.3342402537384092,0.9284831674819153,4.9874018728897,1.1510706530050039
359.20000000000005,epoch2_mid_euk,0.5,0.5,0.9647076473561909,0.3342235417257223,0.9284880124969072,4.987599495227292,1.1510526634686704
359.3,epoch2_mid_euk,0.5,0.5,0.9646980002797173,0.334206830548636,0.9284928437143429,4.987796982122238,1.1510346784601697
359.4,epoch2_mid_euk,0.5,0.5,0.9646883532997145,0.33419012020710853,0.9284976611397153,4.987994333649147,1.1510166979430938
359.5,epoch2_mid_euk,0.5,0.5,0.9646787064161815,0.3341734107010982,0.9285024647785267,4.988191549882536,1.1509987218811368
359.6,epoch2_mid_euk,0.5,0.5,0.9646690596291173,0.33415670203056314,0.9285072546362889,4.988388630896833,1.1509807502380944
359.70000000000005,epoch2_mid_euk,0.5,0.5,0.964659412938521,0.3341399941954616,0.9285120307185233,4.988585576766371,1.1509627829778635
359.8,epoch2_mid_euk,0.5,0.5,0.9646497663443916,0.3341232871957518,0.9285167930307604,4.988782387565394,1.1509448200644423
359.9,epoch2_mid_euk,0.5,0.5,0.9646401198467282,0.334106581031392,0.9285215415785403,4.988979063368052,1.15092686146193
360.0,epoch2_mid_euk,0.5,0.5,0.9646304734455297,0.33408987570234044,0.9285262763674119,4.989175604248407,1.1509089071345264
360.1,epoch2_mid_euk,0.5,0.5,0.9646208271407952,0.33407317120855534,0.9285309974029335,4.98937201028043,1.150890957046532
360.20000000000005,epoch2_mid_euk,0.5,0.5,0.9646111809325238,0.3340564675499949,0.9285357046906723,4.989568281538,1.1508730111623473
360.3,epoch2_mid_euk,0.5,0.5,0.9646015348207145,0.3340397647266174,0.9285403982362042,4.989764418094907,1.1508550694464728
360.4,epoch2_mid_euk,0.5,0.5,0.9645918888053663,0.33402306273838106,0.928545078045114,4.98996042002485,1.1508371318635089
360.5,epoch2_mid_euk,0.5,0.5,0.9645822428864782,0.33400636158524416,0.9285497441229954,4.9901562874014385,1.1508191983781555
360.6,epoch2_mid_euk,0.5,0.5,0.9645725970640493,0.3339896612671649,0.9285543964754506,4.990352020298191,1.1508012689552118
360.70000000000005,epoch2_mid_euk,0.5,0.5,0.9645629513380787,0.3339729617841015,0.9285590351080902,4.990547618788539,1.1507833435595762
360.8,epoch2_mid_euk,0.5,0.5,0.9645533057085653,0.3339562631360123,0.9285636600265336,4.990743082945822,1.1507654221562458
360.9,epoch2_mid_euk,0.5,0.5,0.9645436601755083,0.3339395653228555,0.9285682712364082,4.990938412843292,1.1507475047103162
361.0,epoch2_mid_euk,0.5,0.5,0.9645340147389065,0.3339228683445894,0.9285728687433498,4.991133608554112,1.1507295911869817
361.1,epoch2_mid_euk,0.5,0.5,0.9645243693987592,0.3339061722011722,0.9285774525530025,4.991328670151354,1.1507116815515348
361.20000000000005,epoch2_mid_euk,0.5,0.5,0.9645147241550652,0.33388947689256215,0.9285820226710184,4.991523597708005,1.1506937757693654
361.3,epoch2_mid_euk,0.5,0.5,0.9645050790078237,0.33387278241871754,0.9285865791030576,4.99171839129696,1.1506758738059617
361.4,epoch2_mid_euk,0.5,0.5,0.9644954339570336,0.3338560887795966,0.9285911218547883,4.991913050991028,1.150657975626909
361.5,epoch2_mid_euk,0.5,0.5,0.9644857890026941,0.3338393959751576,0.9285956509318863,4.99210757686293,1.15064008119789
361.6,epoch2_mid_euk,0.5,0.5,0.9644761441448041,0.33382270400535885,0.9286001663400355,4.992301968985298,1.1506221904846845
361.70000000000005,epoch2_mid_euk,0.5,0.5,0.9644664993833626,0.3338060128701586,0.9286046680849271,4.992496227430677,1.150604303453169
361.8,epoch2_mid_euk,0.5,0.5,0.9644568547183687,0.3337893225695151,0.9286091561722604,4.9926903522715245,1.1505864200693163
361.9,epoch2_mid_euk,0.5,0.5,0.9644472101498216,0.3337726331033866,0.9286136306077416,4.9928843435802115,1.150568540299196
362.0,epoch2_mid_euk,0.5,0.5,0.9644375656777201,0.33375594447173146,0.9286180913970848,4.99307820142902,1.1505506641089738
362.1,epoch2_mid_euk,0.5,0.5,0.9644279213020633,0.3337392566745079,0.9286225385460114,4.993271925890147,1.1505327914649106
362.20000000000005,epoch2_mid_euk,0.5,0.5,0.9644182770228503,0.33372256971167413,0.92862697206025,4.993465517035701,1.150514922333364
362.3,epoch2_mid_euk,0.5,0.5,0.96440863284008,0.33370588358318853,0.9286313919455365,4.993658974937706,1.150497056680786
362.4,epoch2_mid_euk,0.5,0.5,0.9643989887537516,0.3336891982890094,0.9286357982076137,4.993852299668098,1.1504791944737247
362.5,epoch2_mid_euk,0.5,0.5,0.9643893447638641,0.33367251382909496,0.9286401908522316,4.994045491298728,1.1504613356788227
362.6,epoch2_mid_euk,0.5,0.5,0.9643797008704165,0.3336558302034035,0.9286445698851472,4.99423854990136,1.1504434802628174
362.70000000000005,epoch2_mid_euk,0.5,0.5,0.9643700570734077,0.3336391474118933,0.9286489353121243,4.994431475547674,1.150425628192541
362.8,epoch2_mid_euk,0.5,0.5,0.964360413372837,0.33362246545452273,0.9286532871389337,4.994624268309262,1.1504077794349195
362.9,epoch2_mid_euk,0.5,0.5,0.9643507697687033,0.33360578433125,0.9286576253713527,4.994816928257633,1.1503899339569736
363.0,epoch2_mid_euk,0.5,0.5,0.9643411262610055,0.3335891040420334,0.9286619500151653,4.995009455464208,1.1503720917258176
363.1,epoch2_mid_euk,0.5,0.5,0.9643314828497429,0.3335724245868313,0.9286662610761622,4.995201850000326,1.1503542527086594
363.20000000000005,epoch2_mid_euk,0.5,0.5,0.9643218395349145,0.33355574596560195,0.9286705585601406,4.995394111937238,1.1503364168728005
363.3,epoch2_mid_euk,0.5,0.5,0.9643121963165191,0.33353906817830364,0.928674842472904,4.995586241346114,1.1503185841856356
363.4,epoch2_mid_euk,0.5,0.5,0.9643025531945559,0.33352239122489474,0.9286791128202623,4.995778238298036,1.1503007546146522
363.5,epoch2_mid_euk,0.5,0.5,0.964292910169024,0.3335057151053335,0.9286833696080318,4.995970102864003,1.1502829281274307
363.6,epoch2_mid_euk,0.5,0.5,0.9642832672399223,0.3334890398195782,0.9286876128420348,4.996161835114932,1.1502651046916441
363.70000000000005,epoch2_mid_euk,0.5,0.5,0.96427362440725,0.33347236536758723,0.9286918425281,4.996353435121652,1.1502472842750577
363.8,epoch2_mid_euk,0.5,0.5,0.9642639816710059,0.3334556917493188,0.9286960586720618,4.996544902954911,1.150229466845529
363.9,epoch2_mid_euk,0.5,0.5,0.9642543390311892,0.3334390189647314,0.9287002612797611,4.996736238685373,1.1502116523710073
364.0,epoch2_mid_euk,0.5,0.5,0.9642446964877989,0.33342234701378315,0.9287044503570443,4.996927442383618,1.1501938408195336
364.1,epoch2_mid_euk,0.5,0.5,0.964235054040834,0.33340567589643244,0.9287086259097637,4.997118514120143,1.1501760321592402
364.20000000000005,epoch2_mid_euk,0.5,0.5,0.9642254116902935,0.3333890056126376,0.9287127879437775,4.997309453965363,1.150158226358351
364.3,epoch2_mid_euk,0.5,0.5,0.9642157694361766,0.333372336162357,0.9287169364649497,4.997500261989607,1.1501404233851806
364.4,epoch2_mid_euk,0.5,0.5,0.9642061272784822,0.3333556675455489,0.9287210714791496,4.997690938263126,1.1501226232081347
364.5,epoch2_mid_euk,0.5,0.5,0.9641964852172095,0.33333899976217163,0.9287251929922524,4.997881482856085,1.1501048257957094
364.6,epoch2_mid_euk,0.5,0.5,0.9641868432523573,0.33332233281218354,0.9287293010101386,4.998071895838568,1.150087031116491
364.70000000000005,epoch2_mid_euk,0.5,0.5,0.9641772013839247,0.33330566669554296,0.9287333955386943,4.9982621772805755,1.1500692391391567
364.8,epoch2_mid_euk,0.5,0.5,0.9641675596119109,0.3332890014122082,0.9287374765838108,4.998452327252028,1.1500514498324728
364.9,epoch2_mid_euk,0.5,0.5,0.9641579179363148,0.3332723369621376,0.9287415441513848,4.998642345822762,1.1500336631652959
365.0,epoch2_mid_euk,0.5,0.5,0.9641482763571354,0.3332556733452895,0.9287455982473181,4.998832233062535,1.1500158791065718
365.1,epoch2_mid_euk,0.5,0.5,0.9641386348743718,0.33323901056162225,0.9287496388775177,4.999021989041021,1.149998097625336
365.20000000000005,epoch2_mid_euk,0.5,0.5,0.9641289934880231,0.3332223486110942,0.9287536660478959,4.999211613827812,1.1499803186907125
365.3,epoch2_mid_euk,0.5,0.5,0.9641193521980882,0.33320568749366364,0.9287576797643698,4.999401107492423,1.1499625422719149
365.4,epoch2_mid_euk,0.5,0.5,0.9641097110045662,0.33318902720928895,0.9287616800328615,4.999590470104282,1.1499447683382449
365.5,epoch2_mid_euk,0.5,0.5,0.9641000699074562,0.33317236775792847,0.9287656668592981,4.999779701732742,1.1499269968590928
365.6,epoch2_mid_euk,0.5,0.5,0.9640904289067571,0.33315570913954057,0.9287696402496113,4.999968802447072,1.1499092278039376
365.70000000000005,epoch2_mid_euk,0.5,0.5,0.964080788002468,0.3331390513540836,0.9287736002097379,5.000157772316461,1.1498914611423456
365.8,epoch2_mid_euk,0.5,0.5,0.964071147194588,0.3331223944015159,0.9287775467456191,5.000346611410019,1.1498736968439716
365.9,epoch2_mid_euk,0.5,0.5,0.9640615064831161,0.33310573828179585,0.9287814798632008,5.000535319796774,1.1498559348785573
366.0,epoch2_mid_euk,0.5,0.5,0.9640518658680512,0.33308908299488177,0.9287853995684338,5.000723897545677,1.1498381752159328
366.1,epoch2_mid_euk,0.5,0.5,0.9640422253493925,0.33307242854073205,0.9287893058672728,5.000912344725596,1.1498204178260145
366.20000000000005,epoch2_mid_euk,0.5,0.5,0.9640325849271391,0.333055774919305,0.9287931987656776,5.001100661405322,1.1498026626788063
366.3,epoch2_mid_euk,0.5,0.5,0.9640229446012898,0.33303912213055903,0.9287970782696119,5.001288847653565,1.1497849097443986
366.4,epoch2_mid_euk,0.5,0.5,0.9640133043718437,0.3330224701744525,0.928800944385044,5.001476903538956,1.1497671589929686
366.5,epoch2_mid_euk,0.5,0.5,0.9640036642388,0.3330058190509438,0.9288047971179465,5.001664829130048,1.1497494103947796
366.6,epoch2_mid_euk,0.5,0.5,0.9639940242021576,0.33298916875999124,0.9288086364742959,5.001852624495314,1.1497316639201813
366.70000000000005,epoch2_mid_euk,0.5,0.5,0.9639843842619156,0.33297251930155325,0.9288124624600731,5.002040289703149,1.1497139195396096
366.8,epoch2_mid_euk,0.5,0.5,0.963974744418073,0.3329558706755882,0.9288162750812631,5.002227824821868,1.1496961772235854
366.9,epoch2_mid_euk,0.5,0.5,0.9639651046706288,0.3329392228820544,0.9288200743438547,5.002415229919711,1.1496784369427158
367.0,epoch2_mid_euk,0.5,0.5,0.9639554650195821,0.3329225759209103,0.9288238602538409,5.002602505064836,1.149660698667693
367.1,epoch2_mid_euk,0.5,0.5,0.9639458254649319,0.33290592979211425,0.9288276328172185,5.002789650325324,1.149642962369294
367.20000000000005,epoch2_mid_euk,0.5,0.5,0.9639361860066773,0.33288928449562466,0.9288313920399881,5.0029766657691805,1.1496252280183816
367.3,epoch2_mid_euk,0.5,0.5,0.9639265466448173,0.3328726400313999,0.9288351379281542,5.00316355146433,1.1496074955859026
367.4,epoch2_mid_euk,0.5,0.5,0.9639169073793508,0.33285599639939834,0.928838870487725,5.003350307478621,1.1495897650428883
367.5,epoch2_mid_euk,0.5,0.5,0.963907268210277,0.3328393535995784,0.9288425897247123,5.0035369338798255,1.1495720363604547
367.6,epoch2_mid_euk,0.5,0.5,0.9638976291375948,0.3328227116318984,0.9288462956451318,5.003723430735636,1.1495543095098018
367.70000000000005,epoch2_mid_euk,0.5,0.5,0.9638879901613034,0.33280607049631683,0.9288499882550022,5.003909798113671,1.1495365844622132
367.8,epoch2_mid_euk,0.5,0.5,0.9638783512814019,0.332789430192792,0.9288536675603463,5.004096036081469,1.1495188611890566
367.9,epoch2_mid_euk,0.5,0.5,0.9638687124978891,0.33277279072128235,0.9288573335671899,5.004282144706493,1.149501139661783
368.0,epoch2_mid_euk,0.5,0.5,0.9638590738107641,0.3327561520817463,0.9288609862815626,5.00446812405613,1.1494834198519266
368.1,epoch2_mid_euk,0.5,0.5,0.963849435220026,0.3327395142741422,0.9288646257094969,5.004653974197691,1.1494657017311052
368.20000000000005,epoch2_mid_euk,0.5,0.5,0.9638397967256738,0.33272287729842853,0.928868251857029,5.004839695198409,1.1494479852710189
368.3,epoch2_mid_euk,0.5,0.5,0.9638301583277065,0.3327062411545636,0.9288718647301981,5.0050252871254415,1.1494302704434507
368.4,epoch2_mid_euk,0.5,0.5,0.9638205200261232,0.33268960584250584,0.9288754643350465,5.005210750045872,1.1494125572202663
368.5,epoch2_mid_euk,0.5,0.5,0.9638108818209229,0.33267297136221374,0.9288790506776198,5.005396084026705,1.149394845573413
368.6,epoch2_mid_euk,0.5,0.5,0.9638012437121047,0.3326563377136456,0.9288826237639666,5.005581289134873,1.1493771354749214
368.70000000000005,epoch2_mid_euk,0.5,0.5,0.9637916056996676,0.3326397048967599,0.9288861836001384,5.00576636543723,1.149359426896903
368.8,epoch2_mid_euk,0.5,0.5,0.9637819677836106,0.3326230729115151,0.92888973019219,5.005951313000557,1.1493417198115512
368.9,epoch2_mid_euk,0.5,0.5,0.9637723299639327,0.3326064417578695,0.9288932635461787,5.006136131891557,1.1493240141911412
369.0,epoch2_mid_euk,0.5,0.5,0.963762692240633,0.33258981143578165,0.928896783668165,5.006320822176861,1.1493063100080292
369.1,epoch2_mid_euk,0.5,0.5,0.9637530546137106,0.33257318194520985,0.9289002905642118,5.006505383923026,1.1492886072346529
369.20000000000005,epoch2_mid_euk,0.5,0.5,0.9637434170831645,0.3325565532861126,0.9289037842403851,5.00668981719653,1.1492709058435302
369.3,epoch2_mid_euk,0.5,0.5,0.9637337796489936,0.3325399254584483,0.9289072647027536,5.00687412206378,1.1492532058072604
369.4,epoch2_mid_euk,0.5,0.5,0.9637241423111972,0.3325232984621754,0.9289107319573885,5.007058298591108,1.1492355070985232
369.5,epoch2_mid_euk,0.5,0.5,0.9637145050697741,0.3325066722972523,0.9289141860103636,5.007242346844771,1.1492178096900783
369.6,epoch2_mid_euk,0.5,0.5,0.9637048679247234,0.33249004696363743,0.9289176268677553,5.0074262668909535,1.1492001135547656
369.70000000000005,epoch2_mid_euk,0.5,0.5,0.9636952308760441,0.33247342246128925,0.9289210545356426,5.007610058795765,1.149182418665505
369.8,epoch2_mid_euk,0.5,0.5,0.9636855939237354,0.3324567987901662,0.9289244690201067,5.007793722625242,1.1491647249952965
369.9,epoch2_mid_euk,0.5,0.5,0.9636759570677962,0.3324401759502267,0.9289278703272316,5.0079772584453455,1.149147032517219
370.0,epoch2_mid_euk,0.5,0.5,0.9636663203082255,0.3324235539414292,0.9289312584631031,5.008160666321967,1.1491293412044312
370.1,epoch2_mid_euk,0.5,0.5,0.9636566836450224,0.3324069327637321,0.9289346334338098,5.00834394632092,1.1491116510301707
370.20000000000005,epoch2_mid_euk,0.5,0.5,0.9636470470781859,0.33239031241709394,0.9289379952454424,5.00852709850795,1.149093961967754
370.3,epoch2_mid_euk,0.5,0.5,0.9636374106077151,0.33237369290147306,0.9289413439040938,5.008710122948726,1.1490762739905769
370.4,epoch2_mid_euk,0.5,0.5,0.963627774233609,0.332357074216828,0.9289446794158589,5.008893019708845,1.149058587072113
370.5,epoch2_mid_euk,0.5,0.5,0.9636181379558667,0.33234045636311715,0.928948001786835,5.009075788853832,1.149040901185915
370.6,epoch2_mid_euk,0.5,0.5,0.9636085017744871,0.332323839340299,0.9289513110231212,5.00925843044914,1.1490232163056133
370.70000000000005,epoch2_mid_euk,0.5,0.5,0.9635988656894694,0.332307223148332,0.9289546071308189,5.009440944560149,1.1490055324049164
370.8,epoch2_mid_euk,0.5,0.5,0.9635892297008125,0.33229060778717456,0.9289578901160312,5.009623331252166,1.1489878494576107
370.9,epoch2_mid_euk,0.5,0.5,0.9635795938085155,0.3322739932567852,0.9289611599848635,5.009805590590426,1.1489701674375603
371.0,epoch2_mid_euk,0.5,0.5,0.9635699580125775,0.33225737955712237,0.9289644167434226,5.009987722640096,1.1489524863187064
371.1,epoch2_mid_euk,0.5,0.5,0.9635603223129974,0.3322407666881445,0.9289676603978174,5.010169727466266,1.148934806075068
371.20000000000005,epoch2_mid_euk,0.5,0.5,0.9635506867097743,0.3322241546498101,0.9289708909541586,5.010351605133959,1.1489171266807403
371.3,epoch2_mid_euk,0.5,0.5,0.9635410512029072,0.3322075434420776,0.9289741084185588,5.010533355708123,1.1488994481098962
371.4,epoch2_mid_euk,0.5,0.5,0.9635314157923952,0.3321909330649055,0.9289773127971319,5.0107149792536365,1.1488817703367848
371.5,epoch2_mid_euk,0.5,0.5,0.9635217804782373,0.33217432351825227,0.9289805040959938,5.010896475835307,1.148864093335732
371.6,epoch2_mid_euk,0.5,0.5,0.9635121452604325,0.33215771480207634,0.9289836823212618,5.011077845517871,1.1488464170811394
371.70000000000005,epoch2_mid_euk,0.5,0.5,0.9635025101389799,0.33214110691633625,0.928986847479055,5.011259088365994,1.1488287415474854
371.8,epoch2_mid_euk,0.5,0.5,0.9634928751138785,0.3321244998609904,0.9289899995754939,5.011440204444272,1.1488110667093239
371.9,epoch2_mid_euk,0.5,0.5,0.9634832401851273,0.33210789363599735,0.9289931386167004,5.011621193817227,1.1487933925412845
372.0,epoch2_mid_euk,0.5,0.5,0.9634736053527254,0.33209128824131556,0.928996264608798,5.011802056549316,1.1487757190180727
372.1,epoch2_mid_euk,0.5,0.5,0.9634639706166719,0.3320746836769035,0.9289993775579116,5.011982792704921,1.148758046114469
372.20000000000005,epoch2_mid_euk,0.5,0.5,0.9634543359769657,0.3320580799427197,0.9290024774701674,5.0121634023483566,1.1487403738053295
372.3,epoch2_mid_euk,0.5,0.5,0.9634447014336059,0.33204147703872255,0.9290055643516928,5.012343885543867,1.1487227020655846
372.4,epoch2_mid_euk,0.5,0.5,0.9634350669865916,0.3320248749648706,0.9290086382086167,5.012524242355627,1.1487050308702402
372.5,epoch2_mid_euk,0.5,0.5,0.9634254326359217,0.33200827372112235,0.929011699047069,5.012704472847742,1.1486873601943766
372.6,epoch2_mid_euk,0.5,0.5,0.9634157983815954,0.3319916733074363,0.9290147468731811,5.012884577084245,1.1486696900131481
372.70000000000005,epoch2_mid_euk,0.5,0.5,0.9634061642236116,0.33197507372377094,0.9290177816930852,5.013064555129104,1.1486520203017838
372.8,epoch2_mid_euk,0.5,0.5,0.9633965301619694,0.33195847497008474,0.929020803512915,5.0132444070462165,1.1486343510355868
372.9,epoch2_mid_euk,0.5,0.5,0.9633868961966677,0.3319418770463362,0.929023812338805,5.0134241328994085,1.148616682189934
373.0,epoch2_mid_euk,0.5,0.5,0.9633772623277058,0.3319252799524839,0.9290268081768908,5.013603732752441,1.1485990137402757
373.1,epoch2_mid_euk,0.5,0.5,0.9633676285550825,0.33190868368848625,0.9290297910333088,5.013783206669003,1.1485813456621363
373.20000000000005,epoch2_mid_euk,0.5,0.5,0.9633579948787969,0.33189208825430183,0.9290327609141967,5.013962554712717,1.148563677931113
373.3,epoch2_mid_euk,0.5,0.5,0.9633483612988482,0.3318754936498891,0.929035717825693,5.014141776947136,1.1485460105228766
373.4,epoch2_mid_euk,0.5,0.5,0.9633387278152352,0.3318588998752066,0.929038661773937,5.014320873435746,1.1485283434131706
373.5,epoch2_mid_euk,0.5,0.5,0.9633290944279571,0.3318423069302128,0.9290415927650688,5.014499844241962,1.148510676577811
373.6,epoch2_mid_euk,0.5,0.5,0.9633194611370128,0.33182571481486633,0.9290445108052295,5.014678689429136,1.1484930099926873
373.70000000000005,epoch2_mid_euk,0.5,0.5,0.9633098279424015,0.3318091235291256,0.9290474159005608,5.014857409060547,1.1484753436337607
373.8,epoch2_mid_euk,0.5,0.5,0.9633001948441221,0.33179253307294915,0.9290503080572051,5.01503600319941,1.1484576774770647
373.9,epoch2_mid_euk,0.5,0.5,0.9632905618421737,0.3317759434462955,0.9290531872813056,5.01521447190887,1.1484400114987052
374.0,epoch2_mid_euk,0.5,0.5,0.9632809289365553,0.3317593546491232,0.9290560535790061,5.015392815252006,1.14842234567486
374.1,epoch2_mid_euk,0.5,0.5,0.9632712961272659,0.33174276668139074,0.929058906956451,5.015571033291828,1.1484046799817782
374.20000000000005,epoch2_mid_euk,0.5,0.5,0.9632616634143046,0.33172617954305667,0.9290617474197852,5.015749126091283,1.1483870143957808
374.3,epoch2_mid_euk,0.5,0.5,0.9632520307976705,0.3317095932340795,0.9290645749751544,5.015927093713245,1.14836934889326
374.4,epoch2_mid_euk,0.5,0.5,0.9632423982773626,0.3316930077544178,0.9290673896287045,5.0161049362205254,1.1483516834506795
374.5,epoch2_mid_euk,0.5,0.5,0.9632327658533798,0.33167642310403006,0.929070191386582,5.0162826536758685,1.1483340180445736
374.6,epoch2_mid_euk,0.5,0.5,0.9632231335257213,0.33165983928287485,0.9290729802549338,5.016460246141951,1.1483163526515474
374.70000000000005,epoch2_mid_euk,0.5,0.5,0.9632135012943861,0.3316432562909107,0.9290757562399073,5.016637713681383,1.148298687248277
374.8,epoch2_mid_euk,0.5,0.5,0.9632038691593732,0.33162667412809615,0.9290785193476503,5.016815056356709,1.148281021811509
374.9,epoch2_mid_euk,0.5,0.5,0.9631942371206815,0.33161009279438974,0.9290812695843106,5.016992274230407,1.1482633563180598
375.0,epoch2_mid_euk,0.5,0.5,0.9631846051783103,0.33159351228975004,0.9290840069560365,5.01716936736489,1.1482456907448164
375.1,epoch2_mid_euk,0.5,0.5,0.9631749733322585,0.33157693261413557,0.9290867314689767,5.017346335822503,1.1482280250687358
375.20000000000005,epoch2_mid_euk,0.5,0.5,0.9631653415825252,0.33156035376750487,0.9290894431292799,5.0175231796655275,1.1482103592668442
375.3,epoch2_mid_euk,0.5,0.5,0.9631557099291094,0.33154377574981647,0.9290921419430951,5.017699898956177,1.1481926933162383
375.4,epoch2_mid_euk,0.5,0.5,0.96314607837201,0.33152719856102897,0.9290948279165714,5.017876493756603,1.1481750271940834
375.5,epoch2_mid_euk,0.5,0.5,0.9631364469112264,0.3315106222011009,0.929097501055858,5.018052964128888,1.1481573608776143
375.6,epoch2_mid_euk,0.5,0.5,0.9631268155467573,0.3314940466699908,0.9291001613671043,5.018229310135051,1.1481396943441353
375.70000000000005,epoch2_mid_euk,0.5,0.5,0.9631171842786018,0.3314774719676573,0.9291028088564596,5.018405531837046,1.148122027571019
375.8,epoch2_mid_euk,0.5,0.5,0.963107553106759,0.33146089809405893,0.9291054435300734,5.018581629296762,1.1481043605357075
375.9,epoch2_mid_euk,0.5,0.5,0.9630979220312279,0.3314443250491542,0.9291080653940951,5.0187576025760245,1.1480866932157106
376.0,epoch2_mid_euk,0.5,0.5,0.9630882910520076,0.33142775283290177,0.929110674454674,5.018933451736591,1.148069025588607
376.1,epoch2_mid_euk,0.5,0.5,0.963078660169097,0.3314111814452601,0.9291132707179595,5.019109176840158,1.1480513576320435
376.20000000000005,epoch2_mid_euk,0.5,0.5,0.9630690293824954,0.3313946108861878,0.9291158541901006,5.019284777948355,1.148033689323735
376.3,epoch2_mid_euk,0.5,0.5,0.9630593986922016,0.3313780411556435,0.9291184248772464,5.019460255122749,1.1480160206414645
376.4,epoch2_mid_euk,0.5,0.5,0.9630497680982146,0.33136147225358575,0.9291209827855459,5.019635608424842,1.1479983515630823
376.5,epoch2_mid_euk,0.5,0.5,0.9630401376005336,0.3313449041799731,0.9291235279211476,5.019810837916072,1.1479806820665064
376.6,epoch2_mid_euk,0.5,0.5,0.9630305071991576,0.3313283369347641,0.9291260602902001,5.019985943657814,1.1479630121297224
376.70000000000005,epoch2_mid_euk,0.5,0.5,0.9630208768940857,0.3313117705179174,0.9291285798988513,5.020160925711379,1.1479453417307828
376.8,epoch2_mid_euk,0.5,0.5,0.9630112466853167,0.33129520492939146,0.9291310867532494,5.020335784138014,1.1479276708478072
376.9,epoch2_mid_euk,0.5,0.5,0.9630016165728498,0.331278640169145,0.9291335808595418,5.020510518998902,1.1479099994589823
377.0,epoch2_mid_euk,0.5,0.5,0.962991986556684,0.33126207623713655,0.9291360622238757,5.020685130355164,1.1478923275425614
377.1,epoch2_mid_euk,0.5,0.5,0.9629823566368185,0.3312455131333247,0.929138530852398,5.020859618267857,1.1478746550768641
377.20000000000005,epoch2_mid_euk,0.5,0.5,0.9629727268132522,0.331228950857668,0.9291409867512549,5.0210339827979755,1.1478569820402769
377.3,epoch2_mid_euk,0.5,0.5,0.962963097085984,0.33121238941012515,0.9291434299265926,5.02120822400645,1.1478393084112517
377.4,epoch2_mid_euk,0.5,0.5,0.9629534674550132,0.3311958287906546,0.9291458603845565,5.02138234195415,1.1478216341683072
377.5,epoch2_mid_euk,0.5,0.5,0.9629438379203387,0.33117926899921507,0.9291482781312915,5.021556336701881,1.1478039592900275
377.6,epoch2_mid_euk,0.5,0.5,0.9629342084819594,0.3311627100357651,0.9291506831729422,5.021730208310386,1.1477862837550628
377.70000000000005,epoch2_mid_euk,0.5,0.5,0.9629245791398746,0.3311461519002633,0.9291530755156525,5.021903956840345,1.1477686075421283
377.8,epoch2_mid_euk,0.5,0.5,0.9629149498940832,0.3311295945926683,0.9291554551655656,5.022077582352377,1.147750930630005
377.9,epoch2_mid_euk,0.5,0.5,0.9629053207445842,0.33111303811293863,0.9291578221288244,5.02225108490704,1.1477332529975393
378.0,epoch2_mid_euk,0.5,0.5,0.9628956916913768,0.33109648246103296,0.9291601764115708,5.0224244645648275,1.1477155746236418
378.1,epoch2_mid_euk,0.5,0.5,0.9628860627344599,0.3310799276369099,0.9291625180199462,5.022597721386172,1.147697895487289
378.20000000000005,epoch2_mid_euk,0.5,0.5,0.9628764338738325,0.33106337364052807,0.9291648469600914,5.022770855431444,1.1476802155675214
378.3,epoch2_mid_euk,0.5,0.5,0.9628668051094937,0.331046820471846,0.9291671632381462,5.022943866760953,1.1476625348434444
378.4,epoch2_mid_euk,0.5,0.5,0.9628571764414426,0.3310302681308224,0.9291694668602499,5.023116755434947,1.1476448532942276
378.5,epoch2_mid_euk,0.5,0.5,0.9628475478696782,0.3310137166174159,0.929171757832541,5.023289521513613,1.147627170899105
378.6,epoch2_mid_euk,0.5,0.5,0.9628379193941995,0.330997165931585,0.929174036161157,5.023462165057074,1.1476094876373746
378.70000000000005,epoch2_mid_euk,0.5,0.5,0.9628282910150056,0.33098061607328844,0.9291763018522348,5.023634686125396,1.1475918034883983
378.8,epoch2_mid_euk,0.5,0.5,0.9628186627320954,0.33096406704248477,0.9291785549119103,5.023807084778581,1.1475741184316017
378.9,epoch2_mid_euk,0.5,0.5,0.9628090345454681,0.33094751883913265,0.9291807953463185,5.023979361076571,1.147556432446474
379.0,epoch2_mid_euk,0.5,0.5,0.9627994064551226,0.33093097146319067,0.9291830231615936,5.0241515150792475,1.1475387455125678
379.1,epoch2_mid_euk,0.5,0.5,0.9627897784610581,0.33091442491461753,0.9291852383638688,5.024323546846432,1.1475210576094992
379.20000000000005,epoch2_mid_euk,0.5,0.5,0.9627801505632735,0.3308978791933718,0.9291874409592763,5.024495456437884,1.1475033687169471
379.3,epoch2_mid_euk,0.5,0.5,0.9627705227617679,0.33088133429941213,0.9291896309539474,5.024667243913304,1.1474856788146535
379.4,epoch2_mid_euk,0.5,0.5,0.9627608950565403,0.33086479023269716,0.9291918083540122,5.024838909332331,1.147467987882423
379.5,epoch2_mid_euk,0.5,0.5,0.9627512674475898,0.33084824699318555,0.9291939731656,5.025010452754545,1.1474502959001232
379.6,epoch2_mid_euk,0.5,0.5,0.9627416399349152,0.3308317045808359,0.9291961253948391,5.025181874239466,1.1474326028476836
379.70000000000005,epoch2_mid_euk,0.5,0.5,0.9627320125185159,0.3308151629956068,0.9291982650478563,5.025353173846552,1.1474149087050964
379.8,epoch2_mid_euk,0.5,0.5,0.9627223851983907,0.33079862223745704,0.9292003921307775,5.025524351635205,1.1473972134524162
379.9,epoch2_mid_euk,0.5,0.5,0.9627127579745387,0.33078208230634515,0.9292025066497277,5.025695407664765,1.1473795170697592
380.0,epoch2_mid_euk,0.5,0.5,0.9627031308469589,0.33076554320222984,0.9292046086108304,5.0258663419945115,1.1473618195373032
380.1,epoch2_mid_euk,0.5,0.5,0.9626935038156504,0.3307490049250697,0.9292066980202082,5.026037154683667,1.1473441208352884
380.20000000000005,epoch2_mid_euk,0.5,0.5,0.9626838768806123,0.33073246747482343,0.9292087748839821,5.026207845791394,1.1473264209440157
380.3,epoch2_mid_euk,0.5,0.5,0.9626742500418435,0.3307159308514497,0.9292108392082723,5.0263784153767945,1.147308719843848
380.4,epoch2_mid_euk,0.5,0.5,0.9626646232993431,0.3306993950549071,0.9292128909991975,5.026548863498914,1.1472910175152093
380.5,epoch2_mid_euk,0.5,0.5,0.9626549966531102,0.33068286008515435,0.9292149302628752,5.0267191902167365,1.1472733139385844
380.6,epoch2_mid_euk,0.5,0.5,0.9626453701031437,0.3306663259421501,0.9292169570054215,5.02688939558919,1.1472556090945192
380.70000000000005,epoch2_mid_euk,0.5,0.5,0.9626357436494426,0.33064979262585303,0.9292189712329513,5.02705947967514,1.1472379029636202
380.8,epoch2_mid_euk,0.5,0.5,0.9626261172920061,0.33063326013622174,0.9292209729515781,5.027229442533398,1.1472201955265546
380.9,epoch2_mid_euk,0.5,0.5,0.9626164910308331,0.33061672847321494,0.9292229621674141,5.027399284222713,1.14720248676405
381.0,epoch2_mid_euk,0.5,0.5,0.9626068648659228,0.33060019763679127,0.9292249388865699,5.027569004801778,1.1471847766568943
381.1,epoch2_mid_euk,0.5,0.5,0.9625972387972742,0.33058366762690944,0.9292269031151549,5.027738604329229,1.1471670651859356
381.20000000000005,epoch2_mid_euk,0.5,0.5,0.9625876128248863,0.3305671384435281,0.9292288548592769,5.02790808286364,1.1471493523320817
381.3,epoch2_mid_euk,0.5,0.5,0.962577986948758,0.3305506100866059,0.9292307941250424,5.028077440463532,1.1471316380763006
381.4,epoch2_mid_euk,0.5,0.5,0.9625683611688884,0.33053408255610156,0.9292327209185564,5.028246677187363,1.1471139223996198
381.5,epoch2_mid_euk,0.5,0.5,0.9625587354852767,0.33051755585197373,0.9292346352459222,5.028415793093538,1.1470962052831262
381.6,epoch2_mid_euk,0.5,0.5,0.9625491098979219,0.3305010299741811,0.9292365371132418,5.028584788240401,1.1470784867079662
381.70000000000005,epoch2_mid_euk,0.5,0.5,0.9625394844068229,0.33048450492268244,0.9292384265266157,5.028753662686241,1.1470607666553454
381.8,epoch2_mid_euk,0.5,0.5,0.9625298590119788,0.3304679806974363,0.9292403034921426,5.028922416489288,1.1470430451065283
381.9,epoch2_mid_euk,0.5,0.5,0.9625202337133887,0.3304514572984015,0.9292421680159197,5.0290910497077155,1.1470253220428386
382.0,epoch2_mid_euk,0.5,0.5,0.9625106085110515,0.33043493472553653,0.9292440201040427,5.0292595623996394,1.1470075974456586
382.1,epoch2_mid_euk,0.5,0.5,0.9625009834049664,0.33041841297880026,0.9292458597626055,5.029427954623119,1.1469898712964293
382.20000000000005,epoch2_mid_euk,0.5,0.5,0.9624913583951323,0.3304018920581513,0.9292476869977006,5.029596226436158,1.1469721435766498
382.3,epoch2_mid_euk,0.5,0.5,0.9624817334815484,0.3303853719635484,0.9292495018154184,5.0297643778967,1.146954414267878
382.4,epoch2_mid_euk,0.5,0.5,0.9624721086642136,0.3303688526949502,0.9292513042218482,5.029932409062635,1.1469366833517298
382.5,epoch2_mid_euk,0.5,0.5,0.962462483943127,0.33035233425231547,0.9292530942230771,5.030100319991796,1.1469189508098792
382.6,epoch2_mid_euk,0.5,0.5,0.9624528593182875,0.33033581663560285,0.9292548718251907,5.030268110741958,1.1469012166240575
382.70000000000005,epoch2_mid_euk,0.5,0.5,0.9624432347896943,0.3303192998447711,0.929256637034273,5.030435781370842,1.1468834807760546
382.8,epoch2_mid_euk,0.5,0.5,0.9624336103573464,0.33030278387977885,0.9292583898564057,5.03060333193611,1.1468657432477174
382.9,epoch2_mid_euk,0.5,0.5,0.9624239860212429,0.33028626874058487,0.9292601302976693,5.03077076249537,1.1468480040209503
383.0,epoch2_mid_euk,0.5,0.5,0.9624143617813827,0.33026975442714784,0.9292618583641422,5.030938073106175,1.146830263077715
383.1,epoch2_mid_euk,0.5,0.5,0.9624047376377649,0.3302532409394265,0.9292635740619011,5.03110526382602,1.1468125204000303
383.20000000000005,epoch2_mid_euk,0.5,0.5,0.9623951135903885,0.3302367282773795,0.9292652773970206,5.0312723347123445,1.1467947759699724
383.3,epoch2_mid_euk,0.5,0.5,0.9623854896392526,0.3302202164409656,0.9292669683755738,5.031439285822533,1.1467770297696736
383.4,epoch2_mid_euk,0.5,0.5,0.9623758657843562,0.33020370543014355,0.9292686470036317,5.031606117213916,1.1467592817813235
383.5,epoch2_mid_euk,0.5,0.5,0.9623662420256983,0.33018719524487206,0.9292703132872634,5.031772828943765,1.1467415319871679
383.6,epoch2_mid_euk,0.5,0.5,0.962356618363278,0.33017068588510984,0.9292719672325361,5.0319394210693,1.1467237803695092
383.70000000000005,epoch2_mid_euk,0.5,0.5,0.9623469947970944,0.3301541773508156,0.9292736088455152,5.032105893647683,1.1467060269107059
383.8,epoch2_mid_euk,0.5,0.5,0.9623373713271465,0.3301376696419481,0.9292752381322641,5.032272246736022,1.1466882715931725
383.9,epoch2_mid_euk,0.5,0.5,0.9623277479534332,0.330121162758466,0.9292768550988441,5.03243848039137,1.14667051439938
384.0,epoch2_mid_euk,0.5,0.5,0.9623181246759537,0.33010465670032807,0.9292784597513146,5.032604594670727,1.1466527553118546
384.1,epoch2_mid_euk,0.5,0.5,0.9623085014947069,0.33008815146749304,0.9292800520957331,5.032770589631036,1.1466349943131786
384.20000000000005,epoch2_mid_euk,0.5,0.5,0.962298878409692,0.33007164705991965,0.9292816321381547,5.032936465329184,1.1466172313859897
384.3,epoch2_mid_euk,0.5,0.5,0.9622892554209079,0.33005514347756665,0.929283199884633,5.033102221822008,1.1465994665129808
384.4,epoch2_mid_euk,0.5,0.5,0.9622796325283537,0.3300386407203928,0.9292847553412191,5.033267859166288,1.1465816996769003
384.5,epoch2_mid_euk,0.5,0.5,0.9622700097320284,0.3300221387883568,0.9292862985139623,5.033433377418748,1.1465639308605515
384.6,epoch2_mid_euk,0.5,0.5,0.9622603870319311,0.3300056376814174,0.9292878294089096,5.033598776636062,1.1465461600467932
384.70000000000005,epoch2_mid_euk,0.5,0.5,0.9622507644280608,0.32998913739953334,0.9292893480321062,5.033764056874846,1.1465283872185383
384.8,epoch2_mid_euk,0.5,0.5,0.9622411419204165,0.32997263794266335,0.9292908543895948,5.033929218191664,1.1465106123587547
384.9,epoch2_mid_euk,0.5,0.5,0.9622315195089973,0.3299561393107662,0.9292923484874162,5.034094260643027,1.146492835450465
385.0,epoch2_mid_euk,0.5,0.5,0.9622218971938022,0.3299396415038007,0.929293830331609,5.03425918428539,1.146475056476746
385.1,epoch2_mid_euk,0.5,0.5,0.9622122749748303,0.3299231445217255,0.9292952999282095,5.034423989175156,1.1464572754207287
385.20000000000005,epoch2_mid_euk,0.5,0.5,0.9622026528520805,0.3299066483644994,0.929296757283252,5.034588675368675,1.1464394922655985
385.3,epoch2_mid_euk,0.5,0.5,0.962193030825552,0.3298901530320812,0.9292982024027686,5.034753242922241,1.1464217069945946
385.4,epoch2_mid_euk,0.5,0.5,0.9621834088952437,0.32987365852442957,0.929299635292789,5.0349176918920975,1.1464039195910098
385.5,epoch2_mid_euk,0.5,0.5,0.9621737870611548,0.32985716484150335,0.9293010559593409,5.035082022334433,1.1463861300381912
385.6,epoch2_mid_euk,0.5,0.5,0.9621641653232842,0.3298406719832613,0.9293024644084494,5.035246234305384,1.1463683383195389
385.70000000000005,epoch2_mid_euk,0.5,0.5,0.962154543681631,0.3298241799496621,0.9293038606461378,5.035410327861034,1.1463505444185067
385.8,epoch2_mid_euk,0.5,0.5,0.9621449221361942,0.32980768874066463,0.9293052446784268,5.0355743030574125,1.1463327483186017
385.9,epoch2_mid_euk,0.5,0.5,0.9621353006869728,0.3297911983562276,0.9293066165113348,5.035738159950498,1.146314950003384
386.0,epoch2_mid_euk,0.5,0.5,0.962125679333966,0.3297747087963098,0.929307976150878,5.035901898596214,1.1462971494564669
386.1,epoch2_mid_euk,0.5,0.5,0.9621160580771726,0.32975822006087,0.9293093236030703,5.036065519050434,1.1462793466615164
386.20000000000005,epoch2_mid_euk,0.5,0.5,0.9621064369165918,0.32974173214986696,0.9293106588739231,5.036229021368979,1.1462615416022515
386.3,epoch2_mid_euk,0.5,0.5,0.9620968158522226,0.32972524506325945,0.9293119819694455,5.036392405607614,1.1462437342624432
386.4,epoch2_mid_euk,0.5,0.5,0.9620871948840641,0.3297087588010063,0.9293132928956446,5.0365556718220565,1.1462259246259157
386.5,epoch2_mid_euk,0.5,0.5,0.9620775740121152,0.3296922733630663,0.9293145916585245,5.036718820067969,1.146208112676545
386.6,epoch2_mid_euk,0.5,0.5,0.9620679532363752,0.3296757887493981,0.9293158782640872,5.036881850400961,1.14619029839826
386.70000000000005,epoch2_mid_euk,0.5,0.5,0.9620583325568428,0.32965930495996065,0.9293171527183325,5.037044762876595,1.1461724817750407
386.8,epoch2_mid_euk,0.5,0.5,0.9620487119735173,0.3296428219947127,0.9293184150272573,5.037207557550376,1.1461546627909196
386.9,epoch2_mid_euk,0.5,0.5,0.9620390914863975,0.32962633985361295,0.9293196651968565,5.037370234477761,1.1461368414299808
387.0,epoch2_mid_euk,0.5,0.5,0.9620294710954826,0.3296098585366203,0.9293209032331223,5.037532793714154,1.1461190176763605
387.1,epoch2_mid_euk,0.5,0.5,0.9620198508007717,0.32959337804369343,0.9293221291420446,5.0376952353149065,1.1461011915142456
387.20000000000005,epoch2_mid_euk,0.5,0.5,0.9620102306022636,0.32957689837479126,0.9293233429296107,5.037857559335321,1.1460833629278753
387.3,epoch2_mid_euk,0.5,0.5,0.9620006104999577,0.32956041952987253,0.9293245446018055,5.038019765830647,1.1460655319015391
387.4,epoch2_mid_euk,0.5,0.5,0.9619909904938526,0.32954394150889604,0.9293257341646111,5.038181854856084,1.1460476984195784
387.5,epoch2_mid_euk,0.5,0.5,0.9619813705839477,0.3295274643118206,0.9293269116240075,5.03834382646678,1.1460298624663854
387.6,epoch2_mid_euk,0.5,0.5,0.9619717507702419,0.329510987938605,0.929328076985972,5.0385056807178294,1.146012024026403
387.70000000000005,epoch2_mid_euk,0.5,0.5,0.9619621310527342,0.32949451238920807,0.9293292302564792,5.03866741766428,1.1459941830841247
387.8,epoch2_mid_euk,0.5,0.5,0.9619525114314237,0.32947803766358863,0.9293303714415013,5.038829037361127,1.145976339624095
387.9,epoch2_mid_euk,0.5,0.5,0.9619428919063093,0.32946156376170543,0.9293315005470081,5.038990539863314,1.1459584936309084
388.0,epoch2_mid_euk,0.5,0.5,0.9619332724773902,0.32944509068351735,0.9293326175789663,5.0391519252257355,1.1459406450892102
388.1,epoch2_mid_euk,0.5,0.5,0.9619236531446654,0.3294286184289832,0.9293337225433407,5.039313193503234,1.1459227939836958
388.20000000000005,epoch2_mid_euk,0.5,0.5,0.961914033908134,0.32941214699806176,0.9293348154460929,5.0394743447506025,1.1459049402991102
388.3,epoch2_mid_euk,0.5,0.5,0.961904414767795,0.3293956763907119,0.929335896293182,5.039635379022584,1.1458870840202489
388.4,epoch2_mid_euk,0.5,0.5,0.9618947957236473,0.32937920660689235,0.9293369650905648,5.03979629637387,1.1458692251319567
388.5,epoch2_mid_euk,0.5,0.5,0.9618851767756901,0.329362737646562,0.9293380218441952,5.039957096859105,1.1458513636191285
388.6,epoch2_mid_euk,0.5,0.5,0.9618755579239223,0.32934626950967966,0.9293390665600244,5.04011778053288,1.1458334994667088
388.70000000000005,epoch2_mid_euk,0.5,0.5,0.9618659391683431,0.32932980219620417,0.9293400992440011,5.040278347449737,1.145815632659691
388.8,epoch2_mid_euk,0.5,0.5,0.9618563205089514,0.32931333570609433,0.9293411199020711,5.04043879766417,1.1457977631831184
388.9,epoch2_mid_euk,0.5,0.5,0.9618467019457463,0.329296870039309,0.9293421285401778,5.040599131230622,1.145779891022083
389.0,epoch2_mid_euk,0.5,0.5,0.9618370834787269,0.32928040519580704,0.9293431251642617,5.040759348203486,1.1457620161617261
389.1,epoch2_mid_euk,0.5,0.5,0.9618274651078921,0.32926394117554725,0.9293441097802605,5.040919448637106,1.1457441385872378
389.20000000000005,epoch2_mid_euk,0.5,0.5,0.961817846833241,0.32924747797848847,0.9293450823941094,5.041079432585776,1.1457262582838568
389.3,epoch2_mid_euk,0.5,0.5,0.9618082286547727,0.32923101560458956,0.9293460430117408,5.041239300103742,1.1457083752368709
389.4,epoch2_mid_euk,0.5,0.5,0.9617986105724862,0.32921455405380934,0.9293469916390843,5.0413990512452,1.145690489431616
389.5,epoch2_mid_euk,0.5,0.5,0.9617889925863804,0.32919809332610667,0.9293479282820668,5.041558686064298,1.1456726008534766
389.6,epoch2_mid_euk,0.5,0.5,0.9617793746964546,0.32918163342144036,0.9293488529466123,5.041718204615132,1.1456547094878853
389.70000000000005,epoch2_mid_euk,0.5,0.5,0.9617697569027076,0.3291651743397693,0.9293497656386422,5.041877606951753,1.1456368153203231
389.8,epoch2_mid_euk,0.5,0.5,0.9617601392051386,0.3291487160810523,0.9293506663640752,5.04203689312816,1.145618918336319
389.9,epoch2_mid_euk,0.5,0.5,0.9617505216037465,0.32913225864524825,0.9293515551288267,5.042196063198306,1.1456010185214496
390.0,epoch2_mid_euk,0.5,0.5,0.9617409040985305,0.329115802032316,0.9293524319388099,5.0423551172160925,1.1455831158613394
390.1,epoch2_mid_euk,0.5,0.5,0.9617312866894895,0.3290993462422144,0.9293532967999347,5.042514055235375,1.1455652103416607
390.20000000000005,epoch2_mid_euk,0.5,0.5,0.9617216693766226,0.32908289127490226,0.9293541497181086,5.042672877309959,1.145547301948133
390.3,epoch2_mid_euk,0.5,0.5,0.9617120521599288,0.3290664371303385,0.9293549906992359,5.042831583493603,1.1455293906665236
390.4,epoch2_mid_euk,0.5,0.5,0.9617024350394072,0.329049983808482,0.9293558197492182,5.042990173840016,1.1455114764826468
390.5,epoch2_mid_euk,0.5,0.5,0.9616928180150568,0.3290335313092916,0.9293566368739542,5.043148648402859,1.145493559382364
390.6,epoch2_mid_euk,0.5,0.5,0.9616832010868767,0.32901707963272614,0.9293574420793398,5.043307007235746,1.145475639351584
390.70000000000005,epoch2_mid_euk,0.5,0.5,0.9616735842548658,0.32900062877874453,0.929358235371268,5.043465250392242,1.1454577163762618
390.8,epoch2_mid_euk,0.5,0.5,0.9616639675190233,0.32898417874730557,0.9293590167556289,5.043623377925866,1.1454397904423999
390.9,epoch2_mid_euk,0.5,0.5,0.9616543508793481,0.3289677295383682,0.9293597862383097,5.043781389890086,1.145421861536047
391.0,epoch2_mid_euk,0.5,0.5,0.9616447343358393,0.3289512811518913,0.9293605438251947,5.043939286338324,1.1454039296432985
391.1,epoch2_mid_euk,0.5,0.5,0.961635117888496,0.3289348335878337,0.9293612895221653,5.044097067323955,1.1453859947502962
391.20000000000005,epoch2_mid_euk,0.5,0.5,0.9616255015373171,0.3289183868461543,0.9293620233350999,5.044254732900307,1.1453680568432283
391.3,epoch2_mid_euk,0.5,0.5,0.9616158852823017,0.328901940926812,0.929362745269874,5.044412283120659,1.1453501159083288
391.4,epoch2_mid_euk,0.5,0.5,0.9616062691234488,0.3288854958297657,0.9293634553323601,5.044569718038243,1.145332171931878
391.5,epoch2_mid_euk,0.5,0.5,0.9615966530607576,0.3288690515549742,0.9293641535284279,5.044727037706245,1.1453142249002024
391.6,epoch2_mid_euk,0.5,0.5,0.961587037094227,0.32885260810239647,0.9293648398639441,5.044884242177803,1.1452962747996738
391.70000000000005,epoch2_mid_euk,0.5,0.5,0.961577421223856,0.32883616547199135,0.9293655143447724,5.045041331506008,1.1452783216167097
391.8,epoch2_mid_euk,0.5,0.5,0.9615678054496438,0.32881972366371776,0.9293661769767735,5.045198305743904,1.1452603653377735
391.9,epoch2_mid_euk,0.5,0.5,0.9615581897715894,0.32880328267753456,0.9293668277658049,5.045355164944488,1.1452424059493738
392.0,epoch2_mid_euk,0.5,0.5,0.9615485741896916,0.3287868425134007,0.9293674667177216,5.0455119091607115,1.1452244434380645
392.1,epoch2_mid_euk,0.5,0.5,0.9615389587039498,0.328770403171275,0.9293680938383753,5.045668538445478,1.145206477790445
392.20000000000005,epoch2_mid_euk,0.5,0.5,0.9615293433143628,0.3287539646511164,0.9293687091336145,5.045825052851645,1.1451885089931595
392.3,epoch2_mid_euk,0.5,0.5,0.9615197280209297,0.32873752695288383,0.929369312609285,5.045981452432023,1.145170537032897
392.4,epoch2_mid_euk,0.5,0.5,0.9615101128236495,0.32872109007653616,0.9293699042712295,5.046137737239377,1.145152561896392
392.5,epoch2_mid_euk,0.5,0.5,0.9615004977225212,0.3287046540220323,0.9293704841252874,5.046293907326426,1.1451345835704232
392.6,epoch2_mid_euk,0.5,0.5,0.961490882717544,0.3286882187893312,0.9293710521772957,5.046449962745841,1.1451166020418138
392.70000000000005,epoch2_mid_euk,0.5,0.5,0.9614812678087168,0.32867178437839173,0.9293716084330875,5.046605903550248,1.1450986172974318
392.8,epoch2_mid_euk,0.5,0.5,0.9614716529960387,0.3286553507891728,0.9293721528984935,5.0467617297922285,1.1450806293241895
392.9,epoch2_mid_euk,0.5,0.5,0.9614620382795087,0.32863891802163336,0.929372685579341,5.0469174415243145,1.1450626381090436
393.0,epoch2_mid_euk,0.5,0.5,0.9614524236591259,0.3286224860757323,0.9293732064814544,5.047073038798995,1.1450446436389945
393.1,epoch2_mid_euk,0.5,0.5,0.9614428091348892,0.32860605495142853,0.9293737156106548,5.047228521668713,1.1450266459010872
393.20000000000005,epoch2_mid_euk,0.5,0.5,0.9614331947067979,0.32858962464868097,0.9293742129727606,5.047383890185865,1.14500864488241
393.3,epoch2_mid_euk,0.5,0.5,0.9614235803748509,0.32857319516744854,0.9293746985735865,5.047539144402803,1.1449906405700956
393.4,epoch2_mid_euk,0.5,0.5,0.9614139661390472,0.32855676650769017,0.9293751724189446,5.047694284371832,1.14497263295132
393.5,epoch2_mid_euk,0.5,0.5,0.9614043519993858,0.3285403386693648,0.9293756345146438,5.047849310145212,1.1449546220133027
393.6,epoch2_mid_euk,0.5,0.5,0.9613947379558658,0.3285239116524313,0.9293760848664897,5.048004221775159,1.1449366077433067
393.70000000000005,epoch2_mid_euk,0.5,0.5,0.9613851240084863,0.32850748545684866,0.9293765234802849,5.048159019313842,1.1449185901286387
393.8,epoch2_mid_euk,0.5,0.5,0.9613755101572462,0.32849106008257584,0.9293769503618289,5.048313702813386,1.1449005691566483
393.9,epoch2_mid_euk,0.5,0.5,0.9613658964021446,0.32847463552957173,0.929377365516918,5.048468272325872,1.144882544814728
394.0,epoch2_mid_euk,0.5,0.5,0.9613562827431806,0.3284582117977953,0.9293777689513453,5.048622727903333,1.1448645170903138
394.1,epoch2_mid_euk,0.5,0.5,0.9613466691803532,0.3284417888872054,0.9293781606709007,5.04877706959776,1.144846485970884
394.20000000000005,epoch2_mid_euk,0.5,0.5,0.9613370557136613,0.328425366797761,0.9293785406813713,5.048931297461098,1.1448284514439602
394.3,epoch2_mid_euk,0.5,0.5,0.9613274423431042,0.3284089455294211,0.9293789089885406,5.0490854115452475,1.1448104134971062
394.4,epoch2_mid_euk,0.5,0.5,0.9613178290686808,0.32839252508214467,0.9293792655981892,5.049239411902064,1.1447923721179287
394.5,epoch2_mid_euk,0.5,0.5,0.9613082158903901,0.3283761054558906,0.9293796105160943,5.049393298583358,1.1447743272940767
394.6,epoch2_mid_euk,0.5,0.5,0.9612986028082312,0.32835968665061777,0.9293799437480301,5.049547071640898,1.1447562790132413
394.70000000000005,epoch2_mid_euk,0.5,0.5,0.9612889898222031,0.3283432686662852,0.9293802652997676,5.049700731126406,1.144738227263156
394.8,epoch2_mid_euk,0.5,0.5,0.9612793769323049,0.3283268515028519,0.9293805751770745,5.04985427709156,1.1447201720315967
394.9,epoch2_mid_euk,0.5,0.5,0.9612697641385356,0.32831043516027675,0.9293808733857153,5.0500077095879945,1.1447021133063804
395.0,epoch2_mid_euk,0.5,0.5,0.9612601514408942,0.32829401963851873,0.9293811599314513,5.050161028667299,1.1446840510753666
395.1,epoch2_mid_euk,0.5,0.5,0.9612505388393797,0.3282776049375368,0.9293814348200408,5.050314234381019,1.1446659853264567
395.20000000000005,epoch2_mid_euk,0.5,0.5,0.9612409263339913,0.32826119105728996,0.9293816980572385,5.050467326780657,1.1446479160475933
395.3,epoch2_mid_euk,0.5,0.5,0.9612313139247279,0.3282447779977371,0.9293819496487961,5.050620305917672,1.1446298432267608
395.4,epoch2_mid_euk,0.5,0.5,0.9612217016115887,0.32822836575883724,0.9293821896004619,5.050773171843478,1.1446117668519846
395.5,epoch2_mid_euk,0.5,0.5,0.9612120893945726,0.3282119543405493,0.9293824179179814,5.050925924609445,1.144593686911332
395.6,epoch2_mid_euk,0.5,0.5,0.9612024772736787,0.3281955437428323,0.9293826346070962,5.051078564266902,1.1445756033929113
395.70000000000005,epoch2_mid_euk,0.5,0.5,0.9611928652489059,0.32817913396564513,0.9293828396735452,5.051231090867132,1.1445575162848718
395.8,epoch2_mid_euk,0.5,0.5,0.9611832533202535,0.32816272500894683,0.9293830331230637,5.051383504461374,1.1445394255754036
395.9,epoch2_mid_euk,0.5,0.5,0.9611736414877202,0.3281463168726964,0.9293832149613839,5.051535805100827,1.144521331252738
396.0,epoch2_mid_euk,0.5,0.5,0.9611640297513053,0.3281299095568528,0.9293833851942347,5.051687992836643,1.144503233305147
396.1,epoch2_mid_euk,0.5,0.5,0.9611544181110078,0.32811350306137493,0.9293835438273418,5.051840067719934,1.1444851317209432
396.20000000000005,epoch2_mid_euk,0.5,0.5,0.9611448065668267,0.3280970973862219,0.9293836908664275,5.051992029801767,1.1444670264884798
396.3,epoch2_mid_euk,0.5,0.5,0.961135195118761,0.3280806925313526,0.9293838263172107,5.052143879133165,1.14444891759615
396.4,epoch2_mid_euk,0.5,0.5,0.9611255837668098,0.32806428849672603,0.9293839501854074,5.052295615765112,1.1444308050323881
396.5,epoch2_mid_euk,0.5,0.5,0.9611159725109721,0.3280478852823012,0.92938406247673,5.0524472397485445,1.1444126887856683
396.6,epoch2_mid_euk,0.5,0.5,0.961106361351247,0.32803148288803713,0.9293841631968877,5.05259875113436,1.1443945688445045
396.70000000000005,epoch2_mid_euk,0.5,0.5,0.9610967502876335,0.32801508131389273,0.9293842523515862,5.05275014997341,1.1443764451974512
396.8,epoch2_mid_euk,0.5,0.5,0.9610871393201307,0.32799868055982706,0.9293843299465282,5.052901436316508,1.1443583178331025
396.9,epoch2_mid_euk,0.5,0.5,0.9610775284487375,0.3279822806257991,0.929384395987413,5.0530526102144195,1.1443401867400922
397.0,epoch2_mid_euk,0.5,0.5,0.961067917673453,0.3279658815117678,0.9293844504799365,5.053203671717871,1.1443220519070942
397.1,epoch2_mid_euk,0.5,0.5,0.9610583069942763,0.32794948321769224,0.9293844934297912,5.053354620877546,1.1443039133228217
397.20000000000005,epoch2_mid_euk,0.5,0.5,0.9610486964112064,0.32793308574353136,0.9293845248426666,5.0535054577440865,1.1442857709760272
397.3,epoch2_mid_euk,0.5,0.5,0.9610390859242423,0.3279166890892442,0.9293845447242486,5.05365618236809,1.144267624855503
397.4,epoch2_mid_euk,0.5,0.5,0.961029475533383,0.32790029325478975,0.9293845530802197,5.0538067948001135,1.1442494749500804
397.5,epoch2_mid_euk,0.5,0.5,0.9610198652386277,0.32788389824012704,0.9293845499162593,5.053957295090672,1.1442313212486301
397.6,epoch2_mid_euk,0.5,0.5,0.9610102550399753,0.32786750404521503,0.9293845352380433,5.054107683290239,1.1442131637400614
397.70000000000005,epoch2_mid_euk,0.5,0.5,0.9610006449374249,0.32785111067001277,0.9293845090512443,5.054257959449243,1.144195002413323
397.8,epoch2_mid_euk,0.5,0.5,0.9609910349309755,0.3278347181144793,0.9293844713615315,5.054408123618076,1.1441768372574022
397.9,epoch2_mid_euk,0.5,0.5,0.9609814250206262,0.32781832637857355,0.9293844221745707,5.0545581758470846,1.1441586682613252
398.0,epoch2_mid_euk,0.5,0.5,0.960971815206376,0.3278019354622546,0.9293843614960247,5.054708116186574,1.1441404954141567
398.1,epoch2_mid_euk,0.5,0.5,0.9609622054882239,0.3277855453654815,0.9293842893315523,5.054857944686808,1.1441223187050003
398.20000000000005,epoch2_mid_euk,0.5,0.5,0.960952595866169,0.3277691560882132,0.9293842056868095,5.05500766139801,1.1441041381229973
398.3,epoch2_mid_euk,0.5,0.5,0.9609429863402104,0.32775276763040884,0.9293841105674485,5.055157266370362,1.144085953657328
398.4,epoch2_mid_euk,0.5,0.5,0.960933376910347,0.3277363799920273,0.9293840039791186,5.055306759654003,1.1440677652972109
398.5,epoch2_mid_euk,0.5,0.5,0.9609237675765778,0.3277199931730277,0.9293838859274653,5.0554561412990315,1.1440495730319022
398.6,epoch2_mid_euk,0.5,0.5,0.960914158338902,0.32770360717336905,0.929383756418131,5.055605411355507,1.1440313768506964
398.70000000000005,epoch2_mid_euk,0.5,0.5,0.9609045491973186,0.32768722199301037,0.9293836154567544,5.055754569873444,1.144013176742926
398.8,epoch2_mid_euk,0.5,0.5,0.9608949401518266,0.32767083763191074,0.929383463048971,5.055903616902818,1.1439949726979612
398.9,epoch2_mid_euk,0.5,0.5,0.9608853312024251,0.32765445409002913,0.9293832992004131,5.056052552493566,1.14397676470521
399.0,epoch2_mid_euk,0.5,0.5,0.9608757223491131,0.32763807136732465,0.9293831239167092,5.056201376695579,1.1439585527541178
399.1,epoch2_mid_euk,0.5,0.5,0.9608661135918897,0.3276216894637563,0.9293829372034846,5.056350089558712,1.1439403368341678
399.20000000000005,epoch2_mid_euk,0.5,0.5,0.9608565049307537,0.32760530837928314,0.9293827390663613,5.056498691132775,1.1439221169348808
399.3,epoch2_mid_euk,0.5,0.5,0.9608468963657044,0.3275889281138642,0.9293825295109577,5.056647181467542,1.143903893045814
399.4,epoch2_mid_euk,0.5,0.5,0.9608372878967407,0.3275725486674585,0.9293823085428888,5.056795560612743,1.143885665156563
399.5,epoch2_mid_euk,0.5,0.5,0.9608276795238617,0.32755617004002513,0.9293820761677665,5.056943828618068,1.1438674332567598
399.6,epoch2_mid_euk,0.5,0.5,0.9608180712470665,0.32753979223152313,0.9293818323911988,5.057091985533168,1.1438491973360734
399.70000000000005,epoch2_mid_euk,0.5,0.5,0.960808463066354,0.32752341524191153,0.9293815772187904,5.057240031407653,1.1438309573842103
399.8,epoch2_mid_euk,0.5,0.5,0.9607988549817233,0.3275070390711494,0.929381310656143,5.057387966291092,1.143812713390913
399.9,epoch2_mid_euk,0.5,0.5,0.9607892469931736,0.3274906637191959,0.9293810327088545,5.057535790233015,1.1437944653459615
400.0,epoch3_bilat,0.2,0.2,0.9607796391007036,0.3274742891860099,0.9286905031106021,5.057594875452973,1.1436903710187327
400.1,epoch3_bilat,0.2,0.2,0.9607700313043126,0.3274579154715506,0.9280025255476225,5.057653882556134,1.1435858416951492
400.2,epoch3_bilat,0.2,0.2,0.9607604236039996,0.32744154257577707,0.9273170903106714,5.057712811297161,1.1434808801152898
400.3,epoch3_bilat,0.2,0.2,0.9607508159997635,0.3274251704986483,0.92663418772735,5.057771661432413,1.1433754890070813
400.4,epoch3_bilat,0.2,0.2,0.9607412084916035,0.32740879924012334,0.9259538081619657,5.05783043271993,1.1432696710863477
400.5,epoch3_bilat,0.2,0.2,0.9607316010795186,0.32739242880016134,0.9252759420153932,5.057889124919434,1.1431634290568595
400.6,epoch3_bilat,0.2,0.2,0.9607219937635079,0.3273760591787213,0.9246005797249353,5.0579477377923165,1.1430567656103814
400.7,epoch3_bilat,0.2,0.2,0.9607123865435703,0.3273596903757624,0.9239277117641853,5.05800627110163,1.142949683426721
400.8,epoch3_bilat,0.2,0.2,0.9607027794197048,0.32734332239124364,0.9232573286428892,5.058064724612083,1.142842185173777
400.9,epoch3_bilat,0.2,0.2,0.9606931723919107,0.32732695522512406,0.9225894209068088,5.058123098090033,1.142734273507587
401.0,epoch3_bilat,0.2,0.2,0.9606835654601867,0.3273105888773628,0.921923979137585,5.058181391303476,1.1426259510723755
401.1,epoch3_bilat,0.2,0.2,0.9606739586245321,0.3272942233479189,0.9212609939526016,5.0582396040220425,1.1425172205006018
401.2,epoch3_bilat,0.2,0.2,0.9606643518849458,0.3272778586367515,0.9206004560048506,5.058297736016988,1.1424080844130067
401.3,epoch3_bilat,0.2,0.2,0.9606547452414269,0.32726149474381966,0.9199423559827964,5.058355787061187,1.14229854541866
401.4,epoch3_bilat,0.2,0.2,0.9606451386939745,0.3272451316690825,0.9192866846102414,5.058413756929122,1.142188606115008
401.5,epoch3_bilat,0.2,0.2,0.9606355322425876,0.327228769412499,0.9186334326461926,5.0584716453968825,1.1420782690879194
401.6,epoch3_bilat,0.2,0.2,0.9606259258872651,0.3272124079740284,0.9179825908847274,5.058529452242153,1.1419675369117332
401.7,epoch3_bilat,0.2,0.2,0.9606163196280063,0.32719604735362967,0.9173341501548615,5.058587177244207,1.1418564121493044
401.8,epoch3_bilat,0.2,0.2,0.9606067134648101,0.327179687551262,0.9166881013204157,5.058644820183899,1.1417448973520503
401.9,epoch3_bilat,0.2,0.2,0.9605971073976755,0.3271633285668844,0.9160444352798841,5.058702380843659,1.141632995059997
402.0,epoch3_bilat,0.2,0.2,0.9605875014266014,0.32714697040045604,0.9154031429663032,5.058759859007486,1.1415207078018257
402.1,epoch3_bilat,0.2,0.2,0.9605778955515871,0.327130613051936,0.9147642153471204,5.058817254460936,1.1414080380949172
402.2,epoch3_bilat,0.2,0.2,0.9605682897726316,0.32711425652128345,0.9141276434240635,5.058874566991122,1.141294988445399
402.3,epoch3_bilat,0.2,0.2,0.9605586840897339,0.3270979008084574,0.9134934182330112,5.0589317963867,1.1411815613481893
402.4,epoch3_bilat,0.2,0.2,0.960549078502893,0.327081545913417,0.9128615308438633,5.058988942437868,1.141067759287044
402.5,epoch3_bilat,0.2,0.2,0.960539473012108,0.3270651918361213,0.9122319723604119,5.059046004936353,1.1409535847346
402.6,epoch3_bilat,0.2,0.2,0.9605298676173778,0.3270488385765295,0.9116047339202126,5.059102983675412,1.1408390401524213
402.7,epoch3_bilat,0.2,0.2,0.9605202623187016,0.3270324861346007,0.910979806694457,5.059159878449815,1.1407241279910432
402.8,epoch3_bilat,0.2,0.2,0.9605106571160784,0.32701613451029393,0.9103571818878448,5.059216689055847,1.140608850690017
402.9,epoch3_bilat,0.2,0.2,0.9605010520095073,0.3269997837035684,0.9097368507384568,5.059273415291297,1.1404932106779542
403.0,epoch3_bilat,0.2,0.2,0.9604914469989873,0.3269834337143832,0.9091188045176286,5.059330056955449,1.140377210372571
403.1,epoch3_bilat,0.2,0.2,0.9604818420845173,0.3269670845426975,0.9085030345298244,5.059386613849082,1.140260852180732
403.2,epoch3_bilat,0.2,0.2,0.9604722372660964,0.32695073618847037,0.9078895321125112,5.059443085774454,1.1401441384984947
403.3,epoch3_bilat,0.2,0.2,0.9604626325437238,0.32693438865166097,0.9072782886360341,5.059499472535305,1.1400270717111525
403.4,epoch3_bilat,0.2,0.2,0.9604530279173983,0.3269180419322284,0.9066692955034913,5.059555773936842,1.1399096541932785
403.5,epoch3_bilat,0.2,0.2,0.9604434233871191,0.3269016960301318,0.90606254415061,5.059611989785738,1.1397918883087688
403.6,epoch3_bilat,0.2,0.2,0.9604338189528852,0.3268853509453303,0.905458026045623,5.059668119890121,1.1396737764108855
403.7,epoch3_bilat,0.2,0.2,0.9604242146146956,0.326869006677783,0.9048557326891449,5.0597241640595705,1.1395553208423006
403.8,epoch3_bilat,0.2,0.2,0.9604146103725495,0.3268526632274491,0.9042556556140499,5.05978012210511,1.1394365239351376
403.9,epoch3_bilat,0.2,0.2,0.9604050062264458,0.32683632059428774,0.9036577863853492,5.059835993839199,1.139317388011015
404.0,epoch3_bilat,0.2,0.2,0.9603954021763835,0.326819978778258,0.9030621166000694,5.059891779075729,1.1391979153810885
404.1,epoch3_bilat,0.2,0.2,0.9603857982223618,0.3268036377793191,0.9024686378871308,5.059947477630013,1.1390781083460937
404.2,epoch3_bilat,0.2,0.2,0.9603761943643796,0.32678729759743014,0.9018773419072268,5.0600030893187835,1.1389579691963876
404.3,epoch3_bilat,0.2,0.2,0.960366590602436,0.32677095823255026,0.9012882203527031,5.060058613960184,1.1388375002119915
404.4,epoch3_bilat,0.2,0.2,0.9603569869365299,0.32675461968463865,0.9007012649474381,5.06011405137376,1.138716703662632
404.5,epoch3_bilat,0.2,0.2,0.9603473833666606,0.3267382819536544,0.900116467446723,5.060169401380457,1.1385955818077838
404.6,epoch3_bilat,0.2,0.2,0.9603377798928269,0.3267219450395567,0.8995338196371432,5.060224663802612,1.1384741368967097
404.7,epoch3_bilat,0.2,0.2,0.9603281765150279,0.3267056089423047,0.8989533133364589,5.060279838463947,1.1383523711685033
404.8,epoch3_bilat,0.2,0.2,0.9603185732332628,0.3266892736618576,0.8983749403934876,5.060334925189561,1.1382302868521297
404.9,epoch3_bilat,0.2,0.2,0.9603089700475305,0.32667293919817453,0.8977986926879863,5.060389923805928,1.1381078861664666
405.0,epoch3_bilat,0.2,0.2,0.96029936695783,0.3266566055512146,0.8972245621305335,5.060444834140886,1.1379851713203453
405.1,epoch3_bilat,0.2,0.2,0.9602897639641604,0.32664027272093704,0.8966525406624133,5.060499656023633,1.1378621445125907
405.2,epoch3_bilat,0.2,0.2,0.9602801610665208,0.326623940707301,0.8960826202554983,5.060554389284722,1.1377388079320634
405.3,epoch3_bilat,0.2,0.2,0.9602705582649101,0.32660760951026563,0.8955147929121342,5.060609033756051,1.1376151637576983
405.4,epoch3_bilat,0.2,0.2,0.9602609555593274,0.32659127912979014,0.8949490506650236,5.0606635892708605,1.1374912141585465
405.5,epoch3_bilat,0.2,0.2,0.9602513529497718,0.32657494956583366,0.8943853855771116,5.060718055663725,1.1373669612938142
405.6,epoch3_bilat,0.2,0.2,0.9602417504362423,0.32655862081835535,0.8938237897414704,5.060772432770548,1.1372424073129033
405.7,epoch3_bilat,0.2,0.2,0.9602321480187379,0.32654229288731446,0.8932642552811859,5.060826720428556,1.1371175543554508
405.8,epoch3_bilat,0.2,0.2,0.9602225456972577,0.32652596577267007,0.8927067743492434,5.0608809184762915,1.136992404551369
405.9,epoch3_bilat,0.2,0.2,0.9602129434718008,0.32650963947438144,0.8921513391284144,5.060935026753606,1.1368669600208843
406.0,epoch3_bilat,0.2,0.2,0.9602033413423661,0.3264933139924077,0.8915979418311434,5.060989045101657,1.1367412228745768
406.1,epoch3_bilat,0.2,0.2,0.9601937393089527,0.3264769893267081,0.8910465746994359,5.061042973362898,1.1366151952134196
406.2,epoch3_bilat,0.2,0.2,0.9601841373715596,0.3264606654772418,0.890497230004746,5.061096811381077,1.1364888791288177
406.3,epoch3_bilat,0.2,0.2,0.960174535530186,0.3264443424439679,0.8899499000478647,5.061150559001227,1.1363622767026471
406.4,epoch3_bilat,0.2,0.2,0.9601649337848307,0.3264280202268457,0.8894045771588089,5.061204216069661,1.136235390007293
406.5,epoch3_bilat,0.2,0.2,0.9601553321354929,0.3264116988258344,0.8888612536967105,5.061257782433965,1.136108221105689
406.6,epoch3_bilat,0.2,0.2,0.9601457305821716,0.3263953782408931,0.8883199220497061,5.061311257942996,1.1359807720513548
406.7,epoch3_bilat,0.2,0.2,0.9601361291248658,0.32637905847198107,0.8877805746348267,5.061364642446871,1.1358530448884352
406.8,epoch3_bilat,0.2,0.2,0.9601265277635745,0.3263627395190575,0.8872432038978887,5.061417935796965,1.1357250416517375
406.9,epoch3_bilat,0.2,0.2,0.9601169264982969,0.32634642138208153,0.8867078023133841,5.061471137845902,1.1355967643667702
407.0,epoch3_bilat,0.2,0.2,0.960107325329032,0.3263301040610124,0.8861743623843725,5.061524248447552,1.1354682150497803
407.1,epoch3_bilat,0.2,0.2,0.9600977242557787,0.32631378755580936,0.8856428766423723,5.061577267457023,1.1353393957077913
407.2,epoch3_bilat,0.2,0.2,0.9600881232785361,0.3262974718664316,0.8851133376472529,5.061630194730659,1.1352103083386402
407.3,epoch3_bilat,0.2,0.2,0.9600785223973033,0.3262811569928383,0.8845857379871273,5.061683030126027,1.1350809549310155
407.4,epoch3_bilat,0.2,0.2,0.9600689216120794,0.32626484293498864,0.8840600702782451,5.06173577350192,1.134951337464494
407.5,epoch3_bilat,0.2,0.2,0.9600593209228633,0.3262485296928419,0.8835363271648855,5.061788424718343,1.1348214579095783
407.6,epoch3_bilat,0.2,0.2,0.9600497203296541,0.32623221726635726,0.8830145013192514,5.061840983636515,1.1346913182277334
407.7,epoch3_bilat,0.2,0.2,0.9600401198324507,0.32621590565549397,0.8824945854413633,5.0618934501188555,1.1345609203714235
407.8,epoch3_bilat,0.2,0.2,0.9600305194312524,0.3261995948602112,0.8819765722589539,5.061945824028988,1.1344302662841488
407.9,epoch3_bilat,0.2,0.2,0.9600209191260581,0.3261832848804682,0.881460454527363,5.061998105231725,1.1342993579004819
408.0,epoch3_bilat,0.2,0.2,0.9600113189168669,0.3261669757162242,0.8809462250294329,5.062050293593069,1.1341681971461044
408.1,epoch3_bilat,0.2,0.2,0.9600017188036777,0.3261506673674384,0.8804338765754042,5.062102388980205,1.1340367859378429
408.2,epoch3_bilat,0.2,0.2,0.9599921187864896,0.32613435983407,0.8799234020028116,5.062154391261493,1.133905126183705
408.3,epoch3_bilat,0.2,0.2,0.9599825188653017,0.32611805311607833,0.8794147941763809,5.062206300306466,1.1337732197829156
408.4,epoch3_bilat,0.2,0.2,0.9599729190401131,0.32610174721342255,0.8789080459879254,5.06225811598582,1.1336410686259522
408.5,epoch3_bilat,0.2,0.2,0.9599633193109227,0.3260854421260619,0.8784031503562436,5.062309838171414,1.1335086745945813
408.6,epoch3_bilat,0.2,0.2,0.9599537196777296,0.3260691378539556,0.8779001002270167,5.06236146673626,1.133376039561893
408.7,epoch3_bilat,0.2,0.2,0.9599441201405328,0.3260528343970629,0.8773988885727066,5.062413001554521,1.1332431653923374
408.8,epoch3_bilat,0.2,0.2,0.9599345206993314,0.32603653175534303,0.8768995083924547,5.0624644425015015,1.133110053941759
408.9,epoch3_bilat,0.2,0.2,0.9599249213541244,0.32602022992875523,0.8764019527119802,5.062515789453646,1.1329767070574321
409.0,epoch3_bilat,0.2,0.2,0.9599153221049109,0.3260039289172588,0.87590621458348,5.062567042288531,1.132843126578096
409.1,epoch3_bilat,0.2,0.2,0.9599057229516899,0.32598762872081294,0.8754122870855277,5.062618200884862,1.1327093143339897
409.2,epoch3_bilat,0.2,0.2,0.9598961238944603,0.3259713293393769,0.8749201633229741,5.062669265122466,1.1325752721468862
409.3,epoch3_bilat,0.2,0.2,0.9598865249332214,0.32595503077290994,0.874429836426847,5.0627202348822875,1.1324410018301276
409.4,epoch3_bilat,0.2,0.2,0.959876926067972,0.3259387330213713,0.8739412995542527,5.062771110046382,1.1323065051886596
409.5,epoch3_bilat,0.2,0.2,0.9598673272987114,0.3259224360847202,0.8734545458882763,5.062821890497913,1.1321717840190653
409.6,epoch3_bilat,0.2,0.2,0.9598577286254384,0.32590613996291595,0.8729695686378838,5.062872576121144,1.1320368401095995
409.7,epoch3_bilat,0.2,0.2,0.9598481300481522,0.3258898446559178,0.8724863610378237,5.062923166801436,1.1319016752402231
409.8,epoch3_bilat,0.2,0.2,0.9598385315668517,0.325873550163685,0.8720049163485295,5.0629736624252395,1.1317662911826367
409.9,epoch3_bilat,0.2,0.2,0.9598289331815361,0.32585725648617686,0.8715252278560219,5.063024062880091,1.1316306897003143
410.0,epoch3_bilat,0.2,0.2,0.9598193348922043,0.3258409636233526,0.8710472888718123,5.0630743680546075,1.1314948725485372
410.1,epoch3_bilat,0.2,0.2,0.9598097366988554,0.3258246715751714,0.8705710927328055,5.063124577838483,1.1313588414744271
410.2,epoch3_bilat,0.2,0.2,0.9598001386014884,0.32580838034159265,0.8700966328012042,5.063174692122479,1.1312225982169797
410.3,epoch3_bilat,0.2,0.2,0.9597905406001024,0.3257920899225756,0.8696239024644123,5.063224710798425,1.1310861445070983
410.4,epoch3_bilat,0.2,0.2,0.9597809426946964,0.32577580031807946,0.8691528951349402,5.06327463375921,1.1309494820676262
410.5,epoch3_bilat,0.2,0.2,0.9597713448852694,0.32575951152806354,0.8686836042503087,5.063324460898777,1.1308126126133802
410.6,epoch3_bilat,0.2,0.2,0.9597617471718205,0.32574322355248714,0.8682160232729547,5.063374192112119,1.1306755378511832
410.7,epoch3_bilat,0.2,0.2,0.9597521495543487,0.3257269363913095,0.8677501456901366,5.063423827295276,1.1305382594798972
410.8,epoch3_bilat,0.2,0.2,0.9597425520328532,0.32571065004448996,0.8672859650138406,5.063473366345327,1.1304007791904553
410.9,epoch3_bilat,0.2,0.2,0.9597329546073329,0.32569436451198774,0.8668234747806861,5.063522809160385,1.1302630986658952
411.0,epoch3_bilat,0.2,0.2,0.9597233572777868,0.3256780797937621,0.866362668551833,5.063572155639595,1.1301252195813902
411.1,epoch3_bilat,0.2,0.2,0.959713760044214,0.32566179588977245,0.8659035399128883,5.0636214056831275,1.1299871436042828
411.2,epoch3_bilat,0.2,0.2,0.9597041629066136,0.32564551279997794,0.8654460824738136,5.063670559192171,1.1298488723941156
411.3,epoch3_bilat,0.2,0.2,0.9596945658649846,0.32562923052433795,0.8649902898688328,5.063719616068932,1.129710407602664
411.4,epoch3_bilat,0.2,0.2,0.959684968919326,0.32561294906281174,0.8645361557563397,5.063768576216625,1.1295717508739678
411.5,epoch3_bilat,0.2,0.2,0.9596753720696368,0.3255966684153586,0.8640836738188068,5.0638174395394735,1.129432903844363
411.6,epoch3_bilat,0.2,0.2,0.9596657753159161,0.32558038858193783,0.863632837762694,5.0638662059427,1.129293868142513
411.7,epoch3_bilat,0.2,0.2,0.959656178658163,0.32556410956250875,0.8631836413183571,5.063914875332523,1.129154645389441
411.8,epoch3_bilat,0.2,0.2,0.9596465820963764,0.32554783135703064,0.862736078239958,5.063963447616154,1.12901523719856
411.9,epoch3_bilat,0.2,0.2,0.9596369856305554,0.3255315539654628,0.8622901423053738,5.064011922701789,1.1288756451757054
412.0,epoch3_bilat,0.2,0.2,0.9596273892606991,0.32551527738776453,0.8618458273161071,5.064060300498606,1.1287358709191648
412.1,epoch3_bilat,0.2,0.2,0.9596177929868065,0.32549900162389517,0.8614031270971966,5.064108580916762,1.1285959160197103
412.2,epoch3_bilat,0.2,0.2,0.9596081968088767,0.32548272667381395,0.8609620354971275,5.064156763867385,1.1284557820606282
412.3,epoch3_bilat,0.2,0.2,0.9595986007269086,0.32546645253748024,0.8605225463877427,5.0642048492625715,1.1283154706177503
412.4,epoch3_bilat,0.2,0.2,0.9595890047409014,0.32545017921485336,0.8600846536641547,5.06425283701538,1.1281749832594845
412.5,epoch3_bilat,0.2,0.2,0.9595794088508539,0.3254339067058926,0.8596483512446564,5.0643007270398295,1.1280343215468451
412.6,epoch3_bilat,0.2,0.2,0.9595698130567654,0.3254176350105573,0.8592136330706344,5.06434851925089,1.1278934870334836
412.7,epoch3_bilat,0.2,0.2,0.9595602173586348,0.32540136412880677,0.8587804931064803,5.064396213564483,1.1277524812657183
412.8,epoch3_bilat,0.2,0.2,0.9595506217564612,0.32538509406060034,0.8583489253395044,5.0644438098974724,1.1276113057825647
412.9,epoch3_bilat,0.2,0.2,0.9595410262502436,0.3253688248058973,0.857918923779848,5.064491308167665,1.127469962115766
413.0,epoch3_bilat,0.2,0.2,0.9595314308399812,0.325352556364657,0.8574904824603977,5.064538708293801,1.1273284517898223
413.1,epoch3_bilat,0.2,0.2,0.9595218355256727,0.32533628873683873,0.8570635954366983,5.064586010195552,1.127186776322021
413.2,epoch3_bilat,0.2,0.2,0.9595122403073174,0.3253200219224019,0.8566382567868673,5.064633213793517,1.1270449372224656
413.3,epoch3_bilat,0.2,0.2,0.9595026451849143,0.3253037559213058,0.8562144606115094,5.064680319009215,1.1269029359941063
413.4,epoch3_bilat,0.2,0.2,0.9594930501584625,0.3252874907335097,0.8557922010336311,5.064727325765083,1.1267607741327688
413.5,epoch3_bilat,0.2,0.2,0.959483455227961,0.32527122635897304,0.8553714721985556,5.064774233984473,1.1266184531271837
413.6,epoch3_bilat,0.2,0.2,0.9594738603934087,0.3252549627976551,0.8549522682738384,5.064821043591643,1.126475974459016
413.7,epoch3_bilat,0.2,0.2,0.9594642656548047,0.3252387000495152,0.8545345834491831,5.0648677545117575,1.1263333396028936
413.8,epoch3_bilat,0.2,0.2,0.9594546710121481,0.32522243811451274,0.8541184119363571,5.0649143666708785,1.1261905500264369
413.9,epoch3_bilat,0.2,0.2,0.959445076465438,0.325206176992607,0.8537037479691081,5.064960879995965,1.1260476071902872
414.0,epoch3_bilat,0.2,0.2,0.9594354820146733,0.3251899166837574,0.8532905858030808,5.065007294414866,1.1259045125481357
414.1,epoch3_bilat,0.2,0.2,0.9594258876598531,0.32517365718792324,0.8528789197157338,5.065053609856318,1.1257612675467525
414.2,epoch3_bilat,0.2,0.2,0.9594162934009766,0.32515739850506387,0.8524687440062568,5.065099826249939,1.125617873626014
414.3,epoch3_bilat,0.2,0.2,0.9594066992380426,0.3251411406351386,0.8520600529954886,5.0651459435262245,1.1254743322189327
414.4,epoch3_bilat,0.2,0.2,0.9593971051710501,0.32512488357810687,0.8516528410258343,5.065191961616546,1.1253306447516842
414.5,epoch3_bilat,0.2,0.2,0.9593875111999984,0.325108627333928,0.8512471024611842,5.065237880453142,1.1251868126436364
414.6,epoch3_bilat,0.2,0.2,0.9593779173248864,0.3250923719025613,0.850842831686832,5.065283699969117,1.1250428373073773
414.7,epoch3_bilat,0.2,0.2,0.9593683235457132,0.3250761172839662,0.8504400231093936,5.065329420098438,1.1248987201487426
414.8,epoch3_bilat,0.2,0.2,0.9593587298624777,0.325059863478102,0.8500386711567266,5.065375040775926,1.124754462566844
414.9,epoch3_bilat,0.2,0.2,0.9593491362751791,0.3250436104849281,0.8496387702778492,5.065420561937256,1.1246100659540967
415.0,epoch3_bilat,0.2,0.2,0.9593395427838164,0.3250273583044038,0.8492403149428605,5.065465983518951,1.1244655316962473
415.1,epoch3_bilat,0.2,0.2,0.9593299493883886,0.3250111069364886,0.8488432996428602,5.0655113054583785,1.1243208611724007
415.2,epoch3_bilat,0.2,0.2,0.9593203560888947,0.3249948563811418,0.8484477188898691,5.0655565276937455,1.1241760557550486
415.3,epoch3_bilat,0.2,0.2,0.9593107628853338,0.32497860663832273,0.8480535672167498,5.065601650164095,1.1240311168100958
415.4,epoch3_bilat,0.2,0.2,0.959301169777705,0.3249623577079908,0.8476608391771276,5.065646672809303,1.123886045696888
415.5,epoch3_bilat,0.2,0.2,0.9592915767660072,0.3249461095901054,0.847269529345312,5.06569159557007,1.1237408437682386
415.6,epoch3_bilat,0.2,0.2,0.9592819838502396,0.3249298622846259,0.8468796323162175,5.065736418387923,1.123595512370456
415.7,epoch3_bilat,0.2,0.2,0.9592723910304011,0.3249136157915117,0.8464911427052867,5.065781141205208,1.1234500528433702
415.8,epoch3_bilat,0.2,0.2,0.9592627983064907,0.3248973701107221,0.8461040551484112,5.065825763965085,1.1233044665203595
415.9,epoch3_bilat,0.2,0.2,0.9592532056785077,0.3248811252422166,0.8457183643018552,5.065870286611527,1.123158754728378
416.0,epoch3_bilat,0.2,0.2,0.9592436131464509,0.32486488118595447,0.8453340648421772,5.065914709089313,1.1230129187879807
416.1,epoch3_bilat,0.2,0.2,0.9592340207103195,0.32484863794189517,0.8449511514661538,5.065959031344026,1.1228669600133516
416.2,epoch3_bilat,0.2,0.2,0.9592244283701123,0.3248323955099981,0.8445696188907028,5.06600325332205,1.122720879712329
416.3,epoch3_bilat,0.2,0.2,0.9592148361258287,0.3248161538902226,0.8441894618528065,5.066047374970561,1.1225746791864317
416.4,epoch3_bilat,0.2,0.2,0.9592052439774674,0.3247999130825281,0.8438106751094363,5.066091396237528,1.1224283597308864
416.5,epoch3_bilat,0.2,0.2,0.9591956519250276,0.32478367308687395,0.8434332534374761,5.06613531707171,1.122281922634652
416.6,epoch3_bilat,0.2,0.2,0.9591860599685084,0.3247674339032196,0.8430571916336475,5.066179137422647,1.1221353691804472
416.7,epoch3_bilat,0.2,0.2,0.9591764681079087,0.32475119553152443,0.842682484514434,5.066222857240658,1.121988700644775
416.8,epoch3_bilat,0.2,0.2,0.9591668763432276,0.32473495797174784,0.8423091269160065,5.06626647647684,1.1218419182979495
416.9,epoch3_bilat,0.2,0.2,0.9591572846744642,0.32471872122384926,0.8419371136941484,5.066309995083061,1.121695023404121
417.0,epoch3_bilat,0.2,0.2,0.9591476931016174,0.32470248528778806,0.8415664397241813,5.0663534130119565,1.1215480172213013
417.1,epoch3_bilat,0.2,0.2,0.9591381016246864,0.32468625016352365,0.8411970999008911,5.066396730216928,1.12140090100139
417.2,epoch3_bilat,0.2,0.2,0.9591285102436702,0.32467001585101546,0.8408290891384537,5.066439946652135,1.121253675990199
417.3,epoch3_bilat,0.2,0.2,0.9591189189585677,0.3246537823502229,0.8404624023703617,5.066483062272496,1.1211063434274784
417.4,epoch3_bilat,0.2,0.2,0.9591093277693781,0.3246375496611054,0.8400970345493517,5.066526077033682,1.1209589045469415
417.5,epoch3_bilat,0.2,0.2,0.9590997366761004,0.32462131778362235,0.8397329806473303,5.066568990892112,1.120811360576289
417.6,epoch3_bilat,0.2,0.2,0.9590901456787336,0.3246050867177332,0.8393702356553021,5.06661180380495,1.1206637127372356
417.7,epoch3_bilat,0.2,0.2,0.9590805547772768,0.3245888564633973,0.8390087945832974,5.066654515730103,1.1205159622455334
417.8,epoch3_bilat,0.2,0.2,0.9590709639717291,0.32457262702057416,0.8386486524602993,5.066697126626215,1.1203681103109975
417.9,epoch3_bilat,0.2,0.2,0.9590613732620894,0.3245563983892231,0.8382898043341727,5.066739636452665,1.12022015813753
418.0,epoch3_bilat,0.2,0.2,0.9590517826483568,0.3245401705693037,0.8379322452715918,5.066782045169561,1.120072106923145
418.1,epoch3_bilat,0.2,0.2,0.9590421921305303,0.3245239435607752,0.8375759703579698,5.066824352737741,1.119923957859993
418.2,epoch3_bilat,0.2,0.2,0.959032601708609,0.3245077173635971,0.8372209746973871,5.066866559118761,1.1197757121343859
418.3,epoch3_bilat,0.2,0.2,0.9590230113825919,0.3244914919777289,0.8368672534125204,5.0669086642749015,1.1196273709268196
418.4,epoch3_bilat,0.2,0.2,0.9590134211524781,0.32447526740313004,0.836514801644573,5.066950668169156,1.1194789354119998
418.5,epoch3_bilat,0.2,0.2,0.9590038310182666,0.32445904363975986,0.8361636145532036,5.066992570765231,1.1193304067588656
418.6,epoch3_bilat,0.2,0.2,0.9589942409799564,0.32444282068757785,0.835813687316457,5.06703437202754,1.1191817861306133
418.7,epoch3_bilat,0.2,0.2,0.9589846510375466,0.3244265985465435,0.8354650151306938,5.067076071921205,1.1190330746847201
418.8,epoch3_bilat,0.2,0.2,0.9589750611910363,0.32441037721661614,0.8351175932105217,5.067117670412046,1.1188842735729687
418.9,epoch3_bilat,0.2,0.2,0.9589654714404243,0.3243941566977553,0.8347714167887255,5.067159167466584,1.1187353839414702
419.0,epoch3_bilat,0.2,0.2,0.9589558817857099,0.3243779369899204,0.8344264811161984,5.067200563052031,1.1185864069306881
419.1,epoch3_bilat,0.2,0.2,0.9589462922268921,0.3243617180930709,0.834082781461874,5.067241857136294,1.1184373436754618
419.2,epoch3_bilat,0.2,0.2,0.9589367027639698,0.3243455000071663,0.8337403131126568,5.067283049687962,1.1182881953050297
419.3,epoch3_bilat,0.2,0.2,0.9589271133969421,0.32432928273216594,0.833399071373355,5.0673241406763125,1.1181389629430531
419.4,epoch3_bilat,0.2,0.2,0.9589175241258082,0.3243130662680293,0.8330590515666118,5.067365130071302,1.1179896477076394
419.5,epoch3_bilat,0.2,0.2,0.9589079349505669,0.3242968506147159,0.8327202490328381,5.067406017843562,1.1178402507113645
419.6,epoch3_bilat,0.2,0.2,0.9588983458712174,0.3242806357721852,0.8323826591301458,5.0674468039644,1.1176907730612968
419.7,epoch3_bilat,0.2,0.2,0.9588887568877587,0.3242644217403966,0.8320462772342793,5.067487488405793,1.1175412158590194
419.8,epoch3_bilat,0.2,0.2,0.9588791680001898,0.3242482085193096,0.8317110987385496,5.067528071140383,1.1173915802006535
419.9,epoch3_bilat,0.2,0.2,0.9588695792085098,0.3242319961088836,0.8313771190537678,5.067568552141475,1.1172418671768813
420.0,epoch3_bilat,0.2,0.2,0.9588599905127178,0.3242157845090781,0.8310443336081779,5.067608931383036,1.117092077872968
420.1,epoch3_bilat,0.2,0.2,0.9588504019128127,0.32419957371985264,0.8307127378473913,5.067649208839689,1.1169422133687852
420.2,epoch3_bilat,0.2,0.2,0.9588408134087936,0.32418336374116663,0.8303823272343209,5.067689384486707,1.1167922747388326
420.3,epoch3_bilat,0.2,0.2,0.9588312250006594,0.32416715457297957,0.8300530972491155,5.0677294583000165,1.1166422630522614
420.4,epoch3_bilat,0.2,0.2,0.9588216366884095,0.3241509462152509,0.8297250433890938,5.067769430256188,1.1164921793728961
420.5,epoch3_bilat,0.2,0.2,0.9588120484720426,0.3241347386679402,0.8293981611686805,5.067809300332436,1.1163420247592566
420.6,epoch3_bilat,0.2,0.2,0.9588024603515579,0.32411853193100676,0.8290724461193401,5.0678490685066135,1.1161918002645805
420.7,epoch3_bilat,0.2,0.2,0.9587928723269544,0.3241023260044102,0.8287478937895132,5.0678887347572115,1.1160415069368457
420.8,epoch3_bilat,0.2,0.2,0.9587832843982311,0.32408612088810995,0.8284244997445519,5.067928299063353,1.1158911458187915
420.9,epoch3_bilat,0.2,0.2,0.9587736965653871,0.3240699165820655,0.8281022595666555,5.067967761404791,1.1157407179479413
421.0,epoch3_bilat,0.2,0.2,0.9587641088284214,0.32405371308623643,0.8277811688548066,5.068007121761905,1.115590224356624
421.1,epoch3_bilat,0.2,0.2,0.9587545211873332,0.3240375104005821,0.8274612232247075,5.068046380115698,1.115439666071996
421.2,epoch3_bilat,0.2,0.2,0.9587449336421213,0.32402130852506206,0.8271424183087172,5.068085536447793,1.1152890441160623
421.3,epoch3_bilat,0.2,0.2,0.9587353461927849,0.3240051074596358,0.8268247497557873,5.06812459074043,1.1151383595056987
421.4,epoch3_bilat,0.2,0.2,0.958725758839323,0.3239889072042628,0.8265082132314002,5.068163542976462,1.114987613252673
421.5,epoch3_bilat,0.2,0.2,0.9587161715817346,0.32397270775890263,0.8261928044175054,5.068202393139354,1.1148368063636667
421.6,epoch3_bilat,0.2,0.2,0.9587065844200188,0.3239565091235147,0.8258785190124577,5.068241141213178,1.1146859398402955
421.7,epoch3_bilat,0.2,0.2,0.9586969973541746,0.3239403112980585,0.8255653527309545,5.0682797871826075,1.1145350146791315
421.8,epoch3_bilat,0.2,0.2,0.958687410384201,0.3239241142824936,0.8252533013039746,5.06831833103292,1.1143840318717237
421.9,epoch3_bilat,0.2,0.2,0.9586778235100972,0.3239079180767795,0.8249423604787154,5.06835677274999,1.1142329924046197
422.0,epoch3_bilat,0.2,0.2,0.9586682367318621,0.3238917226808756,0.8246325260185322,5.068395112320287,1.1140818972593856
422.1,epoch3_bilat,0.2,0.2,0.9586586500494948,0.32387552809474157,0.8243237937028766,5.068433349730872,1.113930747412628
422.2,epoch3_bilat,0.2,0.2,0.9586490634629943,0.32385933431833686,0.8240161593272354,5.068471484969392,1.1137795438360145
422.3,epoch3_bilat,0.2,0.2,0.9586394769723596,0.32384314135162096,0.82370961870307,5.068509518024086,1.1136282874962937
422.4,epoch3_bilat,0.2,0.2,0.9586298905775898,0.32382694919455335,0.8234041676577557,5.068547448883767,1.113476979355317
422.5,epoch3_bilat,0.2,0.2,0.958620304278684,0.3238107578470936,0.8230998020345213,5.068585277537835,1.1133256203700583
422.6,epoch3_bilat,0.2,0.2,0.9586107180756412,0.32379456730920125,0.8227965176923888,5.068623003976261,1.113174211492635
422.7,epoch3_bilat,0.2,0.2,0.9586011319684605,0.3237783775808358,0.8224943105061141,5.068660628189591,1.1130227536703283
422.8,epoch3_bilat,0.2,0.2,0.9585915459571408,0.3237621886619567,0.8221931763661267,5.068698150168943,1.112871247845603
422.9,epoch3_bilat,0.2,0.2,0.9585819600416813,0.3237460005525236,0.8218931111784704,5.068735569906,1.1127196949561289
423.0,epoch3_bilat,0.2,0.2,0.9585723742220809,0.323729813252496,0.8215941108647444,5.068772887393009,1.1125680959347994
423.1,epoch3_bilat,0.2,0.2,0.9585627884983386,0.32371362676183335,0.8212961713620439,5.06881010262278,1.112416451709753
423.2,epoch3_bilat,0.2,0.2,0.9585532028704536,0.32369744108049525,0.8209992886229015,5.06884721558868,1.1122647632043925
423.3,epoch3_bilat,0.2,0.2,0.958543617338425,0.32368125620844124,0.8207034586152288,5.068884226284633,1.1121130313374052
423.4,epoch3_bilat,0.2,0.2,0.9585340319022516,0.32366507214563084,0.8204086773222578,5.068921134705114,1.1119612570227828
423.5,epoch3_bilat,0.2,0.2,0.9585244465619326,0.32364888889202353,0.8201149407424828,5.068957940845148,1.1118094411698412
423.6,epoch3_bilat,0.2,0.2,0.958514861317467,0.3236327064475789,0.8198222448896029,5.068994644700306,1.1116575846832395
423.7,epoch3_bilat,0.2,0.2,0.9585052761688538,0.32361652481225656,0.8195305857924639,5.069031246266703,1.1115056884630008
423.8,epoch3_bilat,0.2,0.2,0.9584956911160921,0.32360034398601595,0.8192399594950008,5.069067745540995,1.1113537534045308
423.9,epoch3_bilat,0.2,0.2,0.958486106159181,0.3235841639688167,0.8189503620561813,5.069104142520375,1.1112017803986376
424.0,epoch3_bilat,0.2,0.2,0.9584765212981193,0.3235679847606182,0.8186617895499478,5.069140437202574,1.1110497703315512
424.1,epoch3_bilat,0.2,0.2,0.9584669365329064,0.3235518063613802,0.8183742380651613,5.069176629585852,1.1108977240849425
424.2,epoch3_bilat,0.2,0.2,0.9584573518635411,0.3235356287710621,0.8180877037055443,5.0692127196689984,1.1107456425359428
424.3,epoch3_bilat,0.2,0.2,0.9584477672900225,0.32351945198962356,0.817802182589625,5.069248707451331,1.110593526557163
424.4,epoch3_bilat,0.2,0.2,0.9584381828123496,0.32350327601702406,0.8175176708506808,5.069284592932691,1.110441377016712
424.5,epoch3_bilat,0.2,0.2,0.9584285984305215,0.3234871008532232,0.8172341646366824,5.069320376113439,1.110289194778217
424.6,epoch3_bilat,0.2,0.2,0.9584190141445372,0.32347092649818054,0.8169516601102379,5.069356056994455,1.1101369807008408
424.7,epoch3_bilat,0.2,0.2,0.9584094299543958,0.32345475295185566,0.8166701534485377,5.0693916355771345,1.1099847356393022
424.8,epoch3_bilat,0.2,0.2,0.9583998458600963,0.32343858021420807,0.8163896408432988,5.0694271118633845,1.1098324604438938
424.9,epoch3_bilat,0.2,0.2,0.9583902618616377,0.32342240828519736,0.81611011850071,5.069462485855622,1.109680155960501
425.0,epoch3_bilat,0.2,0.2,0.958380677959019,0.3234062371647831,0.8158315826413768,5.069497757556772,1.1095278230306203
425.1,epoch3_bilat,0.2,0.2,0.9583710941522394,0.3233900668529249,0.8155540295002667,5.069532926970263,1.1093754624913787
425.2,epoch3_bilat,0.2,0.2,0.9583615104412979,0.3233738973495822,0.8152774553266547,5.069567994100025,1.1092230751755516
425.3,epoch3_bilat,0.2,0.2,0.9583519268261935,0.32335772865471474,0.8150018563840696,5.069602958950487,1.1090706619115809
425.4,epoch3_bilat,0.2,0.2,0.9583423433069252,0.323341560768282,0.8147272289502391,5.069637821526574,1.1089182235235937
425.5,epoch3_bilat,0.2,0.2,0.9583327598834922,0.3233253936902436,0.8144535693170363,5.069672581833705,1.108765760831421
425.6,epoch3_bilat,0.2,0.2,0.9583231765558934,0.32330922742055906,0.8141808737904261,5.069707239877791,1.108613274650615
425.7,epoch3_bilat,0.2,0.2,0.9583135933241278,0.32329306195918805,0.813909138690412,5.0697417956652275,1.108460765792468
425.8,epoch3_bilat,0.2,0.2,0.9583040101881946,0.3232768973060901,0.8136383603509822,5.069776249202899,1.10830823506403
425.9,epoch3_bilat,0.2,0.2,0.9582944271480927,0.3232607334612248,0.8133685351200571,5.0698106004981724,1.1081556832681267
426.0,epoch3_bilat,0.2,0.2,0.9582848442038212,0.32324457042455174,0.8130996593594363,5.069844849558893,1.1080031112033775
426.1,epoch3_bilat,0.2,0.2,0.9582752613553792,0.3232284081960305,0.8128317294447457,5.069878996393385,1.1078505196642132
426.2,epoch3_bilat,0.2,0.2,0.9582656786027657,0.3232122467756207,0.8125647417653855,5.069913041010447,1.1076979094408943
426.3,epoch3_bilat,0.2,0.2,0.9582560959459796,0.32319608616328194,0.8122986927244777,5.069946983419351,1.1075452813195281
426.4,epoch3_bilat,0.2,0.2,0.9582465133850201,0.32317992635897375,0.8120335787388142,5.069980823629837,1.1073926360820863
426.5,epoch3_bilat,0.2,0.2,0.9582369309198863,0.3231637673626558,0.8117693962388045,5.070014561652115,1.107239974506423
426.6,epoch3_bilat,0.2,0.2,0.9582273485505771,0.32314760917428764,0.8115061416684247,5.070048197496856,1.1070872973662917
426.7,epoch3_bilat,0.2,0.2,0.9582177662770917,0.3231314517938289,0.8112438114851657,5.070081731175197,1.1069346054313633
426.8,epoch3_bilat,0.2,0.2,0.9582081840994289,0.3231152952212392,0.8109824021599816,5.070115162698731,1.1067818994672427
426.9,epoch3_bilat,0.2,0.2,0.9581986020175879,0.32309913945647817,0.8107219101772395,5.070148492079512,1.1066291802354868
427.0,epoch3_bilat,0.2,0.2,0.9581890200315677,0.32308298449950534,0.8104623320346678,5.070181719330044,1.1064764484936214
427.1,epoch3_bilat,0.2,0.2,0.9581794381413674,0.3230668303502804,0.8102036642433059,5.070214844463287,1.1063237049951578
427.2,epoch3_bilat,0.2,0.2,0.958169856346986,0.3230506770087629,0.8099459033274536,5.070247867492648,1.106170950489611
427.3,epoch3_bilat,0.2,0.2,0.9581602746484226,0.32303452447491243,0.8096890458246211,5.070280788431981,1.1060181857225158
427.4,epoch3_bilat,0.2,0.2,0.9581506930456761,0.32301837274868866,0.8094330882854782,5.070313607295588,1.1058654114354443
427.5,epoch3_bilat,0.2,0.2,0.9581411115387457,0.32300222183005123,0.8091780272738051,5.0703463240982085,1.105712628366022
427.6,epoch3_bilat,0.2,0.2,0.9581315301276303,0.3229860717189597,0.8089238593664423,5.070378938855024,1.1055598372479454
427.7,epoch3_bilat,0.2,0.2,0.958121948812329,0.32296992241537376,0.8086705811532411,5.070411451581653,1.1054070388109987
427.8,epoch3_bilat,0.2,0.2,0.9581123675928409,0.322953773919253,0.8084181892370145,5.070443862294148,1.1052542337810698
427.9,epoch3_bilat,0.2,0.2,0.958102786469165,0.32293762623055705,0.8081666802334875,5.070476171008995,1.1051014228801674
428.0,epoch3_bilat,0.2,0.2,0.9580932054413003,0.32292147934924553,0.8079160507712486,5.070508377743109,1.1049486068264376
428.1,epoch3_bilat,0.2,0.2,0.9580836245092459,0.3229053332752781,0.8076662974917009,5.070540482513833,1.10479578633418
428.2,epoch3_bilat,0.2,0.2,0.9580740436730008,0.3228891880086143,0.8074174170490135,5.070572485338934,1.1046429621138645
428.3,epoch3_bilat,0.2,0.2,0.958064462932564,0.32287304354921387,0.8071694061100727,5.070604386236604,1.1044901348721474
428.4,epoch3_bilat,0.2,0.2,0.9580548822879347,0.3228568998970364,0.8069222613544343,5.070636185225453,1.1043373053118877
428.5,epoch3_bilat,0.2,0.2,0.9580453017391118,0.32284075705204157,0.8066759794742754,5.070667882324511,1.1041844741321634
428.6,epoch3_bilat,0.2,0.2,0.9580357212860945,0.32282461501418896,0.8064305571743461,5.07069947755322,1.1040316420282874
428.7,epoch3_bilat,0.2,0.2,0.9580261409288816,0.32280847378343824,0.8061859911719224,5.070730970931441,1.1038788096918242
428.8,epoch3_bilat,0.2,0.2,0.9580165606674723,0.32279233335974905,0.8059422781967583,5.070762362479441,1.103725977810605
428.9,epoch3_bilat,0.2,0.2,0.9580069805018656,0.3227761937430811,0.8056994149910388,5.0707936522178985,1.1035731470687447
429.0,epoch3_bilat,0.2,0.2,0.9579974004320606,0.32276005493339394,0.8054573983093323,5.070824840167897,1.1034203181466566
429.1,epoch3_bilat,0.2,0.2,0.9579878204580563,0.32274391693064725,0.8052162249185437,5.070855926350924,1.1032674917210696
429.2,epoch3_bilat,0.2,0.2,0.9579782405798517,0.3227277797348007,0.8049758915978683,5.07088691078887,1.1031146684650428
429.3,epoch3_bilat,0.2,0.2,0.9579686607974459,0.322711643345814,0.8047363951387442,5.070917793504023,1.1029618490479813
429.4,epoch3_bilat,0.2,0.2,0.9579590811108379,0.3226955077636467,0.8044977323448063,5.07094857451907,1.102809034135653
429.5,epoch3_bilat,0.2,0.2,0.9579495015200268,0.3226793729882585,0.8042599000318402,5.070979253857092,1.1026562243902027
429.6,epoch3_bilat,0.2,0.2,0.9579399220250115,0.3226632390196091,0.8040228950277359,5.071009831541563,1.1025034204701687
429.7,epoch3_bilat,0.2,0.2,0.9579303426257912,0.3226471058576581,0.8037867141724419,5.071040307596347,1.1023506230304974
429.8,epoch3_bilat,0.2,0.2,0.957920763322365,0.3226309735023652,0.8035513543179192,5.071070682045696,1.1021978327225594
429.9,epoch3_bilat,0.2,0.2,0.9579111841147318,0.32261484195369006,0.8033168123280966,5.071100954914249,1.1020450501941648
430.0,epoch3_bilat,0.2,0.2,0.9579016050028906,0.3225987112115924,0.8030830850788241,5.071131126227029,1.1018922760895777
430.1,epoch3_bilat,0.2,0.2,0.9578920259868405,0.3225825812760318,0.8028501694578285,5.071161196009439,1.1017395110495323
430.2,epoch3_bilat,0.2,0.2,0.9578824470665807,0.322566452146968,0.8026180623646682,5.071191164287262,1.1015867557112473
430.3,epoch3_bilat,0.2,0.2,0.95787286824211,0.32255032382436066,0.802386760710688,5.071221031086658,1.101434010708442
430.4,epoch3_bilat,0.2,0.2,0.9578632895134276,0.32253419630816943,0.802156261418975,5.071250796434163,1.10128127667135
430.5,epoch3_bilat,0.2,0.2,0.9578537108805325,0.322518069598354,0.8019265614243133,5.071280460356684,1.1011285542267355
430.6,epoch3_bilat,0.2,0.2,0.9578441323434237,0.32250194369487406,0.8016976576731402,5.071310022881501,1.1009758439979072
430.7,epoch3_bilat,0.2,0.2,0.9578345539021003,0.3224858185976893,0.8014695471235016,5.071339484036261,1.1008231466047336
430.8,epoch3_bilat,0.2,0.2,0.9578249755565612,0.3224696943067594,0.8012422267450084,5.071368843848977,1.1006704626636579
430.9,epoch3_bilat,0.2,0.2,0.9578153973068056,0.32245357082204407,0.8010156935187923,5.071398102348028,1.1005177927877123
431.0,epoch3_bilat,0.2,0.2,0.9578058191528326,0.32243744814350295,0.8007899444374621,5.071427259562154,1.100365137586533
431.1,epoch3_bilat,0.2,0.2,0.957796241094641,0.32242132627109577,0.8005649765050602,5.071456315520455,1.1002124976663752
431.2,epoch3_bilat,0.2,0.2,0.95778666313223,0.3224052052047822,0.8003407867370195,5.0714852702523885,1.1000598736301264
431.3,epoch3_bilat,0.2,0.2,0.9577770852655987,0.32238908494452195,0.8001173721601196,5.071514123787769,1.0999072660773221
431.4,epoch3_bilat,0.2,0.2,0.957767507494746,0.3223729654902747,0.7998947298124444,5.071542876156764,1.09975467560416
431.5,epoch3_bilat,0.2,0.2,0.9577579298196711,0.3223568468420002,0.7996728567433388,5.071571527389893,1.0996021028035141
431.6,epoch3_bilat,0.2,0.2,0.9577483522403729,0.3223407289996581,0.799451750013366,5.071600077518025,1.0994495482649491
431.7,epoch3_bilat,0.2,0.2,0.9577387747568505,0.3223246119632081,0.7992314066942652,5.071628526572376,1.0992970125747348
431.8,epoch3_bilat,0.2,0.2,0.957729197369103,0.32230849573260995,0.7990118238689089,5.07165687458451,1.0991444963158603
431.9,epoch3_bilat,0.2,0.2,0.9577196200771293,0.3222923803078233,0.7987929986312609,5.07168512158633,1.098992000068048
432.0,epoch3_bilat,0.2,0.2,0.9577100428809285,0.3222762656888079,0.7985749280863339,5.071713267610084,1.0988395244077676
432.1,epoch3_bilat,0.2,0.2,0.9577004657804997,0.3222601518755235,0.7983576093501481,5.071741312688359,1.0986870699082507
432.2,epoch3_bilat,0.2,0.2,0.957690888775842,0.3222440388679297,0.798141039549689,5.071769256854078,1.0985346371395042
432.3,epoch3_bilat,0.2,0.2,0.9576813118669542,0.32222792666598626,0.7979252158228658,5.071797100140501,1.0983822266683245
432.4,epoch3_bilat,0.2,0.2,0.9576717350538355,0.322211815269653,0.7977101353184703,5.071824842581221,1.0982298390583114
432.5,epoch3_bilat,0.2,0.2,0.9576621583364849,0.32219570467888947,0.7974957951961354,5.0718524842101615,1.0980774748698818
432.6,epoch3_bilat,0.2,0.2,0.9576525817149015,0.32217959489365555,0.797282192626294,5.071880025061576,1.0979251346602836
432.7,epoch3_bilat,0.2,0.2,0.9576430051890844,0.32216348591391086,0.7970693247901376,5.071907465170046,1.0977728189836091
432.8,epoch3_bilat,0.2,0.2,0.9576334287590326,0.32214737773961516,0.7968571888795765,5.0719348045704775,1.0976205283908091
432.9,epoch3_bilat,0.2,0.2,0.957623852424745,0.3221312703707282,0.796645782097198,5.071962043298101,1.0974682634297064
433.0,epoch3_bilat,0.2,0.2,0.9576142761862207,0.32211516380720967,0.7964351016562269,5.071989181388469,1.0973160246450089
433.1,epoch3_bilat,0.2,0.2,0.9576047000434589,0.3220990580490193,0.7962251447804842,5.072016218877453,1.0971638125783234
433.2,epoch3_bilat,0.2,0.2,0.9575951239964584,0.32208295309611684,0.7960159087043477,5.072043155801242,1.0970116277681696
433.3,epoch3_bilat,0.2,0.2,0.9575855480452184,0.32206684894846205,0.7958073906727113,5.072069992196341,1.0968594707499923
433.4,epoch3_bilat,0.2,0.2,0.957575972189738,0.3220507456060146,0.7955995879409457,5.07209672809957,1.096707342056176
433.5,epoch3_bilat,0.2,0.2,0.9575663964300161,0.3220346430687343,0.795392497774858,5.07212336354806,1.096555242216057
433.6,epoch3_bilat,0.2,0.2,0.9575568207660518,0.32201854133658087,0.7951861174506528,5.0721498985792515,1.0964031717559373
433.7,epoch3_bilat,0.2,0.2,0.9575472451978441,0.32200244040951403,0.7949804442548923,5.072176333230896,1.0962511311990981
433.8,epoch3_bilat,0.2,0.2,0.9575376697253921,0.32198634028749357,0.794775475484457,5.072202667541048,1.096099121065812
433.9,epoch3_bilat,0.2,0.2,0.9575280943486949,0.3219702409704792,0.7945712084465069,5.07222890154807,1.0959471418733566
434.0,epoch3_bilat,0.2,0.2,0.9575185190677514,0.3219541424584307,0.7943676404584419,5.072255035290624,1.095795194136028
434.1,epoch3_bilat,0.2,0.2,0.9575089438825608,0.3219380447513078,0.7941647688478636,5.0722810688076745,1.0956432783651524
434.2,epoch3_bilat,0.2,0.2,0.957499368793122,0.3219219478490702,0.7939625909525363,5.072307002138485,1.0954913950691003
434.3,epoch3_bilat,0.2,0.2,0.9574897937994341,0.32190585175167774,0.7937611041203483,5.072332835322617,1.095339544753299
434.4,epoch3_bilat,0.2,0.2,0.9574802189014961,0.3218897564590902,0.7935603057092737,5.072358568399924,1.095187727920245
434.5,epoch3_bilat,0.2,0.2,0.9574706440993072,0.3218736619712672,0.7933601930873342,5.072384201410557,1.0950359450695173
434.6,epoch3_bilat,0.2,0.2,0.9574610693928661,0.32185756828816864,0.7931607636325606,5.072409734394957,1.0948841966977898
434.7,epoch3_bilat,0.2,0.2,0.9574514947821722,0.3218414754097542,0.7929620147329552,5.072435167393854,1.0947324832988439
434.8,epoch3_bilat,0.2,0.2,0.9574419202672243,0.3218253833359837,0.792763943786454,5.072460500448267,1.0945808053635813
434.9,epoch3_bilat,0.2,0.2,0.9574323458480216,0.3218092920668169,0.7925665482008885,5.072485733599502,1.0944291633800367
435.0,epoch3_bilat,0.2,0.2,0.9574227715245631,0.3217932016022136,0.7923698253939486,5.07251086688915,1.0942775578333899
435.1,epoch3_bilat,0.2,0.2,0.9574131972968479,0.3217771119421335,0.7921737727931454,5.072535900359082,1.0941259892059783
435.2,epoch3_bilat,0.2,0.2,0.9574036231648749,0.32176102308653637,0.7919783878357732,5.072560834051452,1.0939744579773096
435.3,epoch3_bilat,0.2,0.2,0.9573940491286432,0.32174493503538204,0.7917836679688732,5.072585668008694,1.0938229646240742
435.4,epoch3_bilat,0.2,0.2,0.957384475188152,0.32172884778863026,0.7915896106491959,5.072610402273518,1.093671509620157
435.5,epoch3_bilat,0.2,0.2,0.9573749013434001,0.3217127613462408,0.7913962133431645,5.072635036888911,1.09352009343665
435.6,epoch3_bilat,0.2,0.2,0.9573653275943866,0.3216966757081735,0.7912034735268381,5.072659571898132,1.0933687165418646
435.7,epoch3_bilat,0.2,0.2,0.9573557539411107,0.3216805908743881,0.7910113886858755,5.072684007344716,1.0932173794013436
435.8,epoch3_bilat,0.2,0.2,0.9573461803835713,0.3216645068448444,0.7908199563154983,5.072708343272464,1.0930660824778733
435.9,epoch3_bilat,0.2,0.2,0.9573366069217675,0.32164842361950213,0.7906291739204548,5.07273257972545,1.0929148262314956
436.0,epoch3_bilat,0.2,0.2,0.9573270335556983,0.3216323411983212,0.790439039014984,5.072756716748013,1.09276361111952
436.1,epoch3_bilat,0.2,0.2,0.9573174602853627,0.3216162595812613,0.7902495491227794,5.072780754384757,1.0926124375965358
436.2,epoch3_bilat,0.2,0.2,0.9573078871107599,0.32160017876828223,0.7900607017769532,5.072804692680553,1.0924613061144233
436.3,epoch3_bilat,0.2,0.2,0.9572983140318888,0.3215840987593438,0.7898724945200004,5.072828531680529,1.0923102171223666
436.4,epoch3_bilat,0.2,0.2,0.9572887410487485,0.32156801955440584,0.7896849249037636,5.072852271430079,1.092159171066865
436.5,epoch3_bilat,0.2,0.2,0.9572791681613381,0.3215519411534281,0.7894979904893972,5.072875911974853,1.0920081683917442
436.6,epoch3_bilat,0.2,0.2,0.9572695953696565,0.3215358635563704,0.7893116888473318,5.072899453360757,1.0918572095381691
436.7,epoch3_bilat,0.2,0.2,0.9572600226737028,0.3215197867631926,0.7891260175572399,5.072922895633956,1.091706294944655
436.8,epoch3_bilat,0.2,0.2,0.9572504500734761,0.3215037107738544,0.7889409742079999,5.072946238840865,1.091555425047079
436.9,epoch3_bilat,0.2,0.2,0.9572408775689754,0.3214876355883157,0.7887565563976616,5.072969483028155,1.0914046002786915
437.0,epoch3_bilat,0.2,0.2,0.9572313051601997,0.3214715612065363,0.7885727617334115,5.072992628242744,1.0912538210701286
437.1,epoch3_bilat,0.2,0.2,0.9572217328471481,0.321455487628476,0.7883895878315378,5.073015674531802,1.0911030878494228
437.2,epoch3_bilat,0.2,0.2,0.9572121606298196,0.32143941485409455,0.7882070323173961,5.073038621942744,1.0909524010420144
437.3,epoch3_bilat,0.2,0.2,0.9572025885082133,0.32142334288335184,0.7880250928253749,5.073061470523233,1.0908017610707634
437.4,epoch3_bilat,0.2,0.2,0.9571930164823282,0.32140727171620764,0.7878437669988615,5.073084220321174,1.0906511683559605
437.5,epoch3_bilat,0.2,0.2,0.9571834445521634,0.32139120135262184,0.7876630524902075,5.0731068713847165,1.0905006233153387
437.6,epoch3_bilat,0.2,0.2,0.9571738727177179,0.3213751317925542,0.7874829469606952,5.07312942376225,1.0903501263640842
437.7,epoch3_bilat,0.2,0.2,0.9571643009789907,0.3213590630359646,0.7873034480805033,5.073151877502403,1.090199677914848
437.8,epoch3_bilat,0.2,0.2,0.957154729335981,0.32134299508281283,0.7871245535286735,5.073174232654043,1.0900492783777564
437.9,epoch3_bilat,0.2,0.2,0.9571451577886877,0.32132692793305867,0.7869462609930766,5.073196489266274,1.0898989281604234
438.0,epoch3_bilat,0.2,0.2,0.9571355863371098,0.321310861586662,0.7867685681703792,5.073218647388432,1.0897486276679604
438.1,epoch3_bilat,0.2,0.2,0.9571260149812465,0.3212947960435827,0.7865914727660102,5.073240707070091,1.089598377302988
438.2,epoch3_bilat,0.2,0.2,0.9571164437210967,0.3212787313037805,0.7864149724941275,5.073262668361051,1.0894481774656468
438.3,epoch3_bilat,0.2,0.2,0.9571068725566595,0.3212626673672153,0.7862390650775851,5.073284531311346,1.0892980285536085
438.4,epoch3_bilat,0.2,0.2,0.9570973014879339,0.32124660423384693,0.7860637482478999,5.073306295971238,1.0891479309620864
438.5,epoch3_bilat,0.2,0.2,0.957087730514919,0.32123054190363526,0.785889019745219,5.073327962391216,1.0889978850838469
438.6,epoch3_bilat,0.2,0.2,0.9570781596376139,0.3212144803765401,0.7857148773182865,5.073349530621995,1.0888478913092199
438.7,epoch3_bilat,0.2,0.2,0.9570685888560175,0.32119841965252127,0.7855413187244116,5.073371000714511,1.0886979500261094
438.8,epoch3_bilat,0.2,0.2,0.957059018170129,0.32118235973153864,0.7853683417294355,5.073392372719926,1.0885480616200047
438.9,epoch3_bilat,0.2,0.2,0.9570494475799473,0.32116630061355206,0.7851959441076993,5.073413646689622,1.0883982264739909
439.0,epoch3_bilat,0.2,0.2,0.9570398770854714,0.3211502422985214,0.7850241236420118,5.073434822675201,1.0882484449687593
439.1,epoch3_bilat,0.2,0.2,0.9570303066867006,0.3211341847864065,0.7848528781236169,5.073455900728481,1.0880987174826184
439.2,epoch3_bilat,0.2,0.2,0.9570207363836337,0.32111812807716716,0.7846822053521623,5.0734768809015,1.0879490443915043
439.3,epoch3_bilat,0.2,0.2,0.9570111661762699,0.3211020721707633,0.7845121031356669,5.0734977632465075,1.0877994260689912
439.4,epoch3_bilat,0.2,0.2,0.9570015960646081,0.3210860170671548,0.7843425692904897,5.07351854781597,1.0876498628863016
439.5,epoch3_bilat,0.2,0.2,0.9569920260486474,0.3210699627663014,0.7841736016412978,5.073539234662565,1.0875003552123175
439.6,epoch3_bilat,0.2,0.2,0.956982456128387,0.3210539092681631,0.7840051980210346,5.0735598238391795,1.0873509034135898
439.7,epoch3_bilat,0.2,0.2,0.9569728863038257,0.3210378565726997,0.783837356270889,5.073580315398911,1.0872015078543493
439.8,epoch3_bilat,0.2,0.2,0.9569633165749627,0.321021804679871,0.7836700742402637,5.073600709395065,1.0870521688965171
439.9,epoch3_bilat,0.2,0.2,0.9569537469417969,0.321005753589637,0.7835033497867441,5.073621005881154,1.0869028868997146
440.0,epoch3_bilat,0.2,0.2,0.9569441774043275,0.32098970330195753,0.7833371807760672,5.073641204910895,1.0867536622212735
440.1,epoch3_bilat,0.2,0.2,0.9569346079625535,0.32097365381679244,0.783171565082091,5.073661306538207,1.0866044952162461
440.2,epoch3_bilat,0.2,0.2,0.9569250386164738,0.3209576051341016,0.7830065005867631,5.073681310817214,1.0864553862374162
440.3,epoch3_bilat,0.2,0.2,0.9569154693660876,0.3209415572538449,0.7828419851800906,5.07370121780224,1.086306335635308
440.4,epoch3_bilat,0.2,0.2,0.956905900211394,0.3209255101759822,0.7826780167601092,5.0737210275478075,1.086157343758197
440.5,epoch3_bilat,0.2,0.2,0.9568963311523919,0.3209094639004734,0.7825145932328526,5.073740740108637,1.08600841095212
440.6,epoch3_bilat,0.2,0.2,0.9568867621890804,0.3208934184272784,0.7823517125123223,5.0737603555396475,1.0858595375608844
440.7,epoch3_bilat,0.2,0.2,0.9568771933214585,0.32087737375635705,0.7821893725204576,5.073779873895952,1.0857107239260786
440.8,epoch3_bilat,0.2,0.2,0.9568676245495252,0.32086132988766924,0.7820275711871052,5.073799295232857,1.0855619703870822
440.9,epoch3_bilat,0.2,0.2,0.9568580558732798,0.32084528682117486,0.781866306449989,5.073818619605863,1.0854132772810756
441.0,epoch3_bilat,0.2,0.2,0.956848487292721,0.3208292445568338,0.7817055762546807,5.07383784707066,1.0852646449430494
441.1,epoch3_bilat,0.2,0.2,0.9568389188078481,0.320813203094606,0.7815453785545698,5.073856977683128,1.0851160737058148
441.2,epoch3_bilat,0.2,0.2,0.95682935041866,0.3207971624344513,0.7813857113108337,5.073876011499339,1.084967563900013
441.3,epoch3_bilat,0.2,0.2,0.9568197821251558,0.32078112257632957,0.7812265724924083,5.073894948575546,1.084819115854125
441.4,epoch3_bilat,0.2,0.2,0.9568102139273346,0.3207650835202008,0.781067960075959,5.073913788968194,1.0846707298944813
441.5,epoch3_bilat,0.2,0.2,0.9568006458251953,0.32074904526602477,0.7809098720458505,5.073932532733908,1.0845224063452714
441.6,epoch3_bilat,0.2,0.2,0.9567910778187371,0.32073300781376146,0.7807523063941182,5.073951179929498,1.0843741455285538
441.7,epoch3_bilat,0.2,0.2,0.9567815099079588,0.3207169711633708,0.780595261120439,5.073969730611957,1.0842259477642646
441.8,epoch3_bilat,0.2,0.2,0.9567719420928598,0.3207009353148126,0.7804387342321022,5.073988184838456,1.0840778133702282
441.9,epoch3_bilat,0.2,0.2,0.9567623743734388,0.32068490026804686,0.7802827237439806,5.074006542666347,1.083929742662166
442.0,epoch3_bilat,0.2,0.2,0.9567528067496951,0.32066886602303346,0.7801272276785016,5.074024804153161,1.0837817359537059
442.1,epoch3_bilat,0.2,0.2,0.9567432392216276,0.3206528325797323,0.779972244065619,5.0740429693566025,1.0836337935563918
442.2,epoch3_bilat,0.2,0.2,0.9567336717892354,0.32063679993810335,0.779817770942784,5.074061038334554,1.0834859157796932
442.3,epoch3_bilat,0.2,0.2,0.9567241044525175,0.3206207680981064,0.7796638063549167,5.07407901114507,1.0833381029310143
442.4,epoch3_bilat,0.2,0.2,0.956714537211473,0.3206047370597015,0.779510348354378,5.07409688784638,1.083190355315703
442.5,epoch3_bilat,0.2,0.2,0.9567049700661009,0.3205887068228485,0.7793573950009415,5.074114668496885,1.0830426732370604
442.6,epoch3_bilat,0.2,0.2,0.9566954030164002,0.3205726773875074,0.7792049443617648,5.0741323531551545,1.0828950569963505
442.7,epoch3_bilat,0.2,0.2,0.95668583606237,0.320556648753638,0.7790529945113619,5.074149941879928,1.0827475068928083
442.8,epoch3_bilat,0.2,0.2,0.9566762692040094,0.3205406209212003,0.7789015435315754,5.0741674347301124,1.08260002322365
442.9,epoch3_bilat,0.2,0.2,0.9566667024413174,0.3205245938901542,0.7787505895115482,5.074184831764782,1.082452606284081
443.0,epoch3_bilat,0.2,0.2,0.9566571357742929,0.3205085676604597,0.7786001305476963,5.074202133043176,1.0823052563673061
443.1,epoch3_bilat,0.2,0.2,0.9566475692029351,0.3204925422320767,0.7784501647436808,5.074219338624697,1.082157973764538
443.2,epoch3_bilat,0.2,0.2,0.9566380027272431,0.3204765176049651,0.7783006902103807,5.074236448568913,1.0820107587650059
443.3,epoch3_bilat,0.2,0.2,0.9566284363472158,0.32046049377908487,0.7781517050658653,5.074253462935549,1.081863611655965
443.4,epoch3_bilat,0.2,0.2,0.9566188700628524,0.3204444707543959,0.778003207435367,5.074270381784494,1.0817165327227054
443.5,epoch3_bilat,0.2,0.2,0.9566093038741518,0.3204284485308582,0.777855195451254,5.074287205175796,1.0815695222485606
443.6,epoch3_bilat,0.2,0.2,0.9565997377811131,0.3204124271084317,0.7777076672530036,5.07430393316966,1.0814225805149165
443.7,epoch3_bilat,0.2,0.2,0.9565901717837353,0.3203964064870763,0.7775606209871745,5.074320565826448,1.0812757078012203
443.8,epoch3_bilat,0.2,0.2,0.9565806058820174,0.32038038666675195,0.7774140548073807,5.074337103206677,1.0811289043849892
443.9,epoch3_bilat,0.2,0.2,0.9565710400759586,0.3203643676474186,0.7772679668742641,5.074353545371019,1.0809821705418194
444.0,epoch3_bilat,0.2,0.2,0.9565614743655578,0.3203483494290362,0.7771223553554685,5.0743698923803,1.0808355065453943
444.1,epoch3_bilat,0.2,0.2,0.9565519087508142,0.3203323320115648,0.7769772184256121,5.074386144295498,1.0806889126674932
444.2,epoch3_bilat,0.2,0.2,0.9565423432317267,0.32031631539496425,0.7768325542662619,5.07440230117774,1.0805423891780004
444.3,epoch3_bilat,0.2,0.2,0.9565327778082944,0.3203002995791945,0.7766883610659068,5.074418363088304,1.0803959363449134
444.4,epoch3_bilat,0.2,0.2,0.9565232124805163,0.32028428456421554,0.7765446370199316,5.074434330088617,1.0802495544343518
444.5,epoch3_bilat,0.2,0.2,0.9565136472483915,0.32026827034998734,0.7764013803305908,5.074450202240252,1.0801032437105653
444.6,epoch3_bilat,0.2,0.2,0.9565040821119191,0.32025225693646986,0.7762585892069822,5.07446597960493,1.0799570044359428
444.7,epoch3_bilat,0.2,0.2,0.9564945170710979,0.320236244323623,0.7761162618650214,5.074481662244515,1.0798108368710202
444.8,epoch3_bilat,0.2,0.2,0.9564849521259272,0.32022023251140685,0.7759743965274155,5.074497250221017,1.0796647412744895
444.9,epoch3_bilat,0.2,0.2,0.9564753872764059,0.3202042214997813,0.7758329914236377,5.074512743596588,1.0795187179032064
445.0,epoch3_bilat,0.2,0.2,0.9564658225225331,0.3201882112887063,0.7756920447899014,5.074528142433522,1.0793727670121995
445.1,epoch3_bilat,0.2,0.2,0.9564562578643079,0.3201722018781418,0.7755515548691345,5.074543446794252,1.079226888854678
445.2,epoch3_bilat,0.2,0.2,0.9564466933017293,0.3201561932680479,0.7754115199109543,5.074558656741352,1.0790810836820404
445.3,epoch3_bilat,0.2,0.2,0.9564371288347963,0.3201401854583845,0.7752719381716415,5.0745737723375335,1.078935351743882
445.4,epoch3_bilat,0.2,0.2,0.956427564463508,0.3201241784491116,0.7751328079141157,5.074588793645646,1.0787896932880043
445.5,epoch3_bilat,0.2,0.2,0.9564180001878634,0.32010817224018917,0.7749941274079094,5.074603720728676,1.0786441085604221
445.6,epoch3_bilat,0.2,0.2,0.9564084360078615,0.32009216683157715,0.7748558949291436,5.074618553649741,1.0784985978053723
445.7,epoch3_bilat,0.2,0.2,0.9563988719235015,0.3200761622232356,0.7747181087605023,5.074633292472098,1.0783531612653217
445.8,epoch3_bilat,0.2,0.2,0.9563893079347823,0.3200601584151244,0.7745807671912077,5.074647937259132,1.0782077991809753
445.9,epoch3_bilat,0.2,0.2,0.9563797440417029,0.32004415540720366,0.7744438685169955,5.074662488074363,1.078062511791284
446.0,epoch3_bilat,0.2,0.2,0.9563701802442625,0.3200281531994333,0.7743074110400902,5.07467694498144,1.0779172993334531
446.1,epoch3_bilat,0.2,0.2,0.95636061654246,0.32001215179177334,0.7741713930691801,5.074691308044142,1.07777216204295
446.2,epoch3_bilat,0.2,0.2,0.9563510529362945,0.31999615118418373,0.7740358129193935,5.074705577326376,1.0776271001535118
446.3,epoch3_bilat,0.2,0.2,0.9563414894257651,0.3199801513766245,0.7739006689122733,5.074719752892177,1.0774821138971542
446.4,epoch3_bilat,0.2,0.2,0.9563319260108709,0.3199641523690557,0.7737659593757533,5.074733834805707,1.0773372035041784
446.5,epoch3_bilat,0.2,0.2,0.9563223626916108,0.31994815416143724,0.7736316826441341,5.074747823131253,1.0771923692031795
446.6,epoch3_bilat,0.2,0.2,0.9563127994679839,0.31993215675372916,0.7734978370580581,5.074761717933225,1.077047611221054
446.7,epoch3_bilat,0.2,0.2,0.9563032363399891,0.31991616014589147,0.7733644209644863,5.074775519276159,1.076902929783008
446.8,epoch3_bilat,0.2,0.2,0.9562936733076257,0.31990016433788415,0.7732314327166739,5.074789227224709,1.0767583251125643
446.9,epoch3_bilat,0.2,0.2,0.9562841103708927,0.31988416932966723,0.7730988706741465,5.074802841843655,1.0766137974315713
447.0,epoch3_bilat,0.2,0.2,0.9562745475297889,0.31986817512120075,0.772966733202676,5.074816363197894,1.0764693469602091
447.1,epoch3_bilat,0.2,0.2,0.9562649847843137,0.31985218171244467,0.7728350186742573,5.0748297913524425,1.0763249739169984
447.2,epoch3_bilat,0.2,0.2,0.9562554221344658,0.31983618910335904,0.7727037254670847,5.074843126372436,1.076180678518808
447.3,epoch3_bilat,0.2,0.2,0.9562458595802444,0.3198201972939039,0.7725728519655279,5.074856368323126,1.0760364609808617
447.4,epoch3_bilat,0.2,0.2,0.9562362971216486,0.31980420628403916,0.7724423965601092,5.074869517269883,1.0758923215167464
447.5,epoch3_bilat,0.2,0.2,0.9562267347586774,0.319788216073725,0.7723123576474793,5.074882573278187,1.0757482603384199
447.6,epoch3_bilat,0.2,0.2,0.9562171724913298,0.3197722266629213,0.7721827336303949,5.0748955364136386,1.0756042776562176
447.7,epoch3_bilat,0.2,0.2,0.9562076103196049,0.31975623805158815,0.772053522917695,5.074908406741946,1.0754603736788606
447.8,epoch3_bilat,0.2,0.2,0.9561980482435017,0.31974025023968555,0.771924723924278,5.074921184328932,1.0753165486134633
447.9,epoch3_bilat,0.2,0.2,0.9561884862630193,0.31972426322717357,0.7717963350710787,5.074933869240532,1.0751728026655403
448.0,epoch3_bilat,0.2,0.2,0.9561789243781567,0.3197082770140122,0.7716683547850451,5.074946461542788,1.0750291360390138
448.1,epoch3_bilat,0.2,0.2,0.9561693625889128,0.3196922916001615,0.7715407814991162,5.074958961301854,1.0748855489362215
448.2,epoch3_bilat,0.2,0.2,0.956159800895287,0.31967630698558147,0.7714136136521985,5.074971368583991,1.0747420415579232
448.3,epoch3_bilat,0.2,0.2,0.956150239297278,0.3196603231702322,0.771286849689144,5.074983683455566,1.074598614103309
448.4,epoch3_bilat,0.2,0.2,0.9561406777948851,0.31964434015407367,0.7711604880607269,5.074995905983056,1.0744552667700058
448.5,epoch3_bilat,0.2,0.2,0.9561311163881071,0.31962835793706595,0.7710345272236221,5.075008036233039,1.0743119997540846
448.6,epoch3_bilat,0.2,0.2,0.9561215550769432,0.31961237651916913,0.7709089656403819,5.0750200742722,1.0741688132500682
448.7,epoch3_bilat,0.2,0.2,0.9561119938613925,0.31959639590034317,0.7707838017794142,5.075032020167327,1.0740257074509378
448.8,epoch3_bilat,0.2,0.2,0.9561024327414538,0.31958041608054816,0.7706590341149598,5.075043873985308,1.073882682548141
448.9,epoch3_bilat,0.2,0.2,0.9560928717171264,0.31956443705974413,0.7705346611270711,5.075055635793136,1.0737397387315974
449.0,epoch3_bilat,0.2,0.2,0.9560833107884092,0.3195484588378911,0.7704106813015891,5.075067305657903,1.0735968761897077
449.1,epoch3_bilat,0.2,0.2,0.9560737499553014,0.3195324814149492,0.7702870931301218,5.075078883646801,1.0734540951093592
449.2,epoch3_bilat,0.2,0.2,0.9560641892178018,0.31951650479087845,0.7701638951100225,5.075090369827119,1.0733113956759333
449.3,epoch3_bilat,0.2,0.2,0.9560546285759096,0.3195005289656389,0.7700410857443678,5.075101764266246,1.0731687780733123
449.4,epoch3_bilat,0.2,0.2,0.9560450680296239,0.3194845539391906,0.7699186635419358,5.075113067031667,1.0730262424838874
449.5,epoch3_bilat,0.2,0.2,0.9560355075789435,0.31946857971149367,0.7697966270171847,5.075124278190963,1.0728837890885643
449.6,epoch3_bilat,0.2,0.2,0.9560259472238677,0.3194526062825081,0.7696749746902308,5.07513539781181,1.072741418066771
449.7,epoch3_bilat,0.2,0.2,0.9560163869643955,0.319436633652194,0.7695537050868276,5.075146425961977,1.0725991295964639
449.8,epoch3_bilat,0.2,0.2,0.9560068268005258,0.3194206618205114,0.769432816738344,5.075157362709328,1.0724569238541355
449.9,epoch3_bilat,0.2,0.2,0.9559972667322578,0.31940469078742034,0.7693123081817428,5.075168208121819,1.0723148010148211
450.0,epoch3_bilat,0.2,0.2,0.9559877067595905,0.319388720552881,0.7691921779595601,5.075178962267496,1.072172761252105
450.1,epoch3_bilat,0.2,0.2,0.9559781468825229,0.3193727511168533,0.7690724246198836,5.075189625214498,1.072030804738128
450.2,epoch3_bilat,0.2,0.2,0.9559685871010541,0.3193567824792975,0.7689530467163317,5.075200197031051,1.0718889316435933
450.3,epoch3_bilat,0.2,0.2,0.9559590274151831,0.31934081464017355,0.7688340428080326,5.0752106777854715,1.0717471421377744
450.4,epoch3_bilat,0.2,0.2,0.955949467824909,0.3193248475994415,0.7687154114596031,5.075221067546163,1.071605436388521
450.5,epoch3_bilat,0.2,0.2,0.9559399083302307,0.31930888135706154,0.768597151241128,5.075231366381617,1.0714638145622655
450.6,epoch3_bilat,0.2,0.2,0.9559303489311474,0.3192929159129937,0.7684792607281394,5.07524157436041,1.07132227682403
450.7,epoch3_bilat,0.2,0.2,0.955920789627658,0.319276951267198,0.7683617385015958,5.0752516915512045,1.0711808233374331
450.8,epoch3_bilat,0.2,0.2,0.9559112304197618,0.31926098741963466,0.7682445831478615,5.075261718022748,1.0710394542646962
450.9,epoch3_bilat,0.2,0.2,0.9559016713074576,0.3192450243702637,0.7681277932586863,5.0752716538438705,1.0708981697666498
451.0,epoch3_bilat,0.2,0.2,0.9558921122907446,0.31922906211904517,0.7680113674311849,5.075281499083484,1.0707569700027408
451.1,epoch3_bilat,0.2,0.2,0.9558825533696217,0.3192131006659392,0.7678953042678165,5.075291253810586,1.0706158551310385
451.2,epoch3_bilat,0.2,0.2,0.955872994544088,0.31919714001090593,0.7677796023763646,5.07530091809425,1.070474825308241
451.3,epoch3_bilat,0.2,0.2,0.9558634358141426,0.3191811801539054,0.7676642603699165,5.075310492003633,1.0703338806896816
451.4,epoch3_bilat,0.2,0.2,0.9558538771797844,0.3191652210948977,0.7675492768668439,5.0753199756079725,1.0701930214293358
451.5,epoch3_bilat,0.2,0.2,0.9558443186410126,0.31914926283384293,0.767434650490782,5.075329368976581,1.070052247679827
451.6,epoch3_bilat,0.2,0.2,0.9558347601978262,0.3191333053707012,0.7673203798706097,5.07533867217885,1.0699115595924336
451.7,epoch3_bilat,0.2,0.2,0.9558252018502242,0.3191173487054327,0.7672064636404303,5.075347885284248,1.0697709573170942
451.8,epoch3_bilat,0.2,0.2,0.9558156435982057,0.31910139283799743,0.7670929004395507,5.075357008362322,1.0696304410024153
451.9,epoch3_bilat,0.2,0.2,0.9558060854417697,0.3190854377683555,0.7669796889124625,5.07536604148269,1.069490010795677
452.0,epoch3_bilat,0.2,0.2,0.9557965273809153,0.3190694834964671,0.7668668277088218,5.075374984715047,1.069349666842839
452.1,epoch3_bilat,0.2,0.2,0.9557869694156415,0.31905353002229225,0.7667543154834298,5.075383838129162,1.069209409288547
452.2,epoch3_bilat,0.2,0.2,0.9557774115459473,0.31903757734579113,0.7666421508962131,5.075392601794875,1.0690692382761389
452.3,epoch3_bilat,0.2,0.2,0.9557678537718318,0.31902162546692386,0.7665303326122046,5.0754012757821005,1.0689291539476513
452.4,epoch3_bilat,0.2,0.2,0.9557582960932941,0.31900567438565053,0.7664188593015236,5.075409860160821,1.0687891564438257
452.5,epoch3_bilat,0.2,0.2,0.9557487385103332,0.31898972410193127,0.7663077296393569,5.0754183550010925,1.0686492459041137
452.6,epoch3_bilat,0.2,0.2,0.9557391810229481,0.3189737746157262,0.7661969423059393,5.0754267603730385,1.0685094224666845
452.7,epoch3_bilat,0.2,0.2,0.9557296236311379,0.3189578259269954,0.7660864959865346,5.075435076346853,1.0683696862684298
452.8,epoch3_bilat,0.2,0.2,0.9557200663349016,0.31894187803569907,0.7659763893714163,5.075443302992797,1.0682300374449705
452.9,epoch3_bilat,0.2,0.2,0.9557105091342383,0.3189259309417973,0.765866621155849,5.075451440381199,1.0680904761306627
453.0,epoch3_bilat,0.2,0.2,0.955700952029147,0.31890998464525017,0.7657571900400689,5.075459488582455,1.0679510024586036
453.1,epoch3_bilat,0.2,0.2,0.9556913950196266,0.3188940391460179,0.7656480947292652,5.075467447667025,1.0678116165606377
453.2,epoch3_bilat,0.2,0.2,0.9556818381056764,0.31887809444406057,0.7655393339335614,5.075475317705436,1.0676723185673622
453.3,epoch3_bilat,0.2,0.2,0.9556722812872953,0.31886215053933836,0.7654309063679964,5.075483098768277,1.0675331086081334
453.4,epoch3_bilat,0.2,0.2,0.9556627245644824,0.3188462074318114,0.7653228107525057,5.075490790926203,1.067393986811073
453.5,epoch3_bilat,0.2,0.2,0.9556531679372368,0.3188302651214398,0.7652150458119035,5.07549839424993,1.0672549533030726
453.6,epoch3_bilat,0.2,0.2,0.9556436114055574,0.31881432360818374,0.7651076102758628,5.0755059088102366,1.0671160082098015
453.7,epoch3_bilat,0.2,0.2,0.9556340549694433,0.31879838289200335,0.7650005028788986,5.075513334677963,1.066977151655711
453.8,epoch3_bilat,0.2,0.2,0.9556244986288936,0.31878244297285874,0.7648937223603484,5.075520671924008,1.066838383764041
453.9,epoch3_bilat,0.2,0.2,0.9556149423839073,0.3187665038507101,0.7647872674643539,5.075527920619333,1.0666997046568254
454.0,epoch3_bilat,0.2,0.2,0.9556053862344834,0.31875056552551756,0.7646811369398435,5.075535080834957,1.066561114454898
454.1,epoch3_bilat,0.2,0.2,0.9555958301806211,0.3187346279972413,0.7645753295405135,5.075542152641956,1.0664226132778987
454.2,epoch3_bilat,0.2,0.2,0.9555862742223193,0.3187186912658414,0.7644698440248103,5.075549136111467,1.0662842012442781
454.3,epoch3_bilat,0.2,0.2,0.9555767183595771,0.3187027553312781,0.764364679155912,5.0755560313146795,1.0661458784713047
454.4,epoch3_bilat,0.2,0.2,0.9555671625923935,0.3186868201935116,0.7642598337017108,5.075562838322843,1.0660076450750693
454.5,epoch3_bilat,0.2,0.2,0.9555576069207675,0.3186708858525019,0.7641553064347949,5.0755695572072606,1.065869501170491
454.6,epoch3_bilat,0.2,0.2,0.9555480513446983,0.3186549523082093,0.7640510961324308,5.07557618803929,1.0657314468713237
454.7,epoch3_bilat,0.2,0.2,0.9555384958641849,0.3186390195605939,0.7639472015765454,5.075582730890343,1.0655934822901603
454.8,epoch3_bilat,0.2,0.2,0.9555289404792263,0.31862308760961583,0.7638436215537084,5.075589185831884,1.065455607538439
454.9,epoch3_bilat,0.2,0.2,0.9555193851898215,0.31860715645523535,0.7637403548551146,5.075595552935432,1.0653178227264493
455.0,epoch3_bilat,0.2,0.2,0.9555098299959696,0.3185912260974126,0.7636374002765663,5.075601832272557,1.0651801279633368
455.1,epoch3_bilat,0.2,0.2,0.9555002748976696,0.3185752965361077,0.7635347566184562,5.075608023914879,1.065042523357109
455.2,epoch3_bilat,0.2,0.2,0.9554907198949206,0.3185593677712809,0.7634324226857491,5.075614127934069,1.0649050090146408
455.3,epoch3_bilat,0.2,0.2,0.9554811649877217,0.31854343980289235,0.7633303972879655,5.075620144401849,1.0647675850416798
455.4,epoch3_bilat,0.2,0.2,0.9554716101760719,0.3185275126309022,0.7632286792391636,5.075626073389989,1.064630251542852
455.5,epoch3_bilat,0.2,0.2,0.9554620554599701,0.31851158625527065,0.7631272673579225,5.075631914970307,1.0644930086216675
455.6,epoch3_bilat,0.2,0.2,0.9554525008394155,0.3184956606759579,0.7630261604673247,5.07563766921467,1.064355856380525
455.7,epoch3_bilat,0.2,0.2,0.9554429463144071,0.3184797358929241,0.7629253573949395,5.075643336194991,1.064218794920718
455.8,epoch3_bilat,0.2,0.2,0.9554333918849439,0.3184638119061295,0.7628248569728052,5.075648915983231,1.0640818243424397
455.9,epoch3_bilat,0.2,0.2,0.9554238375510251,0.3184478887155342,0.7627246580374129,5.075654408651394,1.0639449447447884
456.0,epoch3_bilat,0.2,0.2,0.9554142833126495,0.31843196632109844,0.7626247594296889,5.075659814271531,1.0638081562257733
456.1,epoch3_bilat,0.2,0.2,0.9554047291698164,0.3184160447227824,0.7625251599949784,5.075665132915737,1.063671458882319
456.2,epoch3_bilat,0.2,0.2,0.9553951751225247,0.3184001239205463,0.7624258585830285,5.075670364656151,1.0635348528102717
456.3,epoch3_bilat,0.2,0.2,0.9553856211707735,0.31838420391435024,0.7623268540479714,5.075675509564955,1.0633983381044034
456.4,epoch3_bilat,0.2,0.2,0.9553760673145618,0.3183682847041545,0.762228145248308,5.075680567714373,1.0632619148584177
456.5,epoch3_bilat,0.2,0.2,0.9553665135538887,0.3183523662899193,0.762129731046891,5.07568553917667,1.0631255831649553
456.6,epoch3_bilat,0.2,0.2,0.9553569598887531,0.3183364486716048,0.7620316103109085,5.075690424024156,1.0629893431155986
456.7,epoch3_bilat,0.2,0.2,0.9553474063191543,0.31832053184917125,0.7619337819118677,5.075695222329176,1.0628531948008773
456.8,epoch3_bilat,0.2,0.2,0.9553378528450911,0.3183046158225788,0.7618362447255781,5.075699934164119,1.062717138310273
456.9,epoch3_bilat,0.2,0.2,0.9553282994665626,0.31828870059178765,0.7617389976321356,5.07570455960141,1.0625811737322246
457.0,epoch3_bilat,0.2,0.2,0.9553187461835679,0.3182727861567581,0.761642039515906,5.075709098713515,1.0624453011541342
457.1,epoch3_bilat,0.2,0.2,0.9553091929961061,0.3182568725174502,0.7615453692655088,5.075713551572939,1.0623095206623705
457.2,epoch3_bilat,0.2,0.2,0.9552996399041761,0.3182409596738243,0.7614489857738009,5.07571791825222,1.0621738323422754
457.3,epoch3_bilat,0.2,0.2,0.9552900869077771,0.31822504762584064,0.7613528879378609,5.075722198823937,1.0620382362781682
457.4,epoch3_bilat,0.2,0.2,0.9552805340069079,0.3182091363734593,0.7612570746589726,5.075726393360702,1.061902732553351
457.5,epoch3_bilat,0.2,0.2,0.9552709812015678,0.3181932259166407,0.7611615448426093,5.075730501935165,1.061767321250113
457.6,epoch3_bilat,0.2,0.2,0.9552614284917558,0.31817731625534484,0.761066297398418,5.0757345246200085,1.061632002449737
457.7,epoch3_bilat,0.2,0.2,0.9552518758774708,0.3181614073895321,0.7609713312402031,5.075738461487951,1.0614967762325023
457.8,epoch3_bilat,0.2,0.2,0.9552423233587121,0.3181454993191626,0.760876645285911,5.0757423126117445,1.061361642677691
457.9,epoch3_bilat,0.2,0.2,0.9552327709354784,0.3181295920441966,0.7607822384576145,5.0757460780641726,1.061226601863593
458.0,epoch3_bilat,0.2,0.2,0.955223218607769,0.3181136855645944,0.7606881096814965,5.075749757918052,1.06109165386751
458.1,epoch3_bilat,0.2,0.2,0.9552136663755829,0.3180977798803162,0.760594257887835,5.075753352246232,1.0609567987657609
458.2,epoch3_bilat,0.2,0.2,0.9552041142389192,0.3180818749913222,0.7605006820109872,5.075756861121592,1.060822036633687
458.3,epoch3_bilat,0.2,0.2,0.9551945621977768,0.3180659708975726,0.7604073809893741,5.0757602846170435,1.0606873675456558
458.4,epoch3_bilat,0.2,0.2,0.9551850102521547,0.3180500675990277,0.7603143537654653,5.0757636228055265,1.060552791575067
458.5,epoch3_bilat,0.2,0.2,0.9551754584020522,0.31803416509564775,0.7602215992857632,5.075766875760011,1.0604183087943564
458.6,epoch3_bilat,0.2,0.2,0.9551659066474681,0.318018263387393,0.760129116500788,5.075770043553496,1.0602839192750009
458.7,epoch3_bilat,0.2,0.2,0.9551563549884017,0.3180023624742236,0.7600369043650621,5.075773126259009,1.0601496230875236
458.8,epoch3_bilat,0.2,0.2,0.9551468034248518,0.3179864623560999,0.7599449618370955,5.0757761239496055,1.0600154203014982
458.9,epoch3_bilat,0.2,0.2,0.9551372519568175,0.3179705630329821,0.7598532878793699,5.075779036698367,1.0598813109855538
459.0,epoch3_bilat,0.2,0.2,0.955127700584298,0.31795466450483045,0.7597618814583242,5.075781864578401,1.0597472952073794
459.1,epoch3_bilat,0.2,0.2,0.9551181493072921,0.3179387667716052,0.7596707415443393,5.075784607662843,1.0596133730337287
459.2,epoch3_bilat,0.2,0.2,0.9551085981257991,0.3179228698332666,0.7595798671117229,5.075787266024854,1.059479544530425
459.3,epoch3_bilat,0.2,0.2,0.9550990470398179,0.31790697368977494,0.7594892571386948,5.0757898397376175,1.0593458097623656
459.4,epoch3_bilat,0.2,0.2,0.9550894960493475,0.3178910783410904,0.7593989106073721,5.075792328874344,1.059212168793526
459.5,epoch3_bilat,0.2,0.2,0.955079945154387,0.3178751837871734,0.7593088265037543,5.075794733508265,1.0590786216869656
459.6,epoch3_bilat,0.2,0.2,0.9550703943549355,0.317859290027984,0.7592190038177085,5.075797053712638,1.058945168504831
459.7,epoch3_bilat,0.2,0.2,0.9550608436509919,0.31784339706348264,0.7591294415429546,5.07579928956074,1.0588118093083614
459.8,epoch3_bilat,0.2,0.2,0.9550512930425553,0.3178275048936295,0.7590401386770511,5.075801441125873,1.0586785441578928
459.9,epoch3_bilat,0.2,0.2,0.9550417425296249,0.31781161351838483,0.7589510942213802,5.07580350848136,1.0585453731128627
460.0,epoch3_bilat,0.2,0.2,0.9550321921121996,0.3177957229377089,0.758862307181133,5.075805491700543,1.0584122962318143
460.1,epoch3_bilat,0.2,0.2,0.9550226417902785,0.31777983315156205,0.7587737765652958,5.075807390856787,1.0582793135724013
460.2,epoch3_bilat,0.2,0.2,0.9550130915638606,0.3177639441599045,0.7586855013866348,5.075809206023475,1.0581464251913923
460.3,epoch3_bilat,0.2,0.2,0.955003541432945,0.3177480559626965,0.7585974806616826,5.075810937274011,1.058013631144675
460.4,epoch3_bilat,0.2,0.2,0.9549939913975306,0.3177321685598984,0.7585097134107232,5.075812584681816,1.057880931487261
460.5,epoch3_bilat,0.2,0.2,0.9549844414576166,0.3177162819514704,0.7584221986577777,5.0758141483203305,1.0577483262732896
460.6,epoch3_bilat,0.2,0.2,0.954974891613202,0.31770039613737283,0.758334935430591,5.075815628263014,1.057615815556033
460.7,epoch3_bilat,0.2,0.2,0.9549653418642859,0.31768451111756596,0.7582479227606169,5.07581702458334,1.0574833993878998
460.8,epoch3_bilat,0.2,0.2,0.9549557922108673,0.3176686268920101,0.7581611596830039,5.075818337354802,1.0573510778204405
460.9,epoch3_bilat,0.2,0.2,0.9549462426529453,0.31765274346066547,0.7580746452365816,5.075819566650908,1.0572188509043503
461.0,epoch3_bilat,0.2,0.2,0.9549366931905188,0.3176368608234924,0.7579883784638467,5.075820712545181,1.0570867186894746
461.1,epoch3_bilat,0.2,0.2,0.9549271438235869,0.3176209789804512,0.7579023584109487,5.075821775111162,1.056954681224813
461.2,epoch3_bilat,0.2,0.2,0.9549175945521486,0.3176050979315022,0.7578165841276763,5.075822754422404,1.0568227385585234
461.3,epoch3_bilat,0.2,0.2,0.9549080453762031,0.31758921767660564,0.7577310546674435,5.075823650552476,1.0566908907379264
461.4,epoch3_bilat,0.2,0.2,0.9548984962957493,0.3175733382157218,0.757645769087276,5.075824463574959,1.0565591378095096
461.5,epoch3_bilat,0.2,0.2,0.9548889473107863,0.31755745954881104,0.757560726447797,5.075825193563448,1.0564274798189315
461.6,epoch3_bilat,0.2,0.2,0.9548793984213132,0.3175415816758336,0.7574759258132143,5.075825840591551,1.056295916811026
461.7,epoch3_bilat,0.2,0.2,0.954869849627329,0.3175257045967498,0.7573913662513059,5.075826404732888,1.0561644488298063
461.8,epoch3_bilat,0.2,0.2,0.9548603009288328,0.31750982831151997,0.7573070468334067,5.0758268860610904,1.05603307591847
461.9,epoch3_bilat,0.2,0.2,0.9548507523258235,0.3174939528201044,0.7572229666343953,5.075827284649801,1.0559017981194017
462.0,epoch3_bilat,0.2,0.2,0.9548412038183003,0.31747807812246337,0.7571391247326802,5.075827600572673,1.0557706154741784
462.1,epoch3_bilat,0.2,0.2,0.9548316554062621,0.31746220421855725,0.7570555202101865,5.07582783390337,1.0556395280235733
462.2,epoch3_bilat,0.2,0.2,0.954822107089708,0.3174463311083463,0.7569721521523425,5.075827984715565,1.0555085358075593
462.3,epoch3_bilat,0.2,0.2,0.9548125588686371,0.3174304587917909,0.7568890196480663,5.075828053082943,1.0553776388653142
462.4,epoch3_bilat,0.2,0.2,0.9548030107430484,0.3174145872688513,0.7568061217897529,5.075828039079193,1.0552468372352235
462.5,epoch3_bilat,0.2,0.2,0.954793462712941,0.31739871653948787,0.7567234576732605,5.075827942778015,1.0551161309548855
462.6,epoch3_bilat,0.2,0.2,0.9547839147783138,0.3173828466036609,0.7566410263978978,5.075827764253118,1.054985520061115
462.7,epoch3_bilat,0.2,0.2,0.9547743669391661,0.3173669774613307,0.7565588270664103,5.075827503578215,1.0548550045899465
462.8,epoch3_bilat,0.2,0.2,0.9547648191954967,0.3173511091124576,0.7564768587849681,5.075827160827029,1.0547245845766398
462.9,epoch3_bilat,0.2,0.2,0.9547552715473048,0.317335241557002,0.756395120663152,5.075826736073288,1.0545942600556826
463.0,epoch3_bilat,0.2,0.2,0.9547457239945893,0.3173193747949241,0.7563136118139411,5.075826229390725,1.0544640310607951
463.1,epoch3_bilat,0.2,0.2,0.9547361765373494,0.31730350882618436,0.7562323313536998,5.075825640853082,1.0543338976249337
463.2,epoch3_bilat,0.2,0.2,0.954726629175584,0.317287643650743,0.7561512784021648,5.075824970534101,1.0542038597802954
463.3,epoch3_bilat,0.2,0.2,0.9547170819092923,0.3172717792685605,0.7560704520824322,5.075824218507533,1.054073917558321
463.4,epoch3_bilat,0.2,0.2,0.9547075347384731,0.31725591567959704,0.7559898515209451,5.07582338484713,1.0539440709896992
463.5,epoch3_bilat,0.2,0.2,0.9546979876631257,0.3172400528838131,0.7559094758474806,5.07582246962665,1.0538143201043713
463.6,epoch3_bilat,0.2,0.2,0.9546884406832491,0.3172241908811689,0.7558293241951372,5.075821472919853,1.0536846649315337
463.7,epoch3_bilat,0.2,0.2,0.9546788937988423,0.3172083296716248,0.7557493957003221,5.075820394800501,1.0535551054996428
463.8,epoch3_bilat,0.2,0.2,0.9546693470099044,0.3171924692551412,0.7556696895027388,5.07581923534236,1.0534256418364185
463.9,epoch3_bilat,0.2,0.2,0.9546598003164343,0.3171766096316785,0.7555902047453745,5.0758179946191975,1.0532962739688478
464.0,epoch3_bilat,0.2,0.2,0.9546502537184312,0.3171607508011969,0.7555109405744876,5.075816672704781,1.0531670019231891
464.1,epoch3_bilat,0.2,0.2,0.954640707215894,0.3171448927636568,0.7554318961395953,5.075815269672882,1.0530378257249753
464.2,epoch3_bilat,0.2,0.2,0.9546311608088218,0.3171290355190186,0.7553530705934608,5.075813785597268,1.052908745399018
464.3,epoch3_bilat,0.2,0.2,0.9546216144972137,0.3171131790672427,0.7552744630920819,5.075812220551712,1.0527797609694114
464.4,epoch3_bilat,0.2,0.2,0.9546120682810687,0.31709732340828933,0.755196072794678,5.075810574609982,1.0526508724595358
464.5,epoch3_bilat,0.2,0.2,0.9546025221603859,0.31708146854211894,0.755117898863678,5.075808847845849,1.0525220798920611
464.6,epoch3_bilat,0.2,0.2,0.9545929761351643,0.31706561446869186,0.7550399404647078,5.075807040333079,1.0523933832889512
464.7,epoch3_bilat,0.2,0.2,0.9545834302054029,0.3170497611879684,0.754962196766579,5.07580515214544,1.0522647826714666
464.8,epoch3_bilat,0.2,0.2,0.9545738843711009,0.317033908699909,0.7548846669412761,5.075803183356696,1.0521362780601695
464.9,epoch3_bilat,0.2,0.2,0.9545643386322572,0.317018057004474,0.7548073501639444,5.075801134040609,1.052007869474926
465.0,epoch3_bilat,0.2,0.2,0.9545547929888709,0.3170022061016238,0.7547302456128784,5.075799004270939,1.0518795569349106
465.1,epoch3_bilat,0.2,0.2,0.954545247440941,0.3169863559913187,0.7546533524695095,5.075796794121441,1.0517513404586099
465.2,epoch3_bilat,0.2,0.2,0.9545357019884666,0.3169705066735191,0.7545766699183944,5.075794503665868,1.0516232200638256
465.3,epoch3_bilat,0.2,0.2,0.9545261566314467,0.31695465814818546,0.7545001971472031,5.075792132977969,1.0514951957676788
465.4,epoch3_bilat,0.2,0.2,0.9545166113698804,0.31693881041527805,0.7544239333467065,5.075789682131487,1.0513672675866128
465.5,epoch3_bilat,0.2,0.2,0.9545070662037667,0.3169229634747573,0.7543478777107657,5.07578715120016,1.0512394355363974
465.6,epoch3_bilat,0.2,0.2,0.9544975211331046,0.31690711732658355,0.7542720294363194,5.0757845402577235,1.0511116996321321
465.7,epoch3_bilat,0.2,0.2,0.9544879761578933,0.3168912719707172,0.7541963877233725,5.075781849377904,1.0509840598882496
465.8,epoch3_bilat,0.2,0.2,0.9544784312781317,0.31687542740711866,0.7541209517749844,5.075779078634425,1.0508565163185193
465.9,epoch3_bilat,0.2,0.2,0.9544688864938189,0.3168595836357483,0.7540457207972575,5.075776228101001,1.050729068936051
466.0,epoch3_bilat,0.2,0.2,0.954459341804954,0.3168437406565665,0.7539706939993256,5.07577329785134,1.0506017177532982
466.1,epoch3_bilat,0.2,0.2,0.9544497972115359,0.3168278984695337,0.7538958705933423,5.075770287959144,1.0504744627820621
466.2,epoch3_bilat,0.2,0.2,0.9544402527135638,0.3168120570746102,0.7538212497944694,5.075767198498106,1.050347304033494
466.3,epoch3_bilat,0.2,0.2,0.9544307083110367,0.31679621647175643,0.7537468308208658,5.0757640295419115,1.0502202415181
466.4,epoch3_bilat,0.2,0.2,0.9544211640039536,0.31678037666093284,0.7536726128936759,5.075760781164238,1.0500932752457428
466.5,epoch3_bilat,0.2,0.2,0.9544116197923136,0.3167645376420998,0.7535985952370182,5.075757453438754,1.0499664052256474
466.6,epoch3_bilat,0.2,0.2,0.9544020756761157,0.31674869941521766,0.7535247770779743,5.075754046439119,1.0498396314664022
466.7,epoch3_bilat,0.2,0.2,0.9543925316553589,0.3167328619802469,0.7534511576465771,5.075750560238982,1.049712953975964
466.8,epoch3_bilat,0.2,0.2,0.9543829877300423,0.3167170253371479,0.7533777361758002,5.075746994911982,1.0495863727616603
466.9,epoch3_bilat,0.2,0.2,0.954373443900165,0.31670118948588105,0.7533045119015462,5.075743350531749,1.0494598878301937
467.0,epoch3_bilat,0.2,0.2,0.954363900165726,0.3166853544264068,0.7532314840626362,5.075739627171901,1.0493334991876444
467.1,epoch3_bilat,0.2,0.2,0.9543543565267244,0.31666952015868544,0.7531586519007977,5.075735824906045,1.0492072068394735
467.2,epoch3_bilat,0.2,0.2,0.9543448129831591,0.3166536866826775,0.7530860146606546,5.075731943807778,1.049081010790527
467.3,epoch3_bilat,0.2,0.2,0.9543352695350292,0.3166378539983434,0.7530135715897157,5.075727983950684,1.0489549110450387
467.4,epoch3_bilat,0.2,0.2,0.9543257261823339,0.31662202210564344,0.7529413219383636,5.075723945408335,1.0488289076066335
467.5,epoch3_bilat,0.2,0.2,0.9543161829250721,0.3166061910045382,0.7528692649598442,5.07571982825429,1.0487030004783304
467.6,epoch3_bilat,0.2,0.2,0.9543066397632429,0.31659036069498797,0.7527973999102553,5.075715632562097,1.0485771896625466
467.7,epoch3_bilat,0.2,0.2,0.9542970966968453,0.3165745311769532,0.7527257260485364,5.075711358405287,1.0484514751610998
467.8,epoch3_bilat,0.2,0.2,0.9542875537258783,0.31655870245039436,0.7526542426364571,5.075707005857381,1.0483258569752119
467.9,epoch3_bilat,0.2,0.2,0.954278010850341,0.31654287451527185,0.7525829489386072,5.075702574991885,1.0482003351055118
468.0,epoch3_bilat,0.2,0.2,0.9542684680702326,0.3165270473715461,0.7525118442223854,5.07569806588229,1.0480749095520396
468.1,epoch3_bilat,0.2,0.2,0.9542589253855519,0.3165112210191775,0.7524409277579885,5.075693478602073,1.047949580314249
468.2,epoch3_bilat,0.2,0.2,0.954249382796298,0.31649539545812655,0.7523701988184016,5.075688813224695,1.04782434739101
468.3,epoch3_bilat,0.2,0.2,0.95423984030247,0.31647957068835364,0.7522996566793865,5.075684069823604,1.0476992107806136
468.4,epoch3_bilat,0.2,0.2,0.954230297904067,0.31646374670981925,0.7522293006194718,5.075679248472229,1.047574170480773
468.5,epoch3_bilat,0.2,0.2,0.954220755601088,0.31644792352248374,0.7521591299199422,5.075674349243984,1.0474492264886288
468.6,epoch3_bilat,0.2,0.2,0.954211213393532,0.3164321011263076,0.7520891438648278,5.075669372212269,1.0473243788007505
468.7,epoch3_bilat,0.2,0.2,0.9542016712813981,0.3164162795212513,0.7520193417408942,5.075664317450465,1.04719962741314
468.8,epoch3_bilat,0.2,0.2,0.9541921292646853,0.31640045870727523,0.7519497228376315,5.0756591850319355,1.0470749723212356
468.9,epoch3_bilat,0.2,0.2,0.9541825873433927,0.31638463868433986,0.7518802864472443,5.075653975030027,1.0469504135199135
469.0,epoch3_bilat,0.2,0.2,0.9541730455175192,0.31636881945240564,0.7518110318646412,5.075648687518071,1.0468259510034925
469.1,epoch3_bilat,0.2,0.2,0.954163503787064,0.31635300101143304,0.7517419583874246,5.075643322569377,1.046701584765736
469.2,epoch3_bilat,0.2,0.2,0.9541539621520262,0.31633718336138245,0.7516730653158809,5.075637880257237,1.046577314799855
469.3,epoch3_bilat,0.2,0.2,0.9541444206124047,0.3163213665022144,0.7516043519529693,5.075632360654927,1.046453141098512
469.4,epoch3_bilat,0.2,0.2,0.9541348791681985,0.31630555043388925,0.7515358176043125,5.0756267638357,1.0463290636538234
469.5,epoch3_bilat,0.2,0.2,0.9541253378194068,0.31628973515636755,0.7514674615781863,5.075621089872793,1.0462050824573623
469.6,epoch3_bilat,0.2,0.2,0.9541157965660286,0.31627392066960974,0.7513992831855095,5.0756153388394205,1.0460811975001623
469.7,epoch3_bilat,0.2,0.2,0.9541062554080629,0.31625810697357626,0.7513312817398338,5.075609510808779,1.0459574087727193
469.8,epoch3_bilat,0.2,0.2,0.9540967143455088,0.31624229406822757,0.7512634565573336,5.075603605854044,1.0458337162649955
469.9,epoch3_bilat,0.2,0.2,0.9540871733783653,0.31622648195352415,0.7511958069567968,5.0755976240483704,1.045710119966422
470.0,epoch3_bilat,0.2,0.2,0.9540776325066316,0.3162106706294265,0.751128332259614,5.075591565464892,1.0455866198659018
470.1,epoch3_bilat,0.2,0.2,0.9540680917303065,0.31619486009589504,0.7510610317897689,5.075585430176721,1.0454632159518125
470.2,epoch3_bilat,0.2,0.2,0.9540585510493892,0.31617905035289023,0.7509939048738287,5.075579218256949,1.0453399082120092
470.3,epoch3_bilat,0.2,0.2,0.9540490104638787,0.3161632414003726,0.7509269508409339,5.0755729297786445,1.0452166966338277
470.4,epoch3_bilat,0.2,0.2,0.9540394699737741,0.3161474332383026,0.7508601690227886,5.075566564814855,1.0450935812040874
470.5,epoch3_bilat,0.2,0.2,0.9540299295790744,0.3161316258666407,0.7507935587536513,5.075560123438604,1.0449705619090939
470.6,epoch3_bilat,0.2,0.2,0.9540203892797786,0.3161158192853473,0.7507271193703241,5.075553605722893,1.0448476387346421
470.7,epoch3_bilat,0.2,0.2,0.9540108490758858,0.31610001349438305,0.7506608502121441,5.075547011740701,1.044724811666019
470.8,epoch3_bilat,0.2,0.2,0.9540013089673951,0.31608420849370833,0.7505947506209733,5.075540341564983,1.0446020806880063
470.9,epoch3_bilat,0.2,0.2,0.9539917689543054,0.31606840428328364,0.7505288199411886,5.075533595268669,1.0444794457848834
471.0,epoch3_bilat,0.2,0.2,0.9539822290366158,0.31605260086306947,0.7504630575196731,5.075526772924668,1.0443569069404304
471.1,epoch3_bilat,0.2,0.2,0.9539726892143254,0.31603679823302633,0.750397462705806,5.075519874605862,1.0442344641379306
471.2,epoch3_bilat,0.2,0.2,0.9539631494874333,0.31602099639311465,0.7503320348514531,5.075512900385109,1.0441121173601737
471.3,epoch3_bilat,0.2,0.2,0.9539536098559385,0.316005195343295,0.7502667733109576,5.075505850335244,1.043989866589458
471.4,epoch3_bilat,0.2,0.2,0.9539440703198399,0.31598939508352786,0.7502016774411306,5.075498724529073,1.0438677118075936
471.5,epoch3_bilat,0.2,0.2,0.9539345308791367,0.3159735956137737,0.7501367466012417,5.075491523039379,1.043745652995905
471.6,epoch3_bilat,0.2,0.2,0.9539249915338279,0.315957796933993,0.7500719801530096,5.07548424593892,1.0436236901352338
471.7,epoch3_bilat,0.2,0.2,0.9539154522839126,0.3159419990441463,0.7500073774605927,5.0754768933004275,1.0435018232059419
471.8,epoch3_bilat,0.2,0.2,0.9539059131293898,0.31592620194419413,0.74994293789058,5.075469465196605,1.0433800521879133
471.9,epoch3_bilat,0.2,0.2,0.9538963740702585,0.31591040563409695,0.749878660811982,5.07546196170013,1.0432583770605577
472.0,epoch3_bilat,0.2,0.2,0.9538868351065178,0.31589461011381526,0.749814545596221,5.075454382883654,1.0431367978028128
472.1,epoch3_bilat,0.2,0.2,0.9538772962381667,0.3158788153833096,0.7497505916171224,5.075446728819802,1.0430153143931467
472.2,epoch3_bilat,0.2,0.2,0.9538677574652044,0.3158630214425404,0.7496867982509056,5.075438999581169,1.0428939268095612
472.3,epoch3_bilat,0.2,0.2,0.9538582187876297,0.3158472282914683,0.7496231648761741,5.075431195240324,1.0427726350295943
472.4,epoch3_bilat,0.2,0.2,0.9538486802054418,0.3158314359300537,0.7495596908739075,5.075423315869809,1.0426514390303223
472.5,epoch3_bilat,0.2,0.2,0.9538391417186397,0.3158156443582572,0.749496375627452,5.075415361542135,1.042530338788363
472.6,epoch3_bilat,0.2,0.2,0.9538296033272226,0.3157998535760393,0.7494332185225111,5.075407332329787,1.0424093342798784
472.7,epoch3_bilat,0.2,0.2,0.9538200650311893,0.3157840635833605,0.7493702189471372,5.07539922830522,1.0422884254805767
472.8,epoch3_bilat,0.2,0.2,0.953810526830539,0.3157682743801813,0.7493073762917222,5.07539104954086,1.0421676123657155
472.9,epoch3_bilat,0.2,0.2,0.9538009887252707,0.31575248596646227,0.7492446899489889,5.075382796109103,1.0420468949101043
473.0,epoch3_bilat,0.2,0.2,0.9537914507153835,0.31573669834216395,0.7491821593139819,5.075374468082318,1.0419262730881067
473.1,epoch3_bilat,0.2,0.2,0.9537819128008763,0.31572091150724685,0.7491197837840592,5.07536606553284,1.0418057468736435
473.2,epoch3_bilat,0.2,0.2,0.9537723749817483,0.3157051254616715,0.7490575627588827,5.075357588532978,1.0416853162401947
473.3,epoch3_bilat,0.2,0.2,0.9537628372579985,0.3156893402053984,0.7489954956404102,5.075349037155008,1.0415649811608025
473.4,epoch3_bilat,0.2,0.2,0.953753299629626,0.3156735557383881,0.7489335818328863,5.075340411471177,1.0414447416080739
473.5,epoch3_bilat,0.2,0.2,0.9537437620966297,0.3156577720606012,0.7488718207428334,5.075331711553699,1.0413245975541825
473.6,epoch3_bilat,0.2,0.2,0.9537342246590087,0.31564198917199815,0.7488102117790437,5.075322937474759,1.041204548970872
473.7,epoch3_bilat,0.2,0.2,0.9537246873167621,0.3156262070725396,0.74874875435257,5.07531408930651,1.0410845958294577
473.8,epoch3_bilat,0.2,0.2,0.9537151500698889,0.31561042576218595,0.7486874478767176,5.075305167121074,1.0409647381008302
473.9,epoch3_bilat,0.2,0.2,0.9537056129183883,0.31559464524089786,0.7486262917670352,5.075296170990538,1.0408449757554568
474.0,epoch3_bilat,0.2,0.2,0.9536960758622591,0.31557886550863584,0.7485652854413067,5.0752871009869605,1.0407253087633843
474.1,epoch3_bilat,0.2,0.2,0.9536865389015005,0.3155630865653604,0.7485044283195428,5.075277957182366,1.0406057370942419
474.2,epoch3_bilat,0.2,0.2,0.9536770020361114,0.3155473084110321,0.7484437198239721,5.075268739648747,1.0404862607172427
474.3,epoch3_bilat,0.2,0.2,0.953667465266091,0.31553153104561155,0.7483831593790331,5.075259448458062,1.0403668796011873
474.4,epoch3_bilat,0.2,0.2,0.9536579285914384,0.3155157544690593,0.7483227464113656,5.075250083682238,1.0402475937144655
474.5,epoch3_bilat,0.2,0.2,0.9536483920121525,0.31549997868133584,0.7482624803498025,5.075240645393166,1.0401284030250586
474.6,epoch3_bilat,0.2,0.2,0.9536388555282324,0.31548420368240176,0.7482023606253609,5.075231133662708,1.0400093075005423
474.7,epoch3_bilat,0.2,0.2,0.9536293191396771,0.31546842947221765,0.7481423866712348,5.075221548562687,1.039890307108089
474.8,epoch3_bilat,0.2,0.2,0.9536197828464856,0.315452656050744,0.7480825579227857,5.075211890164895,1.0397714018144697
474.9,epoch3_bilat,0.2,0.2,0.9536102466486571,0.31543688341794146,0.7480228738175351,5.07520215854109,1.039652591586057
475.0,epoch3_bilat,0.2,0.2,0.9536007105461907,0.31542111157377056,0.7479633337951561,5.075192353762993,1.039533876388827
475.1,epoch3_bilat,0.2,0.2,0.9535911745390852,0.31540534051819186,0.7479039372974652,5.075182475902292,1.0394152561883625
475.2,epoch3_bilat,0.2,0.2,0.9535816386273398,0.31538957025116593,0.7478446837684141,5.07517252503064,1.0392967309498538
475.3,epoch3_bilat,0.2,0.2,0.9535721028109535,0.31537380077265337,0.7477855726540815,5.075162501219654,1.0391783006381021
475.4,epoch3_bilat,0.2,0.2,0.9535625670899254,0.31535803208261476,0.7477266034026654,5.075152404540917,1.0390599652175223
475.5,epoch3_bilat,0.2,0.2,0.9535530314642545,0.31534226418101063,0.7476677754644745,5.075142235065976,1.0389417246521442
475.6,epoch3_bilat,0.2,0.2,0.9535434959339398,0.3153264970678016,0.7476090882919206,5.07513199286634,1.0388235789056153
475.7,epoch3_bilat,0.2,0.2,0.9535339604989805,0.3153107307429482,0.7475505413395104,5.075121678013484,1.0387055279412032
475.8,epoch3_bilat,0.2,0.2,0.9535244251593755,0.31529496520641104,0.7474921340638375,5.075111290578845,1.0385875717217976
475.9,epoch3_bilat,0.2,0.2,0.9535148899151239,0.3152792004581507,0.7474338659235746,5.0751008306338266,1.038469710209913
476.0,epoch3_bilat,0.2,0.2,0.9535053547662248,0.3152634364981278,0.7473757363794656,5.075090298249791,1.0383519433676904
476.1,epoch3_bilat,0.2,0.2,0.9534958197126772,0.31524767332630294,0.7473177448943175,5.075079693498068,1.0382342711569001
476.2,epoch3_bilat,0.2,0.2,0.95348628475448,0.31523191094263664,0.7472598909329927,5.075069016449948,1.0381166935389434
476.3,epoch3_bilat,0.2,0.2,0.9534767498916326,0.3152161493470895,0.7472021739624014,5.075058267176684,1.0379992104748554
476.4,epoch3_bilat,0.2,0.2,0.9534672151241337,0.3152003885396222,0.7471445934514934,5.07504744574949,1.0378818219253068
476.5,epoch3_bilat,0.2,0.2,0.9534576804519824,0.3151846285201952,0.7470871488712506,5.0750365522395455,1.0377645278506062
476.6,epoch3_bilat,0.2,0.2,0.9534481458751779,0.3151688692887692,0.7470298396946792,5.075025586717989,1.0376473282107028
476.7,epoch3_bilat,0.2,0.2,0.9534386113937191,0.31515311084530473,0.7469726653968018,5.075014549255922,1.0375302229651877
476.8,epoch3_bilat,0.2,0.2,0.9534290770076052,0.31513735318976244,0.7469156254546504,5.075003439924408,1.0374132120732968
476.9,epoch3_bilat,0.2,0.2,0.953419542716835,0.31512159632210296,0.7468587193472579,5.07499225879447,1.0372962954939127
477.0,epoch3_bilat,0.2,0.2,0.9534100085214079,0.3151058402422868,0.7468019465556511,5.074981005937095,1.0371794731855666
477.1,epoch3_bilat,0.2,0.2,0.9534004744213227,0.31509008495027474,0.7467453065628428,5.0749696814232275,1.0370627451064411
477.2,epoch3_bilat,0.2,0.2,0.9533909404165785,0.31507433044602723,0.7466887988538242,5.074958285323775,1.0369461112143719
477.3,epoch3_bilat,0.2,0.2,0.9533814065071743,0.31505857672950494,0.7466324229155579,5.0749468177096055,1.03682957146685
477.4,epoch3_bilat,0.2,0.2,0.9533718726931092,0.31504282380066845,0.7465761782369696,5.074935278651546,1.036713125821024
477.5,epoch3_bilat,0.2,0.2,0.9533623389743823,0.3150270716594784,0.7465200643089415,5.074923668220386,1.036596774233702
477.6,epoch3_bilat,0.2,0.2,0.9533528053509925,0.31501132030589546,0.7464640806243038,5.074911986486872,1.0364805166613535
477.7,epoch3_bilat,0.2,0.2,0.953343271822939,0.3149955697398802,0.7464082266778285,5.074900233521712,1.0363643530601125
477.8,epoch3_bilat,0.2,0.2,0.9533337383902207,0.3149798199613932,0.746352501966221,5.074888409395572,1.0362482833857782
477.9,epoch3_bilat,0.2,0.2,0.9533242050528369,0.31496407097039514,0.7462969059881135,5.07487651417908,1.0361323075938182
478.0,epoch3_bilat,0.2,0.2,0.9533146718107863,0.31494832276684664,0.746241438244057,5.074864547942822,1.0360164256393698
478.1,epoch3_bilat,0.2,0.2,0.9533051386640682,0.3149325753507083,0.7461860982365145,5.074852510757341,1.0359006374772426
478.2,epoch3_bilat,0.2,0.2,0.9532956056126816,0.31491682872194077,0.7461308854698535,5.074840402693142,1.0357849430619204
478.3,epoch3_bilat,0.2,0.2,0.9532860726566255,0.31490108288050467,0.746075799450339,5.074828223820686,1.035669342347563
478.4,epoch3_bilat,0.2,0.2,0.9532765397958989,0.31488533782636063,0.7460208396861256,5.074815974210392,1.0355538352880087
478.5,epoch3_bilat,0.2,0.2,0.9532670070305009,0.3148695935594693,0.7459660056872515,5.0748036539326415,1.0354384218367758
478.6,epoch3_bilat,0.2,0.2,0.9532574743604306,0.31485385007979133,0.7459112969656299,5.07479126305777,1.0353231019470652
478.7,epoch3_bilat,0.2,0.2,0.9532479417856871,0.31483810738728735,0.7458567130350431,5.074778801656071,1.0352078755717617
478.8,epoch3_bilat,0.2,0.2,0.9532384093062692,0.314822365481918,0.7458022534111347,5.074766269797797,1.0350927426634369
478.9,epoch3_bilat,0.2,0.2,0.9532288769221762,0.3148066243636439,0.7457479176114028,5.074753667553158,1.0349777031743501
479.0,epoch3_bilat,0.2,0.2,0.953219344633407,0.3147908840324257,0.7456937051551927,5.074740994992321,1.0348627570564513
479.1,epoch3_bilat,0.2,0.2,0.9532098124399606,0.3147751444882241,0.7456396155636903,5.07472825218541,1.0347479042613823
479.2,epoch3_bilat,0.2,0.2,0.9532002803418362,0.31475940573099964,0.7455856483599145,5.074715439202506,1.0346331447404797
479.3,epoch3_bilat,0.2,0.2,0.9531907483390328,0.3147436677607131,0.7455318030687107,5.074702556113646,1.0345184784447758
479.4,epoch3_bilat,0.2,0.2,0.9531812164315494,0.31472793057732507,0.7454780792167437,5.074689602988826,1.0344039053250014
479.5,epoch3_bilat,0.2,0.2,0.9531716846193851,0.3147121941807962,0.7454244763324908,5.0746765798979965,1.0342894253315866
479.6,epoch3_bilat,0.2,0.2,0.9531621529025389,0.3146964585710872,0.7453709939462347,5.074663486911064,1.0341750384146644
479.7,epoch3_bilat,0.2,0.2,0.9531526212810099,0.31468072374815864,0.7453176315900572,5.074650324097891,1.0340607445240713
479.8,epoch3_bilat,0.2,0.2,0.953143089754797,0.3146649897119712,0.7452643887978315,5.074637091528298,1.0339465436093493
479.9,epoch3_bilat,0.2,0.2,0.9531335583238995,0.3146492564624856,0.7452112651052163,5.07462378927206,1.0338324356197486
480.0,epoch3_bilat,0.2,0.2,0.9531240269883162,0.3146335239996625,0.7451582600496481,5.074610417398907,1.0337184205042287
480.1,epoch3_bilat,0.2,0.2,0.9531144957480463,0.3146177923234625,0.7451053731703352,5.074596975978525,1.0336044982114607
480.2,epoch3_bilat,0.2,0.2,0.9531049646030888,0.31460206143384634,0.7450526040082506,5.074583465080556,1.033490668689829
480.3,epoch3_bilat,0.2,0.2,0.9530954335534427,0.3145863313307746,0.7449999521061251,5.074569884774595,1.0333769318874335
480.4,epoch3_bilat,0.2,0.2,0.9530859025991072,0.3145706020142081,0.7449474170084414,5.074556235130194,1.0332632877520909
480.5,epoch3_bilat,0.2,0.2,0.9530763717400812,0.3145548734841074,0.7448949982614261,5.074542516216859,1.0331497362313369
480.6,epoch3_bilat,0.2,0.2,0.9530668409763638,0.3145391457404332,0.7448426954130446,5.07452872810405,1.0330362772724282
480.7,epoch3_bilat,0.2,0.2,0.953057310307954,0.31452341878314616,0.7447905080129933,5.074514870861183,1.032922910822344
480.8,epoch3_bilat,0.2,0.2,0.953047779734851,0.314507692612207,0.7447384356126935,5.074500944557627,1.0328096368277881
480.9,epoch3_bilat,0.2,0.2,0.9530382492570536,0.3144919672275764,0.7446864777652847,5.074486949262706,1.0326964552351905
481.0,epoch3_bilat,0.2,0.2,0.9530287188745611,0.31447624262921503,0.7446346340256185,5.074472885045697,1.032583365990709
481.1,epoch3_bilat,0.2,0.2,0.9530191885873723,0.3144605188170836,0.7445829039502513,5.074458751975833,1.0324703690402321
481.2,epoch3_bilat,0.2,0.2,0.9530096583954865,0.31444479579114276,0.7445312870974384,5.074444550122297,1.0323574643293791
481.3,epoch3_bilat,0.2,0.2,0.9530001282989025,0.3144290735513532,0.7444797830271275,5.074430279554228,1.0322446518035036
481.4,epoch3_bilat,0.2,0.2,0.9529905982976195,0.3144133520976756,0.7444283913009517,5.074415940340719,1.0321319314076938
481.5,epoch3_bilat,0.2,0.2,0.9529810683916364,0.31439763143007077,0.7443771114822242,5.074401532550815,1.0320193030867753
481.6,epoch3_bilat,0.2,0.2,0.9529715385809525,0.31438191154849926,0.7443259431359306,5.074387056253514,1.0319067667853123
481.7,epoch3_bilat,0.2,0.2,0.9529620088655667,0.31436619245292186,0.7442748858287235,5.074372511517766,1.03179432244761
481.8,epoch3_bilat,0.2,0.2,0.952952479245478,0.3143504741432992,0.7442239391289156,5.074357898412478,1.0316819700177156
481.9,epoch3_bilat,0.2,0.2,0.9529429497206855,0.31433475661959204,0.7441731026064738,5.074343217006504,1.0315697094394203
482.0,epoch3_bilat,0.2,0.2,0.9529334202911883,0.3143190398817611,0.7441223758330127,5.074328467368654,1.0314575406562612
482.1,epoch3_bilat,0.2,0.2,0.9529238909569854,0.314303323929767,0.744071758381788,5.074313649567691,1.031345463611523
482.2,epoch3_bilat,0.2,0.2,0.9529143617180758,0.31428760876357054,0.7440212498276909,5.074298763672328,1.0312334782482393
482.3,epoch3_bilat,0.2,0.2,0.9529048325744586,0.31427189438313236,0.7439708497472416,5.07428380975123,1.031121584509195
482.4,epoch3_bilat,0.2,0.2,0.9528953035261328,0.3142561807884132,0.7439205577185829,5.074268787873015,1.0310097823369275
482.5,epoch3_bilat,0.2,0.2,0.9528857745730975,0.31424046797937377,0.7438703733214742,5.0742536981062525,1.0308980716737286
482.6,epoch3_bilat,0.2,0.2,0.9528762457153518,0.3142247559559748,0.7438202961372854,5.074238540519465,1.030786452461646
482.7,epoch3_bilat,0.2,0.2,0.9528667169528946,0.314209044718177,0.7437703257489906,5.074223315181124,1.0306749246424851
482.8,epoch3_bilat,0.2,0.2,0.9528571882857251,0.3141933342659411,0.7437204617411621,5.074208022159654,1.030563488157811
482.9,epoch3_bilat,0.2,0.2,0.9528476597138422,0.3141776245992278,0.7436707036999645,5.074192661523432,1.0304521429489493
483.0,epoch3_bilat,0.2,0.2,0.952838131237245,0.31416191571799784,0.7436210512131481,5.074177233340782,1.0303408889569885
483.1,epoch3_bilat,0.2,0.2,0.9528286028559326,0.31414620762221196,0.7435715038700438,5.074161737679983,1.0302297261227817
483.2,epoch3_bilat,0.2,0.2,0.9528190745699041,0.3141305003118309,0.7435220612615558,5.074146174609263,1.030118654386948
483.3,epoch3_bilat,0.2,0.2,0.9528095463791584,0.3141147937868153,0.7434727229801569,5.074130544196801,1.0300076736898738
483.4,epoch3_bilat,0.2,0.2,0.9528000182836945,0.31409908804712594,0.7434234886198815,5.074114846510727,1.0298967839717146
483.5,epoch3_bilat,0.2,0.2,0.9527904902835117,0.3140833830927236,0.7433743577763204,5.074099081619122,1.0297859851723972
483.6,epoch3_bilat,0.2,0.2,0.9527809623786089,0.31406767892356896,0.7433253300466146,5.074083249590014,1.0296752772316207
483.7,epoch3_bilat,0.2,0.2,0.952771434568985,0.3140519755396228,0.743276405029449,5.0740673504913865,1.0295646600888582
483.8,epoch3_bilat,0.2,0.2,0.9527619068546394,0.3140362729408458,0.7432275823250473,5.074051384391169,1.0294541336833585
483.9,epoch3_bilat,0.2,0.2,0.9527523792355708,0.3140205711271988,0.7431788615351654,5.074035351357243,1.0293436979541477
484.0,epoch3_bilat,0.2,0.2,0.9527428517117784,0.3140048700986424,0.7431302422630863,5.074019251457439,1.0292333528400308
484.1,epoch3_bilat,0.2,0.2,0.9527333242832613,0.3139891698551375,0.7430817241136136,5.074003084759536,1.0291230982795931
484.2,epoch3_bilat,0.2,0.2,0.9527237969500184,0.3139734703966447,0.7430333066930661,5.073986851331265,1.029012934211202
484.3,epoch3_bilat,0.2,0.2,0.9527142697120489,0.31395777172312483,0.742984989609272,5.073970551240305,1.0289028605730084
484.4,epoch3_bilat,0.2,0.2,0.9527047425693518,0.3139420738345387,0.7429367724715628,5.073954184554285,1.0287928773029484
484.5,epoch3_bilat,0.2,0.2,0.952695215521926,0.313926376730847,0.7428886548907683,5.073937751340784,1.0286829843387446
484.6,epoch3_bilat,0.2,0.2,0.9526856885697709,0.3139106804120105,0.7428406364792102,5.073921251667328,1.0285731816179078
484.7,epoch3_bilat,0.2,0.2,0.9526761617128852,0.3138949848779899,0.7427927168506967,5.073904685601393,1.0284634690777386
484.8,epoch3_bilat,0.2,0.2,0.952666634951268,0.313879290128746,0.7427448956205168,5.073888053210404,1.0283538466553288
484.9,epoch3_bilat,0.2,0.2,0.9526571082849186,0.31386359616423953,0.7426971724054349,5.073871354561736,1.028244314287563
485.0,epoch3_bilat,0.2,0.2,0.9526475817138357,0.3138479029844313,0.7426495468236848,5.0738545897227105,1.02813487191112
485.1,epoch3_bilat,0.2,0.2,0.9526380552380186,0.3138322105892821,0.7426020184949642,5.0738377587605985,1.0280255194624746
485.2,epoch3_bilat,0.2,0.2,0.9526285288574662,0.3138165189787527,0.7425545870404294,5.073820861742619,1.0279162568778983
485.3,epoch3_bilat,0.2,0.2,0.9526190025721776,0.31380082815280375,0.7425072520826895,5.073803898735941,1.0278070840934623
485.4,epoch3_bilat,0.2,0.2,0.9526094763821519,0.3137851381113961,0.7424600132458009,5.0737868698076785,1.0276980010450374
485.5,epoch3_bilat,0.2,0.2,0.9525999502873881,0.3137694488544905,0.7424128701552618,5.073769775024897,1.027589007668296
485.6,epoch3_bilat,0.2,0.2,0.9525904242878852,0.3137537603820478,0.7423658224380068,5.073752614454608,1.0274801038987145
485.7,epoch3_bilat,0.2,0.2,0.9525808983836423,0.31373807269402865,0.742318869722401,5.0737353881637715,1.027371289671573
485.8,epoch3_bilat,0.2,0.2,0.9525713725746585,0.31372238579039396,0.7422720116382355,5.073718096219295,1.0272625649219584
485.9,epoch3_bilat,0.2,0.2,0.9525618468609328,0.3137066996711044,0.742225247816721,5.073700738688034,1.0271539295847651
486.0,epoch3_bilat,0.2,0.2,0.9525523212424643,0.3136910143361209,0.7421785778904827,5.073683315636791,1.0270453835946962
486.1,epoch3_bilat,0.2,0.2,0.9525427957192518,0.3136753297854041,0.7421320014935553,5.073665827132317,1.0269369268862654
486.2,epoch3_bilat,0.2,0.2,0.9525332702912946,0.31365964601891483,0.7420855182613771,5.07364827324131,1.0268285593937985
486.3,epoch3_bilat,0.2,0.2,0.9525237449585917,0.3136439630366139,0.742039127830785,5.073630654030414,1.0267202810514342
486.4,epoch3_bilat,0.2,0.2,0.9525142197211421,0.31362828083846206,0.7419928298400088,5.073612969566223,1.0266120917931263
486.5,epoch3_bilat,0.2,0.2,0.9525046945789449,0.31361259942442016,0.7419466239286665,5.073595219915274,1.0265039915526446
486.6,epoch3_bilat,0.2,0.2,0.9524951695319992,0.31359691879444895,0.7419005097377586,5.073577405144054,1.0263959802635765
486.7,epoch3_bilat,0.2,0.2,0.9524856445803038,0.31358123894850926,0.7418544869096625,5.073559525318996,1.0262880578593283
486.8,epoch3_bilat,0.2,0.2,0.952476119723858,0.3135655598865618,0.7418085550881282,5.07354158050648,1.0261802242731266
486.9,epoch3_bilat,0.2,0.2,0.9524665949626608,0.3135498816085675,0.7417627139182721,5.073523570772832,1.0260724794380198
487.0,epoch3_bilat,0.2,0.2,0.9524570702967112,0.31353420411448707,0.7417169630465726,5.073505496184326,1.0259648232868792
487.1,epoch3_bilat,0.2,0.2,0.9524475457260083,0.3135185274042813,0.7416713021208643,5.073487356807179,1.0258572557524008
487.2,epoch3_bilat,0.2,0.2,0.9524380212505511,0.3135028514779111,0.741625730790333,5.07346915270756,1.0257497767671064
487.3,epoch3_bilat,0.2,0.2,0.9524284968703386,0.31348717633533724,0.7415802487055109,5.073450883951579,1.025642386263345
487.4,epoch3_bilat,0.2,0.2,0.9524189725853699,0.31347150197652046,0.741534855518271,5.073432550605295,1.0255350841732942
487.5,epoch3_bilat,0.2,0.2,0.952409448395644,0.3134558284014216,0.7414895508818223,5.0734141527347125,1.025427870428961
487.6,epoch3_bilat,0.2,0.2,0.95239992430116,0.31344015561000155,0.7414443344507046,5.073395690405781,1.0253207449621844
487.7,epoch3_bilat,0.2,0.2,0.952390400301917,0.313424483602221,0.7413992058807833,5.073377163684397,1.0252137077046355
487.8,epoch3_bilat,0.2,0.2,0.952380876397914,0.3134088123780409,0.7413541648292448,5.073358572636404,1.0251067585878193
487.9,epoch3_bilat,0.2,0.2,0.9523713525891501,0.313393141937422,0.7413092109545907,5.073339917327589,1.0249998975430763
488.0,epoch3_bilat,0.2,0.2,0.9523618288756242,0.31337747228032514,0.7412643439166337,5.0733211978236845,1.0248931245015833
488.1,epoch3_bilat,0.2,0.2,0.9523523052573354,0.3133618034067111,0.741219563376492,5.073302414190371,1.024786439394355
488.2,epoch3_bilat,0.2,0.2,0.9523427817342828,0.31334613531654076,0.7411748689965844,5.073283566493273,1.0246798421522454
488.3,epoch3_bilat,0.2,0.2,0.9523332583064654,0.31333046800977493,0.7411302604406256,5.073264654797959,1.0245733327059487
488.4,epoch3_bilat,0.2,0.2,0.9523237349738823,0.3133148014863744,0.7410857373736209,5.073245679169945,1.024466910986001
488.5,epoch3_bilat,0.2,0.2,0.9523142117365326,0.3132991357463001,0.7410412994618618,5.073226639674693,1.0243605769227815
488.6,epoch3_bilat,0.2,0.2,0.9523046885944153,0.31328347078951274,0.7409969463729205,5.073207536377606,1.0242543304465135
488.7,epoch3_bilat,0.2,0.2,0.9522951655475294,0.31326780661597325,0.7409526777756453,5.073188369344036,1.024148171487266
488.8,epoch3_bilat,0.2,0.2,0.9522856425958739,0.31325214322564243,0.7409084933401561,5.073169138639279,1.0240420999749549
488.9,epoch3_bilat,0.2,0.2,0.9522761197394479,0.31323648061848114,0.7408643927378388,5.073149844328574,1.023936115839344
489.0,epoch3_bilat,0.2,0.2,0.9522665969782506,0.31322081879445024,0.740820375641341,5.073130486477107,1.0238302190100468
489.1,epoch3_bilat,0.2,0.2,0.9522570743122808,0.31320515775351054,0.7407764417245671,5.073111065150009,1.0237244094165272
489.2,epoch3_bilat,0.2,0.2,0.9522475517415376,0.31318949749562286,0.7407325906626738,5.0730915804123535,1.023618686988101
489.3,epoch3_bilat,0.2,0.2,0.9522380292660202,0.31317383802074805,0.7406888221320646,5.0730720323291605,1.023513051653937
489.4,epoch3_bilat,0.2,0.2,0.9522285068857276,0.31315817932884704,0.7406451358103855,5.073052420965394,1.0234075033430585
489.5,epoch3_bilat,0.2,0.2,0.9522189846006587,0.3131425214198806,0.7406015313765205,5.073032746385961,1.0233020419843444
489.6,epoch3_bilat,0.2,0.2,0.9522094624108127,0.3131268642938096,0.7405580085105865,5.073013008655714,1.0231966675065303
489.7,epoch3_bilat,0.2,0.2,0.9521999403161886,0.3131112079505949,0.7405145668939286,5.072993207839451,1.0230913798382097
489.8,epoch3_bilat,0.2,0.2,0.9521904183167854,0.3130955523901974,0.7404712062091158,5.0729733440019125,1.0229861789078356
489.9,epoch3_bilat,0.2,0.2,0.9521808964126023,0.3130798976125779,0.7404279261399359,5.072953417207784,1.022881064643721
490.0,epoch3_bilat,0.2,0.2,0.9521713746036382,0.31306424361769725,0.7403847263713911,5.0729334275216935,1.0227760369740406
490.1,epoch3_bilat,0.2,0.2,0.9521618528898922,0.31304859040551636,0.7403416065896934,5.072913375008215,1.0226710958268324
490.2,epoch3_bilat,0.2,0.2,0.9521523312713633,0.3130329379759961,0.7402985664822598,5.072893259731866,1.0225662411299978
490.3,epoch3_bilat,0.2,0.2,0.9521428097480507,0.31301728632909726,0.7402556057377078,5.072873081757106,1.0224614728113037
490.4,epoch3_bilat,0.2,0.2,0.9521332883199531,0.3130016354647808,0.740212724045851,5.072852841148341,1.022356790798383
490.5,epoch3_bilat,0.2,0.2,0.9521237669870699,0.3129859853830076,0.7401699210976944,5.072832537969918,1.0222521950187367
490.6,epoch3_bilat,0.2,0.2,0.9521142457494001,0.3129703360837384,0.7401271965854296,5.07281217228613,1.0221476853997338
490.7,epoch3_bilat,0.2,0.2,0.9521047246069426,0.31295468756693423,0.7400845502024308,5.072791744161212,1.0220432618686137
490.8,epoch3_bilat,0.2,0.2,0.9520952035596966,0.3129390398325559,0.7400419816432499,5.072771253659344,1.0219389243524868
490.9,epoch3_bilat,0.2,0.2,0.952085682607661,0.31292339288056426,0.7399994906036121,5.072750700844647,1.0218346727783352
491.0,epoch3_bilat,0.2,0.2,0.952076161750835,0.31290774671092025,0.7399570767804117,5.072730085781188,1.0217305070730145
491.1,epoch3_bilat,0.2,0.2,0.9520666409892174,0.3128921013235847,0.7399147398717071,5.072709408532976,1.0216264271632547
491.2,epoch3_bilat,0.2,0.2,0.9520571203228075,0.3128764567185185,0.739872479576717,5.072688669163963,1.0215224329756616
491.3,epoch3_bilat,0.2,0.2,0.9520475997516044,0.31286081289568257,0.7398302955958154,5.072667867738044,1.0214185244367175
491.4,epoch3_bilat,0.2,0.2,0.9520380792756068,0.3128451698550378,0.7397881876305276,5.072647004319059,1.0213147014727826
491.5,epoch3_bilat,0.2,0.2,0.9520285588948141,0.31282952759654503,0.7397461553835257,5.072626078970789,1.0212109640100957
491.6,epoch3_bilat,0.2,0.2,0.9520190386092251,0.3128138861201652,0.7397041985586241,5.072605091756959,1.021107311974776
491.7,epoch3_bilat,0.2,0.2,0.952009518418839,0.3127982454258592,0.7396623168607754,5.072584042741236,1.0210037452928238
491.8,epoch3_bilat,0.2,0.2,0.9519999983236548,0.31278260551358794,0.7396205099960658,5.072562931987231,1.0209002638901215
491.9,epoch3_bilat,0.2,0.2,0.9519904783236716,0.31276696638331225,0.7395787776717109,5.072541759558497,1.0207968676924348
492.0,epoch3_bilat,0.2,0.2,0.9519809584188883,0.31275132803499306,0.7395371195960514,5.072520525518531,1.0206935566254143
492.1,epoch3_bilat,0.2,0.2,0.9519714386093041,0.3127356904685913,0.7394955354785488,5.07249922993077,1.0205903306145954
492.2,epoch3_bilat,0.2,0.2,0.951961918894918,0.31272005368406786,0.7394540250297813,5.072477872858596,1.0204871895854006
492.3,epoch3_bilat,0.2,0.2,0.951952399275729,0.31270441768138363,0.7394125879614392,5.072456454365334,1.02038413346314
492.4,epoch3_bilat,0.2,0.2,0.9519428797517363,0.3126887824604996,0.7393712239863208,5.072434974514249,1.0202811621730123
492.5,epoch3_bilat,0.2,0.2,0.9519333603229387,0.3126731480213766,0.7393299328183285,5.072413433368551,1.020178275640106
492.6,epoch3_bilat,0.2,0.2,0.9519238409893355,0.3126575143639755,0.739288714172464,5.07239183099139,1.0200754737894007
492.7,epoch3_bilat,0.2,0.2,0.9519143217509256,0.3126418814882573,0.7392475677648247,5.072370167445861,1.0199727565457675
492.8,epoch3_bilat,0.2,0.2,0.951904802607708,0.3126262493941829,0.739206493312599,5.072348442795,1.019870123833971
492.9,epoch3_bilat,0.2,0.2,0.951895283559682,0.31261061808171314,0.7391654905340626,5.072326657101784,1.0197675755786693
493.0,epoch3_bilat,0.2,0.2,0.9518857646068464,0.31259498755080906,0.739124559148574,5.072304810429134,1.0196651117044158
493.1,epoch3_bilat,0.2,0.2,0.9518762457492003,0.31257935780143153,0.7390836988765707,5.072282902839914,1.01956273213566
493.2,epoch3_bilat,0.2,0.2,0.9518667269867428,0.31256372883354144,0.7390429094395646,5.072260934396928,1.0194604367967484
493.3,epoch3_bilat,0.2,0.2,0.951857208319473,0.31254810064709976,0.7390021905601387,5.072238905162921,1.0193582256119258
493.4,epoch3_bilat,0.2,0.2,0.9518476897473898,0.3125324732420674,0.7389615419619422,5.0722168152005835,1.019256098505336
493.5,epoch3_bilat,0.2,0.2,0.9518381712704923,0.3125168466184053,0.7389209633696867,5.072194664572546,1.0191540554010232
493.6,epoch3_bilat,0.2,0.2,0.9518286528887796,0.31250122077607434,0.7388804545091425,5.072172453341381,1.0190520962229326
493.7,epoch3_bilat,0.2,0.2,0.9518191346022508,0.31248559571503554,0.7388400151071342,5.072150181569602,1.0189502208949115
493.8,epoch3_bilat,0.2,0.2,0.9518096164109048,0.3124699714352498,0.7387996448915366,5.072127849319665,1.0188484293407105
493.9,epoch3_bilat,0.2,0.2,0.9518000983147407,0.31245434793667803,0.7387593435912712,5.07210545665397,1.0187467214839843
494.0,epoch3_bilat,0.2,0.2,0.9517905803137575,0.3124387252192812,0.7387191109363015,5.072083003634856,1.018645097248293
494.1,epoch3_bilat,0.2,0.2,0.9517810624079543,0.3124231032830202,0.7386789466576297,5.072060490324604,1.0185435565571026
494.2,epoch3_bilat,0.2,0.2,0.9517715445973303,0.3124074821278561,0.7386388504872923,5.072037916785436,1.0184420993337864
494.3,epoch3_bilat,0.2,0.2,0.9517620268818843,0.31239186175374967,0.7385988221583564,5.072015283079518,1.0183407255016257
494.4,epoch3_bilat,0.2,0.2,0.9517525092616155,0.31237624216066195,0.7385588614049157,5.071992589268956,1.018239434983811
494.5,epoch3_bilat,0.2,0.2,0.9517429917365229,0.3123606233485539,0.7385189679620864,5.071969835415797,1.018138227703443
494.6,epoch3_bilat,0.2,0.2,0.9517334743066055,0.31234500531738646,0.7384791415660037,5.071947021582031,1.0180371035835327
494.7,epoch3_bilat,0.2,0.2,0.9517239569718624,0.3123293880671206,0.7384393819538175,5.071924147829588,1.017936062547004
494.8,epoch3_bilat,0.2,0.2,0.9517144397322926,0.3123137715977172,0.7383996888636889,5.071901214220339,1.0178351045166931
494.9,epoch3_bilat,0.2,0.2,0.9517049225878953,0.31229815590913734,0.738360062034786,5.071878220816098,1.0177342294153504
495.0,epoch3_bilat,0.2,0.2,0.9516954055386694,0.3122825410013419,0.7383205012072803,5.071855167678619,1.017633437165641
495.1,epoch3_bilat,0.2,0.2,0.951685888584614,0.3122669268742918,0.7382810061223428,5.071832054869598,1.0175327276901458
495.2,epoch3_bilat,0.2,0.2,0.9516763717257282,0.3122513135279481,0.7382415765221402,5.071808882450672,1.0174321009113623
495.3,epoch3_bilat,0.2,0.2,0.9516668549620109,0.3122357009622717,0.7382022121498311,5.071785650483419,1.0173315567517056
495.4,epoch3_bilat,0.2,0.2,0.9516573382934612,0.3122200891772236,0.7381629127495621,5.071762359029359,1.0172310951335095
495.5,epoch3_bilat,0.2,0.2,0.9516478217200783,0.31220447817276475,0.7381236780664645,5.07173900814995,1.0171307159790273
495.6,epoch3_bilat,0.2,0.2,0.9516383052418611,0.31218886794885614,0.7380845078466498,5.0717155979065955,1.0170304192104322
495.7,epoch3_bilat,0.2,0.2,0.9516287888588086,0.3121732585054587,0.7380454018372065,5.071692128360637,1.0169302047498194
495.8,epoch3_bilat,0.2,0.2,0.95161927257092,0.3121576498425334,0.7380063597861962,5.071668599573359,1.0168300725192059
495.9,epoch3_bilat,0.2,0.2,0.9516097563781943,0.3121420419600413,0.7379673814426502,5.071645011605984,1.0167300224405318
496.0,epoch3_bilat,0.2,0.2,0.9516002402806305,0.3121264348579433,0.7379284665565652,5.071621364519678,1.0166300544356612
496.1,epoch3_bilat,0.2,0.2,0.9515907242782277,0.31211082853620037,0.7378896148789,5.0715976583755475,1.0165301684263832
496.2,epoch3_bilat,0.2,0.2,0.9515812083709849,0.31209522299477355,0.7378508261615719,5.07157389323464,1.0164303643344128
496.3,epoch3_bilat,0.2,0.2,0.9515716925589012,0.3120796182336238,0.7378121001574529,5.071550069157942,1.0163306420813913
496.4,epoch3_bilat,0.2,0.2,0.9515621768419756,0.31206401425271213,0.7377734366203661,5.071526186206382,1.016231001588888
496.5,epoch3_bilat,0.2,0.2,0.9515526612202072,0.3120484110519995,0.737734835305082,5.071502244440831,1.0161314427784003
496.6,epoch3_bilat,0.2,0.2,0.951543145693595,0.3120328086314469,0.7376962959673149,5.071478243922098,1.016031965571355
496.7,epoch3_bilat,0.2,0.2,0.9515336302621381,0.3120172069910153,0.7376578183637195,5.071454184710934,1.015932569889109
496.8,epoch3_bilat,0.2,0.2,0.9515241149258354,0.31200160613066574,0.737619402251887,5.07143006686803,1.0158332556529506
496.9,epoch3_bilat,0.2,0.2,0.9515145996846862,0.3119860060503592,0.737581047390342,5.0714058904540185,1.0157340227840994
497.0,epoch3_bilat,0.2,0.2,0.9515050845386893,0.31197040675005666,0.7375427535385383,5.071381655529472,1.0156348712037082
497.1,epoch3_bilat,0.2,0.2,0.951495569487844,0.31195480822971916,0.7375045204568558,5.071357362154904,1.0155358008328632
497.2,epoch3_bilat,0.2,0.2,0.9514860545321491,0.3119392104893077,0.7374663479065968,5.071333010390768,1.0154368115925854
497.3,epoch3_bilat,0.2,0.2,0.9514765396716037,0.31192361352878323,0.7374282356499828,5.071308600297459,1.0153379034038303
497.4,epoch3_bilat,0.2,0.2,0.951467024906207,0.3119080173481068,0.7373901834501506,5.07128413193531,1.0152390761874905
497.5,epoch3_bilat,0.2,0.2,0.951457510235958,0.3118924219472394,0.7373521910711489,5.071259605364598,1.015140329864395
497.6,epoch3_bilat,0.2,0.2,0.9514479956608557,0.311876827326142,0.7373142582779348,5.071235020645538,1.0150416643553106
497.7,epoch3_bilat,0.2,0.2,0.9514384811808991,0.31186123348477574,0.7372763848363707,5.071210377838287,1.0149430795809429
497.8,epoch3_bilat,0.2,0.2,0.9514289667960873,0.3118456404231015,0.7372385705132202,5.07118567700294,1.0148445754619368
497.9,epoch3_bilat,0.2,0.2,0.9514194525064193,0.31183004814108034,0.7372008150761452,5.071160918199535,1.0147461519188776
498.0,epoch3_bilat,0.2,0.2,0.9514099383118942,0.3118144566386733,0.7371631182937024,5.071136101488049,1.0146478088722917
498.1,epoch3_bilat,0.2,0.2,0.9514004242125111,0.3117988659158414,0.7371254799353397,5.0711112269284,1.014549546242647
498.2,epoch3_bilat,0.2,0.2,0.951390910208269,0.31178327597254557,0.7370878997713928,5.071086294580445,1.0144513639503545
498.3,epoch3_bilat,0.2,0.2,0.951381396299167,0.31176768680874695,0.737050377573082,5.071061304503982,1.0143532619157687
498.4,epoch3_bilat,0.2,0.2,0.951371882485204,0.3117520984244065,0.7370129131125086,5.071036256758751,1.0142552400591882
498.5,epoch3_bilat,0.2,0.2,0.9513623687663791,0.3117365108194853,0.736975506162652,5.071011151404428,1.0141572983008567
498.6,epoch3_bilat,0.2,0.2,0.9513528551426915,0.3117209239939443,0.7369381564973655,5.0709859885006345,1.0140594365609639
498.7,epoch3_bilat,0.2,0.2,0.9513433416141401,0.3117053379477446,0.7369008638913739,5.070960768106928,1.013961654759646
498.8,epoch3_bilat,0.2,0.2,0.951333828180724,0.3116897526808472,0.7368636281202696,5.070935490282808,1.0138639528169868
498.9,epoch3_bilat,0.2,0.2,0.9513243148424422,0.31167416819321314,0.7368264489605095,5.070910155087714,1.0137663306530185
499.0,epoch3_bilat,0.2,0.2,0.9513148015992937,0.3116585844848035,0.7367893261894117,5.070884762581025,1.0136687881877218
499.1,epoch3_bilat,0.2,0.2,0.9513052884512777,0.3116430015555792,0.736752259585152,5.070859312822061,1.0135713253410275
499.2,epoch3_bilat,0.2,0.2,0.9512957753983932,0.3116274194055014,0.736715248926761,5.070833805870082,1.0134739420328167
499.3,epoch3_bilat,0.2,0.2,0.9512862624406392,0.31161183803453113,0.7366782939941205,5.070808241784287,1.0133766381829221
499.4,epoch3_bilat,0.2,0.2,0.9512767495780148,0.3115962574426294,0.7366413945679605,5.070782620623817,1.0132794137111283
499.5,epoch3_bilat,0.2,0.2,0.951267236810519,0.3115806776297573,0.7366045504298557,5.070756942447749,1.0131822685371727
499.6,epoch3_bilat,0.2,0.2,0.9512577241381508,0.3115650985958758,0.7365677613622227,5.070731207315107,1.0130852025807464
499.7,epoch3_bilat,0.2,0.2,0.9512482115609094,0.31154952034094596,0.7365310271483163,5.070705415284848,1.0129882157614947
499.8,epoch3_bilat,0.2,0.2,0.9512386990787939,0.3115339428649289,0.7364943475722265,5.070679566415872,1.0128913079990178
499.9,epoch3_bilat,0.2,0.2,0.9512291866918031,0.31151836616778567,0.7364577224188756,5.07065366076702,1.012794479212872
500.0,epoch3_bilat,0.2,0.2,0.9512196743999362,0.3115027902494773,0.7364211514740147,5.070627698397071,1.0126977293225699
500.1,epoch3_bilat,0.2,0.2,0.9512101622031921,0.31148721510996485,0.7363846345242202,5.070601679364745,1.0126010582475813
500.2,epoch3_bilat,0.2,0.2,0.9512006501015701,0.31147164074920936,0.7363481713568916,5.0705756037287015,1.0125044659073343
500.3,epoch3_bilat,0.2,0.2,0.951191138095069,0.3114560671671719,0.7363117617602475,5.070549471547541,1.0124079522212157
500.4,epoch3_bilat,0.2,0.2,0.9511816261836881,0.31144049436381355,0.7362754055233229,5.070523282879803,1.0123115171085715
500.5,epoch3_bilat,0.2,0.2,0.9511721143674262,0.31142492233909536,0.736239102435966,5.070497037783966,1.012215160488708
500.6,epoch3_bilat,0.2,0.2,0.9511626026462825,0.3114093510929784,0.7362028522888351,5.070470736318449,1.0121188822808922
500.7,epoch3_bilat,0.2,0.2,0.951153091020256,0.3113937806254238,0.7361666548733954,5.0704443785416125,1.0120226824043528
500.8,epoch3_bilat,0.2,0.2,0.9511435794893458,0.3113782109363925,0.736130509981916,5.070417964511755,1.0119265607782808
500.9,epoch3_bilat,0.2,0.2,0.9511340680535509,0.3113626420258457,0.7360944174074668,5.070391494287115,1.0118305173218303
501.0,epoch3_bilat,0.2,0.2,0.9511245567128704,0.3113470738937444,0.7360583769439158,5.070364967925872,1.0117345519541188
501.1,epoch3_bilat,0.2,0.2,0.9511150454673033,0.3113315065400497,0.7360223883859255,5.070338385486145,1.0116386645942286
501.2,epoch3_bilat,0.2,0.2,0.9511055343168486,0.31131593996472273,0.7359864515289499,5.070311747025991,1.0115428551612067
501.3,epoch3_bilat,0.2,0.2,0.9510960232615054,0.3113003741677245,0.735950566169232,5.070285052603409,1.011447123574066
501.4,epoch3_bilat,0.2,0.2,0.9510865123012728,0.31128480914901613,0.7359147321038005,5.070258302276337,1.011351469751786
501.5,epoch3_bilat,0.2,0.2,0.9510770014361498,0.3112692449085587,0.7358789491304667,5.070231496102654,1.0112558936133134
501.6,epoch3_bilat,0.2,0.2,0.9510674906661355,0.31125368144631327,0.7358432170478215,5.070204634140175,1.011160395077562
501.7,epoch3_bilat,0.2,0.2,0.9510579799912289,0.31123811876224095,0.7358075356552326,5.07017771644666,1.0110649740634152
501.8,epoch3_bilat,0.2,0.2,0.951048469411429,0.31122255685630285,0.7357719047528415,5.070150743079806,1.0109696304897247
501.9,epoch3_bilat,0.2,0.2,0.9510389589267348,0.31120699572846006,0.7357363241415604,5.070123714097248,1.0108743642753122
502.0,epoch3_bilat,0.2,0.2,0.9510294485371455,0.3111914353786736,0.7357007936230696,5.070096629556564,1.0107791753389703
502.1,epoch3_bilat,0.2,0.2,0.9510199382426602,0.3111758758069047,0.7356653129998141,5.07006948951527,1.0106840635994625
502.2,epoch3_bilat,0.2,0.2,0.9510104280432777,0.31116031701311436,0.7356298820750009,5.070042294030824,1.010589028975524
502.3,epoch3_bilat,0.2,0.2,0.9510009179389973,0.3111447589972637,0.7355945006525964,5.07001504316062,1.0104940713858623
502.4,epoch3_bilat,0.2,0.2,0.950991407929818,0.3111292017593138,0.7355591685373227,5.069987736961995,1.0103991907491587
502.5,epoch3_bilat,0.2,0.2,0.9509818980157386,0.31111364529922586,0.7355238855346559,5.069960375492224,1.010304386984068
502.6,epoch3_bilat,0.2,0.2,0.9509723881967584,0.3110980896169609,0.7354886514508219,5.069932958808522,1.010209660009219
502.7,epoch3_bilat,0.2,0.2,0.9509628784728765,0.31108253471248004,0.7354534660927946,5.069905486968045,1.0101150097432157
502.8,epoch3_bilat,0.2,0.2,0.9509533688440918,0.3110669805857444,0.7354183292682925,5.0698779600278865,1.010020436104638
502.9,epoch3_bilat,0.2,0.2,0.9509438593104034,0.3110514272367151,0.7353832407857761,5.069850378045081,1.0099259390120425
503.0,epoch3_bilat,0.2,0.2,0.9509343498718102,0.31103587466535326,0.7353482004544448,5.069822741076604,1.0098315183839621
503.1,epoch3_bilat,0.2,0.2,0.9509248405283115,0.31102032287162,0.7353132080842344,5.069795049179367,1.0097371741389074
503.2,epoch3_bilat,0.2,0.2,0.9509153312799062,0.3110047718554764,0.7352782634858139,5.069767302410226,1.0096429061953673
503.3,epoch3_bilat,0.2,0.2,0.9509058221265935,0.31098922161688364,0.7352433664705832,5.069739500825974,1.0095487144718098
503.4,epoch3_bilat,0.2,0.2,0.9508963130683722,0.3109736721558028,0.7352085168506699,5.069711644483342,1.009454598886682
503.5,epoch3_bilat,0.2,0.2,0.9508868041052415,0.310958123472195,0.7351737144389268,5.069683733439005,1.0093605593584114
503.6,epoch3_bilat,0.2,0.2,0.9508772952372004,0.3109425755660214,0.7351389590489287,5.069655767749574,1.0092665958054057
503.7,epoch3_bilat,0.2,0.2,0.9508677864642481,0.31092702843724307,0.7351042504949702,5.0696277474716025,1.0091727081460542
503.8,epoch3_bilat,0.2,0.2,0.9508582777863834,0.3109114820858212,0.7350695885920627,5.069599672661582,1.0090788962987283
503.9,epoch3_bilat,0.2,0.2,0.9508487692036056,0.31089593651171693,0.7350349731559316,5.069571543375943,1.0089851601817814
504.0,epoch3_bilat,0.2,0.2,0.9508392607159136,0.31088039171489135,0.7350004040030136,5.069543359671059,1.0088914997135505
504.1,epoch3_bilat,0.2,0.2,0.9508297523233065,0.3108648476953056,0.734965880950454,5.069515121603239,1.008797914812356
504.2,epoch3_bilat,0.2,0.2,0.9508202440257832,0.3108493044529208,0.7349314038161041,5.069486829228735,1.0087044053965026
504.3,epoch3_bilat,0.2,0.2,0.950810735823343,0.31083376198769813,0.7348969724185185,5.069458482603737,1.00861097138428
504.4,epoch3_bilat,0.2,0.2,0.9508012277159847,0.31081822029959877,0.734862586576952,5.069430081784376,1.008517612693963
504.5,epoch3_bilat,0.2,0.2,0.9507917197037076,0.3108026793885838,0.7348282461113577,5.069401626826722,1.008424329243813
504.6,epoch3_bilat,0.2,0.2,0.9507822117865106,0.3107871392546144,0.7347939508423835,5.0693731177867845,1.0083311209520778
504.7,epoch3_bilat,0.2,0.2,0.9507727039643927,0.31077159989765163,0.7347597005913702,5.069344554720513,1.0082379877369922
504.8,epoch3_bilat,0.2,0.2,0.9507631962373531,0.31075606131765676,0.7347254951803482,5.069315937683797,1.008144929516779
504.9,epoch3_bilat,0.2,0.2,0.9507536886053907,0.31074052351459086,0.7346913344320354,5.069287266732465,1.0080519462096493
505.0,epoch3_bilat,0.2,0.2,0.9507441810685047,0.3107249864884151,0.7346572181698342,5.069258541922286,1.0079590377338032
505.1,epoch3_bilat,0.2,0.2,0.950734673626694,0.3107094502390907,0.7346231462178291,5.06922976330897,1.0078662040074302
505.2,epoch3_bilat,0.2,0.2,0.9507251662799577,0.31069391476657876,0.7345891184007839,5.069200930948163,1.00777344494871
505.3,epoch3_bilat,0.2,0.2,0.9507156590282949,0.3106783800708404,0.7345551345441395,5.069172044895455,1.0076807604758122
505.4,epoch3_bilat,0.2,0.2,0.9507061518717046,0.31066284615183687,0.7345211944740107,5.069143105206373,1.0075881505068989
505.5,epoch3_bilat,0.2,0.2,0.9506966448101859,0.3106473130095293,0.7344872980171843,5.0691141119363845,1.0074956149601226
505.6,epoch3_bilat,0.2,0.2,0.9506871378437378,0.3106317806438788,0.734453445001116,5.069085065140897,1.0074031537536288
505.7,epoch3_bilat,0.2,0.2,0.9506776309723594,0.31061624905484664,0.7344196352539281,5.069055964875259,1.0073107668055554
505.8,epoch3_bilat,0.2,0.2,0.9506681241960496,0.3106007182423939,0.7343858686044069,5.069026811194757,1.0072184540340343
505.9,epoch3_bilat,0.2,0.2,0.9506586175148076,0.3105851882064818,0.7343521448820003,5.0689976041546165,1.0071262153571905
506.0,epoch3_bilat,0.2,0.2,0.9506491109286325,0.31056965894707145,0.734318463916815,5.068968343810006,1.0070340506931441
506.1,epoch3_bilat,0.2,0.2,0.9506396044375232,0.3105541304641241,0.7342848255396142,5.068939030216032,1.0069419599600098
506.2,epoch3_bilat,0.2,0.2,0.9506300980414788,0.3105386027576009,0.734251229581815,5.06890966342774,1.006849943075898
506.3,epoch3_bilat,0.2,0.2,0.9506205917404984,0.310523075827463,0.7342176758754859,5.068880243500116,1.0067579999589147
506.4,epoch3_bilat,0.2,0.2,0.950611085534581,0.31050754967367167,0.7341841642533445,5.068850770488088,1.0066661305271631
506.5,epoch3_bilat,0.2,0.2,0.9506015794237256,0.310492024296188,0.7341506945487547,5.068821244446521,1.0065743346987435
506.6,epoch3_bilat,0.2,0.2,0.9505920734079314,0.3104764996949732,0.7341172665957244,5.06879166543022,1.006482612391753
506.7,epoch3_bilat,0.2,0.2,0.9505825674871973,0.31046097586998844,0.7340838802289031,5.0687620334939325,1.0063909635242876
506.8,epoch3_bilat,0.2,0.2,0.9505730616615224,0.31044545282119496,0.7340505352835794,5.068732348692343,1.0062993880144417
506.9,epoch3_bilat,0.2,0.2,0.9505635559309058,0.3104299305485539,0.7340172315956786,5.068702611080078,1.0062078857803092
507.0,epoch3_bilat,0.2,0.2,0.9505540502953465,0.31041440905202644,0.73398396900176,5.068672820711702,1.006116456739983
507.1,epoch3_bilat,0.2,0.2,0.9505445447548435,0.31039888833157386,0.7339507473390149,5.068642977641722,1.0060251008115564
507.2,epoch3_bilat,0.2,0.2,0.950535039309396,0.3103833683871573,0.7339175664452638,5.068613081924583,1.0059338179131239
507.3,epoch3_bilat,0.2,0.2,0.9505255339590029,0.31036784921873795,0.7338844261589544,5.06858313361467,1.0058426079627805
507.4,epoch3_bilat,0.2,0.2,0.9505160287036633,0.310352330826277,0.7338513263191588,5.068553132766308,1.0057514708786235
507.5,epoch3_bilat,0.2,0.2,0.9505065235433762,0.31033681320973566,0.7338182667655714,5.0685230794337635,1.0056604065787518
507.6,epoch3_bilat,0.2,0.2,0.9504970184781407,0.3103212963690752,0.7337852473385064,5.068492973671241,1.0055694149812675
507.7,epoch3_bilat,0.2,0.2,0.9504875135079559,0.3103057803042567,0.7337522678788952,5.068462815532887,1.0054784960042755
507.8,epoch3_bilat,0.2,0.2,0.9504780086328208,0.3102902650152415,0.7337193282282849,5.068432605072786,1.0053876495658847
507.9,epoch3_bilat,0.2,0.2,0.9504685038527345,0.3102747505019907,0.7336864282288348,5.068402342344965,1.0052968755842075
508.0,epoch3_bilat,0.2,0.2,0.9504589991676959,0.3102592367644656,0.7336535677233147,5.068372027403387,1.005206173977362
508.1,epoch3_bilat,0.2,0.2,0.9504494945777042,0.3102437238026274,0.7336207465551027,5.06834166030196,1.00511554466347
508.2,epoch3_bilat,0.2,0.2,0.9504399900827585,0.31022821161643727,0.7335879645681823,5.068311241094529,1.0050249875606605
508.3,epoch3_bilat,0.2,0.2,0.9504304856828577,0.31021270020585645,0.7335552216071408,5.068280769834879,1.0049345025870673
508.4,epoch3_bilat,0.2,0.2,0.9504209813780009,0.31019718957084613,0.7335225175171665,5.068250246576738,1.0048440896608313
508.5,epoch3_bilat,0.2,0.2,0.9504114771681871,0.31018167971136756,0.7334898521440464,5.06821967137377,1.0047537487001001
508.6,epoch3_bilat,0.2,0.2,0.9504019730534154,0.310166170627382,0.7334572253341642,5.068189044279583,1.0046634796230294
508.7,epoch3_bilat,0.2,0.2,0.9503924690336849,0.31015066231885063,0.7334246369344979,5.068158365347722,1.004573282347782
508.8,epoch3_bilat,0.2,0.2,0.9503829651089946,0.31013515478573467,0.7333920867926174,5.068127634631675,1.0044831567925296
508.9,epoch3_bilat,0.2,0.2,0.9503734612793435,0.31011964802799535,0.7333595747566822,5.068096852184867,1.004393102875453
509.0,epoch3_bilat,0.2,0.2,0.9503639575447307,0.31010414204559394,0.7333271006754396,5.068066018060668,1.0043031205147415
509.1,epoch3_bilat,0.2,0.2,0.9503544539051553,0.31008863683849164,0.733294664398222,5.0680351323123825,1.004213209628595
509.2,epoch3_bilat,0.2,0.2,0.9503449503606162,0.3100731324066497,0.7332622657749447,5.068004194993259,1.0041233701352232
509.3,epoch3_bilat,0.2,0.2,0.9503354469111126,0.31005762875002935,0.7332299046561039,5.067973206156486,1.0040336019528469
509.4,epoch3_bilat,0.2,0.2,0.9503259435566435,0.31004212586859187,0.7331975808927744,5.06794216585519,1.0039439049996972
509.5,epoch3_bilat,0.2,0.2,0.9503164402972079,0.31002662376229845,0.7331652943366072,5.067911074142442,1.0038542791940177
509.6,epoch3_bilat,0.2,0.2,0.9503069371328049,0.31001112243111034,0.7331330448398274,5.067879931071249,1.0037647244540635
509.7,epoch3_bilat,0.2,0.2,0.9502974340634336,0.3099956218749888,0.7331008322552325,5.06784873669456,1.0036752406981022
509.8,epoch3_bilat,0.2,0.2,0.9502879310890929,0.309980122093895,0.7330686564361891,5.067817491065266,1.0035858278444143
509.9,epoch3_bilat,0.2,0.2,0.950278428209782,0.3099646230877903,0.733036517236632,5.067786194236195,1.0034964858112938
510.0,epoch3_bilat,0.2,0.2,0.9502689254254999,0.30994912485663595,0.7330044145110609,5.067754846260119,1.0034072145170485
510.1,epoch3_bilat,0.2,0.2,0.9502594227362456,0.3099336274003931,0.7329723481145392,5.067723447189747,1.00331801388
510.2,epoch3_bilat,0.2,0.2,0.9502499201420183,0.3099181307190231,0.7329403179026911,5.067691997077732,1.0032288838184849
510.3,epoch3_bilat,0.2,0.2,0.9502404176428169,0.30990263481248714,0.7329083237316999,5.067660495976664,1.0031398242508545
510.4,epoch3_bilat,0.2,0.2,0.9502309152386405,0.3098871396807465,0.7328763654583058,5.067628943939076,1.0030508350954759
510.5,epoch3_bilat,0.2,0.2,0.950221412929488,0.30987164532376243,0.7328444429398036,5.067597341017441,1.002961916270732
510.6,epoch3_bilat,0.2,0.2,0.9502119107153587,0.3098561517414962,0.7328125560340405,5.067565687264172,1.002873067695022
510.7,epoch3_bilat,0.2,0.2,0.9502024085962516,0.30984065893390916,0.7327807045994146,5.067533982731622,1.0027842892867616
510.8,epoch3_bilat,0.2,0.2,0.9501929065721656,0.30982516690096246,0.732748888494872,5.067502227472087,1.002695580964384
510.9,epoch3_bilat,0.2,0.2,0.9501834046430999,0.3098096756426174,0.7327171075799052,5.0674704215377995,1.0026069426463398
511.0,epoch3_bilat,0.2,0.2,0.9501739028090535,0.3097941851588353,0.7326853617145508,5.067438564980937,1.0025183742510975
511.1,epoch3_bilat,0.2,0.2,0.9501644010700253,0.3097786954495773,0.7326536507593877,5.067406657853615,1.002429875697144
511.2,epoch3_bilat,0.2,0.2,0.9501548994260146,0.3097632065148048,0.7326219745755347,5.067374700207891,1.0023414469029848
511.3,epoch3_bilat,0.2,0.2,0.9501453978770203,0.30974771835447906,0.7325903330246485,5.067342692095761,1.0022530877871447
511.4,epoch3_bilat,0.2,0.2,0.9501358964230415,0.30973223096856134,0.7325587259689218,5.067310633569165,1.0021647982681685
511.5,epoch3_bilat,0.2,0.2,0.9501263950640773,0.3097167443570129,0.7325271532710811,5.067278524679981,1.0020765782646202
511.6,epoch3_bilat,0.2,0.2,0.9501168938001266,0.3097012585197951,0.7324956147943849,5.067246365480029,1.0019884276950846
511.7,epoch3_bilat,0.2,0.2,0.9501073926311886,0.3096857734568691,0.7324641104026212,5.067214156021071,1.0019003464781673
511.8,epoch3_bilat,0.2,0.2,0.9500978915572623,0.3096702891681963,0.732432639960106,5.067181896354806,1.001812334532495
511.9,epoch3_bilat,0.2,0.2,0.9500883905783467,0.3096548056537379,0.732401203331681,5.067149586532878,1.0017243917767156
512.0,epoch3_bilat,0.2,0.2,0.9500788896944409,0.3096393229134552,0.7323698003827116,5.067117226606869,1.0016365181294993
512.1,epoch3_bilat,0.2,0.2,0.9500693889055439,0.30962384094730955,0.7323384309790848,5.067084816628303,1.0015487135095387
512.2,epoch3_bilat,0.2,0.2,0.9500598882116549,0.3096083597552622,0.7323070949872076,5.067052356648645,1.0014609778355485
512.3,epoch3_bilat,0.2,0.2,0.9500503876127727,0.3095928793372744,0.7322757922740045,5.067019846719301,1.0013733110262673
512.4,epoch3_bilat,0.2,0.2,0.9500408871088966,0.30957739969330755,0.7322445227069161,5.066987286891618,1.0012857130004562
512.5,epoch3_bilat,0.2,0.2,0.9500313867000255,0.3095619208233229,0.7322132861538965,5.066954677216883,1.0011981836769008
512.6,epoch3_bilat,0.2,0.2,0.9500218863861585,0.3095464427272817,0.7321820824834117,5.066922017746326,1.001110722974411
512.7,epoch3_bilat,0.2,0.2,0.9500123861672947,0.30953096540514535,0.7321509115644376,5.066889308531116,1.0010233308118204
512.8,epoch3_bilat,0.2,0.2,0.950002886043433,0.3095154888568751,0.7321197732664582,5.066856549622364,1.0009360071079885
512.9,epoch3_bilat,0.2,0.2,0.9499933860145725,0.30950001308243225,0.7320886674594631,5.066823741071122,1.0008487517817994
513.0,epoch3_bilat,0.2,0.2,0.9499838860807124,0.3094845380817781,0.7320575940139464,5.066790882928383,1.0007615647521635
513.1,epoch3_bilat,0.2,0.2,0.9499743862418516,0.30946906385487405,0.7320265528009041,5.066757975245081,1.0006744459380166
513.2,epoch3_bilat,0.2,0.2,0.9499648864979892,0.3094535904016813,0.7319955436918324,5.066725018072091,1.000587395258321
513.3,epoch3_bilat,0.2,0.2,0.9499553868491242,0.30943811772216123,0.7319645665587259,5.066692011460231,1.0005004126320662
513.4,epoch3_bilat,0.2,0.2,0.9499458872952556,0.3094226458162751,0.7319336212740754,5.066658955460258,1.0004134979782684
513.5,epoch3_bilat,0.2,0.2,0.9499363878363827,0.30940717468398427,0.7319027077108663,5.066625850122871,1.0003266512159712
513.6,epoch3_bilat,0.2,0.2,0.9499268884725043,0.30939170432525004,0.7318718257425768,5.06659269549871,1.0002398722642463
513.7,epoch3_bilat,0.2,0.2,0.9499173892036196,0.3093762347400338,0.7318409752431755,5.066559491638358,1.0001531610421932
513.8,epoch3_bilat,0.2,0.2,0.9499078900297275,0.30936076592829675,0.73181015608712,5.0665262385923375,1.0000665174689403
513.9,epoch3_bilat,0.2,0.2,0.9498983909508273,0.3093452978900003,0.7317793681493548,5.066492936411112,0.9999799414636446
514.0,epoch3_bilat,0.2,0.2,0.9498888919669177,0.30932983062510583,0.7317486113053097,5.066459585145089,0.9998934329454922
514.1,epoch3_bilat,0.2,0.2,0.9498793930779981,0.30931436413357455,0.7317178854308974,5.066426184844614,0.9998069918336989
514.2,epoch3_bilat,0.2,0.2,0.9498698942840673,0.3092988984153679,0.7316871904025124,5.066392735559977,0.9997206180475104
514.3,epoch3_bilat,0.2,0.2,0.9498603955851245,0.3092834334704471,0.7316565260970285,5.066359237341407,0.9996343115062025
514.4,epoch3_bilat,0.2,0.2,0.9498508969811686,0.3092679692987736,0.7316258923917973,5.0663256902390765,0.9995480721290816
514.5,epoch3_bilat,0.2,0.2,0.9498413984721988,0.30925250590030867,0.7315952891646464,5.0662920943030985,0.9994618998354848
514.6,epoch3_bilat,0.2,0.2,0.9498319000582142,0.30923704327501367,0.7315647162938774,5.066258449583528,0.9993757945447806
514.7,epoch3_bilat,0.2,0.2,0.9498224017392136,0.3092215814228499,0.7315341736582641,5.066224756130362,0.9992897561763692
514.8,epoch3_bilat,0.2,0.2,0.9498129035151962,0.30920612034377876,0.7315036611370509,5.066191013993538,0.9992037846496822
514.9,epoch3_bilat,0.2,0.2,0.949803405386161,0.3091906600377616,0.7314731786099508,5.066157223222935,0.9991178798841837
515.0,epoch3_bilat,0.2,0.2,0.9497939073521072,0.30917520050475966,0.7314427259571435,5.0661233838683755,0.9990320417993702
515.1,epoch3_bilat,0.2,0.2,0.9497844094130337,0.30915974174473443,0.7314123030592743,5.0660894959796225,0.9989462703147712
515.2,epoch3_bilat,0.2,0.2,0.9497749115689396,0.3091442837576472,0.7313819097974512,5.06605555960638,0.9988605653499493
515.3,epoch3_bilat,0.2,0.2,0.9497654138198238,0.3091288265434593,0.7313515460532442,5.066021574798296,0.9987749268245003
515.4,epoch3_bilat,0.2,0.2,0.9497559161656857,0.30911337010213213,0.7313212117086827,5.065987541604959,0.9986893546580541
515.5,epoch3_bilat,0.2,0.2,0.949746418606524,0.30909791443362705,0.7312909066462545,5.065953460075899,0.9986038487702745
515.6,epoch3_bilat,0.2,0.2,0.9497369211423379,0.30908245953790536,0.7312606307489034,5.065919330260588,0.99851840908086
515.7,epoch3_bilat,0.2,0.2,0.9497274237731265,0.3090670054149285,0.7312303839000276,5.065885152208441,0.9984330355095434
515.8,epoch3_bilat,0.2,0.2,0.9497179264988888,0.30905155206465773,0.7312001659834785,5.065850925968815,0.998347727976093
515.9,epoch3_bilat,0.2,0.2,0.9497084293196237,0.3090360994870545,0.7311699768835581,5.065816651591006,0.9982624864003119
516.0,epoch3_bilat,0.2,0.2,0.9496989322353305,0.30902064768208015,0.731139816485018,5.065782329124255,0.9981773107020394
516.1,epoch3_bilat,0.2,0.2,0.9496894352460081,0.30900519664969606,0.7311096846730573,5.065747958617746,0.9980922008011504
516.2,epoch3_bilat,0.2,0.2,0.9496799383516557,0.3089897463898636,0.7310795813333208,5.065713540120601,0.998007156617556
516.3,epoch3_bilat,0.2,0.2,0.9496704415522721,0.3089742969025441,0.731049506351898,5.065679073681888,0.9979221780712042
516.4,epoch3_bilat,0.2,0.2,0.9496609448478566,0.308958848187699,0.7310194596153203,5.065644559350615,0.9978372650820794
516.5,epoch3_bilat,0.2,0.2,0.9496514482384081,0.3089434002452896,0.7309894410105603,5.065609997175733,0.9977524175702034
516.6,epoch3_bilat,0.2,0.2,0.9496419517239257,0.3089279530752773,0.7309594504250294,5.0655753872061355,0.9976676354556354
516.7,epoch3_bilat,0.2,0.2,0.9496324553044085,0.30891250667762354,0.7309294877465767,5.065540729490658,0.9975829186584723
516.8,epoch3_bilat,0.2,0.2,0.9496229589798555,0.30889706105228965,0.7308995528634868,5.0655060240780765,0.9974982670988488
516.9,epoch3_bilat,0.2,0.2,0.9496134627502657,0.30888161619923704,0.7308696456644787,5.065471271017112,0.9974136806969384
517.0,epoch3_bilat,0.2,0.2,0.9496039666156382,0.3088661721184271,0.7308397660387033,5.065436470356428,0.9973291593729525
517.1,epoch3_bilat,0.2,0.2,0.949594470575972,0.3088507288098212,0.7308099138757428,5.065401622144626,0.9972447030471421
517.2,epoch3_bilat,0.2,0.2,0.9495849746312662,0.3088352862733807,0.7307800890656082,5.0653667264302555,0.9971603116397967
517.3,epoch3_bilat,0.2,0.2,0.9495754787815199,0.308819844509067,0.7307502914987382,5.065331783261806,0.9970759850712456
517.4,epoch3_bilat,0.2,0.2,0.9495659830267321,0.3088044035168416,0.7307205210659969,5.065296792687709,0.9969917232618578
517.5,epoch3_bilat,0.2,0.2,0.9495564873669019,0.3087889632966657,0.7306907776586733,5.06526175475634,0.9969075261320421
517.6,epoch3_bilat,0.2,0.2,0.9495469918020283,0.3087735238485009,0.7306610611684783,5.065226669516014,0.9968233936022478
517.7,epoch3_bilat,0.2,0.2,0.9495374963321103,0.30875808517230846,0.7306313714875442,5.065191537014993,0.9967393255929645
517.8,epoch3_bilat,0.2,0.2,0.949528000957147,0.30874264726804984,0.7306017085084225,5.065156357301478,0.9966553220247227
517.9,epoch3_bilat,0.2,0.2,0.9495185056771374,0.30872721013568644,0.7305720721240825,5.0651211304236154,0.9965713828180941
518.0,epoch3_bilat,0.2,0.2,0.9495090104920806,0.30871177377517967,0.7305424622279095,5.0650858564294925,0.9964875078936914
518.1,epoch3_bilat,0.2,0.2,0.9494995154019756,0.3086963381864909,0.7305128787137037,5.065050535367139,0.9964036971721694
518.2,epoch3_bilat,0.2,0.2,0.9494900204068216,0.3086809033695816,0.730483321475678,5.06501516728453,0.9963199505742243
518.3,epoch3_bilat,0.2,0.2,0.9494805255066175,0.30866546932441313,0.7304537904084566,5.06497975222958,0.9962362680205948
518.4,epoch3_bilat,0.2,0.2,0.9494710307013625,0.30865003605094693,0.7304242854070737,5.064944290250149,0.9961526494320619
518.5,epoch3_bilat,0.2,0.2,0.9494615359910555,0.3086346035491444,0.7303948063669718,5.064908781394038,0.9960690947294492
518.6,epoch3_bilat,0.2,0.2,0.9494520413756956,0.3086191718189669,0.7303653531840001,5.064873225708993,0.995985603833623
518.7,epoch3_bilat,0.2,0.2,0.9494425468552818,0.30860374086037595,0.7303359257544126,5.064837623242702,0.9959021766654933
518.8,epoch3_bilat,0.2,0.2,0.9494330524298132,0.3085883106733329,0.7303065239748674,5.064801974042795,0.9958188131460132
518.9,epoch3_bilat,0.2,0.2,0.9494235580992889,0.30857288125779925,0.7302771477424241,5.064766278156846,0.9957355131961795
519.0,epoch3_bilat,0.2,0.2,0.949414063863708,0.30855745261373635,0.7302477969545431,5.064730535632371,0.9956522767370329
519.1,epoch3_bilat,0.2,0.2,0.9494045697230693,0.30854202474110565,0.7302184715090837,5.064694746516833,0.9955691036896586
519.2,epoch3_bilat,0.2,0.2,0.949395075677372,0.3085265976398686,0.7301891713043027,5.0646589108576325,0.9954859939751857
519.3,epoch3_bilat,0.2,0.2,0.9493855817266152,0.3085111713099866,0.7301598962388527,5.064623028702117,0.9954029475147884
519.4,epoch3_bilat,0.2,0.2,0.949376087870798,0.30849574575142114,0.7301306462117807,5.064587100097576,0.9953199642296858
519.5,epoch3_bilat,0.2,0.2,0.9493665941099193,0.3084803209641336,0.7301014211225267,5.064551125091243,0.995237044041142
519.6,epoch3_bilat,0.2,0.2,0.9493571004439783,0.3084648969480854,0.730072220870922,5.064515103730294,0.9951541868704666
519.7,epoch3_bilat,0.2,0.2,0.9493476068729738,0.308449473703238,0.7300430453571878,5.064479036061847,0.9950713926390149
519.8,epoch3_bilat,0.2,0.2,0.9493381133969051,0.3084340512295528,0.7300138944819337,5.064442922132968,0.994988661268188
519.9,epoch3_bilat,0.2,0.2,0.9493286200157711,0.30841862952699134,0.7299847681461561,5.064406761990661,0.994905992679433
520.0,epoch3_bilat,0.2,0.2,0.949319126729571,0.308403208595515,0.729955666251237,5.064370555681877,0.9948233867942439
520.1,epoch3_bilat,0.2,0.2,0.9493096335383037,0.30838778843508524,0.7299265886989421,5.064334303253509,0.9947408435341606
520.2,epoch3_bilat,0.2,0.2,0.9493001404419683,0.3083723690456635,0.7298975353914199,5.064298004752394,0.9946583628207704
520.3,epoch3_bilat,0.2,0.2,0.9492906474405639,0.30835695042721123,0.7298685062311997,5.064261660225313,0.9945759445757073
520.4,epoch3_bilat,0.2,0.2,0.9492811545340895,0.3083415325796899,0.7298395011211903,5.06422526971899,0.9944935887206527
520.5,epoch3_bilat,0.2,0.2,0.9492716617225441,0.3083261155030609,0.7298105199646788,5.064188833280092,0.9944112951773357
520.6,epoch3_bilat,0.2,0.2,0.9492621690059269,0.3083106991972857,0.7297815626653289,5.064152350955231,0.994329063867533
520.7,epoch3_bilat,0.2,0.2,0.9492526763842368,0.30829528366232584,0.7297526291271793,5.064115822790963,0.994246894713069
520.8,epoch3_bilat,0.2,0.2,0.949243183857473,0.30827986889814274,0.7297237192546427,5.064079248833786,0.9941647876358168
520.9,epoch3_bilat,0.2,0.2,0.9492336914256344,0.30826445490469784,0.729694832952504,5.064042629130144,0.9940827425576977
521.0,epoch3_bilat,0.2,0.2,0.9492241990887201,0.3082490416819526,0.7296659701259192,5.064005963726423,0.9940007594006814
521.1,epoch3_bilat,0.2,0.2,0.9492147068467293,0.3082336292298685,0.7296371306804135,5.0639692526689535,0.9939188380867869
521.2,epoch3_bilat,0.2,0.2,0.9492052146996608,0.308218217548407,0.7296083145218804,5.063932496004011,0.9938369785380821
521.3,epoch3_bilat,0.2,0.2,0.9491957226475138,0.3082028066375296,0.72957952155658,5.063895693777813,0.9937551806766839
521.4,epoch3_bilat,0.2,0.2,0.9491862306902874,0.30818739649719773,0.7295507516911377,5.063858846036522,0.993673444424759
521.5,epoch3_bilat,0.2,0.2,0.9491767388279805,0.30817198712737287,0.7295220048325427,5.063821952826246,0.9935917697045239
521.6,epoch3_bilat,0.2,0.2,0.9491672470605922,0.3081565785280165,0.7294932808881468,5.0637850141930345,0.9935101564382448
521.7,epoch3_bilat,0.2,0.2,0.9491577553881216,0.3081411706990901,0.7294645797656627,5.063748030182883,0.9934286045482382
521.8,epoch3_bilat,0.2,0.2,0.9491482638105677,0.3081257636405551,0.7294359013731628,5.063711000841731,0.9933471139568708
521.9,epoch3_bilat,0.2,0.2,0.9491387723279296,0.3081103573523731,0.7294072456190781,5.06367392621546,0.9932656845865601
522.0,epoch3_bilat,0.2,0.2,0.9491292809402063,0.30809495183450547,0.7293786124121961,5.0636368063499,0.993184316359774
522.1,epoch3_bilat,0.2,0.2,0.949119789647397,0.30807954708691376,0.7293500016616603,5.063599641290822,0.9931030091990316
522.2,epoch3_bilat,0.2,0.2,0.9491102984495005,0.30806414310955943,0.7293214132769682,5.063562431083942,0.9930217630269033
522.3,epoch3_bilat,0.2,0.2,0.9491008073465159,0.30804873990240395,0.7292928471679702,5.063525175774921,0.9929405777660104
522.4,epoch3_bilat,0.2,0.2,0.9490913163384425,0.30803333746540884,0.7292643032448681,5.063487875409364,0.9928594533390264
522.5,epoch3_bilat,0.2,0.2,0.9490818254252791,0.3080179357985356,0.7292357814182142,5.063450530032821,0.992778389668676
522.6,epoch3_bilat,0.2,0.2,0.9490723346070248,0.3080025349017457,0.7292072815989094,5.063413139690786,0.9926973866777363
522.7,epoch3_bilat,0.2,0.2,0.9490628438836787,0.30798713477500056,0.7291788036982018,5.063375704428697,0.9926164442890363
522.8,epoch3_bilat,0.2,0.2,0.9490533532552399,0.3079717354182618,0.729150347627686,5.063338224291939,0.9925355624254574
522.9,epoch3_bilat,0.2,0.2,0.9490438627217073,0.3079563368314909,0.7291219132993015,5.063300699325838,0.9924547410099336
523.0,epoch3_bilat,0.2,0.2,0.9490343722830801,0.3079409390146493,0.7290935006253312,5.063263129575668,0.9923739799654516
523.1,epoch3_bilat,0.2,0.2,0.9490248819393572,0.30792554196769856,0.7290651095183999,5.0632255150866445,0.9922932792150511
523.2,epoch3_bilat,0.2,0.2,0.9490153916905378,0.30791014569060016,0.7290367398914737,5.063187855903932,0.9922126386818247
523.3,epoch3_bilat,0.2,0.2,0.9490059015366209,0.30789475018331564,0.7290083916578579,5.0631501520726365,0.9921320582889188
523.4,epoch3_bilat,0.2,0.2,0.9489964114776055,0.30787935544580647,0.7289800647311965,5.06311240363781,0.9920515379595328
523.5,epoch3_bilat,0.2,0.2,0.9489869215134907,0.3078639614780342,0.72895175902547,5.063074610644449,0.9919710776169199
523.6,epoch3_bilat,0.2,0.2,0.9489774316442756,0.30784856827996027,0.7289234744549951,5.063036773137496,0.9918906771843874
523.7,epoch3_bilat,0.2,0.2,0.9489679418699591,0.3078331758515463,0.7288952109344222,5.062998891161836,0.9918103365852963
523.8,epoch3_bilat,0.2,0.2,0.9489584521905404,0.30781778419275374,0.7288669683787355,5.062960964762303,0.991730055743062
523.9,epoch3_bilat,0.2,0.2,0.9489489626060185,0.3078023933035441,0.7288387467032507,5.062922993983673,0.9916498345811543
524.0,epoch3_bilat,0.2,0.2,0.9489394731163924,0.3077870031838789,0.7288105458236139,5.062884978870667,0.9915696730230977
524.1,epoch3_bilat,0.2,0.2,0.9489299837216613,0.3077716138337197,0.728782365655801,5.062846919467953,0.9914895709924713
524.2,epoch3_bilat,0.2,0.2,0.948920494421824,0.30775622525302804,0.7287542061161155,5.062808815820143,0.9914095284129091
524.3,epoch3_bilat,0.2,0.2,0.9489110052168798,0.3077408374417654,0.7287260671211878,5.062770667971796,0.9913295452081003
524.4,epoch3_bilat,0.2,0.2,0.9489015161068276,0.3077254503998933,0.7286979485879739,5.062732475967413,0.9912496213017896
524.5,epoch3_bilat,0.2,0.2,0.9488920270916665,0.3077100641273733,0.7286698504337539,5.062694239851443,0.9911697566177768
524.6,epoch3_bilat,0.2,0.2,0.9488825381713957,0.30769467862416694,0.728641772576131,5.06265595966828,0.9910899510799175
524.7,epoch3_bilat,0.2,0.2,0.9488730493460139,0.30767929389023574,0.7286137149330305,5.062617635462263,0.991010204612123
524.8,epoch3_bilat,0.2,0.2,0.9488635606155205,0.3076639099255412,0.7285856774226979,5.062579267277676,0.9909305171383607
524.9,epoch3_bilat,0.2,0.2,0.9488540719799143,0.30764852673004495,0.7285576599636979,5.062540855158749,0.990850888582654
525.0,epoch3_bilat,0.2,0.2,0.9488445834391945,0.3076331443037084,0.7285296624749138,5.062502399149659,0.9907713188690829
525.1,epoch3_bilat,0.2,0.2,0.9488350949933602,0.3076177626464932,0.7285016848755455,5.062463899294527,0.9906918079217834
525.2,epoch3_bilat,0.2,0.2,0.9488256066424102,0.3076023817583609,0.7284737270851084,5.062425355637418,0.9906123556649484
525.3,epoch3_bilat,0.2,0.2,0.9488161183863438,0.307587001639273,0.7284457890234327,5.062386768222347,0.9905329620228277
525.4,epoch3_bilat,0.2,0.2,0.94880663022516,0.30757162228919105,0.7284178706106618,5.062348137093271,0.9904536269197277
525.5,epoch3_bilat,0.2,0.2,0.9487971421588577,0.3075562437080766,0.7283899717672508,5.0623094622940945,0.9903743502800123
525.6,epoch3_bilat,0.2,0.2,0.948787654187436,0.3075408658958912,0.7283620924139662,5.062270743868667,0.9902951320281023
525.7,epoch3_bilat,0.2,0.2,0.9487781663108942,0.3075254888525964,0.7283342324718838,5.062231981860785,0.9902159720884761
525.8,epoch3_bilat,0.2,0.2,0.9487686785292311,0.30751011257815375,0.728306391862388,5.0621931763141905,0.9901368703856699
525.9,epoch3_bilat,0.2,0.2,0.9487591908424458,0.30749473707252484,0.7282785705071704,5.06215432727257,0.9900578268442772
526.0,epoch3_bilat,0.2,0.2,0.9487497032505373,0.3074793623356712,0.7282507683282288,5.062115434779559,0.9899788413889496
526.1,epoch3_bilat,0.2,0.2,0.9487402157535048,0.3074639883675544,0.7282229852478659,5.062076498878737,0.9898999139443969
526.2,epoch3_bilat,0.2,0.2,0.9487307283513472,0.30744861516813604,0.7281952211886882,5.062037519613629,0.9898210444353869
526.3,epoch3_bilat,0.2,0.2,0.9487212410440636,0.30743324273737765,0.7281674760736049,5.061998497027708,0.9897422327867457
526.4,epoch3_bilat,0.2,0.2,0.9487117538316532,0.30741787107524077,0.7281397498258264,5.061959431164392,0.9896634789233579
526.5,epoch3_bilat,0.2,0.2,0.9487022667141148,0.307402500181687,0.7281120423688637,5.061920322067046,0.9895847827701669
526.6,epoch3_bilat,0.2,0.2,0.9486927796914477,0.30738713005667795,0.7280843536265267,5.06188116977898,0.9895061442521748
526.7,epoch3_bilat,0.2,0.2,0.9486832927636508,0.30737176070017513,0.7280566835229234,5.0618419743434515,0.9894275632944425
526.8,epoch3_bilat,0.2,0.2,0.9486738059307231,0.3073563921121401,0.7280290319824586,5.061802735803665,0.9893490398220902
526.9,epoch3_bilat,0.2,0.2,0.9486643191926638,0.3073410242925345,0.7280013989298328,5.06176345420277,0.9892705737602973
527.0,epoch3_bilat,0.2,0.2,0.9486548325494719,0.3073256572413199,0.7279737842900412,5.061724129583863,0.9891921650343023
527.1,epoch3_bilat,0.2,0.2,0.9486453460011465,0.3073102909584578,0.7279461879883723,5.061684761989986,0.9891138135694034
527.2,epoch3_bilat,0.2,0.2,0.9486358595476865,0.30729492544390985,0.727918609950407,5.06164535146413,0.9890355192909585
527.3,epoch3_bilat,0.2,0.2,0.948626373189091,0.3072795606976377,0.7278910501020174,5.061605898049231,0.9889572821243849
527.4,epoch3_bilat,0.2,0.2,0.9486168869253592,0.3072641967196028,0.7278635083693655,5.061566401788171,0.9888791019951605
527.5,epoch3_bilat,0.2,0.2,0.94860740075649,0.30724883350976684,0.7278359846789026,5.06152686272378,0.9888009788288226
527.6,epoch3_bilat,0.2,0.2,0.9485979146824824,0.30723347106809135,0.7278084789573677,5.061487280898835,0.9887229125509689
527.7,epoch3_bilat,0.2,0.2,0.9485884287033356,0.3072181093945379,0.7277809911317864,5.0614476563560595,0.9886449030872575
527.8,epoch3_bilat,0.2,0.2,0.9485789428190485,0.3072027484890682,0.7277535211294702,5.061407989138122,0.9885669503634069
527.9,epoch3_bilat,0.2,0.2,0.9485694570296204,0.3071873883516437,0.727726068878015,5.06136827928764,0.9884890543051963
528.0,epoch3_bilat,0.2,0.2,0.9485599713350501,0.3071720289822261,0.7276986343053002,5.061328526847177,0.9884112148384653
528.1,epoch3_bilat,0.2,0.2,0.9485504857353367,0.307156670380777,0.7276712173394877,5.0612887318592445,0.9883334318891146
528.2,epoch3_bilat,0.2,0.2,0.9485410002304794,0.30714131254725796,0.7276438179090204,5.0612488943663,0.9882557053831059
528.3,epoch3_bilat,0.2,0.2,0.948531514820477,0.3071259554816306,0.7276164359426218,5.061209014410749,0.988178035246462
528.4,epoch3_bilat,0.2,0.2,0.9485220295053288,0.30711059918385647,0.7275890713692943,5.061169092034943,0.9881004214052667
528.5,epoch3_bilat,0.2,0.2,0.9485125442850337,0.3070952436538973,0.7275617241183183,5.061129127281181,0.9880228637856653
528.6,epoch3_bilat,0.2,0.2,0.9485030591595909,0.3070798888917146,0.7275343941192515,5.061089120191711,0.9879453623138645
528.7,epoch3_bilat,0.2,0.2,0.9484935741289993,0.30706453489727004,0.7275070813019271,5.061049070808725,0.9878679169161328
528.8,epoch3_bilat,0.2,0.2,0.948484089193258,0.3070491816705252,0.7274797855964537,5.061008979174364,0.9877905275188004
528.9,epoch3_bilat,0.2,0.2,0.9484746043523661,0.3070338292114417,0.7274525069332133,5.060968845330717,0.987713194048259
529.0,epoch3_bilat,0.2,0.2,0.9484651196063225,0.3070184775199811,0.7274252452428609,5.060928669319821,0.9876359164309626
529.1,epoch3_bilat,0.2,0.2,0.9484556349551264,0.3070031265961051,0.7273980004563232,5.060888451183659,0.9875586945934273
529.2,epoch3_bilat,0.2,0.2,0.9484461503987769,0.3069877764397753,0.7273707725047974,5.06084819096416,0.9874815284622311
529.3,epoch3_bilat,0.2,0.2,0.9484366659372729,0.30697242705095334,0.7273435613197506,5.060807888703204,0.9874044179640147
529.4,epoch3_bilat,0.2,0.2,0.9484271815706136,0.3069570784296008,0.7273163668329184,5.060767544442617,0.987327363025481
529.5,epoch3_bilat,0.2,0.2,0.9484176972987979,0.3069417305756793,0.727289188976304,5.0607271582241715,0.9872503635733954
529.6,epoch3_bilat,0.2,0.2,0.9484082131218249,0.3069263834891505,0.7272620276821771,5.06068673008959,0.987173419534586
529.7,epoch3_bilat,0.2,0.2,0.9483987290396937,0.3069110371699761,0.7272348828830728,5.060646260080541,0.9870965308359438
529.8,epoch3_bilat,0.2,0.2,0.9483892450524033,0.3068956916181176,0.7272077545117911,5.060605748238642,0.9870196974044227
529.9,epoch3_bilat,0.2,0.2,0.9483797611599528,0.30688034683353665,0.7271806425013951,5.060565194605458,0.9869429191670395
530.0,epoch3_bilat,0.2,0.2,0.9483702773623413,0.306865002816195,0.7271535467852106,5.060524599222502,0.9868661960508739
530.1,epoch3_bilat,0.2,0.2,0.9483607936595676,0.3068496595660542,0.7271264672968247,5.060483962131233,0.9867895279830693
530.2,epoch3_bilat,0.2,0.2,0.948351310051631,0.3068343170830759,0.7270994039700852,5.06044328337306,0.986712914890832
530.3,epoch3_bilat,0.2,0.2,0.9483418265385305,0.30681897536722175,0.7270723567390992,5.060402562989341,0.986636356701432
530.4,epoch3_bilat,0.2,0.2,0.9483323431202652,0.3068036344184534,0.7270453255382323,5.060361801021379,0.9865598533422026
530.5,epoch3_bilat,0.2,0.2,0.948322859796834,0.30678829423673243,0.7270183103021076,5.060320997510429,0.9864834047405411
530.6,epoch3_bilat,0.2,0.2,0.948313376568236,0.3067729548220206,0.7269913109656048,5.06028015249769,0.9864070108239081
530.7,epoch3_bilat,0.2,0.2,0.9483038934344703,0.3067576161742795,0.7269643274638588,5.060239266024312,0.9863306715198285
530.8,epoch3_bilat,0.2,0.2,0.948294410395536,0.3067422782934708,0.7269373597322593,5.060198338131393,0.9862543867558906
530.9,epoch3_bilat,0.2,0.2,0.948284927451432,0.3067269411795561,0.7269104077064494,5.060157368859978,0.9861781564597474
531.0,epoch3_bilat,0.2,0.2,0.9482754446021575,0.30671160483249715,0.726883471322325,5.060116358251062,0.9861019805591156
531.1,epoch3_bilat,0.2,0.2,0.9482659618477115,0.3066962692522555,0.7268565505160333,5.060075306345588,0.9860258589817763
531.2,epoch3_bilat,0.2,0.2,0.948256479188093,0.3066809344387929,0.7268296452239723,5.060034213184448,0.9859497916555751
531.3,epoch3_bilat,0.2,0.2,0.9482469966233011,0.30666560039207097,0.7268027553827897,5.059993078808479,0.9858737785084217
531.4,epoch3_bilat,0.2,0.2,0.9482375141533349,0.30665026711205134,0.7267758809293818,5.059951903258472,0.9857978194682907
531.5,epoch3_bilat,0.2,0.2,0.9482280317781934,0.30663493459869573,0.7267490218008928,5.059910686575163,0.9857219144632211
531.6,epoch3_bilat,0.2,0.2,0.9482185494978755,0.3066196028519658,0.7267221779347136,5.059869428799238,0.9856460634213168
531.7,epoch3_bilat,0.2,0.2,0.9482090673123805,0.3066042718718232,0.7266953492684809,5.05982812997133,0.9855702662707463
531.8,epoch3_bilat,0.2,0.2,0.9481995852217074,0.30658894165822964,0.7266685357400765,5.059786790132024,0.9854945229397434
531.9,epoch3_bilat,0.2,0.2,0.9481901032258552,0.3065736122111467,0.7266417372876262,5.05974540932185,0.9854188333566065
532.0,epoch3_bilat,0.2,0.2,0.948180621324823,0.30655828353053616,0.7266149538494985,5.0597039875812895,0.9853431974496994
532.1,epoch3_bilat,0.2,0.2,0.9481711395186097,0.30654295561635964,0.7265881853643043,5.059662524950773,0.9852676151474511
532.2,epoch3_bilat,0.2,0.2,0.9481616578072145,0.30652762846857884,0.7265614317708956,5.0596210214706785,0.9851920863783556
532.3,epoch3_bilat,0.2,0.2,0.9481521761906364,0.3065123020871554,0.7265346930083647,5.059579477181334,0.9851166110709727
532.4,epoch3_bilat,0.2,0.2,0.9481426946688745,0.30649697647205104,0.7265079690160431,5.059537892123016,0.9850411891539274
532.5,epoch3_bilat,0.2,0.2,0.9481332132419278,0.30648165162322744,0.7264812597335008,5.059496266335952,0.9849658205559101
532.6,epoch3_bilat,0.2,0.2,0.9481237319097954,0.3064663275406463,0.7264545651005452,5.059454599860315,0.9848905052056771
532.7,epoch3_bilat,0.2,0.2,0.9481142506724762,0.30645100422426924,0.7264278850572203,5.05941289273623,0.9848152430320504
532.8,epoch3_bilat,0.2,0.2,0.9481047695299695,0.30643568167405805,0.726401219543806,5.05937114500377,0.9847400339639176
532.9,epoch3_bilat,0.2,0.2,0.9480952884822742,0.30642035988997435,0.7263745685008166,5.05932935670296,0.9846648779302326
533.0,epoch3_bilat,0.2,0.2,0.9480858075293894,0.30640503887197984,0.7263479318690004,5.05928752787377,0.9845897748600149
533.1,epoch3_bilat,0.2,0.2,0.9480763266713141,0.3063897186200362,0.7263213095893387,5.059245658556123,0.98451472468235
533.2,epoch3_bilat,0.2,0.2,0.9480668459080475,0.30637439913410525,0.7262947016030449,5.05920374878989,0.9844397273263898
533.3,epoch3_bilat,0.2,0.2,0.9480573652395884,0.30635908041414855,0.7262681078515634,5.059161798614891,0.9843647827213524
533.4,epoch3_bilat,0.2,0.2,0.948047884665936,0.30634376246012784,0.7262415282765691,5.059119808070897,0.984289890796522
533.5,epoch3_bilat,0.2,0.2,0.9480384041870894,0.3063284452720048,0.7262149628199661,5.059077777197627,0.9842150514812492
533.6,epoch3_bilat,0.2,0.2,0.9480289238030475,0.3063131288497412,0.7261884114238872,5.059035706034751,0.9841402647049512
533.7,epoch3_bilat,0.2,0.2,0.9480194435138094,0.30629781319329874,0.7261618740306928,5.058993594621889,0.9840655303971116
533.8,epoch3_bilat,0.2,0.2,0.9480099633193743,0.3062824983026391,0.7261353505829697,5.058951442998608,0.9839908484872807
533.9,epoch3_bilat,0.2,0.2,0.9480004832197411,0.306267184177724,0.7261088410235312,5.058909251204429,0.9839162189050753
534.0,epoch3_bilat,0.2,0.2,0.9479910032149088,0.30625187081851507,0.7260823452954153,5.058867019278819,0.9838416415801792
534.1,epoch3_bilat,0.2,0.2,0.9479815233048766,0.30623655822497414,0.726055863341884,5.058824747261197,0.9837671164423427
534.2,epoch3_bilat,0.2,0.2,0.9479720434896436,0.3062212463970629,0.726029395106423,5.058782435190932,0.9836926434213834
534.3,epoch3_bilat,0.2,0.2,0.9479625637692087,0.30620593533474305,0.72600294053274,5.058740083107343,0.9836182224471856
534.4,epoch3_bilat,0.2,0.2,0.947953084143571,0.30619062503797634,0.7259764995647645,5.058697691049697,0.9835438534497005
534.5,epoch3_bilat,0.2,0.2,0.9479436046127296,0.30617531550672444,0.725950072146647,5.058655259057215,0.9834695363589467
534.6,epoch3_bilat,0.2,0.2,0.9479341251766835,0.3061600067409491,0.7259236582227573,5.058612787169063,0.9833952711050099
534.7,epoch3_bilat,0.2,0.2,0.9479246458354318,0.30614469874061206,0.7258972577376847,5.058570275424363,0.9833210576180429
534.8,epoch3_bilat,0.2,0.2,0.9479151665889735,0.30612939150567503,0.7258708706362365,5.058527723862183,0.983246895828266
534.9,epoch3_bilat,0.2,0.2,0.9479056874373075,0.30611408503609977,0.7258444968634373,5.058485132521543,0.9831727856659668
535.0,epoch3_bilat,0.2,0.2,0.9478962083804331,0.306098779331848,0.7258181363645285,5.058442501441413,0.9830987270615003
535.1,epoch3_bilat,0.2,0.2,0.9478867294183493,0.3060834743928814,0.7257917890849669,5.058399830660714,0.9830247199452891
535.2,epoch3_bilat,0.2,0.2,0.9478772505510551,0.3060681702191618,0.7257654549704242,5.058357120218316,0.9829507642478232
535.3,epoch3_bilat,0.2,0.2,0.9478677717785496,0.3060528668106508,0.7257391339667862,5.058314370153042,0.9828768598996606
535.4,epoch3_bilat,0.2,0.2,0.9478582931008318,0.30603756416731026,0.7257128260201521,5.058271580503662,0.9828030068314265
535.5,epoch3_bilat,0.2,0.2,0.9478488145179008,0.3060222622891019,0.725686531076833,5.058228751308901,0.9827292049738143
535.6,epoch3_bilat,0.2,0.2,0.9478393360297557,0.30600696117598747,0.7256602490833519,5.058185882607431,0.982655454257585
535.7,epoch3_bilat,0.2,0.2,0.9478298576363954,0.30599166082792867,0.7256339799864425,5.058142974437875,0.9825817546135676
535.8,epoch3_bilat,0.2,0.2,0.947820379337819,0.30597636124488725,0.7256077237330485,5.058100026838811,0.9825081059726588
535.9,epoch3_bilat,0.2,0.2,0.9478109011340257,0.305961062426825,0.7255814802703227,5.058057039848761,0.9824345082658237
536.0,epoch3_bilat,0.2,0.2,0.9478014230250144,0.3059457643737037,0.7255552495456261,5.058014013506205,0.9823609614240951
536.1,epoch3_bilat,0.2,0.2,0.9477919450107841,0.305930467085485,0.7255290315065275,5.057970947849569,0.9822874653785741
536.2,epoch3_bilat,0.2,0.2,0.947782467091334,0.30591517056213074,0.7255028261008022,5.0579278429172305,0.9822140200604301
536.3,epoch3_bilat,0.2,0.2,0.9477729892666631,0.30589987480360264,0.7254766332764315,5.05788469874752,0.9821406254009005
536.4,epoch3_bilat,0.2,0.2,0.9477635115367704,0.30588457980986244,0.7254504529816019,5.057841515378717,0.9820672813312911
536.5,epoch3_bilat,0.2,0.2,0.947754033901655,0.30586928558087195,0.7254242851647043,5.057798292849055,0.9819939877829759
536.6,epoch3_bilat,0.2,0.2,0.947744556361316,0.3058539921165929,0.7253981297743328,5.057755031196716,0.9819207446873974
536.7,epoch3_bilat,0.2,0.2,0.9477350789157525,0.3058386994169871,0.7253719867592849,5.057711730459833,0.9818475519760669
536.8,epoch3_bilat,0.2,0.2,0.9477256015649633,0.30582340748201625,0.7253458560685597,5.057668390676493,0.9817744095805636
536.9,epoch3_bilat,0.2,0.2,0.9477161243089477,0.3058081163116422,0.7253197376513576,5.057625011884732,0.9817013174325356
537.0,epoch3_bilat,0.2,0.2,0.9477066471477046,0.30579282590582657,0.7252936314570794,5.057581594122539,0.9816282754636996
537.1,epoch3_bilat,0.2,0.2,0.9476971700812331,0.3057775362645313,0.7252675374353257,5.057538137427851,0.9815552836058408
537.2,epoch3_bilat,0.2,0.2,0.9476876931095323,0.30576224738771807,0.7252414555358959,5.057494641838562,0.9814823417908133
537.3,epoch3_bilat,0.2,0.2,0.9476782162326012,0.3057469592753487,0.7252153857087877,5.057451107392513,0.9814094499505398
537.4,epoch3_bilat,0.2,0.2,0.9476687394504388,0.30573167192738493,0.7251893279041961,5.057407534127498,0.9813366080170121
537.5,epoch3_bilat,0.2,0.2,0.9476592627630444,0.30571638534378853,0.7251632820725127,5.057363922081263,0.9812638159222904
537.6,epoch3_bilat,0.2,0.2,0.9476497861704167,0.30570109952452135,0.7251372481643249,5.0573202712915055,0.9811910735985041
537.7,epoch3_bilat,0.2,0.2,0.9476403096725551,0.3056858144695451,0.7251112261304155,5.0572765817958745,0.9811183809778515
537.8,epoch3_bilat,0.2,0.2,0.9476308332694584,0.3056705301788217,0.7250852159217613,5.057232853631971,0.9810457379926
537.9,epoch3_bilat,0.2,0.2,0.9476213569611257,0.30565524665231275,0.7250592174895331,5.057189086837348,0.9809731445750857
538.0,epoch3_bilat,0.2,0.2,0.9476118807475561,0.30563996388998016,0.7250332307850941,5.05714528144951,0.9809006006577141
538.1,epoch3_bilat,0.2,0.2,0.9476024046287486,0.30562468189178565,0.72500725576,5.057101437505914,0.9808281061729598
538.2,epoch3_bilat,0.2,0.2,0.9475929286047022,0.30560940065769104,0.7249812923659978,5.057057555043968,0.9807556610533664
538.3,epoch3_bilat,0.2,0.2,0.9475834526754162,0.30559412018765814,0.7249553405550252,5.0570136341010326,0.9806832652315469
538.4,epoch3_bilat,0.2,0.2,0.9475739768408895,0.30557884048164874,0.7249294002792097,5.056969674714422,0.9806109186401835
538.5,epoch3_bilat,0.2,0.2,0.9475645011011211,0.30556356153962466,0.724903471490868,5.0569256769213995,0.9805386212120275
538.6,epoch3_bilat,0.2,0.2,0.9475550254561101,0.30554828336154766,0.7248775541425053,5.056881640759183,0.9804663728798998
538.7,epoch3_bilat,0.2,0.2,0.9475455499058556,0.3055330059473796,0.7248516481868146,5.056837566264941,0.9803941735766906
538.8,epoch3_bilat,0.2,0.2,0.9475360744503566,0.3055177292970822,0.7248257535766758,5.056793453475796,0.9803220232353594
538.9,epoch3_bilat,0.2,0.2,0.9475265990896121,0.3055024534106174,0.724799870265155,5.056749302428822,0.9802499217889354
539.0,epoch3_bilat,0.2,0.2,0.9475171238236212,0.30548717828794686,0.7247739982055043,5.056705113161046,0.9801778691705171
539.1,epoch3_bilat,0.2,0.2,0.9475076486523829,0.30547190392903245,0.7247481373511601,5.056660885709445,0.9801058653132725
539.2,epoch3_bilat,0.2,0.2,0.9474981735758964,0.305456630333836,0.7247222876557432,5.056616620110952,0.9800339101504393
539.3,epoch3_bilat,0.2,0.2,0.9474886985941606,0.3054413575023193,0.724696449073058,5.05657231640245,0.9799620036153247
539.4,epoch3_bilat,0.2,0.2,0.9474792237071746,0.3054260854344442,0.7246706215570913,5.056527974620776,0.9798901456413056
539.5,epoch3_bilat,0.2,0.2,0.9474697489149375,0.3054108141301725,0.7246448050620121,5.056483594802719,0.9798183361618286
539.6,epoch3_bilat,0.2,0.2,0.9474602742174484,0.305395543589466,0.7246189995421709,5.056439176985021,0.9797465751104097
539.7,epoch3_bilat,0.2,0.2,0.9474507996147062,0.30538027381228655,0.7245932049520984,5.056394721204378,0.9796748624206352
539.8,epoch3_bilat,0.2,0.2,0.9474413251067101,0.30536500479859596,0.7245674212465057,5.056350227497435,0.9796031980261607
539.9,epoch3_bilat,0.2,0.2,0.947431850693459,0.305349736548356,0.7245416483802828,5.056305695900794,0.9795315818607119
540.0,epoch3_bilat,0.2,0.2,0.9474223763749521,0.3053344690615286,0.7245158863084984,5.056261126451008,0.979460013858084
540.1,epoch3_bilat,0.2,0.2,0.9474129021511883,0.3053192023380755,0.7244901349863989,5.0562165191845825,0.9793884939521424
540.2,epoch3_bilat,0.2,0.2,0.9474034280221668,0.3053039363779586,0.7244643943694081,5.056171874137977,0.9793170220768224
540.3,epoch3_bilat,0.2,0.2,0.9473939539878866,0.3052886711811397,0.7244386644131262,5.0561271913476045,0.9792455981661289
540.4,epoch3_bilat,0.2,0.2,0.9473844800483467,0.3052734067475807,0.7244129450733291,5.05608247084983,0.979174222154137
540.5,epoch3_bilat,0.2,0.2,0.9473750062035463,0.3052581430772433,0.724387236305968,5.056037712680972,0.9791028939749917
540.6,epoch3_bilat,0.2,0.2,0.9473655324534843,0.30524288017008944,0.7243615380671684,5.055992916877302,0.9790316135629082
540.7,epoch3_bilat,0.2,0.2,0.9473560587981598,0.30522761802608095,0.7243358503132298,5.055948083475045,0.9789603808521716
540.8,epoch3_bilat,0.2,0.2,0.9473465852375718,0.30521235664517965,0.7243101730006245,5.055903212510381,0.978889195777137
540.9,epoch3_bilat,0.2,0.2,0.9473371117717194,0.3051970960273474,0.7242845060859976,5.05585830401944,0.9788180582722296
541.0,epoch3_bilat,0.2,0.2,0.9473276384006017,0.305181836172546,0.7242588495261658,5.055813358038308,0.9787469682719449
541.1,epoch3_bilat,0.2,0.2,0.9473181651242177,0.3051665770807374,0.7242332032781169,5.055768374603024,0.9786759257108483
541.2,epoch3_bilat,0.2,0.2,0.9473086919425665,0.3051513187518834,0.7242075672990091,5.055723353749579,0.9786049305235757
541.3,epoch3_bilat,0.2,0.2,0.947299218855647,0.3051360611859458,0.7241819415461708,5.05567829551392,0.9785339826448328
541.4,epoch3_bilat,0.2,0.2,0.9472897458634585,0.30512080438288647,0.724156325977099,5.055633199931947,0.9784630820093959
541.5,epoch3_bilat,0.2,0.2,0.9472802729659998,0.30510554834266734,0.7241307205494596,5.055588067039511,0.9783922285521112
541.6,epoch3_bilat,0.2,0.2,0.9472708001632701,0.3050902930652502,0.724105125221086,5.055542896872421,0.9783214222078953
541.7,epoch3_bilat,0.2,0.2,0.9472613274552685,0.3050750385505969,0.7240795399499793,5.055497689466437,0.9782506629117353
541.8,epoch3_bilat,0.2,0.2,0.9472518548419939,0.3050597847986694,0.7240539646943067,5.055452444857273,0.9781799505986883
541.9,epoch3_bilat,0.2,0.2,0.9472423823234455,0.3050445318094295,0.7240283994124016,5.055407163080597,0.9781092852038819
542.0,epoch3_bilat,0.2,0.2,0.9472329098996223,0.305029279582839,0.7240028440627624,5.055361844172032,0.9780386666625138
542.1,epoch3_bilat,0.2,0.2,0.9472234375705233,0.30501402811885986,0.7239772986040525,5.055316488167155,0.9779680949098525
542.2,epoch3_bilat,0.2,0.2,0.9472139653361475,0.3049987774174539,0.7239517629950989,5.055271095101496,0.9778975698812366
542.3,epoch3_bilat,0.2,0.2,0.9472044931964941,0.30498352747858304,0.7239262371948924,5.055225665010539,0.977827091512075
542.4,epoch3_bilat,0.2,0.2,0.9471950211515622,0.30496827830220913,0.7239007211625861,5.055180197929723,0.9777566597378474
542.5,epoch3_bilat,0.2,0.2,0.9471855492013507,0.30495302988829404,0.7238752148574955,5.05513469389444,0.9776862744941036
542.6,epoch3_bilat,0.2,0.2,0.9471760773458586,0.3049377822367996,0.7238497182390976,5.055089152940038,0.9776159357164639
542.7,epoch3_bilat,0.2,0.2,0.9471666055850851,0.30492253534768776,0.7238242312670302,5.055043575101818,0.9775456433406192
542.8,epoch3_bilat,0.2,0.2,0.9471571339190293,0.30490728922092036,0.7237987539010913,5.054997960415037,0.9774753973023309
542.9,epoch3_bilat,0.2,0.2,0.9471476623476901,0.3048920438564593,0.7237732861012386,5.054952308914903,0.9774051975374308
543.0,epoch3_bilat,0.2,0.2,0.9471381908710667,0.3048767992542665,0.7237478278275887,5.054906620636581,0.9773350439818212
543.1,epoch3_bilat,0.2,0.2,0.9471287194891579,0.30486155541430376,0.7237223790404168,5.0548608956151915,0.9772649365714752
543.2,epoch3_bilat,0.2,0.2,0.947119248201963,0.30484631233653303,0.7236969397001556,5.054815133885807,0.9771948752424361
543.3,epoch3_bilat,0.2,0.2,0.947109777009481,0.3048310700209162,0.7236715097673952,5.054769335483456,0.9771248599308179
543.4,epoch3_bilat,0.2,0.2,0.9471003059117109,0.3048158284674152,0.7236460892028823,5.054723500443122,0.9770548905728053
543.5,epoch3_bilat,0.2,0.2,0.9470908349086518,0.30480058767599183,0.7236206779675194,5.054677628799741,0.9769849671046533
543.6,epoch3_bilat,0.2,0.2,0.9470813640003026,0.30478534764660803,0.7235952760223644,5.054631720588207,0.9769150894626879
543.7,epoch3_bilat,0.2,0.2,0.9470718931866626,0.3047701083792257,0.7235698833286301,5.054585775843368,0.9768452575833053
543.8,epoch3_bilat,0.2,0.2,0.9470624224677308,0.30475486987380673,0.7235444998476835,5.054539794600023,0.9767754714029726
543.9,epoch3_bilat,0.2,0.2,0.9470529518435061,0.304739632130313,0.7235191255410449,5.054493776892932,0.9767057308582274
544.0,epoch3_bilat,0.2,0.2,0.9470434813139877,0.30472439514870653,0.7234937603703878,5.054447722756806,0.976636035885678
544.1,epoch3_bilat,0.2,0.2,0.9470340108791746,0.3047091589289491,0.723468404297538,5.054401632226312,0.9765663864220034
544.2,epoch3_bilat,0.2,0.2,0.9470245405390658,0.30469392347100266,0.7234430572844732,5.054355505336071,0.9764967824039531
544.3,epoch3_bilat,0.2,0.2,0.9470150702936604,0.3046786887748291,0.7234177192933222,5.0543093421206615,0.9764272237683473
544.4,epoch3_bilat,0.2,0.2,0.9470056001429574,0.30466345484039037,0.7233923902863646,5.054263142614616,0.9763577104520771
544.5,epoch3_bilat,0.2,0.2,0.946996130086956,0.3046482216676483,0.7233670702260299,5.054216906852421,0.976288242392104
544.6,epoch3_bilat,0.2,0.2,0.9469866601256551,0.30463298925656496,0.7233417590748971,5.0541706348685205,0.9762188195254604
544.7,epoch3_bilat,0.2,0.2,0.9469771902590539,0.30461775760710214,0.7233164567956941,5.054124326697313,0.9761494417892493
544.8,epoch3_bilat,0.2,0.2,0.9469677204871513,0.3046025267192218,0.7232911633512973,5.05407798237315,0.9760801091206444
544.9,epoch3_bilat,0.2,0.2,0.9469582508099464,0.3045872965928858,0.7232658787047305,5.054031601930343,0.97601082145689
545.0,epoch3_bilat,0.2,0.2,0.9469487812274383,0.30457206722805613,0.723240602819165,5.053985185403155,0.9759415787353014
545.1,epoch3_bilat,0.2,0.2,0.9469393117396261,0.30455683862469474,0.7232153356579186,5.053938732825807,0.9758723808932644
545.2,epoch3_bilat,0.2,0.2,0.9469298423465087,0.3045416107827635,0.723190077184455,5.053892244232474,0.9758032278682356
545.3,epoch3_bilat,0.2,0.2,0.9469203730480852,0.30452638370222435,0.7231648273623837,5.053845719657287,0.9757341195977423
545.4,epoch3_bilat,0.2,0.2,0.9469109038443547,0.30451115738303924,0.7231395861554589,5.053799159134333,0.9756650560193825
545.5,epoch3_bilat,0.2,0.2,0.9469014347353163,0.3044959318251701,0.7231143535275791,5.053752562697656,0.975596037070825
545.6,epoch3_bilat,0.2,0.2,0.9468919657209689,0.3044807070285788,0.7230891294427868,5.053705930381253,0.9755270626898093
545.7,epoch3_bilat,0.2,0.2,0.9468824968013116,0.3044654829932274,0.7230639138652676,5.053659262219079,0.9754581328141455
545.8,epoch3_bilat,0.2,0.2,0.9468730279763437,0.30445025971907774,0.7230387067593498,5.053612558245044,0.9753892473817147
545.9,epoch3_bilat,0.2,0.2,0.9468635592460639,0.3044350372060918,0.7230135080895039,5.053565818493015,0.9753204063304687
546.0,epoch3_bilat,0.2,0.2,0.9468540906104714,0.30441981545423147,0.7229883178203421,5.053519042996813,0.9752516095984298
546.1,epoch3_bilat,0.2,0.2,0.9468446220695653,0.30440459446345874,0.7229631359166174,5.0534722317902165,0.9751828571236913
546.2,epoch3_bilat,0.2,0.2,0.9468351536233446,0.3043893742337356,0.7229379623432235,5.05342538490696,0.9751141488444172
546.3,epoch3_bilat,0.2,0.2,0.9468256852718083,0.3043741547650239,0.722912797065194,5.053378502380735,0.9750454846988419
546.4,epoch3_bilat,0.2,0.2,0.9468162170149557,0.30435893605728565,0.7228876400477019,5.0533315842451865,0.974976864625271
546.5,epoch3_bilat,0.2,0.2,0.9468067488527855,0.3043437181104828,0.7228624912560591,5.053284630533919,0.9749082885620806
546.6,epoch3_bilat,0.2,0.2,0.9467972807852969,0.30432850092457725,0.7228373506557157,5.05323764128049,0.9748397564477175
546.7,epoch3_bilat,0.2,0.2,0.946787812812489,0.30431328449953104,0.72281221821226,5.053190616518417,0.9747712682206995
546.8,epoch3_bilat,0.2,0.2,0.9467783449343609,0.3042980688353061,0.7227870938914173,5.05314355628117,0.9747028238196148
546.9,epoch3_bilat,0.2,0.2,0.9467688771509115,0.3042828539318643,0.7227619776590495,5.0530964606021795,0.9746344231831224
547.0,epoch3_bilat,0.2,0.2,0.94675940946214,0.3042676397891677,0.722736869481155,5.053049329514829,0.9745660662499522
547.1,epoch3_bilat,0.2,0.2,0.9467499418680454,0.30425242640717826,0.7227117693238678,5.0530021630524615,0.9744977529589047
547.2,epoch3_bilat,0.2,0.2,0.9467404743686267,0.3042372137858579,0.7226866771534571,5.052954961248374,0.9744294832488511
547.3,epoch3_bilat,0.2,0.2,0.946731006963883,0.3042220019251686,0.7226615929363267,5.052907724135821,0.9743612570587333
547.4,epoch3_bilat,0.2,0.2,0.9467215396538133,0.3042067908250723,0.7226365166390144,5.052860451748015,0.974293074327564
547.5,epoch3_bilat,0.2,0.2,0.9467120724384168,0.304191580485531,0.7226114482281919,5.052813144118123,0.9742249349944263
547.6,epoch3_bilat,0.2,0.2,0.9467026053176925,0.30417637090650673,0.7225863876706637,5.052765801279271,0.9741568389984744
547.7,epoch3_bilat,0.2,0.2,0.9466931382916393,0.3041611620879614,0.7225613349333672,5.052718423264541,0.9740887862789329
547.8,epoch3_bilat,0.2,0.2,0.9466836713602563,0.304145954029857,0.7225362899833714,5.052671010106972,0.9740207767750972
547.9,epoch3_bilat,0.2,0.2,0.9466742045235427,0.3041307467321555,0.7225112527878773,5.05262356183956,0.9739528104263333
548.0,epoch3_bilat,0.2,0.2,0.9466647377814974,0.3041155401948189,0.7224862233142167,5.052576078495258,0.9738848871720779
548.1,epoch3_bilat,0.2,0.2,0.9466552711341196,0.30410033441780915,0.7224612015298522,5.052528560106975,0.9738170069518384
548.2,epoch3_bilat,0.2,0.2,0.9466458045814082,0.3040851294010883,0.722436187402376,5.052481006707578,0.9737491697051928
548.3,epoch3_bilat,0.2,0.2,0.9466363381233625,0.3040699251446182,0.7224111808995103,5.052433418329892,0.9736813753717897
548.4,epoch3_bilat,0.2,0.2,0.9466268717599812,0.304054721648361,0.7223861819891059,5.052385795006699,0.9736136238913483
548.5,epoch3_bilat,0.2,0.2,0.9466174054912636,0.3040395189122786,0.7223611906391424,5.052338136770736,0.9735459152036585
548.6,epoch3_bilat,0.2,0.2,0.9466079393172087,0.304024316936333,0.7223362068177275,5.052290443654701,0.9734782492485808
548.7,epoch3_bilat,0.2,0.2,0.9465984732378155,0.30400911572048617,0.7223112304930962,5.0522427156912455,0.9734106259660463
548.8,epoch3_bilat,0.2,0.2,0.9465890072530831,0.30399391526470015,0.7222862616336106,5.052194952912982,0.9733430452960566
548.9,epoch3_bilat,0.2,0.2,0.9465795413630106,0.3039787155689369,0.7222613002077597,5.052147155352479,0.9732755071786839
549.0,epoch3_bilat,0.2,0.2,0.946570075567597,0.30396351663315846,0.722236346184158,5.052099323042261,0.9732080115540711
549.1,epoch3_bilat,0.2,0.2,0.9465606098668413,0.3039483184573268,0.722211399531546,5.052051456014811,0.9731405583624314
549.2,epoch3_bilat,0.2,0.2,0.9465511442607426,0.3039331210414039,0.7221864602187891,5.052003554302573,0.9730731475440487
549.3,epoch3_bilat,0.2,0.2,0.9465416787493,0.3039179243853518,0.7221615282148773,5.051955617937943,0.9730057790392775
549.4,epoch3_bilat,0.2,0.2,0.9465322133325125,0.3039027284891325,0.722136603488925,5.051907646953278,0.9729384527885426
549.5,epoch3_bilat,0.2,0.2,0.9465227480103792,0.3038875333527081,0.72211168601017,5.051859641380894,0.9728711687323395
549.6,epoch3_bilat,0.2,0.2,0.946513282782899,0.30387233897604043,0.7220867757479731,5.051811601253061,0.972803926811234
549.7,epoch3_bilat,0.2,0.2,0.9465038176500712,0.30385714535909164,0.7220618726718182,5.051763526602011,0.9727367269658624
549.8,epoch3_bilat,0.2,0.2,0.9464943526118947,0.30384195250182366,0.7220369767513112,5.05171541745993,0.9726695691369318
549.9,epoch3_bilat,0.2,0.2,0.9464848876683686,0.3038267604041986,0.7220120879561797,5.051667273858965,0.9726024532652192
550.0,epoch3_bilat,0.2,0.2,0.9464754228194919,0.3038115690661784,0.7219872062562727,5.05161909583122,0.9725353792915724
550.1,epoch3_bilat,0.2,0.2,0.9464659580652637,0.3037963784877251,0.7219623316215599,5.051570883408757,0.9724683471569094
550.2,epoch3_bilat,0.2,0.2,0.946456493405683,0.3037811886688007,0.7219374640221313,5.051522636623595,0.9724013568022188
550.3,epoch3_bilat,0.2,0.2,0.946447028840749,0.3037659996093673,0.7219126034281971,5.051474355507714,0.9723344081685594
550.4,epoch3_bilat,0.2,0.2,0.9464375643704607,0.3037508113093868,0.7218877498100864,5.05142604009305,0.9722675011970604
550.5,epoch3_bilat,0.2,0.2,0.9464280999948169,0.30373562376882135,0.7218629031382477,5.051377690411498,0.9722006358289214
550.6,epoch3_bilat,0.2,0.2,0.946418635713817,0.3037204369876329,0.7218380633832477,5.051329306494911,0.9721338120054122
550.7,epoch3_bilat,0.2,0.2,0.9464091715274598,0.30370525096578355,0.7218132305157713,5.051280888375101,0.972067029667873
550.8,epoch3_bilat,0.2,0.2,0.9463997074357445,0.30369006570323526,0.7217884045066207,5.051232436083837,0.9720002887577143
550.9,epoch3_bilat,0.2,0.2,0.9463902434386702,0.3036748811999501,0.7217635853267157,5.05118394965285,0.9719335892164169
551.0,epoch3_bilat,0.2,0.2,0.9463807795362358,0.3036596974558901,0.7217387729470922,5.051135429113825,0.9718669309855319
551.1,epoch3_bilat,0.2,0.2,0.9463713157284405,0.3036445144710173,0.7217139673389027,5.051086874498408,0.9718003140066804
551.2,epoch3_bilat,0.2,0.2,0.9463618520152832,0.30362933224529376,0.7216891684734154,5.051038285838203,0.971733738221554
551.3,epoch3_bilat,0.2,0.2,0.9463523883967631,0.3036141507786815,0.7216643763220135,5.050989663164774,0.971667203571914
551.4,epoch3_bilat,0.2,0.2,0.9463429248728791,0.30359897007114256,0.7216395908561956,5.050941006509643,0.9716007099995927
551.5,epoch3_bilat,0.2,0.2,0.9463334614436304,0.30358379012263903,0.7216148120475743,5.05089231590429,0.9715342574464917
551.6,epoch3_bilat,0.2,0.2,0.9463239981090159,0.3035686109331329,0.7215900398678763,5.050843591380155,0.9714678458545832
551.7,epoch3_bilat,0.2,0.2,0.9463145348690348,0.30355343250258626,0.7215652742889419,5.050794832968635,0.9714014751659096
551.8,epoch3_bilat,0.2,0.2,0.9463050717236862,0.30353825483096114,0.7215405152827243,5.050746040701089,0.971335145322583
551.9,epoch3_bilat,0.2,0.2,0.9462956086729689,0.3035230779182196,0.7215157628212897,5.050697214608832,0.9712688562667859
552.0,epoch3_bilat,0.2,0.2,0.9462861457168822,0.3035079017643237,0.7214910168768163,5.050648354723139,0.9712026079407707
552.1,epoch3_bilat,0.2,0.2,0.946276682855425,0.30349272636923547,0.721466277421594,5.050599461075246,0.9711364002868599
552.2,epoch3_bilat,0.2,0.2,0.9462672200885964,0.303477551732917,0.7214415444280242,5.050550533696345,0.9710702332474459
552.3,epoch3_bilat,0.2,0.2,0.9462577574163955,0.30346237785533037,0.7214168178686193,5.0505015726175895,0.9710041067649912
552.4,epoch3_bilat,0.2,0.2,0.9462482948388213,0.3034472047364376,0.721392097716002,5.050452577870091,0.9709380207820281
552.5,epoch3_bilat,0.2,0.2,0.9462388323558729,0.30343203237620076,0.7213673839429051,5.050403549484922,0.970871975241159
552.6,epoch3_bilat,0.2,0.2,0.9462293699675494,0.30341686077458196,0.7213426765221712,5.050354487493112,0.9708059700850561
552.7,epoch3_bilat,0.2,0.2,0.9462199076738497,0.30340168993154326,0.721317975426752,5.050305391925652,0.9707400052564615
552.8,epoch3_bilat,0.2,0.2,0.946210445474773,0.3033865198470467,0.721293280629708,5.05025626281349,0.9706740806981873
552.9,epoch3_bilat,0.2,0.2,0.9462009833703182,0.30337135052105435,0.721268592104208,5.050207100187536,0.9706081963531151
553.0,epoch3_bilat,0.2,0.2,0.9461915213604846,0.3033561819535283,0.7212439098235288,5.050157904078659,0.9705423521641967
553.1,epoch3_bilat,0.2,0.2,0.946182059445271,0.30334101414443065,0.7212192337610549,5.050108674517686,0.9704765480744534
553.2,epoch3_bilat,0.2,0.2,0.9461725976246765,0.30332584709372346,0.7211945638902776,5.050059411535405,0.9704107840269764
553.3,epoch3_bilat,0.2,0.2,0.9461631358987003,0.30331068080136875,0.7211699001847952,5.050010115162564,0.9703450599649267
553.4,epoch3_bilat,0.2,0.2,0.9461536742673413,0.3032955152673287,0.721145242618312,5.04996078542987,0.9702793758315348
553.5,epoch3_bilat,0.2,0.2,0.9461442127305987,0.3032803504915653,0.7211205911646386,5.04991142236799,0.9702137315701009
553.6,epoch3_bilat,0.2,0.2,0.9461347512884714,0.3032651864740407,0.7210959457976904,5.049862026007551,0.9701481271239952
553.7,epoch3_bilat,0.2,0.2,0.9461252899409585,0.303250023214717,0.7210713064914887,5.049812596379139,0.9700825624366571
553.8,epoch3_bilat,0.2,0.2,0.9461158286880591,0.30323486071355626,0.7210466732201586,5.049763133513301,0.9700170374515958
553.9,epoch3_bilat,0.2,0.2,0.9461063675297722,0.3032196989705206,0.7210220459579301,5.0497136374405445,0.96995155211239
554.0,epoch3_bilat,0.2,0.2,0.9460969064660969,0.30320453798557206,0.7209974246791366,5.049664108191336,0.9698861063626881
554.1,epoch3_bilat,0.2,0.2,0.9460874454970323,0.3031893777586728,0.7209728093582153,5.049614545796102,0.9698207001462078
554.2,epoch3_bilat,0.2,0.2,0.9460779846225773,0.30317421828978486,0.720948199969706,5.049564950285229,0.9697553334067365
554.3,epoch3_bilat,0.2,0.2,0.9460685238427311,0.30315905957887035,0.7209235964882517,5.049515321689065,0.9696900060881308
554.4,epoch3_bilat,0.2,0.2,0.9460590631574927,0.3031439016258914,0.720898998888597,5.049465660037917,0.969624718134317
554.5,epoch3_bilat,0.2,0.2,0.9460496025668611,0.3031287444308101,0.7208744071455888,5.049415965362053,0.9695594694892907
554.6,epoch3_bilat,0.2,0.2,0.9460401420708354,0.30311358799358856,0.7208498212341754,5.049366237691701,0.9694942600971168
554.7,epoch3_bilat,0.2,0.2,0.9460306816694147,0.30309843231418887,0.7208252411294059,5.049316477057049,0.9694290899019296
554.8,epoch3_bilat,0.2,0.2,0.946021221362598,0.3030832773925732,0.7208006668064304,5.049266683488247,0.9693639588479326
554.9,epoch3_bilat,0.2,0.2,0.9460117611503844,0.3030681232287036,0.720776098240499,5.049216857015403,0.9692988668793987
555.0,epoch3_bilat,0.2,0.2,0.9460023010327729,0.30305296982254215,0.7207515354069618,5.049166997668587,0.9692338139406702
555.1,epoch3_bilat,0.2,0.2,0.9459928410097627,0.30303781717405104,0.7207269782812683,5.049117105477831,0.9691687999761583
555.2,epoch3_bilat,0.2,0.2,0.9459833810813526,0.3030226652831923,0.7207024268389672,5.049067180473124,0.9691038249303436
555.3,epoch3_bilat,0.2,0.2,0.9459739212475418,0.30300751414992816,0.7206778810557061,5.04901722268442,0.9690388887477759
555.4,epoch3_bilat,0.2,0.2,0.9459644615083292,0.3029923637742207,0.7206533409072304,5.0489672321416315,0.9689739913730738
555.5,epoch3_bilat,0.2,0.2,0.9459550018637142,0.30297721415603196,0.7206288063693841,5.04891720887463,0.9689091327509254
555.6,epoch3_bilat,0.2,0.2,0.9459455423136955,0.30296206529532416,0.7206042774181083,5.048867152913251,0.9688443128260875
555.7,epoch3_bilat,0.2,0.2,0.9459360828582724,0.3029469171920594,0.7205797540294415,5.04881706428729,0.9687795315433863
555.8,epoch3_bilat,0.2,0.2,0.9459266234974437,0.3029317698461998,0.720555236179519,5.048766943026502,0.9687147888477166
555.9,epoch3_bilat,0.2,0.2,0.9459171642312088,0.30291662325770746,0.7205307238445726,5.048716789160604,0.9686500846840425
556.0,epoch3_bilat,0.2,0.2,0.9459077050595665,0.30290147742654455,0.7205062170009301,5.048666602719275,0.9685854189973968
556.1,epoch3_bilat,0.2,0.2,0.9458982459825158,0.3028863323526732,0.7204817156250151,5.048616383732154,0.9685207917328813
556.2,epoch3_bilat,0.2,0.2,0.945888787000056,0.30287118803605556,0.7204572196933463,5.0485661322288395,0.9684562028356667
556.3,epoch3_bilat,0.2,0.2,0.945879328112186,0.30285604447665376,0.7204327291825376,5.048515848238895,0.9683916522509924
556.4,epoch3_bilat,0.2,0.2,0.9458698693189049,0.30284090167442995,0.7204082440692975,5.048465531791843,0.9683271399241669
556.5,epoch3_bilat,0.2,0.2,0.9458604106202118,0.3028257596293462,0.7203837643304285,5.048415182917166,0.968262665800567
556.6,epoch3_bilat,0.2,0.2,0.9458509520161056,0.30281061834136475,0.720359289942827,5.048364801644311,0.9681982298256384
556.7,epoch3_bilat,0.2,0.2,0.9458414935065854,0.3027954778104477,0.7203348208834832,5.048314388002685,0.9681338319448958
556.8,epoch3_bilat,0.2,0.2,0.9458320350916504,0.3027803380365572,0.7203103571294801,5.048263942021654,0.968069472103922
556.9,epoch3_bilat,0.2,0.2,0.9458225767712994,0.3027651990196554,0.7202858986579935,5.048213463730549,0.968005150248369
557.0,epoch3_bilat,0.2,0.2,0.9458131185455317,0.3027500607597044,0.7202614454462918,5.04816295315866,0.9679408663239569
557.1,epoch3_bilat,0.2,0.2,0.9458036604143463,0.3027349232566664,0.7202369974717352,5.048112410335241,0.9678766202764747
557.2,epoch3_bilat,0.2,0.2,0.9457942023777421,0.3027197865105036,0.7202125547117758,5.048061835289506,0.9678124120517797
557.3,epoch3_bilat,0.2,0.2,0.9457847444357184,0.30270465052117806,0.720188117143957,5.04801122805063,0.9677482415957978
557.4,epoch3_bilat,0.2,0.2,0.945775286588274,0.302689515288652,0.7201636847459132,5.047960588647752,0.9676841088545232
557.5,epoch3_bilat,0.2,0.2,0.9457658288354082,0.30267438081288756,0.7201392574953692,5.04790991710997,0.9676200137740186
557.6,epoch3_bilat,0.2,0.2,0.9457563711771199,0.3026592470938469,0.7201148353701403,5.047859213466347,0.9675559563004151
557.7,epoch3_bilat,0.2,0.2,0.9457469136134081,0.3026441141314922,0.7200904183481317,5.047808477745905,0.9674919363799122
557.8,epoch3_bilat,0.2,0.2,0.945737456144272,0.30262898192578563,0.7200660064073381,5.047757709977629,0.9674279539587772
557.9,epoch3_bilat,0.2,0.2,0.9457279987697105,0.30261385047668937,0.7200415995258436,5.047706910190467,0.9673640089833464
558.0,epoch3_bilat,0.2,0.2,0.9457185414897228,0.3025987197841655,0.7200171976818208,5.047656078413326,0.9673001014000238
558.1,epoch3_bilat,0.2,0.2,0.9457090843043079,0.3025835898481763,0.7199928008535313,5.047605214675079,0.9672362311552817
558.2,epoch3_bilat,0.2,0.2,0.9456996272134649,0.30256846066868387,0.7199684090193247,5.0475543190045595,0.9671723981956606
558.3,epoch3_bilat,0.2,0.2,0.9456901702171928,0.30255333224565045,0.7199440221576383,5.047503391430562,0.9671086024677691
558.4,epoch3_bilat,0.2,0.2,0.9456807133154906,0.3025382045790382,0.7199196402469971,5.047452431981843,0.9670448439182837
558.5,epoch3_bilat,0.2,0.2,0.9456712565083575,0.30252307766880926,0.7198952632660132,5.047401440687124,0.9669811224939492
558.6,epoch3_bilat,0.2,0.2,0.9456617997957923,0.3025079515149258,0.7198708911933854,5.047350417575086,0.9669174381415782
558.7,epoch3_bilat,0.2,0.2,0.9456523431777943,0.30249282611735007,0.7198465240078994,5.047299362674375,0.9668537908080511
558.8,epoch3_bilat,0.2,0.2,0.9456428866543626,0.3024777014760442,0.7198221616884266,5.047248276013596,0.9667901804403166
558.9,epoch3_bilat,0.2,0.2,0.9456334302254961,0.3024625775909704,0.7197978042139244,5.047197157621319,0.966726606985391
559.0,epoch3_bilat,0.2,0.2,0.9456239738911938,0.30244745446209087,0.7197734515634356,5.047146007526076,0.9666630703903585
559.1,epoch3_bilat,0.2,0.2,0.9456145176514549,0.30243233208936776,0.7197491037160885,5.0470948257563615,0.9665995706023709
559.2,epoch3_bilat,0.2,0.2,0.9456050615062783,0.3024172104727633,0.7197247606510957,5.047043612340632,0.966536107568648
559.3,epoch3_bilat,0.2,0.2,0.9455956054556632,0.3024020896122397,0.7197004223477548,5.046992367307308,0.9664726812364773
559.4,epoch3_bilat,0.2,0.2,0.9455861494996087,0.30238696950775906,0.7196760887854471,5.04694109068477,0.9664092915532139
559.5,epoch3_bilat,0.2,0.2,0.9455766936381137,0.3023718501592837,0.7196517599436381,5.046889782501365,0.9663459384662804
559.6,epoch3_bilat,0.2,0.2,0.9455672378711774,0.3023567315667757,0.7196274358018766,5.0468384427854,0.966282621923167
559.7,epoch3_bilat,0.2,0.2,0.9455577821987986,0.3023416137301974,0.7196031163397947,5.046787071565145,0.9662193418714318
559.8,epoch3_bilat,0.2,0.2,0.9455483266209767,0.3023264966495109,0.7195788015371072,5.046735668868834,0.9661560982586999
559.9,epoch3_bilat,0.2,0.2,0.9455388711377104,0.3023113803246784,0.7195544913736117,5.046684234724664,0.9660928910326642
560.0,epoch3_bilat,0.2,0.2,0.9455294157489991,0.3022962647556622,0.7195301858291878,5.0466327691607935,0.9660297201410848
560.1,epoch3_bilat,0.2,0.2,0.9455199604548415,0.3022811499424244,0.7195058848837972,5.046581272205346,0.9659665855317894
560.2,epoch3_bilat,0.2,0.2,0.9455105052552369,0.3022660358849273,0.7194815885174829,5.046529743886406,0.9659034871526728
560.3,epoch3_bilat,0.2,0.2,0.9455010501501844,0.302250922583133,0.7194572967103694,5.046478184232023,0.9658404249516973
560.4,epoch3_bilat,0.2,0.2,0.9454915951396828,0.30223581003700384,0.7194330094426621,5.0464265932702075,0.9657773988768923
560.5,epoch3_bilat,0.2,0.2,0.9454821402237314,0.302220698246502,0.719408726694647,5.046374971028936,0.9657144088763544
560.6,epoch3_bilat,0.2,0.2,0.9454726854023292,0.3022055872115897,0.7193844484466904,5.046323317536145,0.9656514548982474
560.7,epoch3_bilat,0.2,0.2,0.9454632306754752,0.3021904769322291,0.7193601746792386,5.046271632819738,0.9655885368908024
560.8,epoch3_bilat,0.2,0.2,0.9454537760431685,0.3021753674083825,0.7193359053728177,5.046219916907579,0.9655256548023172
560.9,epoch3_bilat,0.2,0.2,0.945444321505408,0.3021602586400121,0.719311640508033,5.046168169827496,0.965462808581157
561.0,epoch3_bilat,0.2,0.2,0.9454348670621929,0.30214515062708014,0.7192873800655691,5.046116391607281,0.9653999981757536
561.1,epoch3_bilat,0.2,0.2,0.9454254127135223,0.3021300433695488,0.7192631240261893,5.04606458227469,0.9653372235346062
561.2,epoch3_bilat,0.2,0.2,0.9454159584593952,0.30211493686738033,0.7192388723707351,5.046012741857441,0.9652744846062804
561.3,epoch3_bilat,0.2,0.2,0.9454065042998105,0.30209983112053695,0.7192146250801266,5.045960870383217,0.9652117813394091
561.4,epoch3_bilat,0.2,0.2,0.9453970502347675,0.3020847261289809,0.7191903821353614,5.045908967879664,0.9651491136826917
561.5,epoch3_bilat,0.2,0.2,0.9453875962642652,0.30206962189267444,0.7191661435175147,5.045857034374392,0.9650864815848946
561.6,epoch3_bilat,0.2,0.2,0.9453781423883025,0.3020545184115798,0.7191419092077392,5.045805069894974,0.9650238849948508
561.7,epoch3_bilat,0.2,0.2,0.9453686886068786,0.30203941568565923,0.7191176791872644,5.045753074468947,0.9649613238614599
561.8,epoch3_bilat,0.2,0.2,0.9453592349199925,0.3020243137148749,0.7190934534373963,5.045701048123813,0.9648987981336884
561.9,epoch3_bilat,0.2,0.2,0.9453497813276434,0.30200921249918916,0.7190692319395173,5.045648990887036,0.9648363077605691
562.0,epoch3_bilat,0.2,0.2,0.9453403278298301,0.3019941120385642,0.7190450146750861,5.0455969027860466,0.9647738526912013
562.1,epoch3_bilat,0.2,0.2,0.9453308744265518,0.30197901233296226,0.7190208016256368,5.045544783848236,0.9647114328747511
562.2,epoch3_bilat,0.2,0.2,0.9453214211178076,0.30196391338234563,0.718996592772779,5.045492634100961,0.964649048260451
562.3,epoch3_bilat,0.2,0.2,0.9453119679035964,0.3019488151866765,0.718972388098198,5.045440453571545,0.9645866987975995
562.4,epoch3_bilat,0.2,0.2,0.9453025147839174,0.30193371774591715,0.7189481875836532,5.04538824228727,0.964524384435562
562.5,epoch3_bilat,0.2,0.2,0.9452930617587695,0.30191862106002987,0.7189239912109792,5.0453360002753875,0.9644621051237697
562.6,epoch3_bilat,0.2,0.2,0.9452836088281519,0.3019035251289769,0.7188997989620844,5.045283727563111,0.9643998608117206
562.7,epoch3_bilat,0.2,0.2,0.9452741559920635,0.3018884299527204,0.7188756108189517,5.045231424177616,0.9643376514489784
562.8,epoch3_bilat,0.2,0.2,0.9452647032505036,0.30187333553122275,0.7188514267636372,5.045179090146046,0.9642754769851734
562.9,epoch3_bilat,0.2,0.2,0.945255250603471,0.3018582418644462,0.7188272467782708,5.045126725495509,0.9642133373700017
563.0,epoch3_bilat,0.2,0.2,0.945245798050965,0.301843148952353,0.7188030708450555,5.045074330253073,0.9641512325532257
563.1,epoch3_bilat,0.2,0.2,0.9452363455929844,0.3018280567949054,0.7187788989462668,5.045021904445775,0.9640891624846736
563.2,epoch3_bilat,0.2,0.2,0.9452268932295285,0.30181296539206565,0.7187547310642532,5.044969448100614,0.9640271271142399
563.3,epoch3_bilat,0.2,0.2,0.9452174409605961,0.30179787474379605,0.7187305671814355,5.044916961244555,0.9639651263918847
563.4,epoch3_bilat,0.2,0.2,0.9452079887861865,0.3017827848500589,0.718706407280306,5.044864443904525,0.9639031602676342
563.5,epoch3_bilat,0.2,0.2,0.9451985367062986,0.30176769571081635,0.7186822513434292,5.0448118961074195,0.9638412286915804
563.6,epoch3_bilat,0.2,0.2,0.9451890847209315,0.3017526073260308,0.718658099353441,5.044759317880096,0.9637793316138811
563.7,epoch3_bilat,0.2,0.2,0.9451796328300843,0.30173751969566454,0.7186339512930483,5.044706709249376,0.9637174689847597
563.8,epoch3_bilat,0.2,0.2,0.945170181033756,0.30172243281967975,0.718609807145029,5.044654070242049,0.9636556407545056
563.9,epoch3_bilat,0.2,0.2,0.9451607293319457,0.3017073466980388,0.7185856668922315,5.044601400884867,0.9635938468734735
564.0,epoch3_bilat,0.2,0.2,0.9451512777246525,0.30169226133070387,0.7185615305175745,5.044548701204547,0.9635320872920838
564.1,epoch3_bilat,0.2,0.2,0.9451418262118753,0.30167717671763733,0.7185373980040471,5.044495971227771,0.9634703619608227
564.2,epoch3_bilat,0.2,0.2,0.9451323747936131,0.30166209285880147,0.7185132693347078,5.0444432109811865,0.9634086708302415
564.3,epoch3_bilat,0.2,0.2,0.9451229234698652,0.30164700975415853,0.7184891444926849,5.044390420491406,0.9633470138509573
564.4,epoch3_bilat,0.2,0.2,0.9451134722406305,0.30163192740367084,0.7184650234611757,5.044337599785006,0.9632853909736524
564.5,epoch3_bilat,0.2,0.2,0.9451040211059081,0.30161684580730064,0.7184409062234467,5.044284748888529,0.9632238021490745
564.6,epoch3_bilat,0.2,0.2,0.945094570065697,0.3016017649650103,0.718416792762833,5.044231867828484,0.9631622473280367
564.7,epoch3_bilat,0.2,0.2,0.9450851191199963,0.30158668487676205,0.7183926830627381,5.044178956631341,0.9631007264614171
564.8,epoch3_bilat,0.2,0.2,0.9450756682688051,0.3015716055425182,0.7183685771066337,5.044126015323539,0.9630392395001593
564.9,epoch3_bilat,0.2,0.2,0.9450662175121224,0.3015565269622411,0.7183444748780595,5.0440730439314825,0.962977786395272
565.0,epoch3_bilat,0.2,0.2,0.9450567668499472,0.301541449135893,0.7183203763606228,5.044020042481538,0.9629163670978287
565.1,epoch3_bilat,0.2,0.2,0.9450473162822787,0.3015263720634362,0.7182962815379983,5.04396701100004,0.9628549815589683
565.2,epoch3_bilat,0.2,0.2,0.9450378658091159,0.30151129574483304,0.7182721903939275,5.043913949513288,0.9627936297298947
565.3,epoch3_bilat,0.2,0.2,0.9450284154304578,0.3014962201800458,0.7182481029122193,5.043860858047547,0.9627323115618764
565.4,epoch3_bilat,0.2,0.2,0.9450189651463035,0.3014811453690368,0.7182240190767487,5.043807736629047,0.9626710270062474
565.5,epoch3_bilat,0.2,0.2,0.945009514956652,0.30146607131176834,0.7181999388714573,5.043754585283983,0.9626097760144059
565.6,epoch3_bilat,0.2,0.2,0.9450000648615025,0.30145099800820274,0.7181758622803527,5.043701404038518,0.9625485585378153
565.7,epoch3_bilat,0.2,0.2,0.9449906148608538,0.30143592545830233,0.7181517892875083,5.043648192918777,0.9624873745280037
565.8,epoch3_bilat,0.2,0.2,0.9449811649547052,0.3014208536620294,0.7181277198770633,5.043594951950855,0.9624262239365639
565.9,epoch3_bilat,0.2,0.2,0.9449717151430557,0.3014057826193463,0.7181036540332216,5.043541681160808,0.9623651067151531
566.0,epoch3_bilat,0.2,0.2,0.9449622654259042,0.30139071233021536,0.7180795917402529,5.043488380574662,0.9623040228154934
566.1,epoch3_bilat,0.2,0.2,0.94495281580325,0.30137564279459883,0.7180555329824911,5.043435050218407,0.9622429721893715
566.2,epoch3_bilat,0.2,0.2,0.9449433662750919,0.3013605740124591,0.718031477744335,5.043381690117998,0.9621819547886383
566.3,epoch3_bilat,0.2,0.2,0.9449339168414291,0.3013455059837585,0.7180074260102474,5.043328300299358,0.9621209705652094
566.4,epoch3_bilat,0.2,0.2,0.9449244675022607,0.30133043870845927,0.7179833777647554,5.043274880788373,0.9620600194710646
566.5,epoch3_bilat,0.2,0.2,0.9449150182575856,0.3013153721865238,0.7179593329924497,5.043221431610899,0.9619991014582481
566.6,epoch3_bilat,0.2,0.2,0.9449055691074031,0.3013003064179145,0.7179352916779848,5.043167952792754,0.9619382164788685
566.7,epoch3_bilat,0.2,0.2,0.944896120051712,0.3012852414025936,0.717911253806078,5.043114444359726,0.9618773644850984
566.8,epoch3_bilat,0.2,0.2,0.9448866710905115,0.30127017714052345,0.7178872193615101,5.0430609063375655,0.9618165454291749
566.9,epoch3_bilat,0.2,0.2,0.9448772222238006,0.3012551136316664,0.7178631883291247,5.043007338751992,0.9617557592633991
567.0,epoch3_bilat,0.2,0.2,0.9448677734515784,0.3012400508759848,0.7178391606938275,5.042953741628689,0.9616950059401359
567.1,epoch3_bilat,0.2,0.2,0.9448583247738438,0.301224988873441,0.7178151364405869,5.042900114993308,0.9616342854118147
567.2,epoch3_bilat,0.2,0.2,0.9448488761905961,0.30120992762399734,0.7177911155544333,5.042846458871466,0.9615735976309286
567.3,epoch3_bilat,0.2,0.2,0.9448394277018342,0.3011948671276161,0.7177670980204589,5.042792773288746,0.9615129425500347
567.4,epoch3_bilat,0.2,0.2,0.9448299793075572,0.30117980738425976,0.7177430838238174,5.0427390582706995,0.9614523201217539
567.5,epoch3_bilat,0.2,0.2,0.9448205310077641,0.30116474839389057,0.7177190729497238,5.042685313842841,0.9613917302987709
567.6,epoch3_bilat,0.2,0.2,0.944811082802454,0.30114969015647086,0.7176950653834544,5.042631540030655,0.9613311730338343
567.7,epoch3_bilat,0.2,0.2,0.9448016346916259,0.30113463267196305,0.7176710611103463,5.04257773685959,0.9612706482797564
567.8,epoch3_bilat,0.2,0.2,0.944792186675279,0.30111957594032945,0.717647060115797,5.042523904355062,0.961210155989413
567.9,epoch3_bilat,0.2,0.2,0.9447827387534122,0.3011045199615324,0.7176230623852647,5.042470042542455,0.9611496961157435
568.0,epoch3_bilat,0.2,0.2,0.9447732909260247,0.30108946473553433,0.7175990679042675,5.042416151447117,0.9610892686117511
568.1,epoch3_bilat,0.2,0.2,0.9447638431931155,0.30107441026229753,0.7175750766583836,5.042362231094366,0.9610288734305024
568.2,epoch3_bilat,0.2,0.2,0.9447543955546835,0.3010593565417844,0.7175510886332507,5.042308281509483,0.9609685105251271
568.3,epoch3_bilat,0.2,0.2,0.944744948010728,0.3010443035739573,0.7175271038145661,5.042254302717717,0.9609081798488188
568.4,epoch3_bilat,0.2,0.2,0.9447355005612479,0.30102925135877856,0.7175031221880862,5.042200294744287,0.9608478813548342
568.5,epoch3_bilat,0.2,0.2,0.9447260532062423,0.30101419989621064,0.7174791437396265,5.042146257614376,0.9607876149964933
568.6,epoch3_bilat,0.2,0.2,0.9447166059457102,0.30099914918621584,0.7174551684550611,5.042092191353134,0.9607273807271793
568.7,epoch3_bilat,0.2,0.2,0.9447071587796507,0.3009840992287565,0.7174311963203227,5.042038095985678,0.9606671785003386
568.8,epoch3_bilat,0.2,0.2,0.9446977117080629,0.3009690500237951,0.7174072273214023,5.041983971537093,0.9606070082694805
568.9,epoch3_bilat,0.2,0.2,0.9446882647309458,0.3009540015712939,0.7173832614443489,5.04192981803243,0.9605468699881778
569.0,epoch3_bilat,0.2,0.2,0.9446788178482985,0.3009389538712154,0.7173592986752696,5.041875635496709,0.9604867636100661
569.1,epoch3_bilat,0.2,0.2,0.9446693710601201,0.30092390692352183,0.7173353390003286,5.041821423954914,0.9604266890888439
569.2,epoch3_bilat,0.2,0.2,0.9446599243664094,0.30090886072817563,0.717311382405748,5.041767183432,0.9603666463782725
569.3,epoch3_bilat,0.2,0.2,0.9446504777671658,0.3008938152851392,0.7172874288778067,5.041712913952887,0.9603066354321764
569.4,epoch3_bilat,0.2,0.2,0.9446410312623882,0.30087877059437496,0.7172634784028408,5.041658615542462,0.9602466562044426
569.5,epoch3_bilat,0.2,0.2,0.9446315848520755,0.3008637266558452,0.7172395309672428,5.041604288225582,0.9601867086490209
569.6,epoch3_bilat,0.2,0.2,0.944622138536227,0.30084868346951243,0.717215586557462,5.041549932027067,0.9601267927199237
569.7,epoch3_bilat,0.2,0.2,0.9446126923148417,0.30083364103533894,0.7171916451600039,5.041495546971708,0.9600669083712263
569.8,epoch3_bilat,0.2,0.2,0.9446032461879186,0.3008185993532872,0.7171677067614298,5.041441133084263,0.9600070555570663
569.9,epoch3_bilat,0.2,0.2,0.9445938001554567,0.3008035584233195,0.7171437713483573,5.041386690389455,0.9599472342316441
570.0,epoch3_bilat,0.2,0.2,0.9445843542174551,0.3007885182453984,0.7171198389074591,5.041332218911978,0.9598874443492221
570.1,epoch3_bilat,0.2,0.2,0.944574908373913,0.30077347881948613,0.7170959094254636,5.0412777186764925,0.9598276858641256
570.2,epoch3_bilat,0.2,0.2,0.9445654626248292,0.30075844014554515,0.7170719828891544,5.041223189707625,0.9597679587307418
570.3,epoch3_bilat,0.2,0.2,0.944556016970203,0.30074340222353785,0.7170480592853699,5.041168632029972,0.9597082629035206
570.4,epoch3_bilat,0.2,0.2,0.9445465714100333,0.30072836505342665,0.7170241386010032,5.041114045668096,0.9596485983369739
570.5,epoch3_bilat,0.2,0.2,0.9445371259443192,0.30071332863517397,0.7170002208230022,5.041059430646529,0.9595889649856758
570.6,epoch3_bilat,0.2,0.2,0.9445276805730597,0.30069829296874223,0.7169763059383688,5.0410047869897685,0.9595293628042626
570.7,epoch3_bilat,0.2,0.2,0.944518235296254,0.3006832580540938,0.7169523939341593,5.040950114722282,0.9594697917474327
570.8,epoch3_bilat,0.2,0.2,0.9445087901139011,0.3006682238911911,0.7169284847974837,5.040895413868505,0.9594102517699464
570.9,epoch3_bilat,0.2,0.2,0.944499345026,0.3006531904799965,0.7169045785155057,5.040840684452839,0.959350742826626
571.0,epoch3_bilat,0.2,0.2,0.9444899000325497,0.3006381578204725,0.7168806750754425,5.040785926499654,0.9592912648723558
571.1,epoch3_bilat,0.2,0.2,0.9444804551335494,0.30062312591258145,0.7168567744645646,5.040731140033291,0.9592318178620818
571.2,epoch3_bilat,0.2,0.2,0.944471010328998,0.3006080947562858,0.7168328766701956,5.040676325078055,0.9591724017508119
571.3,epoch3_bilat,0.2,0.2,0.9444615656188947,0.300593064351548,0.7168089816797116,5.0406214816582215,0.9591130164936156
571.4,epoch3_bilat,0.2,0.2,0.9444521210032385,0.3005780346983304,0.7167850894805419,5.0405666097980335,0.9590536620456243
571.5,epoch3_bilat,0.2,0.2,0.9444426764820285,0.30056300579659545,0.7167612000601677,5.040511709521702,0.9589943383620306
571.6,epoch3_bilat,0.2,0.2,0.9444332320552636,0.30054797764630564,0.7167373134061228,5.0404567808534075,0.9589350453980893
571.7,epoch3_bilat,0.2,0.2,0.9444237877229431,0.3005329502474233,0.7167134295059928,5.040401823817298,0.9588757831091161
571.8,epoch3_bilat,0.2,0.2,0.9444143434850659,0.300517923599911,0.7166895483474152,5.04034683843749,0.9588165514504886
571.9,epoch3_bilat,0.2,0.2,0.9444048993416311,0.30050289770373095,0.716665669918079,5.040291824738066,0.9587573503776455
572.0,epoch3_bilat,0.2,0.2,0.9443954552926377,0.3004878725588458,0.7166417942057249,5.040236782743082,0.958698179846087
572.1,epoch3_bilat,0.2,0.2,0.9443860113380848,0.30047284816521785,0.7166179211981446,5.040181712476558,0.9586390398113743
572.2,epoch3_bilat,0.2,0.2,0.9443765674779714,0.3004578245228096,0.7165940508831806,5.040126613962485,0.9585799302291304
572.3,epoch3_bilat,0.2,0.2,0.9443671237122966,0.3004428016315835,0.7165701832487267,5.040071487224822,0.9585208510550387
572.4,epoch3_bilat,0.2,0.2,0.9443576800410595,0.3004277794915019,0.7165463182827269,5.040016332287495,0.9584618022448443
572.5,epoch3_bilat,0.2,0.2,0.944348236464259,0.3004127581025273,0.7165224559731758,5.039961149174401,0.9584027837543533
572.6,epoch3_bilat,0.2,0.2,0.9443387929818944,0.30039773746462217,0.7164985963081181,5.039905937909404,0.9583437955394324
572.7,epoch3_bilat,0.2,0.2,0.9443293495939645,0.3003827175777489,0.7164747392756486,5.039850698516339,0.9582848375560097
572.8,epoch3_bilat,0.2,0.2,0.9443199063004686,0.30036769844187006,0.716450884863912,5.039795431019007,0.9582259097600738
572.9,epoch3_bilat,0.2,0.2,0.9443104631014055,0.300352680056948,0.7164270330611023,5.039740135441179,0.9581670121076744
573.0,epoch3_bilat,0.2,0.2,0.9443010199967745,0.30033766242294513,0.7164031838554634,5.039684811806596,0.9581081445549219
573.1,epoch3_bilat,0.2,0.2,0.9442915769865745,0.30032264553982396,0.716379337235288,5.039629460138967,0.9580493070579872
573.2,epoch3_bilat,0.2,0.2,0.9442821340708046,0.30030762940754696,0.7163554931889181,5.039574080461969,0.9579904995731021
573.3,epoch3_bilat,0.2,0.2,0.9442726912494639,0.3002926140260766,0.7163316517047446,5.0395186727992485,0.957931722056559
573.4,epoch3_bilat,0.2,0.2,0.9442632485225514,0.3002775993953753,0.7163078127712067,5.039463237174422,0.9578729744647105
573.5,epoch3_bilat,0.2,0.2,0.9442538058900661,0.3002625855154055,0.7162839763767924,5.0394077736110745,0.9578142567539701
573.6,epoch3_bilat,0.2,0.2,0.9442443633520072,0.30024757238612976,0.7162601425100379,5.039352282132761,0.9577555688808115
573.7,epoch3_bilat,0.2,0.2,0.9442349209083737,0.3002325600075105,0.7162363111595274,5.039296762763003,0.9576969108017686
573.8,epoch3_bilat,0.2,0.2,0.9442254785591646,0.3002175483795101,0.716212482313893,5.039241215525295,0.9576382824734359
573.9,epoch3_bilat,0.2,0.2,0.944216036304379,0.30020253750209114,0.7161886559618147,5.0391856404430975,0.957579683852468
574.0,epoch3_bilat,0.2,0.2,0.944206594144016,0.30018752737521603,0.7161648320920198,5.0391300375398425,0.9575211148955798
574.1,epoch3_bilat,0.2,0.2,0.9441971520780745,0.30017251799884725,0.716141010693283,5.039074406838929,0.9574625755595462
574.2,epoch3_bilat,0.2,0.2,0.9441877101065538,0.30015750937294733,0.7161171917544261,5.039018748363728,0.9574040658012021
574.3,epoch3_bilat,0.2,0.2,0.9441782682294527,0.3001425014974787,0.716093375264318,5.0389630621375785,0.9573455855774425
574.4,epoch3_bilat,0.2,0.2,0.9441688264467705,0.3001274943724038,0.7160695612118745,5.038907348183789,0.9572871348452225
574.5,epoch3_bilat,0.2,0.2,0.944159384758506,0.3001124879976852,0.7160457495860575,5.038851606525639,0.9572287135615569
574.6,epoch3_bilat,0.2,0.2,0.9441499431646584,0.3000974823732853,0.7160219403758757,5.038795837186374,0.9571703216835203
574.7,epoch3_bilat,0.2,0.2,0.9441405016652268,0.30008247749916667,0.715998133570384,5.038740040189213,0.9571119591682473
574.8,epoch3_bilat,0.2,0.2,0.9441310602602101,0.3000674733752917,0.7159743291586833,5.038684215557342,0.957053625972932
574.9,epoch3_bilat,0.2,0.2,0.9441216189496074,0.30005247000162294,0.7159505271299202,5.038628363313918,0.9569953220548281
575.0,epoch3_bilat,0.2,0.2,0.9441121777334179,0.30003746737812287,0.7159267274732873,5.038572483482068,0.9569370473712492
575.1,epoch3_bilat,0.2,0.2,0.9441027366116406,0.300022465504754,0.7159029301780225,5.038516576084888,0.9568788018795682
575.2,epoch3_bilat,0.2,0.2,0.9440932955842745,0.30000746438147874,0.7158791352334091,5.038460641145443,0.9568205855372176
575.3,epoch3_bilat,0.2,0.2,0.9440838546513186,0.2999924640082597,0.7158553426287755,5.03840467868677,0.9567623983016892
575.4,epoch3_bilat,0.2,0.2,0.9440744138127721,0.2999774643850593,0.715831552353495,5.038348688731874,0.9567042401305342
575.5,epoch3_bilat,0.2,0.2,0.944064973068634,0.29996246551184,0.715807764396986,5.038292671303731,0.9566461109813633
575.6,epoch3_bilat,0.2,0.2,0.9440555324189033,0.2999474673885644,0.7157839787487111,5.038236626425286,0.9565880108118462
575.7,epoch3_bilat,0.2,0.2,0.9440460918635791,0.299932470015195,0.7157601953981777,5.038180554119456,0.9565299395797119
575.8,epoch3_bilat,0.2,0.2,0.9440366514026605,0.2999174733916943,0.7157364143349372,5.038124454409125,0.9564718972427485
575.9,epoch3_bilat,0.2,0.2,0.9440272110361464,0.2999024775180247,0.7157126355485852,5.03806832731715,0.9564138837588031
576.0,epoch3_bilat,0.2,0.2,0.944017770764036,0.29988748239414875,0.7156888590287613,5.038012172866357,0.956355899085782
576.1,epoch3_bilat,0.2,0.2,0.9440083305863284,0.299872488020029,0.7156650847651489,5.03795599107954,0.9562979431816502
576.2,epoch3_bilat,0.2,0.2,0.9439988905030225,0.29985749439562803,0.7156413127474747,5.037899781979468,0.9562400160044318
576.3,epoch3_bilat,0.2,0.2,0.9439894505141175,0.29984250152090824,0.715617542965509,5.037843545588876,0.9561821175122095
576.4,epoch3_bilat,0.2,0.2,0.9439800106196123,0.2998275093958322,0.7155937754090651,5.037787281930471,0.9561242476631251
576.5,epoch3_bilat,0.2,0.2,0.9439705708195062,0.2998125180203624,0.7155700100679998,5.037730991026931,0.9560664064153789
576.6,epoch3_bilat,0.2,0.2,0.943961131113798,0.29979752739446136,0.7155462469322125,5.037674672900902,0.9560085937272298
576.7,epoch3_bilat,0.2,0.2,0.9439516915024868,0.29978253751809164,0.7155224859916454,5.037618327575004,0.9559508095569954
576.8,epoch3_bilat,0.2,0.2,0.9439422519855718,0.2997675483912157,0.715498727236283,5.037561955071824,0.9558930538630518
576.9,epoch3_bilat,0.2,0.2,0.943932812563052,0.2997525600137962,0.7154749706561527,5.037505555413921,0.9558353266038336
577.0,epoch3_bilat,0.2,0.2,0.9439233732349264,0.2997375723857955,0.7154512162413237,5.037449128623826,0.9557776277378338
577.1,epoch3_bilat,0.2,0.2,0.943913934001194,0.29972258550717623,0.7154274639819074,5.037392674724038,0.9557199572236037
577.2,epoch3_bilat,0.2,0.2,0.943904494861854,0.29970759937790087,0.715403713868057,5.037336193737028,0.955662315019753
577.3,epoch3_bilat,0.2,0.2,0.9438950558169054,0.29969261399793196,0.7153799658899677,5.037279685685237,0.9556047010849495
577.4,epoch3_bilat,0.2,0.2,0.9438856168663472,0.2996776293672321,0.7153562200378759,5.037223150591078,0.9555471153779194
577.5,epoch3_bilat,0.2,0.2,0.9438761780101785,0.2996626454857637,0.7153324763020596,5.037166588476933,0.9554895578574467
577.6,epoch3_bilat,0.2,0.2,0.9438667392483985,0.29964766235348944,0.7153087346728381,5.037109999365156,0.9554320284823737
577.7,epoch3_bilat,0.2,0.2,0.943857300581006,0.29963267997037174,0.7152849951405714,5.037053383278072,0.9553745272116007
577.8,epoch3_bilat,0.2,0.2,0.9438478620080002,0.2996176983363732,0.715261257695661,5.036996740237975,0.9553170540040856
577.9,epoch3_bilat,0.2,0.2,0.9438384235293801,0.2996027174514564,0.7152375223285485,5.036940070267133,0.9552596088188448
578.0,epoch3_bilat,0.2,0.2,0.9438289851451448,0.2995877373155838,0.7152137890297167,5.0368833733877825,0.9552021916149518
578.1,epoch3_bilat,0.2,0.2,0.9438195468552933,0.299572757928718,0.7151900577896882,5.036826649622132,0.9551448023515384
578.2,epoch3_bilat,0.2,0.2,0.9438101086598248,0.29955777929082156,0.7151663285990265,5.03676989899236,0.9550874409877939
578.3,epoch3_bilat,0.2,0.2,0.9438006705587383,0.299542801401857,0.7151426014483347,5.036713121520618,0.955030107482965
578.4,epoch3_bilat,0.2,0.2,0.9437912325520327,0.2995278242617869,0.7151188763282562,5.036656317229028,0.9549728017963565
578.5,epoch3_bilat,0.2,0.2,0.9437817946397071,0.29951284787057386,0.715095153229474,5.03659948613968,0.9549155238873303
578.6,epoch3_bilat,0.2,0.2,0.9437723568217607,0.2994978722281803,0.7150714321427107,5.036542628274641,0.9548582737153058
578.7,epoch3_bilat,0.2,0.2,0.9437629190981925,0.2994828973345689,0.7150477130587286,5.036485743655944,0.9548010512397601
578.8,epoch3_bilat,0.2,0.2,0.9437534814690015,0.29946792318970217,0.7150239959683291,5.036428832305596,0.9547438564202272
578.9,epoch3_bilat,0.2,0.2,0.9437440439341869,0.2994529497935427,0.7150002808623529,5.036371894245574,0.9546866892162986
579.0,epoch3_bilat,0.2,0.2,0.9437346064937475,0.299437977146053,0.7149765677316796,5.036314929497829,0.954629549587623
579.1,epoch3_bilat,0.2,0.2,0.9437251691476826,0.29942300524719573,0.7149528565672278,5.03625793808428,0.9545724374939063
579.2,epoch3_bilat,0.2,0.2,0.9437157318959911,0.2994080340969334,0.7149291473599547,5.036200920026818,0.9545153528949114
579.3,epoch3_bilat,0.2,0.2,0.9437062947386722,0.29939306369522856,0.7149054401008561,5.0361438753473085,0.9544582957504583
579.4,epoch3_bilat,0.2,0.2,0.9436968576757248,0.2993780940420438,0.7148817347809662,5.036086804067585,0.9544012660204239
579.5,epoch3_bilat,0.2,0.2,0.943687420707148,0.2993631251373417,0.7148580313913574,5.036029706209454,0.9543442636647421
579.6,epoch3_bilat,0.2,0.2,0.9436779838329409,0.29934815698108486,0.7148343299231402,5.035972581794693,0.9542872886434036
579.7,epoch3_bilat,0.2,0.2,0.9436685470531025,0.2993331895732358,0.7148106303674633,5.035915430845054,0.954230340916456
579.8,epoch3_bilat,0.2,0.2,0.9436591103676321,0.29931822291375715,0.7147869327155127,5.035858253382256,0.9541734204440033
579.9,epoch3_bilat,0.2,0.2,0.9436496737765284,0.29930325700261146,0.7147632369585125,5.035801049427993,0.9541165271862067
580.0,epoch3_bilat,0.2,0.2,0.9436402372797906,0.2992882918397613,0.7147395430877241,5.03574381900393,0.9540596611032833
580.1,epoch3_bilat,0.2,0.2,0.9436308008774178,0.2992733274251693,0.7147158510944464,5.035686562131703,0.9540028221555076
580.2,epoch3_bilat,0.2,0.2,0.943621364569409,0.29925836375879805,0.7146921609700151,5.035629278832921,0.9539460103032098
580.3,epoch3_bilat,0.2,0.2,0.9436119283557634,0.29924340084061013,0.7146684727058035,5.0355719691291645,0.953889225506777
580.4,epoch3_bilat,0.2,0.2,0.9436024922364797,0.2992284386705681,0.7146447862932215,5.035514633041985,0.9538324677266526
580.5,epoch3_bilat,0.2,0.2,0.9435930562115574,0.29921347724863456,0.7146211017237157,5.035457270592907,0.9537757369233363
580.6,epoch3_bilat,0.2,0.2,0.9435836202809953,0.29919851657477214,0.7145974189887697,5.035399881803428,0.9537190330573838
580.7,epoch3_bilat,0.2,0.2,0.9435741844447925,0.2991835566489434,0.7145737380799031,5.035342466695013,0.9536623560894073
580.8,epoch3_bilat,0.2,0.2,0.943564748702948,0.29916859747111096,0.7145500589886722,5.035285025289106,0.953605705980075
580.9,epoch3_bilat,0.2,0.2,0.943555313055461,0.29915363904123743,0.7145263817066692,5.035227557607118,0.9535490826901112
581.0,epoch3_bilat,0.2,0.2,0.9435458775023304,0.29913868135928534,0.7145027062255225,5.035170063670432,0.953492486180296
581.1,epoch3_bilat,0.2,0.2,0.9435364420435554,0.2991237244252174,0.7144790325368965,5.035112543500407,0.9534359164114659
581.2,epoch3_bilat,0.2,0.2,0.9435270066791349,0.2991087682389961,0.7144553606324912,5.035054997118372,0.9533793733445127
581.3,epoch3_bilat,0.2,0.2,0.9435175714090681,0.29909381280058417,0.7144316905040422,5.034997424545626,0.9533228569403844
581.4,epoch3_bilat,0.2,0.2,0.9435081362333541,0.2990788581099441,0.7144080221433207,5.034939825803445,0.9532663671600848
581.5,epoch3_bilat,0.2,0.2,0.9434987011519917,0.2990639041670386,0.7143843555421331,5.034882200913073,0.9532099039646732
581.6,epoch3_bilat,0.2,0.2,0.9434892661649802,0.29904895097183026,0.7143606906923212,5.03482454989573,0.9531534673152645
581.7,epoch3_bilat,0.2,0.2,0.9434798312723185,0.2990339985242817,0.7143370275857617,5.0347668727726065,0.9530970571730294
581.8,epoch3_bilat,0.2,0.2,0.9434703964740058,0.2990190468243555,0.7143133662143661,5.034709169564865,0.953040673499194
581.9,epoch3_bilat,0.2,0.2,0.943460961770041,0.29900409587201426,0.7142897065700811,5.034651440293641,0.9529843162550398
582.0,epoch3_bilat,0.2,0.2,0.9434515271604234,0.2989891456672207,0.7142660486448875,5.0345936849800434,0.9529279854019038
582.1,epoch3_bilat,0.2,0.2,0.9434420926451518,0.2989741962099373,0.7142423924308011,5.0345359036451525,0.9528716809011784
582.2,epoch3_bilat,0.2,0.2,0.9434326582242253,0.2989592475001268,0.7142187379198718,5.034478096310022,0.9528154027143109
582.3,epoch3_bilat,0.2,0.2,0.943423223897643,0.2989442995377518,0.7141950851041837,5.0344202629956785,0.9527591508028043
582.4,epoch3_bilat,0.2,0.2,0.943413789665404,0.2989293523227749,0.7141714339758553,5.0343624037231205,0.9527029251282164
582.5,epoch3_bilat,0.2,0.2,0.9434043555275073,0.29891440585515877,0.7141477845270385,5.034304518513319,0.9526467256521602
582.6,epoch3_bilat,0.2,0.2,0.9433949214839521,0.298899460134866,0.7141241367499197,5.034246607387218,0.9525905523363039
582.7,epoch3_bilat,0.2,0.2,0.9433854875347373,0.29888451516185927,0.7141004906367185,5.034188670365737,0.9525344051423703
582.8,epoch3_bilat,0.2,0.2,0.9433760536798619,0.29886957093610117,0.7140768461796884,5.034130707469763,0.9524782840321375
582.9,epoch3_bilat,0.2,0.2,0.9433666199193251,0.29885462745755437,0.714053203371116,5.03407271872016,0.9524221889674381
583.0,epoch3_bilat,0.2,0.2,0.9433571862531259,0.2988396847261815,0.7140295622033215,5.034014704137764,0.9523661199101597
583.1,epoch3_bilat,0.2,0.2,0.9433477526812634,0.2988247427419452,0.7140059226686579,5.033956663743384,0.9523100768222447
583.2,epoch3_bilat,0.2,0.2,0.9433383192037366,0.2988098015048081,0.7139822847595116,5.033898597557801,0.9522540596656899
583.3,epoch3_bilat,0.2,0.2,0.9433288858205445,0.2987948610147329,0.7139586484683018,5.033840505601771,0.9521980684025468
583.4,epoch3_bilat,0.2,0.2,0.9433194525316864,0.2987799212716822,0.7139350137874804,5.03378238789602,0.9521421029949216
583.5,epoch3_bilat,0.2,0.2,0.9433100193371611,0.2987649822756186,0.7139113807095319,5.03372424446125,0.9520861634049748
583.6,epoch3_bilat,0.2,0.2,0.9433005862369677,0.2987500440265048,0.7138877492269734,5.033666075318135,0.9520302495949213
583.7,epoch3_bilat,0.2,0.2,0.9432911532311052,0.29873510652430346,0.7138641193323545,5.033607880487323,0.9519743615270305
583.8,epoch3_bilat,0.2,0.2,0.9432817203195729,0.29872016976897725,0.7138404910182568,5.0335496599894345,0.951918499163626
583.9,epoch3_bilat,0.2,0.2,0.9432722875023697,0.2987052337604888,0.7138168642772941,5.033491413845063,0.9518626624670857
584.0,epoch3_bilat,0.2,0.2,0.9432628547794947,0.2986902984988008,0.7137932391021122,5.033433142074775,0.9518068513998417
584.1,epoch3_bilat,0.2,0.2,0.9432534221509469,0.29867536398387584,0.7137696154853891,5.033374844699112,0.95175106592438
584.2,epoch3_bilat,0.2,0.2,0.9432439896167254,0.2986604302156766,0.713745993419834,5.033316521738587,0.9516953060032409
584.3,epoch3_bilat,0.2,0.2,0.9432345571768292,0.29864549719416583,0.7137223728981881,5.033258173213688,0.9516395715990187
584.4,epoch3_bilat,0.2,0.2,0.9432251248312575,0.2986305649193061,0.7136987539132239,5.033199799144875,0.9515838626743613
584.5,epoch3_bilat,0.2,0.2,0.9432156925800093,0.2986156333910602,0.7136751364577454,5.0331413995525836,0.9515281791919709
584.6,epoch3_bilat,0.2,0.2,0.9432062604230834,0.29860070260939064,0.7136515205245878,5.03308297445722,0.9514725211146031
584.7,epoch3_bilat,0.2,0.2,0.9431968283604792,0.29858577257426017,0.7136279061066174,5.033024523879167,0.9514168884050676
584.8,epoch3_bilat,0.2,0.2,0.9431873963921956,0.29857084328563144,0.7136042931967315,5.032966047838778,0.9513612810262275
584.9,epoch3_bilat,0.2,0.2,0.9431779645182317,0.29855591474346715,0.7135806817878583,5.032907546356383,0.9513056989409998
585.0,epoch3_bilat,0.2,0.2,0.9431685327385865,0.29854098694772996,0.7135570718729567,5.032849019452284,0.9512501421123549
585.1,epoch3_bilat,0.2,0.2,0.9431591010532591,0.29852605989838255,0.7135334634450163,5.032790467146756,0.9511946105033167
585.2,epoch3_bilat,0.2,0.2,0.9431496694622485,0.2985111335953876,0.7135098564970572,5.032731889460051,0.9511391040769626
585.3,epoch3_bilat,0.2,0.2,0.9431402379655539,0.29849620803870786,0.7134862510221298,5.03267328641239,0.9510836227964232
585.4,epoch3_bilat,0.2,0.2,0.9431308065631743,0.2984812832283059,0.7134626470133149,5.032614658023971,0.9510281666248828
585.5,epoch3_bilat,0.2,0.2,0.9431213752551086,0.2984663591641445,0.7134390444637232,5.032556004314967,0.9509727355255785
585.6,epoch3_bilat,0.2,0.2,0.9431119440413561,0.2984514358461863,0.7134154433664958,5.032497325305521,0.950917329461801
585.7,epoch3_bilat,0.2,0.2,0.9431025129219157,0.29843651327439397,0.7133918437148034,5.032438621015754,0.9508619483968939
585.8,epoch3_bilat,0.2,0.2,0.9430930818967865,0.29842159144873026,0.7133682455018466,5.032379891465758,0.9508065922942539
585.9,epoch3_bilat,0.2,0.2,0.9430836509659676,0.2984066703691578,0.7133446487208558,5.0323211366756,0.9507512611173308
586.0,epoch3_bilat,0.2,0.2,0.943074220129458,0.29839175003563934,0.7133210533650907,5.0322623566653215,0.9506959548296272
586.1,epoch3_bilat,0.2,0.2,0.9430647893872567,0.29837683044813756,0.7132974594278405,5.032203551454938,0.9506406733946988
586.2,epoch3_bilat,0.2,0.2,0.9430553587393629,0.2983619116066152,0.7132738669024239,5.032144721064438,0.9505854167761539
586.3,epoch3_bilat,0.2,0.2,0.9430459281857755,0.29834699351103483,0.7132502757821885,5.032085865513786,0.9505301849376538
586.4,epoch3_bilat,0.2,0.2,0.9430364977264937,0.29833207616135926,0.7132266860605112,5.03202698482292,0.9504749778429125
586.5,epoch3_bilat,0.2,0.2,0.9430270673615164,0.29831715955755117,0.7132030977307979,5.031968079011752,0.9504197954556963
586.6,epoch3_bilat,0.2,0.2,0.9430176370908429,0.2983022436995733,0.7131795107864833,5.031909148100167,0.9503646377398245
586.7,epoch3_bilat,0.2,0.2,0.943008206914472,0.2982873285873883,0.7131559252210308,5.031850192108028,0.9503095046591686
586.8,epoch3_bilat,0.2,0.2,0.9429987768324029,0.29827241422095896,0.7131323410279323,5.031791211055167,0.950254396177653
586.9,epoch3_bilat,0.2,0.2,0.9429893468446345,0.2982575006002479,0.7131087582007085,5.031732204961396,0.9501993122592539
587.0,epoch3_bilat,0.2,0.2,0.9429799169511661,0.2982425877252179,0.7130851767329083,5.031673173846498,0.9501442528680004
587.1,epoch3_bilat,0.2,0.2,0.9429704871519966,0.29822767559583163,0.7130615966181089,5.031614117730229,0.9500892179679736
587.2,epoch3_bilat,0.2,0.2,0.9429610574471251,0.29821276421205184,0.7130380178499156,5.031555036632325,0.9500342075233068
587.3,epoch3_bilat,0.2,0.2,0.9429516278365506,0.2981978535738412,0.713014440421962,5.031495930572491,0.9499792214981856
587.4,epoch3_bilat,0.2,0.2,0.9429421983202723,0.2981829436811625,0.7129908643279096,5.03143679957041,0.9499242598568476
587.5,epoch3_bilat,0.2,0.2,0.942932768898289,0.29816803453397844,0.7129672895614475,5.0313776436457385,0.9498693225635825
587.6,epoch3_bilat,0.2,0.2,0.9429233395706,0.29815312613225176,0.7129437161162927,5.031318462818107,0.9498144095827319
587.7,epoch3_bilat,0.2,0.2,0.9429139103372043,0.2981382184759451,0.7129201439861897,5.031259257107122,0.9497595208786893
587.8,epoch3_bilat,0.2,0.2,0.9429044811981009,0.2981233115650213,0.7128965731649108,5.031200026532362,0.9497046564159002
587.9,epoch3_bilat,0.2,0.2,0.942895052153289,0.29810840539944305,0.7128730036462554,5.031140771113384,0.9496498161588617
588.0,epoch3_bilat,0.2,0.2,0.9428856232027674,0.29809349997917306,0.7128494354240502,5.031081490869719,0.9495950000721228
588.1,epoch3_bilat,0.2,0.2,0.9428761943465354,0.2980785953041741,0.7128258684921492,5.031022185820869,0.9495402081202842
588.2,epoch3_bilat,0.2,0.2,0.9428667655845919,0.29806369137440886,0.7128023028444335,5.030962855986315,0.949485440267998
588.3,epoch3_bilat,0.2,0.2,0.9428573369169361,0.29804878818984015,0.7127787384748109,5.030903501385513,0.9494306964799679
588.4,epoch3_bilat,0.2,0.2,0.9428479083435669,0.29803388575043066,0.7127551753772163,5.030844122037891,0.9493759767209493
588.5,epoch3_bilat,0.2,0.2,0.9428384798644834,0.29801898405614313,0.7127316135456113,5.030784717962853,0.9493212809557489
588.6,epoch3_bilat,0.2,0.2,0.9428290514796848,0.2980040831069403,0.7127080529739842,5.03072528917978,0.9492666091492246
588.7,epoch3_bilat,0.2,0.2,0.94281962318917,0.297989182902785,0.7126844936563497,5.030665835708025,0.9492119612662858
588.8,epoch3_bilat,0.2,0.2,0.9428101949929382,0.29797428344363985,0.7126609355867489,5.030606357566919,0.9491573372718932
588.9,epoch3_bilat,0.2,0.2,0.9428007668909882,0.29795938472946765,0.7126373787592495,5.030546854775766,0.9491027371310585
589.0,epoch3_bilat,0.2,0.2,0.9427913388833193,0.29794448676023116,0.712613823167945,5.030487327353846,0.9490481608088447
589.1,epoch3_bilat,0.2,0.2,0.9427819109699305,0.29792958953589316,0.7125902688069554,5.030427775320414,0.9489936082703656
589.2,epoch3_bilat,0.2,0.2,0.9427724831508207,0.2979146930564164,0.7125667156704265,5.0303681986947,0.9489390794807863
589.3,epoch3_bilat,0.2,0.2,0.9427630554259893,0.2978997973217636,0.7125431637525301,5.030308597495909,0.9488845744053226
589.4,epoch3_bilat,0.2,0.2,0.942753627795435,0.2978849023318975,0.7125196130474637,5.030248971743224,0.9488300930092414
589.5,epoch3_bilat,0.2,0.2,0.9427442002591571,0.29787000808678094,0.7124960635494505,5.030189321455799,0.9487756352578602
589.6,epoch3_bilat,0.2,0.2,0.9427347728171545,0.2978551145863766,0.7124725152527395,5.0301296466527665,0.9487212011165476
589.7,epoch3_bilat,0.2,0.2,0.9427253454694263,0.2978402218306473,0.712448968151605,5.030069947353232,0.9486667905507224
589.8,epoch3_bilat,0.2,0.2,0.9427159182159717,0.2978253298195558,0.7124254222403467,5.03001022357628,0.9486124035258545
589.9,epoch3_bilat,0.2,0.2,0.9427064910567895,0.2978104385530648,0.7124018775132895,5.029950475340967,0.9485580400074641
590.0,epoch3_bilat,0.2,0.2,0.9426970639918789,0.29779554803113717,0.7123783339647839,5.029890702666326,0.948503699961122
590.1,epoch3_bilat,0.2,0.2,0.942687637021239,0.2977806582537356,0.712354791589205,5.029830905571366,0.9484493833524494
590.2,epoch3_bilat,0.2,0.2,0.9426782101448689,0.29776576922082293,0.7123312503809532,5.029771084075072,0.9483950901471181
590.3,epoch3_bilat,0.2,0.2,0.9426687833627674,0.2977508809323619,0.7123077103344537,5.029711238196403,0.94834082031085
590.4,epoch3_bilat,0.2,0.2,0.9426593566749337,0.2977359933883153,0.7122841714441565,5.029651367954295,0.9482865738094173
590.5,epoch3_bilat,0.2,0.2,0.942649930081367,0.29772110658864587,0.7122606337045361,5.02959147336766,0.9482323506086425
590.6,epoch3_bilat,0.2,0.2,0.9426405035820662,0.2977062205333164,0.7122370971100919,5.029531554455384,0.9481781506743983
590.7,epoch3_bilat,0.2,0.2,0.9426310771770303,0.29769133522228974,0.7122135616553475,5.029471611236331,0.9481239739726073
590.8,epoch3_bilat,0.2,0.2,0.9426216508662586,0.2976764506555286,0.7121900273348514,5.029411643729338,0.9480698204692423
590.9,epoch3_bilat,0.2,0.2,0.9426122246497499,0.2976615668329958,0.7121664941431757,5.02935165195322,0.9480156901303259
591.0,epoch3_bilat,0.2,0.2,0.9426027985275034,0.2976466837546542,0.7121429620749172,5.029291635926768,0.947961582921931
591.1,epoch3_bilat,0.2,0.2,0.9425933724995181,0.29763180142046647,0.7121194311246967,5.029231595668747,0.9479074988101798
591.2,epoch3_bilat,0.2,0.2,0.9425839465657931,0.29761691983039545,0.7120959012871588,5.029171531197899,0.9478534377612446
591.3,epoch3_bilat,0.2,0.2,0.9425745207263275,0.29760203898440396,0.7120723725569723,5.029111442532942,0.9477993997413475
591.4,epoch3_bilat,0.2,0.2,0.9425650949811203,0.29758715888245474,0.7120488449288297,5.029051329692571,0.9477453847167602
591.5,epoch3_bilat,0.2,0.2,0.9425556693301704,0.2975722795245106,0.7120253183974472,5.028991192695455,0.9476913926538038
591.6,epoch3_bilat,0.2,0.2,0.9425462437734772,0.2975574009105344,0.7120017929575646,5.02893103156024,0.9476374235188492
591.7,epoch3_bilat,0.2,0.2,0.9425368183110394,0.2975425230404889,0.7119782686039453,5.028870846305549,0.9475834772783167
591.8,epoch3_bilat,0.2,0.2,0.9425273929428563,0.2975276459143369,0.711954745331376,5.028810636949979,0.947529553898676
591.9,epoch3_bilat,0.2,0.2,0.9425179676689268,0.2975127695320412,0.7119312231346671,5.028750403512105,0.9474756533464462
592.0,epoch3_bilat,0.2,0.2,0.9425085424892501,0.2974978938935646,0.7119077020086517,5.0286901460104785,0.9474217755881957
592.1,epoch3_bilat,0.2,0.2,0.9424991174038252,0.2974830189988699,0.7118841819481866,5.028629864463625,0.9473679205905422
592.2,epoch3_bilat,0.2,0.2,0.9424896924126511,0.29746814484792,0.7118606629481513,5.028569558890048,0.9473140883201525
592.3,epoch3_bilat,0.2,0.2,0.942480267515727,0.2974532714406776,0.7118371450034485,5.028509229308227,0.9472602787437425
592.4,epoch3_bilat,0.2,0.2,0.9424708427130518,0.2974383987771056,0.7118136281090036,5.028448875736618,0.9472064918280774
592.5,epoch3_bilat,0.2,0.2,0.9424614180046247,0.2974235268571667,0.7117901122597649,5.028388498193653,0.9471527275399709
592.6,epoch3_bilat,0.2,0.2,0.9424519933904446,0.29740865568082386,0.7117665974507033,5.028328096697741,0.9470989858462863
592.7,epoch3_bilat,0.2,0.2,0.9424425688705107,0.29739378524803983,0.7117430836768124,5.028267671267265,0.9470452667139353
592.8,epoch3_bilat,0.2,0.2,0.942433144444822,0.29737891555877743,0.7117195709331082,5.028207221920589,0.9469915701098786
592.9,epoch3_bilat,0.2,0.2,0.9424237201133775,0.2973640466129995,0.7116960592146294,5.028146748676049,0.9469378960011255
593.0,epoch3_bilat,0.2,0.2,0.9424142958761763,0.2973491784106688,0.7116725485164367,5.02808625155196,0.9468842443547344
593.1,epoch3_bilat,0.2,0.2,0.9424048717332175,0.2973343109517483,0.7116490388336132,5.028025730566613,0.946830615137812
593.2,epoch3_bilat,0.2,0.2,0.9423954476845002,0.2973194442362007,0.7116255301612642,5.0279651857382754,0.9467770083175137
593.3,epoch3_bilat,0.2,0.2,0.9423860237300233,0.29730457826398893,0.711602022494517,5.027904617085192,0.9467234238610432
593.4,epoch3_bilat,0.2,0.2,0.9423765998697861,0.29728971303507573,0.7115785158285208,5.027844024625584,0.9466698617356532
593.5,epoch3_bilat,0.2,0.2,0.9423671761037874,0.297274848549424,0.7115550101584469,5.0277834083776485,0.9466163219086442
593.6,epoch3_bilat,0.2,0.2,0.9423577524320264,0.2972599848069965,0.7115315054794882,5.02772276835956,0.9465628043473654
593.7,epoch3_bilat,0.2,0.2,0.942348328854502,0.29724512180775614,0.7115080017868595,5.027662104589469,0.9465093090192142
593.8,epoch3_bilat,0.2,0.2,0.9423389053712135,0.29723025955166577,0.711484499075797,5.027601417085505,0.9464558358916362
593.9,epoch3_bilat,0.2,0.2,0.9423294819821597,0.2972153980386882,0.7114609973415587,5.027540705865771,0.9464023849321251
594.0,epoch3_bilat,0.2,0.2,0.9423200586873399,0.29720053726878626,0.7114374965794238,5.027479970948351,0.946348956108223
594.1,epoch3_bilat,0.2,0.2,0.9423106354867531,0.2971856772419228,0.7114139967846931,5.027419212351301,0.9462955493875197
594.2,epoch3_bilat,0.2,0.2,0.9423012123803982,0.2971708179580607,0.7113904979526885,5.027358430092658,0.9462421647376532
594.3,epoch3_bilat,0.2,0.2,0.9422917893682744,0.29715595941716283,0.7113670000787532,5.027297624190434,0.9461888021263093
594.4,epoch3_bilat,0.2,0.2,0.9422823664503808,0.297141101619192,0.7113435031582515,5.0272367946626195,0.9461354615212216
594.5,epoch3_bilat,0.2,0.2,0.9422729436267163,0.297126244564111,0.7113200071865686,5.0271759415271795,0.9460821428901719
594.6,epoch3_bilat,0.2,0.2,0.94226352089728,0.2971113882518828,0.711296512159111,5.027115064802059,0.9460288462009893
594.7,epoch3_bilat,0.2,0.2,0.9422540982620711,0.2970965326824702,0.7112730180713057,5.027054164505178,0.9459755714215506
594.8,epoch3_bilat,0.2,0.2,0.9422446757210885,0.2970816778558361,0.7112495249186006,5.026993240654435,0.9459223185197806
594.9,epoch3_bilat,0.2,0.2,0.9422352532743313,0.2970668237719433,0.7112260326964642,5.026932293267705,0.9458690874636513
595.0,epoch3_bilat,0.2,0.2,0.9422258309217986,0.2970519704307547,0.7112025414003857,5.026871322362839,0.9458158782211824
595.1,epoch3_bilat,0.2,0.2,0.9422164086634893,0.2970371178322332,0.711179051025875,5.026810327957668,0.9457626907604411
595.2,epoch3_bilat,0.2,0.2,0.9422069864994027,0.29702226597634157,0.711155561568462,5.026749310069999,0.9457095250495418
595.3,epoch3_bilat,0.2,0.2,0.9421975644295377,0.2970074148630428,0.7111320730236975,5.026688268717614,0.9456563810566463
595.4,epoch3_bilat,0.2,0.2,0.9421881424538935,0.2969925644922996,0.7111085853871522,5.026627203918276,0.9456032587499638
595.5,epoch3_bilat,0.2,0.2,0.942178720572469,0.296977714864075,0.7110850986544169,5.026566115689724,0.9455501580977504
595.6,epoch3_bilat,0.2,0.2,0.9421692987852632,0.29696286597833177,0.7110616128211029,5.026505004049674,0.9454970790683098
595.7,epoch3_bilat,0.2,0.2,0.9421598770922753,0.29694801783503283,0.7110381278828414,5.026443869015819,0.9454440216299924
595.8,epoch3_bilat,0.2,0.2,0.9421504554935044,0.2969331704341411,0.7110146438352833,5.026382710605831,0.9453909857511958
595.9,epoch3_bilat,0.2,0.2,0.9421410339889494,0.2969183237756194,0.7109911606740998,5.026321528837358,0.9453379714003646
596.0,epoch3_bilat,0.2,0.2,0.9421316125786096,0.2969034778594306,0.7109676783949817,5.026260323728026,0.9452849785459901
596.1,epoch3_bilat,0.2,0.2,0.9421221912624838,0.2968886326855376,0.7109441969936392,5.02619909529544,0.9452320071566108
596.2,epoch3_bilat,0.2,0.2,0.9421127700405711,0.2968737882539033,0.7109207164658027,5.02613784355718,0.9451790572008117
596.3,epoch3_bilat,0.2,0.2,0.9421033489128707,0.29685894456449063,0.7108972368072217,5.026076568530805,0.9451261286472248
596.4,epoch3_bilat,0.2,0.2,0.9420939278793816,0.29684410161726243,0.7108737580136655,5.026015270233852,0.9450732214645284
596.5,epoch3_bilat,0.2,0.2,0.9420845069401028,0.2968292594121816,0.7108502800809225,5.025953948683836,0.9450203356214479
596.6,epoch3_bilat,0.2,0.2,0.9420750860950334,0.296814417949211,0.7108268030048007,5.025892603898248,0.9449674710867549
596.7,epoch3_bilat,0.2,0.2,0.9420656653441725,0.2967995772283135,0.7108033267811272,5.025831235894558,0.9449146278292676
596.8,epoch3_bilat,0.2,0.2,0.942056244687519,0.2967847372494521,0.7107798514057483,5.025769844690214,0.9448618058178506
596.9,epoch3_bilat,0.2,0.2,0.9420468241250721,0.29676989801258963,0.7107563768745293,5.025708430302642,0.944809005021415
597.0,epoch3_bilat,0.2,0.2,0.9420374036568309,0.296755059517689,0.7107329031833546,5.025646992749245,0.9447562254089181
597.1,epoch3_bilat,0.2,0.2,0.9420279832827942,0.2967402217647131,0.7107094303281275,5.025585532047403,0.9447034669493636
597.2,epoch3_bilat,0.2,0.2,0.9420185630029614,0.29672538475362487,0.7106859583047702,5.025524048214476,0.9446507296118012
597.3,epoch3_bilat,0.2,0.2,0.9420091428173314,0.29671054848438716,0.7106624871092238,5.025462541267801,0.944598013365327
597.4,epoch3_bilat,0.2,0.2,0.9419997227259033,0.29669571295696295,0.7106390167374477,5.025401011224694,0.944545318179083
597.5,epoch3_bilat,0.2,0.2,0.941990302728676,0.2966808781713151,0.7106155471854203,5.025339458102446,0.9444926440222574
597.6,epoch3_bilat,0.2,0.2,0.9419808828256487,0.29666604412740655,0.7105920784491385,5.02527788191833,0.944439990864084
597.7,epoch3_bilat,0.2,0.2,0.9419714630168204,0.2966512108252002,0.7105686105246176,5.025216282689596,0.944387358673843
597.8,epoch3_bilat,0.2,0.2,0.9419620433021902,0.29663637826465894,0.7105451434078913,5.0251546604334685,0.9443347474208602
597.9,epoch3_bilat,0.2,0.2,0.9419526236817573,0.29662154644574573,0.7105216770950118,5.025093015167156,0.9442821570745071
598.0,epoch3_bilat,0.2,0.2,0.9419432041555205,0.2966067153684234,0.7104982115820493,5.02503134690784,0.9442295876042012
598.1,epoch3_bilat,0.2,0.2,0.9419337847234789,0.296591885032655,0.7104747468650923,5.024969655672683,0.9441770389794053
598.2,epoch3_bilat,0.2,0.2,0.9419243653856316,0.29657705543840335,0.7104512829402474,5.024907941478825,0.9441245111696283
598.3,epoch3_bilat,0.2,0.2,0.9419149461419778,0.2965622265856314,0.7104278198036393,5.024846204343386,0.9440720041444243
598.4,epoch3_bilat,0.2,0.2,0.9419055269925164,0.2965473984743021,0.7104043574514107,5.024784444283461,0.944019517873393
598.5,epoch3_bilat,0.2,0.2,0.9418961079372464,0.2965325711043784,0.7103808958797221,5.024722661316125,0.9439670523261796
598.6,epoch3_bilat,0.2,0.2,0.941886688976167,0.2965177444758232,0.7103574350847517,5.024660855458433,0.9439146074724747
598.7,epoch3_bilat,0.2,0.2,0.9418772701092772,0.2965029185885994,0.7103339750626957,5.024599026727415,0.943862183282014
598.8,epoch3_bilat,0.2,0.2,0.9418678513365761,0.29648809344266996,0.7103105158097678,5.0245371751400825,0.9438097797245787
598.9,epoch3_bilat,0.2,0.2,0.9418584326580628,0.2964732690379978,0.7102870573221993,5.024475300713424,0.9437573967699951
599.0,epoch3_bilat,0.2,0.2,0.9418490140737362,0.2964584453745459,0.7102635995962393,5.024413403464406,0.9437050343881349
599.1,epoch3_bilat,0.2,0.2,0.9418395955835955,0.2964436224522772,0.7102401426281539,5.024351483409975,0.9436526925489145
599.2,epoch3_bilat,0.2,0.2,0.9418301771876397,0.2964288002711546,0.7102166864142271,5.0242895405670565,0.9436003712222956
599.3,epoch3_bilat,0.2,0.2,0.9418207588858678,0.296413978831141,0.7101932309507597,5.024227574952551,0.9435480703782847
599.4,epoch3_bilat,0.2,0.2,0.941811340678279,0.29639915813219947,0.7101697762340702,5.024165586583342,0.9434957899869335
599.5,epoch3_bilat,0.2,0.2,0.9418019225648722,0.2963843381742929,0.710146322260494,5.024103575476289,0.9434435300183383
599.6,epoch3_bilat,0.2,0.2,0.9417925045456466,0.29636951895738417,0.7101228690263839,5.024041541648231,0.9433912904426401
599.7,epoch3_bilat,0.2,0.2,0.9417830866206011,0.2963547004814363,0.7100994165281094,5.0239794851159845,0.9433390712300251
599.8,epoch3_bilat,0.2,0.2,0.9417736687897349,0.2963398827464122,0.710075964762057,5.023917405896348,0.943286872350724
599.9,epoch3_bilat,0.2,0.2,0.941764251053047,0.2963250657522749,0.7100525137246305,5.023855304006094,0.9432346937750117
