-0.2395358366773327,-0.1607406456029773,-0.11003613486109694,-0.0892837799485403,-0.09718150532048167,-0.12986995705135332,-0.1818390447735868,-0.24695645193050572,-0.31943220661285204,-0.39455879977903924,-0.4691189854801141,-0.5414228753919749,-0.6110090868975135,-0.6781080176766983,-0.743007380710572,-0.8054736299938745,-0.8643659038044205,-0.9175353428258893,-0.9620407774765787,-0.9946438168081645,-1.0124854137956725,-1.013803830946011,-0.9985389105320954,-0.9686829611540654,-0.9282820281895574,-0.8830551491044812,-0.8396717914656434,-0.8047955586222407,-0.784052545865931,-0.7811055360947466,-0.797005493159898,-0.8299503762222984,-0.8755148265902513,-0.927334142270391,-0.9781462064422053,-1.021029844712344,-1.0506391314457462,-1.0642274866111536,-1.0622841452936613,-1.0486638847362206,-1.0301689490894652,-1.0156271125950185,-1.0145883631203199,-1.0358230689664512,-1.0858384296471015,-1.1676334793233516,-1.2798860923411994,-1.4167120443032535,-1.5680625339365186,-1.7207408376560485,-1.8599305046094705,-1.9710473939227269,-2.041667317344256,-2.0632512054183154,-2.0323995677794606,-1.9514219426189534,-1.8281022409496228,-1.674665874428491,-1.5060894509074774,-1.3380133049391336,-1.1845955695547892,-1.0566642790316578,-0.9604732749117091,-0.8972556908619277,-0.8636173265240774,-0.8526531665509335,-0.8555380543470404,-0.8632654468715617,-0.8682014617418222,-0.8651835273177939,-0.8520064534759141,-0.8292754374953251,-0.799733958680721,-0.767267874617675,-0.7358290597676951,-0.7085095609420337,-0.686939606607998,-0.6710973682905033,-0.6595257571827208,-0.6498705773669359,-0.6395985860857661,-0.6267301490436507,-0.6104293941176282,-0.5913301185877564,-0.5715299927952802,-0.5542490602906689,-0.5432111130613282,-0.5418588251255644,-0.5525476083201767,-0.5758733317775075,-0.6102727871313784,-0.6519944329748304,-0.6954760508952108,-0.734094815171172,-0.7611858029124623,-0.771169657542226,-0.7605997881164045,-0.7289410860064419,-0.6789271600561512,-0.6164069817019329,-0.5496745758338898,-0.4883631584804645,-0.4420626807655305,-0.41887319763505465,-0.4241258090676737,-0.4594838076570029,-0.5225813637676328,-0.6072741064655341,-0.7044786996363288,-0.8034829719228822,-0.8935302538796983,-0.9654344371001702,-1.0129740075953177,-1.0338456170264443,-1.0300256157853422,-1.0074804565026398,-0.9752689762987328,-0.9441746902856339,-0.9250789708335813,-0.9273246852654597,-0.9573185258468557,-1.0175795284355171,-1.1063682522033818,-1.2179381235392148,-1.3433529869325687,-1.4717289010651071,-1.5916974318109833,-1.6928614267080913
-1.8602448326448968,-1.934038896520741,-2.0194335535306096,-2.109192371067127,-2.1959597057039932,-2.2732638841076143,-2.336295525407031,-2.382342001360552,-2.4108263998931267,-2.4229742072953417,-2.4211994947294415,-2.408352193705273,-2.386990088793614,-2.358829575897277,-2.3244899696494814,-2.283584590551044,-2.2351395476793345,-2.1782516394778826,-2.1128433120095815,-2.040345539585688,-1.964144520825561,-1.8896651135833298,-1.8240270041899487,-1.77528787825005,-1.7513674705070414,-1.7588128659092594,-1.801606327250018,-1.8802240042985656,-1.9911247004054577,-2.1267863531155413,-2.2763237330004458,-2.426627970567962,-2.563882571703568,-2.67524630570073,-2.7504618876396036,-2.7831562723810976,-2.771642575866113,-2.719107704012468,-2.6331612871341923,-2.5248154172215655,-2.4070459937264808,-2.293142947926735,-2.195080654975647,-2.122129462967955,-2.079887850712851,-2.06984987226886,-2.0895443951213095,-2.133202134082375,-2.192833986334547,-2.259548584658689,-2.3249052736875493,-2.3820955693658923,-2.426773489742474,-2.4574112848567036,-2.4751359766577887,-2.483092868017845,-2.485469742343881,-2.4863827196336667,-2.4888559196110625,-2.4941120266066545,-2.501328604706146,-2.507915686015546,-2.510253905677002,-2.504725426145838,-2.4887979103655873,-2.4619035234763618,-2.4258964573314747,-2.3849651403468752,-2.34499760952704,-2.3125215835203425,-2.293435813137235,-2.291795008484522,-2.308898322682893,-2.3428663163760484,-2.3887905571369696,-2.439427135822274,-2.4863043842840944,-2.5210448024940764,-2.536671964814407,-2.528685981486228,-2.4957391463388716,-2.439814975132434,-2.36589540073437,-2.2811796463092304,-2.193983721360185,-2.112493935657993,-2.0435666059447573,-1.9917574228492425,-1.9587288691251987,-1.9431268473698824,-1.9409456152626239,-1.9463232642608002,-1.9526399605602696,-1.9537395567020501,-1.9450713894005862,-1.9245583975000626,-1.8930399337485504,-1.8542067601394177,-1.8140305967872241,-1.779776903404599,-1.7587623007919169,-1.7570642504308036,-1.7784018398066248,-1.8233803683779986,-1.8892330367070582,-1.9701103908361302,-2.0578763388755275,-2.143284238285735,-2.2173423448316583,-2.27264578023406,-2.304457566787332,-2.3113632179476986,-2.295394655789747,-2.261607671623468,-2.2171877157442346,-2.1702361813414477,-2.1284405635688977,-2.0978484991195625,-2.0819452487711083,-2.0811805315256193,-2.09301323117433,-2.112454799685198,-2.1330092104258984,-2.147843110717803,-2.150985032101318,-2.138352584385996,-2.1084408502959717,-2.062567172585547
-2.7567968263132125,-2.755367656987,-2.7255984564403732,-2.6665552516768156,-2.580984705499757,-2.475160715015652,-2.358183730457511,-2.240832671008999,-2.1341425642274947,-2.0479259052536505,-1.9894647497122715,-1.9625723366162464,-1.9671625055925919,-1.9993826844380278,-2.0522757757446564,-2.1168530865369046,-2.1833983547701123,-2.242792015237179,-2.2876497527887696,-2.31310855807278,-2.3171595128421787,-2.300507452042451,-2.2660191430713,-2.217889478183389,-2.160697794681147,-2.098536846742287,-2.0343739988621605,-1.96975271875127,-1.9048723174561444,-1.8390082833948582,-1.771168521652186,-1.700834689497899,-1.628621021516467,-1.55669849730783,-1.4888768660933827,-1.4303024691321697,-1.3868038003548495,-1.3639856994974606,-1.3662245037734861,-1.3957413444417577,-1.4519249796935572,-1.5310404856319175,-1.6264020412639493,-1.7290166206748658,-1.8286318306615297,-1.9150562073445048,-1.979572975657178,-2.0162448863041873,-2.0229116725144087,-2.0017134653982094,-1.959030934250175,-1.9048108023159165,-1.8513353372072934,-1.8115847572542334,-1.7974179459861417,-1.8178443277499405,-1.8776652815423367,-1.9767198840306828,-2.1098789323478817,-2.267805633946364,-2.438363288331196,-2.6084276949166965,-2.7657823455151878,-2.9007575523507123,-3.0073269854257667,-3.083487071996893,-3.1308923136685407,-3.153869929010265,-3.158056800571951,-3.1489647480784737,-3.130774978085632,-3.105593913746824,-3.0732895873338135,-3.0318981806312335,-2.97847319630888,-2.9101685026498316,-2.8253140749265113,-2.7242607400650183,-2.6098284421334994,-2.4872757799201475,-2.3637990135217346,-2.247650306914591,-2.147025746048158,-2.068906787417279,-2.0180421625515135,-1.9962326937370225,-2.0020337274856583,-2.030925965704385,-2.075934073674179,-2.128603389074128,-2.1801884020761433,-2.2228714376985343,-2.2508225944438736,-2.260934915552689,-2.253119495943972,-2.230116279724343,-2.196856192839669,-2.1594853826104683,-2.124219445488609,-2.0962242218742557,-2.078714527727862,-2.0724236159456138,-2.075530780658313,-2.08405377797109,-2.0926308995533685,-2.095549106599269,-2.0878317491634095,-2.066189659276128,-2.029664529078132,-1.979849000973824,-1.9206439593292326,-1.8575966417844534,-1.7969386457943424,-1.744497292941071,-1.704677424190937,-1.6796992314611003,-1.669233051730974,-1.6705018841875725,-1.6788389851565784,-1.6886058897274996,-1.6943100837472218,-1.6917230940784111,-1.6787960037248426,-1.6562013434269858,-1.6273927539298312,-1.598156197725495,-1.5757147287227997,-1.5675276909754772
-2.164986880798849,-2.2067353247884953,-2.228041165049447,-2.228210486057128,-2.2093152551153343,-2.175525541182713,-2.132181673902119,-2.0847863995099187,-2.0380995184242456,-1.9954874755767618,-1.9586243312651497,-1.9275693595421401,-1.9011735647213626,-1.877706082893731,-1.855552795008052,-1.8338302536919309,-1.8127794611101984,-1.7938517057617256,-1.779463321835954,-1.7724655061242984,-1.7754359925104957,-1.7899397886038229,-1.8159183783196984,-1.8513480313393365,-1.8922611147549209,-1.9331578028196674,-1.9677613631090698,-1.990001952389742,-1.9950644469836905,-1.9803149264685387,-1.945932666217899,-1.8951185464574216,-1.8338194976774793,-1.7699902092283775,-1.7124935514339068,-1.669805806974995,-1.6487303710818377,-1.653327358218405,-1.6842358269649833,-1.738505395977125,-1.8099750450561936,-1.890151917143172,-1.9694654348924239,-2.0387136255363494,-2.0904872525259224,-2.120356854401891,-2.127637475309115,-2.1156015490753974,-2.0910852564366778,-2.0635190915314285,-2.0434994408324525,-2.0410938420874456,-2.0641269693308066,-2.1167166583100228,-2.1983113474646165,-2.303419037896611,-2.422117475707659,-2.5413085603284706,-2.646547736373793,-2.7241668444491807,-2.7633415354705,-2.757749979381185,-2.70653394235965,-2.6143968354718057,-2.4908322422696063,-2.3486375897853122,-2.201996432662279,-2.0644817772113555,-1.9473284836107971,-1.858248746998398,-1.8009404699171114,-1.7752938208412947,-1.7781687122587155,-1.8045221570633525,-1.8486250351183193,-1.9051246660756684,-1.969772383166164,-2.039725489273583,-2.1134291831721947,-2.190167088951498,-2.2694253705987313,-2.350238609886963,-2.4306759086554086,-2.507588447961502,-2.576683638351066,-2.632926171294299,-2.67120305926912,-2.6871376813570906,-2.6779048911223393,-2.64289092346496,-2.584060395996144,-2.5059363892021875,-2.4151624336400306,-2.3196875180475063,-2.2276848179600948,-2.1463691603818886,-2.0809066183595886,-2.033605472527422,-2.003540070874993,-1.9866929241683509,-1.9766161520164598,-1.9655252608716196,-1.9456614874021418,-1.910707310911282,-1.8570228991190065,-1.784493029242025,-1.696831645448925,-1.6012756998352842,-1.5076975887381776,-1.4272602423902003,-1.3708149721247906,-1.3472867362678906,-1.3622969293259903,-1.4172389715045992,-1.5089523961737323,-1.630048082125025,-1.7698359116099742,-1.9157129507766453,-2.0548003275239566,-2.1755814801335696,-2.2692987633473547,-2.3309083015418555,-2.3594668884755974,-2.3579170424627307,-2.3323315731862246,-2.2907615178749103,-2.2418877958498133,-2.1936987669575245
-1.546177398949839,-1.5292258145401652,-1.5217838676581659,-1.5264922500776488,-1.5448901121357341,-1.5768414580898211,-1.6202478169819536,-1.6711256972573798,-1.7240586878211943,-1.7729618394706246,-1.8120335817483024,-1.8367296722517612,-1.8445824994135394,-1.835710141042185,-1.812909771263695,-1.7813008372229937,-1.7475625576398919,-1.7188836861476469,-1.7017968711307243,-1.7010952212695603,-1.7190197365008553,-1.7548639443742193,-1.8050731577391135,-1.8638318114496784,-1.92404775354217,-1.9785719210111723,-2.021448047656912,-2.048977991128763,-2.060416041820208,-2.058165898975318,-2.0474368451496057,-2.0354069536696904,-2.030025258587485,-2.0386471974236304,-2.0667275450711373,-2.1167874071539705,-2.1878281133599926,-2.275292766039562,-2.3715882269796724,-2.467091330395427,-2.551487617045428,-2.615240533656646,-2.6509707581075905,-2.6545405148799515,-2.6256826735125176,-2.568081332649294,-2.488889429663007,-2.3977489647410475,-2.305450578099945,-2.2224227249421036,-2.1572695720861477,-2.115576117323263,-2.099166733760716,-2.1059408232129755,-2.1303226216306403,-2.1642627083534305,-2.198632287826917,-2.2247761250506137,-2.2359531932055283,-2.22840706307242,-2.201872677176372,-2.1594326186605857,-2.106763763977716,-2.050937058895964,-1.9990215606877801,-1.9567781461560259,-1.927700203316705,-1.9125750108459827,-1.9096205931944128,-1.915127008640444,-1.9244274076393815,-1.9329652531577406,-1.9372203604666791,-1.9353047352448804,-1.9271246712168943,-1.9141063511666374,-1.8985754052035158,-1.8829479968590663,-1.8689213043471067,-1.8568427860232368,-1.8453959716225607,-1.8316763162104168,-1.8116566207253397,-1.7809700851537633,-1.7358807597672337,-1.674273875997526,-1.5964871907372222,-1.5058208701585967,-1.4086060709482846,-1.3137762800945987,-1.2319623175971164,-1.1742106394767717,-1.1504927626563717,-1.1682193696437377,-1.2309867747326522,-1.3377614879164423,-1.4826521016687224,-1.6553342811069613,-1.8420969821826632,-2.0273818824289194,-2.1956093767127247,-2.3330367666114777,-2.4293858438199543,-2.479009782947044,-2.481438066511055,-2.441231975828255,-2.3671867744898063,-2.271013333530289,-2.165706148910553,-2.063844912080876,-1.9760772093618522,-1.9099913963395205,-1.8695184781342402,-1.854912269175706,-1.8632634748710186,-1.8894212013326903,-1.9271379949492617,-1.970230549964357,-2.0135604921260852,-2.053684673555502,-2.089093183623112,-2.12003291525683,-2.1479906041379366,-2.174968366218487,-2.2027168297222213,-2.2320909880119206,-2.262662752556516,-2.2926683452743757
-2.0021251678227254,-1.934480019152478,-1.868837319689647,-1.8096515893070961,-1.7594757546418474,-1.718880550497743,-1.6867823758225118,-1.6610975138152948,-1.6395797219169022,-1.6206641445018912,-1.6041394556285393,-1.5915023509100807,-1.585908266118774,-1.5917088329891458,-1.6136463301209654,-1.6558438266290667,-1.7207743135600848,-1.8084044548194558,-1.915685879714888,-2.036512565857643,-2.162185833125417,-2.2823418926394936,-2.386215717030681,-2.4640534174241946,-2.5084542962722662,-2.515429094220776,-2.485002243947995,-2.4212565640124657,-2.3318070499052315,-2.226781424930322,-2.1174635358324614,-2.014808288153494,-1.9280548407093387,-1.8636454419982442,-1.8246042895629109,-1.810453595518081,-1.8176561395210094,-1.840490021225015,-1.8721959432038993,-1.9062003994308416,-1.9372145639959064,-1.962037544654542,-1.9799477376363757,-1.992637214156386,-2.003719497029541,-2.017909110938665,-2.0400221934379967,-2.0739744677808822,-2.121952591435794,-2.1839072367493153,-2.2574643555228815,-2.338281140564691,-2.4207944409408757,-2.499233683746998,-2.5687112179507787,-2.626173620537671,-2.671007906063245,-2.705150374005904,-2.7326376421508893,-2.758654069132535,-2.788244102474614,-2.8249455795670086,-2.8696373720090094,-2.919868738315416,-2.9698498658076264,-3.0111505192445023,-3.034005571804461,-3.028996126206069,-2.9887924326670663,-2.9096278514683824,-2.7922241833054486,-2.641994994576149,-2.468490851633449,-2.284189194804479,-2.1028442035385515,-1.937678378529644,-1.7997089300235196,-1.6964615190674013,-1.6312441804401763,-1.6030536166720495,-1.6070836892128453,-1.6357181945014243,-1.6798281592771203,-1.7301635037611889,-1.7786305439250782,-1.8192771246914885,-1.8488601985613202,-1.866938556060946,-1.8755070791362465,-1.8782585166786956,-1.8796146515558476,-1.8837023780485798,-1.893455849521391,-1.9100017058613707,-1.932433496079201,-1.95801161993769,-1.9827480357108946,-2.00226407855574,-2.0127578676149915,-2.011894751443511,-1.9994448356228751,-1.9775345913578792,-1.9504476646447833,-1.923991405568294,-1.9045258631483721,-1.8978166270525973,-1.9079101624691042,-1.936233151847658,-1.9810848211914147,-2.037628501481626,-2.098406291211802,-2.154312671879205,-2.1958843736936626,-2.2147082287585507,-2.204725820972563,-2.163227518078879,-2.091376753867914,-1.9941801282054035,-1.879907423254179,-1.7590530819444945,-1.643002383980983,-1.5426095682861944,-1.466904366419104,-1.4221167031035329,-1.4111517176553139,-1.4335690431735062,-1.4860351641586318,-1.5631404070491803
-1.6346060346205133,-1.638670476450768,-1.682340380947416,-1.7624509784120275,-1.8723883952176235,-2.003038008077263,-2.14399024027966,-2.284805538196637,-2.416142679073898,-2.530589959715288,-2.623099991856061,-2.6910042333785587,-2.7336592229808767,-2.751839196480064,-2.7470284153184297,-2.7207747477611757,-2.6742430608714547,-2.608057766957066,-2.5224581470202585,-2.417720541409779,-2.294741498058182,-2.155637057240423,-2.004203181296278,-1.8461032404872262,-1.688696990925745,-1.5404929717129945,-1.4102803720332813,-1.3060633722506465,-1.2339679804355217,-1.1973090945109344,-1.1959897178764707,-1.2263567748737383,-1.2815664505538102,-1.352428559503493,-1.4286186169274957,-1.5000822423344355,-1.5584205855931104,-1.598043986600487,-1.6169143519823024,-1.61675902972903,-1.6027197518032041,-1.5824862265349482,-1.5650416566962648,-1.5592053282238798,-1.5721876526758805,-1.6083723119235773,-1.6685094354422645,-1.7494475933219058,-1.8444579354944004,-1.9441198826318848,-2.0376543650462873,-2.114518507740701,-2.1660260186648586,-2.186740956196072,-2.1754176599018415,-2.1353314200085958,-2.0739629025971644,-2.002157491538095,-1.9330549477954557,-1.8811885077157207,-1.8618885199645656,-1.8897911429697134,-1.9726429307288305,-2.097887541280924,-2.225412520048572,-2.3101496617932176,-2.336431537863531,-2.3193094926554116,-2.2815891831717523,-2.2395665502907542,-2.20219697083556,-2.1744256321772277,-2.159523044960378,-2.1597801588862247,-2.176278235393382,-2.208433647831702,-2.2537403486737864,-2.3078915854202817,-2.3652915528003815,-2.419856214037668,-2.4659409043261746,-2.4992138267449557,-2.517312027115641,-2.520161069526298,-2.5099013112968063,-2.4904318843411786,-2.4666481360532453,-2.4435003151993806,-2.4250332890826503,-2.413573974828024,-2.4092130444045834,-2.409682260763605,-2.4106645832806644,-2.4065006726214815,-2.3911847354257376,-2.3594872798105113,-2.3080128821078443,-2.236003994957157,-2.145738090751394,-2.0424299358608446,-1.9336331083059632,-1.8282210181641656,-1.7351025953632853,-1.661878042800235,-1.6136562738640787,-1.5922343373732037,-1.5957832573993507,-1.6191032964407197,-1.6544182155961675,-1.6925883795046837,-1.724551761754889,-1.7427621606908787,-1.7423921555422708,-1.7221050512663811,-1.684269318302716,-1.6345793802361794,-1.5811430309924834,-1.5331822476876809,-1.4995563691923723,-1.4873443037194036,-1.5007112010454677,-1.5402370055769403,-1.6028077698302508,-1.6820785367814242,-1.7694244554498215,-1.8552198802684199,-1.930236075568787,-1.9869345065885262
-2.0813884111220506,-2.1000698148285446,-2.1263572346270045,-2.1567147349747957,-2.187371950700643,-2.215031128298159,-2.2373755717174477,-2.253289402157262,-2.262761846726556,-2.2665165413276562,-2.2654645764959738,-2.260117978603989,-2.2501105648883235,-2.233953400263402,-2.2091058199972373,-2.172378629185639,-2.120615666883995,-2.051536838394973,-1.9645823293129416,-1.861583038742666,-1.747100274439744,-1.6283265220214453,-1.5145110382516502,-1.415957076781378,-1.342717276799726,-1.303175779077328,-1.3027382835266936,-1.3428476255677062,-1.4205017600510765,-1.5283789648258999,-1.6555828674933155,-1.7889225620530311,-1.9145568150675483,-2.019770735581171,-2.094628662956952,-2.1332627060107736,-2.1346097946209834,-2.10249236518075,-2.045035268117775,-1.9735083343348974,-1.9007650984916689,-1.8395015471411647,-1.8005776389651877,-1.7916277672433056,-1.8161387430061344,-1.8731037746373005,-1.957279057184586,-2.059987184911207,-2.1703390107991165,-2.2766914979716835,-2.368130274354195,-2.4357665956005223,-2.473671298166343,-2.479331877346859,-2.4536075189583415,-2.4002595539762286,-2.325232650056091,-2.235925521000062,-2.140674084439944,-2.0485168981910196,-1.968991028991092,-1.911337999806812,-1.8825262641902951,-1.884487290942311,-1.9125574581009905,-1.9572767361713834,-2.0090641197975523,-2.062486410470676,-2.117417241931323,-2.177269951994302,-2.2461726359048817,-2.3266110906640134,-2.4181038971412985,-2.51687963614439,-2.616338097604422,-2.708054983103969,-2.783093559243534,-2.8333891499947987,-2.852985349787119,-2.838935919703979,-2.791744429568472,-2.7152874452705813,-2.6162453544180093,-2.5031366081433855,-2.3851069926258948,-2.270658991795547,-2.166513655556002,-2.07677776134019,-2.002544488919635,-1.9419914363681041,-1.8909637385791733,-1.8439529373974106,-1.795315971802841,-1.7405345007670487,-1.6773013373732333,-1.6062420587656947,-1.5311340685151367,-1.458564817320786,-1.3970629746317202,-1.355825762677681,-1.3432370345934666,-1.3654113586456726,-1.4250017918592577,-1.5204721128511098,-1.6459637035801786,-1.7917944812632385,-1.9455275623110164,-2.0934571615559716,-2.2222934468714524,-2.3207974086618384,-2.3811260815840796,-2.3996958139342994,-2.377448560326869,-2.319500353261134,-2.23424654412993,-2.1320794868440265,-2.023928120047613,-1.9198472388337153,-1.8278650826181977,-1.7532454901465153,-1.6982450694830151,-1.6623601090782696,-1.6429771644811086,-1.636279003323123,-1.6382239231324933,-1.6454161806077996,-1.6557172265655482,-1.6685048206943365
-1.7792117111602657,-1.7422937562237988,-1.6928074950470644,-1.6327863810029348,-1.566908650569672,-1.502046834873506,-1.4463907980874644,-1.4082722312939293,-1.3948751904166226,-1.411043422883146,-1.4583857719945927,-1.5348368953618972,-1.634758904371655,-1.7495821872139474,-1.8688953088254137,-1.981819489511419,-2.0784554792262395,-2.1511779168598775,-2.195576822254895,-2.210903693346827,-2.199961069321942,-2.168465634981612,-2.1240005553382484,-2.0747382732186113,-2.028149450619979,-1.9899114052122906,-1.9631909319966483,-1.9484086693760503,-1.9435070593577446,-1.9446563112851334,-1.9472578156749478,-1.9470550667142013,-1.9411466541544304,-1.928716554296154,-1.9113496559763097,-1.892875468089814,-1.878766765946148,-1.8751977843652952,-1.8879251468681124,-1.9211845355521886,-1.9767930154182762,-2.053612590777995,-2.1474717616902037,-2.2515688592951704,-2.357305532886628,-2.455432154994644,-2.5373382232207593,-2.5962962200603616,-2.628469791120492,-2.6335264105552407,-2.614747978448064,-2.5786043439526107,-2.533836100472263,-2.4901730749525575,-2.4568808230005508,-2.441366132036031,-2.4480735640991713,-2.477863606915871,-2.527982418082993,-2.592626003552723,-2.6639883106423934,-2.7335873298658466,-2.79360821633249,-2.838002123151539,-2.863136014999034,-2.8678905775709356,-2.85322739532289,-2.8213639111197035,-2.774777872620927,-2.7152931102991578,-2.6434699303282345,-2.5584448135687667,-2.4582557005617875,-2.3405769781147994,-2.203697475231964,-2.0475235288431497,-1.8743852607410645,-1.6894644934756873,-1.5007354886106148,-1.318398478055733,-1.153873812627726,-1.0184972652597428,-0.9221049588510971,-0.8717148217440224,-0.8704999957887866,-0.9172111707429289,-1.0061448584580246,-1.127680619156043,-1.2693313186286792,-1.4171768675196739,-1.5574940153674852,-1.6783618903950648,-1.771021466864419,-1.8307989677179797,-1.857464988189198,-1.8549841733181367,-1.8307017729864645,-1.7940984741375554,-1.755309337859395,-1.7236354900668975,-1.7062728294270932,-1.7074412744566263,-1.7280281494764274,-1.7657724112900184,-1.815927570123902,-1.872265512820306,-1.9282336014736055,-1.9780612839748535,-2.0176318786420073,-2.044985805288424,-2.0603935888327682,-2.0660171591232315,-2.0652518522045855,-2.061896030915396,-2.059321026330343,-2.0598070976468708,-2.0641732169572644,-2.0717671642202236,-2.080809297870397,-2.089012137792178,-2.0943418372774527,-2.095757204770805,-2.0937629537263125,-2.0906463648962292,-2.090324836806574,-2.0978054195467912,-2.118333017645514,-2.156367633896456
-1.9131047483759105,-1.9087303517975045,-1.895115660335508,-1.8754770454166052,-1.8546046697302825,-1.83794698054753,-1.8305745739340806,-1.8362133677615806,-1.8565226730590467,-1.8907480917780517,-1.9358105539182473,-1.9868136187349916,-2.037875600508487,-2.0831346355776277,-2.117743893306912,-2.138676234582994,-2.145192333536192,-2.138887384283987,-2.123308086286,-2.103209934680377,-2.0835908819421536,-2.068679274914834,-2.0610639628518026,-2.061130614331473,-2.0669145954804264,-2.074406616547453,-2.0782658327487975,-2.0728206887950233,-2.053183869384646,-2.0162840589272557,-1.9616282941972984,-1.8916528138204276,-1.8115898597477458,-1.7288606900187753,-1.6520865604038069,-1.5898753281481413,-1.5495801894245746,-1.5362323660201955,-1.5518208108170573,-1.5950346704143574,-1.661508556099305,-1.7445295785348716,-1.8360918332963685,-1.9281298363792903,-2.01373491598467,-2.0881609715167366,-2.1494571990455844,-2.198620645078259,-2.239233452414421,-2.2766293285866843,-2.316710942048751,-2.3646039342346437,-2.4233735108256482,-2.493037044546371,-2.5700749542577714,-2.647571950440601,-2.716018497535999,-2.7646829076666117,-2.78334924172467,-2.7641293927292194,-2.703021009390783,-2.6009094324071658,-2.463801593645865,-2.302218113274715,-2.1298292969084573,-1.9615673962955724,-1.8115488932901411,-1.6911739971592015,-1.6077289523528395,-1.5637105103331062,-1.5569459880327658,-1.581429676330237,-1.628669553121213,-1.689261746766183,-1.7543952592197618,-1.8170329496466076,-1.8726015998067873,-1.9191319862588585,-1.9568961227043957,-1.987673980803898,-2.013833846455411,-2.0374247102955856,-2.059458334482827,-2.0795103986842207,-2.0957046185417996,-2.1050720207422917,-2.1042103095731504,-2.0901148839947776,-2.0610210629272783,-2.017091334620855,-1.9608034790177968,-1.8969427562605052,-1.832167407311737,-1.774191289954092,-1.730698179163591,-1.7081565195418114,-1.710730797843245,-1.7394800341624737,-1.7919946777147047,-1.862555993966804,-1.9428176545607099,-2.0229219218804784,-2.0928876896463415,-2.1440580104599416,-2.170379685681165,-2.169310193230877,-2.1422043642464894,-2.0941155103294697,-2.0330394969471284,-1.9687198739102822,-1.9112025897491278,-1.8693682422655147,-1.8496717009290995,-1.8552830737508308,-1.8857565453396261,-1.9372660489545026,-2.003353851815844,-2.0760555310499416,-2.1472062437182995,-2.209708209915347,-2.2585517065678293,-2.291428993766962,-2.308853952621579,-2.313786902093056,-2.3108490431623725,-2.3052796814724266,-2.301830209755386,-2.3037951466274644
-2.5379374333450833,-2.597415216562029,-2.648681385661271,-2.6918063129333087,-2.7264385917636007,-2.751364463301833,-2.7643244758213896,-2.762150515674737,-2.741219475678537,-2.6981520369866105,-2.6306293431582,-2.538167647109666,-2.4226880987594757,-2.2887470912015293,-2.1433476453730687,-1.9953248174948115,-1.854375291120261,-1.7298692477397104,-1.629628711636451,-1.558871863946964,-1.5195036266536228,-1.509881475889485,-1.5251100391276131,-1.5578310670801494,-1.5993916586268513,-1.6412077171004396,-1.6761032874434616,-1.69940651580794,-1.7096201439666368,-1.7085529474881855,-1.700887090081603,-1.6932501249022889,-1.6929434079352688,-1.7065368253932367,-1.7385630640501109,-1.7905292868510263,-1.8604128343306459,-1.942729410735041,-2.0291705214628206,-2.109717025232129,-2.174062011462938,-2.2131299171709418,-2.220465910821347,-2.193290491708499,-2.1330642447182897,-2.045478250306284,-1.939866286513292,-1.8281148760506907,-1.7232165613785273,-1.6376622906436895,-1.5818941522211134,-1.5630357717935461,-1.5840830333244387,-1.6436744658851223,-1.7364751225992834,-1.8541113614001399,-1.9865020512533629,-2.123361752511997,-2.255619121543608,-2.376509122709107,-2.4821611455339334,-2.5716063101242432,-2.6462457448339003,-2.708931442060845,-2.762887101730443,-2.8107201570473332,-2.853742347722415,-2.8917333886377605,-2.923171217381057,-2.945840358757352,-2.957643855550271,-2.9574032170134887,-2.9454421407382747,-2.923807547954465,-2.8960694041876027,-2.866737041181076,-2.8404127360254097,-2.8208568766519284,-2.8101550001743467,-2.808155710751948,-2.812297255886653,-2.8178708284905354,-2.8186932546146113,-2.808092502610228,-2.7800560504974894,-2.730361421983801,-2.657504056873239,-2.563261011615472,-2.452777506894215,-2.3341314452436523,-2.2174099213643563,-2.1134101656522164,-2.0321429314665522,-1.9813575699378816,-1.9653165018761647,-1.9840190124578163,-2.033012831710409,-2.103845426418465,-2.185108729030861,-2.2639371555134145,-2.3277449742389114,-2.36594807425733,-2.371414264379188,-2.341426019808867,-2.27801382930564,-2.1876149454230798,-2.0801156510135415,-1.967428352337742,-1.8618229321850497,-1.7742641904491168,-1.7129992447673599,-1.6825925622247642,-1.6835302133387793,-1.71242211265854,-1.7627370461374232,-1.8259256059971216,-1.8927334012725012,-1.9544888711242796,-2.0041684093458074,-2.0370917928135475,-2.051173259085267,-2.0467346641511326,-2.0259625259423917,-1.9921474108752275,-1.9488727206958945,-1.899316407288822,-1.8457952754108382,-1.7896245592930198
-1.9325083657715836,-1.9157739018183582,-1.8966097810651996,-1.8761855498250033,-1.8546199909422958,-1.8311567470744867,-1.8046021526428917,-1.7739323656435044,-1.7389377543085633,-1.700758043054219,-1.66217531713088,-1.6275719072735166,-1.6025198556245115,-1.5930377793078487,-1.6046171993104814,-1.6411716682462907,-1.704088520618937,-1.7915590995097013,-1.8983283897984309,-2.0159439984197656,-2.133506898109168,-2.238844912110959,-2.3199581607846804,-2.366535883861737,-2.37132501853263,-2.3311464832067066,-2.2474034045162536,-2.125999175416715,-1.9766705982578898,-1.8118284344385427,-1.645070419457108,-1.4895785330246354,-1.3566257067922347,-1.2543954655543397,-1.1872653514503353,-1.1556305915922334,-1.156260980138081,-1.1831051517594966,-1.2283948311592578,-1.2838663298866666,-1.341911750197225,-1.3964969641020675,-1.443731639607558,-1.4820392053590776,-1.511940988688777,-1.5355284945964653,-1.5557424386775014,-1.5756010167553227,-1.5975204283616438,-1.62284836441994,-1.6516893123451717,-1.6830449399013676,-1.7152315436310772,-1.7464793820203077,-1.7755762248824039,-1.8023993534221103,-1.8281932112543535,-1.8554952640304216,-1.8876847084420185,-1.928214629746682,-1.9796698170112499,-2.0428498827083077,-2.116094152158856,-2.195032769594608,-2.272870802586162,-2.3412037247466024,-2.3912471640784605,-2.415267943551035,-2.4079501851684624,-2.367432796382806,-2.2958129765357036,-2.199011334745434,-2.0860151622256944,-1.9676311503162387,-1.8549641061747255,-1.7578788221235995,-1.6836937795062552,-1.6363038079671453,-1.6158478158467395,-1.6189444703675817,-1.6394299653067534,-1.669460997872268,-1.7008010329621852,-1.7260920748585362,-1.7399265423797117,-1.73957050656932,-1.7252445496771602,-1.6999345262293255,-1.6687732750254467,-1.6380970434002131,-1.614328437303788,-1.602863780203819,-1.6071421092369464,-1.6280446800131614,-1.663721251570968,-1.7098703442393346,-1.7604261287833327,-1.8085370802570453,-1.8476726819126965,-1.872672968825751,-1.880565557802686,-1.871014526092254,-1.8463283024948958,-1.8110287651086423,-1.7710580084064476,-1.7327599394201938,-1.70181062402753,-1.6822780099885644,-1.6759674560992128,-1.6821589107487618,-1.697773635871047,-1.7179349823976218,-1.7368215965914282,-1.7486638510890573,-1.7487131595425158,-1.7340223565919666,-1.7039115093723443,-1.6600505845787974,-1.6061579900680996,-1.5473801114805839,-1.4894699817808592,-1.437914043034532,-1.3971595376100878,-1.3700712727378581,-1.3577001086151526,-1.3593853033987635,-1.3731499923863242,-1.3962951508534622
-0.982034937184673,-1.0347192025921756,-1.115338367861669,-1.2173142312739984,-1.3321370006677766,-1.4504636143501843,-1.5633097974004262,-1.6631502762886328,-1.7447594934957753,-1.8056708850757317,-1.84619826895049,-1.869036755639676,-1.8785300911071356,-1.879744582985079,-1.8775177696863858,-1.875648248620947,-1.876362288777433,-1.8801387906682112,-1.8859066371962225,-1.8915596167089226,-1.894676172697262,-1.8932945243591977,-1.8865846836374427,-1.8752790964615824,-1.8617693710868561,-1.849839567980116,-1.844075444521274,-1.8490514059169907,-1.8684413646295976,-1.9042180652102818,-1.956094145714674,-2.021319047673608,-2.0948856424936473,-2.1701297172079768,-2.239636760147003,-2.2963159324609226,-2.3344702403739612,-2.350689966554581,-2.3444234218646853,-2.3181300246215226,-2.276986614647927,-2.228187600600865,-2.1799417796756915,-2.14031406894835,-2.1160827810787017,-2.111780119644346,-2.129056580655811,-2.1664632182876713,-2.2196856308532293,-2.282197680399581,-2.3462396872623583,-2.403973676251394,-2.4486353891582002,-2.4754961272616347,-2.482471252610444,-2.470266194917569,-2.4420291816736115,-2.4025706378009892,-2.357295450912477,-2.3110574213069044,-2.267169099781754,-2.226775866131921,-2.1887320422053045,-2.1500120489159693,-2.106573355820456,-2.0544867125797146,-1.9910869639358137,-1.9158899285179984,-1.8310696891532834,-1.7413848207247349,-1.6535594847767887,-1.5752389699718226,-1.513724190026566,-1.4747289129140695,-1.4613916240868912,-1.473717172399829,-1.5085369316524722,-1.559979742055739,-1.620358444306808,-1.681312999657718,-1.7350190664171152,-1.775271821230011,-1.7982846804396921,-1.8030938277307293,-1.7915229615173007,-1.767729161127641,-1.7374116376393767,-1.706812917962793,-1.6816707460016098,-1.6662847120084656,-1.662843026792374,-1.6711138681717392,-1.6885477549978878,-1.7107709737559826,-1.7323857348896485,-1.7479413233333063,-1.7529112041916124,-1.744509505534654,-1.7222074066896746,-1.6878614555060745,-1.6454329680427204,-1.6003487100021563,-1.5586154599280257,-1.5258437042356696,-1.5063509948163927,-1.5025006652221284,-1.514389271707946,-1.53993381148605,-1.5753385262525086,-1.6158535526476474,-1.656685799456745,-1.6938954100151824,-1.7251138179657834,-1.749951308290658,-1.7700175829906577,-1.7885483523962713,-1.8097022039792834,-1.8376523765857893,-1.8756368828104788,-1.925140702548846,-1.9853635040619273,-2.0530788486237643,-2.12292417901265,-2.1880865317596907,-2.241279691536257,-2.2758564330811892,-2.286873663139031,-2.2719332743331155
-1.8318922763955303,-1.800793061836155,-1.7707914949814472,-1.7405057894347902,-1.7088447241795919,-1.6755009588454293,-1.641225967575435,-1.6078257426986537,-1.5778747430650835,-1.554204431578962,-1.5392709483869953,-1.534534730806255,-1.5399875947310533,-1.5539390066846286,-1.5731269757069815,-1.5931583827227633,-1.6092196306827613,-1.6169430596024637,-1.6132781471923998,-1.5972064114666875,-1.5701578625089152,-1.536032372633206,-1.5007941792159165,-1.4716810046742592,-1.456138301605468,-1.4606416619080098,-1.4895968103290225,-1.5445015170048273,-1.6235172496073171,-1.721535938508328,-1.8307489373645982,-1.9416441222337117,-2.0442867514410046,-2.1296921511749636,-2.19108160330242,-2.2248298093220407,-2.230960024480005,-2.2131132265702336,-2.177998657245419,-2.134411420525542,-2.0919661387079067,-2.059734592399284,-2.044984912844689,-2.052200275377417,-2.082510606150482,-2.1336091962158474,-2.2001565860102295,-2.2746060659561933,-2.3483271310864997,-2.4128621773608896,-2.461132751133053,-2.4884178256774057,-2.4929584940394576,-2.4760986718986824,-2.4419437240475657,-2.396598297275952,-2.347117864232652,-2.300361218582601,-2.261950987788014,-2.235529089404778,-2.2224350572264155,-2.221847625819569,-2.231332009664022,-2.2476490144519,-2.2676280336109698,-2.2888976207595038,-2.310307196499118,-2.331952009282026,-2.3548114505548168,-2.380104265804902,-2.408530788549028,-2.439597105236748,-2.471194945490524,-2.4995512206894284,-2.5195782326237786,-2.5255693368385903,-2.512113821974026,-2.4750622309209436,-2.4123651119042817,-2.3246325785318014,-2.215311635848007,-2.090442351518632,-1.9580213121815706,-1.8270613190734777,-1.7064820931127709,-1.6039925717875265,-1.525128389985895,-1.4725879967460493,-1.4459697422607969,-1.4419549764430606,-1.4549160719847238,-1.4778626511588897,-1.5035843483443816,-1.5258136157319107,-1.5402242556675576,-1.545103296639748,-1.5415832563976528,-1.5333915136052458,-1.5261522752559127,-1.526351285450653,-1.5401311025562863,-1.5721152872625814,-1.6244575723760821,-1.6962770304092831,-1.783578083259177,-1.8796752592222221,-1.9760601274174137,-2.06357564792119,-2.1337133007779,-2.179829001763705,-2.198087984294147,-2.1879938711621474,-2.1524252664597374,-2.0971827766701394,-2.0301270545753063,-1.9600513935145718,-1.8954704076452462,-1.8435136136025236,-1.809088774046495,-1.7944294700472652,-1.7990737313400509,-1.8202476140720822,-1.85356196355992,-1.8938832822610339,-1.9362182557587975,-1.9764589863049131,-2.0118701271356287,-2.041253027538109
-2.221151369908617,-2.1943362730497977,-2.1471774360712805,-2.0828933293005276,-2.0071087868338067,-1.927250213690697,-1.8516176532645257,-1.788265710856153,-1.7438641315770151,-1.7227197508944767,-1.726121835811052,-1.752125053107921,-1.795815905284646,-1.8500306454215119,-1.9064184360684333,-1.9566854875881514,-1.993824167300958,-2.0131313551222796,-2.01285301479088,-1.9943519460551047,-1.961773204473875,-1.9212638942105789,-1.8798772341010372,-1.8443426780799255,-1.819905675120553,-1.809428655004004,-1.8129009936529452,-1.8274373996902342,-1.84776287713642,-1.867101857789834,-1.878322809944418,-1.8751486822243804,-1.853234600802649,-1.8109384323145077,-1.749662576814053,-1.673717246006044,-1.5897339850302994,-1.5057299633277668,-1.429976820427424,-1.369854451608987,-1.3308668028717825,-1.3159654566496162,-1.3252739645636316,-1.3562409699265061,-1.4041837541702142,-1.4631258633302384,-1.5267907944065746,-1.589593394212764,-1.6474736847797207,-1.698443505723548,-1.7427613749871267,-1.7827097665130016,-1.822013948846871,-1.8650032265451293,-1.9156635170362106,-1.976754836901505,-2.04916125097107,-2.1316018852404737,-2.220764159063997,-2.31183599483529,-2.3993295127877965,-2.4780237799430664,-2.5438250519112358,-2.5943587471889966,-2.6291666867208643,-2.649473424051166,-2.6575858641307897,-2.656076661016874,-2.64695301293712,-2.6310160341286455,-2.607571371458685,-2.5745704480121616,-2.529163458959769,-2.4685529159064092,-2.3909702779081385,-2.296570795044414,-2.1880563011276233,-2.0708863653089726,-1.9530124628729824,-1.8441523277336735,-1.7546977974128486,-1.6944079088087702,-1.6710728117162337,-1.6893406342805182,-1.7498797045927366,-1.8490060593679807,-1.9788464153705945,-2.12803672455278,-2.282884328998556,-2.4288566676715257,-2.5522105665555426,-2.6415512169805635,-2.689114122546838,-2.6915976164073423,-2.65043425933811,-2.571468127367092,-2.4640897965626163,-2.3399583116777514,-2.211497019501657,-2.0903784593196097,-1.9862080555295138,-1.9055784328914662,-1.851602573491379,-1.8239558230831572,-1.8193772586077535,-1.832513359395606,-1.856942079660467,-1.886199868326856,-1.9146492377882502,-1.938066124732197,-1.9538860122631063,-1.9611142278073945,-1.9599668451851098,-1.9513534355121396,-1.936334027661779,-1.9156770813158652,-1.8896150380425076,-1.8578456047554046,-1.819770101003356,-1.7749061552540695,-1.7233713116552325,-1.6663146724835802,-1.6061794747298015,-1.5467096379291787,-1.492662357775632,-1.4492476521674345,-1.4213733026595232,-1.4128188201910525
-1.79022088633878,-1.7585684208499421,-1.7312909617812857,-1.7130398393551258,-1.708594294040664,-1.721916250026274,-1.7552422737119564,-1.808382454854656,-1.8783667148851397,-1.9595241690290772,-2.044009738110639,-2.12271631825471,-2.186443497546728,-2.2271467639716738,-2.2390727313686316,-2.2195996541797514,-2.1696464828273934,-2.0935808427742333,-1.998635538628772,-1.8939213236242916,-1.7891877033925874,-1.6935227857819029,-1.614191146043173,-1.555784132757914,-1.5198042648505026,-1.5047333846743525,-1.506555256186798,-1.5196306480272483,-1.5377687436476608,-1.5553118231366596,-1.568054623801751,-1.573854206959176,-1.5728439652362012,-1.5672360695381131,-1.5607676120372642,-1.55790462634204,-1.562955185598797,-1.5792521957973116,-1.6085476960175347,-1.6507178286380655,-1.7038195032022518,-1.7644767529875631,-1.8285177075573937,-1.8917411570013163,-1.9506710187899465,-2.003160116296319,-2.048730406419499,-2.0885809843224252,-2.1252514478288282,-2.1619886776822916,-2.2019211524571802,-2.247187778711131,-2.2981897326177383,-2.3531276534733387,-2.407949746840827,-2.456770983324279,-2.4927377585656627,-2.5092202590687003,-2.5011347045870793,-2.4661486115667137,-2.4055192319716086,-2.3243647627190476,-2.23126455736547,-2.137211277104264,-2.0540687079844244,-1.992794840869888,-1.9617459290952588,-1.9653694857530435,-2.0035230837632936,-2.071536653135264,-2.16099494204482,-2.2610844315645555,-2.3602525465538093,-2.4478842315723126,-2.5157166394410235,-2.558778746036244,-2.5757415117643903,-2.568673669148414,-2.5422971852554563,-2.502908939151367,-2.457172525515178,-2.4109851409289793,-2.368593986888015,-2.332083048899499,-2.3012846119883896,-2.2741005890014003,-2.247155866287465,-2.216657161441321,-2.1793022800733968,-2.13307983842782,-2.0778193617380105,-2.0153937511409348,-1.94953457265137,-1.8852866199181706,-1.828191074805353,-1.783335573710808,-1.754435691527733,-1.7431105425035638,-1.748484962128151,-1.7671967767469772,-1.7938190748232592,-1.8216360523148867,-1.8436494555434608,-1.853651799417489,-1.847189692260281,-1.8222581109905942,-1.7796113483653468,-1.7226407946440045,-1.6568425043108574,-1.5889659968354681,-1.5259881141024665,-1.4740830428199945,-1.4377572687115132,-1.4192869155956698,-1.418540344407814,-1.4332007820540555,-1.4593341606987056,-1.492188502375661,-1.5270733469850162,-1.5601573987782171,-1.5890413675230548,-1.6130073481529719,-1.6329079279611272,-1.650726347052482,-1.668901162523025,-1.6895537386274013,-1.7137763207353625,-1.7411287854054833
-1.2066033534537561,-1.2184008037591205,-1.2247339555474712,-1.227090754883609,-1.2266914385506764,-1.2241801064320492,-1.2194709646165125,-1.2117816175271647,-1.1998489035184057,-1.1822864568382851,-1.1580141609040084,-1.1266733684828885,-1.0889413693274503,-1.046674399080877,-1.002837889697665,-0.9612205601412106,-0.9259686375275801,-0.9010108636047753,-0.889467701015145,-0.8931449942906271,-0.9122016996039085,-0.9450546739554728,-0.9885452439785197,-1.0383488033276547,-1.089567470584168,-1.1374140486291622,-1.1778787933558048,-1.208271913491979,-1.2275542604530516,-1.2364031597710499,-1.2370039936032475,-1.232603546429694,-1.2269005158959547,-1.2233752421069006,-1.2246701222602268,-1.232122877590128,-1.2455286175308982,-1.2631681978828486,-1.2820963960151475,-1.2986413739707754,-1.3090336076463454,-1.3100629811276543,-1.2996595911376094,-1.2773067306550565,-1.2442208358312985,-1.2032684667693467,-1.1586293724398968,-1.1152520357798885,-1.0781790196127083,-1.051840027455265,-1.039417998992787,-1.0423861441665851,-1.0602914567646147,-1.090824724623037,-1.1301724316379873,-1.1735986093668207,-1.216162784448254,-1.2534522790471323,-1.2822003969961135,-1.3006800788765063,-1.3088039174658206,-1.3079188727470479,-1.3003459364574317,-1.2887676305948985,-1.2755971660127396,-1.26246458460683,-1.2499264549509705,-1.237453286208991,-1.2236851962408442,-1.2068865678387333,-1.185488223049969,-1.158590068490287,-1.1263104564125122,-1.0899059994629918,-1.051637388608425,-1.0144106683003422,-0.9812679829314991,-0.9548288787106829,-0.9367892800401679,-0.9275712987296151,-0.9261876451481694,-0.9303461113134547,-0.9367793015706425,-0.9417486499215234,-0.9416445434903733,-0.9335892342919382,-0.915947760590455,-0.8886643895046119,-0.8533666822821959,-0.8132131729590724,-0.7724993904439086,-0.7360750029575159,-0.7086562736174807,-0.6941373777472738,-0.6950076106519829,-0.7119677212575396,-0.7438090789394681,-0.7875785039539112,-0.8390059464500065,-0.8931294368262769,-0.9450192023458596,-0.9904862550970378,-1.0266631049294863,-1.0523652726097599,-1.0681784745317564,-1.0762616024016158,-1.0799022656072292,-1.0829018283897,-1.0888938381958848,-1.1007090835857667,-1.1198908535838765,-1.1464371532428435,-1.1788074139178195,-1.2141864239064966,-1.2489554639685507,-1.2792871748571926,-1.3017620356433048,-1.3139034021852116,-1.314544669931459,-1.303973092711911,-1.2838344893285316,-1.256824458227591,-1.226227570377102,-1.1953901742976045,-1.1672209194262981,-1.1438046990981192,-1.126192244887342,-1.1143935299465804
-0.8578313269296393,-0.8519590708549123,-0.8507820144914146,-0.8539141123526819,-0.8602236078371217,-0.8680584178163097,-0.8756106029484763,-0.8813536655800006,-0.8844677235482157,-0.8851643018346098,-0.8848357493958384,-0.8859823219148749,-0.8919082396165312,-0.9062200191621326,-0.9321987088049706,-0.9721453631712937,-1.0268108677503043,-1.0950143733167783,-1.1735295853624557,-1.257278570956649,-1.339824781400152,-1.4141084129130594,-1.4733261001246838,-1.5118302496559646,-1.525915797377276,-1.5143754394205102,-1.4787366566750524,-1.423140181938646,-1.3538726422123923,-1.2786174795980396,-1.205529697445095,-1.1422649101001994,-1.095097754544406,-1.0682484979860871,-1.0635026394634268,-1.0801623443345583,-1.1153183932309083,-1.1643851551984767,-1.221806114530911,-1.281818702858579,-1.3391666602882772,-1.3896647770280062,-1.430550825985743,-1.4605971143654548,-1.4799929590920546,-1.490043507345227,-1.4927549087553669,-1.490387890295924,-1.4850601983085399,-1.4784638889503074,-1.47173841804883,-1.4655086388253107,-1.4600630332549887,-1.4556174234399297,-1.4525888270335987,-1.4517980250516187,-1.4545307777778747,-1.4624162319362521,-1.4771227481236107,-1.4999181787740996,-1.5311830404453914,-1.5699902946551578,-1.6138663954571113,-1.6588218398083123,-1.6996892430285246,-1.7307429013981688,-1.7465101303702495,-1.742636439830989,-1.7166458132774676,-1.6684497013319766,-1.600501692177779,-1.5175597756903412,-1.4260904741682856,-1.3334135205223798,-1.2467294491410519,-1.1721879989267205,-1.114141695745378,-1.0746914046642249,-1.0535780757613287,-1.0484179233698103,-1.0552266123399867,-1.0691389453562572,-1.0852081744317743,-1.099164517829722,-1.1080245050983255,-1.1104685327720465,-1.1069396006038774,-1.099457057246383,-1.091180316090068,-1.0857937191775,-1.0868100878182534,-1.0969029522098706,-1.117373594401023,-1.1478387684764397,-1.186190814157739,-1.2288388663589656,-1.2711947762069362,-1.3083276456191,-1.3356833009382094,-1.3497544025317094,-1.34859513708715,-1.3321002226852143,-1.3020068723325322,-1.2616237370832335,-1.2153349366496584,-1.167962634622482,-1.1240923802941603,-1.0874683723881935,-1.0605507771872367,-1.0442972204413659,-1.0381910551637563,-1.0404969944971678,-1.0486874762204812,-1.059956984567501,-1.071730714637444,-1.0820798713449449,-1.0899770186816446,-1.0953570506047856,-1.0989864853450277,-1.102179067280604,-1.1064227337931773,-1.1129971033813761,-1.1226594346084344,-1.1354609925159727,-1.1507281554530888,-1.1672087300871241,-1.183350277067946,-1.1976501935787003
-1.0752100026114237,-1.1154207463408534,-1.1635889953281129,-1.2145469957378061,-1.2625505280819351,-1.302041496383952,-1.3283968931949612,-1.3385490833457703,-1.3313817132762902,-1.3078406819800974,-1.2707447621396868,-1.2243281801212271,-1.1735898406512948,-1.1235538915931766,-1.0785590196125816,-1.0416872188317496,-1.014418010339644,-0.9965554831102726,-0.986429659421476,-0.9813283273315209,-0.9780782545652594,-0.97367178824517,-0.9658299523278189,-0.9534068734321128,-0.9365701015821631,-0.9167318271581759,-0.8962500199206752,-0.8779584699335719,-0.8646137147196044,-0.858359989313533,-0.8603085562231529,-0.8703061516322974,-0.8869328677913638,-0.9077288328654664,-0.9296088659307337,-0.9493919245466985,-0.9643531323366829,-0.9727034725158883,-0.9739158741669043,-0.9688435347640657,-0.9596118170589645,-0.9493026421220115,-0.9414836884003615,-0.9396587068098372,-0.9467265389958098,-0.964533828806591,-0.9935908809209917,-1.0329942691516687,-1.0805674217485006,-1.133195982270916,-1.1873030195331278,-1.2393848439164097,-1.286515525312123,-1.3267303951041938,-1.359217212709133,-1.3842769977091516,-1.4030602952819529,-1.417131303523643,-1.427952243397257,-1.43640387386693,-1.4424577882319392,-1.4450894438463107,-1.4424713375685865,-1.4324230135082379,-1.4130326083251945,-1.3833183106797045,-1.3437794498793312,-1.2967017124888554,-1.2461269743855297,-1.1974655416851938,-1.1568021450850727,-1.1300104204532928,-1.1218301996342634,-1.1350700696857197,-1.170074102174525,-1.2245430368804628,-1.2937377991408325,-1.3710298719293077,-1.448710134696549,-1.518933156721529,-1.5746609774298745,-1.6104783613683407,-1.6231765907024138,-1.612039614184222,-1.5788089228331101,-1.5273463151197333,-1.4630518828477939,-1.3921240264768031,-1.3207659132493392,-1.2544464375430697,-1.1973127890425372,-1.1518273426741017,-1.1186668953974386,-1.0968822257446766,-1.0842766624804445,-1.0779301438847784,-1.0747755060586637,-1.0721298201241198,-1.0680961281212789,-1.0617775883415372,-1.0532819536730256,-1.0435329209248214,-1.0339392037944943,-1.0259960499701841,-1.0209031850862103,-1.019276402820458,-1.0210087826026117,-1.0253060091013508,-1.0308845499870656,-1.0362883059187922,-1.0402550430484683,-1.0420530524056448,-1.0417131510130484,-1.0401005643446806,-1.0388018850318723,-1.0398385560766514,-1.0452534505254854,-1.056644504817204,-1.0747337195293267,-1.0990581686955092,-1.127851816794532,-1.158155714869517,-1.1861547867039175,-1.2076987447374488,-1.2189298976463465,-1.216918044688384,-1.2001965992853407,-1.1691060480885729
-1.2452036721499287,-1.2579440066409555,-1.2691116423231275,-1.2761373520003403,-1.2770634835377896,-1.270919072809852,-1.2579089054307744,-1.2393824334538353,-1.2175884840965905,-1.1952606678730977,-1.1751093536788138,-1.1593134889427015,-1.1491062541404196,-1.1445323531260316,-1.14442444719751,-1.146607144592879,-1.1482959455778865,-1.1466228818324282,-1.1391966443213828,-1.1245971108553154,-1.1027139115901115,-1.0748644723781802,-1.0436644832574302,-1.0126664971582586,-0.9858229465451235,-0.9668611700358357,-0.9586745315970454,-0.962832404181813,-0.9792927795789904,-1.0063677512289344,-1.0409498412467617,-1.0789634016948084,-1.115967673579339,-1.147813018266406,-1.1712435951129014,-1.1843496110936147,-1.186798291348615,-1.1798101971201802,-1.1658898473411048,-1.1483595383285286,-1.130776238446421,-1.116328703709571,-1.1073132758058108,-1.1047726411367078,-1.108354964717055,-1.1164157415082951,-1.12634671242603,-1.1350805780525641,-1.1396917615207949,-1.1379959722666144,-1.129047537994449,-1.1134448013302258,-1.093380056098633,-1.072409191953367,-1.054962713107105,-1.045667082882739,-1.048584830707113,-1.0665048488331446,-1.1004140355602896,-1.1492551660265142,-1.2100263600169412,-1.2782132987858748,-1.3484793712790946,-1.4154857855487775,-1.4746859736965574,-1.5229435751820375,-1.558860566051582,-1.5827635931487078,-1.5963682845987743,-1.6022069159258043,-1.6029498018327308,-1.6007660235424517,-1.5968528332068828,-1.591220865884249,-1.5827650858540383,-1.5695924139690427,-1.5495283929365666,-1.5206955672370963,-1.4820490531633186,-1.4337687687326832,-1.377438025785482,-1.3159777274531332,-1.2533470129899371,-1.1940584893196509,-1.1425843574066306,-1.102745661001945,-1.0771790713381044,-1.0669641221787691,-1.071470166509048,-1.0884495620391839,-1.1143660988311679,-1.144910863021464,-1.175627340336783,-1.2025487923037712,-1.222747420348197,-1.2347078136856264,-1.2384650729338855,-1.2354865008981,-1.2283184750173264,-1.220059722444251,-1.2137517452824194,-1.2117912991469588,-1.2154659901229354,-1.224692771330537,-1.238004027155377,-1.2527831108152236,-1.2657080910504095,-1.273326552289373,-1.272661794430958,-1.2617455552392352,-1.2399852769916506,-1.208302658814019,-1.169019744412495,-1.1255122135556361,-1.0816893524125302,-1.0413895130061601,-1.007793724138367,-0.9829561821459796,-0.9675294220712057,-0.9607277841885657,-0.9605313644286866,-0.9640912118580417,-0.9682623126807005,-0.9701697835683681,-0.9677092733527178,-0.9598954914428566,-0.9470006567291532,-0.9304624974250071
-1.1175324935760393,-1.0813029868101325,-1.0345034598587926,-0.9799335690037544,-0.9217512405372774,-0.865050283746184,-0.8152604969999068,-0.7774543969569975,-0.7556646245936751,-0.7523190621048138,-0.7678857082104561,-0.8007884775590101,-0.8476131729543541,-0.903576779469081,-0.9631906390892683,-1.0210162028172436,-1.0723964258009795,-1.1140492914656288,-1.1444320527990175,-1.1638220332315867,-1.1741061196817617,-1.178318723042915,-1.1800090206728941,-1.1825458516715914,-1.1884780791970606,-1.1990579815131712,-1.2140070289389338,-1.2315620323708523,-1.2487921274560885,-1.262131438343054,-1.2680362499593756,-1.2636551346599323,-1.247399035500332,-1.219315826800007,-1.1812071080137114,-1.136468031707048,-1.0896763362988102,-1.045996751858073,-1.0104950418340901,-0.9874678960506146,-0.979889405103267,-0.9890536345571125,-1.014460088451362,-1.0539503809995865,-1.1040664455245874,-1.1605687242843596,-1.2190312606747578,-1.2754219595057095,-1.3265811914075003,-1.3705294557443146,-1.4065626301084282,-1.4351278394412528,-1.4575095140899725,-1.475388290810298,-1.4903592586798162,-1.5035054703959196,-1.5151142365349977,-1.5245971524399047,-1.5306336297537972,-1.5315093715113235,-1.5255759685041925,-1.5117264213773882,-1.4897725376554123,-1.460627669141049,-1.4262396594365545,-1.3892754345262741,-1.3526173054081334,-1.318777575677311,-1.2893609000881,-1.264697187898941,-1.2437331194470007,-1.2242157832364493,-1.2031402962536664,-1.1773784210268319,-1.144368682066896,-1.1027369563357057,-1.0527306653911943,-0.9963848448427313,-0.9373862207671436,-0.8806524039805473,-0.8316886819443248,-0.7958181803733745,-0.7773987588860537,-0.7791409475300921,-0.8016266754544931,-0.8431011116415481,-0.899573257317402,-0.9652193702190386,-1.033041801764002,-1.0956996351298967,-1.1464016917106168,-1.1797411947850431,-1.1923570953579254,-1.1833298160733021,-1.1542562473134592,-1.108994970456071,-1.0531208109244339,-0.9931702334939498,-0.9357888332934127,-0.8869043415693497,-0.8510412201604135,-0.8308674697519288,-0.8270252193496749,-0.8382507589547714,-0.8617447279531584,-0.8937166369349787,-0.9300055976957337,-0.9666742654709473,-1.0004856521930405,-1.0291997025446804,-1.0516629461443523,-1.0677033286995028,-1.0778764703015824,-1.0831331432084923,-1.0844868380550512,-1.082753766947387,-1.0784172906861045,-1.0716388290942562,-1.0624037938047195,-1.0507605364517096,-1.0370886749098833,-1.022324676261517,-1.0080789785943396,-0.9965991530255486,-0.9905639460618435,-0.9927278446248586,-1.0054684813468757,-1.0303134227650506
-0.9658398726594934,-0.9667505463672201,-0.9732021646795492,-0.9882060982159759,-1.0144376140296867,-1.053628493114542,-1.106041154595076,-1.1701251290066497,-1.2424317824581894,-1.3178240963759786,-1.389971277326057,-1.452070727624575,-1.497700370577972,-1.5216792714123901,-1.5208083968795254,-1.494377595599346,-1.4443574873995046,-1.3752409016090466,-1.2935505453858658,-1.2070794196019752,-1.1239701732356495,-1.0517627940182546,-0.9965431657403133,-0.9623077579294433,-0.9506250492354221,-0.9606280202397726,-0.9893217962286316,-1.0321444138930271,-1.083684025684579,-1.1384378849886663,-1.1914995101874544,-1.2390795891898556,-1.2787995113644617,-1.3097376757356476,-1.3322505637940123,-1.3476258188980852,-1.3576475410517825,-1.3641614138990312,-1.3687187726147625,-1.372356774989707,-1.3755411586254027,-1.3782645976132455,-1.3802634477688416,-1.3812937646768357,-1.381397247170455,-1.3810904754651046,-1.3814257072444784,-1.3838960657848287,-1.390188418507641,-1.4018189920149726,-1.4197147845926534,-1.4438231359252875,-1.4728380060986646,-1.5041215608071787,-1.5338727705890682,-1.5575532188318366,-1.570530011569864,-1.5688455996696622,-1.5499852863733434,-1.51349556920389,-1.4613174263620283,-1.3977397198217565,-1.3289435687502804,-1.2621867711091104,-1.2047517527720883,-1.1628342177054074,-1.1405695277566938,-1.1393740357128692,-1.1577223866717592,-1.1914009143697986,-1.2341890250546421,-1.2788435263135864,-1.3182106629842647,-1.3462759291109663,-1.3589830639734488,-1.3547039389719333,-1.3343080445227082,-1.3008498994510491,-1.2589522652106806,-1.2140036721776106,-1.171306381979911,-1.1353059933032488,-1.1090103282556034,-1.0936688180530463,-1.0887407427002074,-1.0921374547055556,-1.100685425554399,-1.1107279060005004,-1.1187663922218378,-1.1220408399027775,-1.118959970126618,-1.109318494524604,-1.0942731290108134,-1.0760886573449298,-1.0577028283498024,-1.0421882962507039,-1.0322060444669392,-1.029544818716848,-1.0348248849619213,-1.0474146936710325,-1.0655710168773702,-1.0867735988718494,-1.1081913776719698,-1.1271949268911179,-1.1418228485301352,-1.1511195056367143,-1.1552858107445905,-1.1556192477644993,-1.1542575868459863,-1.1537759123806168,-1.1567123097768675,-1.165109289191495,-1.1801537679603444,-1.2019790956594145,-1.2296618195653077,-1.2614093478453867,-1.2948990973614507,-1.327701653241124,-1.3577050945447988,-1.3834578277664062,-1.4043630597614611,-1.4206866221124286,-1.4333760524587111,-1.443726017553362,-1.452956432928265,-1.461789073665432,-1.4701122113067977,-1.4768097626381425
-1.292854119023239,-1.2587372998569886,-1.219935440294756,-1.180713781448775,-1.1447048816561183,-1.1144322111314757,-1.0910445740712278,-1.0742987541400604,-1.0627846133530714,-1.0543451856290382,-1.046611285018877,-1.037551454979536,-1.0259368720567454,-1.0116371905812,-0.9956943226480081,-0.980161301506988,-0.9677356127560397,-0.9612532901256773,-0.9631352029822338,-0.9748859245541881,-0.9967368103392734,-1.0274999832167317,-1.0646631916942202,-1.1047134191530517,-1.1436370503083348,-1.177513368027825,-1.2031015963644114,-1.2183225209095716,-1.2225537490719722,-1.2166897351194983,-1.2029581336788893,-1.1845257411956926,-1.164962922965624,-1.1476588050351126,-1.135286663693631,-1.1294088271607214,-1.1302850555491395,-1.136912489179529,-1.1472852987447424,-1.1588250990658722,-1.1689052058279623,-1.1753772960257045,-1.1770098716501276,-1.1737634067154168,-1.166854217095527,-1.1585934254721573,-1.1520236855898227,-1.1504094138317615,-1.1566615854819036,-1.1727920644874181,-1.199492494340826,-1.235917940229238,-1.2797264458162736,-1.3273852975642788,-1.374708299730229,-1.4175431645404317,-1.4524929413482788,-1.477538687326696,-1.49243838248814,-1.4988110401229344,-1.49987092351099,-1.4998448682287886,-1.5031719473397869,-1.5136340973578581,-1.5335865748488364,-1.5634421060968497,-1.6015143267510776,-1.6442545998751639,-1.6868372715273683,-1.7239794055672575,-1.7508369901354532,-1.7638092801823695,-1.7611070137568088,-1.7429916450399034,-1.7116589322702884,-1.6708066277249671,-1.6249795777411982,-1.5788174044456849,-1.5363367425043293,-1.5003636292288043,-1.4721978587198752,-1.4515476553708788,-1.4367278151016807,-1.425074286494605,-1.4134980021420813,-1.3990836692325181,-1.3796364413979152,-1.3540905778729484,-1.3227175369289508,-1.2871032412937156,-1.2499010449718786,-1.2144028939722715,-1.1840007372372932,-1.1616284655959803,-1.1492781550781435,-1.1476721194238766,-1.1561459110723673,-1.1727612168545745,-1.194627761963388,-1.2183768823425978,-1.2407029057554657,-1.258876748722973,-1.271141414325218,-1.2769205223987132,-1.2768048459795118,-1.2723220390344379,-1.2655341266023556,-1.258538822091418,-1.2529686622642509,-1.2495830367850114,-1.2480321501637004,-1.246841542319572,-1.2436263195190942,-1.2355026465150882,-1.2196276711503655,-1.1937743656328395,-1.1568392318516196,-1.1091900883187398,-1.0527867888035018,-0.9910454101122274,-0.9284597570263429,-0.8700355199999319,-0.8206249146657226,-0.7842674803260702,-0.763642770365153,-0.7597228398141147,-0.7716797119518576,-0.7970609429589541
-2.185494442085667,-2.1804731856301087,-2.1843844377686623,-2.1954220131398294,-2.2101373457209306,-2.2239473093905,-2.2319187498040334,-2.2296952880835317,-2.214398073193693,-2.1853281984285795,-2.144326020171853,-2.0956975688548303,-2.0456915809562863,-2.0015898969954846,-1.9705452337637404,-1.9583509063935118,-1.9683475382860711,-2.0006577736698894,-2.051892987252871,-2.115403160392591,-2.182054206843123,-2.2414304286455744,-2.283287994025274,-2.2990405951856316,-2.2830486097754563,-2.2335102283561286,-2.1528130172086404,-2.047287625175983,-1.9263982415347451,-1.8014917392670806,-1.6842948904518948,-1.5853856796863093,-1.5128648657567187,-1.4714180489966882,-1.4618931613019563,-1.4814349402081413,-1.5241307973872371,-1.582045992828089,-1.6464723002551906,-1.7091911388820014,-2.4418545985138715,-2.499622696375049,-2.53764091119397,-2.5572676838809194,-2.562794640798728,-2.560397574153254,-2.556899813846011,-2.5585674829801466,-2.5701402840066043,-2.5942536963398064,-2.631335646796085,-2.6799730413868668,-2.737653970312803,-2.801714686099955,-2.8702715341645155,-2.942909395567261,-3.0209367543474244,-3.107101382907411,-3.204777516153766,-3.3167630826679853,-3.4439357002658397,-3.584080415233489,-3.731199836878941,-3.875541842769657,-4.0044425341541245,-4.103910285760542,-4.160708864782655,-4.1645732556771575,-4.110141604503635,-3.998224054502541,-3.836146919533441,-3.637082613690711,-3.4184641513499145,-3.19974783886009,-2.9998965021280357,-2.834990213237091,-2.7163310814874255,-2.649307581339158,-2.633146423157222,-2.661533796842163,-2.7239578598258345,-2.8075287036995484,-2.8989804184691437,-2.9865541303058816,-3.061496801724689,-3.118979905245595,-3.1583341493091908,-3.182599178403054,-2.309296712178401,-2.318296844758445,-2.330306164071989,-2.3487580628770046,-2.3749447493287077,-2.4076010678455475,-2.4429581753869507,-2.4752627918158168,-2.4976795072001634,-2.50342805917825,-2.4869660794116015,-2.4450180817845233,-2.377275500370382,-2.2866465162444483,-2.1790090711634362,-2.0625030127928947,-1.9464735382488607,-1.8402349484073917,-1.7518516013860763,-1.6871273793218613,-1.6489573196167364,-1.6371322070048935,-1.6486100375796942,-1.6781907792249646,-1.719466095091124,-1.7658745804581524,-1.8116822130407597,-1.8527283676480144,-1.8868255960493394,-1.913767405928093,-1.9349704019630227,-1.9528423885987318,-1.970014798547662,-1.9885979791243849,-2.009608191368032,-2.032677828353118,-2.0561025148098118,-2.0772112762867225,-2.0929814510255365,-2.10077049758612
-1.7074895538944181,-1.7930442445849895,-1.896157708234133,-2.0064208641606633,-2.1125802152731663,-2.204059721663859,-2.2723939267246522,-2.3123540986920545,-2.3225954079743856,-2.3057274773329346,-2.267801059602391,-2.2172954026759495,-2.163769041251858,-2.1163885145942296,-2.0825664223632288,-2.0669196530810354,-2.0707041322367012,-2.091803232091774,-2.1252563103226514,-2.16422676312545,-2.2012398316879827,-2.2294804027609296,-2.243936415603537,-2.242204448002277,-2.224834835161114,-2.195173553935888,-2.158743273994939,-2.1222819329939715,-2.09261122669434,-2.075530773841917,-2.074923109380421,-2.092212711083738,-2.1262570087851693,-2.173670699705466,-2.229510349498108,-2.2881870841875864,-2.344440993450425,-2.3942067322248852,-2.4352252708335627,-2.467306142338082,-3.4507499341390213,-3.4797795723268075,-3.5089056470050974,-3.5435674897166582,-3.5879726678202277,-3.644209415511014,-3.711750073948634,-3.7874328634390415,-3.8659282904244203,-3.940613038724602,-4.004700583758056,-4.052425812930923,-4.080060778349741,-4.086557190394432,-4.073669927088164,-4.045509058140553,-4.007581932969018,-3.965500810845809,-3.923620384973592,-3.883909815029766,-3.845339749061938,-3.803973887340942,-3.7538107704019135,-3.6882534314464954,-3.6019302210045008,-3.492487372501792,-3.361950605092434,-3.2173191391810705,-3.070199387496369,-2.935476634792491,-2.8292190400734545,-2.766166186355067,-2.7572408031125786,-2.80752123373982,-2.9150278607441744,-3.070530679017085,-3.2584099626072858,-3.4584322378870844,-3.648168802948111,-3.8057024452469337,-3.9122461510480964,-3.954330994935421,-3.925297143167925,-3.8259265375683205,-3.664172478208625,-3.4540556043920714,-3.213895488517495,-2.9641222827576676,-1.9680237876356979,-1.815845365375162,-1.6941474718824394,-1.6090878278026304,-1.5627712984706823,-1.5534888313702935,-1.5764030160063989,-1.6245445782386914,-1.6899468770941113,-1.7647374482148175,-1.842027654563854,-1.9164890151978724,-1.9845686696501421,-2.044364722217274,-2.0952423332257983,-2.1373126015838033,-2.1709115155564938,-2.1962035725395115,-2.2129974379880304,-2.2208071856411604,-2.2191332344822454,-2.207884010144276,-2.1878232349174707,-2.160915915194328,-2.130461202417391,-2.10093983237901,-2.0775605466559073,-2.0655531009548938,-2.0693130301220015,-2.0915438916860127,-2.1325577493049366,-2.1898801810051722,-2.2582634255251404,-2.330146938462852,-2.396529290338246,-2.4481420028287877,-2.476757654414116,-2.4764322089266066,-2.4444816363136477,-2.3820266468477267
-2.1852223498069665,-2.2464599655006463,-2.2943230842398354,-2.320938465319973,-2.320908397763319,-2.2921633729276696,-2.2363274072546298,-2.158536020223766,-2.0667345836373827,-1.970567847114654,-1.880036101081468,-1.8041289895519315,-1.7496486971915624,-1.7204002690676417,-1.7168641759057506,-1.736385696469487,-1.7738309547173643,-1.8225847892286622,-1.8757134389382293,-1.9270937218411939,-1.9723230050275558,-2.009268013958808,-2.0381773034814885,-2.061360062367546,-2.0825091590012974,-2.105805929023643,-2.1349780529637057,-2.1724845378503037,-2.2189734475785494,-2.273104273171564,-2.3317577960856095,-2.3905846751290665,-2.444782765213665,-2.489953263386234,-2.5228740381083696,-2.5420465418470233,-2.5479166795170776,-2.5427314102767866,-2.5300602538062655,-2.51407207197473,-3.4597410160206574,-3.44334790239836,-3.433637206615019,-3.4297673990179653,-3.428383985722684,-3.4242626692201386,-3.4113870815300897,-3.3842959717516243,-3.3394778247219303,-3.2765648973051653,-3.199089614914177,-3.1146164091381014,-3.034148790305349,-2.970826181728433,-2.9380527198182143,-2.9473199797809015,-3.006073401409969,-3.1160054893222773,-3.2721223185622095,-3.4628209024180894,-3.671047038602199,-3.87640537865821,-4.057905339581113,-4.196889738677725,-4.279640940187232,-4.299207585254429,-4.256136721765455,-4.15800249862564,-4.017849344986928,-3.8518659883368387,-3.6767354834202166,-3.507141545815279,-3.353850974743572,-3.222655009367985,-3.1142731716555248,-3.0251411345895862,-2.9488550135022478,-2.8779525066752667,-2.8056860776934105,-2.7274803212042316,-2.6418497574205917,-2.550664123514254,-2.4587647804916957,-2.373040106718035,-2.3011464678295876,-2.250106498706631,-2.225024786181425,-2.228133641501727,-1.6310113362974512,-1.669222321956251,-1.7187939613713679,-1.7735515160570627,-1.8271433203283545,-1.8740151331503951,-1.910242419722815,-1.934079028639613,-1.9461293292749469,-1.949116350219683,-1.9472894531798324,-1.9455789131430348,-1.9486498275084345,-1.9600256787854,-1.9814391411727785,-2.012526443643463,-2.0509191040531958,-2.092714360822643,-2.133236249239503,-2.167945589655971,-2.193328982992699,-2.2075995002360562,-2.21107485665205,-2.206156750416239,-2.196907513997794,-2.1882943860233097,-2.1852342613932043,-2.191611360172444,-2.2094494776311,-2.238397245716194,-2.2756327713154945,-2.3162218686905955,-2.353884263310011,-2.3820485093447714,-2.395021923912108,-2.389076408881916,-2.3632595012891713,-2.3197814516373687,-2.263896957758627,-2.203283153648296
-2.1061419749379167,-2.0984673131965885,-2.0918068234081493,-2.0845952038334046,-2.076581718554177,-2.069114844315094,-2.065064482926051,-2.068380623884973,-2.083357757058215,-2.1137333701160452,-2.161785563151326,-2.227602112854835,-2.3086693489902146,-2.3998776651053353,-2.4939700402635934,-2.582382750381743,-2.656357022369235,-2.7081492632593576,-2.7321450034987365,-2.725692274171886,-2.689512529153746,-2.627614612326993,-2.5467184226278623,-2.4552760970783867,-2.3622458127745634,-2.275815058609187,-2.2022790986106866,-2.1452546023744894,-2.105352272591325,-2.0803552426048157,-2.0658651862697464,-2.0562999892484704,-2.0460688173950463,-2.0307223027632095,-2.0078819112885364,-1.9777918742896552,-1.943402153362305,-1.9099702184349394,-1.8842492347971977,-1.8733972173581188,-2.6083179519667876,-2.6583178020124496,-2.7463711316084116,-2.87053906160535,-3.0245484586047118,-3.1984789565654754,-3.3799976332590673,-3.55596251732708,-3.7141603419473634,-3.844920612856311,-3.9423608532451047,-4.005066912223812,-4.036093397613143,-4.042273729529125,-4.032943048738158,-4.018282017398524,-4.00756528000886,-4.007626916264994,-4.0218253819659004,-4.049702146124514,-4.08739484043444,-4.128712844738368,-4.166643827686182,-4.194966495572679,-4.209621392512102,-4.209545902338512,-4.196800637789038,-4.1759744473884135,-4.153016729350723,-4.133770832994749,-4.1225428016017025,-4.121023776482474,-4.127798949594409,-4.138543781484529,-4.146861125416659,-4.145583352215317,-4.128276941053373,-4.090656765604111,-4.031643818980207,-3.953872724386438,-3.8635565722389584,-3.769726753105833,-3.682966572726377,-3.6138356553413233,-3.571228482212082,-3.5609206236584297,-3.584530252473164,-3.639064085704091,-2.684596234231078,-2.7500967363740765,-2.815313677568284,-2.8705996127697055,-2.907397484561762,-2.919439723966764,-2.9036243422713754,-2.8604295962495354,-2.7937992234178597,-2.710513429454269,-2.619143068230791,-2.5287518149786004,-2.447551909140035,-2.381726011003161,-2.334599474211559,-2.3062885963928066,-2.2938711704770474,-2.2920394309570176,-2.2941169142609676,-2.293263047567178,-2.2836619624565335,-2.2614993118025146,-2.225570994831465,-2.1774333163119084,-2.121083610006948,-2.0622399226100225,-2.007354359779221,-1.9625360640759422,-1.9325698775231361,-1.9201944157530293,-1.925753074551585,-1.9472627258786495,-1.9808699718719702,-2.0215971412793374,-2.0642316073421556,-2.104190820226279,-2.1382050467029794,-2.1646980310887227,-2.183805365704576,-2.197040238836138
-2.2041339910231676,-2.215756443860905,-2.221009650029471,-2.2220246358806945,-2.2220961103060906,-2.2249761100908665,-2.233991975862408,-2.251150831719962,-2.276406336346468,-2.3072451802260567,-2.338702685176737,-2.363846375373497,-2.3746851865505194,-2.3633839559472656,-2.3236017424392115,-2.251739578009892,-2.1478851266403467,-2.0162793228856435,-1.8651982285174318,-1.7062316446318977,-1.5530344025299825,-1.419711386338001,-1.319059132635192,-1.2609148618546253,-1.2508529975910974,-1.2894209067403324,-1.372027174291254,-1.489499588700792,-1.629231447003348,-1.7767494589555575,-1.9174778668002348,-2.03845035578324,-2.129736908579721,-2.18540354231742,-2.2038996985053068,-2.1878576889163788,-2.1433760789031764,-2.078930189650196,-2.0040973415791896,-1.9282964282470285,-2.574998408858632,-2.4986749038782516,-2.4463971071587434,-2.4204417502352533,-2.4204572576820262,-2.444272400766022,-2.488807112463529,-2.550891395128548,-2.6278302701854686,-2.7176123601599023,-2.818737649408461,-2.9297241069872575,-3.0484291854995265,-3.1713762914879786,-3.2932953404898284,-3.4070620136587464,-3.5041511625017456,-3.575614291177864,-3.6134673842356997,-3.6122593633151006,-3.570511568985509,-3.4916989571472334,-3.384496826464072,-3.262139016699011,-3.1409031974868356,-3.037920797140206,-2.96866214759371,-2.9445348348529756,-2.971032456621415,-3.0467797346603946,-3.163657100716536,-3.3079887187421977,-3.4625850253818475,-3.6092836871515566,-3.73155854967982,-3.8167743436649997,-3.8577473684583987,-3.853406953529298,-3.8085098580150447,-3.7325105690322467,-3.637811114090808,-3.537689846842515,-3.444234419395779,-3.366582395792462,-3.309711699392535,-3.2739334479062028,-3.2551343140768156,-3.2457074933077616,-2.337121030993546,-2.3227670455039227,-2.294986286972319,-2.2498910938224745,-2.186523157003571,-2.107123563480016,-2.016887530009997,-1.923243527834102,-1.834772714502434,-1.7599423445292328,-1.7058561586912155,-1.6772204533666184,-1.6756872375389458,-1.6996720179582339,-1.7446643901714232,-1.803968487350919,-1.8697413644989942,-1.934152193222119,-1.9904710134686578,-2.033914496440428,-2.0621237259890934,-2.0752164617804807,-2.075431472139993,-2.0664519995295185,-2.0525472053345237,-2.037695866427743,-2.0248518457244056,-2.0154775614434604,-2.0094165388898353,-2.005109656260254,-2.0000942816266276,-1.9916731605850735,-1.9776101365074528,-1.9567078193121694,-1.9291482553026116,-1.8965264246063516,-1.8615687163886308,-1.8275925919957405,-1.797817259880117,-1.7746680319044688
-2.3572009008394095,-2.2559627395381523,-2.1431506533082705,-2.0297469971978264,-1.9269588246465983,-1.8447475605337573,-1.790533677930374,-1.7682727196381918,-1.7780407082178984,-1.8161862821914228,-1.8760170783301853,-1.9489037846773845,-2.0256207821005123,-2.0977079288056406,-2.1586392883847605,-2.2046209246592854,-2.2349048670852567,-2.2515887994634167,-2.258956906327971,-2.2624921448306097,-2.2677415354888972,-2.2792355525035304,-2.299647532857527,-2.329332358847164,-2.3663140144783776,-2.406711343650694,-2.445514508000782,-2.4775645529601524,-2.4985553676314938,-2.5058765546905795,-2.499146949006801,-2.4803457371419784,-2.45352081016703,-2.424129009542096,-2.3981269770748357,-2.3809732845203238,-2.3767154810221847,-2.387318107282375,-2.412343531391453,-2.449035189859108,-3.45154682690114,-3.5140064009231327,-3.5702533874877975,-3.613290965808481,-3.6383343773998553,-3.6435430042472694,-3.630255141506081,-3.6026887171729713,-3.567158268741962,-3.5309394082857257,-3.5009749558884353,-3.482651465615065,-3.478873140844808,-3.489618389198041,-3.5120846618408548,-3.541419268354621,-3.5719146632292533,-3.5984392296369525,-3.617803647967844,-3.629749384904545,-3.637300365858715,-3.646337316648413,-3.6644161543144924,-3.6990235637971507,-3.7556049854695823,-3.83577700953653,-3.9361255234351855,-4.047890941725692,-4.157672083283349,-4.249077494696822,-4.305061998669446,-4.310548502954966,-4.254878862243938,-4.133671573816338,-3.9497767562166555,-3.7131827708106093,-3.4399085534112874,-3.1500766057661536,-2.8654771676185247,-2.6069901295597853,-2.392226307127868,-2.23369266418089,-2.1376921717266004,-2.104055699856813,-2.126687317830718,-2.194799735972492,-2.2946343845888197,-2.4114087282901413,-1.8281009565440927,-1.9085647630073126,-1.9772904807091252,-2.031530536031858,-2.0713448674989294,-2.0990734308228807,-2.1185164201527837,-2.133979628835934,-2.1493563425634328,-2.167401665888457,-2.1893130729113848,-2.214669954744346,-2.241716225979586,-2.2679062885821826,-2.2905875168105667,-2.30767044827565,-2.3181448272163108,-2.322333902501837,-2.3218342014067264,-2.3191528369984256,-2.3171168778790254,-2.3181774824553543,-2.3237560940877198,-2.3337760836061268,-2.3464911587323627,-2.3586672166863103,-2.366106929259113,-2.3644385516231243,-2.350034858554042,-2.3208953646916797,-2.277321773583931,-2.2222444212399366,-2.1611122843821278,-2.101331945568852,-2.0513193727435906,-2.019298825917708,-2.012033095864296,-2.0336893740188127,-2.0850310962579055,-2.1630796401137284
-1.85812843388731,-1.8384045185934204,-1.8249393697585967,-1.8217537789285925,-1.831189122574292,-1.8534555731400784,-1.886583234080248,-1.9267842949705876,-1.9691595980749614,-2.008620163837401,-2.040854448414954,-2.0631625518689125,-2.0750010859796766,-2.078133111517646,-2.0763476311647056,-2.0747902778563643,-2.0790174563118526,-2.093937736034469,-2.1228274916654812,-2.16659829237025,-2.2234527103630874,-2.2889999012620756,-2.356823687633314,-2.419417536451807,-2.4693363918374747,-2.5003761047244097,-2.5085841714293515,-2.492932070620271,-2.4555352464098967,-2.40138219651316,-2.337616206822694,-2.2724878632969925,-2.2141507222596832,-2.1694971827050704,-2.1432226699972525,-2.1372656290453937,-2.1507059816195597,-2.180127171102485,-2.2203701696112383,-2.2655447719982185,-3.1986335343056407,-3.253762067778626,-3.2994106873679696,-3.3360654483634713,-3.3674525560262065,-3.3998204339154117,-3.4407451860204015,-3.497647996736955,-3.576262272253364,-3.6793037958715464,-3.8055755397593063,-3.94968066770742,-4.10242781535574,-4.251902201969968,-4.38505995999136,-4.489600784839764,-4.5558064282472905,-4.578017497893222,-4.555468292399006,-4.492306558998097,-4.396775597954113,-4.279701235811417,-4.152570326255793,-4.0255767452918985,-3.9060220710862184,-3.7973855323822994,-3.699235700712467,-3.6079763445803823,-3.5182419483425935,-3.424624825874799,-3.3233546763580155,-3.213573935307602,-3.0979494827304794,-2.9825077238050097,-2.8757411597664673,-2.787175633736605,-2.7256817189555878,-2.6978473750541845,-2.706702176389721,-2.7510078408463667,-2.825224222753292,-2.9201451712628055,-3.024093422081449,-3.1244822021157654,-3.2095023814853607,-3.269681682595721,-3.2990862178416953,-3.2959903416924323,-2.356554052979562,-2.3154999873092335,-2.2636020590418164,-2.2079811639163385,-2.155411681410293,-2.1112795573564287,-2.078807360184197,-2.0586711034814713,-2.04906838069141,-2.046220973117567,-2.0452206113072022,-2.0410670898196477,-2.02971416396893,-2.0089368711228937,-1.9788647406267206,-1.9420835840937616,-1.9032840778755074,-1.8685149437036164,-1.8441682401267188,-1.8358718709294584,-1.8474815617490044,-1.8803482594437466,-1.93299002435854,-2.0012281940210657,-2.0787679593394905,-2.1581273398390564,-2.2317590584626235,-2.2931772523551217,-2.337900863575233,-2.3640578301034982,-2.3725531236520414,-2.3667789329144466,-2.351923750630256,-2.3340051684330194,-2.318797062927321,-2.3108377290193545,-2.3126888071757437,-2.324568683334587,-2.344416672023226,-2.3683676589631784
-2.230338542306335,-2.296643717911671,-2.3853216424897896,-2.489435175566945,-2.5995892274745307,-2.705017949837736,-2.7949245737200163,-2.8598786904557056,-2.893059738767719,-2.891153956029365,-2.8547627360701378,-2.788255342036585,-2.6990861215182025,-2.596681395149829,-2.4910698612945366,-2.3914711072750134,-2.3050626690823295,-2.2361158810817474,-2.1856294007549373,-2.1515069312230564,-2.129236005118464,-2.1129426964650624,-2.0966364728267783,-2.0754301704287204,-2.0465270419785457,-2.009808639282402,-1.9679267061281587,-1.9258873711098625,-1.890202226903205,-1.867753718863828,-1.8645693944777295,-1.8847132447623203,-1.9294806882043185,-1.9970309223492204,-2.08251594205184,-2.1786826160737762,-2.276847127469982,-2.3680827230764567,-2.444431319957225,-2.4999511288701672,-3.5050769296724575,-3.515213736729327,-3.495706774638977,-3.453641572587982,-3.398167424036062,-3.3390730906913353,-3.2853626259856803,-3.244052036652973,-3.2193671389218887,-3.212455810377688,-3.221643051233827,-3.2431664122622768,-3.272245680011678,-3.3042781125364864,-3.335921704371005,-3.3658429249007833,-3.3949645042216017,-3.426146557212692,-3.4633544025107623,-3.5104847934361882,-3.570111643983558,-3.6424487447219094,-3.7247966631889335,-3.811645512032309,-3.8954626608670018,-3.968036232449615,-4.02210880359281,-4.052954944076682,-4.059552187980585,-4.045070323202784,-4.016541754606542,-3.9837445272855163,-3.9574912583029715,-3.947636780374676,-3.9611712560262653,-4.000746444675457,-4.063899412545623,-4.143111213443928,-4.2266948453060165,-4.300373413096574,-4.3493065458493625,-4.360263085988351,-4.323624818885349,-4.234936589454103,-4.0957849483354645,-3.91388017705291,-3.7023234369018834,-3.478149390996996,-2.354684360261977,-2.2154288609330752,-2.1058400355365827,-2.034290811928118,-2.004960496152028,-2.0174288897652928,-2.0668695005075746,-2.1448032733017213,-2.2402932282061996,-2.341398201733239,-2.436670758224445,-2.5164855951533736,-2.5740198072824616,-2.6057687502731994,-2.611559847498899,-2.594107794973486,-2.5582244015787667,-2.5098432677530185,-2.455036504472039,-2.3991860717856173,-2.3464300657374744,-2.2994431855308446,-2.259542547740275,-2.227047752310946,-2.201778991398399,-2.1835569254116995,-2.172576111809147,-2.169557737681911,-2.1756402233251846,-2.1920273898563107,-2.219471256712433,-2.257708803870371,-2.30499066142168,-2.357830542751473,-2.4110683836513305,-2.4582837084473095,-2.492528824617242,-2.5072863497177598,-2.49750457768984,-2.46053731830457
-2.4719310342299172,-2.500264454721783,-2.513364691062793,-2.504262466720468,-2.4674325709337315,-2.39997415919392,-2.3024959820331095,-2.179537496587808,-2.0394245093468846,-1.8935449468707912,-1.7551225395806815,-1.6376484995079892,-1.5531899660189739,-1.510819114791286,-1.5153938471497272,-1.566871604177457,-1.660259764283904,-1.7862116810376802,-1.9321817590047095,-2.0839712721935144,-2.227441770410019,-2.3501532907207605,-2.4427027655535816,-2.499590370497382,-2.5195189342001485,-2.5051208616436074,-2.4621935358561218,-2.398593915598484,-2.3229852482391764,-2.2436376067813932,-2.167459306381545,-2.099383834178907,-2.0421669967711944,-1.9965744771816722,-1.961874120627974,-1.9365011789133721,-1.9187455559226085,-1.9073197616205,-1.9017014428563541,-1.9021972257720987,-2.644247939750589,-2.6660003607731992,-2.700194205150067,-2.746821355804827,-2.8042480386219224,-2.8690592188579283,-2.93631474179235,-3.0002156825344697,-3.055098119636645,-3.0965982479669076,-3.122779660416248,-3.1349916596087883,-3.1382446507846304,-3.14094826754685,-3.1539563084498914,-3.188987925794642,-3.2566266526152643,-3.3642116668118027,-3.5140018739888323,-3.7019909962110895,-3.9176710173004863,-4.144889107844628,-4.363744515082163,-4.553265920530919,-4.6944412906772515,-4.773081042782522,-4.78200563121292,-4.722162090040641,-4.602468475351439,-4.438419560144133,-4.2497117775118785,-4.057313903584132,-3.880490249299796,-3.734264148564955,-3.627702244689121,-3.5632328747447297,-3.537022255051427,-3.5402574596218317,-3.561054533527797,-3.586639982760001,-3.605447330498034,-3.608819257432539,-3.592094760139306,-3.5549716124032686,-3.501149534928492,-3.4373636897748105,-3.371999540713812,-3.3135303616149727,-2.360968204902118,-2.342176725191105,-2.337633988961677,-2.345815545776733,-2.363111605263748,-2.3845171087652615,-2.404542248533759,-2.4181806658469305,-2.421765055107346,-2.413561937282704,-2.394005294709755,-2.3655341709199322,-2.3320705373564676,-2.2982378794064617,-2.2684664764862252,-2.2461500765875373,-2.2330073470320073,-2.2287623732168362,-2.2311988869470882,-2.2365738378566187,-2.2403100421872617,-2.237836973469746,-2.2254224982275144,-2.2008412301584346,-2.1637565852824108,-2.115747774337622,-2.059979920352304,-2.000582930979469,-1.9418602357612709,-1.8874816734424942,-1.8398193280798838,-1.7995597769403666,-1.7656752698617315,-1.7357687739958274,-1.7067357213903234,-1.6756218505605243,-1.640513582626979,-1.6012833094367263,-1.5600301801456578,-1.5211051441590304
-1.766296998641437,-1.8162287148355687,-1.8703515248296607,-1.9220075866858273,-1.9663908217116672,-2.001136838843811,-2.0264592840660676,-2.0448225885941183,-2.060221128718305,-2.077201997277023,-2.0998114075864116,-2.1306559523715105,-2.170247773192047,-2.216751198962431,-2.266176693791797,-2.3129885955215754,-2.351019985210596,-2.3745338281381163,-2.3792436493742786,-2.3631138671067102,-2.3267981999152787,-2.273637506745626,-2.209214943904343,-2.1405430223290067,-2.0750206151596426,-2.0193371448499744,-1.9785093011206614,-1.9552114083660246,-1.9495083736575918,-1.9590293215140449,-1.9795431379519948,-2.0058278002059065,-2.0326757382889333,-2.0558561351703024,-2.0728654646225144,-2.083337414050173,-2.089045135746277,-2.0935012354149527,-2.1012311432489725,-2.1168514062419335,-2.968777142249995,-3.0255293161986514,-3.1010940971767362,-3.1920040274590455,-3.291867690053692,-3.3922539416146424,-3.4839733103745023,-3.5585576487521156,-3.6096993746747605,-3.634406211654804,-3.633658856683692,-3.612426048601641,-3.578987975848456,-3.543633472606989,-3.516912407364221,-3.5077216308695296,-3.521559654360065,-3.5592845996110953,-3.616643690409071,-3.6847156590927423,-3.7512396447589853,-3.8026275137652124,-3.8263091103398534,-3.8129768372243773,-3.7582999411687306,-3.6637734721271844,-3.5365342315456654,-3.388180411384327,-3.23282803488362,-3.0847826319754166,-2.95626830718421,-2.8556277335550866,-2.786296355507155,-2.746690480904761,-2.7309697212463266,-2.7304769043073454,-2.73555191358458,-2.7373747407054214,-2.7295172019090326,-2.708959709218946,-2.676439125069417,-2.636113842594516,-2.5946428506509753,-2.5598615933655435,-2.539289643820495,-2.5387197729348134,-2.5611157378240996,-2.6059917246201176,-1.9278767834955026,-1.9819975694934393,-2.0380566434885785,-2.089214845385161,-2.129246889803836,-2.153482963879018,-2.1594934469692806,-2.14740322808624,-2.1197849780199007,-2.081153205937956,-2.037150358922746,-1.993570163482686,-1.9553919602463647,-1.9259975045282391,-1.9067086982263965,-1.8967266723009137,-1.8934798285831074,-1.8933138834707377,-1.8923940289741301,-1.8876494089271936,-1.8775805066948492,-1.862772690363341,-1.8460102730421495,-1.8319561648562228,-1.8264401481572128,-1.8354702761190549,-1.8641342076056127,-1.9155810543762957,-1.9902650687637709,-2.085591511863926,-2.196039121865843,-2.3137539345927394,-2.4295294320729828,-2.534021845781319,-2.6190083725456406,-2.6784872539956623,-2.7094437788519223,-2.7121611184828276,-2.690030208569778,-2.648895828306071
-2.2584573053930312,-2.2581282177560444,-2.248323377963497,-2.232306046546674,-2.214777065499233,-2.201099717032485,-2.196333845277014,-2.204248339108754,-2.226493449786594,-2.262094404921198,-2.307378049998461,-2.3563727872104354,-2.4016408721029086,-2.4354251148400863,-2.450932715137871,-2.4435480420649425,-2.41176966447338,-2.3577050619710618,-2.2870235061618613,-2.2083528921403808,-2.1321958721054233,-2.0695196418115813,-2.030228906948638,-2.0217535220091514,-2.047967135672985,-2.10860315024259,-2.1992574832599527,-2.3119765603938425,-2.4363385922291405,-2.560861262459936,-2.6745215909965343,-2.768161328612024,-2.8355752305516457,-2.874135228983448,-2.884880890654756,-2.8720921671577155,-2.84243985411167,-2.803869454680927,-2.7644061596862803,-2.7310685310496727,-3.7509895494013326,-3.7402025125602716,-3.7499318240546575,-3.778221951480692,-3.821187156382143,-3.8740545751494375,-3.9322040094765143,-3.9920078411403273,-4.051317825529874,-4.1095144764116505,-4.167119336867588,-4.22505811680745,-4.283739329188366,-4.342164301130754,-4.397297777198858,-4.443895959078808,-4.474910574899449,-4.48247307455708,-4.459331943311065,-4.400495516930839,-4.304751785572944,-4.175719631167698,-4.02214463921669,-3.8572817754304025,-3.697383611982203,-3.559499506367631,-3.458946007006536,-3.4068949272179903,-3.408521138186795,-3.4620562743073426,-3.5589276618228034,-3.6849603926670143,-3.822427809847661,-3.9525910317740762,-4.058297867022027,-4.12622399732798,-4.148425141920239,-4.123004956856667,-4.0538598553045695,-3.949609484938396,-3.8219372037331527,-3.6836347172653605,-3.546664764777386,-3.4205289094200215,-3.3111629734899406,-3.220492274764232,-3.146675601048756,-3.0849640450342424,-2.187619181433928,-2.146737699352895,-2.1017890166520647,-2.0510832132114594,-1.99535258788507,-1.9378216503745112,-1.8838147145779136,-1.8399620515330994,-1.8131339006655334,-1.8092791352674538,-1.8323634600678653,-1.883587107885647,-1.961016313048477,-2.0596940747869414,-2.1722157273840335,-2.2896774606508323,-2.4028445582471267,-2.503351247683775,-2.5847414752799347,-2.6431897274590153,-2.6777976598201243,-2.6904355985254935,-2.685175001096858,-2.6674252882208345,-2.6429345493958296,-2.6168308302720393,-2.592866556667174,-2.5729862268166395,-2.557274853680182,-2.544273294496538,-2.531579509483634,-2.516603991367564,-2.4973221094320364,-2.4728702927265185,-2.4438658197224643,-2.4123852734404574,-2.381604178537266,-2.3551674572178882,-2.3364146516784734,-2.3276151695883702
-2.547571493962588,-2.4540828264307146,-2.347641746021702,-2.239543493610886,-2.1410736574826394,-2.0619764018190696,-2.0091554704415917,-1.98580350807563,-1.9910882650138269,-2.020436702282677,-2.0663641344144024,-2.119710636740597,-2.1710848075580294,-2.212285613072568,-2.23748098874455,-2.2439654538074087,-2.232390651172482,-2.2064502967747193,-2.1720898361888534,-2.1363864544991404,-2.106294701693814,-2.0874690979394726,-2.0833556382349276,-2.094693118909882,-2.1194919301894357,-2.1534753007333816,-2.1908902189840456,-2.2255355738602423,-2.2518232769098425,-2.2656890524554565,-2.2652022230882674,-2.2507816502279625,-2.2249971896004683,-2.1920094662476544,-2.1567624392367843,-2.1240825421464513,-2.0978489007936845,-2.080380335896546,-2.072140977258898,-2.0718060746693823,-2.875381225339723,-2.8845321643595425,-2.891415107777946,-2.892473220481889,-2.8861280347165814,-2.8732481874878175,-2.8571529238948252,-2.843138902063301,-2.8376017109408274,-2.8468974954647432,-2.876143674373837,-2.9281811426630586,-3.002906749990159,-3.0971319883955397,-3.205035736353779,-3.319167072109421,-3.4318373202295707,-3.5366423491773125,-3.6298009212267535,-3.7110013465001086,-3.7835240379234754,-3.8535434231753163,-3.928684624727383,-4.016082001732136,-4.120317827363202,-4.241676123441183,-4.375110767142745,-4.510201671205078,-4.6321830263984936,-4.723914145222121,-4.768473085590779,-4.751926938866266,-4.665795825615851,-4.508784675434825,-4.287491540919075,-4.015982106396643,-3.7143092900397403,-3.4062191422851242,-3.1163941536401802,-2.8676305558998543,-2.6783284267261918,-2.560603744530058,-2.519227059182857,-2.5514726552182534,-2.647841883340838,-2.7935184821175505,-2.970332513897488,-3.158960090550484,-2.412996732803726,-2.528623067389174,-2.6201484844061516,-2.682844820194986,-2.7154523032047724,-2.71973888352274,-2.699735581680598,-2.660799842662331,-2.6086727952594586,-2.548681758696961,-2.485199459354309,-2.421414005759605,-2.3593997156006963,-2.3004205108947615,-2.2453557105060247,-2.1951202788756796,-2.150960838896498,-2.1145426887326075,-2.0877945873977386,-2.072536729257211,-2.0699712792207157,-2.0801531280591385,-2.101573138512717,-2.1309735481648118,-2.163477010330467,-2.1930535545058705,-2.2132838760879507,-2.218315089391871,-2.2038583677845356,-2.168056220058881,-2.112055701750525,-2.0401625005080506,-1.9595140047136455,-1.8792870358808,-1.8095348889623808,-1.7598150174010367,-1.737811185487551,-1.7481641010800477,-1.7916996821041198,-1.8651873625142459
-2.2689995972392514,-2.2027869782189717,-2.151941352758698,-2.123703367369323,-2.1223783707060218,-2.1487341672376745,-2.199930652506909,-2.26998579435137,-2.350696508157591,-2.4328613312276834,-2.5076062179504746,-2.567602557508715,-2.6079892700456613,-2.626864252658226,-2.6252850714304454,-2.6068016989491523,-2.5766211125815377,-2.5405617357397356,-2.5039854770448584,-2.4708919758643173,-2.4433248162939845,-2.421179611662571,-2.4024299186739526,-2.3837121379458392,-2.3611480758984715,-2.3312445049908694,-2.291699446344631,-2.241966221525377,-2.1834742461188617,-2.1194710057054826,-2.0545205359156213,-1.9937570380755731,-1.9420365279516443,-1.903146765149896,-1.8792232926587138,-1.8704798748605955,-1.8753025384818571,-1.8906888167854108,-1.9129500119481684,-1.938545658095589,-2.72062270655587,-2.756777351118826,-2.7938948048456806,-2.835859783671936,-2.888542101503425,-2.9587195254263787,-3.0526881668635735,-3.174777711931858,-3.326020482793396,-3.5032193239923326,-3.698617381452711,-3.9002949483110583,-4.093311641097321,-4.261488824379751,-4.3896054873315276,-4.465682604438178,-4.482978663187122,-4.441330139020476,-4.347552749351703,-4.214765478088386,-4.060687166430796,-3.905149687315215,-3.767231321477486,-3.6625017322928635,-3.6008623561412962,-3.5853602977575045,-3.612169911742335,-3.6717128516244255,-3.7506726984986147,-3.834500231132453,-3.9099323255129885,-3.9670727969963338,-4.000696031724997,-4.010604389386764,-4.001058576544154,-3.979467167970297,-3.954636916576533,-3.93493362526679,-3.9266839168827823,-3.93307387328752,-3.953691714336162,-3.984741240002254,-4.019841179846583,-4.051238352773754,-4.0712091044422944,-4.073407651545304,-4.053940717566634,-4.012000264439422,-2.852750337785993,-2.7971275433942724,-2.7357217647160885,-2.674045950400352,-2.617170513765514,-2.568899747306069,-2.5311891658222723,-2.5039050047004707,-2.4849664561215863,-2.470842554757408,-2.457311176864403,-2.440339219423592,-2.416919815206199,-2.3857090634969738,-2.3473404171623575,-2.3043533962266367,-2.260744246486443,-2.221216690679889,-2.1902681379101465,-2.171280025741499,-2.1657839937252255,-2.173047348539713,-2.1900664071276856,-2.2119842426555847,-2.2328727337241236,-2.2467512224349795,-2.248667690034312,-2.235651748503859,-2.2073653886247646,-2.166325004827401,-2.117638984466632,-2.068287213571825,-2.026048206281546,-1.998242495636436,-1.9904963783759184,-2.005731629063641,-2.0435536751935315,-2.1001481494467895,-2.168713961165431,-2.2403736450366383
-1.8241184954282084,-1.8803508397904003,-1.9550559165788264,-2.0425600577463756,-2.134805640350729,-2.2223216399725487,-2.2954622947788925,-2.345725057371942,-2.366942124248859,-2.356157131551485,-2.314047469460334,-2.2448250564422465,-2.1556322289084346,-2.05553054658605,-1.954245113809701,-1.8608645652120448,-1.7827008981513004,-1.7244833124068237,-1.6880014128610168,-1.6722357200552707,-1.6739307428551713,-1.6884920742950604,-1.7110366597854185,-1.7374033773517688,-1.7649429020692777,-1.7929491548743257,-1.822661643273266,-1.8568467712651107,-1.8990427988201086,-1.9526140733691233,-2.019794757427041,-2.1009045624669347,-2.1938887552281643,-2.2942774979763527,-2.395585742635908,-2.4900975972145467,-2.5699119285075787,-2.6280805118210924,-2.659653730394793,-2.6624637716358466,-3.651948096806611,-3.584683945014388,-3.494011404138553,-3.391636579911073,-3.290106197765968,-3.2011561626556317,-3.1342025926900248,-3.095197307734543,-3.0860157873836966,-3.1044667687507737,-3.1449187846030995,-3.1994421032461777,-3.2592783883911163,-3.3163891715043654,-3.36481082181557,-3.40156696077924,-3.426960913801883,-3.4441829538715267,-3.458301692039035,-3.47483983346329,-3.498232373071785,-3.530504799276344,-3.570475800169005,-3.6136854526217284,-3.6530956069562377,-3.6804377731711533,-3.6879349409200124,-3.670033074929398,-3.624767741128886,-3.5544642859274376,-3.4656089988765677,-3.367901193235467,-3.272662930805037,-3.1909083004200345,-3.131433565051077,-3.0992753407589073,-3.0948049018569646,-3.113603764227214,-3.1471259471135946,-3.184022184719977,-3.211901512919924,-3.2192483215048235,-3.197201755712352,-3.1409358433967656,-3.0504447088991236,-2.9306268037743384,-2.7906630695146895,-2.642783766084688,-1.8059924886729621,-1.7169224847020481,-1.6493507763763922,-1.6085151625662824,-1.59637197936505,-1.6114467689710532,-1.649186328191878,-1.7027489373702396,-1.7641009667605627,-1.8252408365023391,-1.8793537633216555,-1.9217160721672955,-1.9502134946483494,-1.9654058255223488,-1.9701485980420328,-1.9688573086991017,-1.9665581168449526,-1.9679008616838185,-1.976310491476309,-1.9934220906650724,-2.018888656494892,-2.0505800473353886,-2.0851190184553188,-2.118639060573285,-2.147609781804147,-2.169565655643444,-2.183594650687567,-2.1904905918824777,-2.1925383152719213,-2.1929717905156076,-2.1952093497127945,-2.20201519208282,-2.214754019721759,-2.232892475954945,-2.2538590205387443,-2.27331021254568,-2.2857772683615316,-2.2855954041385513,-2.2679627199924717,-2.229945492977791
-2.3919790612498297,-2.395851576001754,-2.391970724606312,-2.373917578122049,-2.3366522649924537,-2.277665185144326,-2.1978055864242108,-2.1016270496649705,-1.9971619901077315,-1.8951268089416735,-1.807651315893996,-1.7467053463726452,-1.7224488685813297,-1.7417502094328903,-1.807096906194456,-1.9160679890477645,-2.0614539311635416,-2.2320141834053357,-2.4137674872161194,-2.59163206771032,-2.751183593574546,-2.880285900381624,-2.9703743752531215,-3.017229897444869,-3.0211623188147265,-2.98661307890514,-2.9212718610266295,-2.8348686421061364,-2.73784001763471,-2.640072384227838,-2.549895391231197,-2.4734435424962387,-2.4144327341513896,-2.3743249145939767,-2.352790891236685,-2.348339093919431,-2.3589631013682526,-2.3826739923750484,-2.4178209708933847,-2.463156952125165,-3.4859965877161208,-3.5725952903323535,-3.6680142772611335,-3.7687135326013164,-3.8696547707003455,-3.9643863583271854,-4.045531274755736,-4.105653192151315,-4.138395868733622,-4.139721678633879,-4.109028348728189,-4.049909347898192,-3.9703502327041864,-3.88222280442051,-3.800046211495877,-3.7391156893399193,-3.7132338682902457,-3.7323894569251053,-3.8007862744958123,-3.915611164004095,-4.066834484468587,-4.2381714542511,-4.409124360038493,-4.557815727217599,-4.6641566417148885,-4.712811557595404,-4.695443182441898,-4.6118470449806575,-4.469789854253714,-4.283605429294095,-4.07182602430079,-3.8542894295496555,-3.649233038508385,-3.4708566501261666,-3.327719654360066,-3.222165772501177,-3.1507781476138437,-3.10569641291354,-3.0765035182535336,-3.052328484708714,-3.0238132347203424,-2.984647653688685,-2.9324708501007706,-2.8690495891531027,-2.7997593790777504,-2.7324947852535977,-2.6762118513089903,-2.639349277640695,-1.8982760359031534,-1.9115293682977617,-1.9458120841676212,-1.9983823768109479,-2.0643364274781604,-2.1373778000610537,-2.210785559978154,-2.2784148363660526,-2.3355611510456327,-2.379546520070235,-2.4099365576038485,-2.428364510820937,-2.4380083440483213,-2.4428279851368653,-2.446710634556292,-2.4526853367363164,-2.4623516195809905,-2.475624180816479,-2.49083442991328,-2.505161590072058,-2.5153036443341557,-2.5182531916115467,-2.5120235872880095,-2.4961802059616143,-2.472068558047971,-2.4426885573141535,-2.4122318937874314,-2.3853647232732476,-2.3663885897190164,-2.358439043757823,-2.3628785092974325,-2.3790075865285605,-2.404162538259839,-2.434196029918727,-2.4642658876277688,-2.4897958540892935,-2.5074344117889926,-2.5158302090965705,-2.5160677173325805,-2.511660970954597
-2.0851786639813255,-2.2032724668143078,-2.316074076064072,-2.413602943391911,-2.488553384708074,-2.537066966258233,-2.5589627620680746,-2.557413649786305,-2.538144764956966,-2.508303624408403,-2.475198427062235,-2.4451144145362096,-2.42239646033411,-2.4089337301777043,-2.404108888496711,-2.4051928796742903,-2.4080908734054045,-2.4082883068775436,-2.401817367337072,-2.3860679801638596,-2.3603019415551203,-2.325787439668709,-2.2855429274228283,-2.2437511046888248,-2.204962799522553,-2.173246440616161,-2.1514455069163563,-2.140683077881344,-2.1402040627763554,-2.1475810716804036,-2.1592412552868114,-2.171211461485136,-2.1799387090219615,-2.1830295232678765,-2.1797673443145005,-2.1713088283913176,-2.160519498268567,-2.151475744850032,-2.148721482028181,-2.1564128967086713,-3.0150083279294653,-3.0643421256155645,-3.13242307154112,-3.2150063896622934,-3.3055967776698143,-3.3965030619728305,-3.480172728480577,-3.550589815764583,-3.6044952840723674,-3.6422004092688383,-3.6678122055600166,-3.68877225180931,-3.714718481808697,-3.7557999275597345,-3.82068842547178,-3.91461708212893,-4.037811547636704,-4.18465117884143,-4.343798246417395,-4.499374474610194,-4.633070852181476,-4.726886145887896,-4.766043525191228,-4.741569132294513,-4.652051818893217,-4.504238076475342,-4.31232563010888,-4.096060238719091,-3.877961803209199,-3.680161106846252,-3.521386250104155,-3.4145896916434295,-3.3655680890757225,-3.372731801029302,-3.427972188064434,-3.5183944752144405,-3.6285630349776326,-3.7428596750479035,-3.8475823208911333,-3.9324963487028795,-3.9916708555946325,-4.023562609351464,-4.030429568925921,-4.017247849564316,-3.990361694655659,-3.9561124616507457,-3.9196718952641922,-3.8842529675822153,-2.7811313153817276,-2.757554121479247,-2.7326477062144163,-2.704046902819998,-2.6696338207766566,-2.628159607869226,-2.579664443970392,-2.5256104007486,-2.468698285188495,-2.412402166952215,-2.360312330215464,-2.3154179369925108,-2.2794766187409308,-2.252605882581025,-2.2331922696513944,-2.2181553587918357,-2.20353559316434,-2.185310118002785,-2.160291612559028,-2.1269411303184262,-2.0859324668710815,-2.0403423574198163,-1.9954021809904967,-1.957822571177922,-1.934779346635466,-1.932713873761702,-1.9561415946737133,-2.006671166208319,-2.0824110001615144,-2.177883398163952,-2.284487753906499,-2.3914662243458884,-2.4872424467927843,-2.560940251332307,-2.603855809977677,-2.610659282169183,-2.5801407893762485,-2.515384477755617,-2.42334244683346,-2.313873150334664
-2.5226187921969525,-2.523688833761684,-2.512164345844149,-2.48965845682876,-2.4597598939166385,-2.427341945125717,-2.397607896969055,-2.3750491760622516,-2.362510146655063,-2.360536453013246,-2.3671348272339845,-2.3779999310914643,-2.3871807404031635,-2.3880798260877567,-2.3746176316822107,-2.3423614127881147,-2.289420814476621,-2.216948994554355,-2.1291535824906282,-2.032804432028945,-1.9363108519214065,-1.8485149579016669,-1.7773971336527326,-1.7289056930362243,-1.7061028078587617,-1.7087659673124589,-1.733507717648529,-1.7743893716513621,-1.8239217924166184,-1.8742824735013133,-1.9185439003439049,-1.9517093117746278,-1.9713879843093631,-1.978006412355012,-1.9745327234910997,-1.9657750232711046,-1.957385606435289,-1.9547500508411773,-1.9619556517302055,-1.9810157606060195,-2.0114795084981965,-2.0504890507504645,-2.0932707089584737,-2.133974693497701,-2.1667214868292524,-2.1866794500499354,-2.1909919800487576,-2.179393949876122,-2.1544031760145304,-2.121037452593237,-2.0860831911816713,-2.0570179731691076,-2.040755091133449,-2.0424217774332547,-2.0643939319004505,-2.1057820399155442,-2.162495086439437,-2.227909213733092,-2.294051683263673,-2.3531008971737597,-2.3989244469300517,-2.428350225285847,-2.4419016399326496,-2.4438240596797463,-2.9645185815077286,-2.9670447221855056,-2.98583845263006,-3.0294538947171215,-3.102460921412326,-3.20436975927988,-3.3294587363959165,-3.467524943965116,-3.6054009943151466,-3.728944567003035,-3.8251363144092227,-3.8839248292058044,-3.8995270692380384,-3.8710085144488504,-3.802102637298099,-3.7003575278758927,-3.5757977828309997,-3.4393494599978442,-3.30129114697493,-3.1699683712974926,-3.0509500413333193,-2.9467254536258665,-2.856950829862092,-2.779167568008796,-2.7098418629484256,-2.6455269417212026,-2.583932076402927,-2.5247000990450865,-2.4697457150271056,-2.423083479237686,-2.3901650106010965,-2.376834809919985,-2.3880871445225047,-2.4268493061445002,-2.4930204640053724,-2.5829584074093526,-2.6895341495472764,-2.802778652862306,-2.9110433245470415,-3.0025044416210838,-3.0667776042975694,-3.096383324325554,-3.0878238017682067,-3.042091038832953,-2.964517702622911,-2.863989144827865,-2.7516395096353388,-2.6392390943283055,-2.5375297247531616,-2.4547714708446495,-2.3957265431478088,-2.3612312153605686,-2.3484070516551054,-2.351455681855934,-2.3628851632712187,-2.374946935522165,-2.3810320807067207,-2.3767888587505315,-2.3607775523181957,-2.334563734176903,-2.3022520525085444,-2.2695617403405244,-2.242624959088834,-2.226735911130927
-2.277576716067752,-2.1874023172309607,-2.078419853663154,-1.9624468748899961,-1.8516226537968392,-1.7568050608140808,-1.6862079288530705,-1.6444789118148782,-1.632345187888487,-1.6468619060541654,-1.6822013685629056,-1.7308356118235595,-1.7849052981776736,-1.8375432888927334,-1.8839355794077854,-1.9219525218776736,-1.952260490218037,-1.9779149450806204,-2.0035246631575085,-2.03414865384207,-2.074130020747917,-2.126077857273113,-2.1901785459807357,-2.2639571991932272,-2.3425293318527287,-2.419296430657012,-2.486961950945,-2.538689725923674,-2.569204014860732,-2.5756429833350842,-2.5580225900559923,-2.519237227601226,-2.4646044409748558,-2.401039171115585,-2.3360045385398163,-2.2764207169996427,-2.227715540127938,-2.1931706674597,-2.173661612962629,-2.1678192452807297,-2.1725672633999156,-2.1839271962224593,-2.197939819816902,-2.21153570397977,-2.223199418585796,-2.2333088748830776,-2.244086990273306,-2.259168754213531,-2.282853233829778,-2.3191674789969765,-2.3709088403554888,-2.4388466202884302,-2.521248459629677,-2.6138503673341473,-2.71031576486892,-2.8031380845826557,-2.8848485767610867,-2.949314859773552,-2.9928751610309776,-3.0150621542621705,-3.0187334586019348,-3.009535569136106,-2.994764241750618,-2.9818183155935234,-3.614375375837987,-3.620771003220448,-3.6387558461801577,-3.662254164589599,-3.6811357689012403,-3.68288677435661,-3.654844518318275,-3.586589027643556,-3.4720551465908622,-3.3109871578370536,-3.1094849094482546,-2.8795571224379795,-2.637768509079841,-2.403210613617928,-2.195119525494803,-2.0304970479254876,-1.9220678948238825,-1.8768354705017174,-1.8953990819966382,-1.9720833503158972,-2.0958216912010337,-2.2516425367125112,-2.4225386588046187,-2.591462601768882,-2.7431878656328434,-2.8658058710963497,-2.9516889403473376,-2.9978316692243943,-3.005575709741644,-2.9798123886084547,-2.9278297754376923,-2.8580140577017588,-2.7786222651071344,-2.696813631697717,-2.6180659718804087,-2.546022908395345,-2.4827327988304564,-2.429166702680932,-2.3858543724438346,-2.3534628122634422,-2.3331636583741586,-2.3266887954583733,-2.3360475190213617,-2.362958506168474,-2.4081199908212865,-2.4704877648418617,-2.5467432832082926,-2.631109837904024,-2.715617028897341,-2.790832524203401,-2.8469899274268085,-2.875359072682886,-2.8696459164273294,-2.8271852701172127,-2.7497067804046016,-2.6435114885785946,-2.518984554422263,-2.389475110357289,-2.2696791277653503,-2.1737476534556532,-2.1133955707263605,-2.0962953392723285,-2.1250033595891065,-2.1965888439017283
-1.5588445846841936,-1.4817504308435279,-1.4378280510873767,-1.4347711130201741,-1.4760176507173215,-1.5601569442246204,-1.6809998812488933,-1.8283019758545516,-1.9890294982911028,-2.14897872585017,-2.294508842410903,-2.4141379521135438,-2.4997800775043744,-2.547463428486969,-2.557455702041021,-2.533816175529335,-2.4834812875526997,-2.4150562350478313,-2.33751974562424,-2.2590480528990176,-2.186128859525203,-2.123074150818796,-2.0719639216619616,-2.032975216768185,-2.0049860875188843,-1.9863031625403,-1.9753509329801184,-1.971181320304082,-1.973708678810213,-1.983638438166385,-2.0021246043061356,-2.0302492972661046,-2.068455332434116,-2.1160734648816484,-2.1710675291041626,-2.2300771101024344,-2.288777149528272,-2.3425086628244167,-2.3870769439962105,-2.4195740949069786,-2.4390686979270937,-2.447019469751997,-2.447309377791334,-2.445855393853263,-2.449817497943619,-2.466498376078874,-2.5020826031196126,-2.5604026535590902,-2.6419327137644726,-2.743196360975372,-2.856729926723098,-2.9716722896958587,-3.074960432560256,-3.153009288511671,-3.1936593346280393,-3.1881038684490832,-3.132477384713825,-3.0288098754943453,-2.885133254902919,-2.7146574913364896,-2.534094887087883,-2.3613710423455925,-2.2130865233076467,-2.102154679051517,-2.4723115027382683,-2.4477215160214407,-2.4726035321277458,-2.534510771562378,-2.6170643480756794,-2.702708879828648,-2.7754538534455993,-2.8231364590143317,-2.8388619263337187,-2.8214530903862283,-2.7749318653864314,-2.707222460719089,-2.628380155095753,-2.5486956173339737,-2.4770039831549315,-2.4194535841489566,-2.378882205748403,-2.35483171104231,-2.3441248546335536,-2.3418458632266437,-2.3425174532152284,-2.341254236735759,-2.3346940559597,-2.3215590890570748,-2.3027690969674977,-2.2811092422893893,-2.260532512203184,-2.245239880129209,-2.2387195533935573,-2.2429330694964658,-2.257808762160518,-2.2811462162589544,-2.3089583337635204,-2.3361942174083903,-2.3577116205299777,-2.3693163920079865,-2.3686683767015526,-2.3558727853356256,-2.3336303192087877,-2.3068989442077563,-2.28211085745495,-2.266073260746855,-2.264745157148397,-2.2821122877497615,-2.3193722291291152,-2.374592439175422,-2.4429236269729713,-2.5173529567858064,-2.5898834035278484,-2.652944592986585,-2.7007915317995663,-2.730640258900718,-2.7433260282632252,-2.7433449208998186,-2.738241692217051,-2.737418239265151,-2.75053936735713,-2.7857878251010315,-2.8482554323480893,-2.938744768092201,-3.053197427272825,-3.182869204044799,-3.315254990508281,-3.435645818694634
-2.5779818977270383,-2.5859245919501372,-2.6043467963324467,-2.6318683574208266,-2.664459535195846,-2.6961644578622805,-2.720158310398804,-2.7299534829627707,-2.7205474542861623,-2.6893185023592023,-2.6365216612529156,-2.5653082443719,-2.481275132222531,-2.391630340183368,-2.3041252124185756,-2.225940041447194,-2.162713013757031,-2.1178720780326548,-2.092371458326872,-2.0848597404527482,-2.0922283005226734,-2.110421361737783,-2.135344193267107,-2.1636917948898273,-2.193539193618843,-2.22458260885873,-2.257989305641233,-2.2958903217606084,-2.3406203500892344,-2.3938599071015307,-2.455857011821213,-2.524894644791974,-2.5971279992002057,-2.666849468318827,-2.7271613155723218,-2.770960124631445,-2.7920770929339085,-2.7863847392612717,-2.752679491937308,-2.69318091409159,-2.6135463633715696,-2.522374658451616,-2.430251472171393,-2.348460280610303,-2.287535348554535,-2.2558603729296425,-2.2585148998406273,-2.296541068443393,-2.3667493209261776,-2.462109601309092,-2.572692365244204,-2.687041255645516,-2.7937877521760313,-2.8832692431430877,-2.9488965637819944,-2.9880424954758604,-3.002290365058945,-2.996984857989004,-2.980149834911743,-2.9609577095892647,-2.9480264638763995,-2.9478615095257905,-2.963737553632381,-2.9952313260007415,-3.689589268185127,-3.7486613986732555,-3.8051846253972172,-3.8505699548553314,-3.8784250661373023,-3.885717543095037,-3.8732023542778746,-3.8450634429960737,-3.807882176334107,-3.7691743688340003,-3.7358079755500193,-3.7126159794219986,-3.7014597592068035,-3.7008956850673824,-3.7064764247571027,-3.7116029848859253,-3.708753409284819,-3.690861195802783,-3.6526047160689097,-3.5913953207341036,-3.5079087657018473,-3.406081754385623,-3.292581177287513,-3.1758362445392665,-3.0647919384773656,-2.9675863568491394,-2.89036754686629,-2.8364442942871144,-2.8059120062349345,-2.7958166852912774,-2.80082916047245,-2.8143133596347947,-2.829602055365353,-2.8412542839077664,-2.846068498022523,-2.8436655802453297,-2.836529904749297,-2.8294921284387975,-2.828737593048626,-2.8405112659599605,-2.869748281435698,-2.9188775899412605,-2.987021158005656,-3.069746436788157,-3.159436316221508,-3.2462345280775278,-3.3194238336202218,-3.369016860975309,-3.3872987749442407,-3.3700644195047307,-3.3173399488049684,-3.2334624732252912,-3.1264968668028716,-3.007078737418073,-2.8868679931365415,-2.7768622051452776,-2.6858420336999087,-2.619198413752725,-2.578326833624488,-2.560678840871041,-2.5604510639216183,-2.5697861872938415,-2.580276358315049,-2.584511523936282
-2.1977998755988692,-2.206301384591374,-2.212171129712021,-2.2089193677138974,-2.191099400616089,-2.1554454736401203,-2.1016961049114107,-2.0329461057571385,-1.9554457386197808,-1.8778562963455683,-1.8100626755355131,-1.7617198139427879,-1.7407581149096805,-1.7520847704618507,-1.7966908889341848,-1.8713127146257695,-1.9687090010386585,-2.07851991267136,-2.1885815849210264,-2.286499640173783,-2.3612460625423286,-2.4045430156910634,-2.411834200617887,-2.382712638590979,-2.320761621215754,-2.2328581611958436,-2.128070193211578,-2.0163366598529247,-1.9071444366066796,-1.8084045858701585,-1.725685763398339,-1.6618934787127695,-1.6174031186768312,-1.5905766658360467,-1.5785314440800076,-1.577994224867906,-1.5860707399865634,-1.6007882981925263,-1.6213214859032379,-1.6478773929960266,-1.681284955790971,-1.7223906996721317,-1.7714007080852558,-1.8273202906649002,-1.8876273383137088,-1.948275751743326,-2.004067982114129,-2.04936919121899,-2.0790694657435744,-2.0896447131561144,-2.0801305325767814,-2.052814262138365,-2.0134737607140147,-1.9710484744609644,-1.9367146352917488,-1.9224412282538972,-1.9392096695652334,-1.9951669419651126,-2.0940281814692083,-2.2340344910088943,-2.4076993835004132,-2.6024505769598334,-2.8021144119627013,-2.98902952677792,-3.8206885100048886,-3.9595780510675755,-4.035808455323161,-4.046225942992316,-3.994961172074887,-3.892362061009008,-3.753056679859135,-3.5935298154575714,-3.429658429710185,-3.274623591624656,-3.13751262183959,-3.022772966453403,-2.930513318471675,-2.857500607642412,-2.7985981006723617,-2.748342399415445,-2.7023658593428745,-2.6584265202892685,-2.6168949134119424,-2.5806489942129933,-2.554428809533466,-2.543787831939733,-2.5538380325014933,-2.588014126763837,-2.64707616477766,-2.7285298978281425,-2.8265765543658556,-2.932617360194015,-3.0362462614294627,-3.1265814907927543,-3.193726895561235,-3.2301281777670967,-3.2316028130404417,-3.1978740559478585,-3.1325208807403904,-3.042353139098605,-2.936317680582707,-2.8241196600701413,-2.7147898200383365,-2.6154349192831545,-2.5303736034608892,-2.460790171407484,-2.40494639781497,-2.358893287900277,-2.317537809356049,-2.2758595898276472,-2.2300497637745478,-2.1783624042451764,-2.121524764117696,-2.0626356865421833,-2.006576986931648,-1.9590531488714364,-1.9254439888308759,-1.9096904895049591,-1.9134292575583023,-1.93554670012052,-1.972247806790599,-2.0176398925719443,-2.0647357056480025,-2.1067002381039663,-2.138116039415441,-2.156032184049373,-2.1605946657242394,-2.1551257925760887
-2.0144424166949877,-2.123966688123891,-2.2257203730122637,-2.3095757515346222,-2.3684652800959443,-2.3991529052611242,-2.402406039153699,-2.3825676042577064,-2.3466220573218806,-2.3029259244072002,-2.2598199420492135,-2.224349467830848,-2.201291796632037,-2.1926291295802156,-2.197525178203318,-2.2127760237022422,-2.2336269577827386,-2.254789863283018,-2.2714694432782023,-2.2802148898940273,-2.27945390471059,-2.269630283081897,-2.2529424408420073,-2.2327543252115225,-2.2128087924259576,-2.19640644462713,-2.185714609259464,-2.181341881078775,-2.1822593468818554,-2.1860807228676253,-2.18964318895852,-2.1897719137057488,-2.1840750687003916,-2.1716091815067498,-2.1532781097866884,-2.131878192195908,-2.1117679286764663,-2.098210599353614,-2.096499697269615,-2.1110189109208566,-2.144403447490647,-2.1969554929503308,-2.266426389068654,-2.34821872011614,-2.4359926919340436,-2.5225936276541816,-2.6011611010024374,-2.6662433657635485,-2.714729043576133,-2.746424460233883,-2.7641495307743003,-2.773294281257446,-2.780864732256367,-2.7941396568075016,-2.819143770713832,-2.8592014063260764,-2.9138519702905468,-2.9783739097562627,-3.0440760115841012,-3.0993838275798207,-3.1315967159430738,-3.1290476164833985,-3.083295462179965,-2.99094540782185,-3.4664674469747307,-3.25874122142458,-3.026098515621184,-2.7902445741829096,-2.5742412177112466,-2.3993342298246576,-2.2820708310640283,-2.232168573316076,-2.2514459406558642,-2.333925974316069,-2.4670201613259484,-2.6335303193016117,-2.8140993610649367,-2.989709578689561,-3.143865209578864,-3.2641878052743505,-3.3432748425037184,-3.378799795432249,-3.372944986933408,-3.331342700082056,-3.2617478399843467,-3.1726755091612233,-3.0722125036395855,-2.9671596595681415,-2.862591315659175,-2.761839700750158,-2.6668374277156546,-2.5786917604900963,-2.498329354788725,-2.427045683131129,-2.366820379705994,-2.3203137719345452,-2.290531233458606,-2.280217362383018,-2.291106737859196,-2.3231990286819877,-2.3742345524993578,-2.4395190862331724,-2.512187676601722,-2.583916505881066,-2.646004118728762,-2.690664925687652,-2.712324083053716,-2.708684776429138,-2.681361587263432,-2.6359347418602828,-2.581370376657882,-2.5288567420826165,-2.4902077347323024,-2.4760655644168357,-2.4941791454914224,-2.5480351152719245,-2.6360727815976994,-2.751629124221701,-2.8836483964086255,-3.01807077820125,-3.139705552201634,-3.2343144902162844,-3.2905940269197047,-3.301756905651019,-3.2664737853570704,-3.189033394971852,-3.0787004664476036,-2.94837438549596
-1.6660614907797133,-1.7127639910234786,-1.7463455218719093,-1.765204262752641,-1.7701015569347411,-1.7637383822734627,-1.7500388019244992,-1.7332847461592582,-1.7172662280814637,-1.7046012687816932,-1.6963428301332517,-1.6919330873200968,-1.6894989920830394,-1.686419362258995,-1.6800441181026387,-1.6684195391174994,-1.6508741043055388,-1.6283471915099792,-1.6033923636893357,-1.5798489784679455,-1.5622390030288873,-1.554998600869088,-1.5616865882806656,-1.5843181970931928,-1.6229514342725904,-1.6756084029204101,-1.7385532981548042,-1.8068833896856205,-1.8753310763422133,-1.9391347656763007,-1.9948214457485476,-2.0407573545837914,-2.0773629365370807,-2.1069473287342615,-2.133185429347759,-2.1603250353727357,-2.1922611013836253,-2.23164010772397,-2.2791553989541056,-2.333164753711741,-2.389709721361501,-2.4429513316570657,-2.4859693703367562,-2.511813074216731,-2.514648535853829,-2.49082806023433,-2.439711566118749,-2.3640991002202254,-2.270183233590509,-2.166995047431233,-2.065390364855658,-1.9766950794044051,-1.9111898532329994,-1.876654591231518,-1.877202408755109,-1.9126049331826767,-1.978244946044647,-2.0657352942889653,-2.1641292742091385,-2.261538080911029,-2.346888431225732,-2.4115179821732675,-2.4503289418675074,-2.4623000678890854,-2.4502794400826264,-2.4201196654644277,-2.379343344097307,-2.3356120853400695,-2.295299020150432,-2.262428492673212,-2.2381580005814805,-2.2208585575426705,-2.206728022317623,-2.190773580319938,-2.1679429040223943,-2.1341759248754686,-2.087186613144611,-2.026853807137621,-1.955184431534815,-1.875893735598932,-1.7937112814434863,-1.7135596206760852,-1.6397620485262447,-1.5754186030043826,-1.5220511500349816,-1.4795665334765853,-1.4465297718463772,-1.4206855488288848,-1.399623506835412,-1.3814575010582217,-1.3653852582427142,-1.3520141176485683,-1.3433784855744857,-1.3426294596360422,-1.3534379057773784,-1.3792085290284875,-1.4222437338350669,-1.483014021465971,-1.559681878990303,-1.6479890486719717,-1.7415582463668975,-1.8325895403253067,-1.9128609508906884,-1.9748849714834704,-2.01303828766032,-2.0244777397170943,-2.009683135209665,-1.972522959748832,-1.9198135501874911,-1.8604236545643411,-1.804050931438332,-1.7598522301400013,-1.7351359640239985,-1.7343178232138723,-1.7583013415256157,-1.8043787705279155,-1.8666660746986794,-1.9370020135752926,-2.0061689577508357,-2.065244095141499,-2.106871905291064,-2.1262648682727825,-2.1217863374051618,-2.095039235745058,-2.0504649185138124,-1.9945346726012079,-1.9346790033519337,-1.8781369740550586
-2.3495887830369244,-2.266568570382571,-2.167026857551608,-2.060047692103317,-1.955171778393923,-1.8611819107381027,-1.7850609922626977,-1.73127488654401,-1.7014745755539278,-1.6946398654353014,-1.7076127071462261,-1.7359048069953875,-1.7746223263404441,-1.8193370069015595,-1.8667498954215689,-1.9150375596438256,-1.9638331893649466,-2.013864927224602,-2.0663386040944727,-2.1222001702603133,-2.181435936048645,-2.2425622032144985,-2.3024211522941664,-2.3563431492569267,-2.398667084043688,-2.4235422462684957,-2.4258798577053797,-2.402289803653574,-2.351834427043274,-2.27645745789653,-2.18099792173559,-2.072767305666697,-1.960741456892421,-1.8544838620617554,-1.7629627444004423,-1.6934429263785333,-1.650621624128087,-1.636137618889729,-1.6485227844706007,-1.6835943410249834,-1.7352174332145482,-1.7963118500810835,-1.8599423433244835,-1.9203235305040673,-1.9735879309795656,-2.018205534577563,-2.0549988457435187,-2.086760363220801,-2.11754125470192,-2.1517322548859616,-2.193093218096409,-2.2439004590920875,-2.30436736287594,-2.3724531829253057,-2.44411103404122,-2.5139471534221762,-2.5761824225629413,-2.6257397366163886,-2.65924285811606,-2.6757157278635604,-2.6768198945718367,-2.6665556259274945,-2.6504630329305385,-2.634469541582499,-2.623613729403629,-2.620911949167576,-2.6266127138063715,-2.638007612319456,-2.6498530036319057,-2.6553296835017832,-2.6473567412995065,-2.6200051276329432,-2.5697400440586438,-2.496260093750232,-2.402783812770408,-2.295740798989618,-2.1839321803484397,-2.077313096036235,-1.9856042296010699,-1.916954620309483,-1.876856277508789,-1.8674606296136755,-1.8873786991482353,-1.9319727694424487,-1.9940776254887298,-2.065032542555596,-2.135867071991304,-2.1984680499514275,-2.2465635140335984,-2.2763902022962217,-2.2869611083835544,-2.279911494753751,-2.2589668887520866,-2.2291348295804734,-2.1957638966662345,-2.163631498899422,-2.1362125338216367,-2.115245572466286,-2.100657674571425,-2.0908430691117768,-2.083226571277661,-2.074991429529047,-2.0638226493058256,-2.048515972145144,-2.0293297649943742,-2.008007135983963,-1.987459464352966,-1.9711684932214693,-1.962420044592861,-1.9635179089758108,-1.975134810206497,-1.9959366778826022,-2.0225701118228963,-2.050038870619015,-2.072424684893674,-2.0838431946345564,-2.079478933411886,-2.056522661794,-2.0148441166491153,-1.957272258057259,-1.889417118057401,-1.8190420782631118,-1.7550702128447875,-1.7063704762273089,-1.6805082994189042,-1.6826538086980571,-1.7148177177154023,-1.7755336967342927
-1.6551405166219457,-1.6427706827423747,-1.6561888035069834,-1.6993394302494251,-1.772545138635365,-1.8722113014804902,-1.9910882822578782,-2.1190595196223274,-2.244343059583661,-2.3549313874662747,-2.4400598819525063,-2.491493090150214,-2.504449976057723,-2.4780485521587687,-2.415226686395348,-2.3221765713154126,-2.207402097877644,-2.0805597462520717,-1.9512668492556813,-1.8280534064116307,-1.7175975521098048,-1.6243276027315174,-1.5504060204621886,-1.496044798772763,-1.4600491646755236,-1.4404558720612077,-1.4351282901976556,-1.4421925931911803,-1.4602424694093608,-1.4882949730515378,-1.5255364492133463,-1.570943899995699,-1.6228948056142305,-1.6788820785599854,-1.7354299926484633,-1.7882657997720817,-1.8327483960789785,-1.864500155030062,-1.8801414742366171,-1.8779984758168586,-1.8586480774516572,-1.8251825166875562,-1.7831143770224251,-1.7398968739701506,-1.7040942271459878,-1.6842944416529926,-1.6879035522526,-1.7199897359563663,-1.7823530707139885,-1.872979689475738,-1.9859975909896947,-2.112188089164962,-2.240027722044238,-2.3571499159128835,-2.4520366638599764,-2.5156927706692844,-2.5430330665852248,-2.5337365127715006,-2.492392738953663,-2.427878570987116,-2.3520365064010074,-2.277858215303509,-2.217475969251564,-2.1803098305579973,-2.1716956752557746,-2.1922307726134087,-2.2379370535457626,-2.3011862528755658,-2.3721893046733653,-2.4407545971366806,-2.4979850239936865,-2.537616244468949,-2.5567870466198577,-2.5561546069129224,-2.5393949941657064,-2.5122364769123124,-2.4812414561413547,-2.452574006750317,-2.430966449372213,-2.419040630825049,-2.417062659814729,-2.4231293602502,-2.4337139986494347,-2.444447305774529,-2.4509824992624845,-2.449791063008357,-2.438757421450319,-2.417480872875418,-2.3872458198600612,-2.350678662377102,-2.311163162179838,-2.272127311947289,-2.2363368377815727,-2.2053292258977457,-2.1790971286538356,-2.1560848873895004,-2.1335042480117217,-2.107915319342564,-2.075967444437678,-2.035161682178378,-1.9844886247146987,-1.9248143854158428,-1.8589308505195554,-1.7912462135230718,-1.727157700030214,-1.672208257015531,-1.6311717472077012,-1.607228719575374,-1.6013834303742014,-1.6122339342726946,-1.636147171383827,-1.6678203246715122,-1.701140674307195,-1.7302010101462626,-1.750296411377282,-1.7587268544664116,-1.7552595154033597,-1.742160280236375,-1.7237767155190045,-1.7057323090881602,-1.6938608722251187,-1.6930585498969557,-1.7062502113803264,-1.7336532589813725,-1.7724768514568403,-1.8171252859872369,-1.8598920961093008,-1.8920498840867392
-1.9080082043780886,-1.8450686651742083,-1.7935353778170158,-1.755758580534225,-1.731503562718753,-1.7183602114344103,-1.7124701796951571,-1.7094251662771502,-1.7051691202421848,-1.696746256395799,-1.6827730175183904,-1.663568292468522,-1.6409417213356214,-1.617702813884963,-1.5970026400204353,-1.5816465086933993,-1.573516022851881,-1.5732127858553833,-1.5799891888505098,-1.591973209026258,-1.606635128319054,-1.6213956884695389,-1.634246559268422,-1.6442505539850403,-1.651811533554047,-1.65864831159095,-1.667464900889701,-1.681370285951658,-1.7031530596472864,-1.7345496762055914,-1.7756530350244202,-1.8245885369645045,-1.877540646175447,-1.9291519404808364,-1.973249473591735,-2.003792085103851,-2.0158881697741005,-2.0067143948426227,-1.9761754570002381,-1.927181637328047,-1.8654784241423512,-1.7990312613933515,-1.7370374915726376,-1.688696243143557,-1.6619069654308827,-1.6620833150534717,-1.6912593814110293,-1.7476311831767821,-1.8256218887304245,-1.9164901863538932,-2.0094251385260367,-2.0929966234516804,-2.156768202743501,-2.1928395112334402,-2.1970775547716306,-2.169826883996103,-2.115958030898694,-2.04421479064703,-1.9659388542497367,-1.8933636919704844,-1.8377549855914204,-1.8077121010229624,-1.8079226613440889,-1.838581492527764,-1.8955608899655902,-1.9712768993384566,-2.0560666259338083,-2.1398024098559505,-2.21343841180675,-2.2702181235180703,-2.3063572349069337,-2.321133333338904,-2.3164347448997757,-2.2959195906670744,-2.263994407191381,-2.2248319552069193,-2.1816138146238577,-2.136117492652207,-2.08868713119593,-2.038548756981111,-1.9843692968564222,-1.9249218823227328,-1.8597112023104987,-1.789429876815408,-1.7161545932876257,-1.6432416043735538,-1.5749367662283595,-1.5157671966728121,-1.469822118427246,-1.4400532051846908,-1.427725695987855,-1.4321296758589646,-1.4506188371700737,-1.4789879590363104,-1.5121394184177903,-1.544933948939999,-1.5730819022099172,-1.593916392407853,-1.6069028368794924,-1.613779466976529,-1.6182842840943208,-1.6254955281831924,-1.6408825648804632,-1.669219668010186,-1.7135461663129872,-1.7743566288191748,-1.8491732512993402,-1.9325939664205245,-2.0168334148767766,-2.0926923890536475,-2.150818385661844,-2.1830679200980625,-2.18375932012094,-2.150616936297232,-2.085252505922612,-1.9930997575339175,-1.8828029178347898,-1.7651448403630408,-1.6516721549197557,-1.5532214767881989,-1.4785647989919262,-1.4333715950118073,-1.4196334857897055,-1.4356232710256733,-1.476375996528574,-1.534599354310417,-1.6018571113844828,-1.669832479065344
-1.6641263207678072,-1.6757935876571706,-1.6881399608036298,-1.6969949751769855,-1.698808921362187,-1.6914391563309836,-1.6747122847286795,-1.6506487089931932,-1.623294481896923,-1.598174713108117,-1.5814507721285078,-1.57891812917914,-1.5950130901363722,-1.631999122876958,-1.6894761930730489,-1.7643039785568408,-1.8509609098366577,-1.9422875010101366,-2.0304970684088723,-2.1082910245401116,-2.1698975060217256,-2.2118644443518467,-2.2334792988579735,-2.2367505384029664,-2.225959794178508,-2.2068657013877946,-2.1856983801311176,-2.168117305979778,-2.158309221436832,-2.158376196491805,-2.1681117434470396,-2.1851942998607776,-2.20575452708428,-2.2252085190122735,-2.2392043441551035,-2.244511900725951,-2.2396984508431412,-2.225471683543691,-2.204631290713107,-2.1816381626539396,-2.16187559540866,-2.150728530564074,-2.152636834970204,-2.1702829556563525,-2.204053183140524,-2.2518691902505656,-2.309429155171692,-2.3708338058232137,-2.4295107695215097,-2.4792989973532418,-2.5155212296138325,-2.535862575311261,-2.5408912628426754,-2.5341042519017978,-2.521452076660356,-2.510385236601593,-2.508554885362281,-2.522376362725175,-2.5557079801699993,-2.6088961471397627,-2.678386316450035,-2.7570031235399197,-2.834879337720476,-2.9008868251288513,-2.944321246194776,-2.956539073710411,-2.9322537235606387,-2.8702660441050014,-2.7735179035844384,-2.64849059205616,-2.504092805543934,-2.3502701847206757,-2.1966034156395713,-2.051141290937932,-1.9196479645657138,-1.8053481544464627,-1.7091523969075026,-1.6302572133656317,-1.5669570256760577,-1.5174828000877283,-1.4806958956306349,-1.4565076067569063,-1.4459550811002608,-1.4509312525686577,-1.4736295107914148,-1.5158142249884683,-1.5780594949349065,-1.6591067353121636,-1.7554758141326794,-1.8614263633351966,-1.9693105663351158,-2.0702940664284615,-2.15535755957986,-2.216438755548242,-2.247542244453879,-2.24563999677838,-2.211209962571765,-2.1483116139274783,-2.0641675223954423,-1.96829776620964,-1.8713260394082327,-1.7836303798901412,-1.7140379689131753,-1.6687576631818506,-1.6507065317928198,-1.6593238479188477,-1.6908882508423417,-1.7392741902919997,-1.797015593044562,-1.8564992232120232,-1.9110947678049173,-1.9560454257693622,-1.9889883793166407,-2.0100407809408596,-2.0214621831924706,-2.0269756688597433,-2.0308851669297208,-2.0371563704672107,-2.0486286164635943,-2.066495626349456,-2.090139839705359,-2.1173379807312145,-2.1447865878918613,-2.16883781383351,-2.186298195885338,-2.1951328606159737,-2.194936400152095,-2.1870759050181974
-1.7162789068242064,-1.7798539893257148,-1.8433266617004809,-1.9001213150285685,-1.9456580065201814,-1.9778340343103669,-1.9970573728436123,-2.0058498908720632,-2.008110627092329,-2.0081844575021424,-2.0099101734383016,-2.0158198799046048,-2.0266296688597754,-2.0411058149410337,-2.056321408066319,-2.068247737313194,-2.0725652917697013,-2.0655412592664932,-2.044810308502883,-2.0099146828070626,-1.9625044745177675,-1.9061611565090286,-1.8458757806578543,-1.7872754639740374,-1.735736788455516,-1.695544582146382,-1.6692457966560146,-1.6573125492978398,-1.658172370797229,-1.6685974495018763,-1.6843801592788703,-1.701171017351322,-1.7153265959689732,-1.7246138384326657,-1.7286437045774425,-1.7289560925683696,-1.7287405239497842,-1.7322418078472088,-1.7439553285651215,-1.76775319895003,-1.806094387944251,-1.859457679226747,-1.9260990477716156,-2.002181465277314,-2.0822641574175416,-2.160079402133409,-2.229476705620961,-2.2853834305796057,-2.3246221642534772,-2.3464402761548695,-2.3526455912576782,-2.3473004578898156,-2.3359982199754974,-2.3248215592051777,-2.319149052597115,-2.3225211024515584,-2.335786967913626,-2.356723316507845,-2.380241478574331,-2.3991948412947375,-2.4056780762392154,-2.392600746626509,-2.3552446285892894,-2.29249648347051,-2.2074943455389406,-2.107529388858734,-2.003186819572821,-1.9068580657196113,-1.8308804016531004,-1.7856321994038682,-1.7779175358668535,-1.8099136387063086,-1.8788439998700124,-1.9774044299296865,-2.094837773877373,-2.218450810040089,-2.335310510342467,-2.4338515538883954,-2.5051672626803225,-2.543828754659561,-2.5481652724700257,-2.520025905771301,-2.464116087463901,-2.3870527624466162,-2.296306181740852,-2.1991940371539345,-2.102068291410997,-2.0097918772092833,-1.9255482494757015,-1.850969409041189,-1.7865157297359386,-1.7320015449613102,-1.6871402770237975,-1.6519854995218068,-1.6271696389675014,-1.6138859668120626,-1.613614434693404,-1.6276477063356172,-1.6565197976006665,-1.699466862822262,-1.754051966018156,-1.8160618014066858,-1.8797368696277335,-1.9383355488264293,-1.984967780567948,-2.0135776783376595,-2.0199170327028204,-2.0023410232784444,-1.9622764297089017,-1.9042590048699284,-1.835503251833186,-1.7650437095579545,-1.7025591921921037,-1.6570477526569711,-1.6355504529195832,-1.6421205757044215,-1.6772012616440248,-1.7375137039208153,-1.8164796367232776,-1.9051186326931429,-1.9932863273889325,-2.0710663935014875,-2.130105719180861,-2.1646926731334024,-2.172420813968088,-2.154347841456458,-2.1146407752563863,-2.059779824568166
-2.472906759751292,-2.5403041835202114,-2.577520735747221,-2.5789929543533847,-2.5429940145299383,-2.471866021450324,-2.371694833886929,-2.251486866326556,-2.121981341408144,-1.994282664327717,-1.8785181952291552,-1.782714137990861,-1.7120395280310383,-1.6685033218133385,-1.651113817617816,-1.6564360274201333,-1.6794233984020257,-1.714364868115739,-1.7557816847230971,-1.7991306492083468,-1.8412163477762964,-1.8802754417703367,-1.915759755019752,-1.9479000864333262,-1.9771695643407492,-2.0037777108593247,-2.027312612836022,-2.0466119918922607,-2.0598920393037528,-2.0651059327468206,-2.060453136253793,-2.044925815927269,-2.018766789136475,-1.983726780068426,-1.9430449522581672,-1.901128933998318,-1.8629690013646631,-1.8333747472767394,-1.8161614145200757,-1.8134299082583738,-1.8250762179279802,-1.8486339429543819,-1.8795031971573566,-1.9115585191717022,-1.9380669191174027,-1.9527939088992508,-1.9511378630499123,-1.931116733880047,-1.894038980319495,-1.8447231020590007,-1.7911854146786,-1.7437888888308701,-1.7139291176583624,-1.7124156998734823,-1.747774963176714,-1.8247387280036702,-1.9431816298545208,-2.0977199422301394,-2.2780901823842123,-2.470298629977712,-2.6583951370167993,-2.8266036532815626,-2.961464615327067,-3.0536303177955646,-3.0990102198846587,-3.0990798207971304,-3.0603209458981735,-2.992920620193295,-2.9089864813278363,-2.820612141474959,-2.7381325437620783,-2.668849649658027,-2.616399694381312,-2.5808011299962805,-2.5590960454270393,-2.5464016980249298,-2.5371378686803525,-2.5261938208281527,-2.5098391886659686,-2.486252555664113,-2.455623272848946,-2.41986051361031,-2.382006451958703,-2.3454902394612436,-2.313373244808854,-2.2877248149894154,-2.2692355722476396,-2.2571280292888893,-2.2493695595771825,-2.243138756204925,-2.2354512147481937,-2.2238220457101923,-2.2068350628137354,-2.1845044709084336,-2.1583519488368537,-2.1311743384555117,-2.1065356558626904,-2.0880711935616234,-2.0787308170722607,-2.0801052871911754,-2.0919696609042795,-2.1121425097480935,-2.1367046326245545,-2.1605557593502884,-2.1782241892412526,-2.184794114957736,-2.1767881018418453,-2.152843434761031,-2.114051391976472,-2.06388333642739,-2.007697743775789,-1.9518959058731744,-1.9028581984377695,-1.8658360132112448,-1.8439886725068815,-1.8377366803178188,-1.8445548253667643,-1.8592584217188552,-1.8747548015726831,-1.8831535711818577,-1.8770663927486335,-1.8508909671366411,-1.801870926094303,-1.7307544828778345,-1.641935232439033,-1.5430387953792901,-1.4440060760611808,-1.3558035822637846
-1.5323963518915362,-1.511094559405584,-1.4797653027126763,-1.4414747044887248,-1.401210861841972,-1.3650553194030461,-1.3391758088315662,-1.3288128342861059,-1.3374300502624048,-1.3661666678124695,-1.4136752929952368,-1.4763605459425622,-1.5489646065511342,-1.6253876051679406,-1.6995935650810932,-1.7664426229683214,-1.8223088292211205,-1.8653862028182777,-1.8956457430941942,-1.9144717323761034,-1.9240649227671016,-1.9267423284736371,-1.9242807242951796,-1.9174404694432403,-1.905769891626654,-1.8877348670348408,-1.8611536472585624,-1.8238553554951005,-1.774433400700758,-1.712941301840263,-1.641382841516996,-1.56388073466973,-1.4864626575759141,-1.416470937159621,-1.3616704330300418,-1.3291859194656617,-1.324435394850322,-1.3502329240837876,-1.406212587473802,-1.4886777483523845,-1.5909153237078943,-1.703943838935813,-1.8175981369138416,-1.9218026503806878,-2.0078561833613175,-2.0695475668406407,-2.1039430913256765,-2.111729944176241,-2.097059419888844,-2.0669023552397383,-2.02999899892482,-1.9955476170959374,-1.9718215726039423,-1.9649249978642884,-1.97788613765753,-2.010242517523887,-2.058196595910685,-2.1153245356525447,-2.1737204084284008,-2.225373390048414,-2.2635255849903935,-2.283756723958472,-2.2845929071015267,-2.267531564793512,-2.2364945326017507,-2.196839304168883,-2.1541483027115422,-2.1130568901516495,-2.076363983318438,-2.044599658281139,-2.016119469108599,-1.9876804343918921,-1.9553547784393084,-1.9155751169480886,-1.8660894505603538,-1.8066352086603839,-1.7392078931881583,-1.6678847017770042,-1.5982484775877497,-1.5365267238190599,-1.4886038587480366,-1.4590782113895813,-1.4505198707802136,-1.4630468349394543,-1.494282697660942,-1.5396979886701454,-1.5932778051328456,-1.6484084283766556,-1.698841921988984,-1.7395851907123516,-1.7675710683915835,-1.7820029172140985,-1.784316599756124,-1.777766811110199,-1.7667085050796336,-1.7556975923578193,-1.7485684880389447,-1.7476528120874364,-1.7532815243832396,-1.7636650892424168,-1.7751807639717165,-1.783024079737249,-1.7821157397564302,-1.768107321177789,-1.7383081066702617,-1.6923652055090477,-1.6325685409905426,-1.5637147469729658,-1.4925389028474594,-1.4267974696477235,-1.374146890647999,-1.3409994402673937,-1.3315444801534673,-1.347097971681574,-1.3858900288022982,-1.4433283720928567,-1.5126969106987649,-1.5861766500581262,-1.6560229058656288,-1.7157074047715326,-1.7608405368745532,-1.7897265975821575,-1.803466870677426,-1.8056012791326828,-1.8013561705611225,-1.7966306155175373,-1.796895507772711,-1.8061918677613324
-1.7887529190621796,-1.7829479156936838,-1.7844101219222612,-1.7982587478248353,-1.8280018724740352,-1.8747131419603378,-1.9365795707684188,-2.0089131350865217,-2.0846434227663515,-2.1552288361799246,-2.2118531491982836,-2.2467245802611813,-2.2542744580367864,-2.2320655807663097,-2.1812645042748433,-2.1066000118044044,-2.015810695749222,-1.9186645950212262,-1.8257000207991385,-1.7468782901566722,-1.6903494859298076,-1.6615102642671458,-1.6624822881957715,-1.6920699303048456,-1.7461784662665183,-1.8186021491066917,-1.902037206195782,-1.989146618660378,-2.0735055363232084,-2.1502870545291684,-2.216601533117507,-2.2714685563117745,-2.315466942857428,-2.3501630885408757,-2.37745190664854,-2.3989523257360856,-2.4155802534165334,-2.4273805561222854,-2.433644284160912,-2.4332786500965735,-2.4253458800655556,-2.4096519523138937,-2.387253112625132,-2.36075863554526,-2.334340415820947,-2.31340830667668,-2.303967297416942,-2.3117303479343683,-2.3411106897077403,-2.3942520722483946,-2.4702684386676976,-2.56485140587641,-2.6703630430407403,-2.7764649975280227,-2.871250033299181,-2.9427506013247697,-2.98061728437421,-2.9777054906525153,-2.9312969248374587,-2.8437218051164064,-2.7222369941732345,-2.5781410047733315,-2.4252459579777503,-2.277950223456764,-2.1492360350948236,-2.0489344583823144,-1.9825499104054232,-1.9508278561499006,-1.9501057326377336,-1.9733398278673853,-2.011581098383947,-2.0556045901614817,-2.09739126093888,-2.131214078563649,-2.154176318723068,-2.166165538410627,-2.169296990158506,-2.1670048309191143,-2.162985958438833,-2.1602064497979443,-2.160149194469911,-2.162423650735749,-2.1647873448322876,-2.163556206637751,-2.1543176178666235,-2.1328139654550182,-2.095840498115283,-2.042001521805882,-1.9721928153833643,-1.8897221879939177,-1.8000382090034015,-1.710100888414436,-1.62748764617139,-1.559373476591002,-1.5115477041500625,-1.487626400783439,-1.488589143491097,-1.5127159069593388,-1.5559332838001692,-1.612510391422397,-1.6759858812425525,-1.7401689236510334,-1.8000458341771937,-1.8524421872081802,-1.896334617620478,-1.9327691331385666,-1.9644124916630925,-1.9948276370607894,-2.0276119130045362,-2.065559378235515,-2.110002114580314,-2.1604512131724816,-2.214602344665884,-2.2687034962596937,-2.3182156725383853,-2.3586430991871805,-2.3863775156865366,-2.3993973227005045,-2.397687496779115,-2.3832959745588815,-2.3600078985877753,-2.332689069966277,-2.306411676313155,-2.285517709178545,-2.2727906266284825,-2.2688906552990944,-2.2721658758062806,-2.278887082384446
-2.1542145609586907,-2.0587377652880803,-1.9744944815850032,-1.9091979022726324,-1.8673906744651148,-1.8500758849082388,-1.8548947554881814,-1.8767940221516688,-1.9090503474218674,-1.944467878504926,-1.9765460376551536,-2.0004300395138155,-2.0135028070471934,-2.015545088876337,-2.008468310788843,-1.9956983228835008,-2.4385785631044654,-2.4237834138565644,-2.4155012960301896,-2.415573183814997,-2.4238258713799805,-2.4382912789597877,-2.4557932385872165,-2.472768427302541,-2.486145874804793,-2.4941014210663615,-2.4965307069932767,-2.4951413071717705,-2.49314053034143,-2.4945758266925613,-2.503454450685623,-2.522814843072708,-2.5539353924374812,-2.5958441930048157,-2.64524010505428,-2.696860658569341,-2.7442498959910777,-2.7808042388589866,-2.8009204781519452,-2.8010465984958564,-2.7804472574084182,-2.741539126341844,-2.6897193409003037,-2.632691678422169,-2.579376923054549,-2.5385639154838513,-2.51750595095168,-2.5206865664586533,-2.0710347948819523,-2.111909931628645,-2.1652652179909007,-2.223546109015956,-2.2782777687069222,-2.3215409345723517,-2.3474741812178075,-2.3535383065894373,-2.3412915787584256,-2.3164865640670325,-2.288405597088909,-2.2684873173480664,-2.2684365683578727,-2.2981250884271316,-2.3636534856742,-2.465937721468148,-2.6001021577030774,-2.7558194831598404,-2.9185635671529826,-3.071570988780314,-3.1981768418377854,-3.2841274528126156,-3.3194883156055943,-3.299853416727019,-3.226700284869361,-3.106892295107362,-2.9514733882519435,-2.7740040145314753,-2.5887356902122636,-2.408913029180984,-2.245435879173408,-2.1060271422815964,-2.4553274397240927,-2.3547753325373946,-2.2884507884581486,-2.252273192115715,-2.2411322698531957,-2.249889520634401,-2.274105823795174,-2.3104090779688535,-2.3564886596731958,-2.4107738426208707,-2.4719104363673976,-2.5381847935889907,-2.6070510721644578,-2.6748946236553217,-2.737115074662521,-2.788545446948754,-2.824150654300828,-2.839883746156199,-2.833534292504923,-2.805389834597749,-2.75855243196077,-2.6988056442158737,-2.634004207578281,-2.5730458326282517,-2.5245661888936217,-2.4955589414687624,-2.4901506410878684,-2.508748869688964,-2.547731680991128,-2.5997643518690072,-2.654728863600842,-2.7011490597017604,-2.216424882099799,-2.2148704085274495,-2.185635075138722,-2.1280957579029782,-2.0456793177465844,-1.9455520124661807,-1.8377433056773527,-1.7338263686244602,-1.6453485164268284,-1.582245664623137,-1.55147878927737,-1.556096531865947,-1.594861921339124,-1.662493416386512,-1.7504753549528953,-1.8483058393102159
-2.2906249059772934,-2.2483960704963626,-2.2170710530983198,-2.1969381370344374,-2.1863692131569508,-2.1824489571638956,-2.1817886193984433,-2.181358798917004,-2.179178681572551,-2.17473193114613,-2.169035242183397,-2.1643539598788064,-2.1636274875955013,-2.1697229309861155,-2.1846684521177893,-2.2090221962217407,-2.7587787146061076,-2.804919488499352,-2.8515174758072694,-2.8918293714049983,-2.9191239116303183,-2.9277926264994294,-2.9143151539793934,-2.87789908010841,-2.820669918661377,-2.747366224696606,-2.6645838202762397,-2.5796956637130286,-2.499634948925929,-2.4297572143033843,-2.3729870107913182,-2.329407348833862,-2.296373754337179,-2.269142675530055,-2.241912475222785,-2.20910054844784,-2.1666354335779294,-2.1130359214514183,-2.0500811231465805,-1.982940439642909,-1.9197190632707613,-1.8704684549640094,-1.8457970969584334,-1.8552817173546423,-1.9059141097071688,-2.000819507359912,-2.138449892220336,-2.3123942833244913,-2.0408907577726,-2.212298725672344,-2.380336572985077,-2.532569880453543,-2.658438888263829,-2.750643462363545,-2.8060885449406103,-2.8262223544352323,-2.816689401401181,-2.7863327813237286,-2.745696345520432,-2.7052743661927914,-2.6738121877882937,-2.656960616239518,-2.656525353665158,-2.6704403296021564,-2.6934526223468294,-2.718366986614928,-2.737590611395001,-2.744667286487675,-2.7355051296810116,-2.7090781519166125,-2.6674998852915532,-2.6154990144690053,-2.5594430156545096,-2.5061326429560253,-2.4616150702295654,-2.43023668794864,-2.4140891924102257,-2.4129129532086973,-2.4244299017355884,-2.445001864198706,-3.040567573339284,-3.073160981088653,-3.103465550068148,-3.129643730734396,-3.151660274237358,-3.170965704250433,-3.1898454950542092,-3.2105688953072025,-3.2345084257181926,-3.261409797947718,-3.2889701602728203,-3.312832408238755,-3.327031728193168,-3.3248486370339556,-3.2999442906361685,-3.2475929359255837,-3.1657950642521087,-3.0560604368854647,-2.923693710130016,-2.777491022064945,-2.6288516549736,-2.490408691462305,-2.3743690885069637,-2.2908112846431314,-2.2462064685771423,-2.2424037734789324,-2.276253217527471,-2.339943496786207,-2.4220203605719846,-2.5089435391550508,-2.5869538969087795,-2.643972042029095,-2.1703853665529618,-2.1648942095425525,-2.1322970358180817,-2.076959195406449,-2.00631731206592,-1.9297053553912997,-1.8569474988338008,-1.796939364794084,-1.7564347609117656,-1.7392156286904226,-1.7457557977828497,-1.7734059307346357,-1.8170419174202739,-1.870046169346319,-1.925442657921972,-1.9769896874857595
-1.5414489105677063,-1.6313599272766313,-1.7363815055862784,-1.8470278516121403,-1.9539744116476556,-2.0492104203969546,-2.1269032919037927,-2.1838556700457032,-2.2195092825275284,-2.2355288560439135,-2.2350704574360143,-2.2218894774397873,-2.1994654881800573,-2.170310942477189,-2.1355904144779707,-2.095114362527805,-2.5202433385900647,-2.451448975778668,-2.3708630180673507,-2.278612581868056,-2.1770239859253464,-2.0709419891554064,-1.967556769602648,-1.8757327502810384,-1.8049262185210764,-1.7638580204531404,-1.7591590467158713,-1.7942201796779411,-1.8684518169479043,-1.9770951325634782,-2.1116384676112188,-2.2607928754428737,-2.4118880584753772,-2.552479796123157,-2.6719245644916927,-2.762682325784044,-2.821153175322599,-2.8479295625532774,-2.8474397608000865,-2.82705404316401,-2.7958067935663586,-2.762942772813076,-2.7365163018597802,-2.722256562908611,-2.722864621739982,-2.737836672109535,-2.7638245971391657,-2.795461286918376,-2.2965358647924514,-2.316527711483858,-2.327810071564739,-2.328882303651571,-2.3205439600839886,-2.305764581378915,-2.289107481108399,-2.2757998762524756,-2.2706173206223292,-2.2768001049323052,-2.2952292763772357,-2.3240529968770045,-2.3588727021531506,-2.393486452644911,-2.421066597317385,-2.4355474341869496,-2.432940816755219,-2.412299633252026,-2.3761131171725616,-2.330031375717159,-2.281954430677405,-2.240652432881771,-2.2141792524297697,-2.2083810898982215,-2.2257784966991827,-2.265022159326927,-2.321009498057564,-2.38562603087733,-2.448967523003287,-2.5008251363916343,-2.5321858472966583,-2.536514349793345,-3.090009445994168,-3.02164585609697,-2.9218168385657743,-2.7991248673849936,-2.6644643722637826,-2.5295026693625,-2.4051360419338885,-2.3001422655218264,-2.2202144438266824,-2.1674992954055905,-2.1406841880148506,-2.1355922402647853,-2.146166364019553,-2.1656637452396863,-2.1878521651845704,-2.2080045194535964,-2.2235277730565555,-2.2341309934691966,-2.2415222376391277,-2.248710776830704,-2.259063681690907,-2.2753107909571852,-2.298701106091237,-2.328484797702752,-2.3618333343356457,-2.39422685884777,-2.4202479925264755,-2.4346411908922843,-2.433441384182831,-2.414955349988444,-2.380398303228068,-2.3340437641858562,-1.85479738176932,-1.8162969737407844,-1.78835475479899,-1.77760709715851,-1.7887375959296878,-1.8235745160834018,-1.8805885050773556,-1.9548877134802978,-2.0387280036889823,-2.1224722468632864,-2.1958589244575495,-2.2493888700034144,-2.2756187556245155,-2.270164323438797,-2.232262989775999,-2.164816451471217
-2.23571235998425,-2.248472677017297,-2.2300437754052274,-2.1776623952753837,-2.092688507452577,-1.9805967204655803,-1.8503882465827137,-1.713512260567588,-1.5824594911872618,-1.4692378818781169,-1.383952973709635,-1.3336929094289454,-1.3218641724921827,-1.3480489757997152,-1.4083715829237125,-1.4962828648802562,-1.9736773383045634,-2.1190265645673647,-2.267666641011086,-2.4113056282721033,-2.5438759810860847,-2.661634270599349,-2.7628550329654504,-2.8472400920834118,-2.9152084842336565,-2.967241962644377,-3.003436225900676,-3.0233541915491915,-3.026205856667442,-3.0113038317301406,-2.9786793528574194,-2.9297031011433576,-2.86754651783484,-2.7973444129827487,-2.725973954566481,-2.661438427283565,-2.6119226616382,-2.5846559776324796,-2.584764935968224,-2.6143134686291933,-2.6717091390131897,-2.7516044691265726,-2.845349725898666,-2.9419698957523606,-3.0295565710076167,-3.0968969976590106,-3.135117065155275,-3.139098857012281,-2.525615211620254,-2.4763749532821486,-2.4104099638588887,-2.3382521414796846,-2.271959885236442,-2.2234009419173058,-2.2024530270988816,-2.215401327987,-2.2638050022562526,-2.344048479674567,-2.447691395368947,-2.5625976163494686,-2.674682635610128,-2.769998198951589,-2.8368005852802,-2.8672432342586687,-2.858400159269768,-2.812452271009257,-2.7360285263776833,-2.6388534775687935,-2.5319780509490104,-2.425935350668143,-2.32915661392114,-2.2469095184705936,-2.1809017131670525,-2.129555257474033,-2.0888323770853656,-2.053403544677214,-2.017908862226303,-1.9780745586826238,-1.931499246672094,-1.8780038521656937,-2.2394179075111076,-2.165696560357077,-2.095658784593951,-2.0347109406995143,-1.9872179271981842,-1.9557316484737157,-1.9405894132508767,-1.939941322483416,-1.9501904430886712,-1.966758194215644,-1.9850307511880132,-2.0013096276330957,-2.013586976102521,-2.021995038734457,-2.0288357359145106,-2.0381716042185247,-2.055040297309515,-2.084427054577737,-2.1301793311688337,-2.1940652341615827,-2.2751582842351397,-2.3696777624731586,-2.4713353415762485,-2.572148547211042,-2.6635959748710407,-2.7379237186989127,-2.7893794079805967,-2.815156231635848,-2.815874120996604,-2.795501703878863,-2.7607178642210815,-2.719809353528926,-2.1785431212732536,-2.1551004377908702,-2.143440742924264,-2.144814977333245,-2.157588507283845,-2.1775362044316013,-2.198606757752482,-2.214036427898159,-2.217630163712773,-2.204995392357363,-2.174516796446375,-2.1278989589080357,-2.0701718363390365,-2.009140543333732,-1.954351651350618,-1.9157281046283212
-2.237892085582524,-2.2864252919528396,-2.3237851852305202,-2.3493759720961087,-2.3648888077434993,-2.3736537855063626,-2.3797745166563296,-2.387214833568085,-2.3990053608951625,-2.416706218936611,-2.4402075305336477,-2.4678822269175007,-2.497038430088216,-2.524563712778762,-2.5476206296091486,-2.56424771024821,-3.1676837905586543,-3.1713899027058243,-3.1693031830639087,-3.1644101850707758,-3.159708806565484,-3.1573931905570314,-3.15818895212677,-3.1609913453733127,-3.162903033350497,-3.1596915458959867,-3.146603382067823,-3.1193975998257715,-3.075410845892396,-3.014448328870145,-2.9393154922477613,-2.8558605116192535,-2.772479126234105,-2.699126676246965,-2.645971076341361,-2.621888910382665,-2.63304248649934,-2.681771948079902,-2.765993760617813,-2.8792222401782066,-3.011236714215142,-3.1493187332207886,-3.2798968361307894,-3.390373500545132,-3.4708784805253607,-3.515698007983924,-3.524168697234617,-3.5008929343724042,-2.8073669198849753,-2.7625344773707097,-2.721900961739171,-2.697151065010032,-2.6980156742015957,-2.7307802874155476,-2.7972521641424155,-2.894364108727495,-3.014501080446399,-3.1465209682764756,-3.2773217116568865,-3.393706389838983,-3.4842380480344928,-3.5407725464230535,-3.55941501054726,-3.5407542869187814,-3.4893684086259658,-3.4127328559459014,-3.319772046928333,-3.219349614041587,-3.118984046536453,-3.02400794543189,-2.9372798509959637,-2.8594342187754673,-2.789545814782814,-2.7260121097409065,-2.667433204841396,-2.6132932730503944,-2.564309729487406,-2.522399015154772,-2.4902919272267865,-2.470900435829988,-3.0357919472371235,-3.050402010754874,-3.0841903862547233,-3.1340493130619156,-3.194697341224273,-3.259268932606844,-3.3202188412157856,-3.370396095159028,-3.4041088349050934,-3.4179961925418327,-3.411548779399432,-3.387172650973228,-3.349765583390023,-3.305857757925237,-3.2624475848742196,-3.2257232447800055,-3.199889845386212,-3.1863139933840916,-3.183151637832565,-3.1855477311127394,-3.186400033528858,-3.1775806046470145,-3.1514245165836363,-3.1022412921749902,-3.027590798370466,-2.9290952670472596,-2.812628692833597,-2.687823081376309,-2.566941826719841,-2.4632754614763646,-2.3892965018922205,-2.354854236492402,-1.922122609094663,-1.9682829916479405,-2.0480877872408096,-2.1539613766567154,-2.2754267581322716,-2.400466460782372,-2.5170775446792515,-2.614788229821714,-2.685913471341176,-2.7263717626756163,-2.735957790197203,-2.718053045721369,-2.6788445646600376,-2.626196179507002,-2.5683652095369034,-2.512773021766619
-2.4129039168423643,-2.4039437810845037,-2.398751789828516,-2.4013139737515825,-2.41420723998857,-2.4379331148922354,-2.470596647548186,-2.508005147437098,-2.544188034472204,-2.572263976078569,-2.5855179710078007,-2.5785104848808866,-2.548030581184919,-2.49372738791868,-2.4183056774129907,-2.3272431976340036,-2.742236842640198,-2.620681789637912,-2.509863983608927,-2.4183024385350773,-2.35163633248649,-2.3119228341755225,-2.2975116675852525,-2.3035093349993714,-2.3227469981629043,-2.347082142946764,-2.3688097390821103,-2.381942960618203,-2.3831492165659154,-2.3721896068278543,-2.351797912471563,-2.327033337397162,-2.304232218113801,-2.2897519530692643,-2.2887338184079447,-2.3041047499223057,-2.335993372064255,-2.381661065521084,-2.435958234541845,-2.4922251301729625,-2.5434810145269293,-2.5836972500401663,-2.6089360210008006,-2.6181578485867245,-2.6135533119545054,-2.600328687067329,-2.5859603716346675,-2.57901707992178,-2.102522985091497,-2.127503301447865,-2.1730629227968348,-2.2386520959588445,-2.320292250507035,-2.4109272636243615,-2.5013192860085667,-2.5813786846566753,-2.641731550510399,-2.675269077795508,-2.6784063875287596,-2.651812805397796,-2.6004597825789277,-2.5329535369824665,-2.4602540688921772,-2.3940020969932596,-2.344753652272241,-2.320439884870735,-2.3253219662078553,-2.3596080322623196,-2.4197641679999737,-2.4994149149768954,-2.5906206052405527,-2.6852610125822713,-2.7762565595495103,-2.8584146758601072,-2.928783197800574,-2.9865016574515812,-3.0322412008706214,-3.0673958719688432,-3.0932215150777793,-3.1101120269269877,-3.836507330974809,-3.830280636299152,-3.8050727923993315,-3.756317203129385,-3.680010991058509,-3.5738351566860254,-3.438135267035437,-3.2765722387962093,-3.0962992765245874,-2.907591916659239,-2.7229438248560998,-2.555729002425766,-2.4186074802253588,-2.3219032564780124,-2.2722001589115077,-2.2713787604488798,-2.3162573381247786,-2.398910735507894,-2.50763695224472,-2.628439539559761,-2.7468116907639826,-2.849559474411853,-2.9263954890459147,-2.9710716097015,-2.9818942453161976,-2.96156503368932,-2.9163973893491297,-2.8550567661438615,-2.787043748836845,-2.7211726245485273,-2.664288940435623,-2.620420096085016,-2.104758868984469,-2.0901490689138797,-2.0819515256447527,-2.0759972894977405,-2.068212364101828,-2.055481235558479,-2.0362636513481567,-2.010858484399746,-1.9812771063388666,-1.950762716904021,-1.9230581689482777,-1.901571164347838,-1.8886040689111154,-1.8848028504028824,-1.8889382197673712,-1.898069527697808
-2.4193558726622553,-2.3609298702546377,-2.3064092015316264,-2.260817624966863,-2.2267781280462593,-2.2043608394010805,-2.1913901323809593,-2.1841345811427746,-2.1782394813358907,-2.169723645907487,-2.155856232112159,-2.1357559035331075,-2.110608474060535,-2.083470416948352,-2.058701428473895,-2.041136139245602,-2.5048016121434022,-2.515449156849139,-2.5454643818059304,-2.5934416295309393,-2.6553550247212163,-2.725167610550831,-2.795801258416595,-2.860293313888383,-2.9129321855726897,-2.950167884864614,-2.9711341540402416,-2.9776889401461806,-2.9739669436029423,-2.9655261145996015,-2.9582433887946764,-2.957160404706557,-2.965489253500564,-2.9839598646671206,-3.010629666321207,-3.0411937779353355,-3.069745072130482,-3.08985383968442,-3.095780407940558,-3.0836103366481895,-3.0521141663957483,-3.0031791933866203,-2.9417310126826903,-2.87514562941623,-2.812235494139488,-2.7619624676956045,-2.7320775882267663,-2.7279051656141595,-2.235572976651851,-2.275939738635916,-2.333413086634951,-2.4017574153176584,-2.4736643091221358,-2.5420374079536123,-2.601294772412247,-2.6484503980802274,-2.6837544662526263,-2.7107344994552376,-2.7355808210228165,-2.765943833155182,-2.8093339782309226,-2.8714108533575704,-2.954491861576367,-3.0565886362968127,-3.171191235323755,-3.287881385211082,-3.393695272345778,-3.475008199037577,-3.5196103088957926,-3.518606698028159,-3.4678130592664007,-3.3684191949836824,-3.2268332837249534,-3.053768584102284,-2.8627608988638986,-2.668386803869695,-2.4844784266871276,-2.32260216391961,-2.190998245143394,-2.0940836469921997,-2.501565510513771,-2.466187483516407,-2.465238650940206,-2.491212554646595,-2.5363249491479545,-2.593561587607504,-2.657368530448731,-2.723919038158452,-2.7909680431314703,-2.8573763391784097,-2.9224415472072365,-2.985203079010383,-3.0438885087436685,-3.095638301388064,-3.1365892533607305,-3.1623236836985273,-3.1686143516609544,-3.152328602608031,-3.1123123802398385,-3.0500646223371315,-2.9700384980968204,-2.8794646047664125,-2.787673036891697,-2.704981978451507,-2.6413038649574228,-2.6046807979349924,-2.5999870285719093,-2.628022083949731,-2.6851646223789984,-2.763672430973293,-2.852611789228264,-2.9392966978692496,-2.446463991764684,-2.4837353651399354,-2.493839467190959,-2.4742254564244255,-2.426313182194119,-2.355284153480186,-2.269327405359852,-2.1784578460360473,-2.0930910349541487,-2.0225948485762304,-1.974039227325373,-1.95133023229509,-1.9548499945395827,-1.9816407552323998,-2.0260830680477167,-2.0809400359188563
-1.3328591223169033,-1.2827843255451281,-1.2538188447666325,-1.2467115458979317,-1.2600254186525728,-1.2906648057708292,-1.3345829319752198,-1.3875298116875272,-1.4457039758012704,-1.5061991929205287,-1.5671836089464581,-1.627804453717293,-1.6878661215441553,-1.747372892659693,-1.806051928325793,-1.8629731868897503,-1.9163606939001372,-1.9636486037612069,-2.0017836501582615,-2.027722859574749,-2.039031953169726,-2.0344641696300743,-2.0143965423850245,-1.9810219589089963,-1.93823715100735,-1.891221758130476,-1.8457618197434487,-1.807421721831172,-1.7807021246062036,-1.7683310393640626,-1.770818520128778,-1.7863646583951251,-1.8111524111490915,-1.839991225672522,-1.8672159217648217,-1.8876987399484308,-1.897809166492727,-1.8961603041928676,-1.8840115388913115,-1.8652497906892822,-1.8459369227006817,-1.8334782640883756,-1.8355261661881503,-1.8587744113083096,-1.9078185798681657,-1.9842521512979083,-2.086139488069545,-2.207958886371853,-2.3410473518673958,-2.4745106290396426,-2.59649502455545,-2.69566002577617,-2.762651113834032,-2.791358334696296,-2.779763839889976,-2.7302324820934842,-2.6491796719277736,-2.5461495223771857,-2.432437440927454,-2.3194751811225354,-2.2172443279628746,-2.132983447339605,-2.070401661258283,-2.029515855777074,-2.0071092219922573,-1.9976908578825434,-1.9947454110593443,-1.992017656738765,-1.9845877618201717,-1.9695539935671915,-1.9462345292459877,-1.9159056532417456,-1.8811860590220622,-1.8452373695975988,-1.810969632845861,-1.7804180984907338,-1.754403590267553,-1.7325182314721213,-1.7134073988662233,-1.6952613710489088,-1.6763952176941572,-1.6557865103453306,-1.633455912581856,-1.6106104897298046,-1.5895164351073245,-1.5731188265064904,-1.5644731543118302,-1.566089695630203,-1.5793117683038247,-1.6038489465235415,-1.6375655815121692,-1.6765857022663784,-1.715723032929334,-1.7491876092414038,-1.7714680106364105,-1.7782501631136074,-1.7672177163171128,-1.7385893373447185,-1.69528452339849,-1.6426666108165946,-1.5878804462284881,-1.538871116932443,-1.503227214749856,-1.4870270631849694,-1.4938725055838638,-1.5242704081626752,-1.5754703833130737,-1.6417964955902826,-1.7154323408093886,-1.7875457790304639,-1.8495838939804499,-1.8945397777562945,-1.9179954466814773,-1.918779299818891,-1.8991365645449965,-1.864387384994986,-1.822127202056139,-1.7810948728630362,-1.7498841911423249,-1.7356961737325567,-1.7433195118140266,-1.7744870333912441,-1.8276938172749222,-1.8984883003204802,-1.980173707752319,-2.0647955049228366,-2.1442510988838874,-2.2113465689044545
-2.0414144334123456,-2.096700559183379,-2.157785133428984,-2.2192031826454914,-2.2756767405660514,-2.3228250540345248,-2.357664910169619,-2.378826766507468,-2.386467966808519,-2.3819219681765107,-2.3671715576265555,-2.344265504245916,-2.31480623992554,-2.2796195423399914,-2.2386789208730207,-2.1913045980217185,-2.1365994877440855,-2.0740332150739116,-2.004049825742707,-1.9285624468438662,-1.8512117334981566,-1.777302738923108,-1.7133906905445035,-1.666550434205722,-1.6434256433528334,-1.6492011240620887,-1.6866657334786848,-1.755529464595703,-1.8521258575801687,-1.9695747790581632,-2.098409720335332,-2.227599815172019,-2.3458322211314657,-2.4428763562281532,-2.5108353413773545,-2.545104703190727,-2.5449014947872293,-2.513291231953114,-2.456714695089423,-2.384089511815905,-2.30562103393601,-2.2314945774473025,-2.1706318722864126,-2.129678362074998,-2.112348716352741,-2.119202510717937,-2.147859036935983,-2.193598386052391,-2.2502432260215857,-2.311178524576568,-2.370349515138554,-2.423084120606051,-2.4666151226715094,-2.500226993382426,-2.5250165156242623,-2.5433256924811243,-2.5579679111026694,-2.5714110394139493,-2.5850932812416603,-2.5990235285860104,-2.611759559781779,-2.6207750826096365,-2.623137607997517,-2.616344019381122,-2.5991181823422305,-2.5719767534054347,-2.537416688965621,-2.4996606630589415,-2.4639954932407404,-2.435830437814877,-2.41966547678101,-2.418180389268363,-2.4316301832484477,-2.4576687112686075,-2.491635911294765,-2.5272546296816745,-2.557608819470202,-2.5762292599761705,-2.5781016568340185,-2.5604335142196,-2.5230632598127967,-2.468457294351528,-2.401306810186419,-2.3277964767369514,-2.254663769525189,-2.188195709826084,-2.1333164232395565,-2.0929038696460998,-2.0674392871937863,-2.055042613445472,-2.051887937824996,-2.0529332396804967,-2.052847450463029,-2.0469838488962417,-2.032238381538035,-2.007647528618143,-1.9746211831771665,-1.9367655766105374,-1.899319862201697,-1.8682959037486937,-1.8494625934903337,-1.8473443890295003,-1.864403449312731,-1.9005454900593435,-1.9530360693911322,-2.0168454972618273,-2.085368634497894,-2.151402811410695,-2.208223719181447,-2.2505827831510214,-2.275462939190245,-2.282470530408997,-2.273802188197853,-2.2537965955902965,-2.228149869903649,-2.2029283209149257,-2.1835443577386733,-2.1738651435438228,-2.175598894051668,-2.1880550124652998,-2.2083101262979716,-2.2317436530839596,-2.25284548503033,-2.2661550365989647,-2.2671723491809224,-2.2530909217550503,-2.2232363645061572,-2.1791483996273238
-2.2450099613327517,-2.2245033173742614,-2.1824524534662784,-2.119378930299708,-2.0386459002351813,-1.9461943123339223,-1.849871196217358,-1.758448197493463,-1.6804794311587188,-1.6231740402561314,-1.591456244283146,-1.58735470382884,-1.6098090863653585,-1.654914026225632,-1.7165507220223861,-1.7872959751608295,-1.859457566726835,-1.9260700671081967,-1.9816984898633665,-2.0229357960049166,-2.048536964031978,-2.0591969672643646,-2.057041117564716,-2.044943199358724,-2.0258116300890925,-2.0019825766652963,-1.9748322730110375,-1.9446740078445326,-1.9109472459056516,-1.872647936438849,-1.8289010746628696,-1.779547866904157,-1.7256156692003484,-1.669559931914639,-1.615209729589293,-1.5674042159991721,-1.5313662365235734,-1.5119106057641445,-1.5126190147207268,-1.5351251753165627,-1.5786408416751674,-1.6398182870585427,-1.7129937865704463,-1.7907980529887657,-1.8650624654942807,-1.92790259000846,-1.972829336601925,-1.9957271896123472,-1.9955499051425407,-1.9746162493778412,-1.938438950109112,-1.8950840640085491,-1.85412812663261,-1.825347241033032,-1.8173246416025994,-1.8361902375189945,-1.8846985768874989,-1.96180704060111,-2.062837616099263,-2.1802051108441316,-2.3045906592734418,-2.426353561470918,-2.536926696015884,-2.6299436304594623,-2.7019006627844817,-2.7522535891906177,-2.7829659947266037,-2.7976370640831933,-2.800417429072439,-2.7949541686360684,-2.7835853363909004,-2.766937620236742,-2.7439854931308463,-2.712529294654164,-2.669965202772207,-2.614168287920747,-2.5442981586929947,-2.461363141364971,-2.3684340595350633,-2.270468899836612,-2.1737807420186077,-2.0852412830078233,-2.011352905013023,-1.95733954460606,-1.9264003553790114,-1.9192429427141695,-1.933969481110924,-1.9663354801769553,-2.0103445594179994,-2.0590910778446054,-2.1057234003069483,-2.144380316226753,-2.170955641980047,-2.1835719510419955,-2.1826904057668326,-2.1708428313824117,-2.1520347866036893,-2.130923689182448,-2.1119142009656784,-2.0983270226851536,-2.091784164434912,-2.0919156495615083,-2.096436021704345,-2.1015738823160017,-2.102775505452282,-2.0955553844226977,-2.0763409135679938,-2.043159848137922,-1.9960474592855655,-1.9371003998412653,-1.8701673507159506,-1.8002313687923768,-1.732594023401834,-1.6720071045411906,-1.6219075422622313,-1.5838933610485728,-1.5575360400197424,-1.5405649400817427,-1.5293929390650045,-1.5198907794530958,-1.508271781663114,-1.4919267092847321,-1.470054747406684,-1.4439699569551474,-1.4170176309184566,-1.394102329791324,-1.3808974432148045,-1.3828631398258855
-1.8521570783648083,-1.8959782349083538,-1.9280157950064347,-1.9478058721357556,-1.9567354638571168,-1.9574831602964655,-1.9533086268898607,-1.947331767603267,-1.9419353098199743,-1.9383935076502006,-1.936781078262843,-1.9361597196100562,-1.934985255390609,-1.9316366266140397,-1.9249461778299084,-1.9146127684229288,-1.9014045331270513,-1.887101680313837,-1.8741832286398612,-1.865314862273749,-1.862737956362778,-1.8676839806118024,-1.8799390258599948,-1.8976595435087342,-1.9174964509323074,-1.9350282737548115,-1.945445172594832,-1.9443753873143144,-1.9287133524876028,-1.8973009348201766,-1.8513320386504775,-1.7943935531524253,-1.732115218597756,-1.6714672385465497,-1.6198057791852734,-1.5838120478118562,-1.5684923376070796,-1.5764003855104878,-1.6072106171629321,-1.6577169627507735,-1.7222660027559662,-1.7935660347783973,-1.8637557696441949,-1.9255762779724923,-1.9734728314593606,-2.004461100237201,-2.0186230946945347,-2.019147941249477,-2.0118949092080403,-2.0045237873403963,-2.0053027772389065,-2.0217581606176487,-2.0593647923784886,-2.1204845945702187,-2.2037366969482877,-2.3039269022217104,-2.412580753277703,-2.519025083138233,-2.611864441403661,-2.6806207719016997,-2.717265095625216,-2.7173802999253316,-2.6807558648830736,-2.611318209358767,-2.5164238941668633,-2.4056610453938365,-2.2893915045735573,-2.1773038171407757,-2.077228354873157,-1.994397000231146,-1.9312285538316138,-1.8876114378495572,-1.8615615903093092,-1.8500742166359418,-1.8499722714012727,-1.858580592572466,-1.8741120665594277,-1.8957254208165626,-1.9232866380227966,-1.9569237174663967,-1.9964987525845548,-2.041128909033104,-2.088870750036506,-2.1366459380397704,-2.180438146660176,-2.21573925591375,-2.238175544552633,-2.244208680060014,-2.231787369950972,-2.200826977789671,-2.1534168786590606,-2.09369630076906,-2.0273931260728517,-1.961078207533189,-1.9012403570916736,-1.853324642820657,-1.8208914381714847,-1.805041868263258,-1.8042175961049407,-1.8144247182287938,-1.8298622543210448,-1.8438670170208569,-1.8500305026368626,-1.8433099309177612,-1.8209510391377028,-1.783066156301075,-1.7327636827267419,-1.6757959967888656,-1.6197704103147155,-1.5730392524813364,-1.543438560831157,-1.537071225656912,-1.5573252658228616,-1.6042819365365881,-1.6746074208326789,-1.7619459056853977,-1.8577533163462039,-1.952442677571012,-2.03666502152403,-2.1025314063265883,-2.1445945714458956,-2.1604504532419426,-2.1508829105483165,-2.119548817909067,-2.072272831724508,-2.0160797877555057,-1.9581285094376593,-1.9047184938219084
-1.5890921124350188,-1.6065691753089195,-1.6313922828130083,-1.6645332103811195,-1.705923944887002,-1.754117896590732,-1.8062044526886734,-1.8580176676799383,-1.9046237193679367,-1.941016700423074,-1.9629086744968807,-1.9674760685846076,-1.953925283798656,-1.923766363847742,-1.880730595711098,-1.8303280835812286,-1.7791041784666368,-1.733708024746204,-1.6999225546689734,-1.6818162312360199,-1.6811602205458966,-1.697212784565589,-1.7269123144557743,-1.7654517117454143,-1.8071415326862557,-1.8464187953139188,-1.8788315683270866,-1.9018313812219787,-1.9152361654271186,-1.9212809155488593,-1.9242424195880017,-1.9296964847529512,-1.9435287293553312,-1.9708624563163601,-2.015082107105326,-2.077115849625559,-2.1550987283456045,-2.2444759175177453,-2.3385346428984453,-2.429285208215763,-2.5085573030929575,-2.569145595408236,-2.6058326900652315,-2.6161376116197794,-2.6006798470355257,-2.5631056617509738,-2.509586463089699,-2.44795991398181,-2.386635630050612,-2.3334223393499167,-2.2944476991940093,-2.2733327704070394,-2.270749957631427,-2.284438475016783,-2.3096810819664855,-2.340169669196674,-2.3691179486773484,-2.390430742628151,-2.399723008573782,-2.395004409601263,-2.3769057062049943,-2.3484114184327334,-2.314161493655623,-2.2794717051648323,-2.249278166861208,-2.2272223224801144,-2.215056176051909,-2.21247204615282,-2.2173648788933034,-2.226441017688042,-2.2360169635795497,-2.2428200587127685,-2.2446150893225054,-2.2405308232678007,-2.231034444800835,-2.217581590782064,-2.2020377249173566,-2.1860099580341297,-2.1702409170412853,-2.154198603061692,-2.1359546059465013,-2.112387062514596,-2.0796848037895543,-2.034074820573588,-1.9726541593809304,-1.8941849598578524,-1.799710418720409,-1.6928703736000257,-1.5798357181468732,-1.4688361262412126,-1.3693182698690436,-1.2908327422282388,-1.2417974772842324,-1.228314752817853,-1.253221668466819,-1.3155281440774749,-1.410344638968383,-1.5293312761367464,-1.6616217940352096,-1.7951024390304393,-1.917869786504723,-2.0196621085080246,-2.093061465817674,-2.134298026901605,-2.1435487115725738,-2.124699251364255,-2.08461960752473,-2.032074320275789,-1.9764403902243022,-1.926427896291658,-1.8889897433001424,-1.8685689633945655,-1.8667719015039843,-1.8824839334232932,-1.9123732949091012,-1.9516699083647198,-1.99506912979808,-2.0376004958053167,-2.0753194294861106,-2.1057212775855145,-2.127833852127547,-2.1420062363396397,-2.1494668367508174,-2.1517627969828874,-2.150209330501668,-2.1454689171587655,-2.1373488755893963,-2.1248579341079523
-2.15545428677165,-2.114294155847236,-2.069388638940715,-2.0232056931778617,-1.976976687468026,-1.9307676289339377,-1.8838387689018419,-1.8352092634154746,-1.784303019067555,-1.7315345311053407,-1.6787026922605914,-1.6290947437171535,-1.587255776143674,-1.5584420270657398,-1.547837410333679,-1.5596611749561204,-1.5963213765943212,-1.6577687355707025,-1.7411779092190214,-1.8410324994102272,-1.9496246373952684,-2.0579108153018946,-2.1566046294794514,-2.2373448605113007,-2.2937613181921828,-2.3222741716746684,-2.322503113080725,-2.2972240190683486,-2.251882553809148,-2.193744345708788,-2.1308181707468785,-2.0707224964963347,-2.019671257655164,-1.9817312495884876,-1.958455454591279,-1.9489325560468382,-1.950224048727129,-1.9580984707177114,-1.967927549443614,-1.975588322148532,-1.978221001933607,-1.9747223581978615,-1.9659025982238036,-1.954291549487362,-1.9436378328956725,-1.938193866775994,-1.9419130306060597,-1.9576987911833346,-1.9868374376789566,-2.028717289076812,-2.0808912492590643,-2.1394820798985688,-2.1998685360019916,-2.2575350706822013,-2.3089284524813767,-2.352150782774163,-2.387336407181776,-2.4166110429301675,-2.4436090207095704,-2.472615616888564,-2.5074874762729307,-2.5505650471963968,-2.6018101974991947,-2.6583714594228667,-2.7147017716453994,-2.7632439257374806,-2.795580668576224,-2.8038461824386762,-2.7821365181769804,-2.727652076566734,-2.641356117024686,-2.528027392522675,-2.3957008333791583,-2.254602487967885,-2.115770964225836,-1.989602268802746,-1.884553268355519,-1.8061960393667194,-1.7567435938976086,-1.735082925772558,-1.7372697914499513,-1.7573736968919205,-1.7885190880657933,-1.8239528026204983,-1.8579774704797187,-1.8866218914361619,-1.907966731371564,-1.9221002710805186,-1.930736850245338,-1.9365823193101577,-1.9425689656223382,-1.9511011396457372,-1.9634487482833114,-1.979398840220377,-1.9972294147646696,-2.0140116036980817,-2.026186264878256,-2.030309388329033,-2.0238270386190935,-2.005731373089601,-1.9769668254953172,-1.9404972455722438,-1.901003610567832,-1.8642476319528167,-1.8361975436552038,-1.8220576611476853,-1.8253647004569753,-1.8473072521207994,-1.8863910159536927,-1.9385169768208204,-1.9974719936095517,-2.0557628080792703,-2.1056669541465203,-2.140337306093284,-2.1547873389666052,-2.1466032446014367,-2.1162735967403523,-2.067089688482392,-2.0046393483653704,-1.9359821630516012,-1.868643630097398,-1.809591603935757,-1.7643563926552224,-1.7364267462025342,-1.7270031485219672,-1.7351263868808517,-1.7581345146687053,-1.7923463718490873
-0.8266384756961409,-0.824433388911098,-0.8416489446711525,-0.8763811100293536,-0.9249683665230156,-0.9826043371940936,-1.0440606161040011,-1.1043955958932474,-1.159534608308759,-1.206635813599672,-1.2441993002654195,-1.271925741583571,-1.2903767626305311,-1.3005236725337732,-1.30328835199057,-1.2991770292256624,-1.2880853159381185,-1.2693156245045736,-1.2418030775505295,-1.2045017919391379,-1.1568483712282676,-1.0992003032408226,-1.033147558385186,-0.9616162254126559,-1.0862133585755256,-1.0014429162333147,-0.9272268325962718,-0.869171470844378,-0.8314131992129029,-0.8159331519402887,-0.8221622481298896,-0.8469607099661847,-0.8849955872354911,-0.9294730826185273,-0.9731214193430928,-1.0092753431470471,-1.0328929895490238,-1.0413433706787598,-1.0348368377779293,-1.0164256812935426,-0.8112831484429603,-0.7914413426561948,-0.7782940919156233,-0.7775082894611028,-0.7933163405874315,-0.8278038091004768,-0.8804954213216185,-0.9483067287128116,-1.0258785415985179,-1.10625735370654,-1.1818337944132862,-1.2454092835319974,-1.291234958365052,-1.3158621428852255,-1.3186636606000894,-1.3019302851159416,-1.2705121375218533,-1.2310514900800575,-1.1909277839596086,-1.1570925606268587,-1.1349979889609847,-1.127809657642653,-1.1360423821639103,-1.1576761328112308,-1.1887146039113126,-1.224062041689343,-1.2585341323222674,-1.2877992318960256,-1.3090705913983993,-1.3214316331901488,-1.3257594300553275,-1.3242966696095708,-1.319990683169153,-1.3157560323110962,-1.313819233847944,-1.3152735463495322,-1.3199181815427667,-1.3263932720427651,-1.3325629244778798,-1.3360544092968052,-1.334838236428715,-1.3277330606330815,-1.3147386049204182,-1.2971339622860523,-1.277321261660818,-1.258438985535131,-1.2438088211946097,-1.23630929270826,-1.512847478535421,-1.5260575669187972,-1.5490253604582676,-1.5780817320389098,-1.6079561693630517,-1.632493799973647,-1.6455670230008472,-1.642039241595295,-1.6186227071456019,-1.5744835816557539,-1.5114842113801177,-1.4340097998508,-1.348394827527928,-1.2620320889603438,-1.1823023201079703,-1.1154952279948394,-0.8720977195243318,-0.8469785098597644,-0.836428286241139,-0.8375017066073277,-0.8457506201667406,-0.8560154206057284,-0.8633265602528423,-0.8637667921488479,-0.8551508226726187,-0.837409098628204,-0.8126114120200723,-0.7846256853824102,-0.7584677053539243,-0.7394486054624932,-0.7322600713634131,-0.7401471014647604,-0.7643031980067045,-0.803585763405255,-0.854596610166412,-0.9121128302553972,-0.9697968341329544,-1.0210705254094303,-1.060014446474047,-1.082152006181424
-0.8581927537073473,-0.8657970738582864,-0.8731059229279206,-0.8782566884441126,-0.8796468447524443,-0.8763044738271958,-0.868095911282616,-0.8557300603006742,-0.8405617800273021,-0.8242389328129293,-0.8082710345158041,-0.7936154963979358,-0.7803765174257066,-0.7676916561275167,-0.7538454439576037,-0.7366045525485119,-0.7137232991171121,-0.683530328105268,-0.6454845842322486,-0.6005860357260707,-0.5515453275641993,-0.5026541042142598,-0.4593481144257725,-0.4275098759126533,-0.5042975307374783,-0.5118642471302094,-0.5477386864882213,-0.6112392650107445,-0.6982527299759433,-0.8015008013229049,-0.9112830518945575,-1.0166061509154785,-1.106546334343352,-1.171652010954547,-1.205183618854521,-1.2040099772231723,-1.169030785997413,-1.105065225944052,-1.0202252211511316,-0.9248661824622476,-0.6793089298817386,-0.6113626622935264,-0.5602423878408187,-0.531022159163832,-0.5259672398078634,-0.5444063975689917,-0.5829874888334796,-0.6362655570612065,-0.6975297548468198,-0.7597459412100385,-0.8164791940305348,-0.8626664546532621,-0.8951339788186388,-0.912794887765829,-0.9165140153650454,-0.9086829546995477,-0.8925982772656407,-0.8717703948052953,-0.8493012131676327,-0.8274514225610727,-0.8074747254837182,-0.7897347058254897,-0.7740537608021419,-0.7601881635447285,-0.7482927868438933,-0.7392415953049217,-0.7347058474408692,-0.7369526524533829,-0.7483972123299854,-0.7710052728460233,-0.8056825808127495,-0.8517961167901138,-0.9069464052257028,-0.9670582628061637,-1.0267917061199483,-1.0802103764066102,-1.1215951432116964,-1.1462644331863552,-1.1512633748255336,-1.1358085745758184,-1.101417700641027,-1.0517044810275133,-0.9918715463348404,-0.927978328959936,-0.8660934345521873,-0.8114570331323022,-0.7677773150480305,-0.7367661995820356,-0.8775377165763019,-0.866590653695284,-0.8629080452520289,-0.8608392583114607,-0.8548722921073453,-0.8406662339384913,-0.8159005405164272,-0.7807968117383108,-0.7382182184571091,-0.693318606448344,-0.6527868098330041,-0.6237995656440865,-0.6128469348739078,-0.6246183615261013,-0.6611309038341782,-0.7212444803302014,-0.655075709479383,-0.7300848606222216,-0.8079019781293881,-0.8807447691572085,-0.9413131355132567,-0.9837452365384777,-1.004356082624732,-1.0020513753992384,-0.9783623534187503,-0.9371081386072994,-0.883750369177372,-0.8245511893867359,-0.7656725704944951,-0.7123584845844679,-0.668321683787189,-0.635417731458745,-0.613637657063655,-0.6013962312215251,-0.5960447536644955,-0.5945034651249135,-0.5938945917656988,-0.5920643903886993,-0.5879093492222094,-0.5814624905847328
-0.8642974588090744,-0.840508502774863,-0.8049840564310682,-0.7595628413816459,-0.7079473370202153,-0.6553050168907377,-0.6076060184088317,-0.5707953080323445,-0.5499284092395691,-0.5484094510382886,-0.5674566506243139,-0.6058853526775608,-0.6602480962819905,-0.7253133021493612,-0.794808813629199,-0.8623130730607197,-0.9221525836882888,-0.9701636512872959,-1.0041993876194555,-1.0243057296491476,-1.0325455454086252,-1.0325083761547038,-1.0285950830461517,-1.02520286688379,-1.253939772716926,-1.2626484591141844,-1.2797903847058902,-1.3038932955998297,-1.3317447505362467,-1.3590745651236982,-1.381421874332417,-1.3950290399968224,-1.3976018808849353,-1.3888009791411116,-1.3703773383945372,-1.3459286174381782,-1.3203183263970786,-1.2988582142386602,-1.2863938354737179,-1.286448677154133,-1.0641038977315322,-1.086542770542713,-1.1173731673480378,-1.1525681264488745,-1.187153989624001,-1.2159669193038034,-1.2344639755285465,-1.2394649010849668,-1.2297086010093456,-1.206132867123462,-1.1718245079363885,-1.1316353418343692,-1.0915115209919324,-1.0576319907567655,-1.0354883878869745,-1.029055602970388,-1.0401939958958097,-1.0683893034081007,-1.1108784845078277,-1.1631386738908267,-1.2196460074814195,-1.2747568481421276,-1.323539123630489,-1.3623933619657516,-1.3893503722439133,-1.40400537135772,-1.4071300243880995,-1.4000751173516754,-1.384120603428005,-1.3599365498243743,-1.3272873618210541,-1.2850510978088325,-1.231550899007065,-1.1651241950345899,-1.084803017281029,-0.99095545383319,-0.885746679835053,-0.7733137718665343,-0.6596023374071631,-0.551873338852555,-0.45794436703937536,-0.38527249047557754,-0.3400104991144751,-0.3261730134654057,-0.34503439013486803,-0.39484945076994604,-0.4709450236081399,-0.5661804023653565,-0.8209962366962982,-0.9509502399497125,-1.0706939499413002,-1.170795327466101,-1.24457506265445,-1.2887478942231976,-1.3036028587885584,-1.2927064953384113,-1.262184225376758,-1.2196979112820767,-1.1732814395840727,-1.1302136496953359,-1.0960961233841051,-1.0742644630028675,-1.065602638392507,-1.0687611577111444,-0.8842198722140926,-0.8979787624927457,-0.9124556085873585,-0.924963406520589,-0.9338375995773793,-0.9386396066795474,-0.9400955246156967,-0.9397992992401911,-0.939752840791759,-0.9418440403601348,-0.947372523449683,-0.9567209542475039,-0.969239283487492,-0.9833663368893117,-0.9969656457544852,-1.007809291196874,-1.0141128233093668,-1.0150118191794024,-1.0108788430418143,-1.0034071860659,-0.9954299590098525,-0.990492352710435,-0.99224226611078,-1.0037413441596617
-0.7245943585559854,-0.7305027903542839,-0.7314952650134082,-0.7295284739265002,-0.7274139773260024,-0.7282105751747399,-0.7345786607090533,-0.7482170045858133,-0.7694860279494349,-0.7972866294558971,-0.8292164118012444,-0.861974226381989,-0.8919384658000052,-0.9158126339304473,-0.9312191261779352,-0.9371311251519379,-0.9340614781495556,-0.9239712223278748,-0.9099112514342602,-0.8954593852514394,-0.8840530498313312,-0.8783380279096205,-0.8796525313846765,-0.8877432136007465,-1.1009405279820061,-1.1190691123858763,-1.1346716199723161,-1.1429623614145954,-1.140002727767934,-1.1234853867881618,-1.0932637552699978,-1.0515293554045613,-1.0025993858910862,-0.9523434642104668,-0.9073403465486827,-0.8739017088379005,-0.8571228155041535,-0.8601154054354988,-0.8835475351756601,-0.9255641058658954,-0.8035358476404123,-0.8570695437452605,-0.9127300660045237,-0.9656179384367187,-1.0118330438663812,-1.0490504143299577,-1.0768297970309346,-1.0966048261053567,-1.1113460443334795,-1.1249429308505732,-1.1413969045690875,-1.1639533217110087,-1.1943195308268049,-1.2321130970675602,-1.2746567797572155,-1.317185874112317,-1.3534649177817113,-1.376735083154764,-1.380844920528138,-1.36137049614461,-1.3165187676580532,-1.247636436811111,-1.159212990223546,-1.0583595037470594,-0.9538452411529406,-0.8548604023234335,-0.7697262564085554,-0.7047813915252499,-0.6636334994568727,-0.6468894504414777,-0.6523802214728309,-0.6758030526726537,-0.7116308506075192,-0.7541018374672095,-0.7981052993830792,-0.8398174700353985,-0.8770036033557652,-0.9089732188346773,-0.9362407546373899,-0.9599921711019088,-0.98148309121862,-1.001494651988414,-1.0199523872807374,-1.0357769450543524,-1.046990341487768,-1.0510550258552818,-1.0453819562200801,-1.0279138063199509,-1.219380001721568,-1.1674414037251033,-1.1032009249826753,-1.0312726467288567,-0.9577528681714078,-0.8894767682973609,-0.8330926354602888,-0.7940975494015896,-0.775992469508057,-0.7797020410362305,-0.8033661630651665,-0.842552218313357,-0.8908683686095218,-0.940891122425814,-0.985266183288331,-1.0178100247245894,-0.8463571571760486,-0.845803038838172,-0.832313148157503,-0.8092431289052179,-0.7815261772292006,-0.7548731630559828,-0.7348587526351668,-0.7260410356185161,-0.7312555368943455,-0.7511945862471352,-0.7843349707135027,-0.8272187925793154,-0.8750343242031813,-0.9223951677949567,-0.9641852601783591,-0.9963291974010363,-1.0163630699890065,-1.0237175089415318,-1.0196754351205946,-1.0070231945037245,-0.9894656357795741,-0.970914386505022,-0.9547776284696875,-0.9433760593804899
-1.155496416234856,-1.1865938350824266,-1.218132847629526,-1.2498875924465522,-1.2809958001601967,-1.3097612409037724,-1.3336524861044707,-1.3495207638136946,-1.3540149330935698,-1.3441295142386767,-1.3177903771201365,-1.2743683373743324,-1.2150167445708966,-1.142754724260638,-1.0622589893103447,-0.9793770496386405,-0.9004244724905843,-0.8313696298813775,-0.7770335654467073,-0.7404354356480772,-0.7223943115804907,-0.7214587802672607,-0.7341830806032835,-0.7557112370708393,-0.9540404822223076,-0.9821804420070679,-1.0030961006598085,-1.013962533981893,-1.0145145419664965,-1.007021370071496,-0.9958242181908546,-0.9865113658326587,-0.984866608068534,-0.9957651038690251,-1.0222001848972162,-1.0646036740841431,-1.120574593521503,-1.1850651051906056,-1.2509993975707605,-1.310233156062886,-1.1083983348055946,-1.1271561439082636,-1.1246007182311815,-1.0995185252195765,-1.053423940629045,-0.9904484225061455,-0.9168736575990718,-0.8403724805604016,-0.7690615633982912,-0.7104962878153103,-0.6707475159719787,-0.6536903967914758,-0.6606069593034156,-0.6901594214897288,-0.7387349794653975,-0.8011032210232895,-0.8712742263145782,-0.9434094039604008,-1.0126268935933267,-1.0755633513363538,-1.1306022740160993,-1.1777470655120523,-1.2181906769955009,-1.2536963288405303,-1.2859407340603464,-1.3159733221092995,-1.343911556774429,-1.3689317514957187,-1.3895418197684455,-1.4040550204545608,-1.4111379697316253,-1.4102920535629655,-1.4021467194170265,-1.3884896218960658,-1.3720199711062868,-1.3558730269089945,-1.3430122051084494,-1.3356116834715792,-1.3345533427465286,-1.3391394332392048,-1.347082656966065,-1.354786637165237,-1.357880498488674,-1.3519289066408282,-1.33320903729871,-1.2994321890674891,-1.2502917734830292,-1.1877408974156645,-1.36392591250279,-1.2721591595613555,-1.1850369011525734,-1.1114503158262183,-1.0592995636495341,-1.0343365511069549,-1.0392568567942984,-1.0731884582705322,-1.1316695035803634,-1.2071349987425837,-1.2898542901239871,-1.3691903721723033,-1.4350002569787241,-1.4789718069402928,-1.495700830494709,-1.4833517309938113,-1.1812984390109784,-1.1309783610041695,-1.0690352844599227,-1.0029327681653184,-0.9401938006438422,-0.8873838708440317,-0.8492853747731467,-0.8283761785132264,-0.8246730254202715,-0.8359406472206636,-0.8582099893351489,-0.8865032982294931,-0.9156371071043192,-0.9409701482919065,-0.9589816938621124,-0.967602712522596,-0.9662704092918801,-0.9557273158451569,-0.9376300967683594,-0.9140630349142839,-0.8870619073228435,-0.8582443651511271,-0.8286154111449688,-0.7985767743895584
-0.9140981858399811,-0.8832447687122471,-0.8501717794872943,-0.8156647121435333,-0.7797334289907708,-0.7418369587650742,-0.7012857993805213,-0.6577374951770776,-0.6116777959269488,-0.5647762990222739,-0.5200233593967051,-0.4815916012311369,-0.4544145064988684,-0.4435277820365553,-0.4532670483519299,-0.4864490721331416,-0.5436767567153346,-0.6228973306330137,-0.7193096047156429,-0.8256647371657578,-0.9329437768411053,-1.0313343248677542,-1.1113781240720497,-1.1651298736966051,-1.4509741507433365,-1.4364273799377885,-1.3819949428572542,-1.2933614779179994,-1.179588927218632,-1.0519754458138375,-0.9226583962347801,-0.8031616497749718,-0.7030906164720985,-0.6291500962628955,-0.5846054482303267,-0.5692362535415784,-0.5797556917682554,-0.6106007373598439,-0.6549486846948163,-0.7057914940681732,-0.6192846169221236,-0.6574638634852439,-0.6897033122296845,-0.7152971089332605,-0.7349034040480524,-0.7501156679981735,-0.7629303495533419,-0.7752170479930415,-0.7882913352092487,-0.8026680577320806,-0.8180376382005012,-0.8334646115289884,-0.8477628716861895,-0.8599633595190094,-0.8697648209131152,-0.8778532711746525,-0.8859945746314655,-0.8968463708690158,-0.9134944304028886,-0.9387833605984122,-0.9745681313327536,-1.0210467675761037,-1.0763350537140006,-1.1364075411876509,-1.1954607507539405,-1.2466678241068758,-1.2832081363972758,-1.2993905269260129,-1.2916605517782327,-1.2592977840890451,-1.204665597268818,-1.1329604771344028,-1.0515019932452958,-0.9686880663804,-0.8927965742803422,-0.8308341983513952,-0.7876157871148071,-0.7652091216620899,-0.7628126661975416,-0.7770613637041939,-0.8026902808073445,-0.8334371278037683,-0.8630374740522672,-0.886162050027538,-0.8991620394795663,-0.9005218282911006,-0.8909641327073992,-0.8732038429458135,-1.0405974186241538,-1.0149118690615615,-0.9958908084396123,-0.9880323872835326,-0.9938588009117253,-1.0134755221257237,-1.0445351459560215,-1.0826097677872322,-1.121908695250695,-1.1562210291090262,-1.1799251950998442,-1.1888965730761516,-1.1811620822352282,-1.1571940267228262,-1.119797205588794,-1.0736125372308019,-0.8380842781781976,-0.7999483629387902,-0.7680341004919915,-0.7450357380337576,-0.73190924210796,-0.727773981276732,-0.73012759739604,-0.735331039839292,-0.7392754869989928,-0.7381136738330331,-0.7289297833269897,-0.7102356396487344,-0.6822137067217986,-0.6466732705549102,-0.6067368725617595,-0.5663205381747345,-0.5295054541988325,-0.4999146393765471,-0.48020329915271665,-0.47174717718219683,-0.4745740322565961,-0.48753673135933495,-0.5086810056887947,-0.5357250482088818
-0.40205785527194887,-0.4458654425319862,-0.5069585111365362,-0.5800080975410061,-0.6585333324887613,-0.7357519268677671,-0.8054535821065298,-0.8627598417969522,-0.9046548134823266,-0.9302112452718541,-0.9404886265029484,-0.9381352349285362,-0.9267748474872929,-0.9102928278645469,-0.8921497929953872,-0.8748419456581948,-0.859597305436506,-0.8463519574264661,-0.8339981928337363,-0.8208463736987046,-0.8052034179116541,-0.7859498744164302,-0.7629983333331078,-0.7375382195515356,-0.8702366971827986,-0.8431094033050613,-0.8247326504045891,-0.8195033506254734,-0.8307052015058323,-0.8598072187248998,-0.906025500336298,-0.9662384688326474,-1.0352859256554034,-1.1066162182924844,-1.1731853002256811,-1.2284670857292517,-1.267413952478431,-1.2872129039033093,-1.2877153012741416,-1.2714702903168649,-1.0172904012695025,-0.9898830447266761,-0.9639161856146485,-0.9449116703038796,-0.9372615652811946,-0.9435921248264701,-0.9643928589556463,-0.9979655174420633,-1.0407008662553006,-1.0876423694793789,-1.1332516006637507,-1.17225657999531,-1.2004468798063912,-1.2152825575398922,-1.2162097024638112,-1.2046220717910596,-1.183470114472202,-1.1565855866105756,-1.1278489638274412,-1.1003645528247588,-1.07581408959095,-1.054129282194791,-1.0335609822680711,-1.0111394606635598,-0.9834346049223232,-0.9474565207079549,-0.9015025242615846,-0.8457646773991843,-0.7825614588788934,-0.7161365406795707,-0.6520585758129207,-0.5963377894151668,-0.5544303368652372,-0.5303192938613387,-0.5258403244911842,-0.5403676932925935,-0.5709055127077638,-0.612555391908945,-0.6592689991874083,-0.7047523666483926,-0.7433726176289936,-0.7709266574258111,-0.7851608624148861,-0.7859743345852838,-0.7752885054671159,-0.7566156853561898,-0.7344022903752929,-0.713253771858906,-0.8520891966737042,-0.8419506841939226,-0.842631644504967,-0.8532128316148504,-0.8707795770741968,-0.8909762534656835,-0.9088043875368261,-0.9195289846880745,-0.9195388642630963,-0.9070141270696289,-0.8822865685177679,-0.8478316052710999,-0.80789405442736,-0.7678137111855665,-0.7331688346004424,-0.7088870639121236,-0.5714822624360841,-0.5756088932355066,-0.5919504268529074,-0.6185180688853115,-0.6521892146327827,-0.6893221237593181,-0.7264449539244556,-0.7608927309410062,-0.7912752677136012,-0.8176894053167851,-0.84163491959473,-0.8656469380639065,-0.892709319514133,-0.9255540378574589,-0.9659739552877848,-1.0142764059775937,-1.068982562151932,-1.1268363673308532,-1.183133929737862,-1.2323287763183508,-1.2688198731891642,-1.2877962500236508,-1.2860002176245846,-1.2622826899690867
-0.9183676242594522,-0.9099210057984437,-0.9017347660929202,-0.8926487858796185,-0.8819214901302525,-0.8695403639346644,-0.8563440166013949,-0.843926353982873,-0.8343385227982203,-0.8296466744304981,-0.8314351699275188,-0.8403594745318101,-0.8558476150604605,-0.876024310110616,-0.89789193798354,-0.9177544591563314,-0.9318229658445294,-0.9369034759521949,-0.9310462043191524,-0.9140352749760303,-0.8876194434038314,-0.8554247456443691,-0.822542537203242,-0.7948422603735802,-0.9510206511065771,-0.9498264150590122,-0.971552056469015,-1.0169708010633385,-1.0836887192691733,-1.166336852133075,-1.2572190744775429,-1.34732633602428,-1.4275680611283796,-1.490035372710805,-1.5291045370080678,-1.5422135954150025,-1.530196280675916,-1.497126266047786,-1.449699988929759,-1.3962554328068975,-1.1009262526659114,-1.0682678902796152,-1.0494227618512988,-1.0472086571513768,-1.061927535224669,-1.091402786178681,-1.1313656006201476,-1.1761270892372995,-1.2194338408353742,-1.2553799591495927,-1.2792413465283214,-1.2881094824125006,-1.2812316108705222,-1.260009217876753,-1.227661420042508,-1.1886163133948384,-1.147741588675319,-1.109555838897748,-1.077566182536256,-1.0538528927999202,-1.0389707130841452,-1.0321690127827434,-1.0318633800044388,-1.0362358192045256,-1.0438131319431319,-1.053880731311924,-1.0666308770825015,-1.0830102822514938,-1.1043061751984657,-1.1315741302234368,-1.165049967228637,-1.20369308341489,-1.244979635495293,-1.2850090967799783,-1.318920472360716,-1.341550216822893,-1.3482159361795127,-1.3354866731665371,-1.3018043386883604,-1.2478484679114636,-1.1765808506025675,-1.0929588382211024,-1.0033575357093838,-0.9147843580151305,-0.8339993205126331,-0.7666677968823173,-0.7166681340891001,-0.6856551134645112,-0.8224874374358255,-0.8258993330722512,-0.842901307837593,-0.8671301975752073,-0.8922836347327522,-0.9131569392735434,-0.9264844254967555,-0.931447461144994,-0.9297632630883392,-0.9253357453467472,-0.9235218086156524,-0.9301310977520305,-0.9503232386983442,-0.9875857127810725,-1.0429642060829014,-1.1146771106086493,-0.9803319321974886,-1.0527541711724384,-1.1226155313043078,-1.1830620500036977,-1.2280062312485753,-1.2529826190390105,-1.2557656720051,-1.2366569458878303,-1.1984028038022974,-1.1457634886703956,-1.0848093975093507,-1.0220617143647341,-0.9636155714960887,-0.9143815558544901,-0.8775566233852339,-0.8543930876880657,-0.8442819907908086,-0.8451140675754821,-0.8538368315355804,-0.8670975238790668,-0.8818533240820705,-0.8958431712202586,-0.9078468636215469,-0.9177006554904494
-1.1321968942992056,-1.1034422370928334,-1.0589787422094648,-1.0019570575992274,-0.9373020602797186,-0.8711548412441253,-0.8100934672310897,-0.7602457718406751,-0.7264304923644632,-0.7114637885605094,-0.7157457959714086,-0.7371996018057411,-0.7715795998629662,-0.8131066835593302,-0.8553341287261943,-0.8921094128365831,-0.918480311393155,-0.9314015135547518,-0.930129658925572,-0.9162450485644807,-0.8932990665387367,-0.8661474899650009,-0.8400811727979619,-0.8198984763599724,-0.9888667214252015,-0.9889633847765491,-1.0015952453723402,-1.0234084985413752,-1.0490433568988176,-1.072025428267052,-1.0858440689847246,-1.085039078489526,-1.0661180631968805,-1.0281573072144465,-0.9729933895793945,-0.9049814111529575,-0.8303666252100212,-0.756377512049944,-0.6901899676639796,-0.6379281126548995,-0.4940638138867729,-0.4826267267864937,-0.4871554165923954,-0.5053520514010906,-0.533571678210748,-0.5674821450067034,-0.6027987585910324,-0.6359758996012559,-0.6647464939994923,-0.6884249603439696,-0.7079267835928702,-0.7255034128768616,-0.7442385887120956,-0.7673943153011656,-0.797724054296046,-0.8368807782713887,-0.8850342115175676,-0.9407748827140272,-1.0013275652805487,-1.063033278050847,-1.12200062059982,-1.1747876524789607,-1.2189655134302668,-1.2534388895283335,-1.2784524358938174,-1.2952846793365014,-1.3057047853144539,-1.311324923825821,-1.3130075898418647,-1.3104764621656848,-1.3022338551803094,-1.2858186339288527,-1.2583620917822942,-1.2173331739337463,-1.161322636725427,-1.0907058614197302,-1.008046109740216,-0.9181473772079807,-0.8277277711345841,-0.7447483335988745,-0.6774876317718073,-0.6334915054488245,-0.6185460075786298,-0.6358190492856106,-0.6852943750689348,-0.7635838083149071,-0.8641549749217271,-0.977957581632552,-1.337573280275726,-1.4696091275854042,-1.5789569262949907,-1.6556006654510966,-1.693035489464008,-1.6889211462054048,-1.645210382139115,-1.5677429204705347,-1.4653717777794475,-1.3487547192147658,-1.2289889001549243,-1.116283864342731,-1.0188545107640214,-0.9421741085471451,-0.8886653911423356,-0.8578360371131819,-0.6928328392323206,-0.6963026560471776,-0.7079951265272725,-0.7237349300306746,-0.7400044884175269,-0.7542790066671043,-0.7651159624904281,-0.7720194208328788,-0.7751406956424551,-0.7749038261849989,-0.7716526150471028,-0.7654046797016497,-0.7557698406708577,-0.7420510413717699,-0.7235036853320442,-0.69969212817913,-0.670857398176708,-0.6382029922318356,-0.6040174663833118,-0.5715815630781735,-0.5448485711615526,-0.5279319387237931,-0.5244753213232817,-0.5370092980039938
-0.7916846794898221,-0.7748822372283887,-0.7614502999356508,-0.755324915649065,-0.760340605619019,-0.7794827640779385,-0.8142119185290339,-0.863984936186401,-0.9260691038169093,-0.9956983466042856,-1.0665644490028694,-1.1315795423810668,-1.1837990227850006,-1.217364624881805,-1.228320830966737,-1.2151755047387212,-1.179114862204668,-1.123837216532354,-1.055030366426002,-0.9795739873789772,-0.9045915322109794,-0.8364988027486217,-0.7801948352354082,-0.7385154524882646,-0.8702530098195012,-0.8545373932794493,-0.8515593132985891,-0.8562262560799438,-0.8632567540053927,-0.8681201423351772,-0.8677817571992741,-0.8611378936693487,-0.8490822949960959,-0.8342115247209639,-0.8202386551228112,-0.8112325526471108,-0.8108257270306949,-0.8215334843324442,-0.844301961582214,-0.8783578699214669,-0.7538538940202684,-0.7935803979895566,-0.8346510609167482,-0.8740813093897946,-0.9096188078018538,-0.9401282780575143,-0.9657558011086786,-0.9878362415270328,-1.0085513307767753,-1.0303905074678792,-1.0555053554770717,-1.0850750845222705,-1.11880944564503,-1.1547029503493649,-1.1891192787837608,-1.2172302455878756,-1.2337670737869266,-1.2339745505555881,-1.2146048751887009,-1.1747611771993345,-1.1164103363565157,-1.0444332908809182,-0.9661619736081062,-0.8904503936711313,-0.8264226054332415,-0.7821109452987232,-0.7632270914862904,-0.7722884100633629,-0.8082562427016928,-0.866745458854756,-0.9407570316565681,-1.021790650085074,-1.1011316279654957,-1.1710865931678591,-1.2259664808658934,-1.2626746876802792,-1.280837955706382,-1.2825004657030232,-1.2714722902089672,-1.2524709869986415,-1.2302147910280405,-1.2086182621211239,-1.1902112366399427,-1.1758567857868147,-1.1647916442558202,-1.1549609107296397,-1.1435743956062627,-1.127780137384014,-1.3509651393126993,-1.3140795352976964,-1.2682432239154218,-1.2158554419923941,-1.1609289149297801,-1.1084951634187576,-1.063796651296642,-1.0314024074560117,-1.0143998213057766,-1.0138052446307328,-1.0283009515274357,-1.054351568256029,-1.0866885605390826,-1.1190880070358473,-1.1453158765681808,-1.1600854325563787,-0.9489833282973699,-0.935531055226488,-0.909799387485591,-0.8746077080575574,-0.8341295679187889,-0.7932196371941539,-0.7566527222378618,-0.7284031849973818,-0.711083803461719,-0.7056332864604845,-0.7112966992969969,-0.7258909913758319,-0.7462978723121645,-0.7690872676628254,-0.791153337922382,-0.8102452319903487,-0.825296222386136,-0.8364937026576196,-0.8450816969375871,-0.8529381679285598,-0.8620123629680221,-0.8737348996184191,-0.8885201844602986,-0.9054656469210808
-0.8271180215985234,-0.8292507142920125,-0.8153162589117505,-0.7876754396267626,-0.7498368585025424,-0.7058264277106634,-0.6595511417732105,-0.6142688889158399,-0.5722508943828275,-0.5346833263378681,-0.5018072100511182,-0.4732498788847034,-0.4484651646050386,-0.4271799413620874,-0.40974498854311064,-0.3973082629734101,-0.39176477652407643,-0.395482624174652,-0.41085083488092966,-0.4397329574467402,-0.4829333489547216,-0.5397864084250286,-0.6079614566101671,-0.6835403545645747,-0.9305723397753184,-1.0214106354850951,-1.1010520859739223,-1.1637138165333833,-1.2055772058621816,-1.2253707701415646,-1.2245832233821743,-1.2072590125541787,-1.1793971136536203,-1.148040192576622,-1.120193883215031,-1.101745759366686,-1.0965554227046412,-1.1058607542573222,-1.1280954322798733,-1.1591479024567788,-0.9761097052891538,-1.0004770039585265,-1.0160001229279372,-1.018250460584917,-1.0046231996498296,-0.9748318121157818,-0.9310626518823986,-0.8777600343008913,-0.8210645962284719,-0.7679781869966052,-0.7253707986850997,-0.6989732626627209,-0.6925086305158268,-0.7071019299910011,-0.7410715859195355,-0.7901491703510164,-0.8481045645211505,-0.9076823317383798,-0.961695752789473,-1.0040908148514311,-1.0307929665937587,-1.040187375606401,-1.0331530518312835,-1.0126589057886695,-0.9830168054378972,-0.9489534960733838,-0.914694641441334,-0.8832433203051506,-0.855985326311302,-0.8326771051383437,-0.8117875545773191,-0.7910916834529951,-0.7683678894811535,-0.7420395736911183,-0.711625411035736,-0.6779125894161586,-0.6428306089844038,-0.6090654941538427,-0.5795033465822335,-0.5566202535830383,-0.5419399832530705,-0.5356635594984603,-0.5365408914956893,-0.5420110111064091,-0.5485914013037596,-0.5524551032166629,-0.5501024430565018,-0.5390166243173153,-0.633345425150853,-0.5969801313286522,-0.5529389161443462,-0.5063601988605596,-0.46360755715058044,-0.43135543499522866,-0.4155754462716337,-0.42058414686709245,-0.44830947961892165,-0.497902624742402,-0.5657688998208716,-0.6460240595908048,-0.7313120851420587,-0.8138594080053322,-0.8865992348950046,-0.9441856779183365,-0.8048729000184268,-0.8224064983166749,-0.8272609044725756,-0.823350134129657,-0.8156371373044521,-0.8092523035710787,-0.8085969616238738,-0.8165799269490817,-0.8341126097189092,-0.8599448674191028,-0.8908670109459912,-0.9222427191854116,-0.9487832552445695,-0.9654343502458664,-0.9682298178672537,-0.9549730570154231,-0.9256376217563389,-0.8824256613910962,-0.8294800202584108,-0.7723024173904292,-0.7169768765232221,-0.6693267446149676,-0.6341406385991871,-0.6145867788171502
-0.834749397642882,-0.821028453948508,-0.8098113331604209,-0.8026343070538461,-0.8003938169371844,-0.8031437798704478,-0.8100950409966503,-0.8198188592569874,-0.830613244210207,-0.8409554901650891,-0.849943345328584,-0.8576252271089236,-0.8651375981966029,-0.8746022259613694,-0.8887815209444632,-0.9105382829942321,-0.942188055403854,-0.9848598656799372,-1.0379887413717774,-1.09904878788219,-1.1636004753975375,-1.2256754925257072,-1.278465329535416,-1.315225377114929,-1.6258785941570477,-1.6131701634314695,-1.5681084903653195,-1.4931554418649056,-1.3944424232079409,-1.2811949378621683,-1.1647033654649257,-1.0569766837464558,-0.9692665977697865,-0.9106712634243945,-0.8870168876783853,-0.900173825002065,-0.9478983797558787,-1.0242132485361812,-1.1202611696353901,-1.2255002703842341,-1.087417356523891,-1.162722852027663,-1.2222934050474683,-1.2622228842574272,-1.2812952306953305,-1.28090547710282,-1.2646451862645245,-1.2376311824184463,-1.2056879511164866,-1.1745092184078185,-1.148921434190404,-1.132351535992992,-1.126565804901116,-1.131700309405685,-1.1465529426365542,-1.1690606543469098,-1.1968520244995868,-1.2277525480926033,-1.2601324117738446,-1.2930236135632092,-1.3259885891707524,-1.3587844252270256,-1.3909207303713158,-1.4212414182884978,-1.447661630974157,-1.4671588246554503,-1.4760581756465667,-1.4705806433944961,-1.4475547205960393,-1.4051467520394398,-1.343451137679552,-1.2648040280559725,-1.173736781192189,-1.076555990728954,-0.9806093396584672,-0.8933555489473423,-0.8213911214687752,-0.7695915054613794,-0.7405012536472181,-0.7340633877641775,-0.7477220221328648,-0.7768744029702319,-0.8155976178866959,-0.8575377289413725,-0.8968288100596008,-0.9289077977254739,-0.9511076646292391,-0.9629439226128804,-1.180732587104899,-1.1779771676417214,-1.1740592615848122,-1.1746265895097299,-1.1845026422427898,-1.206736025730722,-1.2419342587591278,-1.2879969461658558,-1.340300934287682,-1.3923174126750852,-1.4365698811866217,-1.4657845116555415,-1.4740506894779322,-1.4578054914287557,-1.4164825422238354,-1.352718807360544,-1.0407956645607792,-0.9673940231922968,-0.8939147015702247,-0.8276982256627987,-0.7751097700035008,-0.7407356083861127,-0.7268599055918821,-0.7332922163423153,-0.7575584104156221,-0.7954095808731161,-0.8415545073977818,-0.8904893827187653,-0.9372886396324658,-0.9782338633110085,-1.0111910095976877,-1.03569317190019,-1.0527384238894992,-1.0643605910925784,-1.0730668733865305,-1.0812541137321832,-1.090712609242721,-1.1023038696089846,-1.1158613097457286,-1.1303177779972402
-0.8007974560444265,-0.8363573357954367,-0.8842741985496696,-0.9410856044675664,-1.0016258012359445,-1.0596555758393011,-1.108692793016759,-1.1429171945189558,-1.1580073772849602,-1.1517757832117708,-1.1244980190604774,-1.0788810049832702,-1.0196723761365152,-0.9529715580859146,-0.8853512485045525,-0.8229285021710252,-0.7705320666959832,-0.7310957763204405,-0.7053695232849486,-0.6919860747556605,-0.6878628098693236,-0.6888623347456112,-0.6905941950871485,-0.6892185388835073,-0.8336961995233382,-0.816818916396244,-0.792695570153009,-0.7641596317101977,-0.7353290273306519,-0.7107797300026087,-0.6946444144689796,-0.6897989194366962,-0.6972817962717234,-0.7160496243914396,-0.7431108406994886,-0.7740143094454103,-0.8036074605732682,-0.8269330878238031,-0.8401113113818534,-0.8410569620086259,-0.6790182849602194,-0.662002575786824,-0.6407211257128912,-0.6199226156900917,-0.6047658934445161,-0.6000282263791556,-0.6093499993377406,-0.6346316469121218,-0.6756773307557975,-0.7301447023639704,-0.7938153077551058,-0.8611513545193935,-0.9260582925049727,-0.9827361949390394,-1.0264832702784867,-1.0543174268480717,-1.0653089276087615,-1.0605665097194716,-1.0428834057490355,-1.0161164839651293,-0.9844268736752566,-0.9515405804796581,-0.920183970096496,-0.8918103598019672,-0.8666676634417229,-0.8441778134868828,-0.823525179744573,-0.804301231708483,-0.7870385065326554,-0.7734919696408741,-0.7665838272822387,-0.7700046289646622,-0.7875409376999489,-0.822260539336348,-0.8757176497189548,-0.9473379011416059,-1.0341089519081135,-1.1306464880539528,-1.2296396126154452,-1.3226167319296809,-1.4009232444028101,-1.456772014948812,-1.484219169981178,-1.4799302043079485,-1.443631432210462,-1.3781847019757842,-1.2892734973575037,-1.1847400931949505,-1.312251278211045,-1.1797828656546607,-1.060812145377373,-0.9633208974304223,-0.8922721022990776,-0.8492386880227819,-0.8324988820899726,-0.8375675656909135,-0.8580681475231564,-0.8868000644615811,-0.9168314221657193,-0.9424488172692753,-0.9598264284545145,-0.9673285720432789,-0.965424774065973,-0.9562625494803184,-0.7715446157356953,-0.7601140474441738,-0.7504799281179892,-0.744162543995083,-0.7415938765520977,-0.7421337901721599,-0.7443177872614144,-0.7462740158835752,-0.7462159722609053,-0.7429045231609955,-0.735980622022886,-0.7260967706494856,-0.7148157907297831,-0.7042921997330346,-0.6967956784956943,-0.6941694635897788,-0.6973326372221691,-0.7059309698501969,-0.7182166573479064,-0.7311971024412279,-0.741043881381024,-0.7437039782055569,-0.7356151788212071,-0.7144036732515386
-0.95835160219397,-0.9601961510687679,-0.9654765634129271,-0.971364653596508,-0.9746618758516293,-0.9724522518478009,-0.9626965089205316,-0.9446579778355855,-0.9190821991238367,-0.8880975037686866,-0.8548549125332621,-0.8229733777041406,-0.7958921278450062,-0.776249256381806,-0.7654015705759091,-0.763175766941295,-0.7678996122467715,-0.7767113176754833,-0.7860946811422616,-0.7925458901641329,-0.7932526419682515,-0.7866620945130829,-0.7728320491469729,-0.753496722873213,-0.8944566090278633,-0.8701340290532521,-0.8532725245983153,-0.8485247853627105,-0.8590384667735309,-0.8858243982968067,-0.9274640402663628,-0.9802124430533361,-1.038485966994706,-1.0956585940503958,-1.1450381970570924,-1.1808636893650946,-1.1991606569248978,-1.198317138628788,-1.1792881337983183,-1.1453987934016736,-0.9014575961308022,-0.8628057983701192,-0.8261829909881948,-0.7958030046200986,-0.7744599166021203,-0.7631306239761775,-0.7608847837289481,-0.7651205169136914,-0.772094132448584,-0.777665077512379,-0.778139692539109,-0.7710749072195341,-0.7559004294208037,-0.7342380055101227,-0.7098387677292526,-0.6881204187885819,-0.6753566063734942,-0.6776391883365515,-0.6997862562522723,-0.7443920140665293,-0.8112007221471359,-0.8969351748266704,-0.9956285686248983,-1.0994128972074098,-1.1996274684517596,-1.2880477853476258,-1.3580124835314338,-1.4052495938433476,-1.4282676026365326,-1.4282666751948248,-1.4086204819043557,-1.3740584964915064,-1.3297263675308633,-1.2803102509941235,-1.2293815091883187,-1.179060660499691,-1.130028489073279,-1.0818433031057126,-1.0334693899276823,-0.9838908378657611,-0.9326796220368705,-0.8804048507648853,-0.828805617092137,-0.7806955692041904,-0.739615397393558,-0.7092928980907381,-0.6930032866174173,-0.6929406696818922,-0.867426410400083,-0.906952626360136,-0.9616586015345996,-1.025753676980023,-1.0921876175969893,-1.1535673904974644,-1.203169897162492,-1.2358915130564299,-1.248979525948584,-1.2424213003676323,-1.2189198839525033,-1.1834513279687031,-1.142468025779597,-1.1028719646031098,-1.0709214587799027,-1.051247557107595,-0.8559322513864835,-0.8633570521472045,-0.8799737487876473,-0.9016991033002334,-0.9234753039195889,-0.9401180186946164,-0.9471752805544423,-0.9416558526190978,-0.9225089198894294,-0.8907797695426707,-0.849421157229755,-0.8027978774322242,-0.7559728216990327,-0.7138979609395775,-0.6806474099572727,-0.658819929085438,-0.6492068501828421,-0.65077413221352,-0.6609523916809377,-0.6761758775088865,-0.6925695917635675,-0.7066602023350427,-0.7159849199628256,-0.7194931026112762
-0.5700436329109226,-0.5383238814143605,-0.5013016774006207,-0.4599390906420582,-0.4163519892574223,-0.37380745646090224,-0.3364800990956761,-0.3089855759466246,-0.2957544973570395,-0.3003449695992416,-0.3248106326504659,-0.36923908259715055,-0.43155272215109486,-0.507623744720316,-0.5917037476167444,-0.6771151062601528,-0.7571050342437414,-0.8257324741330792,-0.8786483677691139,-0.9136436332348347,-0.9308745089810808,-0.9327262336285341,-0.9233348787231885,-0.9078436681331641,-1.089629044058015,-1.074139778136174,-1.0667682984872409,-1.0687474921846805,-1.0787460669946551,-1.093171488387426,-1.106873086606219,-1.1141279687384091,-1.109745044532836,-1.0901027082078472,-1.0539467098603241,-1.002814381542671,-0.9410126368558575,-0.8751494357130871,-0.8132894724035102,-0.7638630817310594,-0.6009494552796484,-0.5980250796082092,-0.6186809938722518,-0.6627982264436589,-0.7276413221914192,-0.8081876012137928,-0.8977574759435603,-0.9888540644116992,-1.0740922873695495,-1.1470860616240492,-1.2031685840487767,-1.2398447328221902,-1.2569140344800445,-1.2562530050266467,-1.2413002408216902,-1.2163377938683317,-1.1856987275675224,-1.153044990184225,-1.1208468304261567,-1.090155134247834,-1.060697718874995,-1.0312617951153495,-1.0002627396239325,-0.9663588180198106,-0.9289629832449118,-0.8885292555374028,-0.8465466860878549,-0.8052452403831746,-0.7670877097335441,-0.7341730244849158,-0.7076970498639192,-0.6876029456027741,-0.6725089518158887,-0.65993852411379,-0.6468112209163344,-0.6300974225586413,-0.6075067877383205,-0.5780744147993662,-0.5425289028344235,-0.503366892198046,-0.46461035169897386,-0.43127638417338643,-0.4086362638419411,-0.4013745140645714,-0.41277618921207154,-0.4440695063800652,-0.4940319660323264,-0.558933347521043,-0.7734741696030607,-0.8656662867358439,-0.949772532679262,-1.0163355963533147,-1.057660600251674,-1.0688981559870423,-1.0487704369156956,-0.9998234065215043,-0.9281564637654048,-0.8426586565317,-0.7538558008050593,-0.672532913429688,-0.6083312059072337,-0.5685225290058065,-0.5571358807031781,-0.574555057622528,-0.5053360659368523,-0.5565998567443144,-0.6173028139768605,-0.6802361064012614,-0.7385600732843579,-0.7866789235154275,-0.820869002771806,-0.8395839136214,-0.8434155496871569,-0.8347465045455057,-0.8171768490634234,-0.7948392549551919,-0.7717262789876933,-0.7511415169010826,-0.7353553449797217,-0.7255023725509194,-0.7217098599916093,-0.7234030712866198,-0.72970262330987,-0.7398157211872385,-0.7533297198851558,-0.770341037305603,-0.7913900464091463,-0.8172157955461613
-0.681473152548758,-0.7021883854411631,-0.7259467855434246,-0.7534555892547198,-0.785991574750851,-0.824956150942141,-0.8713183152162493,-0.9250565550802056,-0.9847186954271611,-1.0472045844349656,-1.1078421481740401,-1.1607781854341908,-1.1996495624462982,-1.2184478318874536,-1.2124500988493874,-1.1790686352904798,-1.118475511536352,-1.0338865495383178,-0.9314372579598885,-0.8196446070220875,-0.7085127524328305,-0.6083976438452525,-0.5287854418763867,-0.4771560652469838,-0.5598915147864894,-0.5778247435620011,-0.6341554055117322,-0.7222415070563633,-0.8325654221331237,-0.9539969679627783,-1.07520082923014,-1.1859859991192945,-1.2784117553577774,-1.347509761027608,-1.3915469818099262,-1.4118279213984724,-1.4121047793730068,-1.397719221565021,-1.3746312642406568,-1.3484954244551586,-1.0832094973625837,-1.0669292179534413,-1.0556835586420095,-1.0494885350807746,-1.0475034825755833,-1.048478625785297,-1.0512137559346613,-1.0549319866798448,-1.0594920016234792,-1.0653948344311546,-1.0735822206869734,-1.0850667651975028,-1.1004725277954246,-1.1195909011450869,-1.1410644633441558,-1.1622967438634497,-1.179648223902249,-1.1889229519617843,-1.1860854560247356,-1.1680875295691884,-1.1336434800439361,-1.0837826796149366,-1.0220358924358952,-0.9541745442247337,-0.8875086109862971,-0.8298410080282663,-0.7882533956516169,-0.7679418161550959,-0.7713194983046632,-0.7975578052866282,-0.8426545583150917,-0.9000197857854908,-0.9614737119695528,-1.018480038183278,-1.0634024734696292,-1.0905783847726604,-1.0970457990048763,-1.08282745027756,-1.0507533892725633,-1.0058773332866946,-0.9545999413825975,-0.9036475929624439,-0.8590657681165749,-0.8253733886576992,-0.8049927302160105,-0.7980244771646544,-0.802385526825085,-0.8142747895177591,-1.0130827278261598,-1.028195684333405,-1.0353235878787364,-1.0309234501410516,-1.0137169179555534,-0.9848736255881713,-0.9477858570656577,-0.9074766487123176,-0.8697435941846322,-0.8401840073399669,-0.8232660836354357,-0.8216017590779786,-0.8355414818324267,-0.8631551963274984,-0.9005972513862563,-0.9427873247750748,-0.8053250968039676,-0.8347203740951187,-0.8566782074394238,-0.8698846117005917,-0.8747635562509214,-0.8733475093887962,-0.8688744355717282,-0.865186738120929,-0.8660403120801816,-0.8744449976971687,-0.8921493207780646,-0.9193543150256781,-0.9546987458682384,-0.9955089829195396,-1.0382599665015122,-1.079157542870862,-1.1147332687499711,-1.1423438547800275,-1.16048829168518,-1.1688923547729122,-1.1683557310817123,-1.1604029715146589,-1.1468172787468607,-1.1291587210392764
-1.2726560497036319,-1.2249859710459443,-1.1625514015825398,-1.0912703105958004,-1.0176263540991297,-0.9478045507388445,-0.8869071013484602,-0.8383711373632237,-0.8036742358010099,-0.782363535624146,-0.7723889403453233,-0.7706697782709107,-0.7737862075982122,-0.778668076085291,-0.783157917805679,-0.7863503845137889,-0.7886529784789102,-0.791564840315724,-0.797222307387773,-0.8078027714724658,-0.824904439970144,-0.8490243215193655,-0.8792392724086139,-0.9131583432322422,-1.1576466457195456,-1.1940111021719721,-1.2198038169565155,-1.2304839096012135,-1.2231529801314684,-1.197136620703411,-1.1542277508677834,-1.098540144842581,-1.0359866905165713,-0.9734609923331228,-0.9178516932147882,-0.8750475520043189,-0.8490930753589536,-0.8416293854002452,-0.8517077438537438,-0.8760022151976541,-0.7440413417229148,-0.7738054647675635,-0.8010487355538659,-0.821589288824706,-0.832679275990792,-0.833412477653587,-0.824834779701131,-0.8097412935223796,-0.7921917691808472,-0.7768199878049681,-0.7680470277309601,-0.7693274082618046,-0.7825571010396484,-0.8077512368313032,-0.84305791788346,-0.8851174737369856,-0.9297122957091012,-0.9725927193890264,-1.0103221503153,-1.0409708890417997,-1.0645091696597413,-1.0828046783994707,-1.0992089509582215,-1.1178043821802781,-1.1424595559268638,-1.1758870684980285,-1.218903059680603,-1.2700489890154834,-1.325662020512873,-1.3803874781585996,-1.4280362535897428,-1.4626217547580942,-1.4793789877608077,-1.4755776442687445,-1.4509870602863615,-1.4079214608081019,-1.3508728851517382,-1.2858106243068885,-1.219277509877615,-1.157438166219467,-1.1052314561206407,-1.065752740685017,-1.0399482184424031,-1.0266516972749609,-1.0229416450579498,-1.0247501374177417,-1.0276207987059789,-1.0274938571194743,-1.2483718346848098,-1.2319051420452007,-1.2068891892341564,-1.175845622288465,-1.1428834425587657,-1.1129571728767358,-1.0909797874958356,-1.0809408278433115,-1.0851796846504869,-1.1039379224299206,-1.1352667922590125,-1.1753047738386608,-1.2188757826706313,-1.2603029389196245,-1.2942954841700565,-1.3167542670723797,-1.084382530641265,-1.0798525684127376,-1.065113303222116,-1.0427555426725426,-1.016035310291075,-0.9882037089839018,-0.961857784858487,-0.9384329832372728,-0.9179324215345213,-0.8989456457860917,-0.87895726578045,-0.8548930887243963,-0.8238074256545398,-0.7835879479834315,-0.733548758149935,-0.6747993868448077,-0.610314444772423,-0.5446793456379155,-0.48354317140471437,-0.4328607566931264,-0.39804357370427845,-0.3831564494459304,-0.3902914320323733,-0.41922211837034573
-0.704717843254347,-0.7098134575759805,-0.717341914292518,-0.7280040202601328,-0.7416935830376181,-0.7573642293191333,-0.7731200705733792,-0.786520737738225,-0.7950470107365342,-0.7966384599703843,-0.7901959395311493,-0.7759432658533358,-0.7555641879593031,-0.7320692964304332,-0.7093961828364185,-0.6917963184696204,-0.6831046707473063,-0.6860150682923686,-0.7014904004791167,-0.728420121099826,-0.7636004152683125,-0.8020606394464205,-0.8377018156093411,-0.8641588719473904,-1.0703701196124626,-1.0613960912227747,-1.0270845975493097,-0.9685169505210423,-0.8900361344895202,-0.7987551305224674,-0.7036468740787962,-0.6143488648318443,-0.5398611759822596,-0.48733361116636614,-0.4611233045293932,-0.4622607874343607,-0.48839794978812984,-0.5342363805461045,-0.592361726531048,-0.6543506376675126,-0.5825294626477515,-0.6204785953915345,-0.6454144745940777,-0.6557938276542233,-0.6524401026483667,-0.6382999734713004,-0.6179063450836026,-0.5966374296214224,-0.5798880097808532,-0.5722787521994934,-0.5770212283972914,-0.5955309031962739,-0.627340539506128,-0.6703171848046109,-0.7211342023942493,-0.7759043229203315,-0.830849408764817,-0.882875025657875,-0.9299368355785432,-0.9711296914579175,-1.006491491970005,-1.0365795974778913,-1.061932676020117,-1.082561262781639,-1.097607245467536,-1.1052750622779322,-1.1030734843367687,-1.0883313797258687,-1.058882068174135,-1.0137655630986115,-0.953787089656751,-0.8817960902134664,-0.8026058840763333,-0.7225468003227126,-0.6487184305598233,-0.5880642797679979,-0.5464237924899226,-0.5277182867743173,-0.5334010640696496,-0.562255201922671,-0.6105652247323101,-0.672631159943966,-0.7415440220066547,-0.8101066091457988,-0.8717660553051172,-0.9214258769570287,-0.9560243418963181,-0.9748002253593105,-1.1968149298915411,-1.1886462672880365,-1.1722997380515,-1.1535315801698047,-1.137425005332231,-1.1274817556175076,-1.12499960563339,-1.128839723448832,-1.135625187070962,-1.1403411036691207,-1.1372395070019499,-1.1209000856528097,-1.0872700166370075,-1.0345078368164815,-0.9634873857936835,-0.8778732803574764,-0.6412498211594359,-0.5636113825353484,-0.49218815695759116,-0.43339805399884057,-0.3923564597201599,-0.3721938719243129,-0.3736711412029133,-0.395145699390614,-0.4328846218990931,-0.48166476655281826,-0.5355558679705262,-0.5887565796873944,-0.6363499989581116,-0.6748642203734904,-0.7025611221324692,-0.7194259313557064,-0.726882298252249,-0.727303477292158,-0.7234219052591544,-0.7177517754533722,-0.7121304642682825,-0.7074569836046016,-0.7036644814797913,-0.699917007447598
-0.49970394999992823,-0.5363891339613596,-0.5890173150414937,-0.6530528081956608,-0.7223631432592688,-0.7899867418362106,-0.8490566001644274,-0.8937414841068644,-0.9200586610506519,-0.9264287486611967,-0.9138816164962834,-0.8858764414890566,-0.8477602158277947,-0.8059471374865076,-0.7669466646519059,-0.7363929100653148,-0.7182281756222467,-0.7141685868659213,-0.7235339679997435,-0.7434648194799406,-0.7694863203147334,-0.7963231088604874,-0.8188285090932743,-0.8328744787671041,-1.0218470320455042,-1.0121235074710095,-0.9911114411658642,-0.9634053411580982,-0.9351069757366556,-0.9128198842023496,-0.9025705804666508,-0.9088347058566892,-0.9338254299305426,-0.9771545903981825,-1.035912900407261,-1.105145351138288,-1.178633780120351,-1.249851133212177,-1.3129286212005244,-1.3634806919956932,-1.1447686316359484,-1.1617166867031805,-1.1680546551101647,-1.1667368307793429,-1.1614477682386428,-1.1559209678677123,-1.1532778663604777,-1.155494318950773,-1.1630798993959055,-1.1750206182749605,-1.1889927741521014,-1.201810454666573,-1.2100283265702343,-1.210591647625522,-1.2014130558868321,-1.1817648211926723,-1.152406660054275,-1.1154192020854052,-1.0737733060470318,-1.0307235217887998,-0.9891566393488901,-0.9510420018108819,-0.9171129584790128,-0.8868600478459762,-0.8588458918722706,-0.8312752938751573,-0.8026900656728742,-0.7726227562445275,-0.7420461273057226,-0.7134960250554665,-0.6908149408678983,-0.6785458363372672,-0.6810819094314811,-0.7017312551644497,-0.7418752781605092,-0.8003838084295292,-0.8734035768039732,-0.95457113152636,-1.0356299968723333,-1.1073676973911872,-1.1607408548763685,-1.1880313011146144,-1.1838742628519028,-1.1460191228662349,-1.0757198839044104,-0.9777009540693632,-0.8596983658323564,-0.7316308820753016,-0.7388374686102315,-0.5978872630035967,-0.4830056691361213,-0.4029480897650971,-0.3627152261106359,-0.3631674153851804,-0.4011603326501183,-0.47016578364767736,-0.5612731451903767,-0.6644155898277304,-0.7696388777069321,-0.8682332860866455,-0.9535802119446405,-1.0216182882710159,-1.070899878707692,-1.1022759375435267,-0.914975955448778,-0.9184177941712364,-0.9152615374561544,-0.9082690265641877,-0.8995695041710929,-0.89055272012496,-0.8819639205381808,-0.8741484174011105,-0.86736541792986,-0.8620802700497482,-0.8591528507005683,-0.8598654557586326,-0.8657709988260289,-0.8783841267083429,-0.8987757232032517,-0.9271576272154214,-0.9625537901554007,-1.0026442474689778,-1.0438404945813582,-1.0816098627632738,-1.1110195986364806,-1.1274271650072438,-1.1272101441258244,-1.1084135992338058
-0.7873318454603391,-0.8157526806724029,-0.8392560974543262,-0.8529460400049448,-0.8525379731816772,-0.8351407671838499,-0.7998698123542065,-0.7481801307201175,-0.6838517553368385,-0.6126155577062605,-0.5414666766477144,-0.4777647875730067,-0.4282567904359547,-0.3981718436346571,-0.39052847830087895,-0.40576038080255805,-0.44171679719865314,-0.49403381068584845,-0.5568139122609146,-0.6235030975926005,-0.6878251227638831,-0.7446263089470566,-0.7905022010786436,-0.824116170251459,-1.034211336579159,-1.0499715320260696,-1.0587922071006193,-1.0653594892632008,-1.073876364416807,-1.0873007389746392,-1.1068567289285063,-1.1318913701698448,-1.1600857792591384,-1.1879670546181824,-1.2116159466013678,-1.2274342898519557,-1.2328302864802403,-1.226699213065072,-1.2096177061741402,-1.183723570230998,-0.942799221311676,-0.9157212123352264,-0.8902769451591683,-0.8688035182114472,-0.852554691343079,-0.8415008667813383,-0.8343823571797535,-0.829015702377308,-0.8228083880046411,-0.8133978477987176,-0.7993021702509141,-0.780457751465115,-0.7585270504355264,-0.736889078538786,-0.7202744480866683,-0.7140698420851344,-0.7233837404477247,-0.7520232999571268,-0.8015679561338102,-0.870727664208628,-0.9551376343738116,-1.0476700746284244,-1.1392487041387747,-1.2200524068994005,-1.2809120034839538,-1.3146579921272987,-1.3171790693172287,-1.28800229032025,-1.2302954610406998,-1.15030137019089,-1.0563182135302502,-0.9574191285405987,-0.8621410953135231,-0.7773645132994943,-0.7075548697165792,-0.6544605693942784,-0.6172738805112289,-0.5931824959751318,-0.5781809130129834,-0.5679811502141411,-0.5588623476558358,-0.5483243992067163,-0.5354545031748129,-0.5209686298532425,-0.5069438866123988,-0.49630530745182283,-0.492166020801958,-0.49713913998132986,-0.6266834831335285,-0.6587641588102084,-0.7018766368482554,-0.7522273565510358,-0.804724845542488,-0.8537408886303444,-0.8939908943683592,-0.921384770431372,-0.9337022360553265,-0.9309744080182749,-0.9155023612260005,-0.8915049510310435,-0.8644517851361574,-0.8401916114887372,-0.8240218480002628,-0.8198551550557792,-0.678781621372592,-0.697914723036227,-0.7261841449473995,-0.7602117037185575,-0.7958380047492131,-0.8288239641470795,-0.8555393223375299,-0.8735191444988513,-0.8817945737158481,-0.8809457545199825,-0.8728753962964305,-0.8603518583901091,-0.8464119130732305,-0.8337381123108327,-0.824129518836298,-0.8181667545362187,-0.8151360193446513,-0.8132284017665673,-0.8099790764201056,-0.8028651622786407,-0.7899494122646192,-0.7704453754309946,-0.7450905607241477,-0.7162458280711588
-0.9706308152689345,-0.9553822566104397,-0.93878206462944,-0.9202447150038702,-0.900299494993704,-0.8806873427515826,-0.86419277246934,-0.8542288372562676,-0.8542407160795679,-0.8670302863374102,-0.8941231080064678,-0.9352968284487374,-0.98836612858342,-1.0492777967794855,-1.1125173409216338,-1.1717747134568028,-1.2207706297417298,-1.2541147825532377,-1.2680585032460914,-1.2610189447725086,-1.233787501055292,-1.1893860913102583,-1.1325925890859936,-1.0692112833272884,-1.2285856990993775,-1.1560265632095845,-1.0938296817160618,-1.04438747863465,-1.0076310031730715,-0.981290658273327,-0.9615256307255112,-0.9438077653264615,-0.9239037943965043,-0.8987849360474189,-0.8673071997363428,-0.8305464520834374,-0.7917320034376489,-0.7557906193712433,-0.7285776952365355,-0.7159230686614422,-0.5912571633270838,-0.6150353113174869,-0.6575059193044293,-0.7168951015545991,-0.7893783045162677,-0.8695264688166715,-0.9509945830530127,-1.0273522979183303,-1.0929344885888075,-1.143584899431971,-1.177179277248942,-1.193844820173363,-1.195837382786988,-1.187091427136026,-1.1725126594019988,-1.15713041650421,-1.1452565998972437,-1.1398024317611677,-1.1418796747761215,-1.1507612218181253,-1.1642056598896509,-1.1790755210100128,-1.1921160331963,-1.2007254413716728,-1.2035490028778244,-1.2007676827881826,-1.194021170428751,-1.1859873467524957,-1.1797173683642597,-1.1778790968458261,-1.1820796917798406,-1.192417703302106,-1.2073621463563076,-1.2239842268794738,-1.238493425746862,-1.2469693953086418,-1.2461459102624899,-1.234097733078404,-1.2107038723711099,-1.177804357293015,-1.1390225559978768,-1.0992810753199267,-1.064087680959474,-1.0387021999523862,-1.02731240403257,-1.0323452475760335,-1.0540204363896923,-1.0902188139070328,-1.3892911799211762,-1.4515058739103361,-1.5109830500236814,-1.5596837998892477,-1.5908000476388362,-1.599706987357881,-1.584601985325407,-1.5467293619663383,-1.4901542701774202,-1.421120022561447,-1.3470898762062327,-1.2756250760511567,-1.2132770361255067,-1.1646682471258656,-1.1319042697298278,-1.1144034725631158,-0.9074958016859233,-0.9093240543748096,-0.9126451242456324,-0.9129539323957134,-0.9066424896770643,-0.8915973817602822,-0.8675229638504227,-0.835945255733189,-0.7999069350374414,-0.7634161115947368,-0.7307517801837318,-0.7057502759583909,-0.6911963489501073,-0.6884201938014367,-0.6971622459647328,-0.7157180779655555,-0.7413252431174158,-0.7707114243138098,-0.8006962280531996,-0.8287320552544984,-0.8532836768343971,-0.8739786456981681,-0.8915054151265441,-0.907284756954416
-0.7726460158788004,-0.786161753198836,-0.7954478878462408,-0.8024565867964952,-0.8098271676941661,-0.8203183725414003,-0.8361519038396507,-0.8583883269030022,-0.8864586200008445,-0.9179544297995074,-0.948740210099104,-0.973397197808632,-0.985951456627486,-0.9807858855860653,-0.9535983837441353,-0.9022522579025797,-0.8273739223276535,-0.7325862640125019,-0.6243189044747354,-0.5112007733144432,-0.4031056681941182,-0.3099772062021529,-0.24059658447679455,-0.20146863746853327,-0.23953917899245125,-0.27377286646892696,-0.34444577162371703,-0.44334305868587565,-0.5595823129925966,-0.6809773062000178,-0.7955160400060768,-0.8927457895173561,-0.9648796586777457,-1.0074886551964448,-1.019711609206073,-1.0039906458011205,-0.9654098538642896,-0.9107681796228039,-0.847546636020756,-0.7829314106349863,-0.5915699858919511,-0.5501231963625717,-0.5185122309298855,-0.4976778919078072,-0.487522183466228,-0.48730644808145934,-0.49605894377383586,-0.5129017300702603,-0.5372282623239356,-0.5686967696803842,-0.6070450703908674,-0.6517735144384161,-0.7017771419374872,-0.7550289465816673,-0.8084176305005121,-0.8578223650016907,-0.8984647709422733,-0.9255204081562245,-0.9349090190676819,-0.9241282792722607,-0.8929638735610126,-0.8439100929910927,-0.7821739570264433,-0.7152075130205406,-0.6518042368960761,-0.6008870412481976,-0.5701863726418809,-0.5650400194620205,-0.5875326055651267,-0.6361341598407024,-0.7059059347274645,-0.7892374571210768,-0.8769836819678755,-0.9598041515099203,-1.0294790557044353,-1.0799924970293173,-1.1082246015867292,-1.1141684904324343,-1.1006698837595073,-1.0727615198014546,-1.0367205206290875,-0.9990081436114019,-0.9652566857655254,-0.9394501644421513,-0.9234087691578137,-0.9166382211242496,-0.9165507905227054,-0.9190114997013553,-1.123365680307983,-1.1147708265076732,-1.0927996145282481,-1.0548409774337342,-1.000839529584992,-0.9333981321891714,-0.8574537480973669,-0.7795799696458262,-0.7070294198398452,-0.6466707204933095,-0.6039906772308106,-0.5823198784492019,-0.5824011361319145,-0.6023618457397613,-0.6380835825730535,-0.6838968478564034,-0.600117597100269,-0.6388268635748406,-0.6716613039187623,-0.6960098102242296,-0.7108897096284621,-0.7168802343015874,-0.7157979165946002,-0.7101873650871847,-0.7027302824319193,-0.69568559868569,-0.6904628896125227,-0.687402241308427,-0.6857920802847706,-0.6841100829359865,-0.6804297433232608,-0.6729043436575657,-0.6602265527534105,-0.6419680654772506,-0.6187283333704146,-0.5920598499669643,-0.5641824049111078,-0.5375417197628599,-0.5143007329311644,-0.4958681171872818
-0.8218061572760798,-0.747094964042283,-0.6658938796838177,-0.5860525831018004,-0.5153048001815167,-0.4602584429282576,-0.4255509905921329,-0.413296867197973,-0.4229073318224567,-0.45130425126358087,-0.4934868272921009,-0.5433551779158595,-0.5946556827656979,-0.6418965123198332,-0.6810902836212791,-0.7102126258364883,-0.7293150006521821,-0.7402888788057321,-0.7463363355434521,-0.751249550143517,-0.7586307351925581,-0.7711900605641273,-0.7902415397666859,-0.8154790342129096,-1.0328552145234609,-1.0706617742903484,-1.1057504614095672,-1.133894590232134,-1.1518162999116548,-1.1578195417489532,-1.1521339907520756,-1.1369107713327526,-1.1158737083172654,-1.0936908828141578,-1.0751797727101844,-1.064486831772421,-1.0643845902873186,-1.0758064847179254,-1.097696369737103,-1.1271942192562936,-0.94919063249886,-0.9750132424782467,-0.995936568130745,-1.008939567252123,-1.0122430633237132,-1.00557772322467,-0.9901946991523174,-0.9686176942761779,-0.9441780632848872,-0.920411889960842,-0.9004241630992835,-0.886335537000997,-0.8789186061042763,-0.8775023539940384,-0.8801777924899828,-0.8842807977466098,-0.8870693187554011,-0.8864633789028533,-0.8816896107746252,-0.8736765634853665,-0.8650859531320694,-0.8599338285523506,-0.8628418101943498,-0.8780438561032549,-0.9083384449407463,-0.9542030319604518,-1.0132684890834398,-1.0802880548518388,-1.1476408230130029,-1.2063044251174542,-1.2471383889178793,-1.2622586592658247,-1.2462670527868458,-1.1971286798292846,-1.1165571955213776,-1.0098564260522374,-0.8852587664472671,-0.7528785843953683,-0.623450481969195,-0.5070421166439687,-0.41192031852140865,-0.3437133560122664,-0.3049600293609397,-0.29507708283123457,-0.3107186371027897,-0.3464517522201206,-0.3956358371631405,-0.4513737002819792,-0.6201557849374679,-0.6829660520341905,-0.7362682721991791,-0.778560119763517,-0.8104684055571391,-0.8342317408934652,-0.8529856563184651,-0.8699865874158753,-0.8879141970635281,-0.9083704362930124,-0.9316523722212583,-0.9568217093392892,-0.982037076845934,-1.0050660604850394,-1.0238616771598845,-1.0370784084764881,-0.8545235183574393,-0.8564141240573525,-0.8556870492126705,-0.8543099223917557,-0.8542632579624596,-0.8570490008784548,-0.8632699336068714,-0.8723738489623521,-0.8826276122786549,-0.8913439078028902,-0.8953351948979029,-0.8915240245170339,-0.8776048643904454,-0.8526365412035565,-0.8174498158733093,-0.7747811734604745,-0.7290875538281525,-0.6860502648672591,-0.6518305884392634,-0.6321851516843467,-0.6315778448033347,-0.6524315247173534,-0.6946452879556074,-0.7554641365273858
-0.5814961818114748,-0.568156469321735,-0.5599706651209337,-0.5594062533306442,-0.5676387717810651,-0.5843262653932376,-0.6076711444464459,-0.6347576036580577,-0.6621026293214824,-0.6863195282183226,-0.7047718322239305,-0.716096175956835,-0.7204952753255187,-0.719742567590856,-0.7168913471165435,-0.71573433759942,-0.7201052018893255,-0.7331433976928816,-0.7566526339053327,-0.7906692192911754,-0.8333220568773423,-0.8810167708748747,-0.9289209167776159,-0.9716750281867873,-1.2273732603908014,-1.2498039134746404,-1.2521567797305877,-1.2342702254386881,-1.198617399137953,-1.1499533832236197,-1.094609228920571,-1.0395497037701884,-0.991350126618958,-0.9552595636428705,-0.9345011020628384,-0.9299181051527402,-0.9400158627351041,-0.9613814107436415,-0.9894020073179178,-1.0191552063594755,-0.856078456934331,-0.8737720376549832,-0.8860712061242682,-0.8938001195258948,-0.8993076892636193,-0.9060269195478303,-0.9178269103351634,-0.9382610629696319,-0.969833495736308,-1.013406563616723,-1.0678549200502057,-1.1300370084981515,-1.195106716100137,-1.2571320767695973,-1.3099325954821972,-1.3480017499485477,-1.3673562907010788,-1.3661566959084142,-1.3449765735391817,-1.306659622243377,-1.2557808568856823,-1.1978086816656053,-1.1381283664214166,-1.0811199806120952,-1.0294756782308934,-0.9838925173835372,-0.9431977058127543,-0.9048709639352466,-0.8658446292481293,-0.8234052478942668,-0.7760029812237179,-0.7237997872492378,-0.6688467111146781,-0.614859916998366,-0.5666461359038238,-0.529294056932459,-0.5072869360559276,-0.5036984547495027,-0.5196107943743491,-0.5538485610138996,-0.6030650201420538,-0.6621587950137852,-0.7249488123110259,-0.7849992298801106,-0.83646786192629,-0.8748521672571868,-0.8975250217675786,-0.903985358873461,-1.094856803845322,-1.0709064995349746,-1.0383222740876308,-1.0028224582290404,-0.969606219036271,-0.9425468474215105,-0.9236446333535789,-0.9128272352972373,-0.9081267795951007,-0.9061983965834371,-0.903085658108157,-0.8950949586845957,-0.8796212095293527,-0.8557750838301027,-0.8246963537609292,-0.7894927368267434,-0.6175714495927622,-0.594082455522013,-0.5798662595522305,-0.5784748210476299,-0.5919880527803834,-0.6206022685466279,-0.6625201023366244,-0.7141641309908842,-0.7706810744443883,-0.8266537587921473,-0.8769026062955201,-0.917243366834751,-0.9450756820261474,-0.9597064477519494,-0.9623576601264796,-0.9558625217980347,-0.9441066523223471,-0.9313141034686565,-0.921303153806939,-0.9168402625076447,-0.9192016429952016,-0.9280141118178797,-0.9413968999832687,-0.9563728064460053
-0.7811726241650462,-0.8273849071251583,-0.8897010101589302,-0.9627874255131823,-1.0396881515477694,-1.112657501186869,-1.1741366747438882,-1.2177304043036448,-1.2390360132052198,-1.236197405185695,-1.2100978876092159,-1.164161783629736,-1.1037963742769026,-1.0355626693397881,-0.96620635144402,-0.901701782658658,-0.846458549764671,-0.8028121656735776,-0.7708728555087278,-0.7487467875311353,-0.7330826117574203,-0.7198430126535886,-0.7051650186877896,-0.6861599760604542,-0.8085200454730959,-0.7722050462326943,-0.732636874971838,-0.6945357454272578,-0.6636026530283836,-0.6455296367188349,-0.64498737544683,-0.6647618616852766,-0.7051849727874544,-0.7639527805696033,-0.8363595579647785,-0.9159062348258667,-0.9951814125538841,-1.0668710378155806,-1.1247359532023435,-1.16440667291642,-0.9686282950192346,-0.9684376175542204,-0.9543768770514787,-0.9300954263546514,-0.90001024086148,-0.8686058846496504,-0.8397767379161166,-0.8163143607008405,-0.7996172106921621,-0.7896626208438592,-0.7852371139480159,-0.7843769078811148,-0.7849325382697666,-0.785146537541961,-0.7841266918453905,-0.7821128845571808,-0.7804726199201925,-0.7814141197984703,-0.7874669483318926,-0.8008357318786401,-0.822769330534518,-0.8530951249546681,-0.8900412207014714,-0.9304116937908046,-0.9701029400306606,-1.004869995619829,-1.031189291841717,-1.0470343804269213,-1.0523919063567257,-1.0493948789107,-1.0420279911272405,-1.0354476927533531,-1.0350383012903681,-1.0453779628284559,-1.0693048578808368,-1.1072533543467222,-1.1569784990701164,-1.2137174992265574,-1.2707629700453165,-1.3203578088224817,-1.3547751340079053,-1.3674237748011318,-1.353820949198047,-1.312296347953406,-1.2443310960887872,-1.1544851953801987,-1.0499218497015879,-0.9395902249287452,-1.0183231665548518,-0.9043721153492442,-0.8160232823381519,-0.7598359647554627,-0.7387413659828053,-0.7518214285355729,-0.7945851474425105,-0.859690124480031,-0.9379934480297532,-1.0197708728896,-1.0959241128542876,-1.1590058132610448,-1.2039283859066416,-1.2282796454550735,-1.2322349444709175,-1.2181205750300204,-0.9734199396753197,-0.9421930403318055,-0.906594215807113,-0.8697366636755786,-0.8339398349938778,-0.800674796181463,-0.7707080715042888,-0.7443823562097561,-0.7219479350656011,-0.703852434229136,-0.6909094775906378,-0.6842960976395989,-0.6853684850234729,-0.6953280060896093,-0.7148060209797437,-0.7434595809960522,-0.7796756549412256,-0.8204675379148278,-0.8616155962731962,-0.898060887153479,-0.9245122357558256,-0.936183843029269,-0.9295496464461735,-0.90298861792592
-1.09778211063936,-1.121485043445904,-1.1330370629643478,-1.1273242738581417,-1.1004877143733904,-1.0507338386393055,-0.9788991022429854,-0.8886608842928431,-0.786339356677324,-0.680297992790458,-0.5800139998580254,-0.4949436392594883,-0.43334226593350617,-0.4012090903476296,-0.40151028344764145,-0.43379358952475894,-0.4942495062862073,-0.5762076308657822,-0.6709925771841695,-0.7690121291478882,-0.860919071365262,-0.9386820632062071,-0.9964204536079785,-1.0308993395594936,-1.2731121373366128,-1.2596706535644842,-1.2244573651176722,-1.1736760195794365,-1.1139361211198044,-1.051338524146964,-0.9907840984186969,-0.935589642943478,-0.8874350577438254,-0.8466055818379709,-0.8124433346402937,-0.7838917756569114,-0.7600095618713278,-0.7403466966468675,-0.7251115903283767,-0.7151051373436181,-0.5820937017841493,-0.5851385277935695,-0.5946200556300467,-0.610182512838679,-0.6305380656707841,-0.6534825123984205,-0.6761257368965412,-0.6953191827014045,-0.7082227874429426,-0.7129204240645514,-0.7089717290080333,-0.6977841108306989,-0.6827048797688442,-0.6687703423757863,-0.6621033270857277,-0.6690157974355035,-0.6949379940559194,-0.7433465695858841,-0.8148883218942271,-0.9068838356491893,-1.0133438114729167,-1.1255460543322708,-1.233117652244387,-1.325465619268933,-1.3933226164920125,-1.4301407720102575,-1.4330856557530536,-1.4034518771124647,-1.3464276305358232,-1.2702554335612515,-1.1849449208015808,-1.1007687050957744,-1.026800159700228,-0.9697297742343012,-0.9331326262249013,-0.9172696088208345,-0.9194089644515292,-0.9345707451926366,-0.9565384585702775,-0.978955927987309,-0.9963330543734241,-1.004816156988208,-1.00262825503631,-0.9901424724853594,-0.9696088518049795,-0.9446039851518162,-0.9193086461700547,-0.8977375698348521,-1.0792785805018479,-1.0719147112990755,-1.0753484998409535,-1.0878545480612376,-1.1061577372464906,-1.1260714635191387,-1.143275317516335,-1.1540924520658937,-1.1561290850665213,-1.1486648181829155,-1.1327282569785675,-1.1108496889043225,-1.0865410047798976,-1.0636020374603856,-1.0453831337184074,-1.0341405324070423,-0.8432205130643925,-0.8458585520691971,-0.8520290310615073,-0.8588716583650001,-0.8631934486248711,-0.8620561854764918,-0.8533137221060677,-0.8359986390302805,-0.8104860857766822,-0.7784044774984412,-0.7423104483780829,-0.7051903110358831,-0.6698839247710935,-0.6385429889799418,-0.6122311312406437,-0.590748269936211,-0.5727208037811575,-0.5559493984914856,-0.5379564188123869,-0.5166344693292053,-0.49087368254690183,-0.4610431156506772,-0.4292219437741751,-0.3991161379607531
-0.3115857032005122,-0.34760261783219665,-0.38495208541734816,-0.4195278798175056,-0.4486747382951747,-0.4714942416188524,-0.4888269985183268,-0.5029227868391994,-0.5168639767536647,-0.5338494729052542,-0.5564694101559732,-0.5861010690211601,-0.6225340436873608,-0.6638916218748973,-0.7068628565190828,-0.7472051032496658,-0.7804293880358616,-0.8025490684024688,-0.8107613384125613,-0.803943004895579,-0.7828744553304017,-0.7501530857156661,-0.7098113286759918,-0.666705378360512,-0.7648420443661759,-0.7227417875002158,-0.6922849512599264,-0.6751984598143802,-0.6710980447473109,-0.6777359071018559,-0.6915582687477626,-0.7084668328881841,-0.7246438517159492,-0.7372914421685126,-0.7451533163503424,-0.7487277316987965,-0.7501366511869922,-0.75267762865596,-0.760140882638011,-0.7760147861881841,-0.6567725235775852,-0.6881096199778041,-0.7279325519190246,-0.7736347727144337,-0.8213025299673223,-0.8662583582975969,-0.9037683415186268,-0.9298038151869663,-0.9417346417134957,-0.9388354359156522,-0.9225085847744212,-0.8961669825438157,-0.8647711694723712,-0.8340735872496342,-0.8096781840550415,-0.7960663933738796,-0.7957605931687969,-0.8087861432863697,-0.8325506741873392,-0.8621889567307192,-0.8913350199183409,-0.9131972260077981,-0.9217456876367703,-0.912790938500313,-0.8847472054404049,-0.8389319409506336,-0.7793439460074854,-0.711965903789193,-0.6437306170304289,-0.5813532583823688,-0.5302515183570142,-0.49374911319779463,-0.47269370588097487,-0.4655338767002905,-0.46881087823619344,-0.4779477049653461,-0.48817336236712616,-0.4954095387959119,-0.4969680921913471,-0.49195303280213004,-0.4813190903731472,-0.4675991994847767,-0.45436571739362447,-0.4455281274474471,-0.44458967521743925,-0.45398589340888745,-0.47461061150189,-0.5056029465764615,-0.6654102399851233,-0.7177206349356062,-0.7692673715907588,-0.8143688289028076,-0.8481468060049014,-0.8672558342783965,-0.8703585623450452,-0.8582685830661838,-0.8337387889883997,-0.8009346325734553,-0.7646867466742602,-0.7296562831906335,-0.6995618112112463,-0.676605583501139,-0.6612011277649621,-0.6520496779322336,-0.5289951187642836,-0.5248324853054684,-0.5184882338808022,-0.5082118732524903,-0.4935226129496483,-0.4754753528303977,-0.456633779477253,-0.4407446837249229,-0.4321613100273759,-0.43510961922860514,-0.45292160579260327,-0.48736878468642086,-0.5382148576464385,-0.603071598596787,-0.6775920210160963,-0.7559784047186894,-0.8317294426571648,-0.8985098031362286,-0.9510038877710599,-0.9856172805488645,-1.000914127568112,-0.997722304057192,-0.9788933127038826,-0.9487610382314455
-0.8325146434437444,-0.8276808389107393,-0.8166984358289722,-0.8022401800795812,-0.7878585990594758,-0.7773801835160457,-0.7742008105205411,-0.7806066967229771,-0.7972465174153127,-0.8228591987752772,-0.8543214209739188,-0.8870256602807567,-0.9155426161836399,-0.9344709192281244,-0.9393410468726497,-0.9274259223930886,-0.8983206940957108,-0.8541875164344463,-0.7996126284339207,-0.7410843496966782,-0.6861617254950142,-0.6424543099635313,-0.6165654797979717,-0.6131593055811799,-0.775246969385535,-0.8300305817959076,-0.9093087947209136,-1.0058160828710683,-1.110474231390634,-1.2136129049269666,-1.3062311830829205,-1.3811131985058225,-1.4336397678683905,-1.4621910776558114,-1.468103587419693,-1.4552155512398333,-1.429097959489862,-1.3961112316209638,-1.3624462640988124,-1.3332997108281015,-1.073700504200708,-1.0646636812597654,-1.0638180943993192,-1.0700700038309492,-1.0816315305565318,-1.0965266047877351,-1.11305420299233,-1.1301187087996731,-1.147364216840201,-1.1650875863907437,-1.183948502114337,-1.2045371274069439,-1.226894034003283,-1.2500961005531017,-1.2720205107309615,-1.2893741506922733,-1.2980290635914842,-1.2936425997802883,-1.2724746572926278,-1.2322581426523782,-1.172946777891401,-1.097167309248397,-1.0102447113977446,-0.9197438233899345,-0.8345649837463072,-0.7637246747385692,-0.7150236754102308,-0.6938375914791474,-0.7022493614806291,-0.7386829348089697,-0.7981047511668655,-0.8727550512263311,-0.9532766047729212,-1.0300430132212093,-1.094463663180856,-1.1400595403818414,-1.1631564409362272,-1.1631163992767637,-1.1421086549391455,-1.1044936260954565,-1.0559463803082967,-1.0024742530483597,-0.9494856993344079,-0.9010471221335872,-0.8594266684373226,-0.8249753605471188,-0.7963432964148626,-0.7709786932585456,-0.9115534242807599,-0.8775993396446149,-0.8381488006740511,-0.7926907585582257,-0.742805185844883,-0.6920851892726639,-0.6456833647791476,-0.6095536728821607,-0.5895124523829256,-0.5902743601062415,-0.6146250910338031,-0.6628712505048,-0.7326621474632959,-0.8192163151730574,-0.9159179600436758,-1.0151870306147142,-0.9077578648514204,-0.9754959001426157,-1.0299543142059984,-1.0691393688073711,-1.0930262352418367,-1.1033484018087445,-1.1031302722472138,-1.0960540183950536,-1.0857769132019295,-1.075319580896793,-1.0666284851852263,-1.0603809348048234,-1.0560544591542347,-1.0522330902961496,-1.0470798082956523,-1.0388749312341505,-1.0265097859686598,-1.009835342877494,-0.989794628502301,-0.9683102295683148,-0.947946222709932,-0.9314085336090753,-0.9209807435587573,-0.9180074843157737
-0.9762016718180255,-0.9101667361591148,-0.836659109894977,-0.7636506362389658,-0.6988339800568972,-0.6485829787798651,-0.6171158641790864,-0.605986060413613,-0.6139736209946717,-0.6373872326361246,-0.6707223794497729,-0.7075662002347101,-0.7416026906405018,-0.767559055925113,-0.7819470478585069,-0.7834895588760127,-0.7731762764137114,-0.7539537305753065,-0.730114292035916,-0.7064958164552975,-0.6876310797712454,-0.676989729191602,-0.6764351063520139,-0.6859779568004413,-0.8602684725006046,-0.8884481901742234,-0.9181255123863443,-0.944362187207157,-0.9629556378965042,-0.9711136013462563,-0.967849865095978,-0.9540435844329512,-0.9321663521958106,-0.90574014648307,-0.8786350634027378,-0.854340562519488,-0.8353440262010765,-0.8227265664415955,-0.8160433026487725,-0.8135020651229417,-0.6646912775042207,-0.662511118913482,-0.6568965388763196,-0.6464865271517544,-0.6310637502482213,-0.6116933945830635,-0.5906217496159567,-0.5709456967207616,-0.5561045930531232,-0.5492795297485435,-0.5528062184555744,-0.567712547345611,-0.5934776093821925,-0.6280757092878393,-0.6683197319009777,-0.7104602006931217,-0.7509395743427543,-0.7871579135703021,-0.8180875275352204,-0.8445884946496912,-0.8693255266183612,-0.8962629233237867,-0.9298040617142191,-0.973725601567968,-1.0301143627584977,-1.098531146037561,-1.1755940831618397,-1.255099078293938,-1.3286917551145954,-1.386996265873,-1.4210150813077114,-1.4235598555084605,-1.3904671150297285,-1.3213933199101398,-1.2200610956193825,-1.0939246211999907,-0.9533175939486153,-0.8102246153722674,-0.6768647517706761,-0.5642900701852177,-0.48118444179693515,-0.4330059285124878,-0.4215590924823711,-0.44502126999531166,-0.49838765685216213,-0.574250484829373,-0.6637921922899297,-0.7578541024919043,-1.036373410847617,-1.1330567409043049,-1.210233947956005,-1.26458719734104,-1.2954570071155531,-1.3044101988259786,-1.2945860131410214,-1.2699503936641952,-1.2345913572293779,-1.1921682956654744,-1.1455890346048583,-1.0969380678969078,-1.0476272684628438,-0.9986964930263362,-0.951164142663457,-0.9063219575722218,-0.7084513194585973,-0.6806805147568128,-0.6600328018548837,-0.6480767816094829,-0.6457376895870071,-0.6529213583740077,-0.668257913046068,-0.6890418923451405,-0.7114127068689927,-0.7307756237199149,-0.7424166879224408,-0.7422238533511532,-0.727399038993177,-0.6970375672598113,-0.6524648880926269,-0.5972542315565215,-0.5368977835771953,-0.4781602113447074,-0.4281974182496833,-0.39356592010621855,-0.37927156990888716,-0.38800596975054064,-0.4196941809783961,-0.4714317743284251
-0.7492757069726295,-0.7063223471626828,-0.6733318486082086,-0.6544805750314578,-0.6520539631528116,-0.6661539141906787,-0.6947370392650218,-0.7339712067862193,-0.7788469695311929,-0.8239407568305246,-0.8642046830353145,-0.8956568816166652,-0.9158662548150777,-0.9241627190975366,-0.9215518404211106,-0.91036288719429,-0.8937032053159133,-0.8748220643449462,-0.8564988222754923,-0.8405617743999213,-0.8276172800985534,-0.8170287461592906,-0.8071390719909063,-0.7956864565604675,-0.7803297403575569,-0.7591815501392998,-0.7312483840463381,-0.6966959836277966,-0.6568921613674187,-0.6142213601316955,-0.5717078412908029,-0.5325197290969925,-0.4994477729864514,-0.47445678228092947,-0.45839365002591204,-0.4509064622643018,-0.4505899223648023,-0.4553304585026481,-0.46278750824355486,-0.47092208830385995,-0.4784741283495396,-0.4852975482795955,-0.4924851011869935,-0.5022495350572248,-0.5175680085852399,-0.5416367358429534,-0.5772166996805981,-0.6259741526860677,-0.687928087064053,-0.761109019102173,-0.8415090959548093,-0.9233643793884692,-0.9997600591290139,-1.0634945296412628,-1.1080871174449418,-1.1287764290083575,-1.1233410561090853,-1.0925883262351679,-1.0404015756890383,-0.9733071895201709,-0.8996078796730136,-0.8282119012865646,-0.7673511401073787,-0.7234090672125767,-0.7000642335372202,-0.6978976544074944,-0.7145243488096013,-0.745209127524522,-0.7838361068876218,-0.8240396259607913,-0.860283476668439,-0.8886980547918868,-0.9075437847659799,-0.917249130577825,-0.9200545472436941,-0.9193629396296555,-0.9189405548830635,-0.9221245789940178,-0.9311767597382321,-0.9468831710980773,-0.968448671163633,-0.9936809666009285,-1.0194122255847737,-1.0420720360921227,-1.0583075202319674,-1.0655453800015788,-1.0624052965510749,-1.0489015419547536,-1.0264057049718835,-0.9973829038362112,-0.9649510051248611,-0.9323414832053442,-0.9023568148241098,-0.876919658076249,-0.8567929737634786,-0.8415200234027433,-0.8295937890808643,-0.8188236603098932,-0.8068307540956695,-0.7915787735246815,-0.7718396070547733,-0.7475036543948494,-0.7196724670966677,-0.6905109068078668,-0.6628805627811253,-0.6398175460298843,-0.6239483783875254,-0.6169517715959322,-0.6191688117761521,-0.6294400436356232,-0.6452091677514905,-0.6628861903314055,-0.6784160935606514,-0.6879607175734682,-0.6885784919840902,-0.6787832646142812,-0.6588807101279024,-0.6310160451625964,-0.5989142515229285,-0.5673457460115076,-0.541397630744593,-0.5256651834922856,-0.5234940560444017,-0.5363978269561767,-0.5637488465034098,-0.6027970115313421,-0.6490183495371356,-0.6967418436549522
-0.3657993934389484,-0.4066260875573746,-0.4592900842949673,-0.5197917133509342,-0.5827272090767633,-0.6419554274337115,-0.6914016235769108,-0.7258754788786066,-0.7417765082079627,-0.7375769517887104,-0.7140075229370058,-0.6739190734784485,-0.6218453489675487,-0.5633397673732496,-0.5041945373463883,-0.4496675214301689,-0.4038382618653131,-0.36919034357389124,-0.346477050909521,-0.3348780783403534,-0.3324053822859356,-0.33647464973296376,-0.3445324085342225,-0.35462195117143813,-0.3657849994080323,-0.37822781886387186,-0.39322457971599284,-0.41277929858625717,-0.4391120793984087,-0.4740677518788176,-0.5185596888268421,-0.5721560304583351,-0.6328908283090681,-0.6973432234582134,-0.7609807626106568,-0.8187166893303153,-0.8655936424424874,-0.8974840482496569,-0.9116941612684835,-0.9073743372364043,-0.8856695629111636,-0.8495858074137184,-0.8035922974711146,-0.753020195771112,-0.7033483596665987,-0.6594828229888094,-0.6251366342401241,-0.6024011814987995,-0.5915714826592169,-0.5912498904328035,-0.5987100831612185,-0.6104616855472405,-0.6229214451360559,-0.6330755629796037,-0.6390145625198168,-0.6402398347668578,-0.6376791453560698,-0.6334020615189686,-0.6300863310606184,-0.6303406138169513,-0.6360250033165962,-0.6477185086970785,-0.6644577854628704,-0.6838171403501537,-0.7023269401300793,-0.7161521364920654,-0.7218922937361375,-0.7173338641879754,-0.7019921747623509,-0.677323342468616,-0.6465551544179748,-0.6141648873830328,-0.5851033746205241,-0.563913276429626,-0.5539064891663767,-0.5565496140013894,-0.5711632240835243,-0.5949810724293512,-0.6235520048650025,-0.6514117417951343,-0.6729122575182842,-0.6830775258444771,-0.678356338601887,-0.6571631718673787,-0.6201322314977626,-0.5700524909699151,-0.5114970813237492,-0.4502032060382509,-0.3922935634125961,-0.34345249227594543,-0.3081763775334666,-0.28920680154938844,-0.28722746892126827,-0.30086566598680525,-0.3269918917289025,-0.3612647820268331,-0.39883027939689514,-0.43506075182912224,-0.46621556894800376,-0.48992033249974815,-0.5053948297125933,-0.5134040490799338,-0.5159544469527073,-0.5158006484907831,-0.515858401272538,-0.5186326429955197,-0.5257629614551919,-0.537764008829016,-0.5540002991823887,-0.5728903292225327,-0.5922922398651145,-0.609990004582775,-0.6241813416414487,-0.6338693303335021,-0.6390788288505227,-0.6408526948311625,-0.6410252805553519,-0.6418139390062909,-0.6453053934301051,-0.6529361029869176,-0.6650699644119873,-0.6807618089157783,-0.6977635909073245,-0.7127873438778191,-0.721992399872987,-0.7216222990369391,-0.7086868321175694,-0.6815723067811812
-0.6921016654866923,-0.695837649353469,-0.693392881200744,-0.6807353392077983,-0.6549151771899108,-0.6147496960794148,-0.5612747594300199,-0.4978738689273506,-0.4300451161322363,-0.36482318169909295,-0.30992921041624255,-0.2727665921005964,-0.2594078986000925,-0.2737228402196277,-0.3167781706169596,-0.3866009003620722,-0.47834226242329003,-0.5848202237566559,-0.6973624692222007,-0.8068285311373599,-0.9046657997752188,-0.9838530052531949,-1.0396061269656007,-1.0697616161850214,-1.0748034107604987,-1.0575548251152909,-1.022605089618228,-0.9755754028307757,-0.9223456724038459,-0.8683588182310112,-0.8180963318777399,-0.7747816483434647,-0.7403239431203222,-0.7154722759071996,-0.7001160524249959,-0.6936481552392187,-0.6953045362842275,-0.7044080553431479,-0.7204713682762754,-0.7431479846966955,-0.7720554655950935,-0.8065236257061776,-0.8453384662393584,-0.8865564971392006,-0.927453687473419,-0.9646503721221134,-0.9944216995765218,-1.0131674470179914,-1.0179806294576506,-1.0072267138312236,-0.9810294356351958,-0.9415592974872785,-0.8930392805302022,-0.8414191296031845,-0.7937215137565978,-0.7571234531684413,-0.7378943646422582,-0.7403557606051875,-0.7660454779187167,-0.8132533595758838,-0.8770440006960881,-0.9498019239251775,-1.0222394446666585,-1.0847167319137,-1.1286572247027984,-1.1478155455559114,-1.1391768344062827,-1.1033327285497798,-1.044276460664871,-0.9686670616238864,-0.8847077243158019,-0.8008467662058244,-0.7245299681910231,-0.6612090744509675,-0.6137511762111878,-0.5823125725943958,-0.5646561123437392,-0.5568189981491156,-0.5539898738342028,-0.5514347826420212,-0.5453203395476096,-0.5333137167826887,-0.5148848021991842,-0.4912875689223031,-0.4652475046287946,-0.4404236356147422,-0.4207427512100175,-0.4097171411351273,-0.40985447757481486,-0.4222501648442662,-0.4464211732204933,-0.48040052093471763,-0.5210690886308535,-0.5646630008025215,-0.6073667395439494,-0.645889349283534,-0.6779259490533706,-0.7024286149682,-0.7196457632665227,-0.7309312080710926,-0.7383654901550738,-0.7442653389759345,-0.750676187407557,-0.7589440750987262,-0.7694468809885385,-0.7815337321847023,-0.7936814577187343,-0.8038355227878166,-0.8098676731470181,-0.8100600663655769,-0.8035201494652127,-0.7904430404123798,-0.7721664611032291,-0.7510022219307922,-0.7298707540549664,-0.7118033955695007,-0.6994039327866952,-0.6943711435770055,-0.6971755937190521,-0.706957878470368,-0.7216762622778106,-0.7384860945983358,-0.7542895896219938,-0.7663605201701101,-0.772930487135708,-0.7736253489013081,-0.7696623658121465,-0.7637573380918685
-0.6493932333153589,-0.7180352889187941,-0.7823605820802451,-0.8366512287301194,-0.8769564209195517,-0.9014772051189767,-0.9106130710803231,-0.9066793332801222,-0.8933562524525347,-0.8749714279809342,-0.855739721473579,-0.8390864838490389,-0.8271604241323863,-0.8206058862601113,-0.8186172335237559,-0.8192487765144374,-0.8199107216515241,-0.8179522024136292,-0.8112213284812071,-0.7985008148675478,-0.7797441162423557,-0.7560759951772437,-0.7295658614983851,-0.7028239627509871,-0.6785021167200559,-0.6587966150713429,-0.6450485473749725,-0.6375167973354541,-0.6353652427719135,-0.6368646118072991,-0.6397686716038608,-0.6417915041140554,-0.6410936073150704,-0.6366828891493818,-0.6286524954651732,-0.618207780147388,-0.6074738832483839,-0.5991160849423414,-0.5958399448214913,-0.5998610371710342,-0.6124409941491069,-0.6335766259744129,-0.6619040677578659,-0.6948445363801813,-0.7289781442403712,-0.760593501032433,-0.7863292383951499,-0.8038036884105397,-0.812123843801099,-0.8121759191594595,-0.8066270813181189,-0.7996090598890518,-0.7961050476142179,-0.8011149228721088,-0.8187217560646398,-0.8512151925429642,-0.8984358055066489,-0.9574831039992568,-1.022878062446177,-1.0871949896751518,-1.1420900186296299,-1.1795717799685521,-1.193302142612206,-1.1796959013058903,-1.1386149228046538,-1.0735213622129525,-0.9910529403015671,-0.9000905225702667,-0.8104815736127865,-0.7316428717059477,-0.6712804633829377,-0.6344330109361285,-0.6229755128228537,-0.6356304134206365,-0.6684419486971374,-0.7155950488266054,-0.7704145767809445,-0.8263690158048392,-0.8779224980860235,-0.9211223253287565,-0.9538650284600718,-0.9758415065271523,-0.9882116578159527,-0.9930948621604836,-0.9929814994341433,-0.9901719447176793,-0.9863348649422112,-0.9822494509276407,-0.9777609196448271,-0.9719404892763732,-0.9634057139307315,-0.950729985324126,-0.9328555838909718,-0.9094254982306234,-0.8809654818732177,-0.8488769172328364,-0.8152379900531019,-0.7824487614319188,-0.75278780758624,-0.7279679218875834,-0.7087818175822049,-0.6949147073563148,-0.6849712314428468,-0.6767245751773673,-0.6675529219188662,-0.654990535270421,-0.6372949559870565,-0.6139231933265789,-0.5858205328983537,-0.5554543661342628,-0.526567687701417,-0.5036755097220482,-0.49137400893248495,-0.49356851525733836,-0.5127458315810188,-0.5494149964062662,-0.6018181169900321,-0.6659725814706837,-0.7360541855818686,-0.8050759252680267,-0.8657685009425209,-0.9115341514909463,-0.937331195047459,-0.9403551968926005,-0.9204128358216881,-0.8799315224174262,-0.8236040451704625,-0.7577238433528357
-0.8304411419750902,-0.83053315893396,-0.8237091119298094,-0.8112958408404449,-0.7956283966518882,-0.779597075603503,-0.7660754841121254,-0.757335531074418,-0.7545588560366764,-0.757538124881091,-0.7646286228534357,-0.7729664088619831,-0.7789217168171771,-0.7787136857613292,-0.7690824221901379,-0.7479022359901301,-0.7146279249659516,-0.6704929705529556,-0.6184198915635654,-0.5626516937652266,-0.5081609550958714,-0.45993135536029167,-0.42222873773505964,-0.3979811691026768,-0.38836947638706665,-0.392694435576686,-0.4085402451677778,-0.4322041504749373,-0.459317685137583,-0.4855536059419085,-0.5072995765051411,-0.5221871326996173,-0.5293909601248998,-0.5296542198334736,-0.5250433049445096,-0.5184816004393548,-0.5131485548434686,-0.5118515010025089,-0.5164799418377097,-0.5276356089795415,-0.544499903155813,-0.5649591855963525,-0.5859649267124388,-0.6040669977573037,-0.6160302697513088,-0.6194310308100887,-0.6131321190997461,-0.5975534661787684,-0.5746854730987451,-0.547832365155588,-0.5211163369980875,-0.49881500743429813,-0.48463805309077446,-0.4810675974681646,-0.4888858315835569,-0.5069897178438109,-0.5325475587987154,-0.5614914353132606,-0.5892732907954343,-0.6117540627493874,-0.6260583661778811,-0.6312223401048724,-0.6284936088056831,-0.6212058917056444,-0.6142345325535091,-0.6131253223195097,-0.6230581533621552,-0.6478432948764259,-0.689142942987408,-0.7460654071532482,-0.8152044235708903,-0.8911087175165253,-0.9670862221340526,-1.036189799225187,-1.0922070467502916,-1.130487865690425,-1.1484842951248193,-1.1459367111453767,-1.1247056128628456,-1.0883065954980946,-1.0412486489708117,-0.9882977997674547,-0.9337886790399501,-0.8810884750836401,-0.8322856352653908,-0.788135364253658,-0.7482514122430145,-0.7114946051494259,-0.6764781833273013,-0.6420924436052806,-0.6079491063639589,-0.574659946255814,-0.5438928406629442,-0.5181873728710528,-0.5005553196938758,-0.49393146986204095,-0.5005700945139087,-0.521496332472142,-0.5561167011370137,-0.6020691719450124,-0.6553544362079802,-0.7107426314771732,-0.7624020829721808,-0.8046569383290139,-0.8327560348079377,-0.843530447455638,-0.8358330304770857,-0.8106873733702109,-0.7711202554448744,-0.7217030095870667,-0.6678744854791498,-0.6151535041432722,-0.5683658590324104,-0.5310071769315319,-0.5048390188506782,-0.4897756409305834,-0.48406973597447933,-0.48475565517335395,-0.48826655941299435,-0.49111477388206015,-0.49051681389462853,-0.48485723657646984,-0.4739162245983649,-0.45882908486023255,-0.44179397288184175,-0.4255886694141472,-0.4129903653791679,-0.4062084234587041
-0.748076734520539,-0.6955513907126321,-0.6333995739589688,-0.5683657568896217,-0.5071611828700635,-0.45557914372128006,-0.4177810177564363,-0.3958565997804971,-0.3897166933533701,-0.3973216132036655,-0.4151952046985289,-0.4391291667081302,-0.46495419219261047,-0.48924720572300995,-0.5098586861746301,-0.5261779137632957,-0.539100965933951,-0.5507182415350672,-0.5637863047706158,-0.5810847776185141,-0.6047769039982392,-0.635889460262501,-0.6740047124808376,-0.7172183835552446,-0.7623700313675892,-0.805504243282815,-0.8424809942337544,-0.8696282891910059,-0.8843240372360227,-0.8854078107834032,-0.873354042736403,-0.8501806102554736,-0.8191129833685552,-0.7840659447768635,-0.7490350000241027,-0.7175029164011851,-0.6919613981763939,-0.6736251785430262,-0.6623802858016956,-0.6569665387464089,-0.65535387692221,-0.6552398003676079,-0.6545760970465316,-0.6520297937910613,-0.6472957916614616,-0.6412044403941979,-0.6356020960198405,-0.6330212100369104,-0.6361931346912424,-0.64748626317488,-0.6683696988992364,-0.699004804686125,-0.7380517898573886,-0.7827463075353452,-0.829255134046577,-0.8732668856333696,-0.9107227170257859,-0.9385538531073963,-0.9552777018677061,-0.9613188201762078,-0.958965924950996,-0.9519450651582834,-0.9446689214404627,-0.9412957005262275,-0.9447807652911523,-0.9561168505650341,-0.9739294106947902,-0.9945271548085272,-1.0124180285216497,-1.0212074233752841,-1.0147187307151893,-0.9881327935523632,-0.938940603659903,-0.8675413940162262,-0.7773861223231319,-0.6746487095326914,-0.5674873219014982,-0.4650209807375464,-0.37618358282721404,-0.3086250003270317,-0.2678099361803467,-0.25642621184947756,-0.2741635663954267,-0.3178702532197939,-0.3820449309092801,-0.45958103788788807,-0.5426537535796359,-0.6236279298279979,-0.6958696768563137,-0.7543637026171505,-0.7960704415505199,-0.8199971794949036,-0.8270000896107428,-0.8193729162371006,-0.8003068370441649,-0.7733200750030589,-0.7417528091808939,-0.708403532438393,-0.6753509079018809,-0.6439664492850631,-0.6150853180377264,-0.5892723823126322,-0.5671040881028945,-0.5493867087097696,-0.5372480242839369,-0.5320691288365538,-0.5352600188771862,-0.5479196021846329,-0.5704504279720122,-0.6022147449135481,-0.6413178558397946,-0.6845867138117158,-0.7277791130971627,-0.7660172817559885,-0.7943966033864575,-0.8086835018125379,-0.8059932038589511,-0.7853329380060438,-0.747910811530871,-0.6971433469327206,-0.6383404342760618,-0.5780978408621618,-0.5234758205338775,-0.481079495106905,-0.45617599651374624,-0.45198121463007473,-0.4692253128004164,-0.5060644990892856
-0.29605909884227793,-0.2666181326574894,-0.25078758250310373,-0.25346839493402523,-0.27795372597410256,-0.32526584430773503,-0.3937849526583063,-0.47924099424446,-0.5750846799327464,-0.6731954945387779,-0.7648317774572545,-0.8416896873176125,-0.8969201908699803,-0.9259590349243028,-0.927052998242613,-0.9014119391207714,-0.8529727309194058,-0.7878189700606097,-0.7133501170839143,-0.6373277014466586,-0.566939312953762,-0.5080117683161105,-0.46447525711256377,-0.43813590984263373,-0.4287628774916409,-0.4344464036686832,-0.4521436891023055,-0.478305833695826,-0.5094750583244133,-0.5427565480590398,-0.5761000556394991,-0.608366649508593,-0.639198006144393,-0.6687417087769907,-0.6973097671020675,-0.7250551580963145,-0.7517418903485857,-0.776660368509377,-0.7987067289144518,-0.8166089180046725,-0.8292504125432245,-0.8360204211071408,-0.8371109366030246,-0.833687390823612,-0.8278796492901537,-0.8225703631704833,-0.8209935625242655,-0.8261924644041778,-0.8404163663324283,-0.8645572159254569,-0.8977328480148767,-0.9371131368072897,-0.9780565426524921,-1.0145795284564363,-1.0401251191263663,-1.0485378519723758,-1.035101447363241,-0.9974644070842396,-0.9362772372092333,-0.8553981377227721,-0.7615897815648354,-0.663718314424685,-0.5715603826922733,-0.4944049094234923,-0.43968484701324606,-0.41187771746368257,-0.4118695879504219,-0.4368933154242001,-0.4810457880892134,-0.5362829822631994,-0.5937080704393842,-0.6449230302838453,-0.6832153663684054,-0.7043954052690068,-0.707174076851001,-0.6930588588750894,-0.6658286001339765,-0.6307114927689095,-0.5934256825291239,-0.5592467213601567,-0.5322439302067992,-0.5147862822737715,-0.5073668102588514,-0.5087416925866601,-0.5163334991778076,-0.5268129723644298,-0.5367535145748648,-0.5432486700202375,-0.5443949594020334,-0.5395683564684419,-0.5294587006380724,-0.5158671688457374,-0.5013113746167333,-0.4885144008096941,-0.4798727242307165,-0.4770001673976919,-0.48043009853636753,-0.4895285362931838,-0.5026317807462045,-0.5173807170610116,-0.5311876111486257,-0.541746753428816,-0.5474922687211113,-0.5479163301884208,-0.5436870978380066,-0.5365431515474877,-0.5289830947115526,-0.5238076162014561,-0.5235994462070335,-0.5302390511283365,-0.5445481705898312,-0.5661303027999719,-0.5934410536631802,-0.6240783896242498,-0.6552410746895193,-0.6842706247784347,-0.7091741828630578,-0.7290263878765584,-0.744167860613774,-0.7561532452767706,-0.7674468180969888,-0.7809106274065261,-0.7991705822613361,-0.8239724484236532,-0.8556472220141448,-0.8927919433087661,-0.9322394136555971,-0.9693435937951216
-1.0162193546614506,-0.9925868730794867,-0.9706634266458477,-0.9528874600148534,-0.9401685738463462,-0.9318324884414246,-0.9258535281274753,-0.9193285704951875,-0.9091053380627172,-0.8924522079573227,-0.8676506878992661,-0.8344062464239772,-0.7940056283311641,-0.7491933916524667,-0.7037893608657174,-0.6621134896729899,-0.6283175291639456,-0.605738283634039,-0.5963825691171859,-0.60063023950224,-0.6172031041580139,-0.6434010779449507,-0.6755606755789401,-0.7096530903438757,-0.7419161700065651,-0.7694105397314723,-0.79040548969441,-0.8045321655876994,-0.8126842663998691,-0.8166921686451498,-0.8188369515117188,-0.8212989501238214,-0.8256462431700738,-0.8324600841161847,-0.8411683936839757,-0.8501198788599514,-0.8568871942829779,-0.8587457740239164,-0.8532429035200415,-0.8387547147425534,-0.8149296715043801,-0.7829351972019011,-0.7454559487120436,-0.7064323684544841,-0.6705701032950528,-0.6426883563783731,-0.6270029400173451,-0.6264539588500209,-0.6421866262197404,-0.6732763711495576,-0.7167574850320008,-0.7679711918532499,-0.8211991679266497,-0.8704989784446663,-0.9106168113254078,-0.937828752022843,-0.950561732145232,-0.9496728350656766,-0.9383192596750749,-0.9214232692656863,-0.9048138355731649,-0.8941933401966937,-0.8941181385123627,-0.9071851963869754,-0.9335804566801249,-0.9710744657099615,-1.0154617265128774,-1.0613517653346674,-1.1031515878418252,-1.1360458089948917,-1.1567885724950133,-1.1641670110748,-1.1590675955213354,-1.1441574177424594,-1.123264783754332,-1.100593507897779,-1.0799253352960063,-1.0639544445435598,-1.0538626116996825,-1.0491928735598943,-1.0480241904132472,-1.0473994026408333,-1.0439209002514165,-1.0344070044860483,-1.0164983256955404,-0.9891161971499713,-0.9527018289951488,-0.9092009431523198,-0.8617992739051057,-0.8144538086630884,-0.7712972759050745,-0.7360140604719715,-0.7112908001776619,-0.6984330090851761,-0.6972115674369945,-0.7059639981868019,-0.7219315472660395,-0.741771818537386,-0.7621555100536908,-0.7803404702426638,-0.7946198937038673,-0.8045636561905357,-0.8110087973350191,-0.815800497656817,-0.8213304805265492,-0.829957396982815,-0.8434165824384993,-0.8623303693645383,-0.8859140250833266,-0.9119390173859059,-0.9369704249308898,-0.9568467101176499,-0.9673262750777061,-0.9647939630142197,-0.9469075489157452,-0.9130717658498717,-0.8646544481887705,-0.8049014584991572,-0.738557084356835,-0.6712460163612787,-0.6087133769531266,-0.5560436089273697,-0.516983124447378,-0.49347469159693774,-0.4854764275217631,-0.4910909246772673,-0.5069785073197283,-0.5289816621576
-0.5920556259740164,-0.5975897110671679,-0.6073617642023623,-0.6182904204499656,-0.6268325862854274,-0.6296254365540233,-0.6241398723472513,-0.6092283004962477,-0.5854631993187054,-0.555195198503117,-0.5223051530361117,-0.4916763196939621,-0.4684614839110032,-0.4572573157816475,-0.4613177392781098,-0.48193602017479886,-0.5181015743797487,-0.5664957878157694,-0.621838116668514,-0.6775380624782842,-0.7265594624934056,-0.762369041193402,-0.779827064709368,-0.7758865777030481,-0.7499976550182369,-0.7041594024373329,-0.642617428421667,-0.5712591187064561,-0.4968043521247426,-0.4259180219955744,-0.3643784712010691,-0.316421911753904,-0.28434998295716474,-0.2684418563725992,-0.2671618125042139,-0.2776066643786729,-0.29610248949766704,-0.3188422459527485,-0.3424571913901061,-0.36443434727682045,-0.3833252595521454,-0.39873160425667264,-0.41109354828589095,-0.4213404558309262,-0.430485340552389,-0.4392514281896003,-0.4478107508159328,-0.45569249828009595,-0.4618863639556886,-0.46512812661116915,-0.4643168699077586,-0.4589816433981095,-0.44969595965678577,-0.4383362950129808,-0.4280986843635587,-0.42322534746503937,-0.42844673560551,-0.4482048677229553,-0.48577945618215734,-0.5424760955536475,-0.6170446237205688,-0.7054697266198813,-0.8012165411270374,-0.8959312123631592,-0.9805065495864052,-1.0463456700182334,-1.086609738689691,-1.0972312168611653,-1.077513551832818,-1.0302138928514981,-0.9611008720325874,-0.8780742821439791,-0.7900080759243726,-0.7055184621296703,-0.631859303913723,-0.574110753692589,-0.534764496596201,-0.5137345190979985,-0.5087507014386389,-0.5160357372384698,-0.5311313117500207,-0.549729516284716,-0.5683782574098419,-0.5849601248846964,-0.5988864987121241,-0.6109959110340837,-0.6231914637105633,-0.6378907704082898,-0.6573887401797412,-0.6832451288467524,-0.7158034479508733,-0.7539259851414196,-0.7949942182114074,-0.835179966410241,-0.869947094379266,-0.8947040028260922,-0.9055003808034088,-0.899652654496196,-0.8761931554203276,-0.8360666998352426,-0.7820402136849023,-0.7183390164694398,-0.6500690293833806,-0.5825195267739927,-0.5204599701586293,-0.4675437484813631,-0.4259115831071102,-0.396051637546242,-0.3769284202319163,-0.3663463655864718,-0.36147464189730244,-0.3594340834173939,-0.35783950740754683,-0.35520214996358207,-0.3511252318039839,-0.34626547309943395,-0.34207742768402205,-0.34039780673234743,-0.342956234310229,-0.3509118608188139,-0.3645096448746042,-0.3829269518152995,-0.40434463664152676,-0.42623363483116145,-0.4458061702428078,-0.4605477294343565,-0.4687281141154189,-0.4697906628837877
-0.4585642432600696,-0.5210972172830881,-0.5868880031397744,-0.6488185460094035,-0.7005544485112158,-0.7373818850831251,-0.7567906242761224,-0.7587198146820364,-0.7454368438468556,-0.7210773671811821,-0.690927099789025,-0.6605646835930804,-0.6350037522076248,-0.6179684430908476,-0.6114110713178471,-0.6153380883249748,-0.627958181422684,-0.6461133026520897,-0.665908406500689,-0.6834260660417103,-0.6954025269383679,-0.6997532668893114,-0.6958662527071985,-0.6846241909368908,-0.6681653962772904,-0.6494379562028937,-0.6316358937896532,-0.6176233527283908,-0.6094508279360262,-0.6080469907760363,-0.6131348288793651,-0.6233782442567304,-0.6367227997035892,-0.6508596580921325,-0.6637210220337476,-0.6739119736657194,-0.6809977014854389,-0.6855936432113413,-0.6892434862830266,-0.6941092517531043,-0.7025317843301092,-0.7165430555954094,-0.7374201321424214,-0.7653635030923236,-0.7993613296972336,-0.8372697750563141,-0.8761029061227427,-0.9124892608497928,-0.9432214178977223,-0.9658045303724174,-0.9789034975338609,-0.9825985276745988,-0.9783856281066845,-0.9688998624567103,-0.9573899076320771,-0.9470244783886769,-0.9401544423318078,-0.937678469005844,-0.9386565275220888,-0.9402809062432244,-0.9382518222785995,-0.927524460844169,-0.9033125077349089,-0.8621683745098506,-0.802928721237317,-0.7273253574348193,-0.6401163309342908,-0.5486799033641573,-0.462116886301099,-0.39000238226100187,-0.3409958614808878,-0.32154481437621063,-0.3348977697586632,-0.380583291269712,-0.45442678813489024,-0.5490848823434173,-0.654995555465103,-0.7615849973901686,-0.8585461185334617,-0.9370093086837047,-0.9904578659148515,-1.015289829558489,-1.0109849680852103,-0.979891494438075,-0.9266947498299929,-0.8576649184938384,-0.7798002145867036,-0.6999851015617153,-0.6242706952549588,-0.5573587680770976,-0.5023353677911016,-0.46065994990870124,-0.43237693273419153,-0.4164846717126117,-0.41137710030788344,-0.4152689170626397,-0.4265268166050161,-0.443854578334543,-0.46631396863585617,-0.49319978572304957,-0.5238189088274744,-0.5572437313350955,-0.5921158007957408,-0.6265647214155312,-0.6582824264490539,-0.6847586247162338,-0.7036462837303757,-0.7131937727383154,-0.7126593308628371,-0.7026184129674141,-0.6850868624824917,-0.6634111683337466,-0.6419166547037422,-0.6253484560874908,-0.6181806332489387,-0.6238982432527368,-0.6443697779696339,-0.6794201350349259,-0.7266876045239168,-0.7818060904079933,-0.8389026173966845,-0.8913485135497586,-0.9326592328243142,-0.9574101307691786,-0.96202867117992,-0.9453391558243516,-0.908772028320022,-0.8562005650551676
-0.5296707360243829,-0.5713224531168618,-0.6024663260392854,-0.6197328944243938,-0.6217274961119613,-0.6091373487059907,-0.5845197012603852,-0.5518162108124909,-0.5156819387225463,-0.4807449026508168,-0.45091961350912785,-0.4288845968580798,-0.41580225138993365,-0.41131531513287845,-0.4138055175073675,-0.4208551842464505,-0.4298193135599101,-0.4383995028604602,-0.44511454925058813,-0.449584578024101,-0.4525819207608061,-0.4558459442714964,-0.46170263695390223,-0.4725651646865078,-0.49041253769508913,-0.5163463621989796,-0.5503100531262664,-0.591023856506389,-0.6361483534928365,-0.6826463033611657,-0.7272756045998781,-0.7671216120596185,-0.8000695253850719,-0.8251283992958698,-0.8425454777338102,-0.8536879923041947,-0.8607122333034383,-0.8660788515522088,-0.87200199558342,-0.879933078147333,-0.8901756110276284,-0.9017066666058676,-0.9122468752528058,-0.9185800965281032,-0.917082455593841,-0.9043844959850461,-0.8780648672515314,-0.8372627949405684,-0.7831014189573697,-0.7188350788404694,-0.6496692050603722,-0.5822482634136132,-0.5238598596180584,-0.481454395693829,-0.4606209305536686,-0.46468227611366175,-0.4940686329915852,-0.5460958003493938,-0.6152133715764623,-0.6937089544091409,-0.772770522848141,-0.8437377228419299,-0.8993306395817929,-0.9346423992626313,-0.947722756916209,-0.9396564089020325,-0.9141364259129982,-0.8766291646110295,-0.8333015609987431,-0.7899192782139263,-0.7509181027893432,-0.7188047694637635,-0.693969350237816,-0.6749070120610744,-0.6587705308099951,-0.6421210330915841,-0.6217211321999243,-0.5952226802460884,-0.5616351729184309,-0.5215107579686945,-0.4768368296990193,-0.43067740946463684,-0.386642574285232,-0.3482869249638722,-0.31854229290772373,-0.2992777954951229,-0.2910549578603429,-0.29311116286524275,-0.3035662522401695,-0.3198102169510565,-0.3390000690871595,-0.35857593356562434,-0.37670336567847984,-0.39256187525931296,-0.4064269289852268,-0.41952998460783386,-0.4337220189377394,-0.45100321037394653,-0.4730079753719203,-0.5005452211848069,-0.5332860480809438,-0.5696661394853149,-0.6070318939171775,-0.64201468617649,-0.671074534014264,-0.6911207965791238,-0.7000996729670558,-0.6974397939796537,-0.6842682826648674,-0.6633469899903852,-0.6387259467296182,-0.6151603019239531,-0.5973795712434229,-0.5893263561160181,-0.59349063317593,-0.610453349822546,-0.6387211347071399,-0.6748875598463517,-0.7141032222851065,-0.7507858370965399,-0.7794611694091549,-0.7956028577578254,-0.7963379468168521,-0.780905596602399,-0.7507956278026119,-0.7095448342267217,-0.6622238442584449,-0.6146966480968592
-0.9375517020610469,-0.8902015742122246,-0.8303036745109292,-0.7628527932260745,-0.6940145050542657,-0.6303404488317536,-0.5779188012698733,-0.5415895767582466,-0.5243439497214739,-0.5269967729892986,-0.548176918060926,-0.584628518133057,-0.631766352899025,-0.6843888566175182,-0.7374291827287871,-0.7866221554412061,-0.8289829957538359,-0.8630290954571682,-0.8887225399326325,-0.9071604023891129,-0.9200834602318728,-0.9293043791623293,-0.9361683876099012,-0.9411510878990995,-0.9436709640121678,-0.9421532749751216,-0.9343347084500142,-0.9177528735339677,-0.8903295261068578,-0.8509376310633725,-0.7998433366077613,-0.7389345028810412,-0.6716839272096207,-0.6028413389113569,-0.5378954381132357,-0.48238739691071175,-0.4411833473804239,-0.41782107172052296,-0.4140343545245593,-0.42952966377312296,-0.46204927371510063,-0.5077096886217956,-0.561561754357375,-0.6182857403304949,-0.6729156155538333,-0.721483970518924,-0.7614923312540809,-0.792138653189145,-0.8142706969294304,-0.8300758858327896,-0.8425596435749456,-0.8548993756903314,-0.8697846149004947,-0.8888606086284838,-0.9123797228567023,-0.9391322261295234,-0.9666788098278336,-0.9918491532714235,-1.0114148198087918,-1.0228030277217846,-1.024701197397276,-1.0174169691146029,-1.002904117116173,-0.9844333524297562,-0.9659639866007474,-0.9513402955722214,-0.9434789190784979,-0.9437200685408872,-0.9514835345851504,-0.9643075407522207,-0.9782688486367749,-0.9887042802928079,-0.9910940978075724,-0.9819384666228977,-0.9594639024970194,-0.9240335663174022,-0.8781936499895333,-0.8263547425781348,-0.7741688903042094,-0.7277097586426177,-0.6925888698095479,-0.673143854790436,-0.671817296841177,-0.6888117785862425,-0.7220640797636543,-0.7675352388907839,-0.8197692033829757,-0.8726362660962115,-0.92015281800363,-0.95725937799205,-0.9804460074709882,-0.9881375838477128,-0.9807880938094429,-0.9606779192200379,-0.9314541446014178,-0.8974937202739066,-0.863196095694596,-0.8323209553377374,-0.8074762302768456,-0.7898333587214224,-0.7791057715068352,-0.7737800604078642,-0.7715455272666405,-0.7698345694388172,-0.7663694516570139,-0.7596132763022339,-0.7490437418284397,-0.735203585268138,-0.7195248619374244,-0.7039674593805773,-0.6905475619069117,-0.6808527372016443,-0.6756430874764663,-0.6746219710444856,-0.6764280188636085,-0.6788582824737525,-0.6792879474656405,-0.6752132272356222,-0.6648179744370458,-0.6474561524092428,-0.6239534232176067,-0.5966600986328328,-0.5692297299836622,-0.5461454710983152,-0.5320616968692801,-0.531063186715869,-0.5459622094830673,-0.5777516427008998
-0.5854037627549459,-0.5783510093696854,-0.5810883346155272,-0.5975794392085936,-0.6302027282670623,-0.6791614278990143,-0.7421950103804115,-0.8146525918253398,-0.8899330867718445,-0.9602391693680861,-1.0175418970145023,-1.0546184104999934,-1.0660120885402877,-1.048775057166472,-1.0028853333725547,-0.931279853613957,-0.8395022646445944,-0.7350213610346833,-0.6263233741791766,-0.521911595520609,-0.4293556051746198,-0.3545188352085999,-0.30106017004286795,-0.2702587636058928,-0.26115929767227586,-0.2709862512539497,-0.2957383007413794,-0.3308534663160728,-0.37183470344652153,-0.4147434673348847,-0.45650126352313847,-0.4949798107710912,-0.528901448787501,-0.5576053175826575,-0.5807557069980204,-0.598073555461431,-0.6091602645933062,-0.6134577665309301,-0.6103555083654032,-0.5994203613554592,-0.5806960550651089,-0.5549999644804773,-0.524140192828335,-0.490985610551979,-0.45934412019413234,-0.43363628298889756,-0.4183877156772713,-0.4175989897064028,-0.4340808576207452,-0.46886071930578216,-0.5207694416661149,-0.5863034382496835,-0.6598247729657359,-0.734114163163177,-0.8012335830374346,-0.8535954556362249,-0.885085325792894,-0.8920560873453096,-0.8740137607828533,-0.8338518717214728,-0.7775607990769703,-0.7134293001225259,-0.6508506226773729,-0.5989250969685627,-0.5650965941861346,-0.5540600587944327,-0.5671297384963246,-0.6021718869223438,-0.654099652948177,-0.7158242232650869,-0.7794767140541241,-0.8376753372203951,-0.8846179845764351,-0.9168272504490432,-0.9334502648752646,-0.9361020628829646,-0.9283208713761049,-0.9147626251766122,-0.9002922768889491,-0.8891297354484123,-0.8841828528667595,-0.8866566626066952,-0.8959762940119481,-0.9100093944784182,-0.9255296032109463,-0.9388306696632283,-0.9463841418821591,-0.94543319379576,-0.9344303660364627,-0.9132552963503858,-0.8831858165869985,-0.8466366338302699,-0.8067179403304504,-0.7666955445832941,-0.7294494661268027,-0.697026528021325,-0.670364304541794,-0.6492318567324713,-0.6323926319730241,-0.6179539504754702,-0.6038331665147303,-0.5882492454386246,-0.5701441438693838,-0.5494518857924636,-0.5271621408831088,-0.505164113979929,-0.4858984388960341,-0.47188176775816915,-0.4651939556361947,-0.46702638583900796,-0.4773802972474607,-0.49497753632017594,-0.5174076135000549,-0.5414912042787171,-0.5637992371370995,-0.5812360038250363,-0.5915801135353076,-0.5938815838668228,-0.5886365292263464,-0.5776990230022583,-0.5639362818908296,-0.5506802230260677,-0.5410673266950007,-0.5373824925500877,-0.5405266106210195,-0.5497106432293593,-0.5624435222746925,-0.574832772983893
-0.6132968270098597,-0.5510771063143515,-0.49502393426697455,-0.44973646376935117,-0.41788045733524815,-0.400016092832989,-0.39475438833869736,-0.3991987667949092,-0.40958424278778494,-0.42199859550305374,-0.4330619711558526,-0.4404544059316478,-0.4432119671290092,-0.4417557268193306,-0.4376657780239569,-0.43325655081275627,-0.4310422314896861,-0.4331967520229325,-0.44110929602307536,-0.4551146905448645,-0.4744427289617876,-0.49738808090991826,-0.521660826848878,-0.5448443857837786,-0.5648686514204858,-0.580404809373617,-0.5911046233535734,-0.5976377602750659,-0.6015201365075472,-0.6047669019380365,-0.6094379181241595,-0.6171650117089419,-0.6287548629616418,-0.6439482308565677,-0.6613877358109435,-0.678807880892233,-0.6934194977717214,-0.7024239532659459,-0.7035669066956897,-0.6956316728093046,-0.6787799102327298,-0.6546709375732555,-0.6263263596688342,-0.5977480065531753,-0.5733379569486656,-0.5572035642767158,-0.5524530542746235,-0.560595173224566,-0.581148037802868,-0.6115380004096832,-0.6473309481349174,-0.6827897670171511,-0.7116984274275131,-0.728342825373036,-0.7284999485324782,-0.7102689052856367,-0.6745867072993869,-0.6253111740886574,-0.5688197919022345,-0.5131571425098975,-0.46684945952523227,-0.4375751210399688,-0.43091798487541166,-0.44942566777433346,-0.4921454375682192,-0.5547248157731366,-0.6300594970588506,-0.7093698256146007,-0.7835103670110742,-0.8442808436003543,-0.885517121753457,-0.9037936278641997,-0.8986500350019715,-0.8723465498117347,-0.8292344346231878,-0.7748862961097763,-0.7151558322092901,-0.6553285784501606,-0.5994897999237561,-0.5501833089686016,-0.508377257043295,-0.47370029378109196,-0.4448715725795752,-0.42022519305321504,-0.3982248983709249,-0.3778767192891181,-0.3589724632748322,-0.3421309430967811,-0.32864133161918535,-0.32014842095910073,-0.3182474835035558,-0.3240724012935227,-0.33796190240094076,-0.359274547503971,-0.3863955952217115,-0.41694258412197865,-0.4481377919155285,-0.47728181051159313,-0.5022398720771342,-0.521845963531095,-0.536141007612748,-0.5463889959980165,-0.5548543404875024,-0.5643679332821855,-0.5777504536359248,-0.5971916693613333,-0.6236979774818202,-0.6567142037952196,-0.6940001973466524,-0.7318019166916108,-0.7653072229897652,-0.7893268566998058,-0.7990997000506326,-0.7910957745930495,-0.7636852949527143,-0.7175588789379841,-0.655820377129658,-0.5837240509491481,-0.50808388442562,-0.43643546711326187,-0.37607140237781095,-0.33309278461045266,-0.3116182543666977,-0.3132685177613418,-0.33700178104837386,-0.3793211932791021,-0.4348179625704796,-0.4969626488258986
-0.4507865735372496,-0.45425561129789893,-0.46343735216371806,-0.47622243859759394,-0.4898462001897945,-0.5014350609949888,-0.5085925720685089,-0.5099154363766841,-0.5053410234766846,-0.4962568581536301,-0.48534436230623645,-0.4761764009476386,-0.472632599678779,-0.4782300921808176,-0.49548429606630173,-0.5254113845027492,-0.567261663232507,-0.6185348373513994,-0.6752806901730043,-0.7326401703511223,-0.7855406893062126,-0.8294327274417619,-0.8609473059751008,-0.8783668652962913,-0.8818334098559681,-0.8732620593339299,-0.8559777556648112,-0.8341392536854145,-0.8120496711294358,-0.7934707588285406,-0.7810556712205425,-0.7759929289235876,-0.7779164873934341,-0.7850901119114677,-0.7948268747897252,-0.8040648130648645,-0.809994406802879,-0.8106266618916972,-0.8052029392082837,-0.7943766020896293,-0.7801366207114558,-0.7654873829816775,-0.7539397202815049,-0.7488991498541621,-0.7530540949743659,-0.7678673245365052,-0.7932584289600033,-0.8275362482784043,-0.8676017563355278,-0.9093989913089022,-0.9485498747216042,-0.9810741692211369,-1.004074257759835,-1.0162609057186662,-1.0182138197965804,-1.0123096615638334,-1.0023061263213213,-0.9926352994549494,-0.9875207782749414,-0.9900776324582837,-1.0015704890345625,-1.0209861491568377,-1.045023911582947,-1.068528179478804,-1.0852997895425809,-1.0891440296958486,-1.074962403183471,-1.0396838350384139,-0.9828620732303028,-0.9068324654342506,-0.8164079633598018,-0.7181818360486263,-0.619574586240758,-0.5278014950639406,-0.4489394816629212,-0.3872403707710906,-0.3447818228255735,-0.32148046766915184,-0.3154278724849184,-0.3234599527529811,-0.34184106762114547,-0.366937381863877,-0.39576815001437066,-0.42635364478819393,-0.45781835085074046,-0.49025127310412475,-0.5243656281311434,-0.5610324517531201,-0.6007825285369138,-0.6433757543438055,-0.6875256674732015,-0.730840728125832,-0.7700066239681586,-0.8011911244905244,-0.8206118126949812,-0.8251745962128951,-0.8130733256562028,-0.784241868482925,-0.7405701616017292,-0.6858322159466601,-0.6253208602644182,-0.5652332514627401,-0.511894290403662,-0.4709344369183891,-0.4465486980634946,-0.44095272888531134,-0.4541216514960347,-0.483852367466578,-0.5261383298849583,-0.5757956883675492,-0.6272398602077348,-0.675288602257178,-0.7158653557377777,-0.7464952687392088,-0.7665225604522762,-0.7770254847224181,-0.7804558954324299,-0.780075654467851,-0.7792942126641207,-0.7810253193802353,-0.7871738901753844,-0.7983380665560399,-0.8137712086257392,-0.8316011831064273,-0.8492582292818874,-0.8640259909266946,-0.8736093730602137,-0.8766112837185887
-0.5051478515785423,-0.5571911529962732,-0.6159905312772691,-0.675105938273588,-0.7286058488020347,-0.7718367687270766,-0.8019578583913257,-0.8181670723502595,-0.8215969459799118,-0.8149124302852645,-0.8016909287226959,-0.7856980529248315,-0.7701862289550041,-0.7573351937168067,-0.7479253670156504,-0.7412921838766157,-0.7355593035299954,-0.7280998974776538,-0.7161363150284044,-0.6973658878423566,-0.670498112365378,-0.6356060766891495,-0.5942294124212681,-0.5492110056738865,-0.504297177690688,-0.4635726730855691,-0.43083031376414754,-0.40898571131117073,-0.39963832595331994,-0.4028532578317817,-0.41719844362040615,-0.44002662950782,-0.4679487414907904,-0.4974126588920341,-0.5252845698798569,-0.5493317629521517,-0.5685252107653902,-0.583113761318844,-0.5944628961327404,-0.6046924088454974,-0.6161818049596358,-0.6310340573507064,-0.650594342143632,-0.675110102091234,-0.7035944393659276,-0.7339206335301445,-0.7631368913646662,-0.7879529822300019,-0.8053195887995813,-0.8130016087269486,-0.8100417393580852,-0.7970224261261056,-0.7760626501051844,-0.7505285698788594,-0.7244883410965669,-0.7019933607896647,-0.6863106725233532,-0.6792541448104107,-0.6807574284885938,-0.6887965697107215,-0.6997081044377922,-0.7088700513613011,-0.7116343819504494,-0.7043381884904834,-0.6851923663487006,-0.6548599635381654,-0.6165907452179376,-0.5758634368315101,-0.5395844425020146,-0.5149803042835249,-0.5083815974260857,-0.5241159493401958,-0.5637045728512307,-0.6254969838286487,-0.7047967073047696,-0.794444496130291,-0.8857516997536174,-0.9696272306292681,-1.0377229187433221,-1.0834331840069034,-1.1026199916008403,-1.0939841500455705,-1.0590596634355416,-1.0018606210336984,-0.928253569044507,-0.8451582669687823,-0.7596940299162676,-0.678387079560509,-0.6065375860700509,-0.5478159694497957,-0.5041205581247898,-0.47568811567902924,-0.4614110018836643,-0.4592856853708016,-0.46690170834781347,-0.4818806650173889,-0.502191185133174,-0.5262952908953477,-0.5531183270584924,-0.581871964121099,-0.6117903808382157,-0.6418576965892924,-0.6706064823574032,-0.6960522665340275,-0.7158001209679901,-0.7273221348714465,-0.7283660341129595,-0.7174229218914376,-0.6941626011653311,-0.6597424204297057,-0.6169112120358179,-0.569861474152602,-0.5238252918566888,-0.4844552934243528,-0.4570730483332184,-0.4458961880110167,-0.45336657782130174,-0.47969248066107373,-0.5226887214425933,-0.577954693872946,-0.6393776818795055,-0.6998969944483406,-0.7524215385561397,-0.7907670015533368,-0.8104734515432794,-0.8093810836791082,-0.7878785169955733,-0.748788633626081
-1.0760380506660638,-1.1192208762733509,-1.1421070549901833,-1.141350651947961,-1.1161666611901482,-1.06840294993224,-1.0022527983826859,-0.9236612000288912,-0.8395230018045982,-0.7567989951796895,-0.6816831015279629,-0.6189392916502512,-0.5714939089501283,-0.5403237137457524,-0.5246302389519905,-0.522245465357572,-0.5301799501225852,-0.5452076964697443,-0.5643844444012412,-0.5854164714399246,-0.606831058933104,-0.6279408398982069,-0.6486345623186776,-0.6690589722078523,-0.6892747984641182,-0.7089711385672672,-0.727307036453787,-0.7429199944833857,-0.7541043703783519,-0.7591253040343435,-0.7566032966726085,-0.7458868244443865,-0.7273289744360178,-0.7023994918735939,-0.6735930648317353,-0.6441327040020732,-0.6175066142571094,-0.5969106305090541,-0.5846898452422284,-0.5818784998513133,-0.5879254999890319,-0.6006660128439792,-0.6165619764861651,-0.6311920217253968,-0.6399307449796705,-0.6387243752339574,-0.6248492558765285,-0.5975341707939109,-0.5583386262970554,-0.5112063377014686,-0.4621542827395041,-0.4186089097413697,-0.38845662275871334,-0.37892782640568934,-0.39547362291264926,-0.44081274372995466,-0.5143164705355767,-0.6118583565210797,-0.7261867131251116,-0.847790959033631,-0.9661435151769308,-1.0711251846943233,-1.15440068546308,-1.2105132224695332,-1.2375145945334662,-1.237031919103844,-1.2137764314751542,-1.1746019169350475,-1.1272985988127748,-1.0793469129470035,-1.0368481816847845,-1.0037999869341323,-0.9818062315201257,-0.970223851944606,-0.9666687085674736,-0.9677472049354359,-0.9698557722008098,-0.9698980128129067,-0.965803085886221,-0.9567788336995247,-0.9432879463289412,-0.9267850670765472,-0.9092898077768059,-0.8928911196561747,-0.8792814011769408,-0.8694056580744985,-0.863285298118635,-0.8600422843353149,-0.8581126555941994,-0.8556043966325626,-0.8507285696198941,-0.8422188182150822,-0.8296554389249362,-0.8136264804579096,-0.7956874546631472,-0.7781184505193333,-0.7635162141625599,-0.7542919490553633,-0.7521667756561795,-0.757761538490737,-0.7703644589514349,-0.7879308210533875,-0.8073283319792418,-0.824797135828085,-0.8365527466815916,-0.8394309581643637,-0.8314617267009511,-0.8122667981321426,-0.7832026427440161,-0.7472118681372694,-0.7083957673542474,-0.6713695718631649,-0.640501779881861,-0.6191624950408791,-0.609108581365144,-0.6101146381016876,-0.6199210376595798,-0.6345195478625029,-0.6487416701394708,-0.657063975987578,-0.6545069832870741,-0.6374859539217989,-0.6044766798745396,-0.556386341411429,-0.49656463653800087,-0.4304463399351225,-0.364874177128373,-0.3072010147012862
-0.37687275325718506,-0.35969122697493994,-0.335683987328277,-0.30738304932611055,-0.2784644580595475,-0.2531521740196347,-0.23553759633300564,-0.2289303457979831,-0.23534779617646145,-0.25522440660128437,-0.28738207945519156,-0.3292567263090722,-0.37733214036701324,-0.4276978661149004,-0.47662893823559116,-0.5210852116921891,-0.5590462473847955,-0.5896307954849399,-0.6129916460782298,-0.630019297989293,-0.6419237072323903,-0.6497857670620135,-0.6541750438335789,-0.6549167401965259,-0.651061337178806,-0.6410702731021127,-0.6231877225396051,-0.5959300741158673,-0.5585983104956896,-0.5117092880007688,-0.45725194077183207,-0.39870225020895855,-0.3407717109650431,-0.28891083327520706,-0.24863363742629374,-0.22476317478051672,-0.2207157331282909,-0.23793937946009314,-0.27560118268230993,-0.33058053098717166,-0.3977796965629392,-0.4707148441761322,-0.5423086065938808,-0.6057753841913915,-0.6554766504538541,-0.6876271411298703,-0.7007528101567825,-0.6958348500199008,-0.6761165817351116,-0.6465965184915329,-0.6132758601423706,-0.5822663473377029,-0.5588891697604624,-0.5469025575667568,-0.547981514778716,-0.5615374370919549,-0.5849115294450513,-0.6139117127311375,-0.6435993888918996,-0.669182985037559,-0.6868513365474717,-0.6943889761608095,-0.6914576093642962,-0.6794959563810574,-0.6612695347059252,-0.6401751467491116,-0.6194550053805884,-0.6014910012757306,-0.5873273235295287,-0.5765153637661495,-0.5673019320945346,-0.5571075367716297,-0.5431824662115087,-0.5232966459020618,-0.4963195427717962,-0.46257598176746584,-0.42391379162601983,-0.38347763596406853,-0.3452380467485892,-0.31336589628009986,-0.29156464210429195,-0.28247422347387985,-0.28724359863222737,-0.30533809086373875,-0.3346086478061033,-0.37160876939934767,-0.41210686321594303,-0.45171210271902945,-0.48651447036358486,-0.5136371772044246,-0.5316128709489863,-0.5405225923596703,-0.5418746123253769,-0.5382433428056121,-0.5327294599519709,-0.5283340889151045,-0.5273564712850521,-0.5309224808814115,-0.5387304076598377,-0.5490637529443331,-0.5590744887215445,-0.5652923464843946,-0.5642746943260766,-0.5532848270954588,-0.5308789862935336,-0.49729574416386335,-0.45457346931605214,-0.40636706377270393,-0.3574862662168565,-0.3132257639742165,-0.2785938530816734,-0.2575650730305253,-0.25247979992895386,-0.263690504215505,-0.2895141323145455,-0.3264996321520864,-0.3699675378966796,-0.41473357880937023,-0.4558980823647788,-0.4895725881914556,-0.5134262801723044,-0.5269656162463974,-0.5315056049789186,-0.5298428537140328,-0.5256900212360467,-0.5229702970205768,-0.5250924970024701,-0.5343287608694718
-0.4996956857469568,-0.49708142444922726,-0.5008731499332378,-0.5142371258073125,-0.5390678550502982,-0.5755022528507632,-0.6217055004564864,-0.6739758487110041,-0.727163493052613,-0.7753464272415727,-0.8126626960772734,-0.8341710789232574,-0.8366056331412214,-0.8189049102035005,-0.7824315340606273,-0.7308464374259812,-0.6696563332806962,-0.6055039816690649,-0.5453101225787469,-0.4953972259683814,-0.4607251793058541,-0.4443480206627649,-0.4471626825708561,-0.4679721211576907,-0.5038345099935738,-0.5506259351276832,-0.6037135328881965,-0.6586240560098444,-0.7116009228470092,-0.7599688654143617,-0.8022641986734048,-0.8381331850381746,-0.8680428474650927,-0.8928804356162672,-0.9135341214601082,-0.9305459067583399,-0.9439090348860191,-0.9530503898364705,-0.9569996841405186,-0.9547089615288217,-0.9454549893335918,-0.929238816214962,-0.9070940152648355,-0.8812280748634249,-0.8549476841288189,-0.8323540471049115,-0.8178335330808255,-0.8154063034397395,-0.8280257060285676,-0.8569395461134157,-0.9012271987791796,-0.9576117105519097,-1.020613315651544,-1.083062565660457,-1.1369330788395908,-1.1743944166045015,-1.1889356963249418,-1.17638154628641,-1.1356229713022683,-1.0689207174077375,-0.9817048647117843,-0.8818811587315892,-0.7787454873566928,-0.6816837610557637,-0.5988780261139504,-0.5362401341489949,-0.4967504404328884,-0.48029978154997033,-0.48403558812801445,-0.5031186209543965,-0.5317254295746964,-0.5640971317546755,-0.5954423516194223,-0.622546413743463,-0.6440078219024471,-0.6601003224486907,-0.6723283232227827,-0.6827926962446931,-0.6935064242826867,-0.7057946957876786,-0.7198864929433076,-0.7347621482096266,-0.7482725098632439,-0.757498400008288,-0.7592805147714854,-0.750824360373204,-0.7302747868547109,-0.6971608167792608,-0.6526325832642199,-0.5994453151662189,-0.5416857978797783,-0.4842786554984926,-0.43234659490197525,-0.39052425575465577,-0.3623348512912219,-0.3497301812507906,-0.3528687609399266,-0.37016776959355013,-0.3986188250412979,-0.4343131699075209,-0.47308657065091353,-0.5111744143080617,-0.5457667418903452,-0.5753714741354052,-0.5999285976664811,-0.6206624511010703,-0.6397055859242916,-0.6595677434814629,-0.6825501903806644,-0.7102142894614212,-0.7430022760584738,-0.7800797607415371,-0.8194286068354943,-0.8581728562906736,-0.8930775322395844,-0.9211281152053619,-0.9400830496881503,-0.9488956327176574,-0.9479244643412278,-0.9388893472426119,-0.9245754835431247,-0.9083348905100922,-0.8934719137015457,-0.8826226871997438,-0.8772420872220046,-0.8772952129582545,-0.8812163185183719,-0.8861521433399595
-0.6104980015722966,-0.5606116736819539,-0.5175190029694162,-0.4849205402947392,-0.4647745199714851,-0.45718177614099176,-0.4605551089057969,-0.47202986474830283,-0.4880357728825476,-0.5049279384755319,-0.5195705986996652,-0.5297809579569698,-0.5345692211141038,-0.5341494112620738,-0.5297367353126873,-0.523183896211128,-0.5165345674468247,-0.5115830194496975,-0.509523151967444,-0.5107494447536791,-0.5148407490594238,-0.5207214375028465,-0.5269600128245234,-0.5321391876657184,-0.5352184262444258,-0.5358122739959631,-0.5343249304465368,-0.5319101427696622,-0.5302601831886394,-0.5312618644185892,-0.5365847674148287,-0.547281912964738,-0.5634830678819678,-0.584245616286665,-0.6076001698321029,-0.6307928964560653,-0.6506903528828607,-0.6642820089460056,-0.6691961707015507,-0.6641400795995303,-0.6491853690888347,-0.6258438972505171,-0.5969121462112883,-0.566099447174766,-0.5374904771156673,-0.5149205776809339,-0.5013594890995378,-0.4984026353880451,-0.5059583047302928,-0.5221946389805092,-0.543774473498036,-0.566362488727362,-0.58534317359352,-0.5966465207755907,-0.5975487796886224,-0.5873052469851904,-0.5674862072212601,-0.5419271139858071,-0.5162660338480625,-0.4971157916391299,-0.4909912764303464,-0.5031683754578524,-0.5366763022848444,-0.591611608337196,-0.6649101186404528,-0.7506315569437001,-0.8407171088835099,-0.9260925065619997,-0.9979269947310069,-1.048834503977399,-1.07382140909381,-1.0708397947120016,-1.040882897551495,-0.9876430014491613,-0.9168244797735519,-0.8352529995000354,-0.7499397246527678,-0.6672472855082812,-0.5922686799396523,-0.5284809413851326,-0.47768294746783446,-0.4401803643179576,-0.4151468891559609,-0.40107295511643026,-0.3962112850837542,-0.39894126255157714,-0.4079976267584903,-0.42253915925311414,-0.4420650031570472,-0.46621518710072485,-0.4945133721747782,-0.5261203343356855,-0.5596643270329905,-0.5931993614402683,-0.6243169408003086,-0.6504052477420833,-0.6690179272001227,-0.6782885170779964,-0.6773115516818495,-0.6664108415227472,-0.6472302528195213,-0.6226104333705398,-0.5962517331582546,-0.5722026244927781,-0.5542471614218971,-0.5452879898442025,-0.5468285112196044,-0.5586470967266086,-0.578728929401726,-0.6034812601729866,-0.6282120295260168,-0.6478075714653654,-0.6575100328313073,-0.6536753702118454,-0.6343920208922729,-0.5998591395984787,-0.5524589306942718,-0.49650451095075676,-0.43769538687406057,-0.3823587949628904,-0.33658927479729617,-0.30541530290803154,-0.29211787427981467,-0.2978021917132654,-0.32128397559079475,-0.35930280813327276,-0.40702437065742136,-0.4587496008581459
-0.6738622609150956,-0.6531500180628862,-0.6373299165823452,-0.6262650176853802,-0.6189682565821787,-0.6139666064297293,-0.609730576296194,-0.6050807905265445,-0.5994907884732116,-0.5932274027613719,-0.5873028197817081,-0.5832495510788256,-0.582764172231163,-0.5872914488129749,-0.5976326486769312,-0.6136582088611612,-0.63418614205635,-0.6570570530696522,-0.6793999582605038,-0.6980469748718169,-0.7100260255952746,-0.7130443781311551,-0.7058752602333795,-0.6885752824948574,-0.6624893800031708,-0.6300373938993126,-0.5943156096023872,-0.5585804930360101,-0.5257043164519413,-0.49769912112241516,-0.47539507548648474,-0.4583333725523988,-0.444896799232374,-0.432659468812902,-0.4188982774274444,-0.401179308042034,-0.3779178263410361,-0.348813207486268,-0.31507954398789717,-0.2794253546449999,-0.2457761047179115,-0.21877444556700115,-0.2031286378347703,-0.20290424453807548,-0.2208645715595502,-0.2579604560869173,-0.3130509152640925,-0.38290556957408206,-0.4625014716202953,-0.5455855181443416,-0.6254339414562214,-0.6957076373895213,-0.7512814025457387,-0.7889210067296444,-0.8076973579280327,-0.8090621125688554,-0.7965606123080468,-0.775218698864378,-0.7506991891218648,-0.7283695301725934,-0.7124435732189187,-0.705350840704494,-0.707445888646021,-0.7171054182032661,-0.7311848484969032,-0.745735545494636,-0.7568344603413605,-0.7613604596023952,-0.7575694617918801,-0.7453686083454888,-0.7262561682807396,-0.7029631078262752,-0.6788890151463333,-0.6574581490017011,-0.641525913734554,-0.632943993993166,-0.6323511717953969,-0.6392070178606782,-0.6520379928314528,-0.6688287416098466,-0.687470796531814,-0.7061780419295596,-0.7237914339215621,-0.7399206966444134,-0.7549029558729989,-0.7695921599851241,-0.785023619150305,-0.802020711949941,-0.8208224396094721,-0.8408091002869034,-0.8603886818040813,-0.8770803786040307,-0.8877976546287485,-0.8892968420207545,-0.8787245923553402,-0.8541746012827065,-0.8151555944154676,-0.762880954025184,-0.7003150211345661,-0.6319484853599954,-0.5633193803421386,-0.5003396012908203,-0.4485219922969319,-0.41222358862275305,-0.39402260485766905,-0.3943294160641569,-0.41129757184571386,-0.44105520559519373,-0.4782274501545832,-0.5166747987807897,-0.5503382846135729,-0.5740655241111015,-0.5842948648921819,-0.5794975668565724,-0.5603163769877244,-0.529386697175346,-0.4908759391452298,-0.4498195643148759,-0.4113618240863574,-0.3800207493580203,-0.35908893416908694,-0.3502558382727048,-0.35349836268954715,-0.36724111545531524,-0.38874380725030583,-0.41463793895070167,-0.4415140763299668,-0.4664576820238352
-0.2918117098791836,-0.33896069753703517,-0.39348532711027123,-0.45048089558110854,-0.5052754914589173,-0.553994907318926,-0.5939532380179509,-0.6238178349353183,-0.6435381160162967,-0.6540692034814914,-0.6569562252567843,-0.6538673553651462,-0.6461695427988858,-0.634629566802599,-0.6192967857811814,-0.5995875860341427,-0.5745517281251615,-0.5432647720610447,-0.5052650916503697,-0.46094337208179814,-0.4117989497671051,-0.3604998791759402,-0.3107182990951455,-0.2667534201747703,-0.23299403137301944,-0.2133037264156305,-0.21042937693156166,-0.22553343371153656,-0.257933144727349,-0.3050975528267037,-0.36291161167796415,-0.4261730463338775,-0.4892492192022273,-0.5467948608931764,-0.5944216048218831,-0.6292184341688781,-0.6500468423342733,-0.6575713005534947,-0.6540280934446707,-0.6427765085527606,-0.6277090630483689,-0.6126169210266658,-0.6006103522234558,-0.5936821559672262,-0.5924769891559362,-0.5962958125246771,-0.603327432521229,-0.6110636981271693,-0.6168261334586352,-0.6183135660824324,-0.6140754191187285,-0.6038251686717072,-0.5885327385551435,-0.5702709670944841,-0.5518350688082194,-0.5361983453616324,-0.5259039163847397,-0.52251256246799,-0.5262244917244074,-0.535765565126634,-0.5485793025194612,-0.5613035477994771,-0.570447975969715,-0.5731401068586811,-0.5677854209797493,-0.5544982590247445,-0.5352034230980349,-0.5133749200147225,-0.4934533780952628,-0.4800504167849319,-0.47709181728307887,-0.48706263369354064,-0.5104950651166522,-0.5457903116596069,-0.5894006935671678,-0.6363322570732196,-0.6808739535576938,-0.7174263367109142,-0.7412943202428082,-0.7493234043544276,-0.7402915041160436,-0.7150116007523885,-0.676146104408682,-0.6277753111873946,-0.5747946134601812,-0.5222349857955739,-0.4746072234111736,-0.435362461297547,-0.4065410484931554,-0.3886516544196166,-0.3807865905708773,-0.3809428027829741,-0.3864863395481424,-0.39467646717768345,-0.4031577994828258,-0.4103364979159849,-0.4155787843196318,-0.4192030507761949,-0.4222750097832384,-0.42625177163474437,-0.4325488047593255,-0.4421182035372502,-0.45512477122831324,-0.4707883257510536,-0.48742953144172707,-0.5027180377939122,-0.514082753019018,-0.5192118190518483,-0.5165502599190083,-0.5057000963883798,-0.4876418007466317,-0.46472508075675834,-0.44041621226511474,-0.41883172362342425,-0.40412674290840267,-0.3998339504901789,-0.4082608542812369,-0.4300467411861296,-0.46395698626763604,-0.5069552387159488,-0.5545495132145721,-0.6013638531783766,-0.6418504720042096,-0.6710343273171322,-0.6851768157843456,-0.6822585682813427,-0.6622109046820027,-0.6268663464457277
-0.5779470644795395,-0.5857215051581415,-0.5761766916809349,-0.5482150499169046,-0.5029604013365142,-0.4436759526618622,-0.3753837601112193,-0.3042451446523816,-0.23679705071423346,-0.17915900047462285,-0.1363262165448253,-0.11164695816856318,-0.10654950583660389,-0.12054235627520077,-0.1514672948265724,-0.19594649468032715,-0.24993793901786165,-0.3093023869112109,-0.3702910804611841,-0.42988468930501245,-0.48594623995093456,-0.5371877948495143,-0.5829855575433598,-0.6231045671156615,-0.6574075696891991,-0.6856208758105203,-0.7072137466114128,-0.7214205146249644,-0.7274017036987116,-0.7245083598735882,-0.7125889461342116,-0.6922654200387858,-0.6651071284147616,-0.6336477292805576,-0.6012185140595577,-0.5716060542083798,-0.5485766034510734,-0.535337713419124,-0.5340238446622633,-0.5452943279157241,-0.5681184804015907,-0.5997962723770409,-0.6362280205767424,-0.6724086985953559,-0.7030873207858181,-0.7235044915885414,-0.7301053341922485,-0.7211227897452015,-0.6969383407877068,-0.6601527626750221,-0.6153363762703665,-0.5684728640075873,-0.5261578932476602,-0.4946570016024077,-0.4789589643025458,-0.4819739241384273,-0.504014527068312,-0.5426614690038019,-0.5930556263539641,-0.6485862096291305,-0.7018714519803657,-0.7458703846192253,-0.7749347376652611,-0.785617132041213,-0.777095818088004,-0.7511490384046826,-0.7116984530202486,-0.6640223593074166,-0.6137982166778299,-0.5661582518980277,-0.5249279521791985,-0.49217017320869205,-0.46808962555467537,-0.4512795464062998,-0.43922989952172586,-0.4289760154200874,-0.41775365751108706,-0.4035401317899734,-0.3853951186523302,-0.36356029014280333,-0.339323819253956,-0.3146963355135624,-0.29197305307132987,-0.27326991296217534,-0.26011946648745793,-0.2531967287456214,-0.2522196107285036,-0.25603697552887233,-0.2628845672095135,-0.27075987452648836,-0.277845909438952,-0.28290443746889143,-0.2855633274930151,-0.28644020902788964,-0.2870730273885814,-0.28966276864268986,-0.29666857933985946,-0.31032436413408226,-0.33216318204400197,-0.3626377941273644,-0.4009116581719705,-0.44486659224617076,-0.49133595581948775,-0.5365320649087759,-0.5766008549977677,-0.6082120637314687,-0.6290841043399307,-0.6383513026553657,-0.6367061375615055,-0.6262864858759043,-0.6103213106967597,-0.5925902688811007,-0.5767860049411089,-0.5658865174101722,-0.561645462184358,-0.5642902147821293,-0.5724837537095104,-0.5835624879143214,-0.5940153797901947,-0.6001280257774559,-0.5986858831846578,-0.5876187050275186,-0.5664757045394169,-0.5366469687539099,-0.5012869989517731,-0.4649443624507701,-0.4329493566193248,-0.41065138294866943
-0.554499691572082,-0.5748898318269112,-0.5897792574721548,-0.5992574181771002,-0.6044945226527407,-0.6073594878558126,-0.6099532390641005,-0.6141480636982805,-0.6212171626722937,-0.6316171241245608,-0.6449540907542601,-0.6601280185388555,-0.6756154146578993,-0.6898255203979446,-0.7014526212215009,-0.7097500925902551,-0.7146691651808078,-0.7168337809049549,-0.7173568416105324,-0.7175361282067202,-0.7184938573833575,-0.7208372445790991,-0.7244158124120978,-0.7282345628600714,-0.7305533640251447,-0.7291671527103685,-0.7218253924790827,-0.7067194469099316,-0.6829489034070297,-0.650876088595804,-0.6122929087176832,-0.5703535494933827,-0.5292656034536383,-0.4937741267088051,-0.46851057743024405,-0.45730486467456727,-0.4625690743508616,-0.48485387618832254,-0.5226543300306697,-0.5725048564174775,-0.6293596358235962,-0.6872116666320747,-0.7398677788386424,-0.781773233762592,-0.8087711422137716,-0.818689446509058,-0.8116701636670942,-0.7901889144720315,-0.758753386332469,-0.723312651291543,-0.6904502347148704,-0.6664674110131882,-0.6564843965130694,-0.6636915463051133,-0.6888674705002336,-0.7302458848605022,-0.7837612676906841,-0.843642181103316,-0.903260867244698,-0.9561003761637006,-0.9966767890272427,-1.0212607939977327,-1.0282803891751002,-1.018348167473982,-0.9939297987949289,-0.9587390931718828,-0.9169942375045328,-0.8726888503996577,-0.8290170701133786,-0.7880486696965147,-0.7506894628508561,-0.7168987704835375,-0.6860838034725439,-0.6575609373518025,-0.6309704196981015,-0.6065520469467023,-0.5852276222398758,-0.5684816368858121,-0.5580745525460079,-0.5556552903818807,-0.5623563392978596,-0.5784550864918306,-0.6031703326516505,-0.6346372864858651,-0.6700724842407796,-0.7061071525580332,-0.7392383547318795,-0.7663260128965029,-0.7850537869386213,-0.7942746762633343,-0.7941782346706128,-0.786243608764239,-0.7729774009226231,-0.7574721952297983,-0.7428542308362465,-0.7317111841236938,-0.7255987657593547,-0.7247156805742524,-0.7278112259469609,-0.732352175428765,-0.7349317611832503,-0.7318610239488382,-0.7198490404429113,-0.6966597096502128,-0.6616325452029963,-0.6159737770166182,-0.5627592129053524,-0.5066361103245587,-0.45326022854314746,-0.40854812806976715,-0.3778562840318487,-0.36521233558732075,-0.37271739158408224,-0.40021268859297277,-0.44526318060749115,-0.5034614619531383,-0.5690058077790463,-0.6354641270974496,-0.6966080273707862,-0.7471923290564604,-0.7835664535288023,-0.8040330413566373,-0.8089109194424624,-0.8003070552046998,-0.7816475072890356,-0.7570532034742681,-0.7306669907586852,-0.7060408262662311
-0.6074684019242291,-0.6044015626268642,-0.604422854680557,-0.6094458135189349,-0.6204663719493502,-0.6372637681318349,-0.6583062364072174,-0.6808884334966414,-0.7014868739161664,-0.7162805420780357,-0.7217532585120048,-0.7152778146460047,-0.6955824531646578,-0.6630180852458538,-0.6195768136681311,-0.5686534544351605,-0.5145848020784336,-0.46203896133489347,-0.4153526655509087,-0.37792364861957395,-0.3517561804026056,-0.33723228133117855,-0.33314324260263195,-0.3369723709762136,-0.3453778474052265,-0.35479145396168166,-0.3620303678505322,-0.3648184020265251,-0.36213006197315545,-0.3543025565386141,-0.3429018393904636,-0.3303716687466838,-0.3195320451511654,-0.31301873446542916,-0.3127646035778028,-0.3196148293352947,-0.3331434813299466,-0.35170309793629656,-0.37269812715678713,-0.39303459968965127,-0.4096686002105063,-0.42015969624211474,-0.42313469326172887,-0.41858148176149246,-0.4079195766106042,-0.39382883665785606,-0.37985560495751824,-0.3698508956462193,-0.3673235503718122,-0.3748086155171135,-0.39335472387496384,-0.42222246072398517,-0.4588586619954199,-0.4991715435853968,-0.5380831758878017,-0.5702862149158682,-0.5910898340610633,-0.5972145682427861,-0.5873945428473956,-0.5626715357892845,-0.5263160910375844,-0.4833780427526746,-0.43993916146106793,-0.40219908445606745,-0.37555884202160306,-0.36386600063861346,-0.3689511976050744,-0.3905251419651636,-0.42643176010531897,-0.4731836084706371,-0.5266550983010092,-0.58278752354041,-0.638170123892803,-0.6903987953614877,-0.7381682650895458,-0.7811116139432609,-0.8194506525443315,-0.8535528530423124,-0.8835010911353893,-0.9087719672009327,-0.9280913496515037,-0.9394986042729792,-0.9406108979071862,-0.9290424821387676,-0.9029060749388442,-0.8613078078353542,-0.8047454495083604,-0.7353318581310724,-0.6567903137073313,-0.5742023716619918,-0.49352752192324945,-0.42095153960798104,-0.3621509518162427,-0.32157913953843276,-0.3018815358375896,-0.30353198084487554,-0.3247513107093236,-0.36172727668719673,-0.4091086246630057,-0.4607033045025307,-0.5102786123250355,-0.55234515543828,-0.5828096743100234,-0.5994034912892827,-0.601830018823081,-0.591620141145469,-0.5717307221109414,-0.5459612144872463,-0.5182898084498749,-0.4922395565074099,-0.47037528078661245,-0.45400583520080123,-0.4431282940606036,-0.43660764146452585,-0.4325450574458438,-0.4287568879696029,-0.42327003546195735,-0.4147403619619061,-0.40271825105423353,-0.38771628860293506,-0.3710723591365682,-0.3546403111050004,-0.3403726967437053,-0.32988014042673086,-0.32405607661604696,-0.32284323318848074,-0.3251916041366659,-0.32922160729183364
-0.6233465653093109,-0.5944451584876511,-0.5683873719140419,-0.5473408329654997,-0.532164851656801,-0.5224158045753425,-0.5165862231302537,-0.5125243445626053,-0.5079509205133441,-0.5009753730294612,-0.4905162307789188,-0.4765503702441808,-0.4601482128025554,-0.44329173552089807,-0.4285118125295168,-0.4184139715944204,-0.4151814056811111,-0.4201476197405015,-0.4335179196235681,-0.45429153759994084,-0.4803995325578386,-0.5090343225743178,-0.5371118682556827,-0.5617833812257426,-0.5809043151721464,-0.593375945230943,-0.5992977058198534,-0.5999025368823842,-0.597286660762527,-0.5939824251365243,-0.5924513897990283,-0.5945895497722853,-0.6013348131014797,-0.6124489131867199,-0.6265150831065542,-0.6411546250374593,-0.6534268241052058,-0.6603443382633554,-0.6594158400671464,-0.6491226352873065,-0.6292467988254781,-0.600992861299146,-0.5668788622785816,-0.5304099884860225,-0.4955831319221145,-0.4662983297700264,-0.4457693333603279,-0.43602830451160973,-0.4376083451889561,-0.4494632932227281,-0.46914949085509167,-0.493253008372211,-0.5180034189012822,-0.5399781585074582,-0.5567767657937822,-0.5675382333449587,-0.5731914674336747,-0.5763687651917438,-0.5809706616701336,-0.5914378613914673,-0.6118490002777046,-0.6450074867172305,-0.6916949720803637,-0.750247276835382,-0.8165530140686057,-0.8844960306265057,-0.9467765554256772,-0.9959712997043138,-1.0256460503714182,-1.0313254727702086,-1.011155026583921,-0.9661513862857383,-0.9000162338144921,-0.818566646971342,-0.728897852184611,-0.638430031978989,-0.553996103496251,-0.48110456913700017,-0.42346846366434987,-0.38283849078175874,-0.3591261069789334,-0.3507590613561113,-0.35518318169578955,-0.36941223158201364,-0.3905319146974922,-0.4160820191342871,-0.4442684350334572,-0.4739897746271885,-0.5046966960494782,-0.5361309709447577,-0.5680115491113665,-0.5997431401625224,-0.630217582953018,-0.6577600429028342,-0.6802436535106711,-0.6953623672681329,-0.7010185298447918,-0.6957552762417862,-0.6791495329496043,-0.6520824273238972,-0.6168207451097544,-0.5768732939956944,-0.5366246114495504,-0.5007886815661612,-0.47375997652736884,-0.4589617952879173,-0.458298095211902,-0.4718031679333072,-0.4975551051382151,-0.5318784605508766,-0.5698154558343751,-0.6058011824404581,-0.6344439551069504,-0.6512931869547643,-0.6534772413110583,-0.6401128862520822,-0.6124232437430919,-0.5735467772033108,-0.5280684248281733,-0.4813474776384677,-0.4387480750401611,-0.4048921441832156,-0.38304904282881713,-0.3747521471262171,-0.3796943014103584,-0.3959079263402576,-0.42018942409843535,-0.4486890130984091
-0.14791072707582548,-0.11823533418457688,-0.10066498192818868,-0.09544801115077822,-0.10164743994566494,-0.11749452986594122,-0.14082123634807825,-0.16948462879751197,-0.2017042309343231,-0.23625531052925353,-0.2724929439681353,-0.31021703255930044,-0.349420659261345,-0.38998723766684423,-0.4314115811392114,-0.4726145988650009,-0.5119019232857371,-0.5470871179088711,-0.5757658591972721,-0.5956951740615614,-0.6052076786877412,-0.6035795803130766,-0.5912753973611842,-0.5700115296056224,-0.5426117852587096,-0.5126653133870646,-0.48403436935632094,-0.4602891367382947,-0.44416376762777643,-0.4371284145437419,-0.4391557211565971,-0.44872947213348424,-0.4631029887075082,-0.47877228434198066,-0.4920913978605636,-0.49993133043031124,-0.5002742428600115,-0.4926427819268073,-0.47828921236538174,-0.46010621103528426,-0.4422645147701057,-0.4296250812515843,-0.42700846027716677,-0.43842664478585336,-0.4663899262918667,-0.5113927186535216,-0.5716595213795007,-0.6431983094724935,-0.7201677918014735,-0.7955218607356344,-0.8618541527124942,-0.9123330830406728,-0.9415980110934425,-0.9464846500792534,-0.9264651801912628,-0.8837257786566943,-0.8228578364993471,-0.750201453027852,-0.6729401503963147,-0.5980920663309707,-0.5315644819220103,-0.47742901873670757,-0.4375342605955279,-0.41150815317750983,-0.3971274992665321,-0.39096238709539355,-0.3891546815708084,-0.3881721528932686,-0.38539632132551943,-0.37944747188079325,-0.370212807479726,-0.3586083217428079,-0.3461572522205812,-0.334497574235628,-0.324933750739758,-0.3181261781143473,-0.31397288339069057,-0.3116921390023939,-0.3100718867055983,-0.30782017054803584,-0.30393476350398735,-0.298010851286232,-0.2904210340140624,-0.28232803021988623,-0.27552231455673154,-0.2721092787180471,-0.27409850977570777,-0.28296730276727,-0.29927851413812956,-0.32242770779094854,-0.3505764220765682,-0.3807994757331401,-0.4094386590406062,-0.43261854734309213,-0.4468488195399013,-0.4496172280093586,-0.439872540152205,-0.41830913792479146,-0.3873932909597602,-0.35111123445216086,-0.3144646041102009,-0.2827818294154528,-0.2609472492494445,-0.252666995333335,-0.259888707559352,-0.28247076929425075,-0.3181591614585417,-0.3628822105773597,-0.4113232234687627,-0.4576865210126472,-0.49654105863133546,-0.5236128570768351,-0.5364050455858991,-0.5345512330035552,-0.5198497793529673,-0.495976503403072,-0.4679232951752013,-0.44125193105430444,-0.421279441440204,-0.4123194864017626,-0.4170923546938834,-0.4363867189917388,-0.46901433378221014,-0.5120515982371068,-0.5613172088013928,-0.6120002781693336,-0.6593337616393584,-0.6992065598939519
-0.5788077319574034,-0.6143782160589935,-0.6532305571175522,-0.6920116974055911,-0.7276187431188781,-0.75759686081495,-0.7803866700437585,-0.7953867731752777,-0.8028333543578657,-0.8035339158895595,-0.798519690491415,-0.7886959901147514,-0.7745689932469033,-0.756111348691856,-0.7328004372277492,-0.7038274528716366,-0.6684392897279849,-0.6263453802399135,-0.578103906543972,-0.5253998679578373,-0.471142198342451,-0.4193363426739949,-0.3747275988985781,-0.34225241520598276,-0.32637229299686527,-0.3303911517429076,-0.3558669331371998,-0.402219552250296,-0.46661092440535357,-0.544132689470128,-0.6282898659820411,-0.7117218235384589,-0.7870635246863047,-0.8478264749683739,-0.8891742481515557,-0.9084826177127406,-0.9056066595526471,-0.8828212458568712,-0.8444498020629299,-0.7962411892826875,-0.7445891117810981,-0.6957075872577472,-0.6548775789606657,-0.6258646110100224,-0.6105783207921174,-0.6090074044167073,-0.6194229929632077,-0.6388057388096523,-0.6634216055020794,-0.689452228601233,-0.7135801477362456,-0.7334381977739521,-0.74785529703986,-0.756865339435099,-0.7614873940218443,-0.7633275189008338,-0.7640875271702648,-0.765086384528336,-0.7668998135507703,-0.7692010649268125,-0.7708435784977478,-0.7701723480236583,-0.7654969098555335,-0.7556178024073035,-0.7402807296537339,-0.7204439614198135,-0.6982831828695388,-0.6769156043087811,-0.6598882763996236,-0.650529342109033,-0.6512928682908838,-0.6632309285565372,-0.6857008416569403,-0.7163676983645272,-0.7515039141392456,-0.7865313776024879,-0.8167090047030144,-0.8378463361740452,-0.8469244132504453,-0.8425260710044412,-0.8250132357428461,-0.7964314914228774,-0.7601648426832831,-0.7204001752513519,-0.6814870186089838,-0.647291232929291,-0.6206401722677992,-0.6029421926880174,-0.5940369712553472,-0.5922982778491508,-0.5949721802697701,-0.5986966671748982,-0.60011908869422,-0.5965107064417751,-0.5862764099386756,-0.5692732154631024,-0.5468815612250721,-0.5218139729798031,-0.49768971499484455,-0.4784440307740685,-0.46766949976100025,-0.46799969081096665,-0.4806392753222545,-0.5051209266752537,-0.5393316596571605,-0.5798061655005453,-0.6222398882659871,-0.6621377301298973,-0.6954916485117941,-0.7193758363834615,-0.7323623706594642,-0.7346906733189458,-0.7281655953655947,-0.7158043031129839,-0.7012937055995628,-0.6883509098460419,-0.6800940311204043,-0.6785272842230443,-0.6842234422751712,-0.6962522450282725,-0.7123612354959428,-0.7293730932565322,-0.7437280618391428,-0.7520774868830277,-0.7518284304835287,-0.7415505285032971,-0.7211824275360916,-0.6920114197235624
-0.7876324332590643,-0.7710415201871825,-0.7401373393543835,-0.6957772213818285,-0.6406125543247442,-0.5788375249569373,-0.5156948852009908,-0.4568126138596268,-0.40747298229817597,-0.3719263743023618,-0.3528545007440465,-0.3510627924263152,-0.3654440567901235,-0.39321140389313874,-0.4303554721812738,-0.47224634045649966,-0.5142799214767948,-0.5524653406557096,-0.5838640407796704,-0.6068203228644184,-0.6209614220168236,-0.6269861469357801,-0.6262973538198012,-0.6205587722767625,-0.6112666695455277,-0.5994200156176255,-0.5853507027148528,-0.5687422232261923,-0.5488272329744243,-0.5247186765360912,-0.4958022462679258,-0.46210486223280633,-0.42455701844737714,-0.38508566552866164,-0.34650532686596636,-0.31221267543344133,-0.2857269709597513,-0.2701488407532334,-0.2676275274131869,-0.27892890028197664,-0.30318301538906395,-0.3378633009125938,-0.3790141333328465,-0.42170539420768977,-0.4606573954977974,-0.49095235421859795,-0.5087329935185144,-0.5117868053579433,-0.49992638140829854,-0.4751009130637073,-0.44120907372535445,-0.4036253306295894,-0.3684952910825149,-0.3418948170031132,-0.3289755721528105,-0.33323006494879315,-0.35599771087954385,-0.3962990715022673,-0.4510320036287462,-0.51549956217402,-0.5841773654416775,-0.6515811316640853,-0.713074517014709,-0.7654692763579691,-0.8073128786337767,-0.8388242662743733,-0.8615120012915547,-0.8775739633038756,-0.889219461596449,-0.8980642316235524,-0.9047253030663118,-0.9086929793266705,-0.9084937171458105,-0.9020953675313894,-0.8874583647023198,-0.8631118559231976,-0.8286352661049021,-0.7849503710275885,-0.7343693266499229,-0.6803909908052761,-0.627282259246361,-0.5795159227485555,-0.5411573730290653,-0.5152977504689858,-0.5036215530462534,-0.5061747139824838,-0.5213682424308651,-0.5462169936792208,-0.5767777356411071,-0.6087202707932499,-0.6379444575581514,-0.6611480469232576,-0.6762571075644785,-0.6826520127647124,-0.681154617702739,-0.6737813080766253,-0.6633055808482,-0.6527059671474725,-0.6445946415734938,-0.6407253017149351,-0.6416650278504825,-0.6466861039630842,-0.6538951626487701,-0.660575295245619,-0.6636793267846348,-0.6603859360745539,-0.648619412787447,-0.6274405190886246,-0.597238981320515,-0.5596934956486844,-0.5175065349676647,-0.4739613697279663,-0.4323804618878486,-0.3955821282244111,-0.36543292514951803,-0.34257642810091204,-0.3263878600741983,-0.3151638102284141,-0.30651412154939184,-0.29788633799518405,-0.28712838714296807,-0.27298687526226084,-0.2554480863775325,-0.23585497033117814,-0.21677166227623312,-0.20161085724882927,-0.19408112864722565,-0.19754379110265635
-0.45804847998456266,-0.48352469911123497,-0.5020452993501588,-0.5136583241635269,-0.5194270498032341,-0.5210475974623042,-0.5204038035275022,-0.5191473359294033,-0.5183809244473121,-0.5184985587522598,-0.519203374781599,-0.5196880305438731,-0.5189303986046302,-0.5160352858857893,-0.5105446601948925,-0.5026459437134431,-0.49322890501841987,-0.48377254110190226,-0.47607823997488724,-0.4718978235641938,-0.4725285916528372,-0.47845759199810767,-0.4891318321360098,-0.5029106879529436,-0.517224793574148,-0.5289278491606109,-0.5347908933598846,-0.5320594723944987,-0.5189783577014879,-0.49518928670065643,-0.4619249640182689,-0.42195455063609244,-0.3792767580607669,-0.33859943357549094,-0.30468171030343716,-0.2816398533741763,-0.27232642025892384,-0.2778827417671482,-0.2975386564381315,-0.3286953403069415,-0.36728333965616977,-0.4083456274306833,-0.4467612022428392,-0.47800335929951715,-0.49882096209777727,-0.5077411174472735,-0.5053157885018373,-0.49406970096054414,-0.47814806703033386,-0.46270531737007414,-0.4531151077148975,-0.4541122356827578,-0.46899391592120176,-0.49900711977460355,-0.5430281392177742,-0.5976007334715289,-0.6573443456632593,-0.7156819238042313,-0.7657787744790511,-0.8015415285831693,-0.8185098594090168,-0.8144886398347182,-0.7898137201595604,-0.7472123147172447,-0.6912952897599278,-0.6277870671306182,-0.5626444690539049,-0.5012289475640225,-0.447675295722224,-0.40455026168867303,-0.3728289525047757,-0.35215094955128173,-0.34126607573937834,-0.3385517401712489,-0.34248332966108436,-0.3519632862781783,-0.36645536907169024,-0.3859177246798581,-0.41057157176849957,-0.44057366588637514,-0.47567587554962576,-0.5149534062398368,-0.556666668988624,-0.5982946775726734,-0.636745294444476,-0.6687149039094935,-0.6911420544109393,-0.7016803914057054,-0.6991087987496161,-0.6836026079304283,-0.6568087307704576,-0.6216973075718667,-0.5821986823492246,-0.542671493340796,-0.5072790605440327,-0.4793712214410573,-0.46097311376290234,-0.4524694953023459,-0.4525444247820347,-0.4583958339108296,-0.46619927727216887,-0.4717526464381462,-0.47120131461801606,-0.46172687443959626,-0.44208551281402475,-0.4129040402306588,-0.3766792848432601,-0.33747387984649757,-0.3003506295822388,-0.27063047860741474,-0.2530884844203729,-0.2512131865015906,-0.26664550215492394,-0.29888525912263963,-0.345311301530838,-0.40151171544344805,-0.4618722110195523,-0.5203309702819898,-0.5711837064580596,-0.6098170942091063,-0.6332627448101823,-0.6404948836331837,-0.6324374286204302,-0.6116930254820951,-0.5820499404313045,-0.5478554628457047,-0.513361480710323,-0.4821467891477744
-0.30760388175444614,-0.31849262993888416,-0.33534163495108427,-0.3585779947352694,-0.3877958529777922,-0.4216018203145665,-0.45764002479788646,-0.4928091558743436,-0.5236472930443644,-0.5468269337133781,-0.5596787301067138,-0.5606526675535122,-0.5496319383365563,-0.5280368509644836,-0.49869021046490725,-0.465455932977172,-0.4327022108172038,-0.404672312456883,-0.3848643133185693,-0.37552221100042227,-0.37732441100264635,-0.38932397497733084,-0.4091534811193177,-0.43346284900599213,-0.4585186458600673,-0.4808651420348588,-0.497935738925298,-0.5085105674369832,-0.5129410396152236,-0.5131008310943781,-0.5120686690252627,-0.5135935937770678,-0.5214303086620139,-0.5386545102813849,-0.5670719288311612,-0.606819642827587,-0.6562268022432896,-0.7119597032750118,-0.7694304445977778,-0.8234067884471812,-0.8687300005554652,-0.901031901471637,-0.9173439282977593,-0.9165086518781491,-0.899334516204358,-0.8684726009141179,-0.828034367878127,-0.7830062537974876,-0.7385459942122723,-0.6992631510292167,-0.6685900894545649,-0.648338536048399,-0.6385113059942243,-0.6374011468963168,-0.6419633974898418,-0.6484028982843763,-0.6528763720838547,-0.6521874801328266,-0.6443493484545632,-0.6289112198239747,-0.6069895789301103,-0.5810018429696208,-0.5541606465992276,-0.5298355383237235,-0.5109150574864689,-0.49929916810490893,-0.49562030840160964,-0.49923833595017647,-0.5084930744848872,-0.5211425782766836,-0.5348783290086894,-0.54779802684437,-0.5587333697760972,-0.5673686683018683,-0.5741361530786725,-0.5799235425736918,-0.5856682769852397,-0.5919337636693907,-0.5985635556007344,-0.6044914691625485,-0.6077542797494259,-0.6057154490810004,-0.595470099449706,-0.5743690004295667,-0.5405770516385795,-0.4935723825790764,-0.4344968861050441,-0.3662873060341981,-0.2935458571599494,-0.22214712206244414,-0.15861859342595297,-0.10936973808983735,-0.07987275392763771,-0.07391208453191883,-0.09301601303801943,-0.13616179327317857,-0.19980840151709894,-0.27826354516965746,-0.3643414797569208,-0.45022362472020205,-0.5284023721932023,-0.592575228421438,-0.6383638511392844,-0.6637595168217406,-0.6692386641193493,-0.6575425045385035,-0.633165052090765,-0.6016361829515764,-0.5687138435343302,-0.5396081917782753,-0.5183493957823836,-0.5073824306286068,-0.5074317323245202,-0.5176330907073591,-0.5358874317227766,-0.5593582038816372,-0.5850161172424909,-0.6101344393263276,-0.6326543043526375,-0.6513690124057301,-0.6659133345602133,-0.6765814844327381,-0.6840288306231019,-0.6889320628954199,-0.6916870996042579,-0.6922130576347499,-0.6899064797148506,-0.6837575015733293
-0.7142617856843121,-0.671149665425234,-0.6223742463051812,-0.5721419521851823,-0.5241443897675178,-0.48114952168390174,-0.4447960913302332,-0.4156110842089676,-0.3932291104097539,-0.37675654242457757,-0.36519839146097843,-0.35785656749652406,-0.3546158705571251,-0.3560572841958338,-0.36337259876992456,-0.3780937881920857,-0.4016877165592368,-0.4350948618212322,-0.4783046050414709,-0.5300565587094583,-0.5877377170741953,-0.6475121951933869,-0.7046796777135991,-0.7542175388747044,-0.7914272138807734,-0.812583984768986,-0.8154848733662763,-0.7998028672155657,-0.7671851605494051,-0.7210735890765041,-0.6662701254788235,-0.6083115584730255,-0.5527482457528188,-0.5044368730961897,-0.46695398277634065,-0.4422163546377438,-0.43035986873614296,-0.42988630857570426,-0.4380449248021657,-0.4513795697992653,-0.466348525642664,-0.47991613199488387,-0.4900235544743331,-0.4958684435844424,-0.4979556846469256,-0.4979186073187173,-0.4981463179824193,-0.501283147534814,-0.5096864888897474,-0.5249367330708852,-0.5474862261669742,-0.5765133590623411,-0.6100150454285446,-0.6451299028683433,-0.6786413747845883,-0.7075722985779389,-0.7297579817686489,-0.7442804377111971,-0.7516656867851781,-0.7537878366737576,-0.7534814679911968,-0.7539263843511701,-0.7579222078119485,-0.7672015046446253,-0.7819302400242103,-0.800511453654017,-0.8197481403095672,-0.8353472446655754,-0.8426750292407305,-0.8376210309005027,-0.8174050801793898,-0.7811737957754492,-0.7302758338573371,-0.6681684405211462,-0.5999772164907368,-0.5317920487919223,-0.4698236914568794,-0.41956157170491426,-0.3850639311194572,-0.3684810969726025,-0.3698692193509756,-0.3873038135293896,-0.41725770241948756,-0.45517238076341626,-0.49612912105245877,-0.535517929766273,-0.5696086187874504,-0.59594722653376,-0.6135300127729616,-0.6227423593912631,-0.6250863421615416,-0.6227532333838087,-0.6181207002058262,-0.6132649852996915,-0.6095737922256407,-0.6075263199569159,-0.6066758961501965,-0.6058331852489112,-0.6034106040942081,-0.5978581449319937,-0.5881029550215513,-0.57390321750749,-0.5560416854864578,-0.5363131619402393,-0.5172981960889462,-0.5019554805476281,-0.4931006035843903,-0.4928624903932311,-0.5022166044439822,-0.5206841204503275,-0.5462602754319071,-0.5755972701806927,-0.6044238689028477,-0.6281426757786028,-0.6425141138939654,-0.644319023007858,-0.631892641584096,-0.6054415943129658,-0.56708933216044,-0.5206386576757398,-0.4710852879116764,-0.423956256579348,-0.3845746568893415,-0.35736316724941725,-0.3452912303138538,-0.3495460687638521,-0.36947021617094244,-0.4027643672290412
