x,y,score,label,dist
0.0,0.0,9.90691880445809e-13,GABA_C_LEFT,12.083045973594572
0.0,0.25,1.0157147970325868e-12,GABA_C_LEFT,11.855905701379376
0.0,0.5,0.018359275121434874,GABA_C_LEFT,11.629703349613008
0.0,0.75,0.01880220663144795,GABA_C_LEFT,11.404494727957044
0.0,1.0,0.019245188537715695,GABA_C_LEFT,11.180339887498949
0.0,1.25,0.00038250031945850763,GABA_C_LEFT,10.957303500405564
0.0,1.5,0.00039107969387256055,GABA_C_LEFT,10.735455276791944
0.0,1.75,0.02052096713974464,GABA_C_LEFT,10.514870422406545
0.0,2.0,0.02095807570230258,GABA_C_LEFT,10.295630140987
0.0,2.25,0.021392672482044083,GABA_C_LEFT,10.077822185373186
0.0,2.5,0.00042184619971657593,GABA_C_LEFT,9.86154146165801
0.0,2.75,0.0004301182736215002,GABA_C_LEFT,9.64689069078737
0.0,3.0,0.00043831032853186623,GABA_C_LEFT,9.433981132056603
0.0,3.25,3.802451783487405e-07,GABA_C_LEFT,9.222933372848358
0.0,3.5,3.8705942032965727e-07,GABA_C_LEFT,9.013878188659973
0.0,3.75,3.937781603513829e-07,GABA_C_LEFT,8.806957476904268
0.0,4.0,0.020762656711265266,GABA_C_LEFT,8.602325267042627
0.0,4.25,0.02109973606160457,GABA_C_LEFT,8.40014880820572
0.0,4.5,0.02411758231546144,GABA_C_LEFT,8.200609733428363
0.0,4.75,0.024482061480205587,GABA_C_LEFT,8.00390529679106
0.0,5.0,0.02483832221516809,GABA_C_LEFT,7.810249675906654
0.0,5.25,0.025073766961514227,GABA_C_LEFT,7.6198753270640855
0.0,5.5,0.025410544605209327,GABA_C_LEFT,7.433034373659253
0.0,5.75,0.025737622025367453,GABA_C_LEFT,7.25
0.0,6.0,1.4902604712045555e-31,GABA_C_LEFT,7.0710678118654755
0.0,6.25,1.507775711685853e-31,GABA_C_LEFT,6.896557112066861
0.0,6.5,0.018314457935487645,GABA_C_LEFT,6.726812023536855
0.0,6.75,0.018509246770867186,GABA_C_LEFT,6.562202374203344
0.0,7.0,0.01869577530421932,GABA_C_LEFT,6.4031242374328485
0.0,7.25,1.9340898643179845e-24,GABA_C_LEFT,6.25
0.0,7.5,1.95142335618258e-24,GABA_C_LEFT,6.103277807866851
0.0,7.75,1.967824693441733e-24,GABA_C_LEFT,5.963430220938282
0.0,8.0,0.0022410704052231003,GABA_C_LEFT,5.830951894845301
0.0,8.25,0.0022574104093615968,GABA_C_LEFT,5.706356105256663
0.0,8.5,0.0022726136135359848,GABA_C_LEFT,5.5901699437494745
0.0,8.75,2.2578104987534547e-07,GABA_C_LEFT,5.482928049865327
0.0,9.0,2.2705061582247783e-07,PLP_ZERO,5.385164807134504
0.0,9.25,1.9822378597483294e-07,PLP_ZERO,5.153882032022076
0.0,9.5,1.991182552334722e-07,PLP_ZERO,4.924428900898052
0.0,9.75,1.9990628447272865e-07,PLP_ZERO,4.697073557013984
0.0,10.0,7.246001179844395e-09,PLP_ZERO,4.47213595499958
0.0,10.25,7.266644013644312e-09,PLP_ZERO,4.25
0.0,10.5,7.283320600478161e-09,PLP_ZERO,4.031128874149275
0.0,10.75,1.0148190159310948e-14,PLP_ZERO,3.816084380618437
0.0,11.0,1.0160246727459133e-14,PLP_ZERO,3.605551275463989
0.0,11.25,2.530515431258871e-15,PLP_ZERO,3.400367627183861
0.0,11.5,2.5307238805904887e-15,PLP_ZERO,3.2015621187164243
0.0,11.75,2.5295344247762292e-15,PLP_ZERO,3.010398644698074
0.0,12.0,0.015462894792555634,PLP_ZERO,2.8284271247461903
0.0,12.25,0.015438558486680864,PLP_ZERO,2.6575364531836625
0.0,12.5,0.015405746648208313,PLP_ZERO,2.5
0.0,12.75,0.005662090668804302,PLP_ZERO,2.358495283014151
0.0,13.0,0.0056438172046349554,PLP_ZERO,2.23606797749979
0.0,13.25,0.005622495498230198,PLP_ZERO,2.1360009363293826
0.0,13.5,6.884860221080916e-05,PLP_ZERO,2.0615528128088303
0.0,13.75,6.851275321515352e-05,PLP_ZERO,2.0155644370746373
0.0,14.0,6.861487729043242e-16,PLP_ZERO,2.0
0.0,14.25,6.820476221135544e-16,PLP_ZERO,2.0155644370746373
0.0,14.5,6.775965170879753e-16,VASOPRESSIN_SPARE,2.0155644370746373
0.0,14.75,0.0023291802583376726,VASOPRESSIN_SPARE,2.0
0.0,15.0,0.0023114243376307422,VASOPRESSIN_SPARE,2.0155644370746373
0.0,15.25,0.00212712926891264,VASOPRESSIN_SPARE,2.0615528128088303
0.0,15.5,0.0021085824145338724,VASOPRESSIN_SPARE,2.1360009363293826
0.0,15.75,0.0020890427848455936,VASOPRESSIN_SPARE,2.23606797749979
0.0,16.0,0.002068541064441782,VASOPRESSIN_SPARE,2.358495283014151
0.25,0.0,9.910141103848715e-13,GABA_C_LEFT,11.98175696632176
0.25,0.25,1.0160451658623035e-12,GABA_C_LEFT,11.75265927354316
0.25,0.5,0.01836524661289491,GABA_C_LEFT,11.52443057161611
0.25,0.75,0.018808322189692323,GABA_C_LEFT,11.297123527695003
0.25,1.0,0.019251448179136158,GABA_C_LEFT,11.070794912742265
0.25,1.25,0.0003826247305464183,GABA_C_LEFT,10.845505981741931
0.25,1.5,0.0003912068954661261,GABA_C_LEFT,10.621322893124
0.25,1.75,0.020527641737691248,GABA_C_LEFT,10.398317171542711
0.25,2.0,0.02096489247307634,GABA_C_LEFT,10.17656621852381
0.25,2.25,0.021399630608668854,GABA_C_LEFT,9.956153875869939
0.25,2.5,0.0004219834083461322,GABA_C_LEFT,9.737171047075224
0.25,2.75,0.0004302581728049238,GABA_C_LEFT,9.519716382329886
0.25,3.0,0.0004384528922423812,GABA_C_LEFT,9.303897032964198
0.25,3.25,3.8036885593514914e-07,GABA_C_LEFT,9.089829481348922
0.25,3.5,3.871853142992034e-07,GABA_C_LEFT,8.877640452282352
0.25,3.75,3.9390623964134045e-07,GABA_C_LEFT,8.667467911679857
0.25,4.0,0.020769409920551523,GABA_C_LEFT,8.459462157844316
0.25,4.25,0.021106598908469033,GABA_C_LEFT,8.253787009609589
0.25,4.5,0.024125426739376926,GABA_C_LEFT,8.050621094052309
0.25,4.75,0.024490024453693717,GABA_C_LEFT,7.850159234053791
0.25,5.0,0.024846401065123144,GABA_C_LEFT,7.652613932506983
0.25,5.25,0.025081922391632865,GABA_C_LEFT,7.458216945088149
0.25,5.5,0.02541880957477383,GABA_C_LEFT,7.267220926874317
0.25,5.75,0.025745993379307608,GABA_C_LEFT,7.079901129253148
0.25,6.0,1.4907451895617984e-31,GABA_C_LEFT,6.896557112066861
0.25,6.25,1.5082661270059808e-31,GABA_C_LEFT,6.7175144212722016
0.25,6.5,0.01832041484982297,GABA_C_LEFT,6.5431261641512
0.25,6.75,0.018515267041727172,GABA_C_LEFT,6.373774391990981
0.25,7.0,0.018701856244878988,GABA_C_LEFT,6.209871174187111
0.25,7.25,1.93471894150275e-24,GABA_C_LEFT,6.051859218455102
0.25,7.5,1.952058071215134e-24,GABA_C_LEFT,5.900211860602973
0.25,7.75,1.9684647431318226e-24,GABA_C_LEFT,5.755432216610669
0.25,8.0,0.002241799330123328,GABA_C_LEFT,5.618051263561058
0.25,8.25,0.0022581446489703034,GABA_C_LEFT,5.488624600025037
0.25,8.5,0.0022733527981004865,GABA_C_LEFT,5.367727638395972
0.25,8.75,2.2585448684942269e-07,GABA_C_LEFT,5.25594901040716
0.25,9.0,2.2712446573236878e-07,GABA_C_LEFT,5.153882032022076
0.25,9.25,1.982882597428492e-07,PLP_ZERO,5.062114182829147
0.25,9.5,1.9918301993430056e-07,PLP_ZERO,4.828301978956992
0.25,9.75,1.999713054859572e-07,PLP_ZERO,4.596194077712559
0.25,10.0,7.24835799588853e-09,PLP_ZERO,4.366062299143245
0.25,10.25,7.269007543924435e-09,PLP_ZERO,4.138236339311712
0.25,10.5,7.285689554942801e-09,PLP_ZERO,3.913118960624632
0.25,10.75,1.0151490934013127e-14,PLP_ZERO,3.69120576505835
0.25,11.0,1.0163551423650221e-14,PLP_ZERO,3.473110997362451
0.25,11.25,2.5313385003172796e-15,PLP_ZERO,3.2596012026013246
0.25,11.5,2.5315470174486006e-15,PLP_ZERO,3.0516389039334255
0.25,11.75,2.5303571747549467e-15,PLP_ZERO,2.850438562747845
0.25,12.0,0.015467924214664648,PLP_ZERO,2.6575364531836625
0.25,12.25,0.015443579993224491,PLP_ZERO,2.4748737341529163
0.25,12.5,0.015410757482456223,PLP_ZERO,2.3048861143232218
0.25,12.75,0.005663932306115747,PLP_ZERO,2.1505813167606567
0.25,13.0,0.005645652898365596,PLP_ZERO,2.0155644370746373
0.25,13.25,0.00562432425691646,PLP_ZERO,1.9039432764659772
0.25,13.5,6.887099573328857e-05,PLP_ZERO,1.8200274723201295
0.25,13.75,6.85350375002368e-05,PLP_ZERO,1.7677669529663689
0.25,14.0,6.86371947921345e-16,PLP_ZERO,1.75
0.25,14.25,6.822694632006264e-16,PLP_ZERO,1.7677669529663689
0.25,14.5,6.778169104198679e-16,VASOPRESSIN_SPARE,1.7677669529663689
0.25,14.75,0.0023299378416262043,VASOPRESSIN_SPARE,1.75
0.25,15.0,0.002312176145673347,VASOPRESSIN_SPARE,1.7677669529663689
0.25,15.25,0.0021278211336066273,VASOPRESSIN_SPARE,1.8200274723201295
0.25,15.5,0.0021092682467248433,VASOPRESSIN_SPARE,1.9039432764659772
0.25,15.75,0.0020897222616259596,VASOPRESSIN_SPARE,2.0155644370746373
0.25,16.0,0.002069213872884346,VASOPRESSIN_SPARE,2.1505813167606567
0.5,0.0,9.913264795816599e-13,GABA_C_LEFT,11.884864324004713
0.5,0.25,1.0163654248869081e-12,GABA_C_LEFT,11.653862020806665
0.5,0.5,0.018371035367336624,GABA_C_LEFT,11.423659658795863
0.5,0.75,0.018814250602248478,GABA_C_LEFT,11.194306588619055
0.5,1.0,0.0192575162656969,GABA_C_LEFT,10.965856099730654
0.5,1.25,0.00038274533445962166,GABA_C_LEFT,10.738365797457265
0.5,1.5,0.0003913302044911282,GABA_C_LEFT,10.51189802081432
0.5,1.75,0.020534112082456642,GABA_C_LEFT,10.286520305720492
0.5,2.0,0.020971500639957057,GABA_C_LEFT,10.062305898749054
0.5,2.25,0.02140637580568951,GABA_C_LEFT,9.839334327077214
0.5,2.5,0.0004221164181761051,GABA_C_LEFT,9.617692030835672
0.5,2.75,0.0004303937908535896,GABA_C_LEFT,9.39747306460625
0.5,3.0,0.000438591093279424,GABA_C_LEFT,9.17877987534291
0.5,3.25,3.804887487931485e-07,GABA_C_LEFT,8.96172416446746
0.5,3.5,3.8730735571553487e-07,GABA_C_LEFT,8.74642784226795
0.5,3.75,3.940303995038462e-07,GABA_C_LEFT,8.533024082938006
0.5,4.0,0.0207759564710261,GABA_C_LEFT,8.32165848854662
0.5,4.25,0.021113251741439708,GABA_C_LEFT,8.112490369793976
0.5,4.5,0.024133031111599063,GABA_C_LEFT,7.905694150420948
0.5,4.75,0.02449774374768536,GABA_C_LEFT,7.7014609003746815
0.5,5.0,0.024854232689579814,GABA_C_LEFT,7.5
0.5,5.25,0.025089828252779823,GABA_C_LEFT,7.301540933255117
0.5,5.5,0.025426821623287552,GABA_C_LEFT,7.106335201775948
0.5,5.75,0.025754108556667987,GABA_C_LEFT,6.914658342969665
0.5,6.0,1.491215074775944e-31,GABA_C_LEFT,6.726812023536855
0.5,6.25,1.508741534846998e-31,GABA_C_LEFT,6.5431261641512
0.5,6.5,0.01832618947322288,GABA_C_LEFT,6.363961030678928
0.5,6.75,0.01852110308284257,GABA_C_LEFT,6.189709201569974
0.5,7.0,0.018707751099202904,GABA_C_LEFT,6.020797289396148
0.5,7.25,1.935328767937546e-24,GABA_C_LEFT,5.8576872569299905
0.5,7.5,1.9526733629707203e-24,GABA_C_LEFT,5.70087712549569
0.5,7.75,1.9690852062960447e-24,GABA_C_LEFT,5.55090082779363
0.5,8.0,0.0022425059487766576,GABA_C_LEFT,5.408326913195984
0.5,8.25,0.0022588564196936857,GABA_C_LEFT,5.273755777432247
0.5,8.5,0.0022740693624562487,GABA_C_LEFT,5.1478150704935
0.5,8.75,2.2592567653674289e-07,GABA_C_LEFT,5.031152949374527
0.5,9.0,2.2719605571901816e-07,GABA_C_LEFT,4.924428900898052
0.5,9.25,1.9835076051229268e-07,GABA_C_LEFT,4.828301978956992
0.5,9.5,1.9924580273355516e-07,PLP_ZERO,4.743416490252569
0.5,9.75,2.0003433675404996e-07,PLP_ZERO,4.5069390943299865
0.5,10.0,7.2506426896597735e-09,PLP_ZERO,4.272001872658765
0.5,10.25,7.271298746465499e-09,PLP_ZERO,4.038873605350878
0.5,10.5,7.287986015679816e-09,PLP_ZERO,3.8078865529319543
0.5,10.75,1.0154690699824768e-14,PLP_ZERO,3.5794552658190883
0.5,11.0,1.0166754990947048e-14,PLP_ZERO,3.3541019662496847
0.5,11.25,2.5321363821696744e-15,PLP_ZERO,3.132491021535417
0.5,11.5,2.532344965025921e-15,PLP_ZERO,2.9154759474226504
0.5,11.75,2.5311547472919904e-15,PLP_ZERO,2.704163456597992
0.5,12.0,0.015472799728557222,PLP_ZERO,2.5
0.5,12.25,0.01544844783378041,PLP_ZERO,2.3048861143232218
0.5,12.5,0.015415614977305439,PLP_ZERO,2.1213203435596424
0.5,12.75,0.005665717586432733,PLP_ZERO,1.9525624189766635
0.5,13.0,0.005647432416984683,PLP_ZERO,1.8027756377319946
0.5,13.25,0.0056260970527144205,PLP_ZERO,1.6770509831248424
0.5,13.5,6.889270397880575e-05,PLP_ZERO,1.5811388300841898
0.5,13.75,6.855663985119373e-05,PLP_ZERO,1.5206906325745548
0.5,14.0,6.865882934322952e-16,PLP_ZERO,1.5
0.5,14.25,6.824845156019796e-16,PLP_ZERO,1.5206906325745548
0.5,14.5,6.780305593696241e-16,VASOPRESSIN_SPARE,1.5206906325745548
0.5,14.75,0.002330672241676142,VASOPRESSIN_SPARE,1.5
0.5,15.0,0.0023129049472089547,VASOPRESSIN_SPARE,1.5206906325745548
0.5,15.25,0.0021284918261542394,VASOPRESSIN_SPARE,1.5811388300841898
0.5,15.5,0.002109933091373508,VASOPRESSIN_SPARE,1.6770509831248424
0.5,15.75,0.0020903809453495657,VASOPRESSIN_SPARE,1.8027756377319946
0.5,16.0,0.0020698660923317617,VASOPRESSIN_SPARE,1.9525624189766635
0.75,0.0,9.916289786467916e-13,GABA_C_LEFT,11.792476415070755
0.75,0.25,1.0166755644798606e-12,GABA_C_LEFT,11.559628021696891
0.75,0.5,0.018376641210758122,GABA_C_LEFT,11.327510759209192
0.75,0.75,0.018819991690916596,GABA_C_LEFT,11.096170510586074
0.75,1.0,0.01926339261499969,GABA_C_LEFT,10.865656906050365
0.75,1.25,0.0003828621275729322,GABA_C_LEFT,10.636023693091325
0.75,1.5,0.00039144961724106933,GABA_C_LEFT,10.407329148249325
0.75,1.75,0.020540377979551286,GABA_C_LEFT,10.179636535751166
0.75,2.0,0.02097790000431245,GABA_C_LEFT,9.95301461869719
0.75,2.25,0.02141290787035484,GABA_C_LEFT,9.72753822917186
0.75,2.5,0.00042224522520840484,GABA_C_LEFT,9.503288904374106
0.75,2.75,0.0004305251236910083,GABA_C_LEFT,9.280355596635292
0.75,3.0,0.0004387249274888643,GABA_C_LEFT,9.058835465996719
0.75,3.25,3.806048533189266e-07,GABA_C_LEFT,8.838834764831844
0.75,3.5,3.87425540910257e-07,GABA_C_LEFT,8.620469824783333
0.75,3.75,3.941506362068279e-07,GABA_C_LEFT,8.403868156985805
0.75,4.0,0.02078229616590881,GABA_C_LEFT,8.1891696770796
0.75,4.25,0.021119694360541716,GABA_C_LEFT,7.976528066771908
0.75,4.5,0.024140395203551022,GABA_C_LEFT,7.766112283504533
0.75,4.75,0.024505219130149303,GABA_C_LEFT,7.558108228915487
0.75,5.0,0.024861816853130388,GABA_C_LEFT,7.352720584926371
0.75,5.25,0.025097484307315947,GABA_C_LEFT,7.1501748230375455
0.75,5.5,0.025434580509919494,GABA_C_LEFT,6.950719387228922
0.75,5.75,0.02576196731351768,GABA_C_LEFT,6.754628043053148
0.75,6.0,1.491670112722898e-31,GABA_C_LEFT,6.562202374203344
0.75,6.25,1.5092019209188087e-31,GABA_C_LEFT,6.373774391990981
0.75,6.5,0.018331781632110244,GABA_C_LEFT,6.189709201569974
0.75,6.75,0.018526754718790124,GABA_C_LEFT,6.010407640085654
0.75,7.0,0.01871345968999997,GABA_C_LEFT,5.836308764964376
0.75,7.25,1.93591932529184e-24,GABA_C_LEFT,5.667892024377317
0.75,7.5,1.9532692129545276e-24,GABA_C_LEFT,5.50567888638631
0.75,7.75,1.969686064284142e-24,GABA_C_LEFT,5.350233639758174
0.75,8.0,0.0022431902399431196,GABA_C_LEFT,5.202163011671203
0.75,8.25,0.002259545700136908,GABA_C_LEFT,5.062114182829147
0.75,8.5,0.0022747632850643467,GABA_C_LEFT,4.930770730829005
0.75,8.75,2.2599461679744331e-07,GABA_C_LEFT,4.808846015417836
0.75,9.0,2.2726538363053085e-07,GABA_C_LEFT,4.697073557013984
0.75,9.25,1.9841128640447752e-07,GABA_C_LEFT,4.596194077712559
0.75,9.5,1.9930660174407258e-07,GABA_C_LEFT,4.5069390943299865
0.75,9.75,2.0009537638237487e-07,PLP_ZERO,4.430011286667337
0.75,10.0,7.252855192483415e-09,PLP_ZERO,4.190763653560053
0.75,10.25,7.27351755239715e-09,PLP_ZERO,3.952847075210474
0.75,10.5,7.290209913660799e-09,PLP_ZERO,3.7165171868296265
0.75,10.75,1.015778936056537e-14,PLP_ZERO,3.48209706929603
0.75,11.0,1.0169857333054848e-14,PLP_ZERO,3.25
0.75,11.25,2.5329090528328403e-15,PLP_ZERO,3.020761493398643
0.75,11.5,2.53311769933726e-15,PLP_ZERO,2.7950849718747373
0.75,11.75,2.5319271184134424e-15,PLP_ZERO,2.57390753524675
0.75,12.0,0.015477521187682204,PLP_ZERO,2.358495283014151
0.75,12.25,0.015453161862028122,PLP_ZERO,2.1505813167606567
0.75,12.5,0.01542031898674644,PLP_ZERO,1.9525624189766635
0.75,12.75,0.005667446456092221,PLP_ZERO,1.7677669529663689
0.75,13.0,0.005649155707002371,PLP_ZERO,1.6007810593582121
0.75,13.25,0.005627813832336311,PLP_ZERO,1.4577379737113252
0.75,13.5,6.89137262948411e-05,PLP_ZERO,1.346291201783626
0.75,13.75,6.857755961868778e-05,PLP_ZERO,1.2747548783981961
0.75,14.0,6.867978029341309e-16,PLP_ZERO,1.25
0.75,14.25,6.826927728534388e-16,PLP_ZERO,1.2747548783981961
0.75,14.5,6.782374575152548e-16,VASOPRESSIN_SPARE,1.2747548783981961
0.75,14.75,0.002331383436412444,VASOPRESSIN_SPARE,1.25
0.75,15.0,0.0023136107203308065,VASOPRESSIN_SPARE,1.2747548783981961
0.75,15.25,0.0021291413263953953,VASOPRESSIN_SPARE,1.346291201783626
0.75,15.5,0.0021105769284955633,VASOPRESSIN_SPARE,1.4577379737113252
0.75,15.75,0.0020910188162172987,VASOPRESSIN_SPARE,1.6007810593582121
0.75,16.0,0.0020704977031792216,VASOPRESSIN_SPARE,1.7677669529663689
1.0,0.0,4.918204149089366e-07,GABA_C_LEFT,11.704699910719626
1.0,0.25,5.042428254089629e-07,GABA_C_LEFT,11.470069746954461
1.0,0.5,0.009482143008728511,GABA_C_LEFT,11.236102527122116
1.0,0.75,0.009710906938308311,GABA_C_LEFT,11.002840542332693
1.0,1.0,0.009939696896393629,GABA_C_LEFT,10.770329614269007
1.0,1.25,1.0659298825547862e-53,GABA_C_LEFT,10.538619454178995
1.0,1.5,1.0898383895450844e-53,GABA_C_LEFT,10.307764064044152
1.0,1.75,0.002387470823484713,GABA_C_LEFT,10.077822185373186
1.0,2.0,0.002438325343775876,GABA_C_LEFT,9.848857801796104
1.0,2.25,0.002488887635725736,GABA_C_LEFT,9.620940702446928
1.0,2.5,0.0005019950546757451,GABA_C_LEFT,9.394147114027968
1.0,2.75,0.0005118387849143349,GABA_C_LEFT,9.168560410446124
1.0,3.0,0.0005215872929141673,GABA_C_LEFT,8.94427190999916
1.0,3.25,2.073300274053679e-07,GABA_C_LEFT,8.721381771256205
1.0,3.5,2.1104551692922067e-07,GABA_C_LEFT,8.5
1.0,3.75,2.1470893367228938e-07,GABA_C_LEFT,8.280247580839598
1.0,4.0,2.9543927263785863e-16,GABA_C_LEFT,8.06225774829855
1.0,4.25,3.002356953437956e-16,GABA_C_LEFT,7.846177413237608
1.0,4.5,5.239506462610013e-05,GABA_C_LEFT,7.632168761236874
1.0,4.75,5.3186889824075875e-05,GABA_C_LEFT,7.420411039827915
1.0,5.0,5.3960860613848434e-05,GABA_C_LEFT,7.211102550927978
1.0,5.25,1.833492823954328e-63,GABA_C_LEFT,7.00446286306095
1.0,5.5,1.8581193347586674e-63,GABA_C_LEFT,6.800735254367722
1.0,5.75,1.8820365269244033e-63,GABA_C_LEFT,6.600189391222043
1.0,6.0,3.5518106196401926e-14,GABA_C_LEFT,6.4031242374328485
1.0,6.25,3.5935555483617736e-14,GABA_C_LEFT,6.209871174187111
1.0,6.5,2.079203460844983e-05,GABA_C_LEFT,6.020797289396148
1.0,6.75,2.1013174443481656e-05,GABA_C_LEFT,5.836308764964376
1.0,7.0,2.1224936524269534e-05,GABA_C_LEFT,5.656854249492381
1.0,7.25,0.008972139249725201,GABA_C_LEFT,5.482928049865327
1.0,7.5,0.009052548389735855,GABA_C_LEFT,5.315072906367325
1.0,7.75,0.009128633314477818,GABA_C_LEFT,5.153882032022076
1.0,8.0,3.8731745059804675e-06,GABA_C_LEFT,5.0
1.0,8.25,3.9014144431592985e-06,GABA_C_LEFT,4.8541219597369
1.0,8.5,3.927689683187555e-06,GABA_C_LEFT,4.716990566028302
1.0,8.75,0.009162825163054718,GABA_C_LEFT,4.589389937671455
1.0,9.0,0.009214347692571543,GABA_C_LEFT,4.47213595499958
1.0,9.25,0.03048305425121726,GABA_C_LEFT,4.366062299143245
1.0,9.5,0.030620606638298645,GABA_C_LEFT,4.272001872658765
1.0,9.75,0.03074179057156712,GABA_C_LEFT,4.190763653560053
1.0,10.0,0.004396878102926172,PLP_ZERO,4.123105625617661
1.0,10.25,0.004409404187543666,PLP_ZERO,3.881043674065006
1.0,10.5,0.004419523550991364,PLP_ZERO,3.640054944640259
1.0,10.75,7.861157934127526e-09,PLP_ZERO,3.400367627183861
1.0,11.0,7.870497391200026e-09,PLP_ZERO,3.1622776601683795
1.0,11.25,0.001416620815372848,PLP_ZERO,2.9261749776799064
1.0,11.5,0.0014167375084617232,PLP_ZERO,2.692582403567252
1.0,11.75,0.0014160716331050145,PLP_ZERO,2.462214450449026
1.0,12.0,6.658242709306836e-80,PLP_ZERO,2.23606797749979
1.0,12.25,6.647763621572232e-80,PLP_ZERO,2.0155644370746373
1.0,12.5,6.633635013234679e-80,PLP_ZERO,1.8027756377319946
1.0,12.75,5.1257204881113006e-23,PLP_ZERO,1.6007810593582121
1.0,13.0,5.1091780702730214e-23,PLP_ZERO,1.4142135623730951
1.0,13.25,5.0898761703648307e-23,PLP_ZERO,1.25
1.0,13.5,0.007851452059748368,PLP_ZERO,1.118033988749895
1.0,13.75,0.007813152047779631,PLP_ZERO,1.0307764064044151
1.0,14.0,1.6069069678610037e-13,PLP_ZERO,1.0
1.0,14.25,1.5973023922322495e-13,PLP_ZERO,1.0307764064044151
1.0,14.5,1.5868782510507255e-13,VASOPRESSIN_SPARE,1.0307764064044151
1.0,14.75,4.17317921415065e-06,VASOPRESSIN_SPARE,1.0
1.0,15.0,4.141366030539368e-06,VASOPRESSIN_SPARE,1.0307764064044151
1.0,15.25,3.553984022465947e-06,VASOPRESSIN_SPARE,1.118033988749895
1.0,15.5,3.5229961435944207e-06,VASOPRESSIN_SPARE,1.25
1.0,15.75,3.4903495467317194e-06,VASOPRESSIN_SPARE,1.4142135623730951
1.0,16.0,3.4560954993575992e-06,VASOPRESSIN_SPARE,1.6007810593582121
1.25,0.0,4.919606006634797e-07,GABA_C_LEFT,11.621639299169459
1.25,0.25,5.043865519782757e-07,GABA_C_LEFT,11.3852975367357
1.25,0.5,0.009484845746012422,GABA_C_LEFT,11.149551560488879
1.25,0.75,0.009713674881189852,GABA_C_LEFT,10.914439976471536
1.25,1.0,0.009942530052291818,GABA_C_LEFT,10.680004681646913
1.25,1.25,1.0662337092776025e-53,GABA_C_LEFT,10.44629120788809
1.25,1.5,1.0901490310157046e-53,GABA_C_LEFT,10.213349107907748
1.25,1.75,0.002388151334884188,GABA_C_LEFT,9.981232388838565
1.25,2.0,0.0024390203504648564,GABA_C_LEFT,9.75
1.25,2.25,0.0024895970544090815,GABA_C_LEFT,9.519716382329886
1.25,2.5,0.0005021381405529949,GABA_C_LEFT,9.290452088031023
1.25,2.75,0.0005119846765936807,GABA_C_LEFT,9.06228448019593
1.25,3.0,0.0005217359632539919,GABA_C_LEFT,8.835298523536146
1.25,3.25,2.07389123602781e-07,GABA_C_LEFT,8.609587678861281
1.25,3.5,2.1110567216909442e-07,GABA_C_LEFT,8.38525491562421
1.25,3.75,2.1477013311208804e-07,GABA_C_LEFT,8.162413858657255
1.25,4.0,2.955234830042869e-16,GABA_C_LEFT,7.941190087134295
1.25,4.25,3.003212728558643e-16,GABA_C_LEFT,7.721722605740251
1.25,4.5,5.2409999023791406e-05,GABA_C_LEFT,7.504165509901817
1.25,4.75,5.320204991921581e-05,GABA_C_LEFT,7.2886898685566255
1.25,5.0,5.397624131731586e-05,GABA_C_LEFT,7.075485849042453
1.25,5.25,1.8340154325471878e-63,GABA_C_LEFT,6.864765108872991
1.25,5.5,1.8586489627551434e-63,GABA_C_LEFT,6.656763477847174
1.25,5.75,1.8825729721442572e-63,GABA_C_LEFT,6.45174395028197
1.25,6.0,3.552823007976696e-14,GABA_C_LEFT,6.25
1.25,6.25,3.594579835440489e-14,GABA_C_LEFT,6.051859218455102
1.25,6.5,2.079796105430631e-05,GABA_C_LEFT,5.8576872569299905
1.25,6.75,2.101916392180628e-05,GABA_C_LEFT,5.667892024377317
1.25,7.0,2.1230986362079408e-05,GABA_C_LEFT,5.482928049865327
1.25,7.25,0.008974696618375345,GABA_C_LEFT,5.303300858899107
1.25,7.5,0.009055128677759863,GABA_C_LEFT,5.129571132170798
1.25,7.75,0.009131235289325433,GABA_C_LEFT,4.962358310319802
1.25,8.0,3.874278494091043e-06,GABA_C_LEFT,4.802343178074636
1.25,8.25,3.9025264806244384e-06,GABA_C_LEFT,4.650268809434569
1.25,8.5,3.9288092100009145e-06,GABA_C_LEFT,4.5069390943299865
1.25,8.75,0.009165436883756607,GABA_C_LEFT,4.373213921133975
1.25,9.0,0.009216974098968569,GABA_C_LEFT,4.25
1.25,9.25,0.03049174297139122,GABA_C_LEFT,4.138236339311712
1.25,9.5,0.03062933456563966,GABA_C_LEFT,4.038873605350878
1.25,9.75,0.030750553040502206,GABA_C_LEFT,3.952847075210474
1.25,10.0,0.004398131364596098,GABA_C_LEFT,3.881043674065006
1.25,10.25,0.004410661019579055,PLP_ZERO,3.824264635194589
1.25,10.5,0.004420783267393806,PLP_ZERO,3.5794552658190883
1.25,10.75,7.863398634845047e-09,PLP_ZERO,3.3354160160315836
1.25,11.0,7.872740753984424e-09,PLP_ZERO,3.092329219213245
1.25,11.25,0.001417024601087886,PLP_ZERO,2.850438562747845
1.25,11.5,0.0014171413274383102,PLP_ZERO,2.6100766272276377
1.25,11.75,0.001416475262284195,PLP_ZERO,2.3717082451262845
1.25,12.0,6.660140537761776e-80,PLP_ZERO,2.1360009363293826
1.25,12.25,6.649658463126311e-80,PLP_ZERO,1.9039432764659772
1.25,12.5,6.635525827648849e-80,PLP_ZERO,1.6770509831248424
1.25,12.75,5.12718149495937e-23,PLP_ZERO,1.4577379737113252
1.25,13.0,5.110634361962354e-23,PLP_ZERO,1.25
1.25,13.25,5.091326960348011e-23,PLP_ZERO,1.0606601717798212
1.25,13.5,0.00785368999395746,PLP_ZERO,0.9013878188659973
1.25,13.75,0.007815379065166415,PLP_ZERO,0.7905694150420949
1.25,14.0,1.607364991682182e-13,PLP_ZERO,0.75
1.25,14.25,1.597757678418631e-13,PLP_ZERO,0.7905694150420949
1.25,14.5,1.5873305659979054e-13,VASOPRESSIN_SPARE,0.7905694150420949
1.25,14.75,4.174368713933995e-06,VASOPRESSIN_SPARE,0.75
1.25,15.0,4.142546462469868e-06,VASOPRESSIN_SPARE,0.7905694150420949
1.25,15.25,3.554997030297099e-06,VASOPRESSIN_SPARE,0.9013878188659973
1.25,15.5,3.5240003188129976e-06,VASOPRESSIN_SPARE,1.0606601717798212
1.25,15.75,3.4913444165459747e-06,VASOPRESSIN_SPARE,1.25
1.25,16.0,3.457080605588783e-06,VASOPRESSIN_SPARE,1.4577379737113252
1.5,0.0,4.920958794625601e-07,GABA_C_LEFT,11.543396380615196
1.5,0.25,5.045252476521406e-07,GABA_C_LEFT,11.305419054595014
1.5,0.5,0.00948745387873739,GABA_C_LEFT,11.067971810589327
1.5,0.75,0.009716345937105334,GABA_C_LEFT,10.831089511217234
1.5,1.0,0.009945264038557148,GABA_C_LEFT,10.594810050208546
1.5,1.25,1.0665269010810431e-53,GABA_C_LEFT,10.35917467755033
1.5,1.5,1.0904487990287033e-53,GABA_C_LEFT,10.124228365658293
1.5,1.75,0.0023888080261805435,GABA_C_LEFT,9.89002022242624
1.5,2.0,0.002439691029668636,GABA_C_LEFT,9.656603957913983
1.5,2.25,0.0024902816411407442,GABA_C_LEFT,9.424038412485382
1.5,2.5,0.0005022762179610941,GABA_C_LEFT,9.192388155425117
1.5,2.75,0.0005121254615917146,GABA_C_LEFT,8.96172416446746
1.5,3.0,0.0005218794296503882,GABA_C_LEFT,8.73212459828649
1.5,3.25,2.074461512418755e-07,GABA_C_LEFT,8.503675675847475
1.5,3.5,2.1116372178073323e-07,GABA_C_LEFT,8.276472678623424
1.5,3.75,2.1482919037327236e-07,GABA_C_LEFT,8.050621094052309
1.5,4.0,2.956047457351377e-16,GABA_C_LEFT,7.826237921249264
1.5,4.25,3.004038548778301e-16,GABA_C_LEFT,7.603453162872775
1.5,4.5,5.2424410669191854e-05,GABA_C_LEFT,7.3824115301167
1.5,4.75,5.32166793619232e-05,GABA_C_LEFT,7.163274390947201
1.5,5.0,5.399108364634473e-05,GABA_C_LEFT,6.946221994724902
1.5,5.25,1.834519748146599e-63,GABA_C_LEFT,6.73145600891813
1.5,5.5,1.8591600520563083e-63,GABA_C_LEFT,6.519202405202649
1.5,5.75,1.8830906400439015e-63,GABA_C_LEFT,6.309714732061981
1.5,6.0,3.5537999594423555e-14,GABA_C_LEFT,6.103277807866851
1.5,6.25,3.595568269153843e-14,GABA_C_LEFT,5.900211860602973
1.5,6.5,2.0803680055362406e-05,GABA_C_LEFT,5.70087712549569
1.5,6.75,2.1024943748989968e-05,GABA_C_LEFT,5.50567888638631
1.5,7.0,2.123682443597086e-05,GABA_C_LEFT,5.315072906367325
1.5,7.25,0.008977164470839563,GABA_C_LEFT,5.129571132170798
1.5,7.5,0.00905761864734563,GABA_C_LEFT,4.949747468305833
1.5,7.75,0.009133746186625736,GABA_C_LEFT,4.7762432936357
1.5,8.0,3.875343839041995e-06,GABA_C_LEFT,4.6097722286464435
1.5,8.25,3.903599593176474e-06,GABA_C_LEFT,4.451123453691214
1.5,8.5,3.929889549749725e-06,GABA_C_LEFT,4.301162633521313
1.5,8.75,0.009167957185774716,GABA_C_LEFT,4.16082924427331
1.5,9.0,0.009219508572634922,GABA_C_LEFT,4.031128874149275
1.5,9.25,0.030500127558216832,GABA_C_LEFT,3.913118960624632
1.5,9.5,0.0306377569872545,GABA_C_LEFT,3.8078865529319543
1.5,9.75,0.03075900879464344,GABA_C_LEFT,3.7165171868296265
1.5,10.0,0.004399340758048335,GABA_C_LEFT,3.640054944640259
1.5,10.25,0.0044118738584224,GABA_C_LEFT,3.5794552658190883
1.5,10.5,0.0044219988896420145,PLP_ZERO,3.5355339059327378
1.5,10.75,7.865560903779955e-09,PLP_ZERO,3.2882366094914763
1.5,11.0,7.874905591805248e-09,PLP_ZERO,3.0413812651491097
1.5,11.25,0.0014174142529950597,PLP_ZERO,2.7950849718747373
1.5,11.5,0.0014175310114427704,PLP_ZERO,2.5495097567963922
1.5,11.75,0.0014168647631347725,PLP_ZERO,2.3048861143232218
1.5,12.0,6.6619719360738384e-80,PLP_ZERO,2.0615528128088303
1.5,12.25,6.651486979088716e-80,PLP_ZERO,1.8200274723201295
1.5,12.5,6.637350457434287e-80,PLP_ZERO,1.5811388300841898
1.5,12.75,5.128591361835642e-23,PLP_ZERO,1.346291201783626
1.5,13.0,5.112039678725716e-23,PLP_ZERO,1.118033988749895
1.5,13.25,5.0927269679827554e-23,PLP_ZERO,0.9013878188659973
1.5,13.5,0.007855849593220695,PLP_ZERO,0.7071067811865476
1.5,13.75,0.007817528129731481,PLP_ZERO,0.5590169943749475
1.5,14.0,1.6078069831861066e-13,PLP_ZERO,0.5
1.5,14.25,1.5981970281138437e-13,PLP_ZERO,0.5590169943749475
1.5,14.5,1.5877670484569122e-13,VASOPRESSIN_SPARE,0.5590169943749475
1.5,14.75,4.175516577372203e-06,VASOPRESSIN_SPARE,0.5
1.5,15.0,4.14368557545945e-06,VASOPRESSIN_SPARE,0.5590169943749475
1.5,15.25,3.555974579573088e-06,VASOPRESSIN_SPARE,0.7071067811865476
1.5,15.5,3.5249693446464597e-06,VASOPRESSIN_SPARE,0.9013878188659973
1.5,15.75,3.4923044626944055e-06,VASOPRESSIN_SPARE,1.118033988749895
1.5,16.0,3.458031229911174e-06,VASOPRESSIN_SPARE,1.346291201783626
1.75,0.0,4.922262472366763e-07,GABA_C_LEFT,11.470069746954461
1.75,0.25,5.046589082582681e-07,GABA_C_LEFT,11.2305387226081
1.75,0.5,0.009489967328444694,GABA_C_LEFT,10.991473968490304
1.75,0.75,0.009718920025703163,GABA_C_LEFT,10.752906583803284
1.75,1.0,0.009947898772944925,GABA_C_LEFT,10.514870422406545
1.75,1.25,1.0668094491452148e-53,GABA_C_LEFT,10.277402395547233
1.75,1.5,1.0907376845663598e-53,GABA_C_LEFT,10.040542814011602
1.75,1.75,0.0023894408776189745,GABA_C_LEFT,9.80433577556379
1.75,2.0,0.0024403373612116195,GABA_C_LEFT,9.56882960450232
1.75,2.25,0.002490941375326758,GABA_C_LEFT,9.334077351297235
1.75,2.5,0.0005024092827463521,GABA_C_LEFT,9.100137361600648
1.75,2.75,0.0005122611356732958,GABA_C_LEFT,8.8670739254841
1.75,3.0,0.0005220176877875521,GABA_C_LEFT,8.634958019585271
1.75,3.25,2.0750110860712698e-07,GABA_C_LEFT,8.403868156985805
1.75,3.5,2.1121966401786944e-07,GABA_C_LEFT,8.173891362135908
1.75,3.75,2.148861036792621e-07,GABA_C_LEFT,7.945124291035352
1.75,4.0,2.9568305838583853e-16,GABA_C_LEFT,7.7176745202165655
1.75,4.25,3.0048343892543303e-16,GABA_C_LEFT,7.4916620318858484
1.75,4.5,5.243829912876554e-05,GABA_C_LEFT,7.267220926874317
1.75,4.75,5.323077771211025e-05,GABA_C_LEFT,7.044501401802686
1.75,5.0,5.4005387154443164e-05,GABA_C_LEFT,6.823672031978091
1.75,5.25,1.835005755581571e-63,GABA_C_LEFT,6.604922406811453
1.75,5.5,1.8596525872874037e-63,GABA_C_LEFT,6.388466169590319
1.75,5.75,1.8835895150506778e-63,GABA_C_LEFT,6.174544517614234
1.75,6.0,3.554741444648191e-14,GABA_C_LEFT,5.963430220938282
1.75,6.25,3.5965208197674433e-14,GABA_C_LEFT,5.755432216610669
1.75,6.5,2.0809191439577217e-05,GABA_C_LEFT,5.55090082779363
1.75,6.75,2.103051375116204e-05,GABA_C_LEFT,5.350233639758174
1.75,7.0,2.1242450570321014e-05,GABA_C_LEFT,5.153882032022076
1.75,7.25,0.0089795427328791,GABA_C_LEFT,4.962358310319802
1.75,7.5,0.009060018223589058,GABA_C_LEFT,4.7762432936357
1.75,7.75,0.00913616593084508,GABA_C_LEFT,4.596194077712559
1.75,8.0,3.876370508785262e-06,GABA_C_LEFT,4.422951503238533
1.75,8.25,3.9046337485336755e-06,GABA_C_LEFT,4.257346591481601
1.75,8.5,3.930930669934846e-06,GABA_C_LEFT,4.100304866714182
1.75,8.75,0.009170385993292486,GABA_C_LEFT,3.952847075210474
1.75,9.0,0.009221951037327722,GABA_C_LEFT,3.816084380618437
1.75,9.25,0.030508207759466163,GABA_C_LEFT,3.69120576505835
1.75,9.5,0.03064587364977706,GABA_C_LEFT,3.5794552658190883
1.75,9.75,0.030767157579621996,GABA_C_LEFT,3.48209706929603
1.75,10.0,0.004400506246901506,GABA_C_LEFT,3.400367627183861
1.75,10.25,0.004413042667588679,GABA_C_LEFT,3.3354160160315836
1.75,10.5,0.0044231703811672355,GABA_C_LEFT,3.2882366094914763
1.75,10.75,7.867644675886157e-09,PLP_ZERO,3.2596012026013246
1.75,11.0,7.876991839539126e-09,PLP_ZERO,3.010398644698074
1.75,11.25,0.00141778975937273,PLP_ZERO,2.7613402542968153
1.75,11.5,0.0014179065487525003,PLP_ZERO,2.5124689052802225
1.75,11.75,0.001417240123939653,PLP_ZERO,2.2638462845343543
1.75,12.0,6.6637368491502874e-80,PLP_ZERO,2.0155644370746373
1.75,12.25,6.653249114453421e-80,PLP_ZERO,1.7677669529663689
1.75,12.5,6.63910884770187e-80,PLP_ZERO,1.5206906325745548
1.75,12.75,5.12995004632803e-23,PLP_ZERO,1.2747548783981961
1.75,13.0,5.113393978287901e-23,PLP_ZERO,1.0307764064044151
1.75,13.25,5.094076151153568e-23,PLP_ZERO,0.7905694150420949
1.75,13.5,0.007857930792572288,PLP_ZERO,0.5590169943749475
1.75,13.75,0.007819599176825955,PLP_ZERO,0.3535533905932738
1.75,14.0,1.6082329290766417e-13,PLP_ZERO,0.25
1.75,14.25,1.598620428101224e-13,PLP_ZERO,0.3535533905932738
1.75,14.5,1.588187685297335e-13,VASOPRESSIN_SPARE,0.3535533905932738
1.75,14.75,4.176622769934863e-06,VASOPRESSIN_SPARE,0.25
1.75,15.0,4.144783335240938e-06,VASOPRESSIN_SPARE,0.3535533905932738
1.75,15.25,3.55691664088695e-06,VASOPRESSIN_SPARE,0.5590169943749475
1.75,15.5,3.525903191944249e-06,VASOPRESSIN_SPARE,0.7905694150420949
1.75,15.75,3.4932296562965846e-06,VASOPRESSIN_SPARE,1.0307764064044151
1.75,16.0,3.4589473437277745e-06,VASOPRESSIN_SPARE,1.2747548783981961
2.0,0.0,4.923517000633539e-07,GABA_C_LEFT,11.40175425099138
2.0,0.25,5.047875297751101e-07,GABA_C_LEFT,11.160757142774857
2.0,0.5,0.009492386019510267,GABA_C_LEFT,10.920164833920778
2.0,0.75,0.00972139706953478,GABA_C_LEFT,10.680004681646913
2.0,1.0,0.009950434176181902,GABA_C_LEFT,10.44030650891055
2.0,1.25,1.067081344968879e-53,GABA_C_LEFT,10.201102881551583
2.0,1.5,1.091015678936755e-53,GABA_C_LEFT,9.962429422585638
2.0,1.75,0.0023900498701583998,GABA_C_LEFT,9.724325169388361
2.0,2.0,0.0024409593256471403,GABA_C_LEFT,9.486832980505138
2.0,2.25,0.0024915762371171993,GABA_C_LEFT,9.25
2.0,2.5,0.000502537330905148,GABA_C_LEFT,9.013878188659973
2.0,2.75,0.0005123916947562949,GABA_C_LEFT,8.77852493303972
2.0,3.0,0.0005221507335056062,GABA_C_LEFT,8.54400374531753
2.0,3.25,2.0755399404499146e-07,GABA_C_LEFT,8.31038506929733
2.0,3.5,2.1127349719732643e-07,GABA_C_LEFT,8.077747210701755
2.0,3.75,2.149408713176634e-07,GABA_C_LEFT,7.846177413237608
2.0,4.0,2.9575841860013717e-16,GABA_C_LEFT,7.615773105863909
2.0,4.25,3.005600226041674e-16,GABA_C_LEFT,7.386643351347079
2.0,4.5,5.245166398463985e-05,GABA_C_LEFT,7.158910531638177
2.0,4.75,5.3244344545589197e-05,GABA_C_LEFT,6.932712311931024
2.0,5.0,5.401915141125063e-05,GABA_C_LEFT,6.708203932499369
2.0,5.25,1.83547344022923e-63,GABA_C_LEFT,6.485560885536423
2.0,5.5,1.8601265536291487e-63,GABA_C_LEFT,6.264982043070834
2.0,5.75,1.884069582154555e-63,GABA_C_LEFT,6.046693311223912
2.0,6.0,3.5556474352670226e-14,GABA_C_LEFT,5.830951894845301
2.0,6.25,3.5974374586211764e-14,GABA_C_LEFT,5.618051263561058
2.0,6.5,2.081449504112554e-05,GABA_C_LEFT,5.408326913195984
2.0,6.75,2.1035873760733608e-05,GABA_C_LEFT,5.202163011671203
2.0,7.0,2.124786459585209e-05,GABA_C_LEFT,5.0
2.0,7.25,0.008981831332937378,GABA_C_LEFT,4.802343178074636
2.0,7.5,0.009062327334292278,GABA_C_LEFT,4.6097722286464435
2.0,7.75,0.009138494449178783,GABA_C_LEFT,4.422951503238533
2.0,8.0,3.877358472430652e-06,GABA_C_LEFT,4.242640687119285
2.0,8.25,3.905628915580627e-06,GABA_C_LEFT,4.0697051490249265
2.0,8.5,3.9319325392313035e-06,GABA_C_LEFT,3.905124837953327
2.0,8.75,0.009172723233232536,GABA_C_LEFT,3.75
2.0,9.0,0.009224301419558678,GABA_C_LEFT,3.605551275463989
2.0,9.25,0.03051598333202406,GABA_C_LEFT,3.473110997362451
2.0,9.5,0.03065368430899516,GABA_C_LEFT,3.3541019662496847
2.0,9.75,0.030774999150259216,GABA_C_LEFT,3.25
2.0,10.0,0.004401627796088664,GABA_C_LEFT,3.1622776601683795
2.0,10.25,0.004414167411911043,GABA_C_LEFT,3.092329219213245
2.0,10.5,0.004424297706721915,GABA_C_LEFT,3.0413812651491097
2.0,10.75,7.869649888467618e-09,GABA_C_LEFT,3.010398644698074
2.0,11.0,7.878999434415535e-09,PLP_ZERO,3.0
2.0,11.25,0.0014181511089227516,PLP_ZERO,2.75
2.0,11.5,0.001418267928068423,PLP_ZERO,2.5
2.0,11.75,0.0014176013334050712,PLP_ZERO,2.25
2.0,12.0,6.665435223888845e-80,PLP_ZERO,2.0
2.0,12.25,6.654944816201721e-80,PLP_ZERO,1.75
2.0,12.5,6.640800945545575e-80,PLP_ZERO,1.5
2.0,12.75,5.131257507556763e-23,PLP_ZERO,1.25
2.0,13.0,5.114697219901069e-23,PLP_ZERO,1.0
2.0,13.25,5.095374469266551e-23,PLP_ZERO,0.75
2.0,13.5,0.007859933529393617,PLP_ZERO,0.5
2.0,13.75,0.00782159214413667,PLP_ZERO,0.25
2.0,14.0,1.6086428165380303e-13,PLP_ZERO,0.0
2.0,14.25,1.5990278656416148e-13,PLP_ZERO,0.25
2.0,14.5,1.5885924638631545e-13,VASOPRESSIN_SPARE,0.25
2.0,14.75,4.177687258339121e-06,VASOPRESSIN_SPARE,0.0
2.0,15.0,4.145839708785199e-06,VASOPRESSIN_SPARE,0.25
2.0,15.25,3.5578231858941714e-06,VASOPRESSIN_SPARE,0.5
2.0,15.5,3.5268018326089927e-06,VASOPRESSIN_SPARE,0.75
2.0,15.75,3.4941199695155094e-06,VASOPRESSIN_SPARE,1.0
2.0,16.0,3.459828919474772e-06,VASOPRESSIN_SPARE,1.25
2.25,0.0,8.832151002054823e-20,GABA_C_LEFT,11.338540470448567
2.25,0.25,9.055233659910859e-20,GABA_C_LEFT,11.096170510586074
2.25,0.5,0.008900720745019127,GABA_C_LEFT,10.854146673046206
2.25,0.75,0.009115457419191694,GABA_C_LEFT,10.612492638395562
2.25,1.0,0.009330218525864258,GABA_C_LEFT,10.37123425634577
2.25,1.25,0.0007249520470873809,GABA_C_LEFT,10.130399794677405
2.25,1.5,0.0007412125172825475,GABA_C_LEFT,9.89002022242624
2.25,1.75,0.011367669584047972,GABA_C_LEFT,9.650129532809391
2.25,2.0,0.011609807572851292,GABA_C_LEFT,9.410765112359355
2.25,2.25,0.011850554149791338,GABA_C_LEFT,9.17196816392207
2.25,2.5,1.7326742669906193e-14,GABA_C_LEFT,8.933784192602818
2.25,2.75,1.766650653643709e-14,GABA_C_LEFT,8.696263565463044
2.25,3.0,1.8002983734679056e-14,GABA_C_LEFT,8.459462157844316
2.25,3.25,0.0008413617405739575,GABA_C_LEFT,8.223442101699263
2.25,3.5,0.0008564394925619079,GABA_C_LEFT,7.988272654335229
2.25,3.75,0.0008713059290639863,GABA_C_LEFT,7.754031209635412
2.25,4.0,0.00893998488777897,GABA_C_LEFT,7.520804478245662
2.25,4.25,0.009085124517062575,GABA_C_LEFT,7.2886898685566255
2.25,4.5,0.004201795691626906,GABA_C_LEFT,7.057797106746552
2.25,4.75,0.004265295712652146,GABA_C_LEFT,6.8282501418738315
2.25,5.0,0.004327363908447278,GABA_C_LEFT,6.600189391222043
2.25,5.25,0.005081837738231986,GABA_C_LEFT,6.373774391990981
2.25,5.5,0.005150094308604899,GABA_C_LEFT,6.149186938124422
2.25,5.75,0.005216384881522576,GABA_C_LEFT,5.926634795564849
2.25,6.0,0.005195356670018083,GABA_C_LEFT,5.706356105256663
2.25,6.25,0.0052564184261471485,GABA_C_LEFT,5.488624600025037
2.25,6.5,0.0010084483923580502,GABA_C_LEFT,5.273755777432247
2.25,6.75,0.0010191740435664962,GABA_C_LEFT,5.062114182829147
2.25,7.0,0.0010294448580372524,GABA_C_LEFT,4.8541219597369
2.25,7.25,0.00014843490395189646,GABA_C_LEFT,4.650268809434569
2.25,7.5,0.00014976519126043344,GABA_C_LEFT,4.451123453691214
2.25,7.75,0.00015102393883243602,GABA_C_LEFT,4.257346591481601
2.25,8.0,0.027072918511505846,GABA_C_LEFT,4.0697051490249265
2.25,8.25,0.02727031150705305,GABA_C_LEFT,3.8890872965260113
2.25,8.5,0.027453971559306536,GABA_C_LEFT,3.7165171868296265
2.25,8.75,1.273295878220784e-21,GABA_C_LEFT,3.553167600887974
2.25,9.0,1.2804556158892272e-21,GABA_C_LEFT,3.400367627183861
2.25,9.25,0.0026315147098659643,GABA_C_LEFT,3.2596012026013246
2.25,9.5,0.0026433892132211316,GABA_C_LEFT,3.132491021535417
2.25,9.75,0.0026538506748701946,GABA_C_LEFT,3.020761493398643
2.25,10.0,0.009679512514276794,GABA_C_LEFT,2.9261749776799064
2.25,10.25,0.009707088078113608,GABA_C_LEFT,2.850438562747845
2.25,10.5,0.009729365362776861,GABA_C_LEFT,2.7950849718747373
2.25,10.75,0.007150718186562577,GABA_C_LEFT,2.7613402542968153
2.25,11.0,0.007159213604934853,GABA_C_LEFT,2.75
2.25,11.25,0.001849181673213933,PLP_ZERO,2.7613402542968153
2.25,11.5,0.0018493339981826172,PLP_ZERO,2.5124689052802225
2.25,11.75,0.0018484647998107536,PLP_ZERO,2.2638462845343543
2.25,12.0,1.1868590738374577e-09,PLP_ZERO,2.0155644370746373
2.25,12.25,1.184991133465448e-09,PLP_ZERO,1.7677669529663689
2.25,12.5,1.1824726510762912e-09,PLP_ZERO,1.5206906325745548
2.25,12.75,1.018551018282372e-11,PLP_ZERO,1.2747548783981961
2.25,13.0,1.0152638127913366e-11,PLP_ZERO,1.0307764064044151
2.25,13.25,1.011428260335468e-11,PLP_ZERO,0.7905694150420949
2.25,13.5,2.2682050881645634e-14,PLP_ZERO,0.5590169943749475
2.25,13.75,2.2571406020843874e-14,PLP_ZERO,0.3535533905932738
2.25,14.0,1.9204310472952625e-11,PLP_ZERO,0.25
2.25,14.25,1.9089525201605476e-11,PLP_ZERO,0.3535533905932738
2.25,14.5,1.896494521802973e-11,VASOPRESSIN_SPARE,0.3535533905932738
2.25,14.75,2.0205479509320397e-08,VASOPRESSIN_SPARE,0.25
2.25,15.0,2.00514481110511e-08,VASOPRESSIN_SPARE,0.3535533905932738
2.25,15.25,2.3279035567772187e-08,VASOPRESSIN_SPARE,0.5590169943749475
2.25,15.5,2.307606112279436e-08,VASOPRESSIN_SPARE,0.7905694150420949
2.25,15.75,2.2862221869514255e-08,VASOPRESSIN_SPARE,1.0307764064044151
2.25,16.0,2.2637853616274613e-08,VASOPRESSIN_SPARE,1.2747548783981961
2.5,0.0,8.834224419383488e-20,GABA_C_LEFT,11.280514172678478
2.5,0.25,9.057359447658509e-20,GABA_C_LEFT,11.036870027322058
2.5,0.5,0.008902810259637484,GABA_C_LEFT,10.793516572461451
2.5,0.75,0.009117597344943332,GABA_C_LEFT,10.550473923004596
2.5,1.0,0.009332408868484899,GABA_C_LEFT,10.307764064044152
2.5,1.25,0.0007251222353163336,GABA_C_LEFT,10.065411069598698
2.5,1.5,0.0007413865227855331,GABA_C_LEFT,9.82344135219425
2.5,1.75,0.011370338234425056,GABA_C_LEFT,9.5818839483684
2.5,2.0,0.011612533067037072,GABA_C_LEFT,9.340770846134703
2.5,2.25,0.011853336161140867,GABA_C_LEFT,9.100137361600648
2.5,2.5,1.7330810259839015e-14,GABA_C_LEFT,8.860022573334675
2.5,2.75,1.7670653888625823e-14,GABA_C_LEFT,8.620469824783333
2.5,3.0,1.8007210077552323e-14,GABA_C_LEFT,8.381527307120106
2.5,3.25,0.0008415592568995022,GABA_C_LEFT,8.143248737451165
2.5,3.5,0.0008566405485090285,GABA_C_LEFT,7.905694150420948
2.5,3.75,0.0008715104750247005,GABA_C_LEFT,7.668930825088983
2.5,4.0,0.008942083619965503,GABA_C_LEFT,7.433034373659253
2.5,4.25,0.009087257321925443,GABA_C_LEFT,7.198090024443984
2.5,4.5,0.004202782096410577,GABA_C_LEFT,6.96419413859206
2.5,4.75,0.004266297024568171,GABA_C_LEFT,6.73145600891813
2.5,5.0,0.004328379791363356,GABA_C_LEFT,6.5
2.5,5.25,0.0050830307398490844,GABA_C_LEFT,6.269968101992227
2.5,5.5,0.0051513033339919455,GABA_C_LEFT,6.041522986797286
2.5,5.75,0.005217609469146114,GABA_C_LEFT,5.814851674806504
2.5,6.0,0.005196576321102592,GABA_C_LEFT,5.5901699437494745
2.5,6.25,0.005257652411962037,GABA_C_LEFT,5.367727638395972
2.5,6.5,0.001008685133597109,GABA_C_LEFT,5.1478150704935
2.5,6.75,0.0010194133027370384,GABA_C_LEFT,4.930770730829005
2.5,7.0,0.0010296865283627556,GABA_C_LEFT,4.716990566028302
2.5,7.25,0.00014846975022003215,GABA_C_LEFT,4.5069390943299865
2.5,7.5,0.0001498003498240402,GABA_C_LEFT,4.301162633521313
2.5,7.75,0.0001510593928969946,GABA_C_LEFT,4.100304866714182
2.5,8.0,0.027079274093330278,GABA_C_LEFT,3.905124837953327
2.5,8.25,0.027276713428444982,GABA_C_LEFT,3.7165171868296265
2.5,8.5,0.027460416596348868,GABA_C_LEFT,3.5355339059327378
2.5,8.75,1.2735947945026508e-21,GABA_C_LEFT,3.3634060117684275
2.5,9.0,1.2807562129761604e-21,GABA_C_LEFT,3.2015621187164243
2.5,9.25,0.0026321324787649336,GABA_C_LEFT,3.0516389039334255
2.5,9.5,0.002644009769753716,GABA_C_LEFT,2.9154759474226504
2.5,9.75,0.0026544736873136735,GABA_C_LEFT,2.7950849718747373
2.5,10.0,0.009681784856424869,GABA_C_LEFT,2.692582403567252
2.5,10.25,0.009709366893843474,GABA_C_LEFT,2.6100766272276377
2.5,10.5,0.009731649408275563,GABA_C_LEFT,2.5495097567963922
2.5,10.75,0.007152396874234127,GABA_C_LEFT,2.5124689052802225
2.5,11.0,0.0071608942869730826,GABA_C_LEFT,2.5
2.5,11.25,0.001849615783242645,GABA_C_LEFT,2.5124689052802225
2.5,11.5,0.0018497681439708208,PLP_ZERO,2.5495097567963922
2.5,11.75,0.001848898741547762,PLP_ZERO,2.3048861143232218
2.5,12.0,1.1871376983955982e-09,PLP_ZERO,2.0615528128088303
2.5,12.25,1.1852693195098068e-09,PLP_ZERO,1.8200274723201295
2.5,12.5,1.1827502458869827e-09,PLP_ZERO,1.5811388300841898
2.5,12.75,1.0187901311927994e-11,PLP_ZERO,1.346291201783626
2.5,13.0,1.0155021540042664e-11,PLP_ZERO,1.118033988749895
2.5,13.25,1.0116657011221113e-11,PLP_ZERO,0.9013878188659973
2.5,13.5,2.2687375672552934e-14,PLP_ZERO,0.7071067811865476
2.5,13.75,2.2576704836994667e-14,PLP_ZERO,0.5590169943749475
2.5,14.0,1.920881883678273e-11,PLP_ZERO,0.5
2.5,14.25,1.909400661868494e-11,PLP_ZERO,0.5590169943749475
2.5,14.5,1.8969397388972356e-11,VASOPRESSIN_SPARE,0.5590169943749475
2.5,14.75,2.0210222905503144e-08,VASOPRESSIN_SPARE,0.5
2.5,15.0,2.005615534714439e-08,VASOPRESSIN_SPARE,0.5590169943749475
2.5,15.25,2.3284500505557963e-08,VASOPRESSIN_SPARE,0.7071067811865476
2.5,15.5,2.3081478410723226e-08,VASOPRESSIN_SPARE,0.9013878188659973
2.5,15.75,2.2867588956986494e-08,VASOPRESSIN_SPARE,1.118033988749895
2.5,16.0,2.2643168031524178e-08,VASOPRESSIN_SPARE,1.346291201783626
2.75,0.0,8.836209495323315e-20,GABA_C_LEFT,11.22775578644281
2.75,0.25,9.059394662688644e-20,GABA_C_LEFT,10.982941318244398
2.75,0.5,0.00890481074701524,GABA_C_LEFT,10.738365797457265
2.75,0.75,0.009119646095604315,GABA_C_LEFT,10.494045930907678
2.75,1.0,0.00933450588792045,GABA_C_LEFT,10.25
2.75,1.25,0.0007252851723931415,GABA_C_LEFT,10.00624804809475
2.75,1.5,0.0007415531144950741,GABA_C_LEFT,9.762812094883317
2.75,1.75,0.011372893182520705,GABA_C_LEFT,9.519716382329886
2.75,2.0,0.01161514243701654,GABA_C_LEFT,9.276987657639737
2.75,2.25,0.011855999640276458,GABA_C_LEFT,9.034655499796326
2.75,2.5,1.7334704543347256e-14,GABA_C_LEFT,8.792752697534487
2.75,2.75,1.7674624535986603e-14,GABA_C_LEFT,8.551315688243536
2.75,3.0,1.8011256350068328e-14,GABA_C_LEFT,8.31038506929733
2.75,3.25,0.0008417483577139603,GABA_C_LEFT,8.070006195784487
2.75,3.5,0.0008568330381336066,GABA_C_LEFT,7.830229881682913
2.75,3.75,0.0008717063059650469,GABA_C_LEFT,7.591113225344488
2.75,4.0,0.008944092932181635,GABA_C_LEFT,7.352720584926371
2.75,4.25,0.009089299255094944,GABA_C_LEFT,7.115124735378854
2.75,4.5,0.00420372647378021,GABA_C_LEFT,6.878408246098802
2.75,4.75,0.004267255673927026,GABA_C_LEFT,6.642665127793212
2.75,5.0,0.004329352390900609,GABA_C_LEFT,6.408002808988148
2.75,5.25,0.005084172911650939,GABA_C_LEFT,6.174544517614234
2.75,5.5,0.005152460846844418,GABA_C_LEFT,5.942432162002357
2.75,5.75,0.005218781881180145,GABA_C_LEFT,5.7118298293979315
2.75,6.0,0.005197744006927039,GABA_C_LEFT,5.482928049865327
2.75,6.25,0.005258833821761867,GABA_C_LEFT,5.25594901040716
2.75,6.5,0.0010089117880824955,GABA_C_LEFT,5.031152949374527
2.75,6.75,0.001019642367873256,GABA_C_LEFT,4.808846015417836
2.75,7.0,0.0010299179019226724,GABA_C_LEFT,4.589389937671455
2.75,7.25,0.00014850311180504094,GABA_C_LEFT,4.373213921133975
2.75,7.5,0.00014983401039865283,GABA_C_LEFT,4.16082924427331
2.75,7.75,0.0001510933363822503,GABA_C_LEFT,3.952847075210474
2.75,8.0,0.027085358885035674,GABA_C_LEFT,3.75
2.75,8.25,0.02728284258534364,GABA_C_LEFT,3.553167600887974
2.75,8.5,0.02746658703188404,GABA_C_LEFT,3.3634060117684275
2.75,8.75,1.273880974959886e-21,GABA_C_LEFT,3.181980515339464
2.75,9.0,1.2810440026249703e-21,GABA_C_LEFT,3.010398644698074
2.75,9.25,0.0026327239265939665,GABA_C_LEFT,2.850438562747845
2.75,9.5,0.0026446038864446045,GABA_C_LEFT,2.704163456597992
2.75,9.75,0.0026550701552772935,GABA_C_LEFT,2.57390753524675
2.75,10.0,0.0096839603816618,GABA_C_LEFT,2.462214450449026
2.75,10.25,0.009711548616844493,GABA_C_LEFT,2.3717082451262845
2.75,10.5,0.009733836138222427,GABA_C_LEFT,2.3048861143232218
2.75,10.75,0.0071540040386294515,GABA_C_LEFT,2.2638462845343543
2.75,11.0,0.007162503360761781,GABA_C_LEFT,2.25
2.75,11.25,0.00185003139729261,GABA_C_LEFT,2.2638462845343543
2.75,11.5,0.001850183792256685,GABA_C_LEFT,2.3048861143232218
2.75,11.75,0.0018493141944763713,PLP_ZERO,2.3717082451262845
2.75,12.0,1.187404451691697e-09,PLP_ZERO,2.1360009363293826
2.75,12.25,1.1855356529757319e-09,PLP_ZERO,1.9039432764659772
2.75,12.5,1.1830160133097328e-09,PLP_ZERO,1.6770509831248424
2.75,12.75,1.0190190563005571e-11,PLP_ZERO,1.4577379737113252
2.75,13.0,1.01573034029398e-11,PLP_ZERO,1.25
2.75,13.25,1.011893025349696e-11,PLP_ZERO,1.0606601717798212
2.75,13.5,2.269247359190017e-14,PLP_ZERO,0.9013878188659973
2.75,13.75,2.2581777888283038e-14,PLP_ZERO,0.7905694150420949
2.75,14.0,1.921313511428432e-11,PLP_ZERO,0.75
2.75,14.25,1.909829709754695e-11,PLP_ZERO,0.7905694150420949
2.75,14.5,1.8973659867777767e-11,VASOPRESSIN_SPARE,0.7905694150420949
2.75,14.75,2.0214764201413655e-08,VASOPRESSIN_SPARE,0.75
2.75,15.0,2.006066202362611e-08,VASOPRESSIN_SPARE,0.7905694150420949
2.75,15.25,2.3289732600593164e-08,VASOPRESSIN_SPARE,0.9013878188659973
2.75,15.5,2.30866648861028e-08,VASOPRESSIN_SPARE,1.0606601717798212
2.75,15.75,2.287272737078327e-08,VASOPRESSIN_SPARE,1.25
2.75,16.0,2.2648256017285803e-08,VASOPRESSIN_SPARE,1.4577379737113252
3.0,0.0,8.838106170108741e-20,GABA_C_LEFT,11.180339887498949
3.0,0.25,9.061339243726139e-20,GABA_C_LEFT,10.93446386431452
3.0,0.5,0.008906722146922837,GABA_C_LEFT,10.688779163215974
3.0,0.75,0.009121603609491994,GABA_C_LEFT,10.443299287102711
3.0,1.0,0.009336509521035012,GABA_C_LEFT,10.198039027185569
3.0,1.25,0.0007254408534121859,GABA_C_LEFT,9.95301461869719
3.0,1.5,0.0007417122873955198,GABA_C_LEFT,9.7082439194738
3.0,1.75,0.011375334351411965,GABA_C_LEFT,9.46374661537385
3.0,2.0,0.011617635604228236,GABA_C_LEFT,9.219544457292887
3.0,2.25,0.011858544507007565,GABA_C_LEFT,8.97566153550812
3.0,2.5,1.7338425403183995e-14,GABA_C_LEFT,8.73212459828649
3.0,2.75,1.767841835897337e-14,GABA_C_LEFT,8.488963423174823
3.0,3.0,1.8015122430404144e-14,GABA_C_LEFT,8.246211251235321
3.0,3.25,0.0008419290373239893,GABA_C_LEFT,8.00390529679106
3.0,3.5,0.0008570169556402714,GABA_C_LEFT,7.762087348130012
3.0,3.75,0.0008718934159890561,GABA_C_LEFT,7.520804478245662
3.0,4.0,0.00894601276393211,GABA_C_LEFT,7.280109889280518
3.0,4.25,0.009091250255093695,GABA_C_LEFT,7.0400639201643616
3.0,4.5,0.004204628795303015,GABA_C_LEFT,6.800735254367722
3.0,4.75,0.004268171631866229,GABA_C_LEFT,6.562202374203344
3.0,5.0,0.004330281677776546,GABA_C_LEFT,6.324555320336759
3.0,5.25,0.005085264219249676,GABA_C_LEFT,6.0878978309429606
3.0,5.5,0.005153566812312561,GABA_C_LEFT,5.852349955359813
3.0,5.75,0.0052199020823263395,GABA_C_LEFT,5.618051263561058
3.0,6.0,0.005198859692335386,GABA_C_LEFT,5.385164807134504
3.0,6.25,0.005259962619977409,GABA_C_LEFT,5.153882032022076
3.0,6.5,0.0010091283489902225,GABA_C_LEFT,4.924428900898052
3.0,6.75,0.001019861232078583,GABA_C_LEFT,4.697073557013984
3.0,7.0,0.0010301389717509363,GABA_C_LEFT,4.47213595499958
3.0,7.25,0.00014853498770249073,GABA_C_LEFT,4.25
3.0,7.5,0.00014986617197083744,GABA_C_LEFT,4.031128874149275
3.0,7.75,0.00015112576826625145,GABA_C_LEFT,3.816084380618437
3.0,8.0,0.027091172703424503,GABA_C_LEFT,3.605551275463989
3.0,8.25,0.027288698793215778,GABA_C_LEFT,3.400367627183861
3.0,8.5,0.027472482680136003,GABA_C_LEFT,3.2015621187164243
3.0,8.75,1.274154410976327e-21,GABA_C_LEFT,3.010398644698074
3.0,9.0,1.2813189761710463e-21,GABA_C_LEFT,2.8284271247461903
3.0,9.25,0.0026332890355460804,GABA_C_LEFT,2.6575364531836625
3.0,9.5,0.0026451715454064604,GABA_C_LEFT,2.5
3.0,9.75,0.002655640060802928,GABA_C_LEFT,2.358495283014151
3.0,10.0,0.009686039024488079,GABA_C_LEFT,2.23606797749979
3.0,10.25,0.009713633181430556,GABA_C_LEFT,2.1360009363293826
3.0,10.5,0.009735925486780608,GABA_C_LEFT,2.0615528128088303
3.0,10.75,0.0071555396313609364,GABA_C_LEFT,2.0155644370746373
3.0,11.0,0.00716404077785585,GABA_C_LEFT,2.0
3.0,11.25,0.001850428502850751,GABA_C_LEFT,2.0155644370746373
3.0,11.5,0.0018505809305261016,GABA_C_LEFT,2.0615528128088303
3.0,11.75,0.0018497111460883547,GABA_C_LEFT,2.1360009363293826
3.0,12.0,1.187659325694494e-09,PLP_ZERO,2.23606797749979
3.0,12.25,1.1857901258446032e-09,PLP_ZERO,2.0155644370746373
3.0,12.5,1.1832699453429634e-09,PLP_ZERO,1.8027756377319946
3.0,12.75,1.0192377867132954e-11,PLP_ZERO,1.6007810593582121
3.0,13.0,1.0159483647903714e-11,PLP_ZERO,1.4142135623730951
3.0,13.25,1.0121102261740704e-11,PLP_ZERO,1.25
3.0,13.5,2.2697344486202014e-14,PLP_ZERO,1.118033988749895
3.0,13.75,2.258662502197237e-14,PLP_ZERO,1.0307764064044151
3.0,14.0,1.9217259175505315e-11,PLP_ZERO,1.0
3.0,14.25,1.9102396509016163e-11,PLP_ZERO,1.0307764064044151
3.0,14.5,1.897773252611362e-11,VASOPRESSIN_SPARE,1.0307764064044151
3.0,14.75,2.0219103260325108e-08,VASOPRESSIN_SPARE,1.0
3.0,15.0,2.006496800481174e-08,VASOPRESSIN_SPARE,1.0307764064044151
3.0,15.25,2.329473169535277e-08,VASOPRESSIN_SPARE,1.118033988749895
3.0,15.5,2.3091620392781566e-08,VASOPRESSIN_SPARE,1.25
3.0,15.75,2.2877636956200073e-08,VASOPRESSIN_SPARE,1.4142135623730951
3.0,16.0,2.2653117420373246e-08,VASOPRESSIN_SPARE,1.6007810593582121
3.25,0.0,8.839914386627353e-20,GABA_C_LEFT,11.138334704972731
3.25,0.25,9.063193132216036e-20,GABA_C_LEFT,10.891510455395983
3.25,0.5,0.008908544401804457,GABA_C_LEFT,10.644834428021884
3.25,0.75,0.00912346982766198,GABA_C_LEFT,10.398317171542711
3.25,1.0,0.009338419707495457,GABA_C_LEFT,10.151970252123476
3.25,1.25,0.0007255892736856209,GABA_C_LEFT,9.905806378079475
3.25,1.5,0.0007418640366938776,GABA_C_LEFT,9.659839543180828
3.25,1.75,0.011377661667590687,GABA_C_LEFT,9.414085191881366
3.25,2.0,0.01162001249359825,GABA_C_LEFT,9.168560410446124
3.25,2.25,0.011860970684703506,GABA_C_LEFT,8.923284148787374
3.25,2.5,1.7341972727307212e-14,GABA_C_LEFT,8.678277478854891
3.25,2.75,1.7682035243347055e-14,GABA_C_LEFT,8.4335638967165
3.25,3.0,1.8018808202144886e-14,GABA_C_LEFT,8.1891696770796
3.25,3.25,0.0008421012902889896,GABA_C_LEFT,7.945124291035352
3.25,3.5,0.0008571922954909242,GABA_C_LEFT,7.7014609003746815
3.25,3.75,0.0008720717994624968,GABA_C_LEFT,7.458216945088149
3.25,4.0,0.008947843057407218,GABA_C_LEFT,7.215434844830906
3.25,4.25,0.009093110263173446,GABA_C_LEFT,6.9731628404906765
3.25,4.5,0.004205489033808411,GABA_C_LEFT,6.73145600891813
3.25,4.75,0.00426904487080458,GABA_C_LEFT,6.490377492873585
3.25,5.0,0.004331167624008612,GABA_C_LEFT,6.25
3.25,5.25,0.005086304629783989,GABA_C_LEFT,6.010407640085654
3.25,5.5,0.005154621197093693,GABA_C_LEFT,5.771698190307598
3.25,5.75,0.005220970038853352,GABA_C_LEFT,5.533985905294664
3.25,6.0,0.005199923343732269,GABA_C_LEFT,5.297405025104273
3.25,6.25,0.005261038772618447,GABA_C_LEFT,5.062114182829147
3.25,6.5,0.001009334809799238,GABA_C_LEFT,4.828301978956992
3.25,6.75,0.0010200698887626103,GABA_C_LEFT,4.596194077712559
3.25,7.0,0.0010303497311907228,GABA_C_LEFT,4.366062299143245
3.25,7.25,0.0001485653769525389,GABA_C_LEFT,4.138236339311712
3.25,7.5,0.00014989683357214922,GABA_C_LEFT,3.913118960624632
3.25,7.75,0.00015115668757241358,GABA_C_LEFT,3.69120576505835
3.25,8.0,0.02709671537343186,GABA_C_LEFT,3.473110997362451
3.25,8.25,0.027294281875720063,GABA_C_LEFT,3.2596012026013246
3.25,8.5,0.027478103363575805,GABA_C_LEFT,3.0516389039334255
3.25,8.75,1.2744150943183063e-21,GABA_C_LEFT,2.850438562747845
3.25,9.0,1.2815811253344227e-21,GABA_C_LEFT,2.6575364531836625
3.25,9.25,0.002633827788604791,GABA_C_LEFT,2.4748737341529163
3.25,9.5,0.0026457127295460158,GABA_C_LEFT,2.3048861143232218
3.25,9.75,0.0026561833867296603,GABA_C_LEFT,2.1505813167606567
3.25,10.0,0.0096880207223119,GABA_C_LEFT,2.0155644370746373
3.25,10.25,0.009715620524831546,GABA_C_LEFT,1.9039432764659772
3.25,10.5,0.009737917391035925,GABA_C_LEFT,1.8200274723201295
3.25,10.75,0.0071570036061890255,GABA_C_LEFT,1.7677669529663689
3.25,11.0,0.007165506491960796,GABA_C_LEFT,1.75
3.25,11.25,0.0018508070879594796,GABA_C_LEFT,1.7677669529663689
3.25,11.5,0.0018509595468204978,GABA_C_LEFT,1.8200274723201295
3.25,11.75,0.0018500895844307602,GABA_C_LEFT,1.9039432764659772
3.25,12.0,1.1879023127292582e-09,GABA_C_LEFT,2.0155644370746373
3.25,12.25,1.1860327304537684e-09,PLP_ZERO,2.1505813167606567
3.25,12.5,1.183512034340308e-09,PLP_ZERO,1.9525624189766635
3.25,12.75,1.0194463158446338e-11,PLP_ZERO,1.7677669529663689
3.25,13.0,1.016156220928317e-11,PLP_ZERO,1.6007810593582121
3.25,13.25,1.0123172970549129e-11,PLP_ZERO,1.4577379737113252
3.25,13.5,2.270198820878677e-14,PLP_ZERO,1.346291201783626
3.25,13.75,2.2591246092106444e-14,PLP_ZERO,1.2747548783981961
3.25,14.0,1.9221190896262544e-11,PLP_ZERO,1.25
3.25,14.25,1.9106304729651658e-11,PLP_ZERO,1.2747548783981961
3.25,14.5,1.8981615241344578e-11,VASOPRESSIN_SPARE,1.2747548783981961
3.25,14.75,2.0223239951580356e-08,VASOPRESSIN_SPARE,1.25
3.25,15.0,2.006907316104017e-08,VASOPRESSIN_SPARE,1.2747548783981961
3.25,15.25,2.3299497639304726e-08,VASOPRESSIN_SPARE,1.346291201783626
3.25,15.5,2.309634478153998e-08,VASOPRESSIN_SPARE,1.4577379737113252
3.25,15.75,2.2882317565400145e-08,VASOPRESSIN_SPARE,1.6007810593582121
3.25,16.0,2.26577520944006e-08,VASOPRESSIN_SPARE,1.7677669529663689
3.5,0.0,8.84163409042277e-20,GABA_C_LEFT,11.10180165558726
3.5,0.25,9.064956272326493e-20,GABA_C_LEFT,10.854146673046206
3.5,0.5,0.008910277456780939,GABA_C_LEFT,10.606601717798213
3.5,0.75,0.009125244693911107,GABA_C_LEFT,10.35917467755033
3.5,1.0,0.00934023638977447,GABA_C_LEFT,10.111874208078342
3.5,1.25,0.0007257304287436109,GABA_C_LEFT,9.86470982847443
3.5,1.5,0.0007420083578200546,GABA_C_LEFT,9.617692030835672
3.5,1.75,0.011379875060967248,GABA_C_LEFT,9.370832406995657
3.5,2.0,0.011622273033544005,GABA_C_LEFT,9.12414379544733
3.5,2.25,0.011863278100297333,GABA_C_LEFT,8.877640452282352
3.5,2.5,1.7345346408885425e-14,GABA_C_LEFT,8.631338250816034
3.5,2.75,1.7685475080181298e-14,GABA_C_LEFT,8.38525491562421
3.5,3.0,1.8022313554289586e-14,GABA_C_LEFT,8.139410298049853
3.5,3.25,0.0008422651114213782,GABA_C_LEFT,7.893826701923472
3.5,3.5,0.0008573590524050169,GABA_C_LEFT,7.648529270389178
3.5,3.75,0.000872241451013159,GABA_C_LEFT,7.403546447480424
3.5,4.0,0.008949583757485705,GABA_C_LEFT,7.158910531638177
3.5,4.25,0.009094879223318057,GABA_C_LEFT,6.914658342969665
3.5,4.5,0.00420630716338939,GABA_C_LEFT,6.670832032063167
3.5,4.75,0.0042698753644435485,GABA_C_LEFT,6.427480066091221
3.5,5.0,0.004332010202915582,GABA_C_LEFT,6.18465843842649
3.5,5.25,0.005087294111920796,GABA_C_LEFT,5.942432162002357
3.5,5.5,0.005155623969433885,GABA_C_LEFT,5.70087712549569
3.5,5.75,0.005221985718598526,GABA_C_LEFT,5.460082416960389
3.5,6.0,0.0052009349290846815,GABA_C_LEFT,5.220153254455275
3.5,6.25,0.005262062247275485,GABA_C_LEFT,4.981214711292819
3.5,6.5,0.0010095311642917527,GABA_C_LEFT,4.743416490252569
3.5,6.75,0.001020268331641418,GABA_C_LEFT,4.5069390943299865
3.5,7.0,0.0010305501738947852,GABA_C_LEFT,4.272001872658765
3.5,7.25,0.0001485942786399805,GABA_C_LEFT,4.038873605350878
3.5,7.5,0.00014992599427918104,GABA_C_LEFT,3.8078865529319543
3.5,7.75,0.00015118609336956857,GABA_C_LEFT,3.5794552658190883
3.5,8.0,0.02710198672813429,GABA_C_LEFT,3.3541019662496847
3.5,8.25,0.027299591664715964,GABA_C_LEFT,3.132491021535417
3.5,8.5,0.02748344891293052,GABA_C_LEFT,2.9154759474226504
3.5,8.75,1.2746630171350646e-21,GABA_C_LEFT,2.704163456597992
3.5,9.0,1.2818304422201952e-21,GABA_C_LEFT,2.5
3.5,9.25,0.0026343401695449716,GABA_C_LEFT,2.3048861143232218
3.5,9.5,0.0026462274225649285,GABA_C_LEFT,2.1213203435596424
3.5,9.75,0.0026567001166946467,GABA_C_LEFT,1.9525624189766635
3.5,10.0,0.009689905415452305,GABA_C_LEFT,1.8027756377319946
3.5,10.25,0.009717510587196478,GABA_C_LEFT,1.6770509831248424
3.5,10.5,0.00973981179100004,GABA_C_LEFT,1.5811388300841898
3.5,10.75,0.007158395919024542,GABA_C_LEFT,1.5206906325745548
3.5,11.0,0.007166900458935063,GABA_C_LEFT,1.5
3.5,11.25,0.0018511671412172988,GABA_C_LEFT,1.5206906325745548
3.5,11.5,0.001851319629737437,GABA_C_LEFT,1.5811388300841898
3.5,11.75,0.0018504494981065104,GABA_C_LEFT,1.6770509831248424
3.5,12.0,1.1881334054781738e-09,GABA_C_LEFT,1.8027756377319946
3.5,12.25,1.1862634594969291e-09,GABA_C_LEFT,1.9525624189766635
3.5,12.5,1.1837422730109964e-09,PLP_ZERO,2.1213203435596424
3.5,12.75,1.0196446374144935e-11,PLP_ZERO,1.9525624189766635
3.5,13.0,1.0163539024480058e-11,PLP_ZERO,1.8027756377319946
3.5,13.25,1.0125142317560617e-11,PLP_ZERO,1.6770509831248424
3.5,13.5,2.270640461980374e-14,PLP_ZERO,1.5811388300841898
3.5,13.75,2.2595640959516758e-14,PLP_ZERO,1.5206906325745548
3.5,14.0,1.9224930158148014e-11,PLP_ZERO,1.5
3.5,14.25,1.9110021641753165e-11,PLP_ZERO,1.5206906325745548
3.5,14.5,1.8985307896538507e-11,VASOPRESSIN_SPARE,1.5206906325745548
3.5,14.75,2.0227174150598503e-08,VASOPRESSIN_SPARE,1.5
3.5,15.0,2.0072977368680206e-08,VASOPRESSIN_SPARE,1.5206906325745548
3.5,15.25,2.3304030288917516e-08,VASOPRESSIN_SPARE,1.5811388300841898
3.5,15.5,2.3100837910098008e-08,VASOPRESSIN_SPARE,1.6770509831248424
3.5,15.75,2.288676905742191e-08,VASOPRESSIN_SPARE,1.8027756377319946
3.5,16.0,2.2662159899789672e-08,VASOPRESSIN_SPARE,1.9525624189766635
3.75,0.0,0.010997237777288667,GABA_C_LEFT,11.070794912742265
3.75,0.25,0.011275006242961592,GABA_C_LEFT,10.822430410956681
3.75,0.5,0.0013175916570864578,GABA_C_LEFT,10.5741429912783
3.75,0.75,0.0013493795603884008,GABA_C_LEFT,10.32593821403169
3.75,1.0,0.001381171080482633,GABA_C_LEFT,10.077822185373186
3.75,1.25,7.598527568772238e-06,GABA_C_LEFT,9.82980162566875
3.75,1.5,7.768960401613498e-06,GABA_C_LEFT,9.5818839483684
3.75,1.75,4.070504473068829e-10,GABA_C_LEFT,9.334077351297235
3.75,2.0,4.15720859120285e-10,GABA_C_LEFT,9.086390922693123
3.75,2.25,4.2434144763286474e-10,GABA_C_LEFT,8.838834764831844
3.75,2.5,4.107410651137765e-09,GABA_C_LEFT,8.59142013871979
3.75,2.75,4.187953760182986e-09,GABA_C_LEFT,8.344159634139318
3.75,3.0,4.267717744346291e-09,GABA_C_LEFT,8.097067370350823
3.75,3.25,7.22095835135503e-05,GABA_C_LEFT,7.850159234053791
3.75,3.5,7.350362641907601e-05,GABA_C_LEFT,7.603453162872775
3.75,3.75,7.477953324532817e-05,GABA_C_LEFT,7.3569694847810805
3.75,4.0,0.00015411083306349883,GABA_C_LEFT,7.110731326663946
3.75,4.25,0.00015661280476257855,GABA_C_LEFT,6.864765108872991
3.75,4.5,4.901505549486948e-10,GABA_C_LEFT,6.619101147436863
3.75,4.75,4.975579999624536e-10,GABA_C_LEFT,6.373774391990981
3.75,5.0,5.047984187848807e-10,GABA_C_LEFT,6.128825336065631
3.75,5.25,1.527484673359821e-09,GABA_C_LEFT,5.88430114796991
3.75,5.5,1.5480010437107177e-09,GABA_C_LEFT,5.640257086339239
3.75,5.75,1.5679264800067657e-09,GABA_C_LEFT,5.3967582862307255
3.75,6.0,1.6495202571968355e-05,GABA_C_LEFT,5.153882032022076
3.75,6.25,1.6689073002955646e-05,GABA_C_LEFT,4.911720676097125
3.75,6.5,0.027866533255202938,GABA_C_LEFT,4.670385423067351
3.75,6.75,0.028162916013456912,GABA_C_LEFT,4.430011286667337
3.75,7.0,0.028446730232584278,GABA_C_LEFT,4.190763653560053
3.75,7.25,1.7020110404608652e-05,GABA_C_LEFT,3.952847075210474
3.75,7.5,1.7172646204870878e-05,GABA_C_LEFT,3.7165171868296265
3.75,7.75,1.731697898696342e-05,GABA_C_LEFT,3.48209706929603
3.75,8.0,0.00012869270627712632,GABA_C_LEFT,3.25
3.75,8.25,0.00012963102546079033,GABA_C_LEFT,3.020761493398643
3.75,8.5,0.00013050406429291527,GABA_C_LEFT,2.7950849718747373
3.75,8.75,0.00119280315025071,GABA_C_LEFT,2.57390753524675
3.75,9.0,0.0011995102776293212,GABA_C_LEFT,2.358495283014151
3.75,9.25,0.0006048279457248354,GABA_C_LEFT,2.1505813167606567
3.75,9.5,0.0006075571843051412,GABA_C_LEFT,1.9525624189766635
3.75,9.75,0.0006099616490549523,GABA_C_LEFT,1.7677669529663689
3.75,10.0,0.009701533465918297,GABA_C_LEFT,1.6007810593582121
3.75,10.25,0.009729171764335685,GABA_C_LEFT,1.4577379737113252
3.75,10.5,0.009751499729961182,GABA_C_LEFT,1.346291201783626
3.75,10.75,0.028934887327053765,GABA_C_LEFT,1.2747548783981961
3.75,11.0,0.028969263450819894,GABA_C_LEFT,1.25
3.75,11.25,0.004430911628183423,GABA_C_LEFT,1.2747548783981961
3.75,11.5,0.004431276621242127,GABA_C_LEFT,1.346291201783626
3.75,11.75,0.004429193893931513,GABA_C_LEFT,1.4577379737113252
3.75,12.0,0.02014156575653197,GABA_C_LEFT,1.6007810593582121
3.75,12.25,0.020109865915614488,GABA_C_LEFT,1.7677669529663689
3.75,12.5,0.02006712606573167,GABA_C_LEFT,1.9525624189766635
3.75,12.75,6.841668037574246e-05,PLP_ZERO,2.1505813167606567
3.75,13.0,6.819587681914811e-05,PLP_ZERO,2.0155644370746373
3.75,13.25,6.793824046934593e-05,PLP_ZERO,1.9039432764659772
3.75,13.5,3.055057209656886e-05,PLP_ZERO,1.8200274723201295
3.75,13.75,3.0401543959092355e-05,PLP_ZERO,1.7677669529663689
3.75,14.0,0.0014982437178088562,PLP_ZERO,1.75
3.75,14.25,0.0014892886286930528,PLP_ZERO,1.7677669529663689
3.75,14.5,0.0014795693951897215,VASOPRESSIN_SPARE,1.7677669529663689
3.75,14.75,0.028051457393108516,VASOPRESSIN_SPARE,1.75
3.75,15.0,0.027837614153023122,VASOPRESSIN_SPARE,1.7677669529663689
3.75,15.25,0.027311470219408163,VASOPRESSIN_SPARE,1.8200274723201295
3.75,15.5,0.02707333619133926,VASOPRESSIN_SPARE,1.9039432764659772
3.75,15.75,0.026822455334153516,VASOPRESSIN_SPARE,2.0155644370746373
3.75,16.0,0.026559221625493415,VASOPRESSIN_SPARE,2.1505813167606567
4.0,0.0,0.010999156019086527,GABA_C_LEFT,11.045361017187261
4.0,0.25,0.01127697293575158,GABA_C_LEFT,10.796411440844592
4.0,0.5,0.001317821483833894,GABA_C_LEFT,10.547511554864494
4.0,0.75,0.0013496149318813462,GABA_C_LEFT,10.29866496202299
4.0,1.0,0.0013814119973519627,GABA_C_LEFT,10.04987562112089
4.0,1.25,7.599852975522532e-06,GABA_C_LEFT,9.80114789195633
4.0,1.5,7.77031553686383e-06,GABA_C_LEFT,9.5524865872714
4.0,1.75,4.071214488799755e-10,GABA_C_LEFT,9.303897032964198
4.0,2.0,4.157933730682741e-10,GABA_C_LEFT,9.055385138137417
4.0,2.25,4.2441546526510103e-10,GABA_C_LEFT,8.806957476904268
4.0,2.5,4.108127104391895e-09,GABA_C_LEFT,8.558621384311845
4.0,2.75,4.188684262524845e-09,GABA_C_LEFT,8.31038506929733
4.0,3.0,4.268462159873577e-09,GABA_C_LEFT,8.06225774829855
4.0,3.25,7.222217898926037e-05,GABA_C_LEFT,7.814249804043892
4.0,3.5,7.351644761393846e-05,GABA_C_LEFT,7.566372975210778
4.0,3.75,7.479257699587724e-05,GABA_C_LEFT,7.318640584152224
4.0,4.0,0.0001541377145265964,GABA_C_LEFT,7.0710678118654755
4.0,4.25,0.00015664012264314636,GABA_C_LEFT,6.823672031978091
4.0,4.5,4.902360516252956e-10,GABA_C_LEFT,6.576473218982953
4.0,4.75,4.976447887153856e-10,GABA_C_LEFT,6.329494450586082
4.0,5.0,5.048864704798624e-10,GABA_C_LEFT,6.082762530298219
4.0,5.25,1.5277511116241714e-09,GABA_C_LEFT,5.836308764964376
4.0,5.5,1.5482710606336316e-09,GABA_C_LEFT,5.5901699437494745
4.0,5.75,1.5681999725119594e-09,GABA_C_LEFT,5.344389581607987
4.0,6.0,1.6498079820571916e-05,GABA_C_LEFT,5.0990195135927845
4.0,6.25,1.6691984068265873e-05,GABA_C_LEFT,4.8541219597369
4.0,6.5,0.027871393998412652,GABA_C_LEFT,4.6097722286464435
4.0,6.75,0.028167828454539,GABA_C_LEFT,4.366062299143245
4.0,7.0,0.028451692179215757,GABA_C_LEFT,4.123105625617661
4.0,7.25,1.7023079212580573e-05,GABA_C_LEFT,3.881043674065006
4.0,7.5,1.717564161957384e-05,GABA_C_LEFT,3.640054944640259
4.0,7.75,1.7319999577549728e-05,GABA_C_LEFT,3.400367627183861
4.0,8.0,0.0001287151540711324,GABA_C_LEFT,3.1622776601683795
4.0,8.25,0.0001296536369252666,GABA_C_LEFT,2.9261749776799064
4.0,8.5,0.00013052682804104795,GABA_C_LEFT,2.692582403567252
4.0,8.75,0.0011930112102113808,GABA_C_LEFT,2.462214450449026
4.0,9.0,0.001199719507510325,GABA_C_LEFT,2.23606797749979
4.0,9.25,0.0006049334455121001,GABA_C_LEFT,2.0155644370746373
4.0,9.5,0.0006076631601519062,GABA_C_LEFT,1.8027756377319946
4.0,9.75,0.0006100680443111069,GABA_C_LEFT,1.6007810593582121
4.0,10.0,0.009703225698765722,GABA_C_LEFT,1.4142135623730951
4.0,10.25,0.009730868818115447,GABA_C_LEFT,1.25
4.0,10.5,0.009753200678395019,GABA_C_LEFT,1.118033988749895
4.0,10.75,0.02893993442264369,GABA_C_LEFT,1.0307764064044151
4.0,11.0,0.02897431654261712,GABA_C_LEFT,1.0
4.0,11.25,0.0044316845095250775,GABA_C_LEFT,1.0307764064044151
4.0,11.5,0.004432049566249308,GABA_C_LEFT,1.118033988749895
4.0,11.75,0.00442996647564978,GABA_C_LEFT,1.25
4.0,12.0,0.02014507903814786,GABA_C_LEFT,1.4142135623730951
4.0,12.25,0.020113373667845543,GABA_C_LEFT,1.6007810593582121
4.0,12.5,0.020070626362875536,GABA_C_LEFT,1.8027756377319946
4.0,12.75,6.842861425756128e-05,GABA_C_LEFT,2.0155644370746373
4.0,13.0,6.820777218633081e-05,PLP_ZERO,2.23606797749979
4.0,13.25,6.795009089716977e-05,PLP_ZERO,2.1360009363293826
4.0,13.5,3.055590101511468e-05,PLP_ZERO,2.0615528128088303
4.0,13.75,3.0406846882746717e-05,PLP_ZERO,2.0155644370746373
4.0,14.0,0.001498505055590314,PLP_ZERO,2.0
4.0,14.25,0.0014895484044435176,PLP_ZERO,2.0155644370746373
4.0,14.5,0.0014798274756199316,VASOPRESSIN_SPARE,2.0155644370746373
4.0,14.75,0.028056350392528195,VASOPRESSIN_SPARE,2.0
4.0,15.0,0.027842469851890643,VASOPRESSIN_SPARE,2.0155644370746373
4.0,15.25,0.027316234143294947,VASOPRESSIN_SPARE,2.0615528128088303
4.0,15.5,0.027078058577645846,VASOPRESSIN_SPARE,2.1360009363293826
4.0,15.75,0.026827133959457905,VASOPRESSIN_SPARE,2.23606797749979
4.0,16.0,0.0265638543350949,VASOPRESSIN_SPARE,2.358495283014151
4.25,0.0,0.011000964005622262,GABA_C_LEFT,11.025538535599972
4.25,0.25,0.011278826588449687,GABA_C_LEFT,10.776131031126154
4.25,0.5,0.0013180381007720603,GABA_C_LEFT,10.52675163571365
4.25,0.75,0.001349836774868302,GABA_C_LEFT,10.277402395547233
4.25,1.0,0.0013816390669823212,GABA_C_LEFT,10.02808556006579
4.25,1.25,7.60110220153855e-06,GABA_C_LEFT,9.778803607803972
4.25,1.5,7.771592782667478e-06,GABA_C_LEFT,9.529559276272959
4.25,1.75,4.0718836947794744e-10,GABA_C_LEFT,9.280355596635292
4.25,2.0,4.1586171911399347e-10,GABA_C_LEFT,9.031195934094221
4.25,2.25,4.2448522856743293e-10,GABA_C_LEFT,8.782084035125148
4.25,2.5,4.1088023778836915e-09,GABA_C_LEFT,8.533024082938006
4.25,2.75,4.18937277760145e-09,GABA_C_LEFT,8.284020762890446
4.25,3.0,4.269163788443983e-09,GABA_C_LEFT,8.035079339994098
4.25,3.25,7.223405051167239e-05,GABA_C_LEFT,7.786205751198718
4.25,3.5,7.352853188178686e-05,GABA_C_LEFT,7.5374067158406675
4.25,3.75,7.480487102752354e-05,GABA_C_LEFT,7.2886898685566255
4.25,4.0,0.00015416305091713666,GABA_C_LEFT,7.0400639201643616
4.25,4.25,0.0001566658703670811,GABA_C_LEFT,6.791538853603062
4.25,4.5,4.90316634188097e-10,GABA_C_LEFT,6.5431261641512
4.25,4.75,4.977265890895247e-10,GABA_C_LEFT,6.294839156007086
4.25,5.0,5.04969461205616e-10,GABA_C_LEFT,6.046693311223912
4.25,5.25,1.5280022357499656e-09,GABA_C_LEFT,5.798706752371601
4.25,5.5,1.5485255577265389e-09,GABA_C_LEFT,5.55090082779363
4.25,5.75,1.5684577454202369e-09,GABA_C_LEFT,5.303300858899107
4.25,6.0,1.650079169284005e-05,GABA_C_LEFT,5.055937104039171
4.25,6.25,1.6694727813549394e-05,GABA_C_LEFT,4.808846015417836
4.25,6.5,0.027875975359472883,GABA_C_LEFT,4.562071897723665
4.25,6.75,0.028172458542020096,GABA_C_LEFT,4.315669125408017
4.25,7.0,0.028456368926803442,GABA_C_LEFT,4.0697051490249265
4.25,7.25,1.702587738163642e-05,GABA_C_LEFT,3.824264635194589
4.25,7.5,1.7178464866079015e-05,GABA_C_LEFT,3.5794552658190883
4.25,7.75,1.7322846552897723e-05,GABA_C_LEFT,3.3354160160315836
4.25,8.0,0.00012873631162768506,GABA_C_LEFT,3.092329219213245
4.25,8.25,0.00012967494874496104,GABA_C_LEFT,2.850438562747845
4.25,8.5,0.0001305482833915531,GABA_C_LEFT,2.6100766272276377
4.25,8.75,0.0011932073114578124,GABA_C_LEFT,2.3717082451262845
4.25,9.0,0.001199916711433287,GABA_C_LEFT,2.1360009363293826
4.25,9.25,0.0006050328814617859,GABA_C_LEFT,1.9039432764659772
4.25,9.5,0.0006077630447985017,GABA_C_LEFT,1.6770509831248424
4.25,9.75,0.0006101683242605941,GABA_C_LEFT,1.4577379737113252
4.25,10.0,0.009704820666723818,GABA_C_LEFT,1.25
4.25,10.25,0.009732468329911953,GABA_C_LEFT,1.0606601717798212
4.25,10.5,0.009754803860991599,GABA_C_LEFT,0.9013878188659973
4.25,10.75,0.028944691425061907,GABA_C_LEFT,0.7905694150420949
4.25,11.0,0.02897907919659714,GABA_C_LEFT,0.75
4.25,11.25,0.00443241296777314,GABA_C_LEFT,0.7905694150420949
4.25,11.5,0.0044327780845035795,GABA_C_LEFT,0.9013878188659973
4.25,11.75,0.004430694651495983,GABA_C_LEFT,1.0606601717798212
4.25,12.0,0.02014839038600028,GABA_C_LEFT,1.25
4.25,12.25,0.020116679804126954,GABA_C_LEFT,1.4577379737113252
4.25,12.5,0.020073925472567665,GABA_C_LEFT,1.6770509831248424
4.25,12.75,6.843986221267909e-05,GABA_C_LEFT,1.9039432764659772
4.25,13.0,6.821898384052783e-05,GABA_C_LEFT,2.1360009363293826
4.25,13.25,6.79612601949987e-05,PLP_ZERO,2.3717082451262845
4.25,13.5,3.056092364208048e-05,PLP_ZERO,2.3048861143232218
4.25,13.75,3.041184500893592e-05,PLP_ZERO,2.2638462845343543
4.25,14.0,0.001498751372394943,PLP_ZERO,2.25
4.25,14.25,0.0014897932489983982,PLP_ZERO,2.2638462845343543
4.25,14.5,0.0014800707222969026,VASOPRESSIN_SPARE,2.2638462845343543
4.25,14.75,0.028060962155800166,VASOPRESSIN_SPARE,2.25
4.25,15.0,0.02784704645854359,VASOPRESSIN_SPARE,2.2638462845343543
4.25,15.25,0.027320724249940607,VASOPRESSIN_SPARE,2.3048861143232218
4.25,15.5,0.02708250953417717,VASOPRESSIN_SPARE,2.3717082451262845
4.25,15.75,0.026831543670249064,VASOPRESSIN_SPARE,2.462214450449026
4.25,16.0,0.026568220769291457,VASOPRESSIN_SPARE,2.57390753524675
4.5,0.0,0.011002661682419585,GABA_C_LEFT,11.01135777277262
4.5,0.25,0.011280567145203667,GABA_C_LEFT,10.761621625015442
4.5,0.5,0.0013182415013740921,GABA_C_LEFT,10.51189802081432
4.5,0.75,0.0013500450826649365,GABA_C_LEFT,10.262187875886896
4.5,1.0,0.0013818522825318946,GABA_C_LEFT,10.012492197250394
4.5,1.25,7.602275209179977e-06,GABA_C_LEFT,9.762812094883317
4.5,1.5,7.772792100539862e-06,GABA_C_LEFT,9.513148795220223
4.5,1.75,4.0725120708441993e-10,GABA_C_LEFT,9.263503656824453
4.5,2.0,4.159258951981144e-10,GABA_C_LEFT,9.013878188659973
4.5,2.25,4.245507354378289e-10,GABA_C_LEFT,8.764274071479052
4.5,2.5,4.1094364512665475e-09,GABA_C_LEFT,8.514693182963201
4.5,2.75,4.190019284667217e-09,GABA_C_LEFT,8.26513762740827
4.5,3.0,4.2698226089167994e-09,GABA_C_LEFT,8.0156097709407
4.5,3.25,7.224519772308657e-05,GABA_C_LEFT,7.766112283504533
4.5,3.5,7.35398788585112e-05,GABA_C_LEFT,7.516648189186454
4.5,3.75,7.481641496983673e-05,GABA_C_LEFT,7.267220926874317
4.5,4.0,0.00015418684147171108,GABA_C_LEFT,7.0178344238090995
4.5,4.25,0.00015669004715858036,GABA_C_LEFT,6.768493185340442
4.5,4.5,4.903923002090728e-10,GABA_C_LEFT,6.519202405202649
4.5,4.75,4.97803398620151e-10,GABA_C_LEFT,6.269968101992227
4.5,5.0,5.050473884615554e-10,GABA_C_LEFT,6.020797289396148
4.5,5.25,1.5282380381706051e-09,GABA_C_LEFT,5.771698190307598
4.5,5.5,1.5487645273212104e-09,GABA_C_LEFT,5.522680508593631
4.5,5.75,1.568699790964666e-09,GABA_C_LEFT,5.273755777432247
4.5,6.0,1.650333810706158e-05,GABA_C_LEFT,5.024937810560445
4.5,6.25,1.669730415613467e-05,GABA_C_LEFT,4.7762432936357
4.5,6.5,0.027880277200343046,GABA_C_LEFT,4.527692569068709
4.5,6.75,0.02817680613639146,GABA_C_LEFT,4.2793106921559225
4.5,7.0,0.028460760334432674,GABA_C_LEFT,4.031128874149275
4.5,7.25,1.7028504827464818e-05,GABA_C_LEFT,3.783186487605389
4.5,7.5,1.7181115859319416e-05,GABA_C_LEFT,3.5355339059327378
4.5,7.75,1.7325519827225452e-05,GABA_C_LEFT,3.2882366094914763
4.5,8.0,0.00012875617830928788,GABA_C_LEFT,3.0413812651491097
4.5,8.25,0.00012969496027772907,GABA_C_LEFT,2.7950849718747373
4.5,8.5,0.00013056842969796144,GABA_C_LEFT,2.5495097567963922
4.5,8.75,0.0011933914480812963,GABA_C_LEFT,2.3048861143232218
4.5,9.0,0.0012001018834562733,GABA_C_LEFT,2.0615528128088303
4.5,9.25,0.0006051262505777971,GABA_C_LEFT,1.8200274723201295
4.5,9.5,0.0006078568352353125,GABA_C_LEFT,1.5811388300841898
4.5,9.75,0.0006102624858818875,GABA_C_LEFT,1.346291201783626
4.5,10.0,0.00970631832173475,GABA_C_LEFT,1.118033988749895
4.5,10.25,0.009733970251530454,GABA_C_LEFT,0.9013878188659973
4.5,10.5,0.009756309229445563,GABA_C_LEFT,0.7071067811865476
4.5,10.75,0.028949158190975603,GABA_C_LEFT,0.5590169943749475
4.5,11.0,0.028983551269256842,GABA_C_LEFT,0.5
4.5,11.25,0.004433096980978502,GABA_C_LEFT,0.5590169943749475
4.5,11.5,0.004433462154054021,GABA_C_LEFT,0.7071067811865476
4.5,11.75,0.004431378399529522,GABA_C_LEFT,0.9013878188659973
4.5,12.0,0.020151499700315306,GABA_C_LEFT,1.118033988749895
4.5,12.25,0.02011978422484183,GABA_C_LEFT,1.346291201783626
4.5,12.5,0.020077023295402882,GABA_C_LEFT,1.5811388300841898
4.5,12.75,6.845042390218478e-05,GABA_C_LEFT,1.8200274723201295
4.5,13.0,6.822951144392187e-05,GABA_C_LEFT,2.0615528128088303
4.5,13.25,6.797174802629157e-05,GABA_C_LEFT,2.3048861143232218
4.5,13.5,3.056563982612994e-05,PLP_ZERO,2.5495097567963922
4.5,13.75,3.0416538187061866e-05,PLP_ZERO,2.5124689052802225
4.5,14.0,0.001498982660800993,PLP_ZERO,2.5
4.5,14.25,0.0014900231549803053,PLP_ZERO,2.5124689052802225
4.5,14.5,0.0014802991278913904,VASOPRESSIN_SPARE,2.5124689052802225
4.5,14.75,0.0280652925439678,VASOPRESSIN_SPARE,2.5
4.5,15.0,0.027851343835084644,VASOPRESSIN_SPARE,2.5124689052802225
4.5,15.25,0.027324940404054154,VASOPRESSIN_SPARE,2.5495097567963922
4.5,15.5,0.02708668892682185,VASOPRESSIN_SPARE,2.6100766272276377
4.5,15.75,0.026835684333658395,VASOPRESSIN_SPARE,2.692582403567252
4.5,16.0,0.026572320796518455,VASOPRESSIN_SPARE,2.7950849718747373
4.75,0.0,0.011004248998320521,GABA_C_LEFT,11.002840542332693
4.75,0.25,0.011282194553563385,GABA_C_LEFT,10.752906583803284
4.75,0.5,0.001318431679510692,GABA_C_LEFT,10.502975768800002
4.75,0.75,0.0013502398489940802,GABA_C_LEFT,10.253048327204938
4.75,1.0,0.001382051637575621,GABA_C_LEFT,10.003124511871277
4.75,1.25,7.603371963099266e-06,GABA_C_LEFT,9.75320460156558
4.75,1.5,7.773913454340603e-06,GABA_C_LEFT,9.503288904374106
4.75,1.75,4.0730995980583754e-10,GABA_C_LEFT,9.253377761660873
4.75,2.0,4.159858993867475e-10,GABA_C_LEFT,9.003471552684553
4.75,2.25,4.2461198390229725e-10,GABA_C_LEFT,8.753570700005799
4.75,2.5,4.110029305433226e-09,GABA_C_LEFT,8.503675675847475
4.75,2.75,4.190623764240229e-09,GABA_C_LEFT,8.253787009609589
4.75,3.0,4.270438601439056e-09,GABA_C_LEFT,8.00390529679106
4.75,3.25,7.22556202875916e-05,GABA_C_LEFT,7.754031209635412
4.75,3.5,7.355048820218041e-05,GABA_C_LEFT,7.504165509901817
4.75,3.75,7.482720847495032e-05,GABA_C_LEFT,7.254309064273454
4.75,4.0,0.0001542090854734124,GABA_C_LEFT,7.00446286306095
4.75,4.25,0.00015671265228909802,GABA_C_LEFT,6.754628043053148
4.75,4.5,4.904630474080947e-10,GABA_C_LEFT,6.504805915628844
4.75,4.75,4.978752149926775e-10,GABA_C_LEFT,6.254998001598402
4.75,5.0,5.051202498994119e-10,GABA_C_LEFT,6.005206074732157
4.75,5.25,1.5284585117803932e-09,GABA_C_LEFT,5.755432216610669
4.75,5.5,1.5489879622165089e-09,GABA_C_LEFT,5.50567888638631
4.75,5.75,1.5689261018514187e-09,GABA_C_LEFT,5.25594901040716
4.75,6.0,1.6505718986502566e-05,GABA_C_LEFT,5.006246098625197
4.75,6.25,1.669971301838589e-05,GABA_C_LEFT,4.756574397610112
4.75,6.5,0.02788429939139099,GABA_C_LEFT,4.5069390943299865
4.75,6.75,0.028180871106642188,GABA_C_LEFT,4.257346591481601
4.75,7.0,0.028464866269772272,GABA_C_LEFT,4.00780488547035
4.75,7.25,1.7030961470890013e-05,GABA_C_LEFT,3.758324094593227
4.75,7.5,1.7183594519409717e-05,GABA_C_LEFT,3.5089172119045497
4.75,7.75,1.7328019319976158e-05,GABA_C_LEFT,3.2596012026013246
4.75,8.0,0.00012877475351727598,GABA_C_LEFT,3.010398644698074
4.75,8.25,0.000129713670920541,GABA_C_LEFT,2.7613402542968153
4.75,8.5,0.00013058726635318193,GABA_C_LEFT,2.5124689052802225
4.75,8.75,0.0011935636145330379,GABA_C_LEFT,2.2638462845343543
4.75,9.0,0.0012002750179992898,GABA_C_LEFT,2.0155644370746373
4.75,9.25,0.0006052135500465383,GABA_C_LEFT,1.7677669529663689
4.75,9.5,0.0006079445286360467,GABA_C_LEFT,1.5206906325745548
4.75,9.75,0.0006103505263375103,GABA_C_LEFT,1.2747548783981961
4.75,10.0,0.009707718618668012,GABA_C_LEFT,1.0307764064044151
4.75,10.25,0.009735374537711875,GABA_C_LEFT,0.7905694150420949
4.75,10.5,0.009757716738393972,GABA_C_LEFT,0.5590169943749475
4.75,10.75,0.028953334585782742,GABA_C_LEFT,0.3535533905932738
4.75,11.0,0.02898773262583429,GABA_C_LEFT,0.25
4.75,11.25,0.004433736528529031,GABA_C_LEFT,0.3535533905932738
4.75,11.5,0.004434101754286805,GABA_C_LEFT,0.5590169943749475
4.75,11.75,0.004432017699146256,GABA_C_LEFT,0.7905694150420949
4.75,12.0,0.020154406887396507,GABA_C_LEFT,1.0307764064044151
4.75,12.25,0.020122686836441216,GABA_C_LEFT,1.2747548783981961
4.75,12.5,0.020079919738031044,GABA_C_LEFT,1.5206906325745548
4.75,12.75,6.846029900781119e-05,GABA_C_LEFT,1.7677669529663689
4.75,13.0,6.82393546792729e-05,GABA_C_LEFT,2.0155644370746373
4.75,13.25,6.798155407500693e-05,GABA_C_LEFT,2.2638462845343543
4.75,13.5,3.0570049425145034e-05,GABA_C_LEFT,2.5124689052802225
4.75,13.75,3.0420926275699802e-05,PLP_ZERO,2.7613402542968153
4.75,14.0,0.0014991989138387935,PLP_ZERO,2.75
4.75,14.25,0.001490238115461226,PLP_ZERO,2.7613402542968153
4.75,14.5,0.0014805126855205956,VASOPRESSIN_SPARE,2.7613402542968153
4.75,14.75,0.028069341426538698,VASOPRESSIN_SPARE,2.75
4.75,15.0,0.027855361852016168,VASOPRESSIN_SPARE,2.7613402542968153
4.75,15.25,0.02732888247858551,VASOPRESSIN_SPARE,2.7950849718747373
4.75,15.5,0.027090596629637604,VASOPRESSIN_SPARE,2.850438562747845
4.75,15.75,0.026839555824910672,VASOPRESSIN_SPARE,2.9261749776799064
4.75,16.0,0.026576154293225202,VASOPRESSIN_SPARE,3.020761493398643
5.0,0.0,0.011005725905487936,GABA_C_RIGHT,10.957303500405564
5.0,0.25,0.011283708764483449,GABA_C_LEFT,10.75
5.0,0.5,0.0013186086294504397,GABA_C_LEFT,10.5
5.0,0.75,0.0013504210679860366,GABA_C_LEFT,10.25
5.0,1.0,0.001382237126105514,GABA_C_LEFT,10.0
5.0,1.25,7.604392430243416e-06,GABA_C_LEFT,9.75
5.0,1.5,7.774956810275326e-06,GABA_C_LEFT,9.5
5.0,1.75,4.0736462587156263e-10,GABA_C_LEFT,9.25
5.0,2.0,4.1604172987153957e-10,GABA_C_LEFT,9.0
5.0,2.25,4.2466897211498606e-10,GABA_C_LEFT,8.75
5.0,2.5,4.11058092251681e-09,GABA_C_LEFT,8.5
5.0,2.75,4.191186198103212e-09,GABA_C_LEFT,8.25
5.0,3.0,4.271011747446516e-09,GABA_C_LEFT,8.0
5.0,3.25,7.22653178910814e-05,GABA_C_LEFT,7.75
5.0,3.5,7.356035959305947e-05,GABA_C_LEFT,7.5
5.0,3.75,7.483725121757924e-05,GABA_C_LEFT,7.25
5.0,4.0,0.00015422978225187051,GABA_C_LEFT,7.0
5.0,4.25,0.0001567336850773806,GABA_C_LEFT,6.75
5.0,4.5,4.905288736530462e-10,GABA_C_LEFT,6.5
5.0,4.75,4.979420360427659e-10,GABA_C_LEFT,6.25
5.0,5.0,5.051880433233519e-10,GABA_C_LEFT,6.0
5.0,5.25,1.5286636499348909e-09,GABA_C_LEFT,5.75
5.0,5.5,1.5491958556787516e-09,GABA_C_LEFT,5.5
5.0,5.75,1.5691366712601376e-09,GABA_C_LEFT,5.25
5.0,6.0,1.6507934259410174e-05,GABA_C_LEFT,5.0
5.0,6.25,1.67019543277069e-05,GABA_C_LEFT,4.75
5.0,6.5,0.027888041811399464,GABA_C_LEFT,4.5
5.0,6.75,0.028184653330265787,GABA_C_LEFT,4.25
5.0,7.0,0.028468686609081188,GABA_C_LEFT,4.0
5.0,7.25,1.7033247237875857e-05,GABA_C_LEFT,3.75
5.0,7.5,1.7185900771650245e-05,GABA_C_LEFT,3.5
5.0,7.75,1.733034495582234e-05,GABA_C_LEFT,3.25
5.0,8.0,0.0001287920366918462,GABA_C_LEFT,3.0
5.0,8.25,0.0001297310801095119,GABA_C_LEFT,2.75
5.0,8.5,0.00013060479278953211,GABA_C_LEFT,2.5
5.0,8.75,0.0011937238056244374,GABA_C_LEFT,2.25
5.0,9.0,0.0012004361098445604,GABA_C_LEFT,2.0
5.0,9.25,0.0006052947772370552,GABA_C_LEFT,1.75
5.0,9.5,0.0006080261223578784,GABA_C_LEFT,1.5
5.0,9.75,0.000610432442974177,GABA_C_LEFT,1.25
5.0,10.0,0.009709021515322692,GABA_C_LEFT,1.0
5.0,10.25,0.009736681146135078,GABA_C_LEFT,0.75
5.0,10.5,0.009759026345418564,GABA_C_LEFT,0.5
5.0,10.75,0.028957220483618835,GABA_C_LEFT,0.25
5.0,11.0,0.02899162314031545,GABA_C_LEFT,0.0
5.0,11.25,0.004434331591150607,GABA_C_LEFT,0.25
5.0,11.5,0.004434696865926224,GABA_C_LEFT,0.5
5.0,11.75,0.004432612531079539,GABA_C_LEFT,0.75
5.0,12.0,0.02015711185962965,GABA_C_LEFT,1.0
5.0,12.25,0.02012538755144875,GABA_C_LEFT,1.25
5.0,12.5,0.020082614713161723,GABA_C_LEFT,1.5
5.0,12.75,6.846948723195113e-05,GABA_C_LEFT,1.75
5.0,13.0,6.824851324993421e-05,GABA_C_LEFT,2.0
5.0,13.25,6.799067804561872e-05,GABA_C_LEFT,2.25
5.0,13.5,3.0574152306233166e-05,GABA_C_LEFT,2.5
5.0,13.75,3.0425009142605385e-05,GABA_C_LEFT,2.75
5.0,14.0,0.0014994001249911011,PLP_ZERO,3.0
5.0,14.25,0.001490438123962871,PLP_ZERO,3.010398644698074
5.0,14.5,0.0014807113887485058,VASOPRESSIN_SPARE,3.010398644698074
5.0,14.75,0.0280731086814912,VASOPRESSIN_SPARE,3.0
5.0,15.0,0.027859100388246717,VASOPRESSIN_SPARE,3.010398644698074
5.0,15.25,0.027332550354731925,VASOPRESSIN_SPARE,3.0413812651491097
5.0,15.5,0.02709423252485754,VASOPRESSIN_SPARE,3.092329219213245
5.0,15.75,0.026843158027330314,VASOPRESSIN_SPARE,3.1622776601683795
5.0,16.0,0.026579721143881165,VASOPRESSIN_SPARE,3.25
5.25,0.0,1.7347837446578837e-29,GABA_C_RIGHT,10.816653826391969
5.25,0.25,1.7786009493766083e-29,GABA_C_RIGHT,10.609547586961472
5.25,0.5,0.006670299369963841,GABA_C_RIGHT,10.404326023342406
5.25,0.75,0.006831225427917402,GABA_C_RIGHT,10.201102881551583
5.25,1.0,0.0069921697958588835,GABA_C_RIGHT,10.0
5.25,1.25,0.001298073202912529,GABA_C_LEFT,9.75320460156558
5.25,1.5,0.0013271886191830338,GABA_C_LEFT,9.503288904374106
5.25,1.75,3.5553492073818023e-09,GABA_C_LEFT,9.253377761660873
5.25,2.0,3.6310802180523606e-09,GABA_C_LEFT,9.003471552684553
5.25,2.25,3.7063760511318864e-09,GABA_C_LEFT,8.753570700005799
5.25,2.5,2.083999926300648e-15,GABA_C_LEFT,8.503675675847475
5.25,2.75,2.1248655342397453e-15,GABA_C_LEFT,8.253787009609589
5.25,3.0,2.1653358332276798e-15,GABA_C_LEFT,8.00390529679106
5.25,3.25,0.001277943425248972,GABA_C_LEFT,7.754031209635412
5.25,3.5,0.0013008450062115093,GABA_C_LEFT,7.504165509901817
5.25,3.75,0.0013234256203142516,GABA_C_LEFT,7.254309064273454
5.25,4.0,0.019572546420443065,GABA_C_LEFT,7.00446286306095
5.25,4.25,0.019890304466710296,GABA_C_LEFT,6.754628043053148
5.25,4.5,0.024411163582435072,GABA_C_LEFT,6.504805915628844
5.25,4.75,0.024780079520881137,GABA_C_LEFT,6.254998001598402
5.25,5.0,0.02514067698730267,GABA_C_LEFT,6.005206074732157
5.25,5.25,2.6060140141028717e-06,GABA_C_LEFT,5.755432216610669
5.25,5.5,2.6410166230229068e-06,GABA_C_LEFT,5.50567888638631
5.25,5.75,2.675011050024521e-06,GABA_C_LEFT,5.25594901040716
5.25,6.0,0.020757031935455802,GABA_C_LEFT,5.006246098625197
5.25,6.25,0.021000992245114702,GABA_C_LEFT,4.756574397610112
5.25,6.5,0.006599023779293764,GABA_C_LEFT,4.5069390943299865
5.25,6.75,0.006669209648902266,GABA_C_LEFT,4.257346591481601
5.25,7.0,0.006736419185293862,GABA_C_LEFT,4.00780488547035
5.25,7.25,0.0002800623970432322,GABA_C_LEFT,3.758324094593227
5.25,7.5,0.00028257234209298814,GABA_C_LEFT,3.5089172119045497
5.25,7.75,0.00028494730817510064,GABA_C_LEFT,3.2596012026013246
5.25,8.0,5.584939830107918e-05,GABA_C_LEFT,3.010398644698074
5.25,8.25,5.6256605230966464e-05,GABA_C_LEFT,2.7613402542968153
5.25,8.5,5.663548212988456e-05,GABA_C_LEFT,2.5124689052802225
5.25,8.75,2.519148302322548e-50,GABA_C_LEFT,2.2638462845343543
5.25,9.0,2.533313463225869e-50,GABA_C_LEFT,2.0155644370746373
5.25,9.25,8.86033849089503e-26,GABA_C_LEFT,1.7677669529663689
5.25,9.5,8.900320072127921e-26,GABA_C_LEFT,1.5206906325745548
5.25,9.75,8.93554392665273e-26,GABA_C_LEFT,1.2747548783981961
5.25,10.0,1.8858343402196477e-09,GABA_C_LEFT,1.0307764064044151
5.25,10.25,1.8912068158642297e-09,GABA_C_LEFT,0.7905694150420949
5.25,10.5,1.8955470415070865e-09,GABA_C_LEFT,0.5590169943749475
5.25,10.75,2.4539148435081827e-07,GABA_C_LEFT,0.3535533905932738
5.25,11.0,2.456830219656653e-07,GABA_C_LEFT,0.25
5.25,11.25,2.0864904996747169e-07,GABA_C_LEFT,0.3535533905932738
5.25,11.5,2.0866623727819546e-07,GABA_C_LEFT,0.5590169943749475
5.25,11.75,2.0856816286119811e-07,GABA_C_LEFT,0.7905694150420949
5.25,12.0,0.00040579376240002196,GABA_C_LEFT,1.0307764064044151
5.25,12.25,0.0004051551031284996,GABA_C_LEFT,1.2747548783981961
5.25,12.5,0.0004042940198990225,GABA_C_LEFT,1.5206906325745548
5.25,12.75,0.0004935357094409674,GABA_C_LEFT,1.7677669529663689
5.25,13.0,0.0004919429043040856,GABA_C_LEFT,2.0155644370746373
5.25,13.25,0.00049008439936086,GABA_C_LEFT,2.2638462845343543
5.25,13.5,0.014813914261047141,GABA_C_LEFT,2.5124689052802225
5.25,13.75,0.014741650800838208,GABA_C_LEFT,2.7613402542968153
5.25,14.0,2.221712624720815e-06,GABA_C_LEFT,3.010398644698074
5.25,14.25,2.2084333202207584e-06,PLP_ZERO,3.2596012026013246
5.25,14.5,2.194020882831373e-06,VASOPRESSIN_SPARE,3.2596012026013246
5.25,14.75,0.017872639297839707,VASOPRESSIN_SPARE,3.25
5.25,15.0,0.017736391721010897,VASOPRESSIN_SPARE,3.2596012026013246
5.25,15.25,0.017023600473101412,VASOPRESSIN_SPARE,3.2882366094914763
5.25,15.5,0.016875168385032623,VASOPRESSIN_SPARE,3.3354160160315836
5.25,15.75,0.016718791029849293,VASOPRESSIN_SPARE,3.400367627183861
5.25,16.0,0.016554713979024766,VASOPRESSIN_SPARE,3.48209706929603
5.5,0.0,1.734981691402238e-29,GABA_C_RIGHT,10.680004681646913
5.5,0.25,1.7788038958640417e-29,GABA_C_RIGHT,10.470195795685962
5.5,0.5,0.006671060481571106,GABA_C_RIGHT,10.262187875886896
5.5,0.75,0.006832004901922487,GABA_C_RIGHT,10.056092680559383
5.5,1.0,0.006992967634351044,GABA_C_RIGHT,9.852030247619016
5.5,1.25,0.001298221318990537,GABA_C_RIGHT,9.650129532809391
5.5,1.5,0.0013273400574629465,GABA_C_RIGHT,9.4505290857179
5.5,1.75,3.5557548889561265e-09,GABA_C_RIGHT,9.253377761660873
5.5,2.0,3.6314945408807056e-09,GABA_C_LEFT,9.013878188659973
5.5,2.25,3.7067989655585023e-09,GABA_C_LEFT,8.764274071479052
5.5,2.5,2.0842377202054597e-15,GABA_C_LEFT,8.514693182963201
5.5,2.75,2.1251079910969694e-15,GABA_C_LEFT,8.26513762740827
5.5,3.0,2.165582907930761e-15,GABA_C_LEFT,8.0156097709407
5.5,3.25,0.0012780892444274581,GABA_C_LEFT,7.766112283504533
5.5,3.5,0.0013009934385649262,GABA_C_LEFT,7.516648189186454
5.5,3.75,0.0013235766292188156,GABA_C_LEFT,7.267220926874317
5.5,4.0,0.019574779737336068,GABA_C_LEFT,7.0178344238090995
5.5,4.25,0.01989257404124691,GABA_C_LEFT,6.768493185340442
5.5,4.5,0.02441394900763399,GABA_C_LEFT,6.519202405202649
5.5,4.75,0.024782907041072694,GABA_C_LEFT,6.269968101992227
5.5,5.0,0.025143545653311235,GABA_C_LEFT,6.020797289396148
5.5,5.25,2.606311372198036e-06,GABA_C_LEFT,5.771698190307598
5.5,5.5,2.6413179750755317e-06,GABA_C_LEFT,5.522680508593631
5.5,5.75,2.6753162809964477e-06,GABA_C_LEFT,5.273755777432247
5.5,6.0,0.02075940040755311,GABA_C_LEFT,5.024937810560445
5.5,6.25,0.02100338855419699,GABA_C_LEFT,4.7762432936357
5.5,6.5,0.006599776758030768,GABA_C_LEFT,4.527692569068709
5.5,6.75,0.0066699706361673826,GABA_C_LEFT,4.2793106921559225
5.5,7.0,0.006737187841473886,GABA_C_LEFT,4.031128874149275
5.5,7.25,0.0002800943534411876,GABA_C_LEFT,3.783186487605389
5.5,7.5,0.0002826045848871313,GABA_C_LEFT,3.5355339059327378
5.5,7.75,0.00028497982196371523,GABA_C_LEFT,3.2882366094914763
5.5,8.0,5.585577097237143e-05,GABA_C_LEFT,3.0413812651491097
5.5,8.25,5.6263024366428275e-05,GABA_C_LEFT,2.7950849718747373
5.5,8.5,5.664194449693007e-05,GABA_C_LEFT,2.5495097567963922
5.5,8.75,2.5194357486434663e-50,GABA_C_LEFT,2.3048861143232218
5.5,9.0,2.533602525856309e-50,GABA_C_LEFT,2.0615528128088303
5.5,9.25,8.86134949596327e-26,GABA_C_LEFT,1.8200274723201295
5.5,9.5,8.901335639277091e-26,GABA_C_LEFT,1.5811388300841898
5.5,9.75,8.936563513004495e-26,GABA_C_LEFT,1.346291201783626
5.5,10.0,1.8860495225264843e-09,GABA_C_LEFT,1.118033988749895
5.5,10.25,1.8914226111950625e-09,GABA_C_LEFT,0.9013878188659973
5.5,10.5,1.895763332077477e-09,GABA_C_LEFT,0.7071067811865476
5.5,10.75,2.454194846393667e-07,GABA_C_LEFT,0.5590169943749475
5.5,11.0,2.4571105551998644e-07,GABA_C_LEFT,0.5
5.5,11.25,2.0867285777653195e-07,GABA_C_LEFT,0.5590169943749475
5.5,11.5,2.0869004704840638e-07,GABA_C_LEFT,0.7071067811865476
5.5,11.75,2.0859196144067033e-07,GABA_C_LEFT,0.9013878188659973
5.5,12.0,0.0004058400653207138,GABA_C_LEFT,1.118033988749895
5.5,12.25,0.0004052013331752531,GABA_C_LEFT,1.346291201783626
5.5,12.5,0.00040434015169224887,GABA_C_LEFT,1.5811388300841898
5.5,12.75,0.0004935920241183485,GABA_C_LEFT,1.8200274723201295
5.5,13.0,0.0004919990372351297,GABA_C_LEFT,2.0615528128088303
5.5,13.25,0.0004901403202280062,GABA_C_LEFT,2.3048861143232218
5.5,13.5,0.014815604596288147,GABA_C_LEFT,2.5495097567963922
5.5,13.75,0.01474333289048853,GABA_C_LEFT,2.7950849718747373
5.5,14.0,2.2219661322731593e-06,GABA_C_LEFT,3.0413812651491097
5.5,14.25,2.2086853125438407e-06,GABA_C_LEFT,3.2882366094914763
5.5,14.5,2.1942712306295576e-06,VASOPRESSIN_SPARE,3.5089172119045497
5.5,14.75,0.017874678647570138,VASOPRESSIN_SPARE,3.5
5.5,15.0,0.01773841552427086,VASOPRESSIN_SPARE,3.5089172119045497
5.5,15.25,0.01702554294362618,VASOPRESSIN_SPARE,3.5355339059327378
5.5,15.5,0.016877093918778563,VASOPRESSIN_SPARE,3.5794552658190883
5.5,15.75,0.016720698720225167,VASOPRESSIN_SPARE,3.640054944640259
5.5,16.0,0.016556602947460145,VASOPRESSIN_SPARE,3.7165171868296265
5.75,0.0,1.7351622175940092e-29,GABA_C_RIGHT,10.547511554864494
5.75,0.25,1.7789889817902043e-29,GABA_C_RIGHT,10.335013304297194
5.75,0.5,0.006671754610592629,GABA_C_RIGHT,10.124228365658293
5.75,0.75,0.006832715777335882,GABA_C_RIGHT,9.91526600752597
5.75,1.0,0.006993695258061694,GABA_C_RIGHT,9.7082439194738
5.75,1.25,0.001298356399926523,GABA_C_RIGHT,9.503288904374106
5.75,1.5,0.0013274781682262743,GABA_C_RIGHT,9.300537618869138
5.75,1.75,3.5561248680124797e-09,GABA_C_RIGHT,9.100137361600648
5.75,2.0,3.631872400706634e-09,GABA_C_RIGHT,8.902246907382429
5.75,2.25,3.707184660868274e-09,GABA_C_RIGHT,8.707037383633999
5.75,2.5,2.0844545867581384e-15,GABA_C_RIGHT,8.514693182963201
5.75,2.75,2.1253291102330594e-15,GABA_C_LEFT,8.284020762890446
5.75,3.0,2.1658082385133663e-15,GABA_C_LEFT,8.035079339994098
5.75,3.25,0.0012782222306054584,GABA_C_LEFT,7.786205751198718
5.75,3.5,0.001301128807942106,GABA_C_LEFT,7.5374067158406675
5.75,3.75,0.0013237143483945132,GABA_C_LEFT,7.2886898685566255
5.75,4.0,0.019576816508362675,GABA_C_LEFT,7.0400639201643616
5.75,4.25,0.019894643879017522,GABA_C_LEFT,6.791538853603062
5.75,4.5,0.024416489297979578,GABA_C_LEFT,6.5431261641512
5.75,4.75,0.024785485721788063,GABA_C_LEFT,6.294839156007086
5.75,5.0,0.02514616185875416,GABA_C_LEFT,6.046693311223912
5.75,5.25,2.606582560919464e-06,GABA_C_LEFT,5.798706752371601
5.75,5.5,2.6415928062611633e-06,GABA_C_LEFT,5.55090082779363
5.75,5.75,2.6755946497322018e-06,GABA_C_LEFT,5.303300858899107
5.75,6.0,0.020761560439280013,GABA_C_LEFT,5.055937104039171
5.75,6.25,0.02100557397307995,GABA_C_LEFT,4.808846015417836
5.75,6.5,0.006600463469925522,GABA_C_LEFT,4.562071897723665
5.75,6.75,0.0066706646517896455,GABA_C_LEFT,4.315669125408017
5.75,7.0,0.006737888851098537,GABA_C_LEFT,4.0697051490249265
5.75,7.25,0.00028012349747608654,GABA_C_LEFT,3.824264635194589
5.75,7.5,0.0002826339901135608,GABA_C_LEFT,3.5794552658190883
5.75,7.75,0.0002850094743354063,GABA_C_LEFT,3.3354160160315836
5.75,8.0,5.586158280869919e-05,GABA_C_LEFT,3.092329219213245
5.75,8.25,5.62688785777878e-05,GABA_C_LEFT,2.850438562747845
5.75,8.5,5.664783813522332e-05,GABA_C_LEFT,2.6100766272276377
5.75,8.75,2.5196978978888263e-50,GABA_C_LEFT,2.3717082451262845
5.75,9.0,2.533866149165835e-50,GABA_C_LEFT,2.1360009363293826
5.75,9.25,8.862271526256952e-26,GABA_C_LEFT,1.9039432764659772
5.75,9.5,8.902261830160024e-26,GABA_C_LEFT,1.6770509831248424
5.75,9.75,8.937493369375036e-26,GABA_C_LEFT,1.4577379737113252
5.75,10.0,1.8862457674433503e-09,GABA_C_LEFT,1.25
5.75,10.25,1.891619415185975e-09,GABA_C_LEFT,1.0606601717798212
5.75,10.5,1.8959605877237674e-09,GABA_C_LEFT,0.9013878188659973
5.75,10.75,2.454450207272504e-07,GABA_C_LEFT,0.7905694150420949
5.75,11.0,2.4573662194604665e-07,GABA_C_LEFT,0.75
5.75,11.25,2.0869457034936605e-07,GABA_C_LEFT,0.7905694150420949
5.75,11.5,2.0871176140979753e-07,GABA_C_LEFT,0.9013878188659973
5.75,11.75,2.0861366559617789e-07,GABA_C_LEFT,1.0606601717798212
5.75,12.0,0.0004058822932945441,GABA_C_LEFT,1.25
5.75,12.25,0.0004052434946885079,GABA_C_LEFT,1.4577379737113252
5.75,12.5,0.0004043822235989017,GABA_C_LEFT,1.6770509831248424
5.75,12.75,0.0004936433827516093,GABA_C_LEFT,1.9039432764659772
5.75,13.0,0.0004920502301168685,GABA_C_LEFT,2.1360009363293826
5.75,13.25,0.0004901913197087977,GABA_C_LEFT,2.3717082451262845
5.75,13.5,0.014817146171447013,GABA_C_LEFT,2.6100766272276377
5.75,13.75,0.014744866945720308,GABA_C_LEFT,2.850438562747845
5.75,14.0,2.222197329574025e-06,GABA_C_LEFT,3.092329219213245
5.75,14.25,2.2089151279651043e-06,TIME_SENSOR,3.2596012026013246
5.75,14.5,2.194499546254409e-06,TIME_SENSOR,3.2882366094914763
5.75,14.75,0.01787653852175865,TIME_SENSOR,3.3354160160315836
5.75,15.0,0.017740261220175618,TIME_SENSOR,3.400367627183861
5.75,15.25,0.01702731446458555,TIME_SENSOR,3.48209706929603
5.75,15.5,0.016878849993501668,TIME_SENSOR,3.5794552658190883
5.75,15.75,0.016722438521906455,TIME_SENSOR,3.69120576505835
5.75,16.0,0.0165583256748489,TIME_SENSOR,3.816084380618437
6.0,0.0,1.7353253177908558e-29,GABA_C_RIGHT,10.419332992087353
6.0,0.25,1.7791562015752917e-29,GABA_C_RIGHT,10.204165815979275
6.0,0.5,0.006672381736102432,GABA_C_RIGHT,9.990620601344043
6.0,0.75,0.0068333580327267504,GABA_C_RIGHT,9.778803607803972
6.0,1.0,0.006994352645055089,GABA_C_RIGHT,9.56882960450232
6.0,1.25,0.0012984784416481892,GABA_C_RIGHT,9.360822613424528
6.0,1.5,0.0013276029473093779,GABA_C_RIGHT,9.154916711800277
6.0,1.75,3.5564591333970666e-09,GABA_C_RIGHT,8.951256894984079
6.0,2.0,3.6322137861387692e-09,GABA_C_RIGHT,8.75
6.0,2.25,3.707533125433606e-09,GABA_C_RIGHT,8.551315688243536
6.0,2.5,2.0846505194207856e-15,GABA_C_RIGHT,8.355387483534201
6.0,2.75,2.125528884981915e-15,GABA_C_RIGHT,8.162413858657255
6.0,3.0,2.1660118181824325e-15,GABA_C_RIGHT,7.9726093595509875
6.0,3.25,0.0012783423797738255,GABA_C_RIGHT,7.786205751198718
6.0,3.5,0.0013012511102620543,GABA_C_LEFT,7.566372975210778
6.0,3.75,0.0013238387736895104,GABA_C_LEFT,7.318640584152224
6.0,4.0,0.019578656672120144,GABA_C_LEFT,7.0710678118654755
6.0,4.25,0.01989651391762254,GABA_C_LEFT,6.823672031978091
6.0,4.5,0.02441878437688945,GABA_C_LEFT,6.576473218982953
6.0,4.75,0.02478781548528751,GABA_C_LEFT,6.329494450586082
6.0,5.0,0.02514852552476043,GABA_C_LEFT,6.082762530298219
6.0,5.25,2.6068275720916026e-06,GABA_C_LEFT,5.836308764964376
6.0,5.5,2.641841108294438e-06,GABA_C_LEFT,5.5901699437494745
6.0,5.75,2.6758461478397723e-06,GABA_C_LEFT,5.344389581607987
6.0,6.0,0.020763511965517824,GABA_C_LEFT,5.0990195135927845
6.0,6.25,0.021007548435879538,GABA_C_LEFT,4.8541219597369
6.0,6.5,0.006601083894275655,GABA_C_LEFT,4.6097722286464435
6.0,6.75,0.006671291674846495,GABA_C_LEFT,4.366062299143245
6.0,7.0,0.006738522193034412,GABA_C_LEFT,4.123105625617661
6.0,7.25,0.00028014982826932107,GABA_C_LEFT,3.881043674065006
6.0,7.5,0.0002826605568857944,GABA_C_LEFT,3.640054944640259
6.0,7.75,0.00028503626439624097,GABA_C_LEFT,3.400367627183861
6.0,8.0,5.586683363485243e-05,GABA_C_LEFT,3.1622776601683795
6.0,8.25,5.627416768855758e-05,GABA_C_LEFT,2.9261749776799064
6.0,8.5,5.6653162867088225e-05,GABA_C_LEFT,2.692582403567252
6.0,8.75,2.5199347421555886e-50,GABA_C_LEFT,2.462214450449026
6.0,9.0,2.5341043252069694e-50,GABA_C_LEFT,2.23606797749979
6.0,9.25,8.86310455397954e-26,GABA_C_LEFT,2.0155644370746373
6.0,9.5,8.903098616854755e-26,GABA_C_LEFT,1.8027756377319946
6.0,9.75,8.938333467731882e-26,GABA_C_LEFT,1.6007810593582121
6.0,10.0,1.886423069054031e-09,GABA_C_LEFT,1.4142135623730951
6.0,10.25,1.8917972219038993e-09,GABA_C_LEFT,1.25
6.0,10.5,1.8961388024992713e-09,GABA_C_LEFT,1.118033988749895
6.0,10.75,2.454680918446306e-07,GABA_C_LEFT,1.0307764064044151
6.0,11.0,2.457597204730924e-07,GABA_C_LEFT,1.0
6.0,11.25,2.0871418703140286e-07,GABA_C_LEFT,1.0307764064044151
6.0,11.5,2.0873137970774398e-07,GABA_C_LEFT,1.118033988749895
6.0,11.75,2.0863327467340342e-07,GABA_C_LEFT,1.25
6.0,12.0,0.0004059204450484617,GABA_C_LEFT,1.4142135623730951
6.0,12.25,0.00040528158639721633,GABA_C_LEFT,1.6007810593582121
6.0,12.5,0.00040442023435063526,GABA_C_LEFT,1.8027756377319946
6.0,12.75,0.0004936897837924355,GABA_C_LEFT,2.0155644370746373
6.0,13.0,0.0004920964814059854,GABA_C_LEFT,2.23606797749979
6.0,13.25,0.000490237396265748,GABA_C_LEFT,2.462214450449026
6.0,13.5,0.014818538940049721,GABA_C_LEFT,2.692582403567252
6.0,13.75,0.014746252920286227,GABA_C_LEFT,2.9261749776799064
6.0,14.0,2.2224062096534843e-06,TIME_SENSOR,3.0
6.0,14.25,2.209122759556281e-06,TIME_SENSOR,3.010398644698074
6.0,14.5,2.1947058228228735e-06,TIME_SENSOR,3.0413812651491097
6.0,14.75,0.017878218864335427,TIME_SENSOR,3.092329219213245
6.0,15.0,0.01774192875308279,TIME_SENSOR,3.1622776601683795
6.0,15.25,0.017028914982573314,TIME_SENSOR,3.25
6.0,15.5,0.016880436556261376,TIME_SENSOR,3.3541019662496847
6.0,15.75,0.016724010382443196,TIME_SENSOR,3.473110997362451
6.0,16.0,0.016559882109255804,TIME_SENSOR,3.605551275463989
6.25,0.0,1.7354709870754557e-29,GABA_C_RIGHT,10.295630140987
6.25,0.25,1.77930555017778e-29,GABA_C_RIGHT,10.077822185373186
6.25,0.5,0.006672941839193253,GABA_C_RIGHT,9.86154146165801
6.25,0.75,0.006833931648731678,GABA_C_RIGHT,9.64689069078737
6.25,1.0,0.006994939775511608,GABA_C_RIGHT,9.433981132056603
6.25,1.25,0.0012985874404760885,GABA_C_RIGHT,9.222933372848358
6.25,1.5,0.0013277143909502815,GABA_C_RIGHT,9.013878188659973
6.25,1.75,3.5567576750320893e-09,GABA_C_RIGHT,8.806957476904268
6.25,2.0,3.6325186868846504e-09,GABA_C_RIGHT,8.602325267042627
6.25,2.25,3.7078443487486094e-09,GABA_C_RIGHT,8.40014880820572
6.25,2.5,2.0848255122862104e-15,GABA_C_RIGHT,8.200609733428363
6.25,2.75,2.1257073093205084e-15,GABA_C_RIGHT,8.00390529679106
6.25,3.0,2.1661936408002173e-15,GABA_C_RIGHT,7.810249675906654
6.25,3.25,0.0012784496883101707,GABA_C_RIGHT,7.6198753270640855
6.25,3.5,0.0013013603418374673,GABA_C_RIGHT,7.433034373659253
6.25,3.75,0.0013239499013524977,GABA_C_RIGHT,7.25
6.25,4.0,0.01958030017312921,GABA_C_RIGHT,7.0710678118654755
6.25,4.25,0.01989818410068199,GABA_C_LEFT,6.864765108872991
6.25,4.5,0.024420834175169066,GABA_C_LEFT,6.619101147436863
6.25,4.75,0.024789896261330775,GABA_C_LEFT,6.373774391990981
6.25,5.0,0.025150636580067685,GABA_C_LEFT,6.128825336065631
6.25,5.25,2.607046398327588e-06,GABA_C_LEFT,5.88430114796991
6.25,5.5,2.6420628736892756e-06,GABA_C_LEFT,5.640257086339239
6.25,5.75,2.6760707677367213e-06,GABA_C_LEFT,5.3967582862307255
6.25,6.0,0.0207652549274298,GABA_C_LEFT,5.153882032022076
6.25,6.25,0.021009311883067497,GABA_C_LEFT,4.911720676097125
6.25,6.5,0.006601638012375935,GABA_C_LEFT,4.670385423067351
6.25,6.75,0.0066718516864337565,GABA_C_LEFT,4.430011286667337
6.25,7.0,0.006739087848186822,GABA_C_LEFT,4.190763653560053
6.25,7.25,0.00028017334502704154,GABA_C_LEFT,3.952847075210474
6.25,7.5,0.00028268428440286796,GABA_C_LEFT,3.7165171868296265
6.25,7.75,0.00028506019133852316,GABA_C_LEFT,3.48209706929603
6.25,8.0,5.587152329252354e-05,GABA_C_LEFT,3.25
6.25,8.25,5.627889153927571e-05,GABA_C_LEFT,3.020761493398643
6.25,8.5,5.665791853198895e-05,GABA_C_LEFT,2.7950849718747373
6.25,8.75,2.5201462743031143e-50,GABA_C_LEFT,2.57390753524675
6.25,9.0,2.534317046798921e-50,GABA_C_LEFT,2.358495283014151
6.25,9.25,8.863848554016003e-26,GABA_C_LEFT,2.1505813167606567
6.25,9.5,8.903845974132921e-26,GABA_C_LEFT,1.9525624189766635
6.25,9.75,8.93908378274683e-26,GABA_C_LEFT,1.7677669529663689
6.25,10.0,1.8865814220130437e-09,GABA_C_LEFT,1.6007810593582121
6.25,10.25,1.891956025988123e-09,GABA_C_LEFT,1.4577379737113252
6.25,10.5,1.8962979710309756e-09,GABA_C_LEFT,1.346291201783626
6.25,10.75,2.454886972959338e-07,GABA_C_LEFT,1.2747548783981961
6.25,11.0,2.457803504047241e-07,GABA_C_LEFT,1.25
6.25,11.25,2.0873170723121727e-07,GABA_C_LEFT,1.2747548783981961
6.25,11.5,2.0874890135077185e-07,GABA_C_LEFT,1.346291201783626
6.25,11.75,2.0865078808115113e-07,GABA_C_LEFT,1.4577379737113252
6.25,12.0,0.0004059545194322262,GABA_C_LEFT,1.6007810593582121
6.25,12.25,0.00040531560715294826,GABA_C_LEFT,1.7677669529663689
6.25,12.5,0.0004044541828014597,GABA_C_LEFT,1.9525624189766635
6.25,12.75,0.0004937312258418784,GABA_C_LEFT,2.1505813167606567
6.25,13.0,0.0004921377897080458,GABA_C_LEFT,2.358495283014151
6.25,13.25,0.000490278548509691,GABA_C_LEFT,2.57390753524675
6.25,13.5,0.014819782860105563,TIME_SENSOR,2.7950849718747373
6.25,13.75,0.01474749077240041,TIME_SENSOR,2.7613402542968153
6.25,14.0,2.2225927662139926e-06,TIME_SENSOR,2.75
6.25,14.25,2.2093082010574675e-06,TIME_SENSOR,2.7613402542968153
6.25,14.5,2.1948900541158996e-06,TIME_SENSOR,2.7950849718747373
6.25,14.75,0.01787971962463967,TIME_SENSOR,2.850438562747845
6.25,15.0,0.017743418072717784,TIME_SENSOR,2.9261749776799064
6.25,15.25,0.017030344449335304,TIME_SENSOR,3.020761493398643
6.25,15.5,0.016881853559224263,TIME_SENSOR,3.132491021535417
6.25,15.75,0.016725414254445223,TIME_SENSOR,3.2596012026013246
6.25,16.0,0.01656127220375577,TIME_SENSOR,3.400367627183861
6.5,0.0,1.7355992210557517e-29,GABA_C_RIGHT,10.17656621852381
6.5,0.25,1.7794370230946778e-29,GABA_C_RIGHT,9.956153875869939
6.5,0.5,0.006673434902977492,GABA_C_RIGHT,9.737171047075224
6.5,0.75,0.006834436608055639,GABA_C_RIGHT,9.519716382329886
6.5,1.0,0.006995456631728754,GABA_C_RIGHT,9.303897032964198
6.5,1.25,0.0012986833931238105,GABA_C_RIGHT,9.089829481348922
6.5,1.5,0.0013278124957888618,GABA_C_RIGHT,8.877640452282352
6.5,1.75,3.5570204839162567e-09,GABA_C_RIGHT,8.667467911679857
6.5,2.0,3.6327870937512516e-09,GABA_C_RIGHT,8.459462157844316
6.5,2.25,3.708118321429627e-09,GABA_C_RIGHT,8.253787009609589
6.5,2.5,2.084979560078224e-15,GABA_C_RIGHT,8.050621094052309
6.5,2.75,2.12586437786919e-15,GABA_C_RIGHT,7.850159234053791
6.5,3.0,2.1663537008846096e-15,GABA_C_RIGHT,7.652613932506983
6.5,3.25,0.0012785441529790482,GABA_C_RIGHT,7.458216945088149
6.5,3.5,0.0013014564993749174,GABA_C_RIGHT,7.267220926874317
6.5,3.75,0.0013240477280328784,GABA_C_RIGHT,7.079901129253148
6.5,4.0,0.019581746961836885,GABA_C_RIGHT,6.896557112066861
6.5,4.25,0.01989965437783839,GABA_C_RIGHT,6.7175144212722016
6.5,4.5,0.024422638631015202,GABA_C_RIGHT,6.5431261641512
6.5,4.75,0.02479172798718064,GABA_C_RIGHT,6.373774391990981
6.5,5.0,0.02515249496102574,GABA_C_LEFT,6.18465843842649
6.5,5.25,2.607239033029616e-06,GABA_C_LEFT,5.942432162002357
6.5,5.5,2.6422580957592547e-06,GABA_C_LEFT,5.70087712549569
6.5,5.75,2.676268502650561e-06,GABA_C_LEFT,5.460082416960389
6.5,6.0,0.020766789272464108,GABA_C_LEFT,5.220153254455275
6.5,6.25,0.021010864261474346,GABA_C_LEFT,4.981214711292819
6.5,6.5,0.006602125807519217,GABA_C_LEFT,4.743416490252569
6.5,6.75,0.006672344669666589,GABA_C_LEFT,4.5069390943299865
6.5,7.0,0.006739585799500774,GABA_C_LEFT,4.272001872658765
6.5,7.25,0.0002801940470401972,GABA_C_LEFT,4.038873605350878
6.5,7.5,0.00028270517194937614,GABA_C_LEFT,3.8078865529319543
6.5,7.75,0.0002850812544408346,GABA_C_LEFT,3.5794552658190883
6.5,8.0,5.587565164031521e-05,GABA_C_LEFT,3.3541019662496847
6.5,8.25,5.628304998751396e-05,GABA_C_LEFT,3.132491021535417
6.5,8.5,5.666210498653804e-05,GABA_C_LEFT,2.9154759474226504
6.5,8.75,2.5203324879535234e-50,GABA_C_LEFT,2.704163456597992
6.5,9.0,2.5345043075279464e-50,GABA_C_LEFT,2.5
6.5,9.25,8.864503503934087e-26,GABA_C_LEFT,2.3048861143232218
6.5,9.5,8.904503879461048e-26,GABA_C_LEFT,2.1213203435596424
6.5,9.75,8.939744291797225e-26,GABA_C_LEFT,1.9525624189766635
6.5,10.0,1.8867208215459073e-09,GABA_C_LEFT,1.8027756377319946
6.5,10.25,1.892095822650565e-09,GABA_C_LEFT,1.6770509831248424
6.5,10.5,1.896438088519809e-09,GABA_C_LEFT,1.5811388300841898
6.5,10.75,2.4550683645988785e-07,GABA_C_LEFT,1.5206906325745548
6.5,11.0,2.4579851111893114e-07,GABA_C_LEFT,1.5
6.5,11.25,2.0874713042055986e-07,GABA_C_LEFT,1.5206906325745548
6.5,11.5,2.0876432581058823e-07,GABA_C_LEFT,1.5811388300841898
6.5,11.75,2.0866620529137637e-07,GABA_C_LEFT,1.6770509831248424
6.5,12.0,0.00040598451541846493,GABA_C_LEFT,1.8027756377319946
6.5,12.25,0.0004053455559299479,GABA_C_LEFT,1.9525624189766635
6.5,12.5,0.0004044840679277996,GABA_C_LEFT,2.1213203435596424
6.5,12.75,0.0004937677076504235,GABA_C_LEFT,2.3048861143232218
6.5,13.0,0.0004921741537775684,GABA_C_LEFT,2.5
6.5,13.25,0.0004903147751998502,TIME_SENSOR,2.6100766272276377
6.5,13.5,0.014820877894109259,TIME_SENSOR,2.5495097567963922
6.5,13.75,0.014748580464740535,TIME_SENSOR,2.5124689052802225
6.5,14.0,2.222756993630706e-06,TIME_SENSOR,2.5
6.5,14.25,2.209471446877439e-06,TIME_SENSOR,2.5124689052802225
6.5,14.5,2.1950522345787523e-06,TIME_SENSOR,2.5495097567963922
6.5,14.75,0.017881040757422136,TIME_SENSOR,2.6100766272276377
6.5,15.0,0.017744729134176292,TIME_SENSOR,2.692582403567252
6.5,15.25,0.01703160282177184,TIME_SENSOR,2.7950849718747373
6.5,15.5,0.016883100959666445,TIME_SENSOR,2.9154759474226504
6.5,15.75,0.016726650095584553,TIME_SENSOR,3.0516389039334255
6.5,16.0,0.016562495916436232,TIME_SENSOR,3.2015621187164243
6.75,0.0,0.0009885667748112201,GABA_C_RIGHT,10.062305898749054
6.75,0.25,0.0010135360154346817,GABA_C_RIGHT,9.839334327077214
6.75,0.5,0.017872254823270893,GABA_C_RIGHT,9.617692030835672
6.75,0.75,0.018303436597270656,GABA_C_RIGHT,9.39747306460625
6.75,1.0,0.01873466743065318,GABA_C_RIGHT,9.17877987534291
6.75,1.25,0.004405414648486417,GABA_C_RIGHT,8.96172416446746
6.75,1.5,0.004504226858034436,GABA_C_RIGHT,8.74642784226795
6.75,1.75,0.013760893582014955,GABA_C_RIGHT,8.533024082938006
6.75,2.0,0.014054008637079667,GABA_C_RIGHT,8.32165848854662
6.75,2.25,0.014345439347746632,GABA_C_RIGHT,8.112490369793976
6.75,2.5,1.048588481168635e-15,GABA_C_RIGHT,7.905694150420948
6.75,2.75,1.0691504808213686e-15,GABA_C_RIGHT,7.7014609003746815
6.75,3.0,1.0895135762383292e-15,GABA_C_RIGHT,7.5
6.75,3.25,1.4193184461758259e-11,GABA_C_RIGHT,7.301540933255117
6.75,3.5,1.4447535598627917e-11,GABA_C_RIGHT,7.106335201775948
6.75,3.75,1.4698321990957894e-11,GABA_C_RIGHT,6.914658342969665
6.75,4.0,0.020770344812612203,GABA_C_RIGHT,6.726812023536855
6.75,4.25,0.021107548978395087,GABA_C_RIGHT,6.5431261641512
6.75,4.5,6.023366724418138e-08,GABA_C_RIGHT,6.363961030678928
6.75,4.75,6.11439540399089e-08,GABA_C_RIGHT,6.189709201569974
6.75,5.0,6.203371530541277e-08,GABA_C_RIGHT,6.020797289396148
6.75,5.25,4.379414759554529e-09,GABA_C_RIGHT,5.8576872569299905
6.75,5.5,4.4382367541016635e-09,GABA_C_RIGHT,5.70087712549569
6.75,5.75,4.495364495759154e-09,GABA_C_LEFT,5.533985905294664
6.75,6.0,0.0008507213855646112,GABA_C_LEFT,5.297405025104273
6.75,6.25,0.0008607200334108518,GABA_C_LEFT,5.062114182829147
6.75,6.5,0.004715494073551427,GABA_C_LEFT,4.828301978956992
6.75,6.75,0.00476564710576574,GABA_C_LEFT,4.596194077712559
6.75,7.0,0.004813673326179608,GABA_C_LEFT,4.366062299143245
6.75,7.25,0.012036036916909913,GABA_C_LEFT,4.138236339311712
6.75,7.5,0.012143904990586417,GABA_C_LEFT,3.913118960624632
6.75,7.75,0.012245972171837824,GABA_C_LEFT,3.69120576505835
6.75,8.0,7.157248974199571e-17,GABA_C_LEFT,3.473110997362451
6.75,8.25,7.209433625599234e-17,GABA_C_LEFT,3.2596012026013246
6.75,8.5,7.25798770816089e-17,GABA_C_LEFT,3.0516389039334255
6.75,8.75,1.4837890771006512e-05,GABA_C_LEFT,2.850438562747845
6.75,9.0,1.4921324171907696e-05,GABA_C_LEFT,2.6575364531836625
6.75,9.25,1.9052843657172073e-25,GABA_C_LEFT,2.4748737341529163
6.75,9.5,1.9138818117084592e-25,GABA_C_LEFT,2.3048861143232218
6.75,9.75,1.9214561791432228e-25,GABA_C_LEFT,2.1505813167606567
6.75,10.0,0.002489117485836422,GABA_C_LEFT,2.0155644370746373
6.75,10.25,0.002496208629943811,GABA_C_LEFT,1.9039432764659772
6.75,10.5,0.002501937304679287,GABA_C_LEFT,1.8200274723201295
6.75,10.75,3.788458275721563e-39,GABA_C_LEFT,1.7677669529663689
6.75,11.0,3.792959157618803e-39,GABA_C_LEFT,1.75
6.75,11.25,0.0011046243181022407,GABA_C_LEFT,1.7677669529663689
6.75,11.5,0.0011047153107110795,GABA_C_LEFT,1.8200274723201295
6.75,11.75,0.0011041960877095087,GABA_C_LEFT,1.9039432764659772
6.75,12.0,0.0181199611119779,GABA_C_LEFT,2.0155644370746373
6.75,12.25,0.01809144297730933,GABA_C_LEFT,2.1505813167606567
6.75,12.5,0.01805299291701264,GABA_C_LEFT,2.3048861143232218
6.75,12.75,2.1183713919808683e-15,GABA_C_LEFT,2.4748737341529163
6.75,13.0,2.1115346975524294e-15,TIME_SENSOR,2.462214450449026
6.75,13.25,2.1035575570370178e-15,TIME_SENSOR,2.3717082451262845
6.75,13.5,1.270562351563667e-09,TIME_SENSOR,2.3048861143232218
6.75,13.75,1.2643644466536451e-09,TIME_SENSOR,2.2638462845343543
6.75,14.0,8.808741086779404e-50,TIME_SENSOR,2.25
6.75,14.25,8.756090733240452e-50,TIME_SENSOR,2.2638462845343543
6.75,14.5,8.698947686034484e-50,TIME_SENSOR,2.3048861143232218
6.75,14.75,2.3277096164945876e-23,TIME_SENSOR,2.3717082451262845
6.75,15.0,2.3099649068563846e-23,TIME_SENSOR,2.462214450449026
6.75,15.25,3.013896675106064e-23,TIME_SENSOR,2.57390753524675
6.75,15.5,2.9876179230044496e-23,TIME_SENSOR,2.704163456597992
6.75,15.75,2.9599325228687016e-23,TIME_SENSOR,2.850438562747845
6.75,16.0,2.930883951227079e-23,TIME_SENSOR,3.010398644698074
7.0,0.0,0.0009886199432431427,GABA_C_RIGHT,9.95301461869719
7.0,0.25,0.0010135905267959888,GABA_C_RIGHT,9.72753822917186
7.0,0.5,0.017873216052990613,GABA_C_RIGHT,9.503288904374106
7.0,0.75,0.018304421017390236,GABA_C_RIGHT,9.280355596635292
7.0,1.0,0.018735675043811198,GABA_C_RIGHT,9.058835465996719
7.0,1.25,0.004405651586440229,GABA_C_RIGHT,8.838834764831844
7.0,1.5,0.004504469110439805,GABA_C_RIGHT,8.620469824783333
7.0,1.75,0.013761633688957907,GABA_C_RIGHT,8.403868156985805
7.0,2.0,0.014054764508731941,GABA_C_RIGHT,8.1891696770796
7.0,2.25,0.014346210893518545,GABA_C_RIGHT,7.976528066771908
7.0,2.5,1.0486448777689421e-15,GABA_C_RIGHT,7.766112283504533
7.0,2.75,1.0692079833148803e-15,GABA_C_RIGHT,7.558108228915487
7.0,3.0,1.0895721739273098e-15,GABA_C_RIGHT,7.352720584926371
7.0,3.25,1.4193947818752492e-11,GABA_C_RIGHT,7.1501748230375455
7.0,3.5,1.4448312635478133e-11,GABA_C_RIGHT,6.950719387228922
7.0,3.75,1.4699112515940187e-11,GABA_C_RIGHT,6.754628043053148
7.0,4.0,0.020771461911317436,GABA_C_RIGHT,6.562202374203344
7.0,4.25,0.021108684213069676,GABA_C_RIGHT,6.373774391990981
7.0,4.5,6.023690681253217e-08,GABA_C_RIGHT,6.189709201569974
7.0,4.75,6.114724256653218e-08,GABA_C_RIGHT,6.010407640085654
7.0,5.0,6.203705168637678e-08,GABA_C_RIGHT,5.836308764964376
7.0,5.25,4.3796502991472375e-09,GABA_C_RIGHT,5.667892024377317
7.0,5.5,4.438475457338238e-09,GABA_C_RIGHT,5.50567888638631
7.0,5.75,4.495606271516999e-09,GABA_C_RIGHT,5.350233639758174
7.0,6.0,0.0008507671402098471,GABA_C_RIGHT,5.202163011671203
7.0,6.25,0.0008607663258168551,GABA_C_RIGHT,5.062114182829147
7.0,6.5,0.004715747688615194,GABA_C_LEFT,4.924428900898052
7.0,6.75,0.004765903418227546,GABA_C_LEFT,4.697073557013984
7.0,7.0,0.004813932221652389,GABA_C_LEFT,4.47213595499958
7.0,7.25,0.012036684255284761,GABA_C_LEFT,4.25
7.0,7.5,0.012144558130467524,GABA_C_LEFT,4.031128874149275
7.0,7.75,0.012246630801233768,GABA_C_LEFT,3.816084380618437
7.0,8.0,7.157633915019487e-17,GABA_C_LEFT,3.605551275463989
7.0,8.25,7.209821373084472e-17,GABA_C_LEFT,3.400367627183861
7.0,8.5,7.258378067047301e-17,GABA_C_LEFT,3.2015621187164243
7.0,8.75,1.483868880246522e-05,GABA_C_LEFT,3.010398644698074
7.0,9.0,1.4922126690694128e-05,GABA_C_LEFT,2.8284271247461903
7.0,9.25,1.9053868382913146e-25,GABA_C_LEFT,2.6575364531836625
7.0,9.5,1.9139847466820052e-25,GABA_C_LEFT,2.5
7.0,9.75,1.9215595214916166e-25,GABA_C_LEFT,2.358495283014151
7.0,10.0,0.002489251358911024,GABA_C_LEFT,2.23606797749979
7.0,10.25,0.0024963428844038916,GABA_C_LEFT,2.1360009363293826
7.0,10.5,0.0025020718672466805,GABA_C_LEFT,2.0615528128088303
7.0,10.75,3.78866203169542e-39,GABA_C_LEFT,2.0155644370746373
7.0,11.0,3.7931631556651625e-39,GABA_C_LEFT,2.0
7.0,11.25,0.0011046837284975257,GABA_C_LEFT,2.0155644370746373
7.0,11.5,0.0011047747260002517,GABA_C_LEFT,2.0615528128088303
7.0,11.75,0.0011042554750731292,GABA_C_LEFT,2.1360009363293826
7.0,12.0,0.01812093566417141,GABA_C_LEFT,2.23606797749979
7.0,12.25,0.01809241599570205,GABA_C_LEFT,2.358495283014151
7.0,12.5,0.018053963867432344,TIME_SENSOR,2.5
7.0,12.75,2.11848532508889e-15,TIME_SENSOR,2.358495283014151
7.0,13.0,2.1116482629601286e-15,TIME_SENSOR,2.23606797749979
7.0,13.25,2.1036706934073837e-15,TIME_SENSOR,2.1360009363293826
7.0,13.5,1.2706306866621285e-09,TIME_SENSOR,2.0615528128088303
7.0,13.75,1.2644324484080234e-09,TIME_SENSOR,2.0155644370746373
7.0,14.0,8.809214850376089e-50,TIME_SENSOR,2.0
7.0,14.25,8.756561665124793e-50,TIME_SENSOR,2.0155644370746373
7.0,14.5,8.69941554457437e-50,TIME_SENSOR,2.0615528128088303
7.0,14.75,2.3278348085134111e-23,TIME_SENSOR,2.1360009363293826
7.0,15.0,2.3100891445052952e-23,TIME_SENSOR,2.23606797749979
7.0,15.25,3.0140587725629836e-23,TIME_SENSOR,2.358495283014151
7.0,15.5,2.9877786071020717e-23,TIME_SENSOR,2.5
7.0,15.75,2.960091717952785e-23,TIME_SENSOR,2.6575364531836625
7.0,16.0,2.931041583981694e-23,TIME_SENSOR,2.8284271247461903
7.25,0.0,0.0009886631757581791,GABA_C_RIGHT,9.848857801796104
7.25,0.25,0.0010136348512788094,GABA_C_RIGHT,9.620940702446928
7.25,0.5,0.017873997651710164,GABA_C_RIGHT,9.394147114027968
7.25,0.75,0.01830522147277481,GABA_C_RIGHT,9.168560410446124
7.25,1.0,0.018736494358006287,GABA_C_RIGHT,8.94427190999916
7.25,1.25,0.004405844246319039,GABA_C_RIGHT,8.721381771256205
7.25,1.5,0.004504666091625425,GABA_C_RIGHT,8.5
7.25,1.75,0.013762235487494797,GABA_C_RIGHT,8.280247580839598
7.25,2.0,0.01405537912592848,GABA_C_RIGHT,8.06225774829855
7.25,2.25,0.014346838255714107,GABA_C_RIGHT,7.846177413237608
7.25,2.5,1.0486907351843784e-15,GABA_C_RIGHT,7.632168761236874
7.25,2.75,1.0692547399583524e-15,GABA_C_RIGHT,7.420411039827915
7.25,3.0,1.0896198211002345e-15,GABA_C_RIGHT,7.211102550927978
7.25,3.25,1.4194568522458395e-11,GABA_C_RIGHT,7.00446286306095
7.25,3.5,1.44489444625999e-11,GABA_C_RIGHT,6.800735254367722
7.25,3.75,1.4699755310582567e-11,GABA_C_RIGHT,6.600189391222043
7.25,4.0,0.020772370250811842,GABA_C_RIGHT,6.4031242374328485
7.25,4.25,0.021109607299351598,GABA_C_RIGHT,6.209871174187111
7.25,4.5,6.02395409825156e-08,GABA_C_RIGHT,6.020797289396148
7.25,4.75,6.114991654565e-08,GABA_C_RIGHT,5.836308764964376
7.25,5.0,6.203976457699585e-08,GABA_C_RIGHT,5.656854249492381
7.25,5.25,4.379841821985418e-09,GABA_C_RIGHT,5.482928049865327
7.25,5.5,4.438669552610399e-09,GABA_C_RIGHT,5.315072906367325
7.25,5.75,4.495802865129195e-09,GABA_C_RIGHT,5.153882032022076
7.25,6.0,0.0008508043443988107,GABA_C_RIGHT,5.0
7.25,6.25,0.0008608039672718732,GABA_C_RIGHT,4.8541219597369
7.25,6.5,0.004715953909048282,GABA_C_RIGHT,4.716990566028302
7.25,6.75,0.004766111831979058,GABA_C_RIGHT,4.589389937671455
7.25,7.0,0.004814142735711487,GABA_C_RIGHT,4.47213595499958
7.25,7.25,0.012037210621495166,GABA_C_RIGHT,4.366062299143245
7.25,7.5,0.012145089214020483,GABA_C_LEFT,4.16082924427331
7.25,7.75,0.012247166348441649,GABA_C_LEFT,3.952847075210474
7.25,8.0,7.157946919544604e-17,GABA_C_LEFT,3.75
7.25,8.25,7.210136659775836e-17,GABA_C_LEFT,3.553167600887974
7.25,8.5,7.258695477130991e-17,GABA_C_LEFT,3.3634060117684275
7.25,8.75,1.4839337700801892e-05,GABA_C_LEFT,3.181980515339464
7.25,9.0,1.4922779237783571e-05,GABA_C_LEFT,3.010398644698074
7.25,9.25,1.9054701611756036e-25,GABA_C_LEFT,2.850438562747845
7.25,9.5,1.9140684455542624e-25,GABA_C_LEFT,2.704163456597992
7.25,9.75,1.9216435516100395e-25,GABA_C_LEFT,2.57390753524675
7.25,10.0,0.002489360214288198,GABA_C_LEFT,2.462214450449026
7.25,10.25,0.0024964520498946584,GABA_C_LEFT,2.3717082451262845
7.25,10.5,0.0025021812832668228,GABA_C_LEFT,2.3048861143232218
7.25,10.75,3.7888277105180784e-39,GABA_C_LEFT,2.2638462845343543
7.25,11.0,3.7933290313227226e-39,GABA_C_LEFT,2.25
7.25,11.25,0.0011047320365012525,GABA_C_LEFT,2.2638462845343543
7.25,11.5,0.0011048230379833146,GABA_C_LEFT,2.3048861143232218
7.25,11.75,0.0011043037643492623,GABA_C_LEFT,2.3717082451262845
7.25,12.0,0.018121728095710877,GABA_C_LEFT,2.462214450449026
7.25,12.25,0.01809320718007166,TIME_SENSOR,2.4748737341529163
7.25,12.5,0.01805475337028397,TIME_SENSOR,2.3048861143232218
7.25,12.75,2.118577966805555e-15,TIME_SENSOR,2.1505813167606567
7.25,13.0,2.111740605690926e-15,TIME_SENSOR,2.0155644370746373
7.25,13.25,2.103762687277734e-15,TIME_SENSOR,1.9039432764659772
7.25,13.5,1.2706862515540188e-09,TIME_SENSOR,1.8200274723201295
7.25,13.75,1.2644877422499208e-09,TIME_SENSOR,1.7677669529663689
7.25,14.0,8.809600078811019e-50,TIME_SENSOR,1.75
7.25,14.25,8.75694459102715e-50,TIME_SENSOR,1.7677669529663689
7.25,14.5,8.699795971467343e-50,TIME_SENSOR,1.8200274723201295
7.25,14.75,2.3279366051179092e-23,TIME_SENSOR,1.9039432764659772
7.25,15.0,2.310190165088946e-23,TIME_SENSOR,2.0155644370746373
7.25,15.25,3.014190577855904e-23,TIME_SENSOR,2.1505813167606567
7.25,15.5,2.987909263158972e-23,TIME_SENSOR,2.3048861143232218
7.25,15.75,2.9602211632574033e-23,TIME_SENSOR,2.4748737341529163
7.25,16.0,2.931169758919108e-23,TIME_SENSOR,2.6575364531836625
7.5,0.0,0.0009886964710526089,GABA_C_RIGHT,9.75
7.5,0.25,0.0010136689875464941,GABA_C_RIGHT,9.519716382329886
7.5,0.5,0.01787459959585964,GABA_C_RIGHT,9.290452088031023
7.5,0.75,0.018305837939285835,GABA_C_RIGHT,9.06228448019593
7.5,1.0,0.0187371253485312,GABA_C_RIGHT,8.835298523536146
7.5,1.25,0.004405992622312998,GABA_C_RIGHT,8.609587678861281
7.5,1.5,0.004504817795651131,GABA_C_RIGHT,8.38525491562421
7.5,1.75,0.013762698959477779,GABA_C_RIGHT,8.162413858657255
7.5,2.0,0.014055852470134873,GABA_C_RIGHT,7.941190087134295
7.5,2.25,0.014347321415414576,GABA_C_RIGHT,7.721722605740251
7.5,2.5,1.0487260520320673e-15,GABA_C_RIGHT,7.504165509901817
7.5,2.75,1.069290749341791e-15,GABA_C_RIGHT,7.2886898685566255
7.5,3.0,1.0896565163202546e-15,GABA_C_RIGHT,7.075485849042453
7.5,3.25,1.4195046554158016e-11,GABA_C_RIGHT,6.864765108872991
7.5,3.5,1.444943106093984e-11,GABA_C_RIGHT,6.656763477847174
7.5,3.75,1.4700250355500912e-11,GABA_C_RIGHT,6.45174395028197
7.5,4.0,0.020773069803703532,GABA_C_RIGHT,6.25
7.5,4.25,0.02111031820940425,GABA_C_RIGHT,6.051859218455102
7.5,4.5,6.024156967469563e-08,GABA_C_RIGHT,5.8576872569299905
7.5,4.75,6.11519758966258e-08,GABA_C_RIGHT,5.667892024377317
7.5,5.0,6.204185389546001e-08,GABA_C_RIGHT,5.482928049865327
7.5,5.25,4.379989322293505e-09,GABA_C_RIGHT,5.303300858899107
7.5,5.5,4.4388190340650085e-09,GABA_C_RIGHT,5.129571132170798
7.5,5.75,4.495954270667262e-09,GABA_C_RIGHT,4.962358310319802
7.5,6.0,0.000850832997009572,GABA_C_RIGHT,4.802343178074636
7.5,6.25,0.0008608329566407903,GABA_C_RIGHT,4.650268809434569
7.5,6.5,0.004716112728631908,GABA_C_RIGHT,4.5069390943299865
7.5,6.75,0.004766272340735348,GABA_C_RIGHT,4.373213921133975
7.5,7.0,0.004814304862008635,GABA_C_RIGHT,4.25
7.5,7.25,0.01203761599966802,GABA_C_RIGHT,4.138236339311712
7.5,7.5,0.012145498225229936,GABA_C_RIGHT,4.038873605350878
7.5,7.75,0.012247578797311498,GABA_C_RIGHT,3.952847075210474
7.5,8.0,7.158187978335955e-17,GABA_C_RIGHT,3.881043674065006
7.5,8.25,7.210379476165536e-17,GABA_C_LEFT,3.7165171868296265
7.5,8.5,7.258939928840142e-17,GABA_C_LEFT,3.5355339059327378
7.5,8.75,1.4839837446448345e-05,GABA_C_LEFT,3.3634060117684275
7.5,9.0,1.492328179349781e-05,GABA_C_LEFT,3.2015621187164243
7.5,9.25,1.905534331857388e-25,GABA_C_LEFT,3.0516389039334255
7.5,9.5,1.9141329058012062e-25,GABA_C_LEFT,2.9154759474226504
7.5,9.75,1.9217082669644787e-25,GABA_C_LEFT,2.7950849718747373
7.5,10.0,0.0024894440486853,GABA_C_LEFT,2.692582403567252
7.5,10.25,0.0024965361231241157,GABA_C_LEFT,2.6100766272276377
7.5,10.5,0.0025022655494401627,GABA_C_LEFT,2.5495097567963922
7.5,10.75,3.788955307193325e-39,GABA_C_LEFT,2.5124689052802225
7.5,11.0,3.793456779589336e-39,GABA_C_LEFT,2.5
7.5,11.25,0.0011047692406566448,GABA_C_LEFT,2.5124689052802225
7.5,11.5,0.0011048602452033713,GABA_C_LEFT,2.5495097567963922
7.5,11.75,0.0011043409540816966,GABA_C_LEFT,2.6100766272276377
7.5,12.0,0.01812233838269973,TIME_SENSOR,2.5
7.5,12.25,0.018093816506559196,TIME_SENSOR,2.3048861143232218
7.5,12.5,0.01805536140175926,TIME_SENSOR,2.1213203435596424
7.5,12.75,2.118649314337158e-15,TIME_SENSOR,1.9525624189766635
7.5,13.0,2.1118117229601335e-15,TIME_SENSOR,1.8027756377319946
7.5,13.25,2.1038335358739e-15,TIME_SENSOR,1.6770509831248424
7.5,13.5,1.270729044563722e-09,TIME_SENSOR,1.5811388300841898
7.5,13.75,1.2645303265118954e-09,TIME_SENSOR,1.5206906325745548
7.5,14.0,8.809896760467245e-50,TIME_SENSOR,1.5
7.5,14.25,8.757239499400004e-50,TIME_SENSOR,1.5206906325745548
7.5,14.5,8.700088955241243e-50,TIME_SENSOR,1.5811388300841898
7.5,14.75,2.3280150032383022e-23,TIME_SENSOR,1.6770509831248424
7.5,15.0,2.3102679655609588e-23,TIME_SENSOR,1.8027756377319946
7.5,15.25,3.014292087010101e-23,TIME_SENSOR,1.9525624189766635
7.5,15.5,2.988009887235084e-23,TIME_SENSOR,2.1213203435596424
7.5,15.75,2.960320854879004e-23,TIME_SENSOR,2.3048861143232218
7.5,16.0,2.931268472174077e-23,TIME_SENSOR,2.5
7.75,0.0,0.0009887198281223531,GABA_C_RIGHT,9.656603957913983
7.75,0.25,0.0010136929345696028,GABA_C_RIGHT,9.424038412485382
7.75,0.5,0.017875021867286345,GABA_C_RIGHT,9.192388155425117
7.75,0.75,0.01830627039833266,GABA_C_RIGHT,8.96172416446746
7.75,1.0,0.018737567996357285,GABA_C_RIGHT,8.73212459828649
7.75,1.25,0.00440609670994756,GABA_C_RIGHT,8.503675675847475
7.75,1.5,0.004504924217942015,GABA_C_RIGHT,8.276472678623424
7.75,1.75,0.013763024090930024,GABA_C_RIGHT,8.050621094052309
7.75,2.0,0.014056184527076583,GABA_C_RIGHT,7.826237921249264
7.75,2.25,0.014347660358049399,GABA_C_RIGHT,7.603453162872775
7.75,2.5,1.048750827246966e-15,GABA_C_RIGHT,7.3824115301167
7.75,2.75,1.0693160103792687e-15,GABA_C_RIGHT,7.163274390947201
7.75,3.0,1.0896822584807598e-15,GABA_C_RIGHT,6.946221994724902
7.75,3.25,1.4195381899435454e-11,GABA_C_RIGHT,6.73145600891813
7.75,3.5,1.4449772415823705e-11,GABA_C_RIGHT,6.519202405202649
7.75,3.75,1.4700597635766253e-11,GABA_C_RIGHT,6.309714732061981
7.75,4.0,0.020773560548896227,GABA_C_RIGHT,6.103277807866851
7.75,4.25,0.021110816921788858,GABA_C_RIGHT,5.900211860602973
7.75,4.5,6.024299282789338e-08,GABA_C_RIGHT,5.70087712549569
7.75,4.75,6.11534205573562e-08,GABA_C_RIGHT,5.50567888638631
7.75,5.0,6.204331957876214e-08,GABA_C_RIGHT,5.315072906367325
7.75,5.25,4.380092795623364e-09,GABA_C_RIGHT,5.129571132170798
7.75,5.5,4.438923897194184e-09,GABA_C_RIGHT,4.949747468305833
7.75,5.75,4.496060483565296e-09,GABA_C_RIGHT,4.7762432936357
7.75,6.0,0.0008508530971780601,GABA_C_RIGHT,4.6097722286464435
7.75,6.25,0.0008608532930493796,GABA_C_RIGHT,4.451123453691214
7.75,6.5,0.0047162241425765805,GABA_C_RIGHT,4.301162633521313
7.75,6.75,0.0047663849396559895,GABA_C_RIGHT,4.16082924427331
7.75,7.0,0.004814418595654626,GABA_C_RIGHT,4.031128874149275
7.75,7.25,0.012037900377578419,GABA_C_RIGHT,3.913118960624632
7.75,7.5,0.012145785151761415,GABA_C_RIGHT,3.8078865529319543
7.75,7.75,0.012247868135405182,GABA_C_RIGHT,3.7165171868296265
7.75,8.0,7.158357084123975e-17,GABA_C_RIGHT,3.640054944640259
7.75,8.25,7.210549814931009e-17,GABA_C_RIGHT,3.5794552658190883
7.75,8.5,7.259111414802871e-17,GABA_C_RIGHT,3.5355339059327378
7.75,8.75,1.4840188024333852e-05,GABA_C_RIGHT,3.5089172119045497
7.75,9.0,1.4923634342681375e-05,GABA_C_LEFT,3.400367627183861
7.75,9.25,1.9055793484014864e-25,GABA_C_LEFT,3.2596012026013246
7.75,9.5,1.9141781254789225e-25,GABA_C_LEFT,3.132491021535417
7.75,9.75,1.9217536656033264e-25,GABA_C_LEFT,3.020761493398643
7.75,10.0,0.002489502859574154,GABA_C_LEFT,2.9261749776799064
7.75,10.25,0.002496595101556884,GABA_C_LEFT,2.850438562747845
7.75,10.5,0.002502324663225503,GABA_C_LEFT,2.7950849718747373
7.75,10.75,3.789044817873254e-39,GABA_C_LEFT,2.7613402542968153
7.75,11.0,3.7935463966125235e-39,GABA_C_LEFT,2.75
7.75,11.25,0.0011047953398417442,GABA_C_LEFT,2.7613402542968153
7.75,11.5,0.0011048863465383718,TIME_SENSOR,2.7950849718747373
7.75,11.75,0.0011043670431489087,TIME_SENSOR,2.57390753524675
7.75,12.0,0.018122766506733674,TIME_SENSOR,2.358495283014151
7.75,12.25,0.018094243956789324,TIME_SENSOR,2.1505813167606567
7.75,12.5,0.018055787943521938,TIME_SENSOR,1.9525624189766635
7.75,12.75,2.118699365532087e-15,TIME_SENSOR,1.7677669529663689
7.75,13.0,2.1118616126230825e-15,TIME_SENSOR,1.6007810593582121
7.75,13.25,2.1038832370593155e-15,TIME_SENSOR,1.4577379737113252
7.75,13.5,1.2707590644007386e-09,TIME_SENSOR,1.346291201783626
7.75,13.75,1.2645601999097427e-09,TIME_SENSOR,1.2747548783981961
7.75,14.0,8.810104886397798e-50,TIME_SENSOR,1.25
7.75,14.25,8.757446381349866e-50,TIME_SENSOR,1.2747548783981961
7.75,14.5,8.70029448706062e-50,TIME_SENSOR,1.346291201783626
7.75,14.75,2.328070000510355e-23,TIME_SENSOR,1.4577379737113252
7.75,15.0,2.310322543575121e-23,TIME_SENSOR,1.6007810593582121
7.75,15.25,3.014363296964386e-23,TIME_SENSOR,1.7677669529663689
7.75,15.5,2.988080476295908e-23,TIME_SENSOR,1.9525624189766635
7.75,15.75,2.960390789811207e-23,TIME_SENSOR,2.1505813167606567
7.75,16.0,2.931337720769726e-23,TIME_SENSOR,2.358495283014151
8.0,0.0,0.0009887332462630237,GABA_C_RIGHT,9.56882960450232
8.0,0.25,0.0010137066916259558,GABA_C_RIGHT,9.334077351297235
8.0,0.5,0.01787526445325568,GABA_C_RIGHT,9.100137361600648
8.0,0.75,0.018306518836873464,GABA_C_RIGHT,8.8670739254841
8.0,1.0,0.01873782228813545,GABA_C_RIGHT,8.634958019585271
8.0,1.25,0.004406156506083716,GABA_C_RIGHT,8.403868156985805
8.0,1.5,0.004504985355288659,GABA_C_RIGHT,8.173891362135908
8.0,1.75,0.013763210872046426,GABA_C_RIGHT,7.945124291035352
8.0,2.0,0.014056375286739649,GABA_C_RIGHT,7.7176745202165655
8.0,2.25,0.014347855073396967,GABA_C_RIGHT,7.4916620318858484
8.0,2.5,1.0487650600819188e-15,GABA_C_RIGHT,7.267220926874317
8.0,2.75,1.0693305223089786e-15,GABA_C_RIGHT,7.044501401802686
8.0,3.0,1.0896970468054345e-15,GABA_C_RIGHT,6.823672031978091
8.0,3.25,1.4195574548177577e-11,GABA_C_RIGHT,6.604922406811453
8.0,3.5,1.4449968516957129e-11,GABA_C_RIGHT,6.388466169590319
8.0,3.75,1.4700797140905535e-11,GABA_C_RIGHT,6.174544517614234
8.0,4.0,0.020773842471590347,GABA_C_RIGHT,5.963430220938282
8.0,4.25,0.021111103421465587,GABA_C_RIGHT,5.755432216610669
8.0,4.5,6.024381039919032e-08,GABA_C_RIGHT,5.55090082779363
8.0,4.75,6.115425048427401e-08,GABA_C_RIGHT,5.350233639758174
8.0,5.0,6.204416158270107e-08,GABA_C_RIGHT,5.153882032022076
8.0,5.25,4.3801522388545104e-09,GABA_C_RIGHT,4.962358310319802
8.0,5.5,4.4389841388355325e-09,GABA_C_RIGHT,4.7762432936357
8.0,5.75,4.4961215006201944e-09,GABA_C_RIGHT,4.596194077712559
8.0,6.0,0.000850864644298107,GABA_C_RIGHT,4.422951503238533
8.0,6.25,0.0008608649758843491,GABA_C_RIGHT,4.257346591481601
8.0,6.5,0.004716288147522349,GABA_C_RIGHT,4.100304866714182
8.0,6.75,0.004766449625345294,GABA_C_RIGHT,3.952847075210474
8.0,7.0,0.004814483933219553,GABA_C_RIGHT,3.816084380618437
8.0,7.25,0.012038063746650274,GABA_C_RIGHT,3.69120576505835
8.0,7.5,0.01214594998496197,GABA_C_RIGHT,3.5794552658190883
8.0,7.75,0.012248034353997024,GABA_C_RIGHT,3.48209706929603
8.0,8.0,7.158454231808885e-17,GABA_C_RIGHT,3.400367627183861
8.0,8.25,7.210647670935285e-17,GABA_C_RIGHT,3.3354160160315836
8.0,8.5,7.259209929847617e-17,GABA_C_RIGHT,3.2882366094914763
8.0,8.75,1.4840389423885905e-05,GABA_C_RIGHT,3.2596012026013246
8.0,9.0,1.492383687470231e-05,GABA_C_RIGHT,3.25
8.0,9.25,1.9056052094503183e-25,GABA_C_RIGHT,3.2596012026013246
8.0,9.5,1.914204103223705e-25,GABA_C_RIGHT,3.2882366094914763
8.0,9.75,1.9217797461574795e-25,GABA_C_LEFT,3.25
8.0,10.0,0.002489536645181178,GABA_C_LEFT,3.1622776601683795
8.0,10.25,0.00249662898341433,GABA_C_LEFT,3.092329219213245
8.0,10.5,0.0025023586228401277,GABA_C_LEFT,3.0413812651491097
8.0,10.75,3.78909623985846e-39,GABA_C_LEFT,3.010398644698074
8.0,11.0,3.793597879689673e-39,GABA_C_LEFT,3.0
8.0,11.25,0.0011048103332694681,TIME_SENSOR,2.9261749776799064
8.0,11.5,0.0011049013412011684,TIME_SENSOR,2.692582403567252
8.0,11.75,0.0011043820307641214,TIME_SENSOR,2.462214450449026
8.0,12.0,0.018123012454901614,TIME_SENSOR,2.23606797749979
8.0,12.25,0.01809448951787128,TIME_SENSOR,2.0155644370746373
8.0,12.5,0.01805603298270863,TIME_SENSOR,1.8027756377319946
8.0,12.75,2.1187281188809298e-15,TIME_SENSOR,1.6007810593582121
8.0,13.0,2.1118902731752322e-15,TIME_SENSOR,1.4142135623730951
8.0,13.25,2.1039117893351236e-15,TIME_SENSOR,1.25
8.0,13.5,1.270776310159749e-09,TIME_SENSOR,1.118033988749895
8.0,13.75,1.2645773615425595e-09,TIME_SENSOR,1.0307764064044151
8.0,14.0,8.81022445032615e-50,TIME_SENSOR,1.0
8.0,14.25,8.757565230637721e-50,TIME_SENSOR,1.0307764064044151
8.0,14.5,8.700412560727177e-50,TIME_SENSOR,1.118033988749895
8.0,14.75,2.3281015952754942e-23,TIME_SENSOR,1.25
8.0,15.0,2.3103538974855036e-23,TIME_SENSOR,1.4142135623730951
8.0,15.25,3.0144042055712544e-23,TIME_SENSOR,1.6007810593582121
8.0,15.5,2.9881210282126656e-23,TIME_SENSOR,1.8027756377319946
8.0,15.75,2.9604309659449595e-23,TIME_SENSOR,2.0155644370746373
8.0,16.0,2.9313775026176987e-23,TIME_SENSOR,2.23606797749979
8.25,0.0,0.000988734963065669,GABA_C_RIGHT,9.486832980505138
8.25,0.25,0.0010137084517916387,GABA_C_RIGHT,9.25
8.25,0.5,0.01787529549125447,GABA_C_RIGHT,9.013878188659973
8.25,0.75,0.018306550623687638,GABA_C_RIGHT,8.77852493303972
8.25,1.0,0.018737854823850212,GABA_C_RIGHT,8.54400374531753
8.25,1.25,0.004406164156783411,GABA_C_RIGHT,8.31038506929733
8.25,1.5,0.0045049931775913935,GABA_C_RIGHT,8.077747210701755
8.25,1.75,0.013763234770015797,GABA_C_RIGHT,7.846177413237608
8.25,2.0,0.014056399693749696,GABA_C_RIGHT,7.615773105863909
8.25,2.25,0.014347879986522562,GABA_C_RIGHT,7.386643351347079
8.25,2.5,1.048766881121756e-15,GABA_C_RIGHT,7.158910531638177
8.25,2.75,1.0693323790579819e-15,GABA_C_RIGHT,6.932712311931024
8.25,3.0,1.0896989389181754e-15,GABA_C_RIGHT,6.708203932499369
8.25,3.25,1.4195599196888469e-11,GABA_C_RIGHT,6.485560885536423
8.25,3.5,1.4449993607389022e-11,GABA_C_RIGHT,6.264982043070834
8.25,3.75,1.4700822666867686e-11,GABA_C_RIGHT,6.046693311223912
8.25,4.0,0.020773878542581028,GABA_C_RIGHT,5.830951894845301
8.25,4.25,0.021111140078064663,GABA_C_RIGHT,5.618051263561058
8.25,4.5,6.024391500448548e-08,GABA_C_RIGHT,5.408326913195984
8.25,4.75,6.115435667042625e-08,GABA_C_RIGHT,5.202163011671203
8.25,5.0,6.204426931406455e-08,GABA_C_RIGHT,5.0
8.25,5.25,4.380159844401284e-09,GABA_C_RIGHT,4.802343178074636
8.25,5.5,4.4389918465360074e-09,GABA_C_RIGHT,4.6097722286464435
8.25,5.75,4.4961293075320346e-09,GABA_C_RIGHT,4.422951503238533
8.25,6.0,0.0008508661217104198,GABA_C_RIGHT,4.242640687119285
8.25,6.25,0.0008608664706608963,GABA_C_RIGHT,4.0697051490249265
8.25,6.5,0.004716296336724036,GABA_C_RIGHT,3.905124837953327
8.25,6.75,0.004766457901645657,GABA_C_RIGHT,3.75
8.25,7.0,0.004814492292925049,GABA_C_RIGHT,3.605551275463989
8.25,7.25,0.012038084649133087,GABA_C_RIGHT,3.473110997362451
8.25,7.5,0.012145971074774763,GABA_C_RIGHT,3.3541019662496847
8.25,7.75,0.012248055621065628,GABA_C_RIGHT,3.25
8.25,8.0,7.158466661504364e-17,GABA_C_RIGHT,3.1622776601683795
8.25,8.25,7.210660191257671e-17,GABA_C_RIGHT,3.092329219213245
8.25,8.5,7.25922253449185e-17,GABA_C_RIGHT,3.0413812651491097
8.25,8.75,1.4840415192231326e-05,GABA_C_RIGHT,3.010398644698074
8.25,9.0,1.4923862787943037e-05,GABA_C_RIGHT,3.0
8.25,9.25,1.9056085182781308e-25,GABA_C_RIGHT,3.010398644698074
8.25,9.5,1.9142074269823433e-25,GABA_C_RIGHT,3.0413812651491097
8.25,9.75,1.9217830830702053e-25,GABA_C_RIGHT,3.092329219213245
8.25,10.0,0.0024895409679275954,GABA_C_RIGHT,3.1622776601683795
8.25,10.25,0.0024966333184756415,GABA_C_RIGHT,3.25
8.25,10.5,0.0025023629678501895,GABA_C_LEFT,3.2882366094914763
8.25,10.75,3.7891028191157797e-39,GABA_C_LEFT,3.2596012026013246
8.25,11.0,3.793604466763487e-39,TIME_SENSOR,3.092329219213245
8.25,11.25,0.0011048122516244035,TIME_SENSOR,2.850438562747845
8.25,11.5,0.001104903259714127,TIME_SENSOR,2.6100766272276377
8.25,11.75,0.001104383948375367,TIME_SENSOR,2.3717082451262845
8.25,12.0,0.018123043923081568,TIME_SENSOR,2.1360009363293826
8.25,12.25,0.018094520936524982,TIME_SENSOR,1.9039432764659772
8.25,12.5,0.01805606433458772,TIME_SENSOR,1.6770509831248424
8.25,12.75,2.1187317977680846e-15,TIME_SENSOR,1.4577379737113252
8.25,13.0,2.111893940189385e-15,TIME_SENSOR,1.25
8.25,13.25,2.10391544249571e-15,TIME_SENSOR,1.0606601717798212
8.25,13.5,1.2707785166923393e-09,TIME_SENSOR,0.9013878188659973
8.25,13.75,1.264579557311507e-09,TIME_SENSOR,0.7905694150420949
8.25,14.0,8.810239748099033e-50,TIME_SENSOR,0.75
8.25,14.25,8.757580436974934e-50,TIME_SENSOR,0.7905694150420949
8.25,14.5,8.700427667826445e-50,TIME_SENSOR,0.9013878188659973
8.25,14.75,2.3281056377116038e-23,TIME_SENSOR,1.0606601717798212
8.25,15.0,2.3103579091051167e-23,TIME_SENSOR,1.25
8.25,15.25,3.0144094396797805e-23,TIME_SENSOR,1.4577379737113252
8.25,15.5,2.98812621668398e-23,TIME_SENSOR,1.6770509831248424
8.25,15.75,2.9604361063361947e-23,TIME_SENSOR,1.9039432764659772
8.25,16.0,2.9313825925614935e-23,TIME_SENSOR,2.1360009363293826
8.5,0.0,0.005789464428947538,GABA_C_RIGHT,9.410765112359355
8.5,0.25,0.005935694844626813,GABA_C_RIGHT,9.17196816392207
8.5,0.5,0.00046870850828449135,GABA_C_RIGHT,8.933784192602818
8.5,0.75,0.00048001645840546554,GABA_C_RIGHT,8.696263565463044
8.5,1.0,0.00049132569513243,GABA_C_RIGHT,8.459462157844316
8.5,1.25,0.00481451176601918,GABA_C_RIGHT,8.223442101699263
8.5,1.5,0.004922499908669667,GABA_C_RIGHT,7.988272654335229
8.5,1.75,2.9396637677685382e-09,GABA_C_RIGHT,7.754031209635412
8.5,2.0,3.0022803196680006e-09,GABA_C_RIGHT,7.520804478245662
8.5,2.25,3.064537054367439e-09,GABA_C_RIGHT,7.2886898685566255
8.5,2.5,0.013664838565802152,GABA_C_RIGHT,7.057797106746552
8.5,2.75,0.013932795358090715,GABA_C_RIGHT,6.8282501418738315
8.5,3.0,0.014198160099903134,GABA_C_RIGHT,6.600189391222043
8.5,3.25,6.215556525729865e-05,GABA_C_RIGHT,6.373774391990981
8.5,3.5,6.326943358815607e-05,GABA_C_RIGHT,6.149186938124422
8.5,3.75,6.436769099586522e-05,GABA_C_RIGHT,5.926634795564849
8.5,4.0,3.08662308764309e-30,GABA_C_RIGHT,5.706356105256663
8.5,4.25,3.1367340594514583e-30,GABA_C_RIGHT,5.488624600025037
8.5,4.5,0.0006347770786514557,GABA_C_RIGHT,5.273755777432247
8.5,4.75,0.0006443702052094727,GABA_C_RIGHT,5.062114182829147
8.5,5.0,0.0006537470219077509,GABA_C_RIGHT,4.8541219597369
8.5,5.25,6.605229758449891e-05,GABA_C_RIGHT,4.650268809434569
8.5,5.5,6.693947728810305e-05,GABA_C_RIGHT,4.451123453691214
8.5,5.75,6.780110350974797e-05,GABA_C_RIGHT,4.257346591481601
8.5,6.0,1.655986203538845e-05,GABA_C_RIGHT,4.0697051490249265
8.5,6.25,1.6754492418124494e-05,GABA_C_RIGHT,3.8890872965260113
8.5,6.5,4.161868803923039e-06,GABA_C_RIGHT,3.7165171868296265
8.5,6.75,4.2061335908020304e-06,GABA_C_RIGHT,3.553167600887974
8.5,7.0,4.24852126543233e-06,GABA_C_RIGHT,3.400367627183861
8.5,7.25,0.00014509849692106351,GABA_C_RIGHT,3.2596012026013246
8.5,7.5,0.00014639888304186725,GABA_C_RIGHT,3.132491021535417
8.5,7.75,0.0001476293374419981,GABA_C_RIGHT,3.020761493398643
8.5,8.0,0.0005229123894367389,GABA_C_RIGHT,2.9261749776799064
8.5,8.25,0.0005267250276240771,GABA_C_RIGHT,2.850438562747845
8.5,8.5,0.0005302724145349907,GABA_C_RIGHT,2.7950849718747373
8.5,8.75,4.487590591330205e-68,GABA_C_RIGHT,2.7613402542968153
8.5,9.0,4.512824295410198e-68,GABA_C_RIGHT,2.75
8.5,9.25,0.0037225007720670857,GABA_C_RIGHT,2.7613402542968153
8.5,9.5,0.0037392982643029453,GABA_C_RIGHT,2.7950849718747373
8.5,9.75,0.003754096889186016,GABA_C_RIGHT,2.850438562747845
8.5,10.0,0.0013474872933651044,GABA_C_RIGHT,2.9261749776799064
8.5,10.25,0.001351326094319458,GABA_C_RIGHT,3.020761493398643
8.5,10.5,0.0013544273205403174,GABA_C_RIGHT,3.132491021535417
8.5,10.75,1.939647421981352e-17,GABA_C_RIGHT,3.2596012026013246
8.5,11.0,1.9419518221708884e-17,TIME_SENSOR,3.0413812651491097
8.5,11.25,0.0019050720765759624,TIME_SENSOR,2.7950849718747373
8.5,11.5,0.0019052290054751664,TIME_SENSOR,2.5495097567963922
8.5,11.75,0.0019043335361055372,TIME_SENSOR,2.3048861143232218
8.5,12.0,0.027793960662250813,TIME_SENSOR,2.0615528128088303
8.5,12.25,0.02775021708530599,TIME_SENSOR,1.8200274723201295
8.5,12.5,0.02769123906340279,TIME_SENSOR,1.5811388300841898
8.5,12.75,3.966718775535704e-27,TIME_SENSOR,1.346291201783626
8.5,13.0,3.953916844649293e-27,TIME_SENSOR,1.118033988749895
8.5,13.25,3.938979391671333e-27,TIME_SENSOR,0.9013878188659973
8.5,13.5,7.330785034392738e-16,TIME_SENSOR,0.7071067811865476
8.5,13.75,7.295024877873808e-16,TIME_SENSOR,0.5590169943749475
8.5,14.0,0.02878971329937902,TIME_SENSOR,0.5
8.5,14.25,0.028617635522479392,TIME_SENSOR,0.5590169943749475
8.5,14.5,0.028430874221414274,TIME_SENSOR,0.7071067811865476
8.5,14.75,3.1480540144147904e-43,TIME_SENSOR,0.9013878188659973
8.5,15.0,3.1240556152951897e-43,TIME_SENSOR,1.118033988749895
8.5,15.25,4.460567234887981e-43,TIME_SENSOR,1.346291201783626
8.5,15.5,4.421674680419741e-43,TIME_SENSOR,1.5811388300841898
8.5,15.75,4.3807002867883035e-43,TIME_SENSOR,1.8200274723201295
8.5,16.0,4.337708399257733e-43,TIME_SENSOR,2.0615528128088303
8.75,0.0,0.0057878554225008,GABA_C_RIGHT,9.340770846134703
8.75,0.25,0.00593404519786102,GABA_C_RIGHT,9.100137361600648
8.75,0.5,0.00046857824493790263,GABA_C_RIGHT,8.860022573334675
8.75,0.75,0.0004798830523563233,GABA_C_RIGHT,8.620469824783333
8.75,1.0,0.0004911891460231611,GABA_C_RIGHT,8.381527307120106
8.75,1.25,0.0048131737181626826,GABA_C_RIGHT,8.143248737451165
8.75,1.5,0.004921131848776679,GABA_C_RIGHT,7.905694150420948
8.75,1.75,2.9388467771795757e-09,GABA_C_RIGHT,7.668930825088983
8.75,2.0,3.0014459267032366e-09,GABA_C_RIGHT,7.433034373659253
8.75,2.25,3.0636853590271767e-09,GABA_C_RIGHT,7.198090024443984
8.75,2.5,0.013661040837425741,GABA_C_RIGHT,6.96419413859206
8.75,2.75,0.013928923159232358,GABA_C_RIGHT,6.73145600891813
8.75,3.0,0.014194214150944824,GABA_C_RIGHT,6.5
8.75,3.25,6.213829099878526e-05,GABA_C_RIGHT,6.269968101992227
8.75,3.5,6.325184976364618e-05,GABA_C_RIGHT,6.041522986797286
8.75,3.75,6.434980194394252e-05,GABA_C_RIGHT,5.814851674806504
8.75,4.0,3.08576525415821e-30,GABA_C_RIGHT,5.5901699437494745
8.75,4.25,3.13586229913834e-30,GABA_C_RIGHT,5.367727638395972
8.75,4.5,0.0006346006615710285,GABA_C_RIGHT,5.1478150704935
8.75,4.75,0.00064419112200981,GABA_C_RIGHT,4.930770730829005
8.75,5.0,0.0006535653327056328,GABA_C_RIGHT,4.716990566028302
8.75,5.25,6.60339403471517e-05,GABA_C_RIGHT,4.5069390943299865
8.75,5.5,6.69208734860036e-05,GABA_C_RIGHT,4.301162633521313
8.75,5.75,6.778226024471332e-05,GABA_C_RIGHT,4.100304866714182
8.75,6.0,1.6555259722843126e-05,GABA_C_RIGHT,3.905124837953327
8.75,6.25,1.6749836013953874e-05,GABA_C_RIGHT,3.7165171868296265
8.75,6.5,4.160712138428644e-06,GABA_C_RIGHT,3.5355339059327378
8.75,6.75,4.204964623249591e-06,GABA_C_RIGHT,3.3634060117684275
8.75,7.0,4.247340517508393e-06,GABA_C_RIGHT,3.2015621187164243
8.75,7.25,0.00014505817118457725,GABA_C_RIGHT,3.0516389039334255
8.75,7.5,0.00014635819590240888,GABA_C_RIGHT,2.9154759474226504
8.75,7.75,0.0001475883083349732,GABA_C_RIGHT,2.7950849718747373
8.75,8.0,0.0005227670617616128,GABA_C_RIGHT,2.692582403567252
8.75,8.25,0.0005265786403415387,GABA_C_RIGHT,2.6100766272276377
8.75,8.5,0.0005301250413636056,GABA_C_RIGHT,2.5495097567963922
8.75,8.75,4.486343401321459e-68,GABA_C_RIGHT,2.5124689052802225
8.75,9.0,4.511570092456984e-68,GABA_C_RIGHT,2.5
8.75,9.25,0.0037214662156217085,GABA_C_RIGHT,2.5124689052802225
8.75,9.5,0.0037382590395028995,GABA_C_RIGHT,2.5495097567963922
8.75,9.75,0.003753053551555995,GABA_C_RIGHT,2.6100766272276377
8.75,10.0,0.0013471128000473662,GABA_C_RIGHT,2.692582403567252
8.75,10.25,0.001350950534123158,GABA_C_RIGHT,2.7950849718747373
8.75,10.5,0.0013540508984520336,GABA_C_RIGHT,2.9154759474226504
8.75,10.75,1.9391083556748444e-17,GABA_C_RIGHT,3.0516389039334255
8.75,11.0,1.9414121154260804e-17,TIME_SENSOR,3.010398644698074
8.75,11.25,0.0019045426194404479,TIME_SENSOR,2.7613402542968153
8.75,11.5,0.001904699504726013,TIME_SENSOR,2.5124689052802225
8.75,11.75,0.0019038042842249977,TIME_SENSOR,2.2638462845343543
8.75,12.0,0.027786236171940034,TIME_SENSOR,2.0155644370746373
8.75,12.25,0.027742504752198728,TIME_SENSOR,1.7677669529663689
8.75,12.5,0.027683543121452023,TIME_SENSOR,1.5206906325745548
8.75,12.75,3.9656163460863875e-27,TIME_SENSOR,1.2747548783981961
8.75,13.0,3.952817973109276e-27,TIME_SENSOR,1.0307764064044151
8.75,13.25,3.9378846715443585e-27,TIME_SENSOR,0.7905694150420949
8.75,13.5,7.328747664524634e-16,TIME_SENSOR,0.5590169943749475
8.75,13.75,7.292997446459093e-16,TIME_SENSOR,0.3535533905932738
8.75,14.0,0.02878171206975459,TIME_SENSOR,0.25
8.75,14.25,0.028609682116665914,TIME_SENSOR,0.3535533905932738
8.75,14.5,0.028422972720252963,TIME_SENSOR,0.5590169943749475
8.75,14.75,3.147179108062736e-43,TIME_SENSOR,0.7905694150420949
8.75,15.0,3.1231873785719706e-43,TIME_SENSOR,1.0307764064044151
8.75,15.25,4.4593275552034205e-43,TIME_SENSOR,1.2747548783981961
8.75,15.5,4.420445809743793e-43,TIME_SENSOR,1.5206906325745548
8.75,15.75,4.379482803705165e-43,TIME_SENSOR,1.7677669529663689
8.75,16.0,4.336502864468784e-43,TIME_SENSOR,2.0155644370746373
9.0,0.0,0.005785272196402055,GABA_C_RIGHT,9.276987657639737
9.0,0.25,0.005931396724582531,GABA_C_RIGHT,9.034655499796326
9.0,0.5,0.0004683691098674373,GABA_C_RIGHT,8.792752697534487
9.0,0.75,0.00047966887174283166,GABA_C_RIGHT,8.551315688243536
9.0,1.0,0.0004909699192925667,GABA_C_RIGHT,8.31038506929733
9.0,1.25,0.004811025510396778,GABA_C_RIGHT,8.070006195784487
9.0,1.5,0.00491893545731574,GABA_C_RIGHT,7.830229881682913
9.0,1.75,2.937535115926686e-09,GABA_C_RIGHT,7.591113225344488
9.0,2.0,3.000106326301041e-09,GABA_C_RIGHT,7.352720584926371
9.0,2.25,3.0623179800240634e-09,GABA_C_RIGHT,7.115124735378854
9.0,2.5,0.013654943664180871,GABA_C_RIGHT,6.878408246098802
9.0,2.75,0.013922706425190858,GABA_C_RIGHT,6.642665127793212
9.0,3.0,0.014187879012664873,GABA_C_RIGHT,6.408002808988148
9.0,3.25,6.211055753909734e-05,GABA_C_RIGHT,6.174544517614234
9.0,3.5,6.32236193022445e-05,GABA_C_RIGHT,5.942432162002357
9.0,3.75,6.432108144633223e-05,GABA_C_RIGHT,5.7118298293979315
9.0,4.0,3.084388020492671e-30,GABA_C_RIGHT,5.482928049865327
9.0,4.25,3.1344627062422025e-30,GABA_C_RIGHT,5.25594901040716
9.0,4.5,0.000634317427649034,GABA_C_RIGHT,5.031152949374527
9.0,4.75,0.0006439036076893096,GABA_C_RIGHT,4.808846015417836
9.0,5.0,0.0006532736345028553,GABA_C_RIGHT,4.589389937671455
9.0,5.25,6.600446818766331e-05,GABA_C_RIGHT,4.373213921133975
9.0,5.5,6.689100547197757e-05,GABA_C_RIGHT,4.16082924427331
9.0,5.75,6.775200777796799e-05,GABA_C_RIGHT,3.952847075210474
9.0,6.0,1.6547870806592507e-05,GABA_C_RIGHT,3.75
9.0,6.25,1.6742360254733505e-05,GABA_C_RIGHT,3.553167600887974
9.0,6.5,4.158855136240308e-06,GABA_C_RIGHT,3.3634060117684275
9.0,6.75,4.203087870365119e-06,GABA_C_RIGHT,3.181980515339464
9.0,7.0,4.245444851484595e-06,GABA_C_RIGHT,3.010398644698074
9.0,7.25,0.00014499342906054572,GABA_C_RIGHT,2.850438562747845
9.0,7.5,0.0001462928735534866,GABA_C_RIGHT,2.704163456597992
9.0,7.75,0.00014752243696429618,GABA_C_RIGHT,2.57390753524675
9.0,8.0,0.0005225337412276795,GABA_C_RIGHT,2.462214450449026
9.0,8.25,0.0005263436186301318,GABA_C_RIGHT,2.3717082451262845
9.0,8.5,0.0005298884368283359,GABA_C_RIGHT,2.3048861143232218
9.0,8.75,4.484341063924231e-68,GABA_C_RIGHT,2.2638462845343543
9.0,9.0,4.50955649592452e-68,GABA_C_RIGHT,2.25
9.0,9.25,0.003719805256950139,GABA_C_RIGHT,2.2638462845343543
9.0,9.5,0.003736590585885836,GABA_C_RIGHT,2.3048861143232218
9.0,9.75,0.0037513784948766805,GABA_C_RIGHT,2.3717082451262845
9.0,10.0,0.0013465115588813365,GABA_C_RIGHT,2.462214450449026
9.0,10.25,0.0013503475801059771,GABA_C_RIGHT,2.57390753524675
9.0,10.5,0.001353446560685352,GABA_C_RIGHT,2.704163456597992
9.0,10.75,1.9382428960275284e-17,GABA_C_RIGHT,2.850438562747845
9.0,11.0,1.9405456275685067e-17,TIME_SENSOR,3.0
9.0,11.25,0.0019036925871155934,TIME_SENSOR,2.75
9.0,11.5,0.0019038494023803762,TIME_SENSOR,2.5
9.0,11.75,0.0019029545814327005,TIME_SENSOR,2.25
9.0,12.0,0.027773834664779683,TIME_SENSOR,2.0
9.0,12.25,0.0277301227631736,TIME_SENSOR,1.75
9.0,12.5,0.02767118744808481,TIME_SENSOR,1.5
9.0,12.75,3.96384641873074e-27,TIME_SENSOR,1.25
9.0,13.0,3.951053757902375e-27,TIME_SENSOR,1.0
9.0,13.25,3.936127121344014e-27,TIME_SENSOR,0.75
9.0,13.5,7.325476709938499e-16,TIME_SENSOR,0.5
9.0,13.75,7.289742447851398e-16,TIME_SENSOR,0.25
9.0,14.0,0.02876886626343121,TIME_SENSOR,0.0
9.0,14.25,0.028596913090467847,TIME_SENSOR,0.25
9.0,14.5,0.02841028702588516,TIME_SENSOR,0.5
9.0,14.75,3.1457744642670798e-43,TIME_SENSOR,0.75
9.0,15.0,3.1217934427255025e-43,TIME_SENSOR,1.0
9.0,15.25,4.457337275474132e-43,TIME_SENSOR,1.25
9.0,15.5,4.418472883651094e-43,TIME_SENSOR,1.5
9.0,15.75,4.377528160153849e-43,TIME_SENSOR,1.75
9.0,16.0,4.3345674036531545e-43,TIME_SENSOR,2.0
9.25,0.0,0.0057817160555344565,GABA_C_RIGHT,9.219544457292887
9.25,0.25,0.005927750762633266,GABA_C_RIGHT,8.97566153550812
9.25,0.5,0.00046808120871496325,GABA_C_RIGHT,8.73212459828649
9.25,0.75,0.0004793740247555489,GABA_C_RIGHT,8.488963423174823
9.25,1.0,0.0004906681256801861,GABA_C_RIGHT,8.246211251235321
9.25,1.25,0.004808068227860751,GABA_C_RIGHT,8.00390529679106
9.25,1.5,0.004915911843765506,GABA_C_RIGHT,7.762087348130012
9.25,1.75,2.9357294465785353e-09,GABA_C_RIGHT,7.520804478245662
9.25,2.0,2.9982621951431787e-09,GABA_C_RIGHT,7.280109889280518
9.25,2.25,3.0604356080718647e-09,GABA_C_RIGHT,7.0400639201643616
9.25,2.5,0.013646550125975505,GABA_C_RIGHT,6.800735254367722
9.25,2.75,0.013914148296268768,GABA_C_RIGHT,6.562202374203344
9.25,3.0,0.014179157885176204,GABA_C_RIGHT,6.324555320336759
9.25,3.25,6.207237888743225e-05,GABA_C_RIGHT,6.0878978309429606
9.25,3.5,6.31847564642024e-05,GABA_C_RIGHT,5.852349955359813
9.25,3.75,6.428154401082112e-05,GABA_C_RIGHT,5.618051263561058
9.25,4.0,3.0824920823381922e-30,GABA_C_RIGHT,5.385164807134504
9.25,4.25,3.1325359877492398e-30,GABA_C_RIGHT,5.153882032022076
9.25,4.5,0.0006339275199574141,GABA_C_RIGHT,4.924428900898052
9.25,4.75,0.0006435078074821003,GABA_C_RIGHT,4.697073557013984
9.25,5.0,0.0006528720746469811,GABA_C_RIGHT,4.47213595499958
9.25,5.25,6.596389599351275e-05,GABA_C_RIGHT,4.25
9.25,5.5,6.684988833346478e-05,GABA_C_RIGHT,4.031128874149275
9.25,5.75,6.771036139115305e-05,GABA_C_RIGHT,3.816084380618437
9.25,6.0,1.6537699019051783e-05,GABA_C_RIGHT,3.605551275463989
9.25,6.25,1.6732068916746165e-05,GABA_C_RIGHT,3.400367627183861
9.25,6.5,4.156298735398598e-06,GABA_C_RIGHT,3.2015621187164243
9.25,6.75,4.2005042801659915e-06,GABA_C_RIGHT,3.010398644698074
9.25,7.0,4.242835224932039e-06,GABA_C_RIGHT,2.8284271247461903
9.25,7.25,0.00014490430325261294,GABA_C_RIGHT,2.6575364531836625
9.25,7.5,0.00014620294899183754,GABA_C_RIGHT,2.5
9.25,7.75,0.0001474317566040354,GABA_C_RIGHT,2.358495283014151
9.25,8.0,0.0005222125456937797,GABA_C_RIGHT,2.23606797749979
9.25,8.25,0.000526020081208025,GABA_C_RIGHT,2.1360009363293826
9.25,8.5,0.0005295627204468932,GABA_C_RIGHT,2.0615528128088303
9.25,8.75,4.48158459059328e-68,GABA_C_RIGHT,2.0155644370746373
9.25,9.0,4.506784522954972e-68,GABA_C_RIGHT,2.0
9.25,9.25,0.0037175187350641037,GABA_C_RIGHT,2.0155644370746373
9.25,9.5,0.0037342937462494542,GABA_C_RIGHT,2.0615528128088303
9.25,9.75,0.0037490725652812237,GABA_C_RIGHT,2.1360009363293826
9.25,10.0,0.0013456838735761904,GABA_C_RIGHT,2.23606797749979
9.25,10.25,0.0013495175368423145,GABA_C_RIGHT,2.358495283014151
9.25,10.5,0.0013526146125136555,GABA_C_RIGHT,2.5
9.25,10.75,1.937051480215117e-17,GABA_C_RIGHT,2.6575364531836625
9.25,11.0,1.9393527962932683e-17,GABA_C_RIGHT,2.8284271247461903
9.25,11.25,0.0019025224089842003,TIME_SENSOR,2.7613402542968153
9.25,11.5,0.0019026791278564277,TIME_SENSOR,2.5124689052802225
9.25,11.75,0.0019017848569449875,TIME_SENSOR,2.2638462845343543
9.25,12.0,0.027756762405230204,TIME_SENSOR,2.0155644370746373
9.25,12.25,0.02771307737283173,TIME_SENSOR,1.7677669529663689
9.25,12.5,0.027654178284609268,TIME_SENSOR,1.5206906325745548
9.25,12.75,3.9614098875246025e-27,TIME_SENSOR,1.2747548783981961
9.25,13.0,3.9486250901990135e-27,TIME_SENSOR,1.0307764064044151
9.25,13.25,3.9337076288739834e-27,TIME_SENSOR,0.7905694150420949
9.25,13.5,7.320973822914609e-16,TIME_SENSOR,0.5590169943749475
9.25,13.75,7.285261526271047e-16,TIME_SENSOR,0.3535533905932738
9.25,14.0,0.028751182369301305,TIME_SENSOR,0.25
9.25,14.25,0.02857933489399311,TIME_SENSOR,0.3535533905932738
9.25,14.5,0.028392823546324806,TIME_SENSOR,0.5590169943749475
9.25,14.75,3.1438407925654123e-43,TIME_SENSOR,0.7905694150420949
9.25,15.0,3.119874511884395e-43,TIME_SENSOR,1.0307764064044151
9.25,15.25,4.454597401064102e-43,TIME_SENSOR,1.2747548783981961
9.25,15.5,4.415756898739667e-43,TIME_SENSOR,1.5206906325745548
9.25,15.75,4.3748373434971896e-43,TIME_SENSOR,1.7677669529663689
9.25,16.0,4.331902994483768e-43,TIME_SENSOR,2.0155644370746373
9.5,0.0,0.005777188795600751,GABA_C_RIGHT,9.168560410446124
9.5,0.25,0.005923109153071869,GABA_C_RIGHT,8.923284148787374
9.5,0.5,0.00046771468685854887,GABA_C_RIGHT,8.678277478854891
9.5,0.75,0.0004789986602799004,GABA_C_RIGHT,8.4335638967165
9.5,1.0,0.0004902839175791999,GABA_C_RIGHT,8.1891696770796
9.5,1.25,0.004804303363858882,GABA_C_RIGHT,7.945124291035352
9.5,1.5,0.004912062534924647,GABA_C_RIGHT,7.7014609003746815
9.5,1.75,2.9334306809227965e-09,GABA_C_RIGHT,7.458216945088149
9.5,2.0,2.9959144644389323e-09,GABA_C_RIGHT,7.215434844830906
9.5,2.25,3.0580391936898672e-09,GABA_C_RIGHT,6.9731628404906765
9.5,2.5,0.013635864461196188,GABA_C_RIGHT,6.73145600891813
9.5,2.75,0.013903253093964077,GABA_C_RIGHT,6.490377492873585
9.5,3.0,0.01416805517228428,GABA_C_RIGHT,6.25
9.5,3.25,6.202377432241599e-05,GABA_C_RIGHT,6.010407640085654
9.5,3.5,6.313528087363144e-05,GABA_C_RIGHT,5.771698190307598
9.5,3.75,6.423120960216432e-05,GABA_C_RIGHT,5.533985905294664
9.5,4.0,3.0800783970644275e-30,GABA_C_RIGHT,5.297405025104273
9.5,4.25,3.1300831165718924e-30,GABA_C_RIGHT,5.062114182829147
9.5,4.5,0.0006334311353832825,GABA_C_RIGHT,4.828301978956992
9.5,4.75,0.0006430039212507708,GABA_C_RIGHT,4.596194077712559
9.5,5.0,0.0006523608559089812,GABA_C_RIGHT,4.366062299143245
9.5,5.25,6.591224425196508e-05,GABA_C_RIGHT,4.138236339311712
9.5,5.5,6.679754283290443e-05,GABA_C_RIGHT,3.913118960624632
9.5,5.75,6.765734211395603e-05,GABA_C_RIGHT,3.69120576505835
9.5,6.0,1.652474949654921e-05,GABA_C_RIGHT,3.473110997362451
9.5,6.25,1.671896719668811e-05,GABA_C_RIGHT,3.2596012026013246
9.5,6.5,4.153044226779264e-06,GABA_C_RIGHT,3.0516389039334255
9.5,6.75,4.197215157257448e-06,GABA_C_RIGHT,2.850438562747845
9.5,7.0,4.239512955603237e-06,GABA_C_RIGHT,2.6575364531836625
9.5,7.25,0.00014479083876559287,GABA_C_RIGHT,2.4748737341529163
9.5,7.5,0.00014608846762561296,GABA_C_RIGHT,2.3048861143232218
9.5,7.75,0.00014731631304398885,GABA_C_RIGHT,2.1505813167606567
9.5,8.0,0.0005218036373502553,GABA_C_RIGHT,2.0155644370746373
9.5,8.25,0.0005256081914481158,GABA_C_RIGHT,1.9039432764659772
9.5,8.5,0.0005291480566924587,GABA_C_RIGHT,1.8200274723201295
9.5,8.75,4.478075373232618e-68,GABA_C_RIGHT,1.7677669529663689
9.5,9.0,4.503255573279022e-68,GABA_C_RIGHT,1.75
9.5,9.25,0.0037146078045617414,GABA_C_RIGHT,1.7677669529663689
9.5,9.5,0.0037313696804019292,GABA_C_RIGHT,1.8200274723201295
9.5,9.75,0.0037461369271678466,GABA_C_RIGHT,1.9039432764659772
9.5,10.0,0.0013446301620784697,GABA_C_RIGHT,2.0155644370746373
9.5,10.25,0.0013484608234693826,GABA_C_RIGHT,2.1505813167606567
9.5,10.5,0.0013515554740360551,GABA_C_RIGHT,2.3048861143232218
9.5,10.75,1.9355347098528808e-17,GABA_C_RIGHT,2.4748737341529163
9.5,11.0,1.9378342239303842e-17,GABA_C_RIGHT,2.6575364531836625
9.5,11.25,0.0019010326759373959,TIME_SENSOR,2.7950849718747373
9.5,11.5,0.0019011892720939684,TIME_SENSOR,2.5495097567963922
9.5,11.75,0.001900295701423915,TIME_SENSOR,2.3048861143232218
9.5,12.0,0.027735028014070285,TIME_SENSOR,2.0615528128088303
9.5,12.25,0.02769137718838397,TIME_SENSOR,1.8200274723201295
9.5,12.5,0.027632524219943194,TIME_SENSOR,1.5811388300841898
9.5,12.75,3.9583079828145634e-27,TIME_SENSOR,1.346291201783626
9.5,13.0,3.945533196375039e-27,TIME_SENSOR,1.118033988749895
9.5,13.25,3.930627415877002e-27,TIME_SENSOR,0.9013878188659973
9.5,13.5,7.315241277223013e-16,TIME_SENSOR,0.7071067811865476
9.5,13.75,7.279556944396454e-16,TIME_SENSOR,0.5590169943749475
9.5,14.0,0.028728669316993492,TIME_SENSOR,0.5
9.5,14.25,0.02855695640349743,TIME_SENSOR,0.5590169943749475
9.5,14.5,0.028370591099900363,TIME_SENSOR,0.7071067811865476
9.5,14.75,3.141379069381254e-43,TIME_SENSOR,0.9013878188659973
9.5,15.0,3.1174315550286496e-43,TIME_SENSOR,1.118033988749895
9.5,15.25,4.451109315495576e-43,TIME_SENSOR,1.346291201783626
9.5,15.5,4.412299226468559e-43,TIME_SENSOR,1.5811388300841898
9.5,15.75,4.371411712485315e-43,TIME_SENSOR,1.8200274723201295
9.5,16.0,4.328510982376074e-43,TIME_SENSOR,2.0615528128088303
9.75,0.0,6.810522055302748e-25,GABA_C_RIGHT,9.12414379544733
9.75,0.25,6.982542366224811e-25,GABA_C_RIGHT,8.877640452282352
9.75,0.5,0.0013581991505785252,GABA_C_RIGHT,8.631338250816034
9.75,0.75,0.001390966740621438,GABA_C_RIGHT,8.38525491562421
9.75,1.0,0.001423738058924308,GABA_C_RIGHT,8.139410298049853
9.75,1.25,1.1557025971505598e-07,GABA_C_RIGHT,7.893826701923472
9.75,1.5,1.1816246808400183e-07,GABA_C_RIGHT,7.648529270389178
9.75,1.75,0.01258760258937,GABA_C_RIGHT,7.403546447480424
9.75,2.0,0.012855725862333764,GABA_C_RIGHT,7.158910531638177
9.75,2.25,0.013122308402657157,GABA_C_RIGHT,6.914658342969665
9.75,2.5,1.4006832908805626e-13,GABA_C_RIGHT,6.670832032063167
9.75,2.75,1.4281495942568668e-13,GABA_C_RIGHT,6.427480066091221
9.75,3.0,1.4553502053768322e-13,GABA_C_RIGHT,6.18465843842649
9.75,3.25,0.000121906633881451,GABA_C_RIGHT,5.942432162002357
9.75,3.5,0.00012409128039282729,GABA_C_RIGHT,5.70087712549569
9.75,3.75,0.0001262453089686268,GABA_C_RIGHT,5.460082416960389
9.75,4.0,0.02330729425754298,GABA_C_RIGHT,5.220153254455275
9.75,4.25,0.023685685506589498,GABA_C_RIGHT,4.981214711292819
9.75,4.5,0.02115595333731702,GABA_C_RIGHT,4.743416490252569
9.75,4.75,0.02147567461372407,GABA_C_RIGHT,4.5069390943299865
9.75,5.0,0.02178818668007465,GABA_C_RIGHT,4.272001872658765
9.75,5.25,4.529628920665978e-06,GABA_C_RIGHT,4.038873605350878
9.75,5.5,4.590468512780578e-06,GABA_C_RIGHT,3.8078865529319543
9.75,5.75,4.64955573904056e-06,GABA_C_RIGHT,3.5794552658190883
9.75,6.0,1.0838075231949371e-21,GABA_C_RIGHT,3.3541019662496847
9.75,6.25,1.0965456651311955e-21,GABA_C_RIGHT,3.132491021535417
9.75,6.5,4.587615027988739e-13,GABA_C_RIGHT,2.9154759474226504
9.75,6.75,4.63640796478323e-13,GABA_C_RIGHT,2.704163456597992
9.75,7.0,4.683131766588841e-13,GABA_C_RIGHT,2.5
9.75,7.25,1.98887715123975e-06,GABA_C_RIGHT,2.3048861143232218
9.75,7.5,2.006701651826154e-06,GABA_C_RIGHT,2.1213203435596424
9.75,7.75,2.0235675925077723e-06,GABA_C_RIGHT,1.9525624189766635
9.75,8.0,2.2671542210478367e-10,GABA_C_RIGHT,1.8027756377319946
9.75,8.25,2.283684406475386e-10,GABA_C_RIGHT,1.6770509831248424
9.75,8.5,2.2990645607253752e-10,GABA_C_RIGHT,1.5811388300841898
9.75,8.75,5.030725633515379e-09,GABA_C_RIGHT,1.5206906325745548
9.75,9.0,5.059013383781415e-09,GABA_C_RIGHT,1.5
9.75,9.25,0.0007664917036227295,GABA_C_RIGHT,1.5206906325745548
9.75,9.5,0.0007699504372077073,GABA_C_RIGHT,1.5811388300841898
9.75,9.75,0.0007729975885429101,GABA_C_RIGHT,1.6770509831248424
9.75,10.0,0.00015230694134285726,GABA_C_RIGHT,1.8027756377319946
9.75,10.25,0.0001527408423040467,GABA_C_RIGHT,1.9525624189766635
9.75,10.5,0.00015309137494538374,GABA_C_RIGHT,2.1213203435596424
9.75,10.75,8.392403824790807e-06,GABA_C_RIGHT,2.3048861143232218
9.75,11.0,8.402374429110618e-06,GABA_C_RIGHT,2.5
9.75,11.25,8.783835899361072e-13,GABA_C_RIGHT,2.704163456597992
9.75,11.5,8.784559461327793e-13,TIME_SENSOR,2.6100766272276377
9.75,11.75,8.780430664264187e-13,TIME_SENSOR,2.3717082451262845
9.75,12.0,1.1751936399711233e-05,TIME_SENSOR,2.1360009363293826
9.75,12.25,1.1733440592640108e-05,TIME_SENSOR,1.9039432764659772
9.75,12.5,1.1708503306054374e-05,TIME_SENSOR,1.6770509831248424
9.75,12.75,1.4944440896798226e-15,TIME_SENSOR,1.4577379737113252
9.75,13.0,1.4896210177575883e-15,TIME_SENSOR,1.25
9.75,13.25,1.483993397151999e-15,TIME_SENSOR,1.0606601717798212
9.75,13.5,7.480283921116109e-06,TIME_SENSOR,0.9013878188659973
9.75,13.75,7.443794497054405e-06,TIME_SENSOR,0.7905694150420949
9.75,14.0,0.00016729297802940322,TIME_SENSOR,0.75
9.75,14.25,0.00016629305825073567,TIME_SENSOR,0.7905694150420949
9.75,14.5,0.00016520781457668684,TIME_SENSOR,0.9013878188659973
9.75,14.75,0.004839656199826403,TIME_SENSOR,1.0606601717798212
9.75,15.0,0.004802762296305921,TIME_SENSOR,1.25
9.75,15.25,0.005053760101460089,TIME_SENSOR,1.4577379737113252
9.75,15.5,0.005009695382857009,TIME_SENSOR,1.6770509831248424
9.75,15.75,0.004963271969687387,TIME_SENSOR,1.9039432764659772
9.75,16.0,0.0049145627642327334,TIME_SENSOR,2.1360009363293826
10.0,0.0,6.8028967959849925e-25,GABA_C_RIGHT,9.086390922693123
10.0,0.25,6.974724507945031e-25,GABA_C_RIGHT,8.838834764831844
10.0,0.5,0.0013566784711586191,GABA_C_RIGHT,8.59142013871979
10.0,0.75,0.0013894093736511114,GABA_C_RIGHT,8.344159634139318
10.0,1.0,0.0014221440002292922,GABA_C_RIGHT,8.097067370350823
10.0,1.25,1.1544086387835044e-07,GABA_C_RIGHT,7.850159234053791
10.0,1.5,1.1803016993513013e-07,GABA_C_RIGHT,7.603453162872775
10.0,1.75,0.012573509142031694,GABA_C_RIGHT,7.3569694847810805
10.0,2.0,0.012841332216351526,GABA_C_RIGHT,7.110731326663946
10.0,2.25,0.01310761628308023,GABA_C_RIGHT,6.864765108872991
10.0,2.5,1.3991150449769034e-13,GABA_C_RIGHT,6.619101147436863
10.0,2.75,1.4265505962781033e-13,GABA_C_RIGHT,6.373774391990981
10.0,3.0,1.453720752799771e-13,GABA_C_RIGHT,6.128825336065631
10.0,3.25,0.00012177014365524628,GABA_C_RIGHT,5.88430114796991
10.0,3.5,0.0001239523441726104,GABA_C_RIGHT,5.640257086339239
10.0,3.75,0.00012610396103513227,GABA_C_RIGHT,5.3967582862307255
10.0,4.0,0.023281198730465053,GABA_C_RIGHT,5.153882032022076
10.0,4.25,0.023659166321622477,GABA_C_RIGHT,4.911720676097125
10.0,4.5,0.021132266514339075,GABA_C_RIGHT,4.670385423067351
10.0,4.75,0.0214516298214712,GABA_C_RIGHT,4.430011286667337
10.0,5.0,0.021763791990188894,GABA_C_RIGHT,4.190763653560053
10.0,5.25,4.524557415889573e-06,GABA_C_RIGHT,3.952847075210474
10.0,5.5,4.585328890220707e-06,GABA_C_RIGHT,3.7165171868296265
10.0,5.75,4.644349960697191e-06,GABA_C_RIGHT,3.48209706929603
10.0,6.0,1.0825940606515688e-21,GABA_C_RIGHT,3.25
10.0,6.25,1.0953179405922413e-21,GABA_C_RIGHT,3.020761493398643
10.0,6.5,4.582478600273745e-13,GABA_C_RIGHT,2.7950849718747373
10.0,6.75,4.631216907071751e-13,GABA_C_RIGHT,2.57390753524675
10.0,7.0,4.677888395544819e-13,GABA_C_RIGHT,2.358495283014151
10.0,7.25,1.9866503463184514e-06,GABA_C_RIGHT,2.1505813167606567
10.0,7.5,2.004454890073635e-06,GABA_C_RIGHT,1.9525624189766635
10.0,7.75,2.0213019471556863e-06,GABA_C_RIGHT,1.7677669529663689
10.0,8.0,2.2646158489952316e-10,GABA_C_RIGHT,1.6007810593582121
10.0,8.25,2.281127526744598e-10,GABA_C_RIGHT,1.4577379737113252
10.0,8.5,2.296490460924885e-10,GABA_C_RIGHT,1.346291201783626
10.0,8.75,5.025093086230379e-09,GABA_C_RIGHT,1.2747548783981961
10.0,9.0,5.053349164705391e-09,GABA_C_RIGHT,1.25
10.0,9.25,0.000765633517134591,GABA_C_RIGHT,1.2747548783981961
10.0,9.5,0.0007690883782204735,GABA_C_RIGHT,1.346291201783626
10.0,9.75,0.0007721321178760838,GABA_C_RIGHT,1.4577379737113252
10.0,10.0,0.00015213641404491997,GABA_C_RIGHT,1.6007810593582121
10.0,10.25,0.00015256982919792603,GABA_C_RIGHT,1.7677669529663689
10.0,10.5,0.00015291996937268448,GABA_C_RIGHT,1.9525624189766635
10.0,10.75,8.383007444462882e-06,GABA_C_RIGHT,2.1505813167606567
10.0,11.0,8.392966885403016e-06,GABA_C_RIGHT,2.358495283014151
10.0,11.25,8.774001260255091e-13,GABA_C_RIGHT,2.57390753524675
10.0,11.5,8.774724012100712e-13,TIME_SENSOR,2.692582403567252
10.0,11.75,8.770599837758831e-13,TIME_SENSOR,2.462214450449026
10.0,12.0,1.1738778588635094e-05,TIME_SENSOR,2.23606797749979
10.0,12.25,1.1720303490009527e-05,TIME_SENSOR,2.0155644370746373
10.0,12.5,1.1695394123937868e-05,TIME_SENSOR,1.8027756377319946
10.0,12.75,1.4927708664485987e-15,TIME_SENSOR,1.6007810593582121
10.0,13.0,1.4879531945784924e-15,TIME_SENSOR,1.4142135623730951
10.0,13.25,1.4823318748212244e-15,TIME_SENSOR,1.25
10.0,13.5,7.471908776860535e-06,TIME_SENSOR,1.118033988749895
10.0,13.75,7.435460207423272e-06,TIME_SENSOR,1.0307764064044151
10.0,14.0,0.00016710567192729312,TIME_SENSOR,1.0
10.0,14.25,0.00016610687168800114,TIME_SENSOR,1.0307764064044151
10.0,14.5,0.00016502284308445215,TIME_SENSOR,1.118033988749895
10.0,14.75,0.0048342375794573934,TIME_SENSOR,1.25
10.0,15.0,0.004797384983428365,TIME_SENSOR,1.4142135623730951
10.0,15.25,0.005048101764112314,TIME_SENSOR,1.6007810593582121
10.0,15.5,0.005004086381654598,TIME_SENSOR,1.8027756377319946
10.0,15.75,0.004957714945493634,TIME_SENSOR,2.0155644370746373
10.0,16.0,0.004909060276287412,TIME_SENSOR,2.23606797749979
10.25,0.0,6.794135440272923e-25,GABA_C_RIGHT,9.055385138137417
10.25,0.25,6.965741857724045e-25,GABA_C_RIGHT,8.806957476904268
10.25,0.5,0.0013549312239153942,GABA_C_RIGHT,8.558621384311845
10.25,0.75,0.0013876199727359856,GABA_C_RIGHT,8.31038506929733
10.25,1.0,0.0014203124408460675,GABA_C_RIGHT,8.06225774829855
10.25,1.25,1.1529218920306447e-07,GABA_C_RIGHT,7.814249804043892
10.25,1.5,1.1787816052875959e-07,GABA_C_RIGHT,7.566372975210778
10.25,1.75,0.012557315895324302,GABA_C_RIGHT,7.318640584152224
10.25,2.0,0.012824794044049584,GABA_C_RIGHT,7.0710678118654755
10.25,2.25,0.013090735167250107,GABA_C_RIGHT,6.823672031978091
10.25,2.5,1.397313144263315e-13,GABA_C_RIGHT,6.576473218982953
10.25,2.75,1.42471336170141e-13,GABA_C_RIGHT,6.329494450586082
10.25,3.0,1.4518485261582007e-13,GABA_C_RIGHT,6.082762530298219
10.25,3.25,0.00012161331758898826,GABA_C_RIGHT,5.836308764964376
10.25,3.5,0.00012379270768080267,GABA_C_RIGHT,5.5901699437494745
10.25,3.75,0.00012594155350603646,GABA_C_RIGHT,5.344389581607987
10.25,4.0,0.02325121519997825,GABA_C_RIGHT,5.0990195135927845
10.25,4.25,0.023628696011957176,GABA_C_RIGHT,4.8541219597369
10.25,4.5,0.021105050563621778,GABA_C_RIGHT,4.6097722286464435
10.25,4.75,0.021424002567213794,GABA_C_RIGHT,4.366062299143245
10.25,5.0,0.02173576270663691,GABA_C_RIGHT,4.123105625617661
10.25,5.25,4.518730301625e-06,GABA_C_RIGHT,3.881043674065006
10.25,5.5,4.579423509223634e-06,GABA_C_RIGHT,3.640054944640259
10.25,5.75,4.638368567288279e-06,GABA_C_RIGHT,3.400367627183861
10.25,6.0,1.0811998028902661e-21,GABA_C_RIGHT,3.1622776601683795
10.25,6.25,1.0939072959237812e-21,GABA_C_RIGHT,2.9261749776799064
10.25,6.5,4.576576890125261e-13,GABA_C_RIGHT,2.692582403567252
10.25,6.75,4.625252427539068e-13,GABA_C_RIGHT,2.462214450449026
10.25,7.0,4.671863808454372e-13,GABA_C_RIGHT,2.23606797749979
10.25,7.25,1.9840917671011574e-06,GABA_C_RIGHT,2.0155644370746373
10.25,7.5,2.00187338063326e-06,GABA_C_RIGHT,1.8027756377319946
10.25,7.75,2.0186987406259352e-06,GABA_C_RIGHT,1.6007810593582121
10.25,8.0,2.2616992818916487e-10,GABA_C_RIGHT,1.4142135623730951
10.25,8.25,2.2781896944819948e-10,GABA_C_RIGHT,1.25
10.25,8.5,2.29353284295405e-10,GABA_C_RIGHT,1.118033988749895
10.25,8.75,5.018621339071034e-09,GABA_C_RIGHT,1.0307764064044151
10.25,9.0,5.046841026937462e-09,GABA_C_RIGHT,1.0
10.25,9.25,0.0007646474684277139,GABA_C_RIGHT,1.0307764064044151
10.25,9.5,0.0007680978800462861,GABA_C_RIGHT,1.118033988749895
10.25,9.75,0.0007711376997121305,GABA_C_RIGHT,1.25
10.25,10.0,0.0001519404796834002,GABA_C_RIGHT,1.4142135623730951
10.25,10.25,0.00015237333664708776,GABA_C_RIGHT,1.6007810593582121
10.25,10.5,0.00015272302588120834,GABA_C_RIGHT,1.8027756377319946
10.25,10.75,8.372211086328915e-06,GABA_C_RIGHT,2.0155644370746373
10.25,11.0,8.382157700644248e-06,GABA_C_RIGHT,2.23606797749979
10.25,11.25,8.76270134664996e-13,GABA_C_RIGHT,2.462214450449026
10.25,11.5,8.763423167673579e-13,GABA_C_RIGHT,2.692582403567252
10.25,11.75,8.759304304798199e-13,TIME_SENSOR,2.57390753524675
10.25,12.0,1.172366037974194e-05,TIME_SENSOR,2.358495283014151
10.25,12.25,1.1705209074937702e-05,TIME_SENSOR,2.1505813167606567
10.25,12.5,1.1680331789290493e-05,TIME_SENSOR,1.9525624189766635
10.25,12.75,1.4908483477113911e-15,TIME_SENSOR,1.7677669529663689
10.25,13.0,1.4860368804535585e-15,TIME_SENSOR,1.6007810593582121
10.25,13.25,1.480422800315447e-15,TIME_SENSOR,1.4577379737113252
10.25,13.5,7.462285809967835e-06,TIME_SENSOR,1.346291201783626
10.25,13.75,7.425884182133776e-06,TIME_SENSOR,1.2747548783981961
10.25,14.0,0.0001668904588677442,TIME_SENSOR,1.25
10.25,14.25,0.00016589294496932203,TIME_SENSOR,1.2747548783981961
10.25,14.5,0.00016481031247106206,TIME_SENSOR,1.346291201783626
10.25,14.75,0.004828011632437988,TIME_SENSOR,1.4577379737113252
10.25,15.0,0.004791206498352365,TIME_SENSOR,1.6007810593582121
10.25,15.25,0.005041600384398276,TIME_SENSOR,1.7677669529663689
10.25,15.5,0.004997641688736504,TIME_SENSOR,1.9525624189766635
10.25,15.75,0.004951329973700124,TIME_SENSOR,2.1505813167606567
10.25,16.0,0.004902737966162417,TIME_SENSOR,2.358495283014151
10.5,0.0,6.78424240104914e-25,GABA_C_RIGHT,9.031195934094221
10.5,0.25,6.955598939905138e-25,GABA_C_RIGHT,8.782084035125148
10.5,0.5,0.0013529582888949546,GABA_C_RIGHT,8.533024082938006
10.5,0.75,0.001385599439153948,GABA_C_RIGHT,8.284020762890446
10.5,1.0,0.0014182443032867205,GABA_C_RIGHT,8.035079339994098
10.5,1.25,1.1512431057303e-07,GABA_C_RIGHT,7.786205751198718
10.5,1.5,1.177065164283453e-07,GABA_C_RIGHT,7.5374067158406675
10.5,1.75,0.012539031005393863,GABA_C_RIGHT,7.2886898685566255
10.5,2.0,0.012806119675304642,GABA_C_RIGHT,7.0400639201643616
10.5,2.25,0.013071673557775838,GABA_C_RIGHT,6.791538853603062
10.5,2.5,1.3952784963135311e-13,GABA_C_RIGHT,6.5431261641512
10.5,2.75,1.4226388158973312e-13,GABA_C_RIGHT,6.294839156007086
10.5,3.0,1.4497344684473198e-13,GABA_C_RIGHT,6.046693311223912
10.5,3.25,0.00012143623467216699,GABA_C_RIGHT,5.798706752371601
10.5,3.5,0.00012361245132243732,GABA_C_RIGHT,5.55090082779363
10.5,3.75,0.00012575816818207692,GABA_C_RIGHT,5.303300858899107
10.5,4.0,0.02321735876806043,GABA_C_RIGHT,5.055937104039171
10.5,4.25,0.02359428992475033,GABA_C_RIGHT,4.808846015417836
10.5,4.5,0.021074319193180115,GABA_C_RIGHT,4.562071897723665
10.5,4.75,0.021392806766130472,GABA_C_RIGHT,4.315669125408017
10.5,5.0,0.02170411294708973,GABA_C_RIGHT,4.0697051490249265
10.5,5.25,4.512150512848538e-06,GABA_C_RIGHT,3.824264635194589
10.5,5.5,4.572755344186693e-06,GABA_C_RIGHT,3.5794552658190883
10.5,5.75,4.63161457149677e-06,GABA_C_RIGHT,3.3354160160315836
10.5,6.0,1.0796254521648836e-21,GABA_C_RIGHT,3.092329219213245
10.5,6.25,1.0923144416333575e-21,GABA_C_RIGHT,2.850438562747845
10.5,6.5,4.569912870091705e-13,GABA_C_RIGHT,2.6100766272276377
10.5,6.75,4.618517530349013e-13,GABA_C_RIGHT,2.3717082451262845
10.5,7.0,4.665061039756055e-13,GABA_C_RIGHT,2.1360009363293826
10.5,7.25,1.9812027022822306e-06,GABA_C_RIGHT,1.9039432764659772
10.5,7.5,1.9989584237487885e-06,GABA_C_RIGHT,1.6770509831248424
10.5,7.75,2.015759284090578e-06,GABA_C_RIGHT,1.4577379737113252
10.5,8.0,2.2584059887412757e-10,GABA_C_RIGHT,1.25
10.5,8.25,2.2748723894025093e-10,GABA_C_RIGHT,1.0606601717798212
10.5,8.5,2.290193196493386e-10,GABA_C_RIGHT,0.9013878188659973
10.5,8.75,5.011313651699592e-09,GABA_C_RIGHT,0.7905694150420949
10.5,9.0,5.039492248468941e-09,GABA_C_RIGHT,0.75
10.5,9.25,0.0007635340541509418,GABA_C_RIGHT,0.7905694150420949
10.5,9.5,0.0007669794415750775,GABA_C_RIGHT,0.9013878188659973
10.5,9.75,0.000770014834915387,GABA_C_RIGHT,1.0606601717798212
10.5,10.0,0.0001517192369456887,GABA_C_RIGHT,1.25
10.5,10.25,0.000152151463620069,GABA_C_RIGHT,1.4577379737113252
10.5,10.5,0.00015250064366662049,GABA_C_RIGHT,1.6770509831248424
10.5,10.75,8.360020188252923e-06,GABA_C_RIGHT,1.9039432764659772
10.5,11.0,8.369952319158787e-06,GABA_C_RIGHT,2.1360009363293826
10.5,11.25,8.74994185003839e-13,GABA_C_RIGHT,2.3717082451262845
10.5,11.5,8.75066262000794e-13,GABA_C_RIGHT,2.6100766272276377
10.5,11.75,8.746549754668573e-13,TIME_SENSOR,2.704163456597992
10.5,12.0,1.1706589387707308e-05,TIME_SENSOR,2.5
10.5,12.25,1.1688164950115796e-05,TIME_SENSOR,2.3048861143232218
10.5,12.5,1.1663323888645282e-05,TIME_SENSOR,2.1213203435596424
10.5,12.75,1.4886775017943085e-15,TIME_SENSOR,1.9525624189766635
10.5,13.0,1.483873040583783e-15,TIME_SENSOR,1.8027756377319946
10.5,13.25,1.4782671351892428e-15,TIME_SENSOR,1.6770509831248424
10.5,13.5,7.45141986729329e-06,TIME_SENSOR,1.5811388300841898
10.5,13.75,7.4150712443978495e-06,TIME_SENSOR,1.5206906325745548
10.5,14.0,0.00016664744724836033,TIME_SENSOR,1.5
10.5,14.25,0.00016565138584440347,TIME_SENSOR,1.5206906325745548
10.5,14.5,0.00016457032978303742,TIME_SENSOR,1.5811388300841898
10.5,14.75,0.00482098149462686,TIME_SENSOR,1.6770509831248424
10.5,15.0,0.004784229953031163,TIME_SENSOR,1.8027756377319946
10.5,15.25,0.005034259236905417,TIME_SENSOR,1.9525624189766635
10.5,15.5,0.004990364550138411,TIME_SENSOR,2.1213203435596424
10.5,15.75,0.004944120270262457,TIME_SENSOR,2.3048861143232218
10.5,16.0,0.004895599018252183,TIME_SENSOR,2.5
10.75,0.0,6.7732226566223635e-25,GABA_C_RIGHT,9.013878188659973
10.75,0.25,6.944300858539258e-25,GABA_C_RIGHT,8.764274071479052
10.75,0.5,0.001350760658904404,GABA_C_RIGHT,8.514693182963201
10.75,0.75,0.001383348789664331,GABA_C_RIGHT,8.26513762740827
10.75,1.0,0.0014159406282655371,GABA_C_RIGHT,8.0156097709407
10.75,1.25,1.1493731246700309e-07,GABA_C_RIGHT,7.766112283504533
10.75,1.5,1.1751532400747811e-07,GABA_C_RIGHT,7.516648189186454
10.75,1.75,0.012518663673439822,GABA_C_RIGHT,7.267220926874317
10.75,2.0,0.012785318507307058,GABA_C_RIGHT,7.0178344238090995
10.75,2.25,0.013050441046712458,GABA_C_RIGHT,6.768493185340442
10.75,2.5,1.393012124989421e-13,GABA_C_RIGHT,6.519202405202649
10.75,2.75,1.4203280028048665e-13,GABA_C_RIGHT,6.269968101992227
10.75,3.0,1.4473796434890453e-13,GABA_C_RIGHT,6.020797289396148
10.75,3.25,0.00012123898401525793,GABA_C_RIGHT,5.771698190307598
10.75,3.5,0.00012341166580490776,GABA_C_RIGHT,5.522680508593631
10.75,3.75,0.0001255538973451841,GABA_C_RIGHT,5.273755777432247
10.75,4.0,0.023179646471717778,GABA_C_RIGHT,5.024937810560445
10.75,4.25,0.02355596537360195,GABA_C_RIGHT,4.7762432936357
10.75,4.5,0.021040087867447824,GABA_C_RIGHT,4.527692569068709
10.75,4.75,0.02135805811636264,GABA_C_RIGHT,4.2793106921559225
10.75,5.0,0.021668858638126683,GABA_C_RIGHT,4.031128874149275
10.75,5.25,4.5048213605972785e-06,GABA_C_RIGHT,3.783186487605389
10.75,5.5,4.565327750619087e-06,GABA_C_RIGHT,3.5355339059327378
10.75,5.75,4.624091372023041e-06,GABA_C_RIGHT,3.2882366094914763
10.75,6.0,1.0778718007096144e-21,GABA_C_RIGHT,3.0413812651491097
10.75,6.25,1.0905401792664036e-21,GABA_C_RIGHT,2.7950849718747373
10.75,6.5,4.562489893596458e-13,GABA_C_RIGHT,2.5495097567963922
10.75,6.75,4.611015604591296e-13,GABA_C_RIGHT,2.3048861143232218
10.75,7.0,4.657483512693421e-13,GABA_C_RIGHT,2.0615528128088303
10.75,7.25,1.977984605677455e-06,GABA_C_RIGHT,1.8200274723201295
10.75,7.5,1.9957114862652375e-06,GABA_C_RIGHT,1.5811388300841898
10.75,7.75,2.0124850567231796e-06,GABA_C_RIGHT,1.346291201783626
10.75,8.0,2.2547376267729625e-10,GABA_C_RIGHT,1.118033988749895
10.75,8.25,2.2711772808181128e-10,GABA_C_RIGHT,0.9013878188659973
10.75,8.5,2.2864732020973434e-10,GABA_C_RIGHT,0.7071067811865476
10.75,8.75,5.003173701441388e-09,GABA_C_RIGHT,0.5590169943749475
10.75,9.0,5.0313065273027494e-09,GABA_C_RIGHT,0.5
10.75,9.25,0.0007622938345891258,GABA_C_RIGHT,0.5590169943749475
10.75,9.5,0.0007657336256199399,GABA_C_RIGHT,0.7071067811865476
10.75,9.75,0.000768764088526331,GABA_C_RIGHT,0.9013878188659973
10.75,10.0,0.00015147279716406944,GABA_C_RIGHT,1.118033988749895
10.75,10.25,0.0001519043217663237,GABA_C_RIGHT,1.346291201783626
10.75,10.5,0.00015225293463460462,GABA_C_RIGHT,1.5811388300841898
10.75,10.75,8.34644088485672e-06,GABA_C_RIGHT,1.8200274723201295
10.75,11.0,8.356356882856693e-06,GABA_C_RIGHT,2.0615528128088303
10.75,11.25,8.735729191168527e-13,GABA_C_RIGHT,2.3048861143232218
10.75,11.5,8.736448790380846e-13,GABA_C_RIGHT,2.5495097567963922
10.75,11.75,8.732342605628966e-13,GABA_C_RIGHT,2.7950849718747373
10.75,12.0,1.1687574202881101e-05,TIME_SENSOR,2.6575364531836625
10.75,12.25,1.1669179692373773e-05,TIME_SENSOR,2.4748737341529163
10.75,12.5,1.1644378980603715e-05,TIME_SENSOR,2.3048861143232218
10.75,12.75,1.4862594210958466e-15,TIME_SENSOR,2.1505813167606567
10.75,13.0,1.4814627638421255e-15,TIME_SENSOR,2.0155644370746373
10.75,13.25,1.4758659642019313e-15,TIME_SENSOR,1.9039432764659772
10.75,13.5,7.43931641672356e-06,TIME_SENSOR,1.8200274723201295
10.75,13.75,7.403026835429361e-06,TIME_SENSOR,1.7677669529663689
10.75,14.0,0.00016637675935581578,TIME_SENSOR,1.75
10.75,14.25,0.00016538231586900516,TIME_SENSOR,1.7677669529663689
10.75,14.5,0.0001643030157828539,TIME_SENSOR,1.8200274723201295
10.75,14.75,0.004813150703682717,TIME_SENSOR,1.9039432764659772
10.75,15.0,0.004776458858155017,TIME_SENSOR,2.0155644370746373
10.75,15.25,0.005026082015796653,TIME_SENSOR,2.1505813167606567
10.75,15.5,0.004982258627813103,TIME_SENSOR,2.3048861143232218
10.75,15.75,0.004936089463199151,TIME_SENSOR,2.4748737341529163
10.75,16.0,0.0048876470249701095,TIME_SENSOR,2.6575364531836625
11.0,0.0,6.761081746552402e-25,GABA_C_RIGHT,9.003471552684553
11.0,0.25,6.931853293104532e-25,GABA_C_RIGHT,8.753570700005799
11.0,0.5,0.0013483394386792332,GABA_C_RIGHT,8.503675675847475
11.0,0.75,0.0013808691556552108,GABA_C_RIGHT,8.253787009609589
11.0,1.0,0.0014134025738262123,GABA_C_RIGHT,8.00390529679106
11.0,1.25,1.1473128888781653e-07,GABA_C_RIGHT,7.754031209635412
11.0,1.5,1.1730467937744781e-07,GABA_C_RIGHT,7.504165509901817
11.0,1.75,0.012496224137998488,GABA_C_RIGHT,7.254309064273454
11.0,2.0,0.012762400996679933,GABA_C_RIGHT,7.00446286306095
11.0,2.25,0.013027048307516656,GABA_C_RIGHT,6.754628043053148
11.0,2.5,1.3905151695823333e-13,GABA_C_RIGHT,6.504805915628844
11.0,2.75,1.4177820840559767e-13,GABA_C_RIGHT,6.254998001598402
11.0,3.0,1.4447852350398395e-13,GABA_C_RIGHT,6.005206074732157
11.0,3.25,0.00012102166477499001,GABA_C_RIGHT,5.755432216610669
11.0,3.5,0.00012319045206189632,GABA_C_RIGHT,5.50567888638631
11.0,3.75,0.00012532884368108958,GABA_C_RIGHT,5.25594901040716
11.0,4.0,0.023138097268696752,GABA_C_RIGHT,5.006246098625197
11.0,4.25,0.023513741624035356,GABA_C_RIGHT,4.756574397610112
11.0,4.5,0.021002373794308207,GABA_C_RIGHT,4.5069390943299865
11.0,4.75,0.021319774085849303,GABA_C_RIGHT,4.257346591481601
11.0,5.0,0.021630017501878637,GABA_C_RIGHT,4.00780488547035
11.0,5.25,4.496746529192353e-06,GABA_C_RIGHT,3.758324094593227
11.0,5.5,4.557144462327808e-06,GABA_C_RIGHT,3.5089172119045497
11.0,5.75,4.615802750734602e-06,GABA_C_RIGHT,3.2596012026013246
11.0,6.0,1.075939730074587e-21,GABA_C_RIGHT,3.010398644698074
11.0,6.25,1.0885854007340299e-21,GABA_C_RIGHT,2.7613402542968153
11.0,6.5,4.554311692125538e-13,GABA_C_RIGHT,2.5124689052802225
11.0,6.75,4.602750421439255e-13,GABA_C_RIGHT,2.2638462845343543
11.0,7.0,4.649135036444135e-13,GABA_C_RIGHT,2.0155644370746373
11.0,7.25,1.974439095004804e-06,GABA_C_RIGHT,1.7677669529663689
11.0,7.5,1.992134200398717e-06,GABA_C_RIGHT,1.5206906325745548
11.0,7.75,2.008877704458312e-06,GABA_C_RIGHT,1.2747548783981961
11.0,8.0,2.2506960400503932e-10,GABA_C_RIGHT,1.0307764064044151
11.0,8.25,2.2671062262378548e-10,GABA_C_RIGHT,0.7905694150420949
11.0,8.5,2.2823747297849208e-10,GABA_C_RIGHT,0.5590169943749475
11.0,8.75,4.994205580200873e-09,GABA_C_RIGHT,0.3535533905932738
11.0,9.0,5.0222879783521004e-09,GABA_C_RIGHT,0.25
11.0,9.25,0.0007609274331932432,GABA_C_RIGHT,0.3535533905932738
11.0,9.5,0.0007643610584451243,GABA_C_RIGHT,0.5590169943749475
11.0,9.75,0.0007673860892877132,GABA_C_RIGHT,0.7905694150420949
11.0,10.0,0.00015120128422235085,GABA_C_RIGHT,1.0307764064044151
11.0,10.25,0.00015163203532258775,GABA_C_RIGHT,1.2747548783981961
11.0,10.5,0.00015198002330701392,GABA_C_RIGHT,1.5206906325745548
11.0,10.75,8.331480002375141e-06,GABA_C_RIGHT,1.7677669529663689
11.0,11.0,8.341378226082717e-06,GABA_C_RIGHT,2.0155644370746373
11.0,11.25,8.720070514659228e-13,GABA_C_RIGHT,2.2638462845343543
11.0,11.5,8.720788823999683e-13,GABA_C_RIGHT,2.5124689052802225
11.0,11.75,8.716689999528476e-13,GABA_C_RIGHT,2.7613402542968153
11.0,12.0,1.1666624384083334e-05,TIME_SENSOR,2.8284271247461903
11.0,12.25,1.1648262845487482e-05,TIME_SENSOR,2.6575364531836625
11.0,12.5,1.1623506588658084e-05,TIME_SENSOR,2.5
11.0,12.75,1.483595321170752e-15,TIME_SENSOR,2.358495283014151
11.0,13.0,1.4788072618603298e-15,TIME_SENSOR,2.23606797749979
11.0,13.25,1.4732204944078485e-15,TIME_SENSOR,2.1360009363293826
11.0,13.5,7.425981542591064e-06,TIME_SENSOR,2.0615528128088303
11.0,13.75,7.389757009880872e-06,TIME_SENSOR,2.0155644370746373
11.0,14.0,0.0001660785312632998,TIME_SENSOR,2.0
11.0,14.25,0.00016508587030299908,TIME_SENSOR,2.0155644370746373
11.0,14.5,0.00016400850484766518,TIME_SENSOR,2.0615528128088303
11.0,14.75,0.00480452319609747,TIME_SENSOR,2.1360009363293826
11.0,15.0,0.004767897120206976,TIME_SENSOR,2.23606797749979
11.0,15.25,0.0050170728317122685,TIME_SENSOR,2.358495283014151
11.0,15.5,0.004973327996559393,TIME_SENSOR,2.5
11.0,15.75,0.004927241589549022,TIME_SENSOR,2.6575364531836625
11.0,16.0,0.004878885983735793,TIME_SENSOR,2.8284271247461903
11.25,0.0,0.004950458451697745,GABA_C_RIGHT,9.0
11.25,0.25,0.0050754972365592895,GABA_C_RIGHT,8.75
11.25,0.5,0.0004513523474111471,GABA_C_RIGHT,8.5
11.25,0.75,0.00046224156691815034,GABA_C_RIGHT,8.25
11.25,1.0,0.0004731320253884402,GABA_C_RIGHT,8.0
11.25,1.25,1.5868755565001842e-124,GABA_C_RIGHT,7.75
11.25,1.5,1.6224687282052357e-124,GABA_C_RIGHT,7.5
11.25,1.75,0.0001807529514378506,GABA_C_RIGHT,7.25
11.25,2.0,0.00018460309467150366,GABA_C_RIGHT,7.0
11.25,2.25,0.00018843111359910668,GABA_C_RIGHT,6.75
11.25,2.5,0.0038797737227368023,GABA_C_RIGHT,6.5
11.25,2.75,0.003955853049729494,GABA_C_RIGHT,6.25
11.25,3.0,0.004031196431743624,GABA_C_RIGHT,6.0
11.25,3.25,2.0194787891070475e-10,GABA_C_RIGHT,5.75
11.25,3.5,2.055669168177898e-10,GABA_C_RIGHT,5.5
11.25,3.75,2.0913523371856463e-10,GABA_C_RIGHT,5.25
11.25,4.0,0.0018712811825115406,GABA_C_RIGHT,5.0
11.25,4.25,0.0019016612178834557,GABA_C_RIGHT,4.75
11.25,4.5,0.02483780067831723,GABA_C_RIGHT,4.5
11.25,4.75,0.025213164208827958,GABA_C_RIGHT,4.25
11.25,5.0,0.02558006388429156,GABA_C_RIGHT,4.0
11.25,5.25,1.699187244978037e-11,GABA_C_RIGHT,3.75
11.25,5.5,1.722009833918854e-11,GABA_C_RIGHT,3.5
11.25,5.75,1.744175062673913e-11,GABA_C_RIGHT,3.25
11.25,6.0,0.00981411485969311,GABA_C_RIGHT,3.0
11.25,6.25,0.009929461529084175,GABA_C_RIGHT,2.75
11.25,6.5,5.964861681732532e-23,GABA_C_RIGHT,2.5
11.25,6.75,6.028302732746844e-23,GABA_C_RIGHT,2.25
11.25,7.0,6.089053474322767e-23,GABA_C_RIGHT,2.0
11.25,7.25,1.2586405390354466e-10,GABA_C_RIGHT,1.75
11.25,7.5,1.2699205917084462e-10,GABA_C_RIGHT,1.5
11.25,7.75,1.280594029561367e-10,GABA_C_RIGHT,1.25
11.25,8.0,3.7929948075758294e-06,GABA_C_RIGHT,1.0
11.25,8.25,3.8206501417003785e-06,GABA_C_RIGHT,0.75
11.25,8.5,3.8463814504346215e-06,GABA_C_RIGHT,0.5
11.25,8.75,0.02959105228477225,GABA_C_RIGHT,0.25
11.25,9.0,0.029757442654297514,GABA_C_RIGHT,0.0
11.25,9.25,0.00019365658819358127,GABA_C_RIGHT,0.25
11.25,9.5,0.00019453044833110338,GABA_C_RIGHT,0.5
11.25,9.75,0.0001953003208926665,GABA_C_RIGHT,0.75
11.25,10.0,0.0035353641429346104,GABA_C_RIGHT,1.0
11.25,10.25,0.0035454358959765204,GABA_C_RIGHT,1.25
11.25,10.5,0.0035535724951372993,GABA_C_RIGHT,1.5
11.25,10.75,0.023703466422428415,GABA_C_RIGHT,1.75
11.25,11.0,0.023731627351006205,GABA_C_RIGHT,2.0
11.25,11.25,0.0019689116609079914,GABA_C_RIGHT,2.25
11.25,11.5,0.001969073848545601,GABA_C_RIGHT,2.5
11.25,11.75,0.001968148371706416,GABA_C_RIGHT,2.75
11.25,12.0,3.0605713502457896e-09,GABA_C_RIGHT,3.0
11.25,12.25,3.0557544643049374e-09,TIME_SENSOR,2.850438562747845
11.25,12.5,3.049260015876928e-09,TIME_SENSOR,2.704163456597992
11.25,12.75,0.02765185285090757,TIME_SENSOR,2.57390753524675
11.25,13.0,0.027562611054574103,TIME_SENSOR,2.462214450449026
11.25,13.25,0.027458482611120705,TIME_SENSOR,2.3717082451262845
11.25,13.5,0.013815530051561808,TIME_SENSOR,2.3048861143232218
11.25,13.75,0.013748136789487147,TIME_SENSOR,2.2638462845343543
11.25,14.0,4.817662660111591e-05,TIME_SENSOR,2.25
11.25,14.25,4.7888672125229475e-05,TIME_SENSOR,2.2638462845343543
11.25,14.5,4.757614628062001e-05,TIME_SENSOR,2.3048861143232218
11.25,14.75,1.0958926012693593e-15,TIME_SENSOR,2.3717082451262845
11.25,15.0,1.0875383392658947e-15,TIME_SENSOR,2.462214450449026
11.25,15.25,1.3500858234717585e-15,TIME_SENSOR,2.57390753524675
11.25,15.5,1.338314162232021e-15,TIME_SENSOR,2.704163456597992
11.25,15.75,1.3259123879611429e-15,TIME_SENSOR,2.850438562747845
11.25,16.0,1.3128999761258636e-15,TIME_SENSOR,3.010398644698074
11.5,0.0,0.004939920187305824,GABA_C_RIGHT,9.003471552684553
11.5,0.25,0.005064692796461224,GABA_C_RIGHT,8.753570700005799
11.5,0.5,0.00045039153329315325,GABA_C_RIGHT,8.503675675847475
11.5,0.75,0.00046125757242700393,GABA_C_RIGHT,8.253787009609589
11.5,1.0,0.0004721248478867042,GABA_C_RIGHT,8.00390529679106
11.5,1.25,1.583497502864416e-124,GABA_C_RIGHT,7.754031209635412
11.5,1.5,1.619014905778024e-124,GABA_C_RIGHT,7.504165509901817
11.5,1.75,0.00018036817447012978,GABA_C_RIGHT,7.254309064273454
11.5,2.0,0.0001842101217300687,GABA_C_RIGHT,7.00446286306095
11.5,2.25,0.00018802999178096666,GABA_C_RIGHT,6.754628043053148
11.5,2.5,0.0038715146732629076,GABA_C_RIGHT,6.504805915628844
11.5,2.75,0.00394743204675767,GABA_C_RIGHT,6.254998001598402
11.5,3.0,0.00402261504191317,GABA_C_RIGHT,6.005206074732157
11.5,3.25,2.015179833440388e-10,GABA_C_RIGHT,5.755432216610669
11.5,3.5,2.0512931724175153e-10,GABA_C_RIGHT,5.50567888638631
11.5,3.75,2.0869003810524996e-10,GABA_C_RIGHT,5.25594901040716
11.5,4.0,0.0018672977017803428,GABA_C_RIGHT,5.006246098625197
11.5,4.25,0.0018976130657994707,GABA_C_RIGHT,4.756574397610112
11.5,4.5,0.0247849273307241,GABA_C_RIGHT,4.5069390943299865
11.5,4.75,0.02515949180794184,GABA_C_RIGHT,4.257346591481601
11.5,5.0,0.025525610447502796,GABA_C_RIGHT,4.00780488547035
11.5,5.25,1.695570108380755e-11,GABA_C_RIGHT,3.758324094593227
11.5,5.5,1.7183441138461803e-11,GABA_C_RIGHT,3.5089172119045497
11.5,5.75,1.7404621584781513e-11,GABA_C_RIGHT,3.2596012026013246
11.5,6.0,0.009793223110338329,GABA_C_RIGHT,3.010398644698074
11.5,6.25,0.009908324236066995,GABA_C_RIGHT,2.7613402542968153
11.5,6.5,5.952164011390147e-23,GABA_C_RIGHT,2.5124689052802225
11.5,6.75,6.01547001257515e-23,GABA_C_RIGHT,2.2638462845343543
11.5,7.0,6.076091431304921e-23,GABA_C_RIGHT,2.0155644370746373
11.5,7.25,1.2559612140993496e-10,GABA_C_RIGHT,1.7677669529663689
11.5,7.5,1.267217254414992e-10,GABA_C_RIGHT,1.5206906325745548
11.5,7.75,1.2778679712389088e-10,GABA_C_RIGHT,1.2747548783981961
11.5,8.0,3.784920488296226e-06,GABA_C_RIGHT,1.0307764064044151
11.5,8.25,3.812516951262539e-06,GABA_C_RIGHT,0.7905694150420949
11.5,8.5,3.838193484598253e-06,GABA_C_RIGHT,0.5590169943749475
11.5,8.75,0.029528060475901462,GABA_C_RIGHT,0.3535533905932738
11.5,9.0,0.029694096642735517,GABA_C_RIGHT,0.25
11.5,9.25,0.00019324434267177073,GABA_C_RIGHT,0.3535533905932738
11.5,9.5,0.00019411634258376817,GABA_C_RIGHT,0.5590169943749475
11.5,9.75,0.000194884576282854,GABA_C_RIGHT,0.7905694150420949
11.5,10.0,0.0035278382536814267,GABA_C_RIGHT,1.0307764064044151
11.5,10.25,0.003537888566527952,GABA_C_RIGHT,1.2747548783981961
11.5,10.5,0.0035460078449427754,GABA_C_RIGHT,1.5206906325745548
11.5,10.75,0.023653007783374706,GABA_C_RIGHT,1.7677669529663689
11.5,11.0,0.02368110876451253,GABA_C_RIGHT,2.0155644370746373
11.5,11.25,0.001964720349769955,GABA_C_RIGHT,2.2638462845343543
11.5,11.5,0.0019648821921514187,GABA_C_RIGHT,2.5124689052802225
11.5,11.75,0.0019639586854165616,GABA_C_RIGHT,2.7613402542968153
11.5,12.0,3.0540561738446687e-09,GABA_C_RIGHT,3.010398644698074
11.5,12.25,3.0492495418263747e-09,TIME_SENSOR,3.0516389039334255
11.5,12.5,3.0427689184239227e-09,TIME_SENSOR,2.9154759474226504
11.5,12.75,0.027592989103415774,TIME_SENSOR,2.7950849718747373
11.5,13.0,0.02750393728012293,TIME_SENSOR,2.692582403567252
11.5,13.25,0.027400030499587936,TIME_SENSOR,2.6100766272276377
11.5,13.5,0.013786120309046352,TIME_SENSOR,2.5495097567963922
11.5,13.75,0.013718870510051101,TIME_SENSOR,2.5124689052802225
11.5,14.0,4.8074070841162134e-05,TIME_SENSOR,2.5
11.5,14.25,4.7786729346968074e-05,TIME_SENSOR,2.5124689052802225
11.5,14.5,4.7474868790232836e-05,TIME_SENSOR,2.5495097567963922
11.5,14.75,1.0935597252155533e-15,TIME_SENSOR,2.6100766272276377
11.5,15.0,1.0852232473067641e-15,TIME_SENSOR,2.692582403567252
11.5,15.25,1.3472118348304333e-15,TIME_SENSOR,2.7950849718747373
11.5,15.5,1.3354652324574026e-15,TIME_SENSOR,2.9154759474226504
11.5,15.75,1.3230898584032862e-15,TIME_SENSOR,3.0516389039334255
11.5,16.0,1.310105146676519e-15,TIME_SENSOR,3.2015621187164243
11.75,0.0,0.00492857402056882,GABA_C_RIGHT,9.013878188659973
11.75,0.25,0.005053060048003464,GABA_C_RIGHT,8.764274071479052
11.75,0.5,0.00044935705960938606,GABA_C_RIGHT,8.514693182963201
11.75,0.75,0.00046019814127689945,GABA_C_RIGHT,8.26513762740827
11.75,1.0,0.0004710404564306296,GABA_C_RIGHT,8.0156097709407
11.75,1.25,1.5798604751364585e-124,GABA_C_RIGHT,7.766112283504533
11.75,1.5,1.6152963005426897e-124,GABA_C_RIGHT,7.516648189186454
11.75,1.75,0.00017995389907619818,GABA_C_RIGHT,7.267220926874317
11.75,2.0,0.00018378702202874887,GABA_C_RIGHT,7.0178344238090995
11.75,2.25,0.0001875981184798987,GABA_C_RIGHT,6.768493185340442
11.75,2.5,0.0038626224544937716,GABA_C_RIGHT,6.519202405202649
11.75,2.75,0.003938365458536145,GABA_C_RIGHT,6.269968101992227
11.75,3.0,0.004013375770982922,GABA_C_RIGHT,6.020797289396148
11.75,3.25,2.010551303924058e-10,GABA_C_RIGHT,5.771698190307598
11.75,3.5,2.0465816966287906e-10,GABA_C_RIGHT,5.522680508593631
11.75,3.75,2.0821071214877432e-10,GABA_C_RIGHT,5.273755777432247
11.75,4.0,0.00186300883267544,GABA_C_RIGHT,5.024937810560445
11.75,4.25,0.0018932545673965608,GABA_C_RIGHT,4.7762432936357
11.75,4.5,0.024728000516646916,GABA_C_RIGHT,4.527692569068709
11.75,4.75,0.025101704682189342,GABA_C_RIGHT,4.2793106921559225
11.75,5.0,0.02546698240874513,GABA_C_RIGHT,4.031128874149275
11.75,5.25,1.691675668706729e-11,GABA_C_RIGHT,3.783186487605389
11.75,5.5,1.714397366107756e-11,GABA_C_RIGHT,3.5355339059327378
11.75,5.75,1.736464609307158e-11,GABA_C_RIGHT,3.2882366094914763
11.75,6.0,0.009770729722168192,GABA_C_RIGHT,3.0413812651491097
11.75,6.25,0.00988556647994867,GABA_C_RIGHT,2.7950849718747373
11.75,6.5,5.938492890651645e-23,GABA_C_RIGHT,2.5495097567963922
11.75,6.75,6.001653488587677e-23,GABA_C_RIGHT,2.3048861143232218
11.75,7.0,6.06213567010335e-23,GABA_C_RIGHT,2.0615528128088303
11.75,7.25,1.2530764821988225e-10,GABA_C_RIGHT,1.8200274723201295
11.75,7.5,1.2643066692809353e-10,GABA_C_RIGHT,1.5811388300841898
11.75,7.75,1.2749329231976854e-10,GABA_C_RIGHT,1.346291201783626
11.75,8.0,3.7762271618216682e-06,GABA_C_RIGHT,1.118033988749895
11.75,8.25,3.803760240348902e-06,GABA_C_RIGHT,0.9013878188659973
11.75,8.5,3.829377799001341e-06,GABA_C_RIGHT,0.7071067811865476
11.75,8.75,0.02946023948186176,GABA_C_RIGHT,0.5590169943749475
11.75,9.0,0.02962589429151557,GABA_C_RIGHT,0.5
11.75,9.25,0.00019280049288274566,GABA_C_RIGHT,0.5590169943749475
11.75,9.5,0.00019367048995744593,GABA_C_RIGHT,0.7071067811865476
11.75,9.75,0.00019443695915279238,GABA_C_RIGHT,0.9013878188659973
11.75,10.0,0.003519735401908577,GABA_C_RIGHT,1.118033988749895
11.75,10.25,0.003529762630875001,GABA_C_RIGHT,1.346291201783626
11.75,10.5,0.003537863260671388,GABA_C_RIGHT,1.5811388300841898
11.75,10.75,0.023598680798329195,GABA_C_RIGHT,1.8200274723201295
11.75,11.0,0.023626717236234458,GABA_C_RIGHT,2.0615528128088303
11.75,11.25,0.0019602077172101505,GABA_C_RIGHT,2.3048861143232218
11.75,11.5,0.001960369187866854,GABA_C_RIGHT,2.5495097567963922
11.75,11.75,0.001959447802271813,GABA_C_RIGHT,2.7950849718747373
11.75,12.0,3.047041519911259e-09,GABA_C_RIGHT,3.0413812651491097
11.75,12.25,3.0422459279191707e-09,TIME_SENSOR,3.2596012026013246
11.75,12.5,3.0357801894198948e-09,TIME_SENSOR,3.132491021535417
11.75,12.75,0.027529612643216243,TIME_SENSOR,3.020761493398643
11.75,13.0,0.027440765357000317,TIME_SENSOR,2.9261749776799064
11.75,13.25,0.027337097232883308,TIME_SENSOR,2.850438562747845
11.75,13.5,0.01375445590683905,TIME_SENSOR,2.7950849718747373
11.75,13.75,0.013687360569333763,TIME_SENSOR,2.7613402542968153
11.75,14.0,4.7963652777143213e-05,TIME_SENSOR,2.75
11.75,14.25,4.76769712580864e-05,TIME_SENSOR,2.7613402542968153
11.75,14.5,4.736582699265572e-05,TIME_SENSOR,2.7950849718747373
11.75,14.75,1.091048002250666e-15,TIME_SENSOR,2.850438562747845
11.75,15.0,1.08273067183106e-15,TIME_SENSOR,2.9261749776799064
11.75,15.25,1.3441175155846835e-15,TIME_SENSOR,3.020761493398643
11.75,15.5,1.3323978931838108e-15,TIME_SENSOR,3.132491021535417
11.75,15.75,1.320050943284767e-15,TIME_SENSOR,3.2596012026013246
11.75,16.0,1.3070960552593349e-15,TIME_SENSOR,3.400367627183861
12.0,0.0,0.0049164256251327774,GABA_C_RIGHT,9.031195934094221
12.0,0.25,0.0050406048081371195,GABA_C_RIGHT,8.782084035125148
12.0,0.5,0.0004482494436479883,GABA_C_RIGHT,8.533024082938006
12.0,0.75,0.0004590638032359506,GABA_C_RIGHT,8.284020762890446
12.0,1.0,0.00046987939326972097,GABA_C_RIGHT,8.035079339994098
12.0,1.25,1.5759662920105416e-124,GABA_C_RIGHT,7.786205751198718
12.0,1.5,1.6113147719862603e-124,GABA_C_RIGHT,7.5374067158406675
12.0,1.75,0.0001795103324142972,GABA_C_RIGHT,7.2886898685566255
12.0,2.0,0.00018333400713837692,GABA_C_RIGHT,7.0400639201643616
12.0,2.25,0.00018713570965397046,GABA_C_RIGHT,6.791538853603062
12.0,2.5,0.003853101512979756,GABA_C_RIGHT,6.5431261641512
12.0,2.75,0.003928657818808654,GABA_C_RIGHT,6.294839156007086
12.0,3.0,0.004003483239046533,GABA_C_RIGHT,6.046693311223912
12.0,3.25,2.0055955150523503e-10,GABA_C_RIGHT,5.798706752371601
12.0,3.5,2.0415370967832665e-10,GABA_C_RIGHT,5.55090082779363
12.0,3.75,2.0769749553588643e-10,GABA_C_RIGHT,5.303300858899107
12.0,4.0,0.0018584167198440757,GABA_C_RIGHT,5.055937104039171
12.0,4.25,0.0018885879021400707,GABA_C_RIGHT,4.808846015417836
12.0,4.5,0.02466704870231579,GABA_C_RIGHT,4.562071897723665
12.0,4.75,0.02503983172799907,GABA_C_RIGHT,4.315669125408017
12.0,5.0,0.02540420908494538,GABA_C_RIGHT,4.0697051490249265
12.0,5.25,1.6875058733689268e-11,GABA_C_RIGHT,3.824264635194589
12.0,5.5,1.710171564273175e-11,GABA_C_RIGHT,3.5794552658190883
12.0,5.75,1.732184414133763e-11,GABA_C_RIGHT,3.3354160160315836
12.0,6.0,0.009746645942992262,GABA_C_RIGHT,3.092329219213245
12.0,6.25,0.009861199640735844,GABA_C_RIGHT,2.850438562747845
12.0,6.5,5.923855155755367e-23,GABA_C_RIGHT,2.6100766272276377
12.0,6.75,5.986860069731597e-23,GABA_C_RIGHT,2.3717082451262845
12.0,7.0,6.047193169290739e-23,GABA_C_RIGHT,2.1360009363293826
12.0,7.25,1.249987785842873e-10,GABA_C_RIGHT,1.9039432764659772
12.0,7.5,1.2611902917431826e-10,GABA_C_RIGHT,1.6770509831248424
12.0,7.75,1.2717903531072702e-10,GABA_C_RIGHT,1.4577379737113252
12.0,8.0,3.7669191752465083e-06,GABA_C_RIGHT,1.25
12.0,8.25,3.794384387749183e-06,GABA_C_RIGHT,1.0606601717798212
12.0,8.5,3.819938801923865e-06,GABA_C_RIGHT,0.9013878188659973
12.0,8.75,0.029387623216513496,GABA_C_RIGHT,0.7905694150420949
12.0,9.0,0.029552869705195526,GABA_C_RIGHT,0.75
12.0,9.25,0.00019232526077341165,GABA_C_RIGHT,0.7905694150420949
12.0,9.5,0.00019319311340056027,GABA_C_RIGHT,0.9013878188659973
12.0,9.75,0.00019395769333324458,GABA_C_RIGHT,1.0606601717798212
12.0,10.0,0.00351105963944378,GABA_C_RIGHT,1.25
12.0,10.25,0.0035210621523884696,GABA_C_RIGHT,1.4577379737113252
12.0,10.5,0.0035291428150191735,GABA_C_RIGHT,1.6770509831248424
12.0,10.75,0.023540512633478547,GABA_C_RIGHT,1.9039432764659772
12.0,11.0,0.023568479964633487,GABA_C_RIGHT,2.1360009363293826
12.0,11.25,0.001955376019768645,GABA_C_RIGHT,2.3717082451262845
12.0,11.5,0.0019555370924178557,GABA_C_RIGHT,2.6100766272276377
12.0,11.75,0.0019546179779374433,GABA_C_RIGHT,2.850438562747845
12.0,12.0,3.039530896120394e-09,GABA_C_RIGHT,3.092329219213245
12.0,12.25,3.0347471247375985e-09,GABA_C_RIGHT,3.3354160160315836
12.0,12.5,3.028297323575927e-09,TIME_SENSOR,3.3541019662496847
12.0,12.75,0.027461755161682,TIME_SENSOR,3.25
12.0,13.0,0.0273731268743006,TIME_SENSOR,3.1622776601683795
12.0,13.25,0.027269714280761123,TIME_SENSOR,3.092329219213245
12.0,13.5,0.013720552678711289,TIME_SENSOR,3.0413812651491097
12.0,13.75,0.01365362272386811,TIME_SENSOR,3.010398644698074
12.0,14.0,4.784542762356693e-05,TIME_SENSOR,3.0
12.0,14.25,4.755945274307193e-05,TIME_SENSOR,3.010398644698074
12.0,14.5,4.7249075414194984e-05,TIME_SENSOR,3.0413812651491097
12.0,14.75,1.0883586883607394e-15,TIME_SENSOR,3.092329219213245
12.0,15.0,1.0800618592501304e-15,TIME_SENSOR,3.1622776601683795
12.0,15.25,1.3408044130475827e-15,TIME_SENSOR,3.25
12.0,15.5,1.329113678232996e-15,TIME_SENSOR,3.3541019662496847
12.0,15.75,1.316797162213849e-15,TIME_SENSOR,3.473110997362451
12.0,16.0,1.3038742065692444e-15,TIME_SENSOR,3.605551275463989
12.25,0.0,0.004903481066042924,GABA_C_RIGHT,9.055385138137417
12.25,0.25,0.005027333295098463,GABA_C_RIGHT,8.806957476904268
12.25,0.5,0.0004470692383824731,GABA_C_RIGHT,8.558621384311845
12.25,0.75,0.00045785512461857795,GABA_C_RIGHT,8.31038506929733
12.25,1.0,0.0004686422380608247,GABA_C_RIGHT,8.06225774829855
12.25,1.25,1.5718168976443862e-124,GABA_C_RIGHT,7.814249804043892
12.25,1.5,1.607072307873368e-124,GABA_C_RIGHT,7.566372975210778
12.25,1.75,0.00017903769593357889,GABA_C_RIGHT,7.318640584152224
12.25,2.0,0.00018285130322510086,GABA_C_RIGHT,7.0710678118654755
12.25,2.25,0.0001866429961592205,GABA_C_RIGHT,6.823672031978091
12.25,2.5,0.0038429566020186305,GABA_C_RIGHT,6.576473218982953
12.25,2.75,0.003918313974081417,GABA_C_RIGHT,6.329494450586082
12.25,3.0,0.00399294238491703,GABA_C_RIGHT,6.082762530298219
12.25,3.25,2.0003149409860562e-10,GABA_C_RIGHT,5.836308764964376
12.25,3.5,2.0361618913803117e-10,GABA_C_RIGHT,5.5901699437494745
12.25,3.75,2.0715064448824016e-10,GABA_C_RIGHT,5.344389581607987
12.25,4.0,0.0018535236558830106,GABA_C_RIGHT,5.0990195135927845
12.25,4.25,0.0018836153998468066,GABA_C_RIGHT,4.8541219597369
12.25,4.5,0.024602102317717364,GABA_C_RIGHT,4.6097722286464435
12.25,4.75,0.02497390383523362,GABA_C_RIGHT,4.366062299143245
12.25,5.0,0.025337321815472616,GABA_C_RIGHT,4.123105625617661
12.25,5.25,1.6830628041235318e-11,GABA_C_RIGHT,3.881043674065006
12.25,5.5,1.7056688180596748e-11,GABA_C_RIGHT,3.640054944640259
12.25,5.75,1.7276237098308945e-11,GABA_C_RIGHT,3.400367627183861
12.25,6.0,0.009720983796555635,GABA_C_RIGHT,3.1622776601683795
12.25,6.25,0.009835235883490376,GABA_C_RIGHT,2.9261749776799064
12.25,6.5,5.908258114540829e-23,GABA_C_RIGHT,2.692582403567252
12.25,6.75,5.971097141571113e-23,GABA_C_RIGHT,2.462214450449026
12.25,7.0,6.031271388859956e-23,GABA_C_RIGHT,2.23606797749979
12.25,7.25,1.2466966670526845e-10,GABA_C_RIGHT,2.0155644370746373
12.25,7.5,1.2578696776426533e-10,GABA_C_RIGHT,1.8027756377319946
12.25,7.75,1.268441829885126e-10,GABA_C_RIGHT,1.6007810593582121
12.25,8.0,3.757001175551483e-06,GABA_C_RIGHT,1.4142135623730951
12.25,8.25,3.7843940743260023e-06,GABA_C_RIGHT,1.25
12.25,8.5,3.8098812057531114e-06,GABA_C_RIGHT,1.118033988749895
12.25,8.75,0.02931024793328093,GABA_C_RIGHT,1.0307764064044151
12.25,9.0,0.02947505934105251,GABA_C_RIGHT,1.0
12.25,9.25,0.000191818883601788,GABA_C_RIGHT,1.0307764064044151
12.25,9.5,0.00019268445124173857,GABA_C_RIGHT,1.118033988749895
12.25,9.75,0.00019344701809604598,GABA_C_RIGHT,1.25
12.25,10.0,0.003501815297632029,GABA_C_RIGHT,1.4142135623730951
12.25,10.25,0.0035117914747527412,GABA_C_RIGHT,1.6007810593582121
12.25,10.5,0.0035198508616390563,GABA_C_RIGHT,1.8027756377319946
12.25,10.75,0.023478532329081838,GABA_C_RIGHT,2.0155644370746373
12.25,11.0,0.02350642602447,GABA_C_RIGHT,2.23606797749979
12.25,11.25,0.0019502276696540036,GABA_C_RIGHT,2.462214450449026
12.25,11.5,0.0019503883182116926,GABA_C_RIGHT,2.692582403567252
12.25,11.75,0.001949471623686876,GABA_C_RIGHT,2.9261749776799064
12.25,12.0,3.0315280521255344e-09,GABA_C_RIGHT,3.1622776601683795
12.25,12.25,3.0267568760337212e-09,GABA_C_RIGHT,3.400367627183861
12.25,12.5,3.020324056687421e-09,TIME_SENSOR,3.5794552658190883
12.25,12.75,0.027389450536430625,TIME_SENSOR,3.48209706929603
12.25,13.0,0.02730105560030693,TIME_SENSOR,3.400367627183861
12.25,13.25,0.027197915283931756,TIME_SENSOR,3.3354160160315836
12.25,13.5,0.013684427550734757,TIME_SENSOR,3.2882366094914763
12.25,13.75,0.013617673817159103,TIME_SENSOR,3.2596012026013246
12.25,14.0,4.771945440394035e-05,TIME_SENSOR,3.25
12.25,14.25,4.743423247264485e-05,TIME_SENSOR,3.2596012026013246
12.25,14.5,4.71246723426803e-05,TIME_SENSOR,3.2882366094914763
12.25,14.75,1.085493126176615e-15,TIME_SENSOR,3.3354160160315836
12.25,15.0,1.0772181419596075e-15,TIME_SENSOR,3.400367627183861
12.25,15.25,1.3372741812743397e-15,TIME_SENSOR,3.48209706929603
12.25,15.5,1.3256142272381377e-15,TIME_SENSOR,3.5794552658190883
12.25,15.75,1.313330139629699e-15,TIME_SENSOR,3.69120576505835
12.25,16.0,1.3004412091032825e-15,TIME_SENSOR,3.816084380618437
12.5,0.0,0.004889746794697717,GABA_C_RIGHT,9.086390922693123
12.5,0.25,0.005013252123235513,GABA_C_RIGHT,8.838834764831844
12.5,0.5,0.00044581703201166414,GABA_C_RIGHT,8.59142013871979
12.5,0.75,0.00045657270781435046,GABA_C_RIGHT,8.344159634139318
12.5,1.0,0.000467329607385869,GABA_C_RIGHT,8.097067370350823
12.5,1.25,1.5674143600417174e-124,GABA_C_RIGHT,7.850159234053791
12.5,1.5,1.6025710225924786e-124,GABA_C_RIGHT,7.603453162872775
12.5,1.75,0.00017853622518986564,GABA_C_RIGHT,7.3569694847810805
12.5,2.0,0.00018233915086221942,GABA_C_RIGHT,7.110731326663946
12.5,2.25,0.00018612022355759164,GABA_C_RIGHT,6.864765108872991
12.5,2.5,0.003832192777700946,GABA_C_RIGHT,6.619101147436863
12.5,2.75,0.003907339079590965,GABA_C_RIGHT,6.373774391990981
12.5,3.0,0.003981758462017847,GABA_C_RIGHT,6.128825336065631
12.5,3.25,1.994712213494025e-10,GABA_C_RIGHT,5.88430114796991
12.5,3.5,2.030458759351793e-10,GABA_C_RIGHT,5.640257086339239
12.5,3.75,2.065704315492246e-10,GABA_C_RIGHT,5.3967582862307255
12.5,4.0,0.0018483320794311414,GABA_C_RIGHT,5.153882032022076
12.5,4.25,0.0018783395387466876,GABA_C_RIGHT,4.911720676097125
12.5,4.5,0.024533193731277825,GABA_C_RIGHT,4.670385423067351
12.5,4.75,0.02490395386148997,GABA_C_RIGHT,4.430011286667337
12.5,5.0,0.02526635393606458,GABA_C_RIGHT,4.190763653560053
12.5,5.25,1.6783486753379767e-11,GABA_C_RIGHT,3.952847075210474
12.5,5.5,1.7008913715769062e-11,GABA_C_RIGHT,3.7165171868296265
12.5,5.75,1.7227847693937535e-11,GABA_C_RIGHT,3.48209706929603
12.5,6.0,0.009693756072535484,GABA_C_RIGHT,3.25
12.5,6.25,0.00980768814820831,GABA_C_RIGHT,3.020761493398643
12.5,6.5,5.891709540368786e-23,GABA_C_RIGHT,2.7950849718747373
12.5,6.75,5.954372560142862e-23,GABA_C_RIGHT,2.57390753524675
12.5,7.0,6.01437826401752e-23,GABA_C_RIGHT,2.358495283014151
12.5,7.25,1.2432047660786927e-10,GABA_C_RIGHT,2.1505813167606567
12.5,7.5,1.2543464819298588e-10,GABA_C_RIGHT,1.9525624189766635
12.5,7.75,1.2648890223913039e-10,GABA_C_RIGHT,1.7677669529663689
12.5,8.0,3.7464781057375473e-06,GABA_C_RIGHT,1.6007810593582121
12.5,8.25,3.773794279120526e-06,GABA_C_RIGHT,1.4577379737113252
12.5,8.5,3.799210023063088e-06,GABA_C_RIGHT,1.346291201783626
12.5,8.75,0.029228152194990288,GABA_C_RIGHT,1.2747548783981961
12.5,9.0,0.029392501978751366,GABA_C_RIGHT,1.25
12.5,9.25,0.00019128161373961483,GABA_C_RIGHT,1.2747548783981961
12.5,9.5,0.00019214475699152873,GABA_C_RIGHT,1.346291201783626
12.5,9.75,0.00019290518795503635,GABA_C_RIGHT,1.4577379737113252
12.5,10.0,0.003492006983732025,GABA_C_RIGHT,1.6007810593582121
12.5,10.25,0.0035019552183519474,GABA_C_RIGHT,1.7677669529663689
12.5,10.5,0.0035099920315187186,GABA_C_RIGHT,1.9525624189766635
12.5,10.75,0.023412770775309788,GABA_C_RIGHT,2.1505813167606567
12.5,11.0,0.02344058634261381,GABA_C_RIGHT,2.358495283014151
12.5,11.25,0.0019447652327363929,GABA_C_RIGHT,2.57390753524675
12.5,11.5,0.0019449254313298927,GABA_C_RIGHT,2.7950849718747373
12.5,11.75,0.0019440113043955641,GABA_C_RIGHT,3.020761493398643
12.5,12.0,3.0230369764391555e-09,GABA_C_RIGHT,3.25
12.5,12.25,3.0182791640426836e-09,GABA_C_RIGHT,3.48209706929603
12.5,12.5,3.011864362526009e-09,GABA_C_RIGHT,3.7165171868296265
12.5,12.75,0.027312734803138925,TIME_SENSOR,3.7165171868296265
12.5,13.0,0.02722458745439691,TIME_SENSOR,3.640054944640259
12.5,13.25,0.02712173602607344,TIME_SENSOR,3.5794552658190883
12.5,13.5,0.013646098527199385,TIME_SENSOR,3.5355339059327378
12.5,13.75,0.0135795317656703,TIME_SENSOR,3.5089172119045497
12.5,14.0,4.758579590166376e-05,TIME_SENSOR,3.5
12.5,14.25,4.73013728549454e-05,TIME_SENSOR,3.5089172119045497
12.5,14.5,4.699267977897074e-05,TIME_SENSOR,3.5355339059327378
12.5,14.75,1.0824527438568977e-15,TIME_SENSOR,3.5794552658190883
12.5,15.0,1.0742009372308878e-15,TIME_SENSOR,3.640054944640259
12.5,15.25,1.3335285796861638e-15,TIME_SENSOR,3.7165171868296265
12.5,15.5,1.3219012842797085e-15,TIME_SENSOR,3.8078865529319543
12.5,15.75,1.3096516034508965e-15,TIME_SENSOR,3.913118960624632
12.5,16.0,1.2967987738223556e-15,TIME_SENSOR,4.031128874149275
12.75,0.0,0.0157056395055961,GABA_C_RIGHT,9.12414379544733
12.75,0.25,0.01610233288226301,GABA_C_RIGHT,8.877640452282352
12.75,0.5,2.5521094301919458e-27,GABA_C_RIGHT,8.631338250816034
12.75,0.75,2.61368101600656e-27,GABA_C_RIGHT,8.38525491562421
12.75,1.0,2.6752596073677396e-27,GABA_C_RIGHT,8.139410298049853
12.75,1.25,5.859958346079901e-05,GABA_C_RIGHT,7.893826701923472
12.75,1.5,5.9913955610159465e-05,GABA_C_RIGHT,7.648529270389178
12.75,1.75,6.415801904987927e-05,GABA_C_RIGHT,7.403546447480424
12.75,2.0,6.55246222558823e-05,GABA_C_RIGHT,7.158910531638177
12.75,2.25,6.688337246895916e-05,GABA_C_RIGHT,6.914658342969665
12.75,2.5,0.00464088304847511,GABA_C_RIGHT,6.670832032063167
12.75,2.75,0.004731887133819221,GABA_C_RIGHT,6.427480066091221
12.75,3.0,0.004822010901180972,GABA_C_RIGHT,6.18465843842649
12.75,3.25,3.127387473639614e-05,GABA_C_RIGHT,5.942432162002357
12.75,3.5,3.183432300048755e-05,GABA_C_RIGHT,5.70087712549569
12.75,3.75,3.238691655272754e-05,GABA_C_RIGHT,5.460082416960389
12.75,4.0,0.005922546730898471,GABA_C_RIGHT,5.220153254455275
12.75,4.25,0.006018698597789488,GABA_C_RIGHT,4.981214711292819
12.75,4.5,0.009411297936585402,GABA_C_RIGHT,4.743416490252569
12.75,4.75,0.009553527035929491,GABA_C_RIGHT,4.5069390943299865
12.75,5.0,0.009692549093612675,GABA_C_RIGHT,4.272001872658765
12.75,5.25,0.00993961983637623,GABA_C_RIGHT,4.038873605350878
12.75,5.5,0.010073123579665296,GABA_C_RIGHT,3.8078865529319543
12.75,5.75,0.010202782007871336,GABA_C_RIGHT,3.5794552658190883
12.75,6.0,7.203288994643679e-19,GABA_C_RIGHT,3.3541019662496847
12.75,6.25,7.287950261204344e-19,GABA_C_RIGHT,3.132491021535417
12.75,6.5,3.401023840448671e-11,GABA_C_RIGHT,2.9154759474226504
12.75,6.75,3.437196435636179e-11,GABA_C_RIGHT,2.704163456597992
12.75,7.0,3.471835079656611e-11,GABA_C_RIGHT,2.5
12.75,7.25,0.02578250971971063,GABA_C_RIGHT,2.3048861143232218
12.75,7.5,0.026013574951332143,GABA_C_RIGHT,2.1213203435596424
12.75,7.75,0.026232214035845143,GABA_C_RIGHT,1.9525624189766635
12.75,8.0,0.012096228173962277,GABA_C_RIGHT,1.8027756377319946
12.75,8.25,0.012184423715682914,GABA_C_RIGHT,1.6770509831248424
12.75,8.5,0.01226648335389871,GABA_C_RIGHT,1.5811388300841898
12.75,8.75,0.02018604006271541,GABA_C_RIGHT,1.5206906325745548
12.75,9.0,0.020299546085852528,GABA_C_RIGHT,1.5
12.75,9.25,0.006479745596154351,GABA_C_RIGHT,1.5206906325745548
12.75,9.5,0.006508984939006471,GABA_C_RIGHT,1.5811388300841898
12.75,9.75,0.0065347448596315425,GABA_C_RIGHT,1.6770509831248424
12.75,10.0,7.087080997747959e-15,GABA_C_RIGHT,1.8027756377319946
12.75,10.25,7.107271090397956e-15,GABA_C_RIGHT,1.9525624189766635
12.75,10.5,7.123581924294344e-15,GABA_C_RIGHT,2.1213203435596424
12.75,10.75,1.286351126652481e-05,GABA_C_RIGHT,2.3048861143232218
12.75,11.0,1.2878793774812017e-05,GABA_C_RIGHT,2.5
12.75,11.25,2.239321075687112e-05,GABA_C_RIGHT,2.704163456597992
12.75,11.5,2.2395055380996855e-05,GABA_C_RIGHT,2.9154759474226504
12.75,11.75,2.238452956700431e-05,GABA_C_RIGHT,3.132491021535417
12.75,12.0,0.0018701398922245016,GABA_C_RIGHT,3.3541019662496847
12.75,12.25,0.001867196569059185,GABA_C_RIGHT,3.5794552658190883
12.75,12.5,0.0018632281835215501,GABA_C_RIGHT,3.8078865529319543
12.75,12.75,4.0796270224821466e-19,TIME_SENSOR,3.952847075210474
12.75,13.0,4.066460698843009e-19,TIME_SENSOR,3.881043674065006
12.75,13.25,4.051098067846383e-19,TIME_SENSOR,3.824264635194589
12.75,13.5,0.024361896820375248,TIME_SENSOR,3.783186487605389
12.75,13.75,0.02424305753654583,TIME_SENSOR,3.758324094593227
12.75,14.0,4.680757746145727e-05,TIME_SENSOR,3.75
12.75,14.25,4.652780587124146e-05,TIME_SENSOR,3.758324094593227
12.75,14.5,4.622416116399817e-05,TIME_SENSOR,3.783186487605389
12.75,14.75,2.7986718337979577e-55,TIME_SENSOR,3.824264635194589
12.75,15.0,2.7773368619821218e-55,TIME_SENSOR,3.881043674065006
12.75,15.25,1.377321103023905e-55,TIME_SENSOR,3.952847075210474
12.75,15.5,1.3653119720773655e-55,TIME_SENSOR,4.038873605350878
12.75,15.75,1.3526600168303318e-55,TIME_SENSOR,4.138236339311712
12.75,16.0,1.3393851056281085e-55,TIME_SENSOR,4.25
13.0,0.0,0.01565637340163146,GABA_C_RIGHT,9.168560410446124
13.0,0.25,0.01605182241399661,GABA_C_RIGHT,8.923284148787374
13.0,0.5,2.5441038670646256e-27,GABA_C_RIGHT,8.678277478854891
13.0,0.75,2.6054823125650917e-27,GABA_C_RIGHT,8.4335638967165
13.0,1.0,2.666867741636833e-27,GABA_C_RIGHT,8.1891696770796
13.0,1.25,5.8415765847384684e-05,GABA_C_RIGHT,7.945124291035352
13.0,1.5,5.972601501945818e-05,GABA_C_RIGHT,7.7014609003746815
13.0,1.75,6.39567655042627e-05,GABA_C_RIGHT,7.458216945088149
13.0,2.0,6.531908189242546e-05,GABA_C_RIGHT,7.215434844830906
13.0,2.25,6.667356992125727e-05,GABA_C_RIGHT,6.9731628404906765
13.0,2.5,0.0046263253332879985,GABA_C_RIGHT,6.73145600891813
13.0,2.75,0.0047170439532279035,GABA_C_RIGHT,6.490377492873585
13.0,3.0,0.004806885016603551,GABA_C_RIGHT,6.25
13.0,3.25,3.1175773543917376e-05,GABA_C_RIGHT,6.010407640085654
13.0,3.5,3.173446377055761e-05,GABA_C_RIGHT,5.771698190307598
13.0,3.75,3.2285323924333625e-05,GABA_C_RIGHT,5.533985905294664
13.0,4.0,0.005903968639705436,GABA_C_RIGHT,5.297405025104273
13.0,4.25,0.005999818893416743,GABA_C_RIGHT,5.062114182829147
13.0,4.5,0.009381776185343067,GABA_C_RIGHT,4.828301978956992
13.0,4.75,0.009523559134526086,GABA_C_RIGHT,4.596194077712559
13.0,5.0,0.009662145102030022,GABA_C_RIGHT,4.366062299143245
13.0,5.25,0.009908440822999954,GABA_C_RIGHT,4.138236339311712
13.0,5.5,0.01004152578618814,GABA_C_RIGHT,3.913118960624632
13.0,5.75,0.010170777496437767,GABA_C_RIGHT,3.69120576505835
13.0,6.0,7.180693417789198e-19,GABA_C_RIGHT,3.473110997362451
13.0,6.25,7.265089115363723e-19,GABA_C_RIGHT,3.2596012026013246
13.0,6.5,3.390355367251506e-11,GABA_C_RIGHT,3.0516389039334255
13.0,6.75,3.4264144947362486e-11,GABA_C_RIGHT,2.850438562747845
13.0,7.0,3.460944482815807e-11,GABA_C_RIGHT,2.6575364531836625
13.0,7.25,0.025701634069669885,GABA_C_RIGHT,2.4748737341529163
13.0,7.5,0.025931974486251577,GABA_C_RIGHT,2.3048861143232218
13.0,7.75,0.026149927734580417,GABA_C_RIGHT,2.1505813167606567
13.0,8.0,0.012058284221754147,GABA_C_RIGHT,2.0155644370746373
13.0,8.25,0.012146203108027161,GABA_C_RIGHT,1.9039432764659772
13.0,8.5,0.012228005338152942,GABA_C_RIGHT,1.8200274723201295
13.0,8.75,0.020122719651724835,GABA_C_RIGHT,1.7677669529663689
13.0,9.0,0.020235869624442324,GABA_C_RIGHT,1.75
13.0,9.25,0.006459419660359708,GABA_C_RIGHT,1.7677669529663689
13.0,9.5,0.006488567284023678,GABA_C_RIGHT,1.8200274723201295
13.0,9.75,0.006514246399857121,GABA_C_RIGHT,1.9039432764659772
13.0,10.0,7.064849946976898e-15,GABA_C_RIGHT,2.0155644370746373
13.0,10.25,7.08497670650358e-15,GABA_C_RIGHT,2.1505813167606567
13.0,10.5,7.101236375897038e-15,GABA_C_RIGHT,2.3048861143232218
13.0,10.75,1.2823160468763207e-05,GABA_C_RIGHT,2.4748737341529163
13.0,11.0,1.2838395038242072e-05,GABA_C_RIGHT,2.6575364531836625
13.0,11.25,2.232296680094325e-05,GABA_C_RIGHT,2.850438562747845
13.0,11.5,2.2324805638775217e-05,GABA_C_RIGHT,3.0516389039334255
13.0,11.75,2.2314312842594288e-05,GABA_C_RIGHT,3.2596012026013246
13.0,12.0,0.0018642735595402497,GABA_C_RIGHT,3.473110997362451
13.0,12.25,0.0018613394691135944,GABA_C_RIGHT,3.69120576505835
13.0,12.5,0.001857383531772953,GABA_C_RIGHT,3.913118960624632
13.0,12.75,4.0668298785673797e-19,GABA_C_RIGHT,4.138236339311712
13.0,13.0,4.0537048556004623e-19,TIME_SENSOR,4.123105625617661
13.0,13.25,4.0383904147444274e-19,TIME_SENSOR,4.0697051490249265
13.0,13.5,0.02428547740802971,TIME_SENSOR,4.031128874149275
13.0,13.75,0.02416701090421413,TIME_SENSOR,4.00780488547035
13.0,14.0,4.6660749503466287e-05,TIME_SENSOR,4.0
13.0,14.25,4.638185551242401e-05,TIME_SENSOR,4.00780488547035
13.0,14.5,4.607916329054179e-05,TIME_SENSOR,4.031128874149275
13.0,14.75,2.789892843456451e-55,TIME_SENSOR,4.0697051490249265
13.0,15.0,2.7686247960685696e-55,TIME_SENSOR,4.123105625617661
13.0,15.25,1.373000664837985e-55,TIME_SENSOR,4.190763653560053
13.0,15.5,1.361029204633444e-55,TIME_SENSOR,4.272001872658765
13.0,15.75,1.348416936566441e-55,TIME_SENSOR,4.366062299143245
13.0,16.0,1.335183666658428e-55,TIME_SENSOR,4.47213595499958
13.25,0.0,0.015604632865740334,GABA_C_RIGHT,9.219544457292887
13.25,0.25,0.01599877501454951,GABA_C_RIGHT,8.97566153550812
13.25,0.5,2.5356962177279732e-27,GABA_C_RIGHT,8.73212459828649
13.25,0.75,2.5968718222779274e-27,GABA_C_RIGHT,8.488963423174823
13.25,1.0,2.658054387320139e-27,GABA_C_RIGHT,8.246211251235321
13.25,1.25,5.822271583817123e-05,GABA_C_RIGHT,8.00390529679106
13.25,1.5,5.95286349529208e-05,GABA_C_RIGHT,7.762087348130012
13.25,1.75,6.374540382833916e-05,GABA_C_RIGHT,7.520804478245662
13.25,2.0,6.510321808959368e-05,GABA_C_RIGHT,7.280109889280518
13.25,2.25,6.645322986235571e-05,GABA_C_RIGHT,7.0400639201643616
13.25,2.5,0.004611036444487859,GABA_C_RIGHT,6.800735254367722
13.25,2.75,0.00470145526128111,GABA_C_RIGHT,6.562202374203344
13.25,3.0,0.004790999421622776,GABA_C_RIGHT,6.324555320336759
13.25,3.25,3.107274513570283e-05,GABA_C_RIGHT,6.0878978309429606
13.25,3.5,3.1629589025967336e-05,GABA_C_RIGHT,5.852349955359813
13.25,3.75,3.2178628719868874e-05,GABA_C_RIGHT,5.618051263561058
13.25,4.0,0.0058844574480988975,GABA_C_RIGHT,5.385164807134504
13.25,4.25,0.005979990939852304,GABA_C_RIGHT,5.153882032022076
13.25,4.5,0.009350771679063874,GABA_C_RIGHT,4.924428900898052
13.25,4.75,0.009492086069814953,GABA_C_RIGHT,4.697073557013984
13.25,5.0,0.009630214044139902,GABA_C_RIGHT,4.47213595499958
13.25,5.25,0.009875695817188192,GABA_C_RIGHT,4.25
13.25,5.5,0.010008340966689152,GABA_C_RIGHT,4.031128874149275
13.25,5.75,0.010137165531227467,GABA_C_RIGHT,3.816084380618437
13.25,6.0,7.156962958890743e-19,GABA_C_RIGHT,3.605551275463989
13.25,6.25,7.241079749051181e-19,GABA_C_RIGHT,3.400367627183861
13.25,6.5,3.379151060924432e-11,GABA_C_RIGHT,3.2015621187164243
13.25,6.75,3.4150910216946373e-11,GABA_C_RIGHT,3.010398644698074
13.25,7.0,3.449506896496381e-11,GABA_C_RIGHT,2.8284271247461903
13.25,7.25,0.025616696371396557,GABA_C_RIGHT,2.6575364531836625
13.25,7.5,0.025846275568487273,GABA_C_RIGHT,2.5
13.25,7.75,0.02606350853392694,GABA_C_RIGHT,2.358495283014151
13.25,8.0,0.01201843450231043,GABA_C_RIGHT,2.23606797749979
13.25,8.25,0.012106062837880929,GABA_C_RIGHT,2.1360009363293826
13.25,8.5,0.012187594731376683,GABA_C_RIGHT,2.0615528128088303
13.25,8.75,0.02005621891929732,GABA_C_RIGHT,2.0155644370746373
13.25,9.0,0.02016899495866037,GABA_C_RIGHT,2.0
13.25,9.25,0.006438072837171532,GABA_C_RIGHT,2.0155644370746373
13.25,9.5,0.006467124134973208,GABA_C_RIGHT,2.0615528128088303
13.25,9.75,0.006492718387525714,GABA_C_RIGHT,2.1360009363293826
13.25,10.0,7.041502322794091e-15,GABA_C_RIGHT,2.23606797749979
13.25,10.25,7.061562568237535e-15,GABA_C_RIGHT,2.358495283014151
13.25,10.5,7.077768503347437e-15,GABA_C_RIGHT,2.5
13.25,10.75,1.2780783017903319e-05,GABA_C_RIGHT,2.6575364531836625
13.25,11.0,1.2795967240806468e-05,GABA_C_RIGHT,2.8284271247461903
13.25,11.25,2.224919478265195e-05,GABA_C_RIGHT,3.010398644698074
13.25,11.5,2.225102754356863e-05,GABA_C_RIGHT,3.2015621187164243
13.25,11.75,2.2240569423546954e-05,GABA_C_RIGHT,3.400367627183861
13.25,12.0,0.001858112585313088,GABA_C_RIGHT,3.605551275463989
13.25,12.25,0.0018551881913472373,GABA_C_RIGHT,3.816084380618437
13.25,12.5,0.0018512453274248583,GABA_C_RIGHT,4.031128874149275
13.25,12.75,4.0533899872274613e-19,GABA_C_RIGHT,4.25
13.25,13.0,4.0403083392941146e-19,TIME_SENSOR,4.366062299143245
13.25,13.25,4.0250445089694234e-19,TIME_SENSOR,4.315669125408017
13.25,13.5,0.024205219765775707,TIME_SENSOR,4.2793106921559225
13.25,13.75,0.024087144765166858,TIME_SENSOR,4.257346591481601
13.25,14.0,4.650654698654501e-05,TIME_SENSOR,4.25
13.25,14.25,4.622857467284034e-05,TIME_SENSOR,4.257346591481601
13.25,14.5,4.592688277570565e-05,TIME_SENSOR,4.2793106921559225
13.25,14.75,2.780672920866702e-55,TIME_SENSOR,4.315669125408017
13.25,15.0,2.759475159243025e-55,TIME_SENSOR,4.366062299143245
13.25,15.25,1.3684632289736753e-55,TIME_SENSOR,4.430011286667337
13.25,15.5,1.3565313315561535e-55,TIME_SENSOR,4.5069390943299865
13.25,15.75,1.3439607439915153e-55,TIME_SENSOR,4.596194077712559
13.25,16.0,1.3307712068470908e-55,TIME_SENSOR,4.697073557013984
13.5,0.0,0.01555044347743401,GABA_C_RIGHT,9.276987657639737
13.5,0.25,0.01594321690952082,GABA_C_RIGHT,9.034655499796326
13.5,0.5,2.5268906387597546e-27,GABA_C_RIGHT,8.792752697534487
13.5,0.75,2.5878538020034403e-27,GABA_C_RIGHT,8.551315688243536
13.5,1.0,2.6488239015680484e-27,GABA_C_RIGHT,8.31038506929733
13.5,1.25,5.8020528873316056e-05,GABA_C_RIGHT,8.070006195784487
13.5,1.5,5.932191299140054e-05,GABA_C_RIGHT,7.830229881682913
13.5,1.75,6.352403851519673e-05,GABA_C_RIGHT,7.591113225344488
13.5,2.0,6.487713756623875e-05,GABA_C_RIGHT,7.352720584926371
13.5,2.25,6.622246122407991e-05,GABA_C_RIGHT,7.115124735378854
13.5,2.5,0.004595023940602967,GABA_C_RIGHT,6.878408246098802
13.5,2.75,0.004685128764723942,GABA_C_RIGHT,6.642665127793212
13.5,3.0,0.004774361969766816,GABA_C_RIGHT,6.408002808988148
13.5,3.25,3.096484044698703e-05,GABA_C_RIGHT,6.174544517614234
13.5,3.5,3.151975061474392e-05,GABA_C_RIGHT,5.942432162002357
13.5,3.75,3.206688368736033e-05,GABA_C_RIGHT,5.7118298293979315
13.5,4.0,0.005864022802031244,GABA_C_RIGHT,5.482928049865327
13.5,4.25,0.005959224539649489,GABA_C_RIGHT,5.25594901040716
13.5,4.5,0.009318299745770715,GABA_C_RIGHT,5.031152949374527
13.5,4.75,0.009459123401465123,GABA_C_RIGHT,4.808846015417836
13.5,5.0,0.009596771706034233,GABA_C_RIGHT,4.589389937671455
13.5,5.25,0.009841401007432837,GABA_C_RIGHT,4.373213921133975
13.5,5.5,0.00997358552709552,GABA_C_RIGHT,4.16082924427331
13.5,5.75,0.010101962729340138,GABA_C_RIGHT,3.952847075210474
13.5,6.0,7.132109349824117e-19,GABA_C_RIGHT,3.75
13.5,6.25,7.215934032028907e-19,GABA_C_RIGHT,3.553167600887974
13.5,6.5,3.367416460657854e-11,GABA_C_RIGHT,3.3634060117684275
13.5,6.75,3.403231614615452e-11,GABA_C_RIGHT,3.181980515339464
13.5,7.0,3.437527975217817e-11,GABA_C_RIGHT,3.010398644698074
13.5,7.25,0.025527738616431202,GABA_C_RIGHT,2.850438562747845
13.5,7.5,0.025756520565911854,GABA_C_RIGHT,2.704163456597992
13.5,7.75,0.02597299915785113,GABA_C_RIGHT,2.57390753524675
13.5,8.0,0.011976698716554799,GABA_C_RIGHT,2.462214450449026
13.5,8.25,0.012064022749810482,GABA_C_RIGHT,2.3717082451262845
13.5,8.5,0.012145271511785363,GABA_C_RIGHT,2.3048861143232218
13.5,8.75,0.019986570742097292,GABA_C_RIGHT,2.2638462845343543
13.5,9.0,0.02009895515003644,GABA_C_RIGHT,2.25
13.5,9.25,0.00641571568004265,GABA_C_RIGHT,2.2638462845343543
13.5,9.5,0.00644466609292951,GABA_C_RIGHT,2.3048861143232218
13.5,9.75,0.006470171465666521,GABA_C_RIGHT,2.3717082451262845
13.5,10.0,7.017049667809333e-15,GABA_C_RIGHT,2.462214450449026
13.5,10.25,7.037040251092878e-15,GABA_C_RIGHT,2.57390753524675
13.5,10.5,7.053189908703776e-15,GABA_C_RIGHT,2.704163456597992
13.5,10.75,1.27363998645299e-05,GABA_C_RIGHT,2.850438562747845
13.5,11.0,1.2751531357980321e-05,GABA_C_RIGHT,3.010398644698074
13.5,11.25,2.217193117344348e-05,GABA_C_RIGHT,3.181980515339464
13.5,11.5,2.2173757569827666e-05,GABA_C_RIGHT,3.3634060117684275
13.5,11.75,2.2163335767169664e-05,GABA_C_RIGHT,3.553167600887974
13.5,12.0,0.0018516600154084503,GABA_C_RIGHT,3.75
13.5,12.25,0.0018487457768318059,GABA_C_RIGHT,3.952847075210474
13.5,12.5,0.0018448166050857163,GABA_C_RIGHT,4.16082924427331
13.5,12.75,4.039313992882405e-19,GABA_C_RIGHT,4.373213921133975
13.5,13.0,4.026277772900209e-19,GABA_C_RIGHT,4.589389937671455
13.5,13.25,4.0110669484767536e-19,TIME_SENSOR,4.562071897723665
13.5,13.5,0.02412116357142542,TIME_SENSOR,4.527692569068709
13.5,13.75,0.024003498603664658,TIME_SENSOR,4.5069390943299865
13.5,14.0,4.6345046145408706e-05,TIME_SENSOR,4.5
13.5,14.25,4.606803913154642e-05,TIME_SENSOR,4.5069390943299865
13.5,14.5,4.57673949040047e-05,TIME_SENSOR,4.527692569068709
13.5,14.75,2.7710166241785213e-55,TIME_SENSOR,4.562071897723665
13.5,15.0,2.749892474907389e-55,TIME_SENSOR,4.6097722286464435
13.5,15.25,1.3637110386507237e-55,TIME_SENSOR,4.670385423067351
13.5,15.5,1.3518205765061722e-55,TIME_SENSOR,4.743416490252569
13.5,15.75,1.3392936421602054e-55,TIME_SENSOR,4.828301978956992
13.5,16.0,1.3261499076281239e-55,TIME_SENSOR,4.924428900898052
13.75,0.0,0.015493831964924737,GABA_C_RIGHT,9.340770846134703
13.75,0.25,0.015885175502224548,GABA_C_RIGHT,9.100137361600648
13.75,0.5,2.5176914733974743e-27,GABA_C_RIGHT,8.860022573334675
13.75,0.75,2.5784326997630523e-27,GABA_C_RIGHT,8.620469824783333
13.75,1.0,2.6391808371978213e-27,GABA_C_RIGHT,8.381527307120106
13.75,1.25,5.78093046789146e-05,GABA_C_RIGHT,8.143248737451165
13.75,1.5,5.910595109782112e-05,GABA_C_RIGHT,7.905694150420948
13.75,1.75,6.329277875040215e-05,GABA_C_RIGHT,7.668930825088983
13.75,2.0,6.464095183364362e-05,GABA_C_RIGHT,7.433034373659253
13.75,2.25,6.598137783006468e-05,GABA_C_RIGHT,7.198090024443984
13.75,2.5,0.004578295719592979,GABA_C_RIGHT,6.96419413859206
13.75,2.75,0.004668072516388864,GABA_C_RIGHT,6.73145600891813
13.75,3.0,0.004756980867242798,GABA_C_RIGHT,6.5
13.75,3.25,3.085211270035678e-05,GABA_C_RIGHT,6.269968101992227
13.75,3.5,3.1405002713257694e-05,GABA_C_RIGHT,6.041522986797286
13.75,3.75,3.1950143943594515e-05,GABA_C_RIGHT,5.814851674806504
13.75,4.0,0.005842674780626351,GABA_C_RIGHT,5.5901699437494745
13.75,4.25,0.005937529935565594,GABA_C_RIGHT,5.367727638395972
13.75,4.5,0.009284376401823106,GABA_C_RIGHT,5.1478150704935
13.75,4.75,0.009424687387884812,GABA_C_RIGHT,4.930770730829005
13.75,5.0,0.009561834582712111,GABA_C_RIGHT,4.716990566028302
13.75,5.25,0.009805573309203553,GABA_C_RIGHT,4.5069390943299865
13.75,5.5,0.009937276610076607,GABA_C_RIGHT,4.301162633521313
13.75,5.75,0.010065186454100776,GABA_C_RIGHT,4.100304866714182
13.75,6.0,7.106144849309327e-19,GABA_C_RIGHT,3.905124837953327
13.75,6.25,7.189664367095358e-19,GABA_C_RIGHT,3.7165171868296265
13.75,6.5,3.355157354391007e-11,GABA_C_RIGHT,3.5355339059327378
13.75,6.75,3.390842122997265e-11,GABA_C_RIGHT,3.3634060117684275
13.75,7.0,3.425013627427517e-11,GABA_C_RIGHT,3.2015621187164243
13.75,7.25,0.02543480468203154,GABA_C_RIGHT,3.0516389039334255
13.75,7.5,0.025662753749015065,GABA_C_RIGHT,2.9154759474226504
13.75,7.75,0.025878444248927684,GABA_C_RIGHT,2.7950849718747373
13.75,8.0,0.01193309745012173,GABA_C_RIGHT,2.692582403567252
13.75,8.25,0.012020103579543466,GABA_C_RIGHT,2.6100766272276377
13.75,8.5,0.012101056554757565,GABA_C_RIGHT,2.5495097567963922
13.75,8.75,0.019913809473183927,GABA_C_RIGHT,2.5124689052802225
13.75,9.0,0.020025784744796823,GABA_C_RIGHT,2.5
13.75,9.25,0.006392359216350554,GABA_C_RIGHT,2.5124689052802225
13.75,9.5,0.006421204235030255,GABA_C_RIGHT,2.5495097567963922
13.75,9.75,0.0064466167552560275,GABA_C_RIGHT,2.6100766272276377
13.75,10.0,6.991504042977229e-15,GABA_C_RIGHT,2.692582403567252
13.75,10.25,7.011421850384171e-15,GABA_C_RIGHT,2.7950849718747373
13.75,10.5,7.027512715038767e-15,GABA_C_RIGHT,2.9154759474226504
13.75,10.75,1.2690032900057135e-05,GABA_C_RIGHT,3.0516389039334255
13.75,11.0,1.2705109307185937e-05,GABA_C_RIGHT,3.2015621187164243
13.75,11.25,2.209121408258999e-05,GABA_C_RIGHT,3.3634060117684275
13.75,11.5,2.209303382996369e-05,GABA_C_RIGHT,3.5355339059327378
13.75,11.75,2.2082649967960716e-05,GABA_C_RIGHT,3.7165171868296265
13.75,12.0,0.001844919032472669,GABA_C_RIGHT,3.905124837953327
13.75,12.25,0.0018420154032046192,GABA_C_RIGHT,4.100304866714182
13.75,12.5,0.0018381005356393578,GABA_C_RIGHT,4.301162633521313
13.75,12.75,4.0246088383336764e-19,GABA_C_RIGHT,4.5069390943299865
13.75,13.0,4.0116200768134634e-19,GABA_C_RIGHT,4.716990566028302
13.75,13.25,3.996464627516664e-19,TIME_SENSOR,4.808846015417836
13.75,13.5,0.02403335028460543,TIME_SENSOR,4.7762432936357
13.75,13.75,0.023916113677090726,TIME_SENSOR,4.756574397610112
13.75,14.0,4.6176326638250545e-05,TIME_SENSOR,4.75
13.75,14.25,4.59003280706138e-05,TIME_SENSOR,4.756574397610112
13.75,14.5,4.5600778340761035e-05,TIME_SENSOR,4.7762432936357
13.75,14.75,2.7609287162348845e-55,TIME_SENSOR,4.808846015417836
13.75,15.0,2.7398814695963008e-55,TIME_SENSOR,4.8541219597369
13.75,15.25,1.3587464378253107e-55,TIME_SENSOR,4.911720676097125
13.75,15.5,1.3468992630022695e-55,TIME_SENSOR,4.981214711292819
13.75,15.75,1.334417933059898e-55,TIME_SENSOR,5.062114182829147
13.75,16.0,1.3213220483973692e-55,TIME_SENSOR,5.153882032022076
14.0,0.0,0.015434826183159995,GABA_C_RIGHT,9.410765112359355
14.0,0.25,0.015824679351169033,GABA_C_RIGHT,9.17196816392207
14.0,0.5,2.5081032479690225e-27,GABA_C_RIGHT,8.933784192602818
14.0,0.75,2.5686131510857643e-27,GABA_C_RIGHT,8.696263565463044
14.0,1.0,2.6291299389519948e-27,GABA_C_RIGHT,8.459462157844316
14.0,1.25,5.758914718504364e-05,GABA_C_RIGHT,8.223442101699263
14.0,1.5,5.888085553338161e-05,GABA_C_RIGHT,7.988272654335229
14.0,1.75,6.305173832227019e-05,GABA_C_RIGHT,7.754031209635412
14.0,2.0,6.439477710388045e-05,GABA_C_RIGHT,7.520804478245662
14.0,2.25,6.573009830221183e-05,GABA_C_RIGHT,7.2886898685566255
14.0,2.5,0.004560860012358234,GABA_C_RIGHT,7.057797106746552
14.0,2.75,0.0046502949085777305,GABA_C_RIGHT,6.8282501418738315
14.0,3.0,0.004738864666192791,GABA_C_RIGHT,6.600189391222043
14.0,3.25,3.0734617362011834e-05,GABA_C_RIGHT,6.373774391990981
14.0,3.5,3.128540178169895e-05,GABA_C_RIGHT,6.149186938124422
14.0,3.75,3.182846692882143e-05,GABA_C_RIGHT,5.926634795564849
14.0,4.0,0.005820423887896362,GABA_C_RIGHT,5.706356105256663
14.0,4.25,0.005914917802144194,GABA_C_RIGHT,5.488624600025037
14.0,4.5,0.00924901833875466,GABA_C_RIGHT,5.273755777432247
14.0,4.75,0.009388794972859955,GABA_C_RIGHT,5.062114182829147
14.0,5.0,0.00952541986452391,GABA_C_RIGHT,4.8541219597369
14.0,5.25,0.00976823035104634,GABA_C_RIGHT,4.650268809434569
14.0,5.5,0.009899432080955763,GABA_C_RIGHT,4.451123453691214
14.0,5.75,0.01002685480079018,GABA_C_RIGHT,4.257346591481601
14.0,6.0,7.079082232836124e-19,GABA_C_RIGHT,4.0697051490249265
14.0,6.25,7.162283679892414e-19,GABA_C_RIGHT,3.8890872965260113
14.0,6.5,3.3423797740553135e-11,GABA_C_RIGHT,3.7165171868296265
14.0,6.75,3.377928642925891e-11,GABA_C_RIGHT,3.553167600887974
14.0,7.0,3.4119700106451245e-11,GABA_C_RIGHT,3.400367627183861
14.0,7.25,0.02533794029511329,GABA_C_RIGHT,3.2596012026013246
14.0,7.5,0.025565021254521467,GABA_C_RIGHT,3.132491021535417
14.0,7.75,0.025779890331651435,GABA_C_RIGHT,3.020761493398643
14.0,8.0,0.011887652156438841,GABA_C_RIGHT,2.9261749776799064
14.0,8.25,0.01197432693692789,GABA_C_RIGHT,2.850438562747845
14.0,8.5,0.012054971615679274,GABA_C_RIGHT,2.7950849718747373
14.0,8.75,0.019837970913779167,GABA_C_RIGHT,2.7613402542968153
14.0,9.0,0.019949519745473595,GABA_C_RIGHT,2.75
14.0,9.25,0.006368014938334908,GABA_C_RIGHT,2.7613402542968153
14.0,9.5,0.006396750105372932,GABA_C_RIGHT,2.7950849718747373
14.0,9.75,0.006422065846078575,GABA_C_RIGHT,2.850438562747845
14.0,10.0,6.964878017685283e-15,GABA_C_RIGHT,2.9261749776799064
14.0,10.25,6.98471997130733e-15,GABA_C_RIGHT,3.020761493398643
14.0,10.5,7.000749556476621e-15,GABA_C_RIGHT,3.132491021535417
14.0,10.75,1.2641704938737864e-05,GABA_C_RIGHT,3.2596012026013246
14.0,11.0,1.2656723929780646e-05,GABA_C_RIGHT,3.400367627183861
14.0,11.25,2.200708322587059e-05,GABA_C_RIGHT,3.553167600887974
14.0,11.5,2.2008896043027374e-05,GABA_C_RIGHT,3.7165171868296265
14.0,11.75,2.1998551726302586e-05,GABA_C_RIGHT,3.8890872965260113
14.0,12.0,0.001837892953317419,GABA_C_RIGHT,4.0697051490249265
14.0,12.25,0.001835000382057182,GABA_C_RIGHT,4.257346591481601
14.0,12.5,0.0018311004236391034,GABA_C_RIGHT,4.451123453691214
14.0,12.75,4.009281759058467e-19,GABA_C_RIGHT,4.650268809434569
14.0,13.0,3.9963424631597606e-19,GABA_C_RIGHT,4.8541219597369
14.0,13.25,3.981244730968438e-19,TIME_SENSOR,5.055937104039171
14.0,13.5,0.02394182311268441,TIME_SENSOR,5.024937810560445
14.0,13.75,0.02382503298204473,TIME_SENSOR,5.006246098625197
14.0,14.0,4.600047148127697e-05,TIME_SENSOR,5.0
14.0,14.25,4.572552401005628e-05,TIME_SENSOR,5.006246098625197
14.0,14.5,4.542711506745533e-05,TIME_SENSOR,5.024937810560445
14.0,14.75,2.750414160657738e-55,TIME_SENSOR,5.055937104039171
14.0,15.0,2.729447069092781e-55,TIME_SENSOR,5.0990195135927845
14.0,15.25,1.3535718692637411e-55,TIME_SENSOR,5.153882032022076
14.0,15.5,1.3417698125117956e-55,TIME_SENSOR,5.220153254455275
14.0,15.75,1.329336015718898e-55,TIME_SENSOR,5.297405025104273
14.0,16.0,1.316290004639235e-55,TIME_SENSOR,5.385164807134504
14.25,0.0,0.0050532105906277115,GABA_C_RIGHT,9.486832980505138
14.25,0.25,0.005180844691199728,GABA_C_RIGHT,9.25
14.25,0.5,0.017575434598958373,GABA_C_RIGHT,9.013878188659973
14.25,0.75,0.017999455358741197,GABA_C_RIGHT,8.77852493303972
14.25,1.0,0.018423524363134557,GABA_C_RIGHT,8.54400374531753
14.25,1.25,2.0953470392036497e-06,GABA_C_RIGHT,8.31038506929733
14.25,1.5,2.1423450830279122e-06,GABA_C_RIGHT,8.077747210701755
14.25,1.75,0.0010496354042099964,GABA_C_RIGHT,7.846177413237608
14.25,2.0,0.0010719932501935588,GABA_C_RIGHT,7.615773105863909
14.25,2.25,0.0010942226199628245,GABA_C_RIGHT,7.386643351347079
14.25,2.5,0.015480812135927113,GABA_C_RIGHT,7.158910531638177
14.25,2.75,0.015784378749026096,GABA_C_RIGHT,6.932712311931024
14.25,3.0,0.016085008843974874,GABA_C_RIGHT,6.708203932499369
14.25,3.25,0.017966566525827107,GABA_C_RIGHT,6.485560885536423
14.25,3.5,0.01828853913414494,GABA_C_RIGHT,6.264982043070834
14.25,3.75,0.01860599927944982,GABA_C_RIGHT,6.046693311223912
14.25,4.0,1.832930749576092e-18,GABA_C_RIGHT,5.830951894845301
14.25,4.25,1.862688170067894e-18,GABA_C_RIGHT,5.618051263561058
14.25,4.5,0.022514836811039177,GABA_C_RIGHT,5.408326913195984
14.25,4.75,0.022855094338012662,GABA_C_RIGHT,5.202163011671203
14.25,5.0,0.02318767959489886,GABA_C_RIGHT,5.0
14.25,5.25,6.9996153548684654e-09,GABA_C_RIGHT,4.802343178074636
14.25,5.5,7.093630505029305e-09,GABA_C_RIGHT,4.6097722286464435
14.25,5.75,7.184937732056005e-09,GABA_C_RIGHT,4.422951503238533
14.25,6.0,3.017127213780285e-42,GABA_C_RIGHT,4.242640687119285
14.25,6.25,3.052587933388123e-42,GABA_C_RIGHT,4.0697051490249265
14.25,6.5,0.0018423511368782699,GABA_C_RIGHT,3.905124837953327
14.25,6.75,0.0018619460074213569,GABA_C_RIGHT,3.75
14.25,7.0,0.0018807099291651532,GABA_C_RIGHT,3.605551275463989
14.25,7.25,0.025378580253765676,GABA_C_RIGHT,3.473110997362451
14.25,7.5,0.025606025432234027,GABA_C_RIGHT,3.3541019662496847
14.25,7.75,0.02582123914157595,GABA_C_RIGHT,3.25
14.25,8.0,1.197011351024614e-17,GABA_C_RIGHT,3.1622776601683795
14.25,8.25,1.205738952970534e-17,GABA_C_RIGHT,3.092329219213245
14.25,8.5,1.2138593618279597e-17,GABA_C_RIGHT,3.0413812651491097
14.25,8.75,3.375594496989816e-35,GABA_C_RIGHT,3.010398644698074
14.25,9.0,3.3945754514457894e-35,GABA_C_RIGHT,3.0
14.25,9.25,2.180836084720347e-08,GABA_C_RIGHT,3.010398644698074
14.25,9.5,2.190676936191932e-08,GABA_C_RIGHT,3.0413812651491097
14.25,9.75,2.1993467463881885e-08,GABA_C_RIGHT,3.092329219213245
14.25,10.0,1.3391138657398565e-18,GABA_C_RIGHT,3.1622776601683795
14.25,10.25,1.3429288119817264e-18,GABA_C_RIGHT,3.25
14.25,10.5,1.3460107668569947e-18,GABA_C_RIGHT,3.3541019662496847
14.25,10.75,0.023007780200778517,GABA_C_RIGHT,3.473110997362451
14.25,11.0,0.023035114618598293,GABA_C_RIGHT,3.605551275463989
14.25,11.25,0.016509506541133024,GABA_C_RIGHT,3.75
14.25,11.5,0.01651086649948828,GABA_C_RIGHT,3.905124837953327
14.25,11.75,0.016503106290519255,GABA_C_RIGHT,4.0697051490249265
14.25,12.0,2.83897785771275e-07,GABA_C_RIGHT,4.242640687119285
14.25,12.25,2.8345097271043564e-07,GABA_C_RIGHT,4.422951503238533
14.25,12.5,2.828485493987329e-07,GABA_C_RIGHT,4.6097722286464435
14.25,12.75,0.02951750234209764,GABA_C_RIGHT,4.802343178074636
14.25,13.0,0.02942223946960627,GABA_C_RIGHT,5.0
14.25,13.25,0.02931108555923046,GABA_C_RIGHT,5.202163011671203
14.25,13.5,0.001365081597368275,TIME_SENSOR,5.273755777432247
14.25,13.75,0.00135842262000719,TIME_SENSOR,5.25594901040716
14.25,14.0,3.825266363160352e-05,TIME_SENSOR,5.25
14.25,14.25,3.802402525477198e-05,TIME_SENSOR,5.25594901040716
14.25,14.5,3.777587699588679e-05,TIME_SENSOR,5.273755777432247
14.25,14.75,2.7394781177789275e-55,TIME_SENSOR,5.303300858899107
14.25,15.0,2.718594394390181e-55,TIME_SENSOR,5.344389581607987
14.25,15.25,1.3481898725399167e-55,TIME_SENSOR,5.3967582862307255
14.25,15.5,1.3364347424656125e-55,TIME_SENSOR,5.460082416960389
14.25,15.75,1.3240503842397566e-55,TIME_SENSOR,5.533985905294664
14.25,16.0,1.311056245979324e-55,TIME_SENSOR,5.618051263561058
14.5,0.0,0.005032270491679807,GABA_C_RIGHT,9.56882960450232
14.5,0.25,0.005159375686787234,GABA_C_RIGHT,9.334077351297235
14.5,0.5,0.017502603409172375,GABA_C_RIGHT,9.100137361600648
14.5,0.75,0.017924867060972748,GABA_C_RIGHT,8.8670739254841
14.5,1.0,0.018347178757461856,GABA_C_RIGHT,8.634958019585271
14.5,1.25,2.08666408931581e-06,GABA_C_RIGHT,8.403868156985805
14.5,1.5,2.133467377020099e-06,GABA_C_RIGHT,8.173891362135908
14.5,1.75,0.0010452857993737865,GABA_C_RIGHT,7.945124291035352
14.5,2.0,0.0010675509962387814,GABA_C_RIGHT,7.7176745202165655
14.5,2.25,0.001089688249284596,GABA_C_RIGHT,7.4916620318858484
14.5,2.5,0.015416660893443481,GABA_C_RIGHT,7.267220926874317
14.5,2.75,0.015718969550872184,GABA_C_RIGHT,7.044501401802686
14.5,3.0,0.016018353858846122,GABA_C_RIGHT,6.823672031978091
14.5,3.25,0.01789211451674149,GABA_C_RIGHT,6.604922406811453
14.5,3.5,0.018212752896422744,GABA_C_RIGHT,6.388466169590319
14.5,3.75,0.01852889751237545,GABA_C_RIGHT,6.174544517614234
14.5,4.0,1.825335231722162e-18,GABA_C_RIGHT,5.963430220938282
14.5,4.25,1.8549693398527718e-18,GABA_C_RIGHT,5.755432216610669
14.5,4.5,0.022421537135087908,GABA_C_RIGHT,5.55090082779363
14.5,4.75,0.02276038466219006,GABA_C_RIGHT,5.350233639758174
14.5,5.0,0.023091591712476135,GABA_C_RIGHT,5.153882032022076
14.5,5.25,6.9706095108610796e-09,GABA_C_RIGHT,4.962358310319802
14.5,5.5,7.064235069788452e-09,GABA_C_RIGHT,4.7762432936357
14.5,5.75,7.1551639269977255e-09,GABA_C_RIGHT,4.596194077712559
14.5,6.0,3.0046244808619e-42,GABA_C_RIGHT,4.422951503238533
14.5,6.25,3.0399382540949457e-42,GABA_C_RIGHT,4.257346591481601
14.5,6.5,0.0018347165816957553,GABA_C_RIGHT,4.100304866714182
14.5,6.75,0.0018542302526686513,GABA_C_RIGHT,3.952847075210474
14.5,7.0,0.001872916418227361,GABA_C_RIGHT,3.816084380618437
14.5,7.25,0.025273413454927562,GABA_C_RIGHT,3.69120576505835
14.5,7.5,0.025499916118838697,GABA_C_RIGHT,3.5794552658190883
14.5,7.75,0.025714237999849354,GABA_C_RIGHT,3.48209706929603
14.5,8.0,1.192051032098126e-17,GABA_C_RIGHT,3.400367627183861
14.5,8.25,1.2007424675623514e-17,GABA_C_RIGHT,3.3354160160315836
14.5,8.5,1.2088292260974873e-17,GABA_C_RIGHT,3.2882366094914763
14.5,8.75,3.361606304432382e-35,GABA_C_RIGHT,3.2596012026013246
14.5,9.0,3.3805086033371355e-35,GABA_C_RIGHT,3.25
14.5,9.25,2.1717988750920952e-08,GABA_C_RIGHT,3.2596012026013246
14.5,9.5,2.181598946865338e-08,GABA_C_RIGHT,3.2882366094914763
14.5,9.75,2.19023283006427e-08,GABA_C_RIGHT,3.3354160160315836
14.5,10.0,1.3335646854022883e-18,GABA_C_RIGHT,3.400367627183861
14.5,10.25,1.3373638228132468e-18,GABA_C_RIGHT,3.48209706929603
14.5,10.5,1.3404330063149728e-18,GABA_C_RIGHT,3.5794552658190883
14.5,10.75,0.022912437807000287,GABA_C_RIGHT,3.69120576505835
14.5,11.0,0.022939658953187395,GABA_C_RIGHT,3.816084380618437
14.5,11.25,0.016441092471631627,GABA_C_RIGHT,3.952847075210474
14.5,11.5,0.01644244679442865,GABA_C_RIGHT,4.100304866714182
14.5,11.75,0.016434718743142507,GABA_C_RIGHT,4.257346591481601
14.5,12.0,2.8272133614216845e-07,GABA_C_RIGHT,4.422951503238533
14.5,12.25,2.82276374638777e-07,GABA_C_RIGHT,4.596194077712559
14.5,12.5,2.8167644772090735e-07,GABA_C_RIGHT,4.7762432936357
14.5,12.75,0.029395184182453765,GABA_C_RIGHT,4.962358310319802
14.5,13.0,0.02930031607165701,GABA_C_RIGHT,5.153882032022076
14.5,13.25,0.029189622774160876,GABA_C_RIGHT,5.350233639758174
14.5,13.5,0.0013594248088358769,TIME_SENSOR,5.522680508593631
14.5,13.75,0.0013527934257423042,TIME_SENSOR,5.50567888638631
14.5,14.0,3.8094147664952075e-05,TIME_SENSOR,5.5
14.5,14.25,3.786645674719596e-05,TIME_SENSOR,5.50567888638631
14.5,14.5,3.761933679477092e-05,TIME_SENSOR,5.522680508593631
14.5,14.75,2.728125940420971e-55,TIME_SENSOR,5.55090082779363
14.5,15.0,2.7073287575051217e-55,TIME_SENSOR,5.5901699437494745
14.5,15.25,1.3426030819589129e-55,TIME_SENSOR,5.640257086339239
14.5,15.5,1.3308966641997768e-55,TIME_SENSOR,5.70087712549569
14.5,15.75,1.3185636257600259e-55,TIME_SENSOR,5.771698190307598
14.5,16.0,1.3056233341652006e-55,TIME_SENSOR,5.852349955359813
14.75,0.0,0.005010573016513405,GABA_C_RIGHT,9.656603957913983
14.75,0.25,0.005137130176331607,GABA_C_RIGHT,9.424038412485382
14.75,0.5,0.017427138009717832,GABA_C_RIGHT,9.192388155425117
14.75,0.75,0.017847581001219092,GABA_C_RIGHT,8.96172416446746
14.75,1.0,0.018268071830256385,GABA_C_RIGHT,8.73212459828649
14.75,1.25,2.077667088392785e-06,GABA_C_RIGHT,8.503675675847475
14.75,1.5,2.124268575900851e-06,GABA_C_RIGHT,8.276472678623424
14.75,1.75,0.0010407788749723253,GABA_C_RIGHT,8.050621094052309
14.75,2.0,0.0010629480717203048,GABA_C_RIGHT,7.826237921249264
14.75,2.25,0.001084989876300261,GABA_C_RIGHT,7.603453162872775
14.75,2.5,0.015350189383726863,GABA_C_RIGHT,7.3824115301167
14.75,2.75,0.015651194586860335,GABA_C_RIGHT,7.163274390947201
14.75,3.0,0.015949288049360404,GABA_C_RIGHT,6.946221994724902
14.75,3.25,0.01781496967505556,GABA_C_RIGHT,6.73145600891813
14.75,3.5,0.018134225568781016,GABA_C_RIGHT,6.519202405202649
14.75,3.75,0.018449007074391184,GABA_C_RIGHT,6.309714732061981
14.75,4.0,1.817464993839256e-18,GABA_C_RIGHT,6.103277807866851
14.75,4.25,1.846971329560511e-18,GABA_C_RIGHT,5.900211860602973
14.75,4.5,0.022324862930872238,GABA_C_RIGHT,5.70087712549569
14.75,4.75,0.022662249460236563,GABA_C_RIGHT,5.50567888638631
14.75,5.0,0.022992028455977392,GABA_C_RIGHT,5.315072906367325
14.75,5.25,6.940554563098104e-09,GABA_C_RIGHT,5.129571132170798
14.75,5.5,7.033776439782416e-09,GABA_C_RIGHT,4.949747468305833
14.75,5.75,7.124313242028734e-09,GABA_C_RIGHT,4.7762432936357
14.75,6.0,2.9916695403105814e-42,GABA_C_RIGHT,4.6097722286464435
14.75,6.25,3.0268310523090566e-42,GABA_C_RIGHT,4.451123453691214
14.75,6.5,0.0018268058945547223,GABA_C_RIGHT,4.301162633521313
14.75,6.75,0.0018462354290742938,GABA_C_RIGHT,4.16082924427331
14.75,7.0,0.0018648410261075563,GABA_C_RIGHT,4.031128874149275
14.75,7.25,0.02516444290938253,GABA_C_RIGHT,3.913118960624632
14.75,7.5,0.025389968969207404,GABA_C_RIGHT,3.8078865529319543
14.75,7.75,0.025603366765612805,GABA_C_RIGHT,3.7165171868296265
14.75,8.0,1.1869113048698705e-17,GABA_C_RIGHT,3.640054944640259
14.75,8.25,1.1955652657576682e-17,GABA_C_RIGHT,3.5794552658190883
14.75,8.5,1.2036171568820034e-17,GABA_C_RIGHT,3.5355339059327378
14.75,8.75,3.3471121770935907e-35,GABA_C_RIGHT,3.5089172119045497
14.75,9.0,3.3659329755778583e-35,GABA_C_RIGHT,3.5
14.75,9.25,2.1624348013133422e-08,GABA_C_RIGHT,3.5089172119045497
14.75,9.5,2.1721926184394467e-08,GABA_C_RIGHT,3.5355339059327378
14.75,9.75,2.1807892752081604e-08,GABA_C_RIGHT,3.5794552658190883
14.75,10.0,1.327814798409499e-18,GABA_C_RIGHT,3.640054944640259
14.75,10.25,1.3315975552046371e-18,GABA_C_RIGHT,3.7165171868296265
14.75,10.5,1.334653505408805e-18,GABA_C_RIGHT,3.8078865529319543
14.75,10.75,0.022813647002503372,GABA_C_RIGHT,3.913118960624632
14.75,11.0,0.022840750780169776,GABA_C_RIGHT,4.031128874149275
14.75,11.25,0.016370203953973133,GABA_C_RIGHT,4.16082924427331
14.75,11.5,0.0163715524373811,GABA_C_RIGHT,4.301162633521313
14.75,11.75,0.016363857706879505,GABA_C_RIGHT,4.451123453691214
14.75,12.0,2.815023358558962e-07,GABA_C_RIGHT,4.6097722286464435
14.75,12.25,2.8105929287838405e-07,GABA_C_RIGHT,4.7762432936357
14.75,12.5,2.804619526456744e-07,GABA_C_RIGHT,4.949747468305833
14.75,12.75,0.029268441933628875,GABA_C_RIGHT,5.129571132170798
14.75,13.0,0.02917398286254521,GABA_C_RIGHT,5.315072906367325
14.75,13.25,0.02906376683769916,GABA_C_RIGHT,5.50567888638631
14.75,13.5,0.0013535634215994245,GABA_C_RIGHT,5.70087712549569
14.75,13.75,0.0013469606308222286,TIME_SENSOR,5.755432216610669
14.75,14.0,3.792989838139068e-05,TIME_SENSOR,5.75
14.75,14.25,3.7703189191075845e-05,TIME_SENSOR,5.755432216610669
14.75,14.5,3.7457134737621834e-05,TIME_SENSOR,5.771698190307598
14.75,14.75,2.7163631695323694e-55,TIME_SENSOR,5.798706752371601
14.75,15.0,2.6956556571460736e-55,TIME_SENSOR,5.836308764964376
14.75,15.25,1.3368142244089652e-55,TIME_SENSOR,5.88430114796991
14.75,15.5,1.3251582808262544e-55,TIME_SENSOR,5.942432162002357
14.75,15.75,1.3128784183427075e-55,TIME_SENSOR,6.010407640085654
14.75,16.0,1.2999939209775425e-55,TIME_SENSOR,6.0878978309429606
15.0,0.0,0.004988128724605141,GABA_C_RIGHT,9.75
15.0,0.25,0.00511411898602097,GABA_C_RIGHT,9.519716382329886
15.0,0.5,0.017349075127223834,GABA_C_RIGHT,9.290452088031023
15.0,0.75,0.017767634792167246,GABA_C_RIGHT,9.06228448019593
15.0,1.0,0.018186242080363884,GABA_C_RIGHT,8.835298523536146
15.0,1.25,2.0683604149910812e-06,GABA_C_RIGHT,8.609587678861281
15.0,1.5,2.114753156436463e-06,GABA_C_RIGHT,8.38525491562421
15.0,1.75,0.001036116824383531,GABA_C_RIGHT,8.162413858657255
15.0,2.0,0.001058186716736276,GABA_C_RIGHT,7.941190087134295
15.0,2.25,0.0010801297875597247,GABA_C_RIGHT,7.721722605740251
15.0,2.5,0.015281429956363958,GABA_C_RIGHT,7.504165509901817
15.0,2.75,0.015581086840927324,GABA_C_RIGHT,7.2886898685566255
15.0,3.0,0.01587784502766826,GABA_C_RIGHT,7.075485849042453
15.0,3.25,0.01773516954472994,GABA_C_RIGHT,6.864765108872991
15.0,3.5,0.018052995367992677,GABA_C_RIGHT,6.656763477847174
15.0,3.75,0.01836636684565276,GABA_C_RIGHT,6.45174395028197
15.0,4.0,1.8093238661238547e-18,GABA_C_RIGHT,6.25
15.0,4.25,1.8386980315703955e-18,GABA_C_RIGHT,6.051859218455102
15.0,4.5,0.02222486124667742,GABA_C_RIGHT,5.8576872569299905
15.0,4.75,0.022560736491458917,GABA_C_RIGHT,5.667892024377317
15.0,5.0,0.022889038279698487,GABA_C_RIGHT,5.482928049865327
15.0,5.25,6.9094651383744226e-09,GABA_C_RIGHT,5.303300858899107
15.0,5.5,7.002269438265494e-09,GABA_C_RIGHT,5.129571132170798
15.0,5.75,7.092400691204104e-09,GABA_C_RIGHT,4.962358310319802
15.0,6.0,2.978268696887185e-42,GABA_C_RIGHT,4.802343178074636
15.0,6.25,3.0132727068920506e-42,GABA_C_RIGHT,4.650268809434569
15.0,6.5,0.0018186229253370314,GABA_C_RIGHT,4.5069390943299865
15.0,6.75,0.0018379654274667022,GABA_C_RIGHT,4.373213921133975
15.0,7.0,0.0018564876828443167,GABA_C_RIGHT,4.25
15.0,7.25,0.025051721649657226,GABA_C_RIGHT,4.138236339311712
15.0,7.5,0.025276237491149198,GABA_C_RIGHT,4.038873605350878
15.0,7.75,0.025488679396398175,GABA_C_RIGHT,3.952847075210474
15.0,8.0,1.1815946706829378e-17,GABA_C_RIGHT,3.881043674065006
15.0,8.25,1.1902098671372689e-17,GABA_C_RIGHT,3.824264635194589
15.0,8.5,1.1982256907311616e-17,GABA_C_RIGHT,3.783186487605389
15.0,8.75,3.332119168807951e-35,GABA_C_RIGHT,3.758324094593227
15.0,9.0,3.350855661666148e-35,GABA_C_RIGHT,3.75
15.0,9.25,2.152748420583372e-08,GABA_C_RIGHT,3.758324094593227
15.0,9.5,2.1624625286775465e-08,GABA_C_RIGHT,3.783186487605389
15.0,9.75,2.1710206777000773e-08,GABA_C_RIGHT,3.824264635194589
15.0,10.0,1.3218670030500866e-18,GABA_C_RIGHT,3.881043674065006
15.0,10.25,1.3256328154164245e-18,GABA_C_RIGHT,3.952847075210474
15.0,10.5,1.3286750768392464e-18,GABA_C_RIGHT,4.038873605350878
15.0,10.75,0.022711455865655605,GABA_C_RIGHT,4.138236339311712
15.0,11.0,0.022738438235032823,GABA_C_RIGHT,4.25
15.0,11.25,0.016296875487362656,GABA_C_RIGHT,4.373213921133975
15.0,11.5,0.016298217930392572,GABA_C_RIGHT,4.5069390943299865
15.0,11.75,0.016290557667561035,GABA_C_RIGHT,4.650268809434569
15.0,12.0,2.802413781614399e-07,GABA_C_RIGHT,4.802343178074636
15.0,12.25,2.7980031974455233e-07,GABA_C_RIGHT,4.962358310319802
15.0,12.5,2.792056552294717e-07,GABA_C_RIGHT,5.129571132170798
15.0,12.75,0.029137337277076934,GABA_C_RIGHT,5.303300858899107
15.0,13.0,0.0290433013246581,GABA_C_RIGHT,5.482928049865327
15.0,13.25,0.028933578999959013,GABA_C_RIGHT,5.667892024377317
15.0,13.5,0.001347500288211167,GABA_C_RIGHT,5.8576872569299905
15.0,13.75,0.001340927073884234,TIME_SENSOR,6.005206074732157
15.0,14.0,3.7759995715863794e-05,TIME_SENSOR,6.0
15.0,14.25,3.753430204358032e-05,TIME_SENSOR,6.005206074732157
15.0,14.5,3.7289349763063505e-05,TIME_SENSOR,6.020797289396148
15.0,14.75,2.7041955296826133e-55,TIME_SENSOR,6.046693311223912
15.0,15.0,2.683580774242711e-55,TIME_SENSOR,6.082762530298219
15.0,15.25,1.330826117144413e-55,TIME_SENSOR,6.128825336065631
15.0,15.5,1.3192223850351951e-55,TIME_SENSOR,6.18465843842649
15.0,15.75,1.306997528798891e-55,TIME_SENSOR,6.25
15.0,16.0,1.2941707460741477e-55,TIME_SENSOR,6.324555320336759
15.25,0.0,0.005210796849551371,GABA_C_RIGHT,9.848857801796104
15.25,0.25,0.005342411267202896,GABA_C_RIGHT,9.620940702446928
15.25,0.5,0.017275484639595655,GABA_C_RIGHT,9.394147114027968
15.25,0.75,0.017692268877917253,GABA_C_RIGHT,9.168560410446124
15.25,1.0,0.018109100537486017,GABA_C_RIGHT,8.94427190999916
15.25,1.25,2.3398712469591686e-06,GABA_C_RIGHT,8.721381771256205
15.25,1.5,2.3923538998802395e-06,GABA_C_RIGHT,8.5
15.25,1.75,0.0009513886470243655,GABA_C_RIGHT,8.280247580839598
15.25,2.0,0.000971653779807963,GABA_C_RIGHT,8.06225774829855
15.25,2.25,0.0009918024618590447,GABA_C_RIGHT,7.846177413237608
15.25,2.5,0.014831997287125472,GABA_C_RIGHT,7.632168761236874
15.25,2.75,0.01512284114870149,GABA_C_RIGHT,7.420411039827915
15.25,3.0,0.015410871564260926,GABA_C_RIGHT,7.211102550927978
15.25,3.25,0.017286736413489795,GABA_C_RIGHT,7.00446286306095
15.25,3.5,0.01759652602211386,GABA_C_RIGHT,6.800735254367722
15.25,3.75,0.01790197391310543,GABA_C_RIGHT,6.600189391222043
15.25,4.0,2.2972170067421555e-18,GABA_C_RIGHT,6.4031242374328485
15.25,4.25,2.334512061367844e-18,GABA_C_RIGHT,6.209871174187111
15.25,4.5,0.02186140895980378,GABA_C_RIGHT,6.020797289396148
15.25,4.75,0.022191791498715707,GABA_C_RIGHT,5.836308764964376
15.25,5.0,0.022514724432932027,GABA_C_RIGHT,5.656854249492381
15.25,5.25,5.668154211985829e-09,GABA_C_RIGHT,5.482928049865327
15.25,5.5,5.7442858767070904e-09,GABA_C_RIGHT,5.315072906367325
15.25,5.75,5.8182247172315445e-09,GABA_C_RIGHT,5.153882032022076
15.25,6.0,4.2509150985061766e-42,GABA_C_RIGHT,5.0
15.25,6.25,4.30087670028961e-42,GABA_C_RIGHT,4.8541219597369
15.25,6.5,0.0019441586565993579,GABA_C_RIGHT,4.716990566028302
15.25,6.75,0.001964836331136382,GABA_C_RIGHT,4.589389937671455
15.25,7.0,0.001984637139006139,GABA_C_RIGHT,4.47213595499958
15.25,7.25,0.024611347813789097,GABA_C_RIGHT,4.366062299143245
15.25,7.5,0.024831916984321138,GABA_C_RIGHT,4.272001872658765
15.25,7.75,0.02504062446133313,GABA_C_RIGHT,4.190763653560053
15.25,8.0,1.4927677120885136e-17,GABA_C_RIGHT,4.123105625617661
15.25,8.25,1.5036517211479752e-17,GABA_C_RIGHT,4.0697051490249265
15.25,8.5,1.5137785124611457e-17,GABA_C_RIGHT,4.031128874149275
15.25,8.75,4.623637582745272e-35,GABA_C_RIGHT,4.00780488547035
15.25,9.0,4.6496362785179056e-35,GABA_C_RIGHT,4.0
15.25,9.25,2.5069350697860982e-08,GABA_C_RIGHT,4.00780488547035
15.25,9.5,2.5182474173043377e-08,GABA_C_RIGHT,4.031128874149275
15.25,9.75,2.528213618515728e-08,GABA_C_RIGHT,4.0697051490249265
15.25,10.0,1.6809839481342847e-18,GABA_C_RIGHT,4.123105625617661
15.25,10.25,1.6857728339487369e-18,GABA_C_RIGHT,4.190763653560053
15.25,10.5,1.6896415988138805e-18,GABA_C_RIGHT,4.272001872658765
15.25,10.75,0.023122642454819653,GABA_C_RIGHT,4.366062299143245
15.25,11.0,0.02315011333486292,GABA_C_RIGHT,4.47213595499958
15.25,11.25,0.016784450459941386,GABA_C_RIGHT,4.589389937671455
15.25,11.5,0.016785833066598012,GABA_C_RIGHT,4.716990566028302
15.25,11.75,0.01677794362164853,GABA_C_RIGHT,4.8541219597369
15.25,12.0,2.3602293605044187e-07,GABA_C_RIGHT,5.0
15.25,12.25,2.3565147091133027e-07,GABA_C_RIGHT,5.153882032022076
15.25,12.5,2.351506367171254e-07,GABA_C_RIGHT,5.315072906367325
15.25,12.75,0.02900017511750385,GABA_C_RIGHT,5.482928049865327
15.25,13.0,0.028906581833342194,GABA_C_RIGHT,5.656854249492381
15.25,13.25,0.02879737601949878,GABA_C_RIGHT,5.836308764964376
15.25,13.5,0.0014474575491682806,GABA_C_RIGHT,6.020797289396148
15.25,13.75,0.001440396735316841,GABA_C_RIGHT,6.209871174187111
15.25,14.0,4.1963041102955666e-05,TIME_SENSOR,6.25
15.25,14.25,4.171222558597377e-05,TIME_SENSOR,6.254998001598402
15.25,14.5,4.1440007795142003e-05,TIME_SENSOR,6.269968101992227
15.25,14.75,1.3458144622109407e-55,TIME_SENSOR,6.294839156007086
15.25,15.0,1.3355549836704898e-55,TIME_SENSOR,6.329494450586082
15.25,15.25,1.3246416655020463e-55,TIME_SENSOR,6.373774391990981
15.25,15.5,1.313091856831192e-55,TIME_SENSOR,6.427480066091221
15.25,15.75,1.3009238104449911e-55,TIME_SENSOR,6.490377492873585
15.25,16.0,1.2881566347691826e-55,TIME_SENSOR,6.562202374203344
15.5,0.0,0.005185708218566448,GABA_C_RIGHT,9.95301461869719
15.5,0.25,0.005316688947042959,GABA_C_RIGHT,9.72753822917186
15.5,0.5,0.017192307676124924,GABA_C_RIGHT,9.503288904374106
15.5,0.75,0.017607085206785965,GABA_C_RIGHT,9.280355596635292
15.5,1.0,0.018021909930373208,GABA_C_RIGHT,9.058835465996719
15.5,1.25,2.3286053757379086e-06,GABA_C_RIGHT,8.838834764831844
15.5,1.5,2.380835338341114e-06,GABA_C_RIGHT,8.620469824783333
15.5,1.75,0.000946807958239598,GABA_C_RIGHT,8.403868156985805
15.5,2.0,0.0009669755196818159,GABA_C_RIGHT,8.1891696770796
15.5,2.25,0.0009870271910714947,GABA_C_RIGHT,7.976528066771908
15.5,2.5,0.014760585079463198,GABA_C_RIGHT,7.766112283504533
15.5,2.75,0.015050028603523094,GABA_C_RIGHT,7.558108228915487
15.5,3.0,0.01533667222757692,GABA_C_RIGHT,7.352720584926371
15.5,3.25,0.017203505275655468,GABA_C_RIGHT,7.1501748230375455
15.5,3.5,0.017511803327921044,GABA_C_RIGHT,6.950719387228922
15.5,3.75,0.017815780566794812,GABA_C_RIGHT,6.754628043053148
15.5,4.0,2.2861565045889374e-18,GABA_C_RIGHT,6.562202374203344
15.5,4.25,2.3232719932307495e-18,GABA_C_RIGHT,6.373774391990981
15.5,4.5,0.021756151963985518,GABA_C_RIGHT,6.189709201569974
15.5,4.75,0.02208494379693789,GABA_C_RIGHT,6.010407640085654
15.5,5.0,0.022406321893102876,GABA_C_RIGHT,5.836308764964376
15.5,5.25,5.640863524304846e-09,GABA_C_RIGHT,5.667892024377317
15.5,5.5,5.7166286348698805e-09,GABA_C_RIGHT,5.50567888638631
15.5,5.75,5.7902114791160425e-09,GABA_C_RIGHT,5.350233639758174
15.5,6.0,4.2304480483919796e-42,GABA_C_RIGHT,5.202163011671203
15.5,6.25,4.2801690980628e-42,GABA_C_RIGHT,5.062114182829147
15.5,6.5,0.0019347980385365433,GABA_C_RIGHT,4.930770730829005
15.5,6.75,0.0019553761554509884,GABA_C_RIGHT,4.808846015417836
15.5,7.0,0.0019750816275830086,GABA_C_RIGHT,4.697073557013984
15.5,7.25,0.024492850577921048,GABA_C_RIGHT,4.596194077712559
15.5,7.5,0.024712357765288916,GABA_C_RIGHT,4.5069390943299865
15.5,7.75,0.024920060370104635,GABA_C_RIGHT,4.430011286667337
15.5,8.0,1.4855804239719134e-17,GABA_C_RIGHT,4.366062299143245
15.5,8.25,1.4964120293597652e-17,GABA_C_RIGHT,4.315669125408017
15.5,8.5,1.5064900628077467e-17,GABA_C_RIGHT,4.2793106921559225
15.5,8.75,4.6013759708515917e-35,GABA_C_RIGHT,4.257346591481601
15.5,9.0,4.627249489668923e-35,GABA_C_RIGHT,4.25
15.5,9.25,2.4948648297278155e-08,GABA_C_RIGHT,4.257346591481601
15.5,9.5,2.506122711236219e-08,GABA_C_RIGHT,4.2793106921559225
15.5,9.75,2.5160409277819755e-08,GABA_C_RIGHT,4.315669125408017
15.5,10.0,1.6728904478148558e-18,GABA_C_RIGHT,4.366062299143245
15.5,10.25,1.6776562763901763e-18,GABA_C_RIGHT,4.430011286667337
15.5,10.5,1.681506414159144e-18,GABA_C_RIGHT,4.5069390943299865
15.5,10.75,0.023011312947894956,GABA_C_RIGHT,4.596194077712559
15.5,11.0,0.023038651562798714,GABA_C_RIGHT,4.697073557013984
15.5,11.25,0.016703637698278942,GABA_C_RIGHT,4.808846015417836
15.5,11.5,0.01670501364804427,GABA_C_RIGHT,4.930770730829005
15.5,11.75,0.016697162188719392,GABA_C_RIGHT,5.062114182829147
15.5,12.0,2.348865470263605e-07,GABA_C_RIGHT,5.202163011671203
15.5,12.25,2.3451687039523874e-07,GABA_C_RIGHT,5.350233639758174
15.5,12.5,2.3401844758736227e-07,GABA_C_RIGHT,5.50567888638631
15.5,12.75,0.028860546820138184,GABA_C_RIGHT,5.667892024377317
15.5,13.0,0.028767404163286856,GABA_C_RIGHT,5.836308764964376
15.5,13.25,0.028658724147021825,GABA_C_RIGHT,6.010407640085654
15.5,13.5,0.001440488417696469,GABA_C_RIGHT,6.189709201569974
15.5,13.75,0.0014334615998265053,GABA_C_RIGHT,6.373774391990981
15.5,14.0,4.176099997879863e-05,TIME_SENSOR,6.5
15.5,14.25,4.151139207326899e-05,TIME_SENSOR,6.504805915628844
15.5,14.5,4.12404849402692e-05,TIME_SENSOR,6.519202405202649
15.5,14.75,1.339334715755369e-55,TIME_SENSOR,6.5431261641512
15.5,15.0,1.3291246339345812e-55,TIME_SENSOR,6.576473218982953
15.5,15.25,1.3182638605534812e-55,TIME_SENSOR,6.619101147436863
15.5,15.5,1.3067696612061249e-55,TIME_SENSOR,6.670832032063167
15.5,15.75,1.2946602007971565e-55,TIME_SENSOR,6.73145600891813
15.5,16.0,1.2819544957502169e-55,TIME_SENSOR,6.800735254367722
15.75,0.0,0.0051598710796915285,GABA_C_RIGHT,10.062305898749054
15.75,0.25,0.0052901992131648215,GABA_C_RIGHT,9.839334327077214
15.75,0.5,0.01710664916579494,GABA_C_RIGHT,9.617692030835672
15.75,0.75,0.017519360119585433,GABA_C_RIGHT,9.39747306460625
15.75,1.0,0.017932118031169314,GABA_C_RIGHT,9.17877987534291
15.75,1.25,2.317003392374785e-06,GABA_C_RIGHT,8.96172416446746
15.75,1.5,2.3689731257594658e-06,GABA_C_RIGHT,8.74642784226795
15.75,1.75,0.0009420906066891715,GABA_C_RIGHT,8.533024082938006
15.75,2.0,0.0009621576857934348,GABA_C_RIGHT,8.32165848854662
15.75,2.25,0.000982109452252768,GABA_C_RIGHT,8.112490369793976
15.75,2.5,0.014687042321078198,GABA_C_RIGHT,7.905694150420948
15.75,2.75,0.014975043729189341,GABA_C_RIGHT,7.7014609003746815
15.75,3.0,0.015260259187443987,GABA_C_RIGHT,7.5
15.75,3.25,0.017117790974694395,GABA_C_RIGHT,7.301540933255117
15.75,3.5,0.017424552970696196,GABA_C_RIGHT,7.106335201775948
15.75,3.75,0.017727015681215385,GABA_C_RIGHT,6.914658342969665
15.75,4.0,2.274766017386556e-18,GABA_C_RIGHT,6.726812023536855
15.75,4.25,2.3116965827750677e-18,GABA_C_RIGHT,6.5431261641512
15.75,4.5,0.021647754673589432,GABA_C_RIGHT,6.363961030678928
15.75,4.75,0.02197490834259372,GABA_C_RIGHT,6.189709201569974
15.75,5.0,0.022294685212821574,GABA_C_RIGHT,6.020797289396148
15.75,5.25,5.612758631374287e-09,GABA_C_RIGHT,5.8576872569299905
15.75,5.5,5.688146251806627e-09,GABA_C_RIGHT,5.70087712549569
15.75,5.75,5.7613624787875165e-09,GABA_C_RIGHT,5.55090082779363
15.75,6.0,4.209370373150227e-42,GABA_C_RIGHT,5.408326913195984
15.75,6.25,4.258843693945606e-42,GABA_C_RIGHT,5.273755777432247
15.75,6.5,0.001925158150692948,GABA_C_RIGHT,5.1478150704935
15.75,6.75,0.0019456337397284432,GABA_C_RIGHT,5.031152949374527
15.75,7.0,0.00196524103182437,GABA_C_RIGHT,4.924428900898052
15.75,7.25,0.02437081803093765,GABA_C_RIGHT,4.828301978956992
15.75,7.5,0.02458923155135686,GABA_C_RIGHT,4.743416490252569
15.75,7.75,0.024795899304071545,GABA_C_RIGHT,4.670385423067351
15.75,8.0,1.478178706384603e-17,GABA_C_RIGHT,4.6097722286464435
15.75,8.25,1.4889563446611465e-17,GABA_C_RIGHT,4.562071897723665
15.75,8.5,1.4989841655752162e-17,GABA_C_RIGHT,4.527692569068709
15.75,8.75,4.5784501938961977e-35,GABA_C_RIGHT,4.5069390943299865
15.75,9.0,4.60419480116072e-35,GABA_C_RIGHT,4.5
15.75,9.25,2.4824344795494074e-08,GABA_C_RIGHT,4.5069390943299865
15.75,9.5,2.4936362700793548e-08,GABA_C_RIGHT,4.527692569068709
15.75,9.75,2.5035050703588108e-08,GABA_C_RIGHT,4.562071897723665
15.75,10.0,1.6645554815959763e-18,GABA_C_RIGHT,4.6097722286464435
15.75,10.25,1.6692975650299266e-18,GABA_C_RIGHT,4.670385423067351
15.75,10.5,1.6731285199717794e-18,GABA_C_RIGHT,4.743416490252569
15.75,10.75,0.02289666197578659,GABA_C_RIGHT,4.828301978956992
15.75,11.0,0.022923864379480588,GABA_C_RIGHT,4.924428900898052
15.75,11.25,0.01662041392464247,GABA_C_RIGHT,5.031152949374527
15.75,11.5,0.016621783018911176,GABA_C_RIGHT,5.1478150704935
15.75,11.75,0.016613970678494728,GABA_C_RIGHT,5.273755777432247
15.75,12.0,2.337162543528078e-07,GABA_C_RIGHT,5.408326913195984
15.75,12.25,2.33348419588998e-07,GABA_C_RIGHT,5.55090082779363
15.75,12.5,2.3285248011006388e-07,GABA_C_RIGHT,5.70087712549569
15.75,12.75,0.028716752776052117,GABA_C_RIGHT,5.8576872569299905
15.75,13.0,0.028624074190771894,GABA_C_RIGHT,6.020797289396148
15.75,13.25,0.028515935659016754,GABA_C_RIGHT,6.189709201569974
15.75,13.5,0.001433311365358182,GABA_C_RIGHT,6.363961030678928
15.75,13.75,0.0014263195577243334,GABA_C_RIGHT,6.5431261641512
15.75,14.0,4.155293104963201e-05,GABA_C_RIGHT,6.726812023536855
15.75,14.25,4.130456678409282e-05,TIME_SENSOR,6.754628043053148
15.75,14.5,4.103500941180506e-05,TIME_SENSOR,6.768493185340442
15.75,14.75,1.3326616490126093e-55,TIME_SENSOR,6.791538853603062
15.75,15.0,1.3225024376401401e-55,TIME_SENSOR,6.823672031978091
15.75,15.25,1.3116957766962057e-55,TIME_SENSOR,6.864765108872991
15.75,15.5,1.3002588457512118e-55,TIME_SENSOR,6.914658342969665
15.75,15.75,1.2882097192054496e-55,TIME_SENSOR,6.9731628404906765
15.75,16.0,1.2755673187356216e-55,TIME_SENSOR,7.0400639201643616
16.0,0.0,0.005133297844884776,GABA_C_RIGHT,10.17656621852381
16.0,0.25,0.005262954791028149,GABA_C_RIGHT,9.956153875869939
16.0,0.5,0.017018550258279867,GABA_C_RIGHT,9.737171047075224
16.0,0.75,0.01742913575875709,GABA_C_RIGHT,9.519716382329886
16.0,1.0,0.017839767975195986,GABA_C_RIGHT,9.303897032964198
16.0,1.25,2.3050708703712894e-06,GABA_C_RIGHT,9.089829481348922
16.0,1.5,2.3567729606488567e-06,GABA_C_RIGHT,8.877640452282352
16.0,1.75,0.0009372388585516415,GABA_C_RIGHT,8.667467911679857
16.0,2.0,0.0009572025925923001,GABA_C_RIGHT,8.459462157844316
16.0,2.25,0.000977051607845887,GABA_C_RIGHT,8.253787009609589
16.0,2.5,0.014611404341332769,GABA_C_RIGHT,8.050621094052309
16.0,2.75,0.014897922547843676,GABA_C_RIGHT,7.850159234053791
16.0,3.0,0.015181669152085174,GABA_C_RIGHT,7.652613932506983
16.0,3.25,0.017029634687082133,GABA_C_RIGHT,7.458216945088149
16.0,3.5,0.017334816864824208,GABA_C_RIGHT,7.267220926874317
16.0,3.75,0.017635721898319537,GABA_C_RIGHT,7.079901129253148
16.0,4.0,2.263051017035414e-18,GABA_C_RIGHT,6.896557112066861
16.0,4.25,2.2997913907368734e-18,GABA_C_RIGHT,6.7175144212722016
16.0,4.5,0.02153626916182066,GABA_C_RIGHT,6.5431261641512
16.0,4.75,0.021861737995849412,GABA_C_RIGHT,6.373774391990981
16.0,5.0,0.02217986802147067,GABA_C_RIGHT,6.209871174187111
16.0,5.25,5.583853034563514e-09,GABA_C_RIGHT,6.051859218455102
16.0,5.5,5.65885241022998e-09,GABA_C_RIGHT,5.900211860602973
16.0,5.75,5.73169157507866e-09,GABA_C_RIGHT,5.755432216610669
16.0,6.0,4.1876921983302085e-42,GABA_C_RIGHT,5.618051263561058
16.0,6.25,4.2369107324943205e-42,GABA_C_RIGHT,5.488624600025037
16.0,6.5,0.0019152436239948205,GABA_C_RIGHT,5.367727638395972
16.0,6.75,0.0019356137641485817,GABA_C_RIGHT,5.25594901040716
16.0,7.0,0.0019551200790749734,GABA_C_RIGHT,5.153882032022076
16.0,7.25,0.02424530879631401,GABA_C_RIGHT,5.062114182829147
16.0,7.5,0.024462597491389054,GABA_C_RIGHT,4.981214711292819
16.0,7.75,0.02466820090923276,GABA_C_RIGHT,4.911720676097125
16.0,8.0,1.470566115053455e-17,GABA_C_RIGHT,4.8541219597369
16.0,8.25,1.481288248704367e-17,GABA_C_RIGHT,4.808846015417836
16.0,8.5,1.491264426537508e-17,GABA_C_RIGHT,4.7762432936357
16.0,8.75,4.5548712652418993e-35,GABA_C_RIGHT,4.756574397610112
16.0,9.0,4.5804832882842035e-35,GABA_C_RIGHT,4.75
16.0,9.25,2.4696499906932654e-08,GABA_C_RIGHT,4.756574397610112
16.0,9.5,2.4807940922217997e-08,GABA_C_RIGHT,4.7762432936357
16.0,9.75,2.490612068373475e-08,GABA_C_RIGHT,4.808846015417836
16.0,10.0,1.655983053529816e-18,GABA_C_RIGHT,4.8541219597369
16.0,10.25,1.6607007153271367e-18,GABA_C_RIGHT,4.911720676097125
16.0,10.5,1.6645119409262147e-18,GABA_C_RIGHT,4.981214711292819
16.0,10.75,0.02277874461591918,GABA_C_RIGHT,5.062114182829147
16.0,11.0,0.022805806927767958,GABA_C_RIGHT,5.153882032022076
16.0,11.25,0.016534819119077806,GABA_C_RIGHT,5.25594901040716
16.0,11.5,0.01653618116253789,GABA_C_RIGHT,5.367727638395972
16.0,11.75,0.016528409055521286,GABA_C_RIGHT,5.488624600025037
16.0,12.0,2.3251262022917322e-07,GABA_C_RIGHT,5.618051263561058
16.0,12.25,2.3214667980717896e-07,GABA_C_RIGHT,5.755432216610669
16.0,12.5,2.3165329440682931e-07,GABA_C_RIGHT,5.900211860602973
16.0,12.75,0.028568862062772683,GABA_C_RIGHT,6.051859218455102
16.0,13.0,0.028476660770387997,GABA_C_RIGHT,6.209871174187111
16.0,13.25,0.028369079149949357,GABA_C_RIGHT,6.373774391990981
16.0,13.5,0.0014259298399528753,GABA_C_RIGHT,6.5431261641512
16.0,13.75,0.0014189740399911386,GABA_C_RIGHT,6.7175144212722016
16.0,14.0,4.133893427013172e-05,GABA_C_RIGHT,6.896557112066861
16.0,14.25,4.109184907568633e-05,TIME_SENSOR,7.00446286306095
16.0,14.5,4.082367991857625e-05,TIME_SENSOR,7.0178344238090995
16.0,14.75,1.3257984676714035e-55,TIME_SENSOR,7.0400639201643616
16.0,15.0,1.3156915760381453e-55,TIME_SENSOR,7.0710678118654755
16.0,15.25,1.30494056918601e-55,TIME_SENSOR,7.110731326663946
16.0,15.5,1.2935625382109522e-55,TIME_SENSOR,7.158910531638177
16.0,15.75,1.2815754644304575e-55,TIME_SENSOR,7.215434844830906
16.0,16.0,1.2689981720749637e-55,TIME_SENSOR,7.280109889280518
