a,b,coh,stab,bias,phase_mean,score
75,101,1.0,0.31451499462127686,-0.35877862572669983,-0.9288454651832581,0.1128412575406621
33,54,1.0,0.29259389638900757,0.3435114622116089,1.581396222114563,0.10050935718277998
16,94,1.0,0.2890261113643646,-0.3435114622116089,-1.8610156774520874,0.0992837821321082
14,106,1.0,0.2734387218952179,0.35877862572669983,1.6222221851348877,0.09810396886203154
11,125,1.0,0.24809511005878448,-0.3893129825592041,-1.3976554870605469,0.09658664725533939
8,121,1.0,0.2397834211587906,-0.3893129825592041,-1.42343008518219,0.09335079885957853
3,33,1.0,0.2882493734359741,0.3129771053791046,2.239192247390747,0.09021545452533175
65,72,1.0,0.25957271456718445,0.3435114622116089,1.71672523021698,0.08916620273121012
44,105,1.0,0.24689160287380219,-0.35877862572669983,-1.504523515701294,0.08857942998252488
114,115,1.0,0.26900267601013184,-0.32824426889419556,-1.3844969272613525,0.08829858671752788
20,78,1.0,0.25669118762016296,0.3435114622116089,1.8492212295532227,0.08817636519623662
89,107,1.0,0.25662681460380554,0.3435114622116089,2.019608736038208,0.08815425232726071
48,116,1.0,0.24511508643627167,0.35877862572669983,1.7557272911071777,0.08794205385648679
81,125,1.0,0.2803914248943329,-0.3129771053791046,-1.9052839279174805,0.08775609653655092
110,119,1.0,0.27703091502189636,-0.3129771053791046,-0.8761089444160461,0.08670433388407783
21,34,1.0,0.24985000491142273,0.3435114622116089,2.066279888153076,0.08582634052070048
80,116,1.0,0.2486971765756607,0.3435114622116089,1.3433287143707275,0.0854303307734039
44,46,1.0,0.27177694439888,0.3129771053791046,1.1351174116134644,0.08505996136673932
24,61,1.0,0.23608142137527466,0.35877862572669983,1.9517478942871094,0.08470096792062698
18,23,1.0,0.2699478566646576,0.3129771053791046,1.7741978168487549,0.08448749878219797
55,118,1.0,0.25198978185653687,-0.32824426889419556,-1.1386504173278809,0.08271420171430677
1,53,1.0,0.23973071575164795,0.3435114622116089,0.9151303172111511,0.08235024870488417
14,40,1.0,0.24993211030960083,0.32824426889419556,1.870670199394226,0.08203878282175836
31,113,1.0,0.2588529884815216,-0.3129771053791046,-1.613186001777649,0.08101505905367734
9,68,1.0,0.25872910022735596,-0.3129771053791046,-1.0121936798095703,0.0809762848664981
59,114,1.0,0.2573106288909912,0.3129771053791046,2.1045312881469727,0.08053233581357944
56,74,0.9999999403953552,0.2627696096897125,0.2977099120616913,1.2366019487380981,0.0782291127303905
21,77,1.0,0.23763351142406464,-0.32824426889419556,-1.2137774229049683,0.07800183822215256
79,96,1.0,0.2478409856557846,-0.3129771053791046,-1.0023144483566284,0.07756855428485165
5,38,1.0,0.290000855922699,0.2671755850315094,2.2514545917510986,0.07748114834078557
50,123,1.0,0.23580685257911682,-0.32824426889419556,-1.3333914279937744,0.07740224792507355
25,46,1.0,0.2571693956851959,-0.2977099120616913,-1.8633415699005127,0.07656187817439797
109,112,1.0,0.244315505027771,-0.3129771053791046,-1.3608579635620117,0.07646515956282585
5,121,1.0,0.23214751482009888,-0.32824426889419556,-1.712788462638855,0.07620109127772778
15,72,1.0,0.23172087967395782,-0.32824426889419556,-1.372202754020691,0.07606105073609815
55,75,1.0,0.24188931286334991,0.3129771053791046,2.134722948074341,0.07570581696211187
52,64,1.0,0.2635651230812073,0.28244274854660034,2.0206711292266846,0.0744420577840792
26,99,1.0,0.2617536187171936,0.28244274854660034,1.5832642316818237,0.07393041151250301
11,23,1.0,0.2587655186653137,-0.28244274854660034,-1.83621084690094,0.07308644432091782
70,83,1.0,0.27339616417884827,0.2671755850315094,0.7994983792304993,0.07304478010985438
32,74,1.0,0.23320665955543518,-0.3129771053791046,-1.7564762830734253,0.07298834526279041
16,102,1.0,0.22193215787410736,0.32824426889419556,2.068821907043457,0.07284795890549756
56,117,1.0,0.23234258592128754,-0.3129771053791046,-1.067757487297058,0.07271790999794048
45,94,1.0,0.23003342747688293,-0.3129771053791046,-1.372475266456604,0.07199519627214901
106,124,1.0,0.2688020169734955,0.2671755850315094,1.2494319677352905,0.07181733614254338
3,53,1.0,0.24994121491909027,0.28244274854660034,1.8167896270751953,0.07059408371682441
39,55,1.0,0.2230115681886673,-0.3129771053791046,-1.8413516283035278,0.0697975150777439
3,92,1.0,0.234389528632164,0.2977099120616913,1.7158950567245483,0.06978008595726282
2,36,1.0,0.26052141189575195,0.2671755850315094,2.299044132232666,0.06960496063648236
66,97,1.0,0.24601873755455017,0.28244274854660034,1.716410756111145,0.06948620842887188
57,105,1.0,0.23128502070903778,0.2977099120616913,1.6203793287277222,0.06885584317647409
21,90,1.0,0.21929487586021423,-0.3129771053791046,-1.777310848236084,0.06863427547119993
46,118,1.0,0.30983996391296387,0.221374049782753,0.5986006855964661,0.06859052759595485
7,80,1.0,0.23885168135166168,-0.28244274854660034,-1.9089332818984985,0.06746192537594009
67,75,1.0,0.2848542034626007,-0.23664122819900513,-0.6054754853248596,0.06740824856503913
92,94,1.0,0.28476500511169434,-0.23664122819900513,-0.9344679713249207,0.06738714055772732
12,73,1.0,0.22526389360427856,0.2977099120616913,1.1113070249557495,0.06706329395560395
5,117,1.0,0.20313110947608948,0.32824426889419556,1.2959785461425781,0.06667662251964579
53,94,1.0,0.19394934177398682,-0.3435114622116089,-1.5923186540603638,0.06662382198776129
88,105,1.0,0.22115792334079742,0.2977099120616913,1.751325249671936,0.06584090590953506
8,113,1.0,0.22041067481040955,-0.2977099120616913,-2.0916123390197754,0.06561844261526506
8,100,1.0,0.209616556763649,0.3129771053791046,1.6184349060058594,0.06560518317542163
61,63,1.0,0.24537518620491028,-0.2671755850315094,-1.8960767984390259,0.06555825892651246
37,119,1.0,0.2600310444831848,0.25190839171409607,2.0316030979156494,0.06550400221149566
10,102,1.0,0.20916587114334106,-0.3129771053791046,-1.2422354221343994,0.06546412889454167
64,125,1.0,0.23047661781311035,-0.28244274854660034,-1.2671672105789185,0.06509644941085924
33,116,1.0,0.29050204157829285,0.221374049782753,0.6346902847290039,0.06430961341434438
13,114,1.0,0.2158202826976776,-0.2977099120616913,-1.0970139503479004,0.06425183738305495
86,109,1.0,0.19539590179920197,-0.32824426889419556,-1.7011231184005737,0.06413758493100108
31,108,1.0,0.25340506434440613,-0.25190839171409607,-0.8807658553123474,0.06383486221120638
4,12,1.0,0.23884549736976624,0.2671755850315094,1.5279260873794556,0.06381368549190913
65,75,1.0,0.23797716200351715,-0.2671755850315094,-0.9508336782455444,0.06358168748242798
58,73,1.0,0.19158509373664856,0.32824426889419556,1.3059414625167847,0.06288670902461213
35,83,1.0,0.2001907080411911,-0.3129771053791046,-1.080836296081543,0.06265510832652543
53,67,1.0,0.23450583219528198,0.2671755850315094,1.8593134880065918,0.06265423291007544
51,110,1.0,0.23436860740184784,-0.2671755850315094,-0.7771392464637756,0.06261756979560884
21,27,1.0,0.22159039974212646,-0.28244274854660034,-1.1032400131225586,0.06258660155470608
111,125,1.0,0.2483215034008026,-0.25190839171409607,-2.521106481552124,0.06255427054972262
33,52,1.0,0.2202218770980835,-0.28244274854660034,-1.502902626991272,0.06220007225767432
5,74,1.0,0.2088305801153183,0.2977099120616913,1.7150534391403198,0.06217093364192339
25,107,1.0,0.18870355188846588,0.32824426889419556,1.359794020652771,0.06194085942736738
94,108,1.0,0.22948844730854034,0.2671755850315094,0.9220240116119385,0.061313710167631985
16,86,1.0,0.1955568790435791,-0.3129771053791046,-1.7639621496200562,0.06120482594003107
49,98,1.0,0.2280484288930893,0.2671755850315094,1.5536108016967773,0.060928972405027704
7,75,1.0,0.23868106305599213,-0.25190839171409607,-2.22599196434021,0.06012576272704573
19,116,1.0,0.20168785750865936,0.2977099120616913,1.6271276473999023,0.0600444743228139
63,117,1.0,0.21191994845867157,0.28244274854660034,1.220450758934021,0.05985525271452108
77,99,1.0,0.2110472172498703,0.28244274854660034,1.2161544561386108,0.05960875611316485
67,109,1.0,0.19034133851528168,-0.3129771053791046,-1.7397360801696777,0.05957248116249714
14,79,1.0,0.19908031821250916,0.2977099120616913,1.56890869140625,0.05926818402825962
14,30,1.0,0.22168441116809845,0.2671755850315094,1.0962873697280884,0.05922866224620238
62,78,0.9999999403953552,0.22059759497642517,0.2671755850315094,1.0735021829605103,0.058938287981374425
92,105,1.0,0.20832669734954834,0.28244274854660034,2.044666051864624,0.058840364995042194
65,102,1.0,0.19698747992515564,-0.2977099120616913,-1.867305874824524,0.05864512532577226
53,103,1.0,0.24768643081188202,0.23664122819900513,0.7285391092300415,0.05861282119555167
61,121,1.0,0.20670843124389648,-0.28244274854660034,-1.6441545486450195,0.05838329746828208
66,85,1.0,0.21837535500526428,0.2671755850315094,1.6999683380126953,0.05834456322999504
30,100,1.0,0.20643720030784607,0.28244274854660034,1.3751795291900635,0.058306690257213134
60,98,1.0,0.2169087827205658,-0.2671755850315094,-1.576331615447998,0.057952730921839724
93,119,1.0,0.280800461769104,-0.20610687136650085,-0.5771688222885132,0.05787490465349876
40,81,1.0,0.20480218529701233,0.28244274854660034,1.5735825300216675,0.0578448921236383
62,79,1.0,0.20431019365787506,0.28244274854660034,1.1653038263320923,0.057705932652818426
57,109,1.0,0.2157033234834671,0.2671755850315094,1.7846848964691162,0.05763066164493624
24,36,1.0,0.20344112813472748,-0.28244274854660034,-1.5053244829177856,0.05746047139779353
104,107,1.0,0.24265846610069275,0.23664122819900513,1.1610383987426758,0.05742299745095458
40,73,1.0,0.2277778536081314,0.25190839171409607,0.9346915483474731,0.0573791527705132
23,89,1.0,0.21447020769119263,-0.2671755850315094,-0.911358654499054,0.05730120321172372
19,23,1.0,0.24203607439994812,-0.23664122819900513,-1.0797231197357178,0.057275713914469506
110,116,1.0,0.21402548253536224,-0.2671755850315094,-1.413635492324829,0.057182383508036505
42,80,1.0,0.21389593183994293,-0.2671755850315094,-1.8941090106964111,0.05714777072519661
45,102,1.0,0.21370229125022888,-0.2671755850315094,-1.0926077365875244,0.057096034687353914
33,46,1.0,0.20171335339546204,0.28244274854660034,1.391413688659668,0.056972473951566016
17,67,1.0,0.19127334654331207,-0.2977099120616913,-1.2847909927368164,0.05694397117915484
38,108,1.0,0.22583752870559692,0.25190839171409607,1.2179960012435913,0.056890368644912925
1,40,1.0,0.2120596170425415,-0.2671755850315094,-1.558815598487854,0.05665715224489887
25,116,1.0,0.22405582666397095,-0.25190839171409607,-1.7421246767044067,0.056441542949093204
10,125,1.0,0.21102866530418396,-0.2671755850315094,-1.6979900598526,0.05638170711106394
61,115,1.0,0.18925423920154572,0.2977099120616913,1.7412850856781006,0.05634286290999446
58,61,1.0,0.2107711136341095,-0.2671755850315094,-1.0339828729629517,0.05631289559293595
39,124,1.0,0.1983623057603836,0.28244274854660034,1.6214044094085693,0.05602599484700388
17,33,1.0,0.2096274048089981,-0.2671755850315094,-2.0662264823913574,0.056007324518481116
64,109,1.0,0.23655062913894653,-0.23664122819900513,-1.208708643913269,0.05597763141068768
17,95,1.0,0.22174961864948273,-0.25190839171409607,-2.1492037773132324,0.05586058979720532
18,100,1.0,0.20894578099250793,-0.2671755850315094,-1.6729319095611572,0.055825211276538944
29,70,1.0,0.22143545746803284,0.25190839171409607,0.8551092743873596,0.055781449959247276
11,81,1.0,0.22076207399368286,0.25190839171409607,0.8060680627822876,0.05561181901121692
58,89,1.0,0.1757979393005371,0.3129771053791046,1.7521898746490479,0.05502073017389364
111,118,1.0,0.21782401204109192,0.25190839171409607,1.312978744506836,0.05487169654998336
64,81,1.0,0.21563750505447388,0.25190839171409607,0.6950393915176392,0.054320897091512776
11,82,1.0,0.26343733072280884,0.20610687136650085,0.6399152874946594,0.054296244036420305
5,62,1.0,0.20203332602977753,-0.2671755850315094,-2.2350311279296875,0.05397837207786749
37,51,1.0,0.1910378485918045,-0.28244274854660034,-1.7335883378982544,0.05395725503269855
11,55,1.0,0.1909720003604889,0.28244274854660034,1.295549988746643,0.053938656677258834
48,102,1.0,0.21384498476982117,0.25190839171409607,1.2686752080917358,0.05386934618949102
63,102,1.0,0.1904897838830948,0.28244274854660034,1.4371051788330078,0.053802458129989184
96,97,1.0,0.26065874099731445,-0.20610687136650085,-0.7022923827171326,0.05372355760128755
76,80,1.0,0.2600898742675781,0.20610687136650085,2.1881539821624756,0.053606310259397105
42,81,1.0,0.20020043849945068,-0.2671755850315094,-1.3836365938186646,0.053488669279655454
72,84,1.0,0.21228942275047302,-0.25190839171409607,-1.642953634262085,0.053477487062985496
1,17,1.0,0.179045632481575,-0.2977099120616913,-1.9812595844268799,0.053303659501119594
59,95,1.0,0.21115033328533173,0.25190839171409607,1.6214501857757568,0.05319054086780328
97,102,1.0,0.19849982857704163,-0.2671755850315094,-1.2119728326797485,0.053034307828725424
11,119,1.0,0.17789426445960999,0.2977099120616913,1.610809564590454,0.05296088582854974
57,72,1.0,0.18712036311626434,0.28244274854660034,2.1275317668914795,0.0528507896675956
113,125,1.0,0.1975094974040985,0.2671755850315094,1.8032009601593018,0.05276971551821941
15,66,1.0,0.23710530996322632,-0.221374049782753,-1.056706190109253,0.05248896269155434
74,110,1.0,0.20815534889698029,-0.25190839171409607,-2.061370372772217,0.052436079167324845
12,31,1.0,0.19599658250808716,0.2671755850315094,1.925814151763916,0.05236550159577469
19,50,1.0,0.16688676178455353,0.3129771053791046,1.6348274946212769,0.05223173562942174
45,126,1.0,0.23572953045368195,0.221374049782753,2.162090539932251,0.052184400809918374
22,58,1.0,0.2205120027065277,-0.23664122819900513,-2.2441189289093018,0.05218223115309506
93,102,1.0,0.20691463351249695,0.25190839171409607,1.1495119333267212,0.05212353255024471
84,107,1.0,0.2351217120885849,-0.221374049782753,-0.6473439931869507,0.05204984559690451
105,117,1.0,0.23362362384796143,0.221374049782753,0.8683698773384094,0.05171820773614577
59,125,1.0,0.2491709142923355,-0.20610687136650085,-0.5983468890190125,0.051355837580323804
99,125,1.0,0.1815335899591446,-0.28244274854660034,-1.518193006515503,0.05127284610159233
100,109,1.0,0.21564340591430664,0.23664122819900513,1.4073511362075806,0.05103012042857813
2,4,1.0,0.1904861032962799,0.2671755850315094,1.6198985576629639,0.050893236088556115
8,23,1.0,0.19029568135738373,-0.2671755850315094,-1.9154274463653564,0.050842359995628694
28,31,1.0,0.22966274619102478,0.221374049782753,2.4011151790618896,0.050841372208535685
16,108,1.0,0.20156845450401306,-0.25190839171409607,-1.0074496269226074,0.050776785194401874
6,82,1.0,0.2142985612154007,0.23664122819900513,0.9165736436843872,0.050711874727292106
3,121,1.0,0.18976660072803497,-0.2671755850315094,-1.5931123495101929,0.0507010025689536
24,99,1.0,0.22892732918262482,0.221374049782753,0.9855414628982544,0.05067856996710707
3,120,1.0,0.2438969910144806,0.20610687136650085,0.9360871315002441,0.050268845753698166
51,79,1.0,0.24304869771003723,0.20610687136650085,0.7177160978317261,0.050094006674718194
91,122,1.0,0.18720805644989014,-0.2671755850315094,-1.410502552986145,0.050017422004611234
56,104,1.0,0.16765612363815308,0.2977099120616913,1.773079514503479,0.049912889824918594
31,37,1.0,0.17652978003025055,-0.28244274854660034,-1.3579541444778442,0.049859556272070726
87,124,1.0,0.1764991283416748,-0.28244274854660034,-1.1355605125427246,0.0498508989249018
102,116,1.0,0.1977478414773941,0.25190839171409607,1.925075650215149,0.04981434071150437
16,23,1.0,0.18630993366241455,-0.2671755850315094,-1.8184157609939575,0.049777465523437314
105,113,1.0,0.19738346338272095,-0.25190839171409607,-2.147944927215576,0.049722550811699406
32,107,1.0,0.19734129309654236,-0.25190839171409607,-1.2414178848266602,0.049711927762730035
37,118,1.0,0.21000395715236664,-0.23664122819900513,-1.48378324508667,0.04969559434718729
30,74,1.0,0.20991791784763336,-0.23664122819900513,-1.212061882019043,0.04967523390044182
8,126,1.0,0.20948860049247742,0.23664122819900513,1.1465846300125122,0.049573639714230566
35,112,1.0,0.17524851858615875,-0.28244274854660034,-1.4262288808822632,0.04949767326819465
79,122,1.0,0.20896847546100616,0.23664122819900513,1.1015245914459229,0.04945055668796616
50,86,1.0,0.18501730263233185,0.2671755850315094,1.0911197662353516,0.049432106071745086
40,43,1.0,0.22240042686462402,0.221374049782753,0.48455584049224854,0.049233683168434794
48,97,1.0,0.19526629149913788,0.25190839171409607,1.310962438583374,0.04918921744752369
51,68,1.0,0.19497427344322205,0.25190839171409607,1.5639280080795288,0.04911565564870646
8,105,1.0,0.20744618773460388,0.23664122819900513,2.0667548179626465,0.049090320650718056
7,122,1.0,0.22156046330928802,0.221374049782753,0.7439202666282654,0.049047737034520145
46,90,1.0,0.22138093411922455,0.221374049782753,1.8189009428024292,0.049007993930661575
72,112,1.0,0.23612108826637268,-0.20610687136650085,-1.9164444208145142,0.04866617876623547
34,44,1.0,0.20494088530540466,0.23664122819900513,1.477371096611023,0.0484974628068624
4,62,1.0,0.2047729790210724,0.23664122819900513,0.850708544254303,0.04845772925751568
76,118,1.0,0.1921483278274536,-0.25190839171409607,-1.4020891189575195,0.04840377623356673
3,17,1.0,0.21853840351104736,-0.221374049782753,-1.9157648086547852,0.04837873141829796
32,78,1.0,0.20417290925979614,-0.23664122819900513,-0.9658895134925842,0.048315728012202186
52,123,1.0,0.16173499822616577,0.2977099120616913,1.5146437883377075,0.04815011209920961
14,113,1.0,0.2031530737876892,0.23664122819900513,2.18654727935791,0.04807439289352189
14,78,1.0,0.23246100544929504,0.20610687136650085,2.144064426422119,0.04791181054786531
68,123,1.0,0.20216645300388336,0.23664122819900513,1.1656988859176636,0.04784091773947541
74,82,1.0,0.1789996325969696,-0.2671755850315094,-1.814180612564087,0.047824331559520594
35,97,1.0,0.20108865201473236,0.23664122819900513,1.0539846420288086,0.04758586558964861
12,40,1.0,0.21421639621257782,-0.221374049782753,-0.8598459959030151,0.04742195115944514
3,70,1.0,0.2138623297214508,0.221374049782753,1.4183403253555298,0.047343570026411985
69,120,1.0,0.21363486349582672,-0.221374049782753,-1.6713002920150757,0.047293214906856784
90,118,1.0,0.17696255445480347,-0.2671755850315094,-1.7817432880401611,0.047280074015132456
33,43,1.0,0.19973868131637573,-0.23664122819900513,-1.4483680725097656,0.04726640686555683
76,115,1.0,0.19917204976081848,0.23664122819900513,0.8179673552513123,0.04713231847831345
2,124,1.0,0.17621003091335297,-0.2671755850315094,-1.3313416242599487,0.047079018097695435
12,15,1.0,0.21248997747898102,0.221374049782753,2.253389835357666,0.047039766852768006
8,15,1.0,0.2115846872329712,0.221374049782753,2.0382931232452393,0.046839359084779986
61,97,1.0,0.1977357715368271,0.23664122819900513,0.9403736591339111,0.04679243583535264
33,111,1.0,0.226763054728508,0.20610687136650085,0.8672381043434143,0.04673742375160339
41,77,1.0,0.19712141156196594,-0.23664122819900513,-1.7724895477294922,0.04664705293634519
38,39,0.9999999403953552,0.18485864996910095,-0.25190839171409607,-1.205691933631897,0.04656744243251923
61,66,1.0,0.21034222841262817,-0.221374049782753,-1.0023701190948486,0.04656431094403235
67,98,1.0,0.1841508001089096,-0.25190839171409607,-1.221706509590149,0.046389131888299406
43,74,1.0,0.18409618735313416,-0.25190839171409607,-1.8479154109954834,0.04637537447682494
25,99,1.0,0.20943360030651093,0.221374049782753,0.6765777468681335,0.04636316426043474
19,34,0.9999999403953552,0.19582445919513702,-0.23664122819900513,-1.264939546585083,0.046340137773255574
36,104,1.0,0.2090131789445877,0.221374049782753,1.0194942951202393,0.04627009388093062
105,119,1.0,0.14712943136692047,0.3129771053791046,1.392301321029663,0.04604814354529241
84,101,1.0,0.18268676102161407,0.25190839171409607,1.511185646057129,0.046020328156412216
96,99,1.0,0.2618478238582611,-0.17557251453399658,-0.47031858563423157,0.045973280860049925
47,104,1.0,0.19426392018795013,0.23664122819900513,1.4512290954589844,0.04597085266803003
38,98,1.0,0.22293370962142944,-0.20610687136650085,-0.6847534775733948,0.04594816941220081
21,57,1.0,0.2072259485721588,-0.221374049782753,-2.1031455993652344,0.045874447455491296
75,121,1.0,0.2065739929676056,-0.221374049782753,-2.5164806842803955,0.045730121403032786
7,65,1.0,0.1924412101507187,-0.23664122819900513,-1.0684534311294556,0.04553952432616892
11,102,1.0,0.20523883402347565,-0.221374049782753,-2.2805593013763428,0.045434551860467076
106,126,1.0,0.18001438677310944,-0.25190839171409607,-1.2488372325897217,0.045347134657413246
23,82,1.0,0.1913013458251953,0.23664122819900513,2.161689281463623,0.04526978543219684
39,64,0.9999999403953552,0.20439068973064423,0.221374049782753,2.0549824237823486,0.04524679202664373
37,79,1.0,0.160093754529953,-0.28244274854660034,-1.2889333963394165,0.045217320054584675
90,103,1.0,0.1903325915336609,-0.23664122819900513,-1.9895386695861816,0.04504053822682508
62,102,1.0,0.1784377247095108,0.25190839171409607,1.5222207307815552,0.04494996025269549
22,83,1.0,0.1898304969072342,0.23664122819900513,1.8789554834365845,0.04492172193775534
16,52,1.0,0.15881198644638062,0.28244274854660034,1.7133618593215942,0.04485529395406118
64,78,1.0,0.18915626406669617,0.23664122819900513,1.9427183866500854,0.04476217065027832
12,71,1.0,0.21642516553401947,0.20610687136650085,0.8239796757698059,0.044606713753193805
47,86,1.0,0.18847458064556122,-0.23664122819900513,-1.06980299949646,0.04460085624825805
51,113,1.0,0.2010527104139328,0.221374049782753,2.0253524780273438,0.04450785272413138
1,46,1.0,0.18774943053722382,-0.23664122819900513,-1.4693381786346436,0.04442925583599244
35,45,1.0,0.2005901038646698,-0.221374049782753,-1.2365713119506836,0.044405443638865005
40,49,1.0,0.21525467932224274,-0.20610687136650085,-0.6230604648590088,0.044365468502106875
12,70,1.0,0.1759122759103775,0.25190839171409607,1.5256555080413818,0.04431377850734952
33,62,1.0,0.20011980831623077,0.221374049782753,1.0202231407165527,0.04430133240871226
19,37,1.0,0.1999613344669342,0.221374049782753,1.2413252592086792,0.044266250410908814
23,122,1.0,0.19987133145332336,0.221374049782753,0.8591069579124451,0.04424632607929313
100,117,1.0,0.23154427111148834,0.19083969295024872,2.492204427719116,0.04418783760330558
45,110,1.0,0.17521661520004272,0.25190839171409607,2.1736302375793457,0.0441385357366304
49,113,1.0,0.17518991231918335,-0.25190839171409607,-1.7326042652130127,0.044131809056858984
52,66,1.0,0.18634112179279327,-0.23664122819900513,-2.3181421756744385,0.044095991925027
93,122,1.0,0.18629774451255798,-0.23664122819900513,-1.2295477390289307,0.04408572707215619
28,109,1.0,0.21384985744953156,-0.20610687136650085,-0.7193695902824402,0.044075925061095145
19,85,1.0,0.1988513171672821,0.221374049782753,0.9576680660247803,0.04402052138595591
36,49,1.0,0.17472891509532928,-0.25190839171409607,-1.5115675926208496,0.04401567998761324
67,120,1.0,0.21309000253677368,-0.20610687136650085,-1.2245675325393677,0.043919313742334154
27,121,1.0,0.24975267052650452,-0.17557251453399658,-2.735543966293335,0.043849704375919174
35,80,1.0,0.19795580208301544,-0.221374049782753,-1.774928092956543,0.04382227758511026
85,114,1.0,0.18517053127288818,-0.23664122819900513,-1.0626447200775146,0.04381898194667855
94,98,1.0,0.17362740635871887,-0.25190839171409607,-1.3816486597061157,0.04373820069331469
29,35,1.0,0.19734206795692444,-0.221374049782753,-1.8283437490463257,0.043686412776127614
67,116,1.0,0.19731692969799042,-0.221374049782753,-1.6204371452331543,0.0436808478179429
14,125,1.0,0.19692255556583405,0.221374049782753,1.6368684768676758,0.04359354361917789
4,79,1.0,0.17305298149585724,0.25190839171409607,1.2788324356079102,0.043593498249950624
89,116,1.0,0.18396811187267303,-0.23664122819900513,-1.681790828704834,0.043534439943001324
32,90,1.0,0.19643406569957733,-0.221374049782753,-0.9361472725868225,0.043485404639206804
112,126,1.0,0.1721181869506836,0.25190839171409607,1.8501032590866089,0.04335801565949282
83,118,1.0,0.21016950905323029,-0.20610687136650085,-2.399892807006836,0.04331737996759477
10,124,1.0,0.19545555114746094,-0.221374049782753,-1.0441986322402954,0.04326878691003344
75,90,1.0,0.2097388654947281,-0.20610687136650085,-1.1459403038024902,0.04322862137107775
52,103,1.0,0.17135931551456451,-0.25190839171409607,-1.1582465171813965,0.0431668495765023
48,60,1.0,0.17131631076335907,-0.25190839171409607,-1.6233776807785034,0.04315601631879007
9,84,1.0,0.20906001329421997,-0.20610687136650085,-1.0290781259536743,0.043088705267910754
42,57,1.0,0.1818545162677765,-0.23664122819900513,-1.6430799961090088,0.043034276083142586
15,74,1.0,0.1943873018026352,-0.221374049782753,-1.7046101093292236,0.04303230422639159
8,71,1.0,0.18182381987571716,0.23664122819900513,1.6690434217453003,0.04302701205122439
26,120,1.0,0.19378845393657684,0.221374049782753,1.266347885131836,0.0428997348490785
62,126,0.9999999403953552,0.18098461627960205,0.23664122819900513,0.7986657619476318,0.04282841932875781
24,50,1.0,0.18090049922466278,-0.23664122819900513,-1.0994056463241577,0.042808516318337375
5,44,1.0,0.20764116942882538,0.20610687136650085,0.7523669004440308,0.04279627179785672
54,105,1.0,0.20720955729484558,0.20610687136650085,1.0538095235824585,0.04270731357127833
1,51,1.0,0.24310040473937988,-0.17557251453399658,-0.5921014547348022,0.042681749344325226
10,38,1.0,0.1803247183561325,-0.23664122819900513,-2.31266713142395,0.04267226282643488
47,61,1.0,0.15965385735034943,0.2671755850315094,1.730054497718811,0.042655612740116755
62,95,1.0,0.206737220287323,0.20610687136650085,0.9361857175827026,0.04260996166842723
1,100,1.0,0.20662392675876617,-0.20610687136650085,-0.7054531574249268,0.042586611093710314
102,114,1.0,0.16900913417339325,0.25190839171409607,1.2115978002548218,0.04257481917461137
46,106,1.0,0.20579226315021515,-0.20610687136650085,-1.2754374742507935,0.04241519950932249
71,119,1.0,0.24127578735351562,0.17557251453399658,1.3144880533218384,0.04236139668182659
76,84,1.0,0.19111812114715576,-0.221374049782753,-2.0120811462402344,0.04230859246521668
48,74,1.0,0.2051462084054947,-0.20610687136650085,-2.0114002227783203,0.04228204318715667
44,118,1.0,0.1907130628824234,0.221374049782753,1.7335877418518066,0.0422189230767549
40,102,1.0,0.2208576202392578,0.19083969295024872,0.6731672286987305,0.0421484004321826
61,85,1.0,0.22034955024719238,0.19083969295024872,0.8589779138565063,0.042051440510899596
22,76,1.0,0.18962274491786957,-0.221374049782753,-1.9743263721466064,0.04197755497339073
3,114,1.0,0.18937994539737701,0.221374049782753,2.079719305038452,0.04192380546025398
29,105,1.0,0.16627074778079987,0.25190839171409607,1.6981877088546753,0.0418849966625614
36,79,1.0,0.21905171871185303,0.19083969295024872,2.138690233230591,0.04180376273919428
3,96,1.0,0.1887417882680893,-0.221374049782753,-2.1443939208984375,0.041782534032145824
18,99,1.0,0.17612852156162262,0.23664122819900513,1.371788740158081,0.04167926966321733
58,71,1.0,0.202037051320076,-0.20610687136650085,-0.5668554902076721,0.041641224547694033
9,111,1.0,0.17536583542823792,-0.23664122819900513,-1.036012887954712,0.041498786679882826
60,126,1.0,0.17514988780021667,0.23664122819900513,1.0338191986083984,0.04144768456796122
98,125,1.0,0.14627543091773987,-0.28244274854660034,-1.6189265251159668,0.04131443475324481
12,29,1.0,0.18631333112716675,0.221374049782753,0.9248823523521423,0.041244936640135954
63,67,1.0,0.16336095333099365,0.25190839171409607,1.9319981336593628,0.041151995022492116
50,73,1.0,0.18527403473854065,0.221374049782753,2.273787260055542,0.041014863389661205
32,96,1.0,0.17326956987380981,-0.23664122819900513,-1.3945966958999634,0.04100272382445169
91,114,1.0,0.1627092957496643,-0.25190839171409607,-1.936889886856079,0.04098783700923114
90,109,1.0,0.15290628373622894,0.2671755850315094,1.5656845569610596,0.04085282581222094
13,124,1.0,0.17256306111812592,-0.23664122819900513,-1.443324327468872,0.040835534724773304
32,84,1.0,0.21355433762073517,-0.19083969295024872,-2.3729031085968018,0.04075464421973485
6,108,1.0,0.19760803878307343,0.20610687136650085,1.268373966217041,0.040728374630449427
24,107,1.0,0.1838308423757553,0.221374049782753,1.1288574934005737,0.040695378051695874
43,87,1.0,0.19727249443531036,-0.20610687136650085,-1.021748661994934,0.04065921663472727
1,80,1.0,0.17152836918830872,-0.23664122819900513,-2.1977884769439697,0.04059068395569376
17,53,1.0,0.31189972162246704,-0.12977099418640137,-2.9408485889434814,0.040475536961409375
78,91,1.0,0.1705925613641739,-0.23664122819900513,-1.1123160123825073,0.04036923324283226
23,60,1.0,0.18221983313560486,-0.221374049782753,-2.0045859813690186,0.04033874241196633
82,95,1.0,0.19550752639770508,0.20610687136650085,0.9312454462051392,0.04029544459443457
12,28,1.0,0.2102842628955841,-0.19083969295024872,-0.4508034884929657,0.04013058416326265
20,66,1.0,0.1811111718416214,-0.221374049782753,-1.141940951347351,0.04009331357147983
27,62,1.0,0.22829970717430115,-0.17557251453399658,-0.9420347213745117,0.04008315365596715
20,114,1.0,0.1685790866613388,-0.23664122819900513,-1.2623745203018188,0.03989276211620574
18,123,1.0,0.24823744595050812,0.16030533611774445,2.7117369174957275,0.039793787210106624
49,109,1.0,0.15775002539157867,-0.25190839171409607,-1.4554479122161865,0.0397385551892504
52,113,1.0,0.15733696520328522,-0.25190839171409607,-1.468070387840271,0.039634501861536275
31,42,1.0,0.20737238228321075,0.19083969295024872,2.4031014442443848,0.03957488176128954
15,105,1.0,0.1480204463005066,-0.2671755850315094,-1.4756373167037964,0.03954744933696297
14,94,1.0,0.20694957673549652,0.19083969295024872,2.179450273513794,0.03949419368038609
100,113,1.0,0.22487640380859375,0.17557251453399658,2.011965751647949,0.03948211567603721
93,103,1.0,0.15664337575435638,0.25190839171409607,1.6111252307891846,0.03945978085894675
1,6,1.0,0.178131565451622,-0.221374049782753,-2.3808889389038086,0.03943370603816709
93,94,1.0,0.224554643034935,0.17557251453399658,0.694381058216095,0.03942562332792754
20,45,1.0,0.17794524133205414,0.221374049782753,2.087794065475464,0.03939245871324615
56,108,1.0,0.19084978103637695,-0.20610687136650085,-1.5440607070922852,0.0393354512703894
41,106,1.0,0.24528302252292633,-0.16030533611774445,-0.5615686178207397,0.03932017736951399
15,28,1.0,0.1775677353143692,0.221374049782753,1.3771824836730957,0.039308888677293874
22,55,1.0,0.1773180514574051,0.221374049782753,1.3570928573608398,0.03925361515071235
38,63,1.0,0.15578721463680267,-0.25190839171409607,-1.559049367904663,0.03924410668877565
33,106,1.0,0.1557558923959732,0.25190839171409607,1.4352684020996094,0.039236216353463416
21,29,1.0,0.17704258859157562,0.221374049782753,0.8082321286201477,0.03919263482053892
46,48,1.0,0.18927091360092163,-0.20610687136650085,-2.0944533348083496,0.03901003584296525
93,112,1.0,0.22213535010814667,-0.17557251453399658,-0.6721453070640564,0.039000861985377
44,117,1.0,0.18905018270015717,-0.20610687136650085,-0.9640200138092041,0.03896454168759478
30,103,1.0,0.17594526708126068,0.221374049782753,1.0751675367355347,0.03894971631388677
74,85,1.0,0.1755439043045044,-0.221374049782753,-1.0281420946121216,0.03886086501056418
45,88,1.0,0.18847143650054932,-0.20610687136650085,-2.0353004932403564,0.03884525811907835
61,89,1.0,0.18839256465435028,-0.20610687136650085,-2.337585210800171,0.03882900208961937
9,125,1.0,0.1880394071340561,-0.20610687136650085,-1.5278582572937012,0.03875621389801198
69,113,1.0,0.18800532817840576,0.20610687136650085,1.2987909317016602,0.038749189991083455
33,114,1.0,0.267164945602417,0.1450381726026535,0.4262460470199585,0.03874911549366189
75,100,1.0,0.22024554014205933,-0.17557251453399658,-2.631165027618408,0.03866906329763964
46,91,1.0,0.18747065961360931,0.20610687136650085,1.1118204593658447,0.03863899112597524
41,73,1.0,0.18738535046577454,-0.20610687136650085,-1.9544384479522705,0.03862140832441607
1,120,1.0,0.21980997920036316,0.17557251453399658,2.3775665760040283,0.03859259076787325
51,86,1.0,0.17424346506595612,0.221374049782753,1.1701397895812988,0.03857298150983035
74,98,1.0,0.1870550513267517,-0.20610687136650085,-2.0960426330566406,0.03855333140225703
40,109,1.0,0.17394816875457764,-0.221374049782753,-1.0342892408370972,0.03850761056949459
9,110,1.0,0.1526893675327301,0.25190839171409607,1.6922317743301392,0.03846373300701256
18,117,1.0,0.17340324819087982,0.221374049782753,0.8842313885688782,0.0383869792974989
52,121,1.0,0.17307214438915253,-0.221374049782753,-1.6571853160858154,0.038313681508012065
14,42,1.0,0.16163058578968048,-0.23664122819900513,-1.4950454235076904,0.038248460335794654
3,54,1.0,0.20037975907325745,-0.19083969295024872,-2.3615260124206543,0.038240411694985266
18,22,1.0,0.16150245070457458,0.23664122819900513,1.6787757873535156,0.03821813829187981
24,113,1.0,0.17214810848236084,-0.221374049782753,-1.4884182214736938,0.03810912393718091
20,124,1.0,0.17208245396614075,0.221374049782753,1.6170766353607178,0.03809458973103874
14,19,1.0,0.15120014548301697,0.25190839171409607,1.9462603330612183,0.03808858547556415
60,105,1.0,0.16091901063919067,0.23664122819900513,1.1949782371520996,0.038080072318226854
44,68,1.0,0.1719764918088913,-0.221374049782753,-1.614946722984314,0.038071132459164714
37,112,1.0,0.23748764395713806,0.16030533611774445,2.4852488040924072,0.03807053658836024
36,88,1.0,0.19934943318367004,-0.19083969295024872,-2.1039745807647705,0.038043784618577714
89,105,1.0,0.23731127381324768,-0.16030533611774445,-2.9238319396972656,0.038042263513162755
73,84,1.0,0.18455255031585693,0.20610687136650085,1.453194499015808,0.03803754874831
30,82,1.0,0.1603105515241623,0.23664122819900513,1.704932451248169,0.03793608580593766
66,84,1.0,0.15987707674503326,-0.23664122819900513,-1.6125441789627075,0.03783350780181127
33,84,1.0,0.14131991565227509,0.2671755850315094,1.2797492742538452,0.03775723114100016
9,42,1.0,0.19781552255153656,0.19083969295024872,1.2353181838989258,0.03775105358452824
48,106,1.0,0.15899088978767395,0.23664122819900513,1.6261253356933594,0.037623799431807825
21,68,1.0,0.18160787224769592,-0.20610687136650085,-1.9478400945663452,0.037430630364499784
62,92,1.0,0.13984732329845428,0.2671755850315094,1.5719047784805298,0.03736379041735516
25,69,1.0,0.1810997724533081,-0.20610687136650085,-1.475016713142395,0.03732590750553655
71,105,1.0,0.16847586631774902,-0.221374049782753,-0.6409932374954224,0.03729618481741781
29,37,1.0,0.2123878002166748,0.17557251453399658,0.8629390597343445,0.0372894601403857
24,76,1.0,0.1949298232793808,-0.19083969295024872,-0.8072995543479919,0.037200347621483276
66,96,1.0,0.2864917516708374,0.12977099418640137,2.8326337337493896,0.037178319440528185
37,47,1.0,0.1803525686264038,0.20610687136650085,1.2441967725753784,0.03717190366250023
11,45,1.0,0.1801784336566925,-0.20610687136650085,-0.8965963125228882,0.03713601324869753
62,98,1.0,0.1569245159626007,-0.23664122819900513,-0.9524422287940979,0.03713481019192422
70,113,1.0,0.16774198412895203,-0.221374049782753,-1.2775981426239014,0.03713372234522039
70,112,1.0,0.16765356063842773,-0.221374049782753,-2.159818649291992,0.0371141476790271
52,107,1.0,0.21122564375400543,0.17557251453399658,0.7794217467308044,0.0370854174079529
39,46,0.9999999403953552,0.21058297157287598,0.17557251453399658,0.811012327671051,0.03697257963335335
3,8,1.0,0.1930316984653473,-0.19083969295024872,-0.7546095252037048,0.036838110064791874
39,117,1.0,0.1554962694644928,0.23664122819900513,2.1190953254699707,0.03679682818644103
74,90,1.0,0.17827153205871582,0.20610687136650085,1.1015238761901855,0.036742987726334775
60,78,1.0,0.15474402904510498,0.23664122819900513,1.1388168334960938,0.036618817089696165
39,69,1.0,0.1776147335767746,0.20610687136650085,2.053135395050049,0.0366076170461036
20,46,1.0,0.17709992825984955,-0.20610687136650085,-1.3093379735946655,0.03650151213286934
74,96,1.0,0.17677970230579376,0.20610687136650085,1.3192702531814575,0.03643551136334855
96,117,1.0,0.1905311793088913,-0.19083969295024872,-1.1412148475646973,0.0363609117567576
88,107,1.0,0.15355484187602997,-0.23664122819900513,-0.9767723679542542,0.036337406377447756
93,98,1.0,0.2068747729063034,-0.17557251453399658,-0.7285243272781372,0.0363215240728092
8,19,1.0,0.16390155255794525,-0.221374049782753,-1.66420316696167,0.03628355045543308
24,65,1.0,0.19000345468521118,-0.19083969295024872,-0.6030715703964233,0.0362602009516122
34,103,1.0,0.17581579089164734,0.20610687136650085,2.0844485759735107,0.03623684259750437
85,88,1.0,0.17567388713359833,0.20610687136650085,1.4028760194778442,0.03620759525789774
13,125,1.0,0.18962885439395905,-0.19083969295024872,-1.4327696561813354,0.03618871234705057
58,62,1.0,0.17513279616832733,-0.20610687136650085,-0.8599202036857605,0.036096072691921055
5,11,0.9999999403953552,0.174739807844162,0.20610687136650085,2.1275618076324463,0.03601507295127802
22,70,1.0,0.1521400660276413,0.23664122819900513,1.232209324836731,0.03600261208305877
57,90,1.0,0.1746739000082016,-0.20610687136650085,-0.481106698513031,0.03600149104007544
80,107,1.0,0.15204642713069916,0.23664122819900513,0.9903858304023743,0.035980453259479184
5,101,1.0,0.17456060647964478,-0.20610687136650085,-1.5355018377304077,0.03597814046535852
95,97,1.0,0.15193983912467957,-0.23664122819900513,-1.709861159324646,0.035955230142823424
65,108,1.0,0.17432624101638794,0.20610687136650085,1.6578354835510254,0.035929836132970294
6,120,1.0,0.16225400567054749,-0.221374049782753,-0.7597531080245972,0.035918826328762865
44,102,1.0,0.17425894737243652,-0.20610687136650085,-1.6467020511627197,0.03591596645055262
6,44,1.0,0.1516130268573761,-0.23664122819900513,-1.614750862121582,0.03587789288649823
36,39,0.9999999403953552,0.17399822175502777,0.20610687136650085,1.346611738204956,0.035862226971707975
19,44,1.0,0.17337572574615479,0.20610687136650085,0.5670930743217468,0.035733928404436455
100,115,1.0,0.1612265706062317,-0.221374049782753,-1.2409275770187378,0.035691378867686474
22,57,1.0,0.17313385009765625,0.20610687136650085,2.160060405731201,0.03568407617126468
10,91,1.0,0.15055899322032928,-0.23664122819900513,-1.6387845277786255,0.03562846507206441
5,18,1.0,0.17284204065799713,0.20610687136650085,1.1623157262802124,0.035623932240621325
21,72,1.0,0.27417731285095215,0.12977099418640137,0.45432671904563904,0.03558026247202406
30,67,1.0,0.18634144961833954,-0.19083969295024872,-0.6997519731521606,0.03556134502906816
114,125,1.0,0.18590018153190613,-0.19083969295024872,-2.0396628379821777,0.03547713356294446
49,64,1.0,0.22091521322727203,0.16030533611774445,0.337300568819046,0.03541388750992103
31,61,1.0,0.1494027078151703,0.23664122819900513,1.2644288539886475,0.035354840273639
22,109,1.0,0.18495090305805206,-0.19083969295024872,-1.9096519947052002,0.03529597355046987
18,126,1.0,0.17120333015918732,-0.20610687136650085,-1.296836018562317,0.0352861827466362
1,33,1.0,0.17119629681110382,0.20610687136650085,2.34222412109375,0.035284733125267476
5,113,1.0,0.21985943615436554,0.16030533611774445,2.573108434677124,0.03524464081138334
48,81,1.0,0.17077258229255676,0.20610687136650085,1.6923537254333496,0.03519740265149718
99,115,1.0,0.18413279950618744,-0.19083969295024872,-1.0035245418548584,0.03513984691983052
28,108,1.0,0.18387748301029205,0.19083969295024872,0.5846169590950012,0.03509112239814871
27,30,1.0,0.18373574316501617,-0.19083969295024872,-1.0019665956497192,0.035064072809597446
17,25,1.0,0.17011503875255585,-0.20610687136650085,-1.7317562103271484,0.035061878409680336
11,117,1.0,0.15801754593849182,-0.221374049782753,-1.3500992059707642,0.034980984081136146
14,64,1.0,0.1694139987230301,0.20610687136650085,1.3428826332092285,0.0349173892424921
2,116,1.0,0.16911901533603668,0.20610687136650085,1.2083827257156372,0.0348565911394938
45,114,1.0,0.15744207799434662,0.221374049782753,1.7802351713180542,0.03485359041182057
11,110,1.0,0.18222124874591827,0.19083969295024872,2.126861095428467,0.03477504715968194
1,111,1.0,0.14680862426757812,-0.23664122819900513,-1.1014039516448975,0.03474097315688596
19,78,1.0,0.18185143172740936,-0.19083969295024872,-0.9508498907089233,0.03470447139342192
36,105,1.0,0.21634884178638458,0.16030533611774445,0.4907701313495636,0.034681873801251095
5,100,1.0,0.16811081767082214,-0.20610687136650085,-1.08851158618927,0.03464879467299742
23,86,1.0,0.18147917091846466,-0.19083969295024872,-2.0123915672302246,0.0346334292549455
39,81,1.0,0.167835995554924,0.20610687136650085,2.5341689586639404,0.03459215194650733
28,39,1.0,0.14605247974395752,-0.23664122819900513,-1.826647162437439,0.034562038188120425
105,116,1.0,0.15612183511257172,0.221374049782753,1.3014280796051025,0.034561322898385205
9,113,1.0,0.1967829465866089,-0.17557251453399658,-2.406177520751953,0.03454967674962006
17,29,1.0,0.16742663085460663,-0.20610687136650085,-1.8989460468292236,0.03450777906887703
15,92,1.0,0.21492832899093628,0.16030533611774445,0.5209389925003052,0.0344541580201172
36,109,1.0,0.18033276498317719,-0.19083969295024872,-1.8228683471679688,0.0344146494982589
17,24,1.0,0.180282324552536,-0.19083969295024872,-1.9214643239974976,0.03440502346196306
50,98,1.0,0.15539374947547913,0.221374049782753,1.842177391052246,0.03440014363231336
36,111,1.0,0.15537182986736298,0.221374049782753,1.1364445686340332,0.03439529119989504
40,83,1.0,0.1958082765340805,0.17557251453399658,0.8376022577285767,0.03437855147765667
27,106,1.0,0.18009264767169952,0.19083969295024872,0.7685223817825317,0.03436882558426446
52,119,1.0,0.15523886680603027,0.221374049782753,1.3463338613510132,0.034365856628536307
39,57,1.0,0.18005384504795074,0.19083969295024872,2.6064822673797607,0.03436142050346258
68,82,1.0,0.18002815544605255,-0.19083969295024872,-1.8183765411376953,0.034356517907724315
71,106,1.0,0.16668933629989624,-0.20610687136650085,-2.157437801361084,0.034355817594930116
2,66,1.0,0.17992495000362396,0.19083969295024872,1.0000245571136475,0.03433682221278045
67,119,1.0,0.17964273691177368,-0.19083969295024872,-2.2352488040924072,0.0342829647529852
67,111,1.0,0.1662520468235016,-0.20610687136650085,-1.791203498840332,0.03426568922906892
27,118,1.0,0.2133939266204834,-0.16030533611774445,-0.44835489988327026,0.034208185132381885
17,96,1.0,0.1444583684206009,-0.23664122819900513,-1.7397115230560303,0.03418480572667537
3,43,1.0,0.17881640791893005,0.19083969295024872,0.9757317304611206,0.034125268381715035
40,126,1.0,0.15406760573387146,-0.221374049782753,-1.5689659118652344,0.03410656982163962
37,40,1.0,0.1654738485813141,-0.20610687136650085,-0.9247172474861145,0.03410529722406874
41,114,1.0,0.15337485074996948,-0.221374049782753,-1.1134579181671143,0.033953211845346054
98,101,1.0,0.16458208858966827,-0.20610687136650085,-1.3521546125411987,0.03392149936218081
3,5,0.9999999403953552,0.21141739189624786,0.16030533611774445,0.5981921553611755,0.03389133404898387
52,84,1.0,0.17728984355926514,0.19083969295024872,1.7678743600845337,0.03383393930804779
42,90,1.0,0.19270531833171844,-0.17557251453399658,-2.380446672439575,0.033833757303574075
36,115,1.0,0.1925324648618698,-0.17557251453399658,-1.7695564031600952,0.033803408985226824
83,91,1.0,0.1428031176328659,0.23664122819900513,1.5319348573684692,0.033793105147288394
1,45,1.0,0.17698170244693756,0.19083969295024872,1.4332597255706787,0.033775133752785846
96,105,1.0,0.16365782916545868,-0.20610687136650085,-1.8686199188232422,0.033731003143925964
96,124,1.0,0.17662683129310608,0.19083969295024872,1.0480221509933472,0.033707410250751746
35,68,1.0,0.19195210933685303,-0.17557251453399658,-0.8433505892753601,0.03370151450637593
35,76,1.0,0.17658191919326782,0.19083969295024872,2.1729393005371094,0.03369883923940886
81,88,1.0,0.17647287249565125,-0.19083969295024872,-0.999330461025238,0.033678028801118476
57,89,1.0,0.15191298723220825,-0.221374049782753,-1.4603219032287598,0.03362959319818959
14,54,1.0,0.17618468403816223,0.19083969295024872,2.065152168273926,0.03362303100437947
59,123,1.0,0.15175455808639526,0.221374049782753,1.8324514627456665,0.033594521096577346
18,67,1.0,0.1757941097021103,0.19083969295024872,2.1298906803131104,0.03354849391801307
32,86,1.0,0.1625550240278244,-0.20610687136650085,-1.9697307348251343,0.03350370742728126
8,111,1.0,0.1755506992340088,0.19083969295024872,1.4510042667388916,0.0335020415390197
79,117,1.0,0.16239672899246216,-0.20610687136650085,-2.0657405853271484,0.0334710817327899
113,118,1.0,0.1752927154302597,-0.19083969295024872,-0.7194154262542725,0.03345280798912609
66,119,1.0,0.20861536264419556,0.16030533611774445,2.5412778854370117,0.03344215582800292
20,108,1.0,0.14107055962085724,-0.23664122819900513,-1.6631826162338257,0.033383110491400636
34,98,1.0,0.17489774525165558,-0.19083969295024872,-1.297994613647461,0.03337743200151677
11,15,1.0,0.17480206489562988,0.19083969295024872,2.4975039958953857,0.03335917239175146
46,63,1.0,0.18997034430503845,0.17557251453399658,1.8937689065933228,0.0333535710365247
67,122,1.0,0.17442406713962555,-0.19083969295024872,-2.2387962341308594,0.03328703541605971
92,112,1.0,0.18952181935310364,-0.17557251453399658,-1.1102005243301392,0.03327482238288226
109,121,1.0,0.16141025722026825,-0.20610687136650085,-1.9213825464248657,0.033267763122131644
65,119,1.0,0.18941369652748108,0.17557251453399658,2.107206106185913,0.03325583898650919
42,55,1.0,0.16125626862049103,0.20610687136650085,1.1900664567947388,0.03323602501360545
20,22,1.0,0.20729604363441467,-0.16030533611774445,-0.9175729155540466,0.03323066195069346
62,110,1.0,0.16114063560962677,0.20610687136650085,1.7755783796310425,0.03321219225550953
72,114,1.0,0.17375677824020386,0.19083969295024872,1.9608650207519531,0.03315969020738496
61,117,1.0,0.20683760941028595,-0.16030533611774445,-1.0744465589523315,0.03315717249830663
8,75,1.0,0.17363829910755157,0.19083969295024872,0.87004154920578,0.03313707968608859
5,79,1.0,0.1496521681547165,-0.221374049782753,-1.8275306224822998,0.03312910652317913
90,94,1.0,0.18842071294784546,-0.17557251453399658,-1.1618467569351196,0.033081498362541595
26,67,1.0,0.18832826614379883,0.17557251453399658,1.8867021799087524,0.033065267244694496
6,16,1.0,0.17268075048923492,0.19083969295024872,1.7203956842422485,0.032954341401784104
51,82,1.0,0.18766115605831146,0.17557251453399658,0.25137633085250854,0.03294814104951449
76,89,1.0,0.18753276765346527,-0.17557251453399658,-0.7252252697944641,0.032925599574438635
17,41,1.0,0.1486784666776657,-0.221374049782753,-1.1724921464920044,0.03291355428392495
83,100,1.0,0.13908222317695618,0.23664122819900513,1.655352234840393,0.032912588113243046
74,95,1.0,0.17245586216449738,-0.19083969295024872,-1.2420027256011963,0.032911423782943094
12,122,1.0,0.20498284697532654,0.16030533611774445,0.4247100055217743,0.032859844182751896
6,77,1.0,0.22628694772720337,0.1450381726026535,2.556844711303711,0.03282024538218575
51,53,1.0,0.1592150777578354,0.20610687136650085,1.9504860639572144,0.03281532155104161
104,126,1.0,0.18689478933811188,0.17557251453399658,1.0967316627502441,0.03281358811739388
48,79,1.0,0.17146438360214233,0.19083969295024872,1.7247731685638428,0.032722210318536504
17,68,1.0,0.15864203870296478,-0.20610687136650085,-2.0869808197021484,0.03269721426427141
28,81,1.0,0.20388802886009216,0.16030533611774445,0.7088305354118347,0.032684338996801454
28,58,1.0,0.15857283771038055,0.20610687136650085,0.5179566144943237,0.03268295146419442
72,123,1.0,0.15856784582138062,0.20610687136650085,1.1354584693908691,0.032681922601570434
19,102,1.0,0.18605735898017883,0.17557251453399658,0.8336394429206848,0.03266655836370447
68,110,1.0,0.20347611606121063,-0.16030533611774445,-2.4986844062805176,0.03261830717712555
59,64,1.0,0.15815700590610504,0.20610687136650085,1.1745635271072388,0.03259724567200051
14,44,1.0,0.1580997258424759,0.20610687136650085,1.6614532470703125,0.03258543985729423
37,75,1.0,0.2032197266817093,-0.16030533611774445,-0.7477939128875732,0.03257720659146757
33,96,1.0,0.15796950459480286,0.20610687136650085,1.472638726234436,0.0325586003633509
21,41,1.0,0.18528829514980316,-0.17557251453399658,-0.8840222954750061,0.032531531893168264
83,89,1.0,0.18524348735809326,-0.17557251453399658,-2.0583293437957764,0.03252366487650704
41,74,1.0,0.1704099178314209,-0.19083969295024872,-1.2978918552398682,0.03252097639462548
42,101,1.0,0.17038756608963013,-0.19083969295024872,-1.9506157636642456,0.032516710795085224
23,38,1.0,0.14681099355220795,0.221374049782753,1.5901432037353516,0.03250014419528191
17,75,1.0,0.16989286243915558,-0.19083969295024872,-1.4977920055389404,0.032422301702327294
39,119,0.9999999403953552,0.18453064560890198,0.17557251453399658,0.4400150775909424,0.03239850752703507
20,113,1.0,0.20209108293056488,-0.16030533611774445,-0.6826618313789368,0.03239627897558317
51,76,1.0,0.18451547622680664,0.17557251453399658,1.7985600233078003,0.03239584613157831
38,82,1.0,0.16975028812885284,-0.19083969295024872,-0.8301793932914734,0.03239509286472653
80,93,1.0,0.16973386704921722,-0.19083969295024872,-1.0639472007751465,0.032391959070930954
19,80,1.0,0.18380919098854065,0.17557251453399658,0.6884841322898865,0.03227184185631771
118,123,1.0,0.15651242434978485,0.20610687136650085,1.6627349853515625,0.0322582861127203
11,12,1.0,0.24854540824890137,0.12977099418640137,0.29679790139198303,0.032253984728924934
89,91,1.0,0.1564849466085434,-0.20610687136650085,-0.8342646360397339,0.03225262276144081
17,23,1.0,0.15630294382572174,0.20610687136650085,1.5025907754898071,0.03221511073729344
33,40,1.0,0.15615025162696838,0.20610687136650085,2.1412789821624756,0.03218363982592631
20,55,1.0,0.1683322936296463,-0.19083969295024872,-0.705919623374939,0.03212448322989281
61,120,1.0,0.16831162571907043,0.19083969295024872,0.9213941693305969,0.03212053897218459
35,54,1.0,0.14503401517868042,0.221374049782753,2.077453136444092,0.03210676729635775
61,67,1.0,0.1274310052394867,0.25190839171409607,1.2311336994171143,0.03210093958438964
51,64,1.0,0.2472866028547287,-0.12977099418640137,-0.7443558573722839,0.03209062830143594
11,29,1.0,0.14484645426273346,0.221374049782753,1.5740214586257935,0.03206524617681361
31,57,1.0,0.24700088798999786,-0.12977099418640137,-0.5104748606681824,0.03205355079938599
19,121,1.0,0.18243782222270966,-0.17557251453399658,-0.9512380361557007,0.032031067193747376
22,101,1.0,0.13526476919651031,0.23664122819900513,1.243987798690796,0.03200922111471716
29,92,1.0,0.1552448272705078,-0.20610687136650085,-1.114397644996643,0.0319970256445572
22,102,1.0,0.14447593688964844,-0.221374049782753,-1.7273445129394531,0.03198322324541891
16,99,1.0,0.1549471616744995,0.20610687136650085,1.9410327672958374,0.03193567471985048
48,80,1.0,0.15490441024303436,0.20610687136650085,1.1162246465682983,0.03192686335606476
108,112,1.0,0.19897301495075226,-0.16030533611774445,-2.1252689361572266,0.03189643604004133
1,58,1.0,0.13468724489212036,0.23664122819900513,1.562626838684082,0.03187255505401154
13,82,1.0,0.16609013080596924,0.19083969295024872,0.825128972530365,0.031696589565077815
25,85,1.0,0.16587094962596893,0.19083969295024872,0.7654712200164795,0.031654761095986084
29,44,1.0,0.1429360806941986,-0.221374049782753,-1.8558481931686401,0.03164233904334912
25,106,1.0,0.18008209764957428,0.17557251453399658,1.828473687171936,0.03161746670689247
114,120,1.0,0.19710485637187958,-0.16030533611774445,-0.6832118630409241,0.0315969602511339
80,109,1.0,0.1532200425863266,-0.20610687136650085,-1.7934441566467285,0.0315797036081098
45,56,1.0,0.15321116149425507,-0.20610687136650085,-1.6539307832717896,0.03157787315400862
25,86,1.0,0.16544209420681,0.19083969295024872,2.0165672302246094,0.03157291845947374
6,91,0.9999999403953552,0.17981833219528198,0.17557251453399658,2.323446750640869,0.03157115486104759
13,85,1.0,0.179695725440979,0.17557251453399658,1.616579532623291,0.031549630366683346
65,84,1.0,0.17954100668430328,-0.17557251453399658,-1.647984504699707,0.031522466005528216
53,111,1.0,0.16513727605342865,-0.19083969295024872,-1.2544788122177124,0.031514747056676784
23,115,1.0,0.15279710292816162,0.20610687136650085,1.9493534564971924,0.0314925328383886
54,101,1.0,0.19642327725887299,0.16030533611774445,2.290118932723999,0.03148769948233254
31,124,1.0,0.1527407020330429,-0.20610687136650085,-1.8310489654541016,0.03148090822635341
66,91,1.0,0.1525237113237381,0.20610687136650085,0.9007813334465027,0.031436184950143
50,80,1.0,0.15231649577617645,0.20610687136650085,1.5802966356277466,0.03139347640193657
52,112,1.0,0.1522880345582962,-0.20610687136650085,-2.4659082889556885,0.03138761034936399
12,109,1.0,0.15204307436943054,-0.20610687136650085,-1.8429149389266968,0.031337122371227544
39,86,1.0,0.14152057468891144,0.221374049782753,1.131328821182251,0.031328982746466894
49,115,1.0,0.17831149697303772,0.17557251453399658,0.6055710911750793,0.03130659789387735
37,65,1.0,0.1952282190322876,0.16030533611774445,0.2778988778591156,0.0312961252716395
6,117,1.0,0.14130820333957672,0.221374049782753,1.3415580987930298,0.03128196924080684
101,114,1.0,0.1412358433008194,0.221374049782753,1.973921775817871,0.031265950605984694
54,124,1.0,0.19479696452617645,0.16030533611774445,0.9724425673484802,0.031226992873085058
98,106,1.0,0.19456174969673157,0.16030533611774445,2.703996419906616,0.031189286680791017
13,109,1.0,0.1774473488330841,-0.17557251453399658,-1.5478320121765137,0.03115487723201582
20,58,1.0,0.16291475296020508,0.19083969295024872,1.5687737464904785,0.03109060143199116
4,40,1.0,0.16290758550167084,0.19083969295024872,1.913408875465393,0.031089233596405252
53,98,1.0,0.17700333893299103,-0.17557251453399658,-2.2876265048980713,0.03107692129737849
29,71,1.0,0.23941056430339813,0.12977099418640137,2.7163889408111572,0.03106854694837935
28,64,1.0,0.1937265843153,-0.16030533611774445,-0.5517749786376953,0.031055405213606724
100,124,1.0,0.14027251303195953,0.221374049782753,1.863052248954773,0.031052694283088877
57,80,1.0,0.16266483068466187,0.19083969295024872,1.2984387874603271,0.031042906341665066
35,120,1.0,0.21386508643627167,0.1450381726026535,0.744269073009491,0.03101860132022538
30,31,1.0,0.17645706236362457,0.17557251453399658,2.307727813720703,0.030981010146463817
70,119,1.0,0.16225823760032654,0.19083969295024872,2.678680419921875,0.030965312242294818
32,47,1.0,0.1398586481809616,-0.221374049782753,-1.4883042573928833,0.03096107534496073
45,116,1.0,0.17591868340969086,0.17557251453399658,1.1521475315093994,0.03088648559974949
26,103,1.0,0.13040003180503845,0.23664122819900513,1.7490274906158447,0.03085802368353363
85,106,1.0,0.2125784456729889,0.1450381726026535,0.6813095211982727,0.030831989295122764
26,85,1.0,0.13898126780986786,0.221374049782753,1.7507978677749634,0.030766846099011813
41,122,1.0,0.16119492053985596,-0.19083969295024872,-1.9946995973587036,0.03076238914096585
53,96,1.0,0.16109411418437958,0.19083969295024872,1.0417684316635132,0.030743151287039305
64,79,1.0,0.14907607436180115,0.20610687136650085,0.7553604245185852,0.030725603282310665
40,89,1.0,0.1387382596731186,-0.221374049782753,-1.8338861465454102,0.030713050403649467
33,103,1.0,0.17461414635181427,0.17557251453399658,1.7518187761306763,0.030657444748195317
21,95,1.0,0.16064344346523285,-0.19083969295024872,-1.1268261671066284,0.030657145425375676
21,105,1.0,0.1908603459596634,0.16030533611774445,0.424911767244339,0.030595931910612828
6,106,1.0,0.19064778089523315,-0.16030533611774445,-1.5964840650558472,0.03056185659651245
82,102,1.0,0.1740507185459137,0.17557251453399658,2.2718772888183594,0.03055852231155498
23,68,1.0,0.16011568903923035,-0.19083969295024872,-1.8654547929763794,0.030556428932764224
98,122,1.0,0.16009241342544556,-0.19083969295024872,-1.0317515134811401,0.030551987021776306
32,124,1.0,0.14819100499153137,-0.20610687136650085,-1.2155342102050781,0.030543184403462043
4,110,1.0,0.1598983108997345,-0.19083969295024872,-2.3157594203948975,0.03051494455536874
5,84,1.0,0.14793725311756134,0.20610687136650085,1.7069370746612549,0.030490884398614693
72,73,1.0,0.15972688794136047,-0.19083969295024872,-1.852181315422058,0.030482230250628017
20,116,1.0,0.14786319434642792,-0.20610687136650085,-1.4911720752716064,0.030475620376999135
92,124,1.0,0.15954463183879852,0.19083969295024872,1.6600568294525146,0.030447448551976786
55,59,1.0,0.17303527891635895,0.17557251453399658,1.1434764862060547,0.030380239022436584
28,92,1.0,0.18951009213924408,-0.16030533611774445,-1.0948717594146729,0.030379479018086242
69,115,1.0,0.17287015914916992,0.17557251453399658,2.360480785369873,0.03035124852971194
10,84,1.0,0.1725412905216217,-0.17557251453399658,-0.8881895542144775,0.030293508237821953
15,122,1.0,0.17250213027000427,-0.17557251453399658,-0.5523486733436584,0.030286632773975697
124,125,1.0,0.26413798332214355,0.11450381577014923,0.1996123343706131,0.030244806980217476
46,113,1.0,0.1465301811695099,0.20610687136650085,0.9542243480682373,0.03020087720161424
15,70,1.0,0.20799915492534637,-0.1450381726026535,-2.5354981422424316,0.030167817333268454
83,109,1.0,0.1462162733078003,0.20610687136650085,1.974128246307373,0.030136178634339927
61,104,1.0,0.15787090361118317,-0.19083969295024872,-1.6405516862869263,0.030128034770936507
37,87,1.0,0.20755766332149506,0.1450381726026535,2.702605962753296,0.030103784197826444
79,99,1.0,0.2075325846672058,-0.1450381726026535,-0.5773451924324036,0.030100146835637
63,123,1.0,0.1714356243610382,-0.17557251453399658,-2.1247262954711914,0.03009938364977316
10,45,1.0,0.23188523948192596,-0.12977099418640137,-0.6457213163375854,0.030091978064721303
3,65,1.0,0.1576509177684784,0.19083969295024872,2.1555416584014893,0.030086052740261326
31,93,1.0,0.1455351561307907,-0.20610687136650085,-1.7038105726242065,0.0299957957039525
81,119,0.9999999403953552,0.20668868720531464,0.1450381726026535,0.5487982034683228,0.029977747703087174
44,86,1.0,0.186916783452034,0.16030533611774445,0.7517828941345215,0.029963757797325963
10,119,1.0,0.17065823078155518,-0.17557251453399658,-2.143604040145874,0.02996289470424074
84,97,1.0,0.18667522072792053,0.16030533611774445,2.2274575233459473,0.029925034003643436
74,84,1.0,0.1567181944847107,-0.19083969295024872,-0.8945989608764648,0.02990805211517955
1,65,1.0,0.15666139125823975,-0.19083969295024872,-1.3632723093032837,0.029897211804881252
12,30,1.0,0.17022542655467987,-0.17557251453399658,-0.7329288721084595,0.0298869061778273
16,90,1.0,0.15652555227279663,-0.19083969295024872,-1.2634817361831665,0.029871288334608614
115,117,1.0,0.13474811613559723,-0.221374049782753,-2.0514729022979736,0.029829736169533883
40,69,1.0,0.15630415081977844,-0.19083969295024872,-1.3178411722183228,0.029829036149295884
38,73,1.0,0.1698235273361206,0.17557251453399658,2.2146353721618652,0.0298163437214356
65,89,1.0,0.15619879961013794,-0.19083969295024872,-1.3817344903945923,0.029808930956796154
104,108,1.0,0.18592794239521027,0.16030533611774445,1.9749424457550049,0.02980524129934481
22,78,1.0,0.3002752959728241,-0.09923664480447769,-2.9771945476531982,0.029798312890014556
81,82,1.0,0.22961010038852692,-0.12977099418640137,-0.29822659492492676,0.02979673100265856
101,118,1.0,0.16970893740653992,0.17557251453399658,2.6501903533935547,0.029796224879358846
24,116,1.0,0.1858692467212677,-0.16030533611774445,-2.1207082271575928,0.02979583206960479
2,14,1.0,0.16944396495819092,0.17557251453399658,1.4730241298675537,0.029749703000319982
29,58,1.0,0.15588180720806122,0.19083969295024872,1.9651633501052856,0.02974843622411627
22,50,1.0,0.14418518543243408,-0.20610687136650085,-1.5526394844055176,0.029717557466877764
34,41,1.0,0.16918763518333435,0.17557251453399658,2.0808815956115723,0.029704698537198482
78,98,1.0,0.16916204988956451,-0.17557251453399658,-2.394534111022949,0.02970020646283622
37,53,1.0,0.14403624832630157,-0.20610687136650085,-1.0538889169692993,0.029686860505902413
11,120,1.0,0.18511702120304108,-0.16030533611774445,-2.5672686100006104,0.029675246305069125
77,88,1.0,0.1439240425825119,-0.20610687136650085,-1.5379256010055542,0.029663734131100572
30,80,1.0,0.15517717599868774,0.19083969295024872,2.354166030883789,0.029613964620476274
35,73,1.0,0.1436612904071808,-0.20610687136650085,-1.3587522506713867,0.029609579102298333
84,119,1.0,0.13372422754764557,-0.221374049782753,-1.7896348237991333,0.02960307380629268
15,51,1.0,0.1549997329711914,0.19083969295024872,1.004213571548462,0.02958010144759271
34,50,1.0,0.1683454066514969,0.17557251453399658,2.462515354156494,0.029556826356051502
28,36,1.0,0.14340262115001678,0.20610687136650085,1.1214262247085571,0.029556265590985564
98,102,1.0,0.16829121112823486,0.17557251453399658,1.8613853454589844,0.029547311111755903
27,92,1.0,0.1678255796432495,0.17557251453399658,1.1876978874206543,0.029465559021090826
55,69,1.0,0.16781654953956604,-0.17557251453399658,-2.5398261547088623,0.029463973583080616
14,34,1.0,0.14281624555587769,0.20610687136650085,1.277388095855713,0.02943540955183188
45,118,1.0,0.16763626039028168,-0.17557251453399658,-1.0931987762451172,0.029432319763797565
66,87,1.0,0.1425856053829193,0.20610687136650085,1.9829078912734985,0.029387873027372002
9,56,1.0,0.18321022391319275,-0.16030533611774445,-2.4490504264831543,0.029369576524611585
3,30,1.0,0.2262227088212967,-0.12977099418640137,-0.5620376467704773,0.029357145831280462
99,113,1.0,0.15382109582424164,-0.19083969295024872,-1.6430926322937012,0.02935517069636906
61,107,1.0,0.16719366610050201,-0.17557251453399658,-0.6025288701057434,0.02935461237142256
81,95,1.0,0.18286028504371643,0.16030533611774445,0.8007586002349854,0.02931347945651952
33,53,1.0,0.201994851231575,0.1450381726026535,0.8089105486869812,0.029296964097772493
26,69,1.0,0.16661357879638672,-0.17557251453399658,-1.6326831579208374,0.029252764984789792
74,111,1.0,0.16645494103431702,-0.17557251453399658,-0.8775985240936279,0.02922491255400317
41,61,1.0,0.13196618854999542,-0.221374049782753,-1.0030759572982788,0.029213889593706854
55,100,1.0,0.1530725508928299,-0.19083969295024872,-1.5087695121765137,0.029212318611498977
101,112,1.0,0.15297555923461914,-0.19083969295024872,-1.1472351551055908,0.0291938087532273
96,125,1.0,0.1415533870458603,0.20610687136650085,1.3470677137374878,0.029175125735353635
39,106,1.0,0.1317605823278427,0.221374049782753,0.8775516152381897,0.029168373711648377
58,123,1.0,0.15274660289287567,-0.19083969295024872,-2.174408435821533,0.029150114795269966
70,93,1.0,0.152734637260437,-0.19083969295024872,-1.8323819637298584,0.029147831277649416
118,121,1.0,0.14128722250461578,-0.20610687136650085,-1.5930631160736084,0.02912026739448903
6,107,1.0,0.1816006302833557,0.16030533611774445,0.6346485614776611,0.02911155007676758
13,71,1.0,0.1654275506734848,0.17557251453399658,0.9005314111709595,0.029044531044943867
13,38,1.0,0.16538117825984955,0.17557251453399658,2.5921790599823,0.029036389323676914
16,58,1.0,0.15204623341560364,-0.19083969295024872,-2.2365283966064453,0.029016456499275645
41,112,1.0,0.1518586128950119,-0.19083969295024872,-0.9982578754425049,0.028980651056734752
7,94,1.0,0.16502796113491058,-0.17557251453399658,-1.6360483169555664,0.02897437410487491
72,100,1.0,0.16491152346134186,0.17557251453399658,2.051579236984253,0.02895393084973996
81,102,1.0,0.1516004353761673,-0.19083969295024872,-2.077942132949829,0.02893138053831179
22,62,1.0,0.2524728775024414,0.11450381577014923,2.853956699371338,0.028909107852499005
37,88,1.0,0.16460971534252167,-0.17557251453399658,-1.6588815450668335,0.028900941639411926
33,75,1.0,0.19842658936977386,0.1450381726026535,0.7553814649581909,0.028779429917969113
93,106,1.0,0.16373276710510254,0.17557251453399658,0.8278051614761353,0.028746973632252093
43,76,1.0,0.1790696531534195,-0.16030533611774445,-0.546942412853241,0.02870582093724683
6,115,1.0,0.22105111181735992,0.12977099418640137,0.4174712598323822,0.028686022546548173
24,44,1.0,0.16326700150966644,-0.17557251453399658,-0.6883220076560974,0.028665197995477953
70,118,1.0,0.16325102746486664,-0.17557251453399658,-2.2781596183776855,0.028662393392265173
42,47,1.0,0.15010200440883636,-0.19083969295024872,-1.688750982284546,0.02864542043259921
45,48,1.0,0.17866910994052887,-0.16030533611774445,-2.3025152683258057,0.028641611722874716
39,115,1.0,0.12895932793617249,-0.221374049782753,-2.05157208442688,0.028548248682492616
27,109,1.0,0.24895316362380981,-0.11450381577014923,-0.24257422983646393,0.028506087182976536
65,68,1.0,0.1622321903705597,-0.17557251453399658,-2.096541166305542,0.028483513601717192
7,86,1.0,0.16189886629581451,0.17557251453399658,1.296746850013733,0.028424991055759463
4,46,1.0,0.16182957589626312,0.17557251453399658,1.6225179433822632,0.02841282556607716
27,58,1.0,0.11997932195663452,-0.23664122819900513,-1.6125195026397705,0.028392054106301856
43,47,1.0,0.16165685653686523,-0.17557251453399658,-2.3245925903320312,0.02838250079383897
114,119,1.0,0.176947221159935,-0.16030533611774445,-0.9445436000823975,0.028365583763144242
41,85,1.0,0.12806306779384613,-0.221374049782753,-1.6836261749267578,0.028349839945126964
14,17,1.0,0.14846698939800262,0.19083969295024872,1.8700677156448364,0.028333394669962653
91,100,1.0,0.16130484640598297,-0.17557251453399658,-1.933904767036438,0.02832069749001853
9,15,1.0,0.13737432658672333,0.20610687136650085,1.3308603763580322,0.028313792658869463
30,58,1.0,0.17662237584590912,-0.16030533611774445,-1.133317470550537,0.02831350932589305
28,52,1.0,0.1612323671579361,0.17557251453399658,1.9816299676895142,0.02830797212618741
61,74,1.0,0.16119536757469177,-0.17557251453399658,-0.9625008702278137,0.028301476016320493
25,53,1.0,0.14829351007938385,-0.19083969295024872,-1.1656399965286255,0.028300287930064227
13,108,1.0,0.14828428626060486,-0.19083969295024872,-0.9866851568222046,0.028298527659320616
20,106,1.0,0.19471561908721924,0.1450381726026535,0.4656951129436493,0.028241197569604637
75,89,1.0,0.16069500148296356,-0.17557251453399658,-1.1868915557861328,0.028213625483408222
25,82,1.0,0.1476946622133255,-0.19083969295024872,-2.377523422241211,0.02818600398718174
5,56,1.0,0.1757236272096634,0.16030533611774445,1.386235237121582,0.028169435123674313
53,125,1.0,0.14757053554058075,0.19083969295024872,2.285426616668701,0.028162315691068196
22,59,1.0,0.1271178275346756,0.221374049782753,1.6717182397842407,0.028140588280936685
76,98,1.0,0.15995046496391296,-0.17557251453399658,-0.9547180533409119,0.02808290533459612
88,118,1.0,0.2162342220544815,-0.12977099418640137,-0.4422450065612793,0.028060929973133142
65,124,1.0,0.15976323187351227,-0.17557251453399658,-2.1309516429901123,0.0280500323501105
4,42,1.0,0.14695154130458832,-0.19083969295024872,-2.028233289718628,0.028044187021133427
32,80,1.0,0.1596646010875702,0.17557251453399658,1.2695552110671997,0.028032715495012184
11,96,1.0,0.1748700886964798,-0.16030533611774445,-2.469268560409546,0.028032608345428978
18,89,1.0,0.1931704580783844,-0.1450381726026535,-0.28685998916625977,0.02801709024050636
1,55,1.0,0.17475825548171997,0.16030533611774445,1.187662959098816,0.028014680884347776
46,116,1.0,0.15937279164791107,-0.17557251453399658,-0.5610291361808777,0.027981481777926476
18,20,1.0,0.19291280210018158,-0.1450381726026535,-0.5251429677009583,0.027979720288267673
47,123,1.0,0.1465822458267212,-0.19083969295024872,-1.7568893432617188,0.02797371078552935
10,82,1.0,0.14657148718833923,0.19083969295024872,2.161625385284424,0.027971657610283973
67,69,1.0,0.1923598200082779,-0.1450381726026535,-0.8260578513145447,0.02789951677617597
89,117,1.0,0.19224904477596283,0.1450381726026535,0.8383564949035645,0.02788345013891136
52,102,1.0,0.1351686269044876,-0.20610687136650085,-1.244154930114746,0.027859182798189774
38,55,1.0,0.1176953911781311,0.23664122819900513,1.8772945404052734,0.027851581921755297
102,113,1.0,0.17368777096271515,-0.16030533611774445,-1.782071828842163,0.027843076503719866
45,106,1.0,0.1350555717945099,-0.20610687136650085,-1.4669382572174072,0.02783588136318027
10,65,1.0,0.1256081908941269,0.221374049782753,0.8436258435249329,0.027806393904117988
68,99,1.0,0.15823546051979065,0.17557251453399658,1.5851666927337646,0.027781797691904586
44,66,1.0,0.1582261174917221,-0.17557251453399658,-1.621860384941101,0.02778015731297323
24,109,1.0,0.13464881479740143,-0.20610687136650085,-1.509565830230713,0.027752045951099813
111,113,1.0,0.21371236443519592,0.12977099418640137,2.3615541458129883,0.0277336660026819
4,15,1.0,0.17291028797626495,-0.16030533611774445,-2.375812292098999,0.02771844183225114
24,48,1.0,0.15786431729793549,0.17557251453399658,0.7086367607116699,0.027716635143191226
28,77,1.0,0.17283949255943298,-0.16030533611774445,-0.7910471558570862,0.027707092949160295
107,118,1.0,0.12497062981128693,-0.221374049782753,-1.5123320817947388,0.027665254425225827
3,77,1.0,0.13417236506938934,0.20610687136650085,1.77776038646698,0.027653846388295822
83,120,1.0,0.1449056714773178,-0.19083969295024872,-1.5633457899093628,0.027653753851480944
36,96,1.0,0.15749044716358185,0.17557251453399658,1.1341588497161865,0.027650993823593595
13,32,1.0,0.14481399953365326,-0.19083969295024872,-1.6347826719284058,0.02763625920589985
56,92,1.0,0.17235882580280304,-0.16030533611774445,-1.8485162258148193,0.027630039503178105
69,108,1.0,0.14476124942302704,0.19083969295024872,1.2550616264343262,0.02762619239098485
49,61,1.0,0.1572708636522293,-0.17557251453399658,-2.519901752471924,0.027612440994355225
31,34,1.0,0.14462709426879883,-0.19083969295024872,-1.9975740909576416,0.027600590262544245
6,37,1.0,0.19024695456027985,0.1450381726026535,2.6955339908599854,0.027593070632643046
26,30,1.0,0.19023877382278442,0.1450381726026535,2.538271188735962,0.02759188411342617
52,104,1.0,0.13385237753391266,-0.20610687136650085,-2.201563596725464,0.027587894758482445
22,89,1.0,0.21255575120449066,-0.12977099418640137,-0.5962212085723877,0.027583571153844133
36,41,1.0,0.1570121794939041,-0.17557251453399658,-2.2469828128814697,0.02756702316620796
12,27,1.0,0.11647661030292511,-0.23664122819900513,-1.600677490234375,0.027563168118541093
18,28,1.0,0.17191676795482635,0.16030533611774445,2.2595129013061523,0.027559175271274716
29,77,1.0,0.17186607420444489,-0.16030533611774445,-2.0085132122039795,0.027551048792580746
54,68,1.0,0.15667983889579773,-0.17557251453399658,-2.2001566886901855,0.02750867329171669
2,89,1.0,0.14399200677871704,0.19083969295024872,1.8723187446594238,0.027479390360940492
11,14,1.0,0.18931496143341064,-0.1450381726026535,-2.4661898612976074,0.027457896052643704
50,84,0.9999999403953552,0.17110300064086914,0.16030533611774445,2.4218556880950928,0.027428722393609817
3,64,1.0,0.17109407484531403,0.16030533611774445,2.2429440021514893,0.02742729317583259
65,125,1.0,0.14371785521507263,-0.19083969295024872,-2.5528371334075928,0.027427071360712763
33,39,1.0,0.15613628923892975,0.17557251453399658,0.7779971957206726,0.027413240911686287
89,114,1.0,0.15610162913799286,-0.17557251453399658,-0.9148755073547363,0.027407155550610796
13,19,1.0,0.14357125759124756,0.19083969295024872,1.248444676399231,0.02739909471519475
53,75,1.0,0.15604057908058167,0.17557251453399658,0.6535216569900513,0.027396436838518667
65,116,1.0,0.17087702453136444,-0.16030533611774445,-1.4783029556274414,0.02739249885230044
78,119,1.0,0.13276487588882446,-0.20610687136650085,-2.1192197799682617,0.027363753196807394
39,68,1.0,0.14331179857254028,-0.19083969295024872,-1.9891555309295654,0.02734957963573148
45,87,1.0,0.15550506114959717,0.17557251453399658,1.0006988048553467,0.027302414608797676
103,124,1.0,0.1702752709388733,0.16030533611774445,0.8962289690971375,0.027296034540396086
28,93,1.0,0.18816442787647247,-0.1450381726026535,-0.39107611775398254,0.02729102476802736
45,46,1.0,0.15542343258857727,-0.17557251453399658,-0.6755803227424622,0.02728808287708162
43,116,1.0,0.1429133266210556,0.19083969295024872,1.6990712881088257,0.027273535370860857
89,106,1.0,0.1552579402923584,0.17557251453399658,0.852622389793396,0.02725902697849847
94,106,1.0,0.23786291480064392,0.11450381577014923,0.22820372879505157,0.027236211374883634
19,36,0.9999999403953552,0.14268678426742554,0.19083969295024872,1.7415251731872559,0.027230300474601385
11,32,1.0,0.16969957947731018,-0.16030533611774445,-0.5828601717948914,0.027203748127150096
21,96,1.0,0.15492171049118042,0.17557251453399658,1.9171808958053589,0.027199994266844385
86,93,1.0,0.1694783717393875,-0.16030533611774445,-0.8823661804199219,0.027168287346370557
74,76,1.0,0.14224548637866974,0.19083969295024872,1.4219415187835693,0.02714608494406412
8,49,1.0,0.16919243335723877,-0.16030533611774445,-1.6101888418197632,0.02712244989791124
45,76,1.0,0.15444083511829376,-0.17557251453399658,-1.1868462562561035,0.0271155657684492
17,71,1.0,0.15422245860099792,0.17557251453399658,1.0939451456069946,0.027077224854192394
90,112,1.0,0.20843717455863953,-0.12977099418640137,-0.49776533246040344,0.027049099367879137
102,108,1.0,0.1417296975851059,-0.19083969295024872,-1.3929085731506348,0.027047651969073216
4,70,1.0,0.186308816075325,0.1450381726026535,2.5518009662628174,0.027021890223329015
5,34,1.0,0.20821771025657654,0.12977099418640137,2.756118059158325,0.027020619267211998
12,49,1.0,0.18616412580013275,-0.1450381726026535,-0.2709536552429199,0.027000904610221754
59,65,1.0,0.235625222325325,0.11450381577014923,2.7648043632507324,0.02697998704793947
10,62,1.0,0.1413445919752121,-0.19083969295024872,-1.6060203313827515,0.026974158532727666
13,26,1.0,0.16823294758796692,0.16030533611774445,0.8159978985786438,0.02696863920916792
21,107,1.0,0.15346196293830872,-0.17557251453399658,-1.8323006629943848,0.026943702718401852
7,99,1.0,0.1411074697971344,0.19083969295024872,1.5002018213272095,0.026928906209071624
98,111,1.0,0.20733165740966797,0.12977099418640137,0.4736001193523407,0.026905635308366982
81,110,1.0,0.16781823337078094,0.16030533611774445,1.2261841297149658,0.026902158307189117
77,110,1.0,0.14095106720924377,-0.19083969295024872,-2.472330331802368,0.026899058387221952
108,111,1.0,0.16768407821655273,-0.16030533611774445,-1.8361262083053589,0.026880652520098636
7,69,1.0,0.16765671968460083,-0.16030533611774445,-1.4836255311965942,0.026876266801438398
80,119,1.0,0.1302664428949356,0.20610687136650085,2.082188606262207,0.026848808989118123
86,111,1.0,0.18507887423038483,-0.1450381726026535,-0.7301119565963745,0.026843501705731354
24,89,1.0,0.14065946638584137,-0.19083969295024872,-0.8928512930870056,0.026843409375619798
71,108,1.0,0.1850624680519104,-0.1450381726026535,-0.5529872179031372,0.02684112218358603
6,92,1.0,0.15284045040607452,0.17557251453399658,2.049224615097046,0.026834582200303103
39,73,1.0,0.13018278777599335,0.20610687136650085,1.8468974828720093,0.02683156709427914
6,97,1.0,0.140594944357872,0.19083969295024872,0.638652503490448,0.026831096011613598
2,101,1.0,0.18495279550552368,0.1450381726026535,0.9423739910125732,0.02682521547787342
57,68,1.0,0.16733087599277496,0.16030533611774445,1.0224556922912598,0.026824032318898405
111,117,1.0,0.15275880694389343,0.17557251453399658,2.2873635292053223,0.026820247852352708
84,89,1.0,0.14029821753501892,-0.19083969295024872,-1.2809356451034546,0.02677446875585021
56,72,1.0,0.12986838817596436,0.20610687136650085,1.3258934020996094,0.026766767176358286
43,53,1.0,0.1669643521308899,0.16030533611774445,0.9451956152915955,0.026765276588023745
41,120,1.0,0.15240822732448578,-0.17557251453399658,-1.780882477760315,0.026758695707028934
73,104,1.0,0.15227389335632324,-0.17557251453399658,-0.8707026839256287,0.026735110354451308
6,51,1.0,0.16674044728279114,0.16030533611774445,2.3002145290374756,0.026729383446090882
10,114,1.0,0.1841125637292862,0.1450381726026535,0.6660516262054443,0.026703349796485254
46,57,1.0,0.12927085161209106,0.20610687136650085,2.413893699645996,0.026643610784651273
82,93,1.0,0.18368054926395416,0.1450381726026535,0.6389564871788025,0.026640691207895584
18,62,1.0,0.151709645986557,-0.17557251453399658,-1.4231666326522827,0.026636044024922256
32,88,1.0,0.16609661281108856,-0.16030533611774445,-2.4340298175811768,0.02662617334470041
68,91,1.0,0.16590242087841034,-0.16030533611774445,-1.3912400007247925,0.026595043341661073
17,72,1.0,0.1514611691236496,-0.17557251453399658,-1.1832232475280762,0.026592418317298083
63,80,0.9999999403953552,0.15137340128421783,0.17557251453399658,1.746797800064087,0.02657700711292067
6,42,1.0,0.11227965354919434,-0.23664122819900513,-1.1491159200668335,0.026569995117640133
36,124,1.0,0.13913534581661224,-0.19083969295024872,-2.24333119392395,0.026552546674168953
72,77,1.0,0.13908959925174713,-0.19083969295024872,-1.2985259294509888,0.026543816413776566
24,73,1.0,0.1511625051498413,0.17557251453399658,1.4636454582214355,0.026539981132415846
59,86,1.0,0.12874053418636322,0.20610687136650085,1.2966327667236328,0.02653430871920337
30,106,1.0,0.18293903768062592,-0.1450381726026535,-0.8295390605926514,0.026533143722885955
95,118,1.0,0.1654416173696518,-0.16030533611774445,-2.365919828414917,0.0265211740803053
35,94,1.0,0.1508738249540329,-0.17557251453399658,-1.3644617795944214,0.026489296824541597
1,108,1.0,0.1652320772409439,-0.16030533611774445,-0.959223747253418,0.026487583679542626
54,58,1.0,0.15086044371128082,0.17557251453399658,2.2567732334136963,0.026486947446104026
54,94,1.0,0.16518962383270264,0.16030533611774445,0.8713687658309937,0.026480778171665165
112,118,1.0,0.13852490484714508,-0.19083969295024872,-2.2678608894348145,0.026436050306991588
58,109,1.0,0.15042755007743835,-0.17557251453399658,-0.9276193976402283,0.026410943222284544
29,116,1.0,0.1504015326499939,-0.17557251453399658,-0.9666743874549866,0.026406375277126415
40,87,1.0,0.16472095251083374,0.16030533611774445,1.1543067693710327,0.026405647657884224
44,94,1.0,0.13793127238750458,0.19083969295024872,0.8729219436645508,0.026322761670668493
30,47,1.0,0.13791698217391968,-0.19083969295024872,-2.0361311435699463,0.026320034530695757
91,119,1.0,0.12769651412963867,-0.20610687136650085,-1.2684286832809448,0.026319129011667997
55,67,1.0,0.16407576203346252,-0.16030533611774445,-2.331695318222046,0.026302220181549263
60,74,1.0,0.1276015192270279,-0.20610687136650085,-1.3949192762374878,0.026299549909495124
69,126,1.0,0.1638154536485672,0.16030533611774445,0.8299372792243958,0.02626049135841435
16,119,1.0,0.16363252699375153,-0.16030533611774445,-1.601967692375183,0.02623116723952923
67,84,1.0,0.13731838762760162,-0.19083969295024872,-1.8776804208755493,0.026205798931274726
6,95,1.0,0.149190753698349,0.17557251453399658,1.2250988483428955,0.026193795772041284
56,69,1.0,0.13725540041923523,-0.19083969295024872,-1.910459280014038,0.02619377847177029
22,27,1.0,0.1270722895860672,-0.20610687136650085,-1.466578483581543,0.0261904720439623
59,105,1.0,0.16331596672534943,0.16030533611774445,2.5276739597320557,0.026180420939301507
46,109,1.0,0.11826235800981522,-0.221374049782753,-1.7593767642974854,0.02618021712949059
64,89,1.0,0.13715516030788422,0.19083969295024872,1.175567388534546,0.026174648679698764
63,87,1.0,0.20169293880462646,0.12977099418640137,0.6074070930480957,0.026173893189053388
37,109,1.0,0.16316251456737518,-0.16030533611774445,-2.320040464401245,0.026155821739539453
29,119,0.9999999403953552,0.20149363577365875,-0.12977099418640137,-2.3871383666992188,0.02614802787803634
40,75,1.0,0.20132064819335938,-0.12977099418640137,-0.9280850887298584,0.026125580666302994
12,93,1.0,0.18011529743671417,0.1450381726026535,0.3625151515007019,0.026123593598004424
13,14,1.0,0.1800951510667801,-0.1450381726026535,-2.8105719089508057,0.026120671605324608
81,90,1.0,0.20119363069534302,0.12977099418640137,0.5011573433876038,0.026109097479306342
59,111,1.0,0.1486930102109909,0.17557251453399658,2.034435272216797,0.026106405696372903
16,68,1.0,0.14869199693202972,0.17557251453399658,0.6847187876701355,0.026106227792437764
72,86,1.0,0.14866232872009277,0.17557251453399658,1.9273418188095093,0.026101018869866266
57,69,1.0,0.17992112040519714,-0.1450381726026535,-0.8418586254119873,0.026095430516191787
22,87,1.0,0.13666610419750214,-0.19083969295024872,-1.766597032546997,0.026081317361758005
24,53,1.0,0.1484827697277069,-0.17557251453399658,-1.3391860723495483,0.02606949324606589
89,115,1.0,0.13657183945178986,-0.19083969295024872,-2.166799545288086,0.02606332790663024
66,105,1.0,0.26217222213745117,0.09923664480447769,0.34067651629447937,0.026017091685854865
15,71,1.0,0.17934384942054749,-0.1450381726026535,-0.5740056037902832,0.026011704187481666
107,120,1.0,0.1792239397764206,-0.1450381726026535,-2.338160276412964,0.025994312711820067
79,81,1.0,0.1621331125497818,0.16030533611774445,0.5503987669944763,0.02599080310310886
93,96,1.0,0.17917326092720032,0.1450381726026535,0.4549846649169922,0.025986962344139553
6,34,1.0,0.16196434199810028,-0.16030533611774445,-1.6500823497772217,0.02596374828309478
94,109,1.0,0.16189585626125336,0.16030533611774445,1.068587064743042,0.02595276965403026
8,68,1.0,0.1359889656305313,0.19083969295024872,1.3409574031829834,0.02595209244555252
27,52,1.0,0.14772485196590424,-0.17557251453399658,-0.6465458273887634,0.025936423718816215
98,104,1.0,0.1617404818534851,0.16030533611774445,0.7824687361717224,0.025927862307368876
67,102,1.0,0.1476241648197174,-0.17557251453399658,-0.9235007762908936,0.02591874582337894
85,93,1.0,0.16163192689418793,0.16030533611774445,0.5137400031089783,0.025910460368131494
116,122,1.0,0.14744901657104492,-0.17557251453399658,-1.719206690788269,0.025887994604943287
14,111,1.0,0.16141334176063538,-0.16030533611774445,-1.2881686687469482,0.02587542000482701
82,114,1.0,0.13545241951942444,-0.19083969295024872,-1.783843994140625,0.025849698150455236
13,31,1.0,0.1610783487558365,0.16030533611774445,1.3396443128585815,0.02582171883859563
57,63,1.0,0.16107645630836487,-0.16030533611774445,-0.329570472240448,0.025821415469167608
30,48,1.0,0.1609112024307251,0.16030533611774445,0.9628150463104248,0.025794924390767804
74,93,1.0,0.17779897153377533,0.1450381726026535,0.3016411066055298,0.025787637921889983
66,70,1.0,0.1468220204114914,-0.17557251453399658,-0.9501810073852539,0.025777911312607316
103,123,1.0,0.16074694693088531,0.16030533611774445,1.955014705657959,0.0257685933576568
15,58,1.0,0.16067571938037872,0.16030533611774445,2.3911406993865967,0.025757175201231997
85,87,1.0,0.13491742312908173,0.19083969295024872,1.0256991386413574,0.02574759960359274
54,69,1.0,0.13490095734596252,-0.19083969295024872,-2.1933388710021973,0.025744457278598087
107,108,1.0,0.13489924371242523,0.19083969295024872,1.1246997117996216,0.0257441302493
62,116,1.0,0.19829855859279633,-0.12977099418640137,-0.8269861936569214,0.025733401094317543
73,83,1.0,0.14650706946849823,0.17557251453399658,1.2526880502700806,0.025722614583591152
37,52,1.0,0.1982065737247467,0.12977099418640137,0.35848861932754517,0.02572146412654064
107,125,1.0,0.14649629592895508,0.17557251453399658,1.0404472351074219,0.02572072304616313
54,117,1.0,0.16042529046535492,-0.16030533611774445,-0.9982889294624329,0.025717030109835504
48,118,1.0,0.16041921079158783,0.16030533611774445,2.610487937927246,0.025716055505688784
8,29,1.0,0.1347505897283554,-0.19083969295024872,-1.0862421989440918,0.025715761168624285
26,101,1.0,0.1346108764410019,-0.19083969295024872,-1.557408094406128,0.02568909832776467
1,113,1.0,0.12459708750247955,0.20610687136650085,1.0594781637191772,0.025680315886514204
21,97,1.0,0.16005970537662506,0.16030533611774445,0.9982218146324158,0.025658424869307028
5,43,1.0,0.15998812019824982,0.16030533611774445,2.7415366172790527,0.025646949383226536
33,68,1.0,0.15984009206295013,-0.16030533611774445,-0.8974460959434509,0.025623219683242437
43,104,1.0,0.13426032662391663,-0.19083969295024872,-0.49553778767585754,0.025622199508308352
11,33,1.0,0.14588475227355957,0.17557251453399658,1.233916997909546,0.02561335278883803
66,123,1.0,0.14566825330257416,-0.17557251453399658,-1.3376988172531128,0.025575341520108097
43,63,1.0,0.13401047885417938,-0.19083969295024872,-1.0423189401626587,0.025574518636647392
19,113,1.0,0.12371274083852768,0.20610687136650085,1.9956201314926147,0.02549804596240368
18,72,1.0,0.15905478596687317,0.16030533611774445,2.61553692817688,0.025497330925555506
13,21,1.0,0.17554503679275513,0.1450381726026535,2.726423501968384,0.025460731345886778
32,103,1.0,0.13333062827587128,-0.19083969295024872,-1.2166143655776978,0.025444776161031024
54,72,1.0,0.14475762844085693,-0.17557251453399658,-0.8665734529495239,0.02541546082333923
99,101,1.0,0.13296975195407867,-0.19083969295024872,-1.8398356437683105,0.02537590663458711
110,115,1.0,0.14431682229042053,-0.17557251453399658,-1.1487449407577515,0.02533806737908506
36,64,1.0,0.13276584446430206,-0.19083969295024872,-1.6659207344055176,0.025336992991847884
45,74,1.0,0.13269636034965515,-0.19083969295024872,-1.5596156120300293,0.025323732664743748
45,49,1.0,0.12283559888601303,0.20610687136650085,0.8131890892982483,0.025317260978826583
109,126,1.0,0.19499406218528748,0.12977099418640137,0.5057500600814819,0.025304573310229728
25,52,1.0,0.15783800184726715,-0.16030533611774445,-0.6626229286193848,0.02530227393827933
3,66,1.0,0.13256217539310455,0.19083969295024872,1.8094171285629272,0.02529812484883709
2,54,1.0,0.144074946641922,-0.17557251453399658,-1.9509702920913696,0.025295600663273632
99,108,1.0,0.17436449229717255,-0.1450381726026535,-2.6333577632904053,0.02528950732957136
90,91,1.0,0.15761233866214752,-0.16030533611774445,-0.6050219535827637,0.025266098925539326
58,86,1.0,0.1225675418972969,-0.20610687136650085,-1.201034665107727,0.025262012591534377
14,81,1.0,0.3005106747150421,0.08396946638822556,-3.095574378967285,0.025233720999787712
24,46,1.0,0.15732631087303162,0.16030533611774445,2.321540355682373,0.025220247144666086
57,114,1.0,0.13214066624641418,-0.19083969295024872,-1.6369824409484863,0.025217684172706978
74,89,1.0,0.17372503876686096,-0.1450381726026535,-0.8867389559745789,0.02519676215807065
13,116,1.0,0.14320462942123413,0.17557251453399658,1.502618670463562,0.025142796880395224
33,97,1.0,0.15679755806922913,0.16030533611774445,1.6299054622650146,0.025135485248729328
12,116,1.0,0.17310358583927155,0.1450381726026535,1.00319504737854,0.025106627761094513
88,125,1.0,0.15656526386737823,-0.16030533611774445,-1.3783724308013916,0.025098247248623418
5,69,1.0,0.17295929789543152,0.1450381726026535,2.429950714111328,0.02508570050139136
89,119,1.0,0.1564829796552658,-0.16030533611774445,-2.4439876079559326,0.02508505665034355
57,108,1.0,0.25268733501434326,0.09923664480447769,0.17398133873939514,0.02507584331140844
74,106,1.0,0.21896390616893768,0.11450381577014923,0.48827609419822693,0.025072202772280283
38,123,1.0,0.15623433887958527,-0.16030533611774445,-2.4360463619232178,0.025045198207225505
28,79,1.0,0.14252611994743347,0.17557251453399658,1.4272760152816772,0.025023669265944903
42,92,1.0,0.17249365150928497,-0.1450381726026535,-0.8223891258239746,0.025018164000465637
58,87,1.0,0.14229406416416168,-0.17557251453399658,-1.2543588876724243,0.02498292664856372
19,60,1.0,0.17176023125648499,-0.1450381726026535,-2.307448387145996,0.02491179006724975
27,86,1.0,0.1553160399198532,0.16030533611774445,1.8997997045516968,0.024897989983829083
14,96,1.0,0.21731767058372498,0.11450381577014923,0.3256330192089081,0.024883702516116823
28,112,1.0,0.14168842136859894,-0.17557251453399658,-1.4725098609924316,0.02487659242003737
46,105,1.0,0.17145341634750366,-0.1450381726026535,-2.41097092628479,0.02486729019352385
105,123,1.0,0.1550428718328476,0.16030533611774445,0.6230477690696716,0.024854199681825007
81,83,1.0,0.15503516793251038,-0.16030533611774445,-1.398820161819458,0.02485296470549203
65,123,1.0,0.13013824820518494,-0.19083969295024872,-1.428253412246704,0.02483554332856075
36,55,1.0,0.13011911511421204,-0.19083969295024872,-1.2374939918518066,0.024831891975354292
69,119,1.0,0.1548887938261032,-0.16030533611774445,-1.9088793992996216,0.024829500155165496
76,97,1.0,0.15476055443286896,0.16030533611774445,1.1706877946853638,0.024808942696129543
29,103,1.0,0.12032493948936462,0.20610687136650085,1.1372097730636597,0.024799796825516474
8,35,1.0,0.15468770265579224,-0.16030533611774445,-2.3311989307403564,0.024797264167518485
44,49,1.0,0.12985825538635254,0.19083969295024872,1.8811885118484497,0.0247821095849865
72,96,1.0,0.14113113284111023,0.17557251453399658,1.3654690980911255,0.024778747871945228
67,100,1.0,0.1410616636276245,0.17557251453399658,1.6928249597549438,0.02476655098745084
36,73,1.0,0.1408226490020752,0.17557251453399658,1.6533697843551636,0.024724586588632746
72,97,1.0,0.1408056914806366,0.17557251453399658,0.9844896793365479,0.024721609313953508
26,121,1.0,0.1407918632030487,0.17557251453399658,0.8410761952400208,0.024719181448485728
6,79,1.0,0.14077578485012054,-0.17557251453399658,-1.3253117799758911,0.024716358531632565
1,64,1.0,0.11159250140190125,-0.221374049782753,-1.609331727027893,0.02470368396072642
27,35,1.0,0.14064405858516693,-0.17557251453399658,-0.8653697371482849,0.024693231020064488
55,78,1.0,0.14060604572296143,0.17557251453399658,1.9242702722549438,0.024686557006262433
15,109,1.0,0.1901758909225464,0.12977099418640137,0.579838216304779,0.024679314435303468
53,58,1.0,0.14041641354560852,0.17557251453399658,1.2862017154693604,0.024653262808048026
71,83,1.0,0.15371228754520416,0.16030533611774445,0.749126672744751,0.024640899920361337
14,102,1.0,0.1403430849313736,0.17557251453399658,1.821687936782837,0.024640388318859507
4,11,1.0,0.1401732712984085,0.17557251453399658,2.055717706680298,0.024610573712317674
43,89,1.0,0.1696692556142807,-0.1450381726026535,-2.344541311264038,0.02460851878114778
39,92,1.0,0.12880735099315643,0.19083969295024872,0.7125387787818909,0.024581555313268888
75,102,1.0,0.1530599445104599,0.16030533611774445,0.8951622843742371,0.024536325850912588
10,36,1.0,0.13965339958667755,0.17557251453399658,2.4341983795166016,0.024519298528653977
26,115,1.0,0.16895723342895508,0.1450381726026535,0.7635058164596558,0.024505248384535605
27,36,1.0,0.16889789700508118,0.1450381726026535,0.6410509943962097,0.024496642338048158
62,114,1.0,0.12827688455581665,0.19083969295024872,1.4023797512054443,0.02448032126124655
95,98,1.0,0.16867823898792267,-0.1450381726026535,-1.5932375192642212,0.024464783540641966
3,117,1.0,0.152605339884758,-0.16030533611774445,-2.424196243286133,0.024463450303588763
30,84,1.0,0.12808947265148163,-0.19083969295024872,-1.5340819358825684,0.024444555630968035
63,109,1.0,0.1883159875869751,0.12977099418640137,0.4669094681739807,0.024437952930355777
38,66,1.0,0.24609717726707458,-0.09923664480447769,-0.28695204854011536,0.024421858167837263
57,112,1.0,0.13905097544193268,-0.17557251453399658,-0.4989266097545624,0.024413529406745127
22,111,1.0,0.13884325325489044,-0.17557251453399658,-1.2914847135543823,0.02437705910004162
7,36,1.0,0.21269287168979645,-0.11450381577014923,-2.7860641479492188,0.02435414539559244
10,11,1.0,0.15158261358737946,0.16030533611774445,0.9180194735527039,0.02429950182073104
11,68,1.0,0.15158052742481232,-0.16030533611774445,-0.9499900341033936,0.02429916739773952
78,105,1.0,0.12732745707035065,0.19083969295024872,1.7077726125717163,0.024299132811441693
40,65,1.0,0.1675238311290741,0.1450381726026535,0.5992382168769836,0.024297350334356427
60,101,1.0,0.13830046355724335,0.17557251453399658,1.8176608085632324,0.024281760147962572
106,119,1.0,0.1870676726102829,-0.12977099418640137,-2.2148237228393555,0.024275957854772656
88,90,1.0,0.13813932240009308,0.17557251453399658,1.4616546630859375,0.02425346818980678
17,50,1.0,0.13803669810295105,-0.17557251453399658,-0.6691893935203552,0.02423545018390527
32,76,1.0,0.16706694662570953,-0.1450381726026535,-0.6505141258239746,0.02423108464089796
76,113,1.0,0.1865510493516922,-0.12977099418640137,-0.33322471380233765,0.024208915140885523
54,62,1.0,0.1378680169582367,0.17557251453399658,1.6169637441635132,0.0242058344111733
47,111,1.0,0.16656135022640228,-0.1450381726026535,-0.6230723261833191,0.024157753863067954
19,45,1.0,0.15060529112815857,0.16030533611774445,1.282336950302124,0.024142831815410215
40,60,1.0,0.1371501088142395,0.17557251453399658,1.4927889108657837,0.024079789473127278
9,62,1.0,0.15014278888702393,-0.16030533611774445,-0.932083010673523,0.024068690238189916
95,124,1.0,0.165852352976799,-0.1450381726026535,-2.4168996810913086,0.02405492219760519
67,93,1.0,0.15000329911708832,-0.16030533611774445,-0.9897326827049255,0.0240463292837354
53,109,1.0,0.11666056513786316,-0.20610687136650085,-0.9780570864677429,0.024044544092412856
61,111,1.0,0.13684308528900146,-0.17557251453399658,-2.4264442920684814,0.024025884580780144
89,104,1.0,0.14960171282291412,0.16030533611774445,1.2968367338180542,0.023981952857867528
72,115,1.0,0.18452271819114685,0.12977099418640137,0.33164793252944946,0.023945696589642296
25,122,1.0,0.16498325765132904,0.1450381726026535,2.3452696800231934,0.023928870199781516
28,37,1.0,0.16486944258213043,0.1450381726026535,1.7271485328674316,0.023912362670130305
86,99,1.0,0.20875394344329834,-0.11450381577014923,-0.3664499521255493,0.023903123081323585
58,121,1.0,0.18418706953525543,-0.12977099418640137,-0.9418348670005798,0.023902139129869937
51,106,1.0,0.1488608717918396,0.16030533611774445,1.5936945676803589,0.02386319208737131
25,119,1.0,0.135882169008255,-0.17557251453399658,-2.1115224361419678,0.023857174093112832
26,86,1.0,0.24019333720207214,0.09923664480447769,2.993368625640869,0.02383598088832417
18,98,1.0,0.12475869059562683,0.19083969295024872,1.4082612991333008,0.023808910206144507
15,116,1.0,0.10752358287572861,0.221374049782753,1.8827115297317505,0.02380293098835151
5,77,1.0,0.13554690778255463,0.17557251453399658,1.1153147220611572,0.023798311436690867
60,94,1.0,0.1832520067691803,-0.12977099418640137,-0.3419681787490845,0.02378079510508968
97,122,1.0,0.18324044346809387,-0.12977099418640137,-0.9612117409706116,0.023779294524011618
2,55,1.0,0.12457100301980972,0.19083969295024872,1.8169500827789307,0.023773091966804993
39,91,0.9999999403953552,0.12448079884052277,0.19083969295024872,1.62160062789917,0.023755876012966404
38,118,1.0,0.14789211750030518,0.16030533611774445,2.11574649810791,0.023707895605051377
33,93,1.0,0.1478845626115799,0.16030533611774445,1.3407793045043945,0.02370668451607494
4,35,1.0,0.1476561576128006,-0.16030533611774445,-1.1213009357452393,0.02367006997597465
4,106,1.0,0.18217702209949493,0.12977099418640137,0.8539328575134277,0.02364129327576947
69,98,1.0,0.1474461406469345,-0.16030533611774445,-1.547937035560608,0.023636403135671058
38,110,1.0,0.12380743771791458,0.19083969295024872,1.5615803003311157,0.02362737339904386
48,63,1.0,0.1473245471715927,-0.16030533611774445,-0.7849087119102478,0.023616911052736667
30,117,1.0,0.16282036900520325,-0.1450381726026535,-2.5756046772003174,0.023615168783004403
113,115,1.0,0.14724978804588318,0.16030533611774445,1.7048640251159668,0.02360492676596193
72,82,1.0,0.14715535938739777,-0.16030533611774445,-2.343520164489746,0.02358978934812428
23,51,1.0,0.13426494598388672,0.17557251453399658,1.4696621894836426,0.023573234180162217
117,120,1.0,0.14702419936656952,-0.16030533611774445,-1.6033719778060913,0.023568763696900197
2,40,1.0,0.14701808989048004,-0.16030533611774445,-2.2049009799957275,0.02356778431528217
80,94,1.0,0.16244542598724365,0.1450381726026535,0.8096002340316772,0.02356078773284942
19,126,1.0,0.14694726467132568,0.16030533611774445,1.8470613956451416,0.023556430654720018
44,90,1.0,0.13408155739307404,0.17557251453399658,2.3560898303985596,0.023541036184136388
64,119,1.0,0.18138322234153748,-0.12977099418640137,-0.8387352228164673,0.023538281091994406
34,69,1.0,0.1467902511358261,0.16030533611774445,0.575802743434906,0.023531260547136723
69,114,1.0,0.1339745670557022,-0.17557251453399658,-1.2479732036590576,0.023522251621573176
25,41,1.0,0.1466461569070816,0.16030533611774445,1.977612853050232,0.023508161473365208
58,110,1.0,0.12312876433134079,0.19083969295024872,1.1080769300460815,0.023497855578336613
19,124,1.0,0.12299337983131409,0.19083969295024872,1.0592416524887085,0.023472018841921294
44,85,1.0,0.16166172921657562,0.1450381726026535,0.5224543213844299,0.023447121785357128
76,96,1.0,0.16165661811828613,0.1450381726026535,2.154541015625,0.023446380481001228
62,64,1.0,0.14618293941020966,0.16030533611774445,0.8046284317970276,0.02343390523683353
51,101,1.0,0.18053144216537476,0.12977099418640137,2.281064987182617,0.023427744731705502
73,109,1.0,0.14609123766422272,-0.16030533611774445,-2.261659622192383,0.02341920495762051
3,124,1.0,0.16124755144119263,-0.1450381726026535,-1.1063809394836426,0.023387050197682946
31,68,1.0,0.13318787515163422,-0.17557251453399658,-2.468381404876709,0.02338413014581242
62,72,1.0,0.13314393162727356,-0.17557251453399658,-2.0620391368865967,0.023376414870742934
35,122,1.0,0.2037162184715271,-0.11450381577014923,-0.2506338953971863,0.02332628434925521
3,71,1.0,0.14542672038078308,-0.16030533611774445,-0.9709217548370361,0.02331267929114267
58,99,1.0,0.12207339704036713,-0.19083969295024872,-1.820316195487976,0.023296449608577463
18,48,1.0,0.13262157142162323,-0.17557251453399658,-2.143566846847534,0.02328470277594441
37,43,1.0,0.1326114535331726,-0.17557251453399658,-2.5107944011688232,0.02328292635282736
44,114,1.0,0.12189332395792007,-0.19083969295024872,-1.3513298034667969,0.023262084516814663
46,89,1.0,0.16032607853412628,0.1450381726026535,2.294442892074585,0.02325340145113919
35,67,1.0,0.1603127419948578,0.1450381726026535,0.6742944121360779,0.023251467143854843
61,76,1.0,0.14483144879341125,-0.16030533611774445,-0.9513440728187561,0.023217254079247684
4,113,1.0,0.14480330049991608,0.16030533611774445,2.211974859237671,0.0232127417575978
32,73,1.0,0.13220472633838654,0.17557251453399658,1.6604647636413574,0.02321151623650941
39,97,1.0,0.15983083844184875,0.1450381726026535,1.6475210189819336,0.023181572733155686
13,67,1.0,0.12131496518850327,0.19083969295024872,1.9849679470062256,0.023151710706844075
38,91,1.0,0.20211952924728394,0.11450381577014923,0.12091420590877533,0.02314345734048029
14,61,1.0,0.11227895319461823,0.20610687136650085,1.5842536687850952,0.02314146376324855
92,123,1.0,0.17822811007499695,0.12977099418640137,2.2441463470458984,0.023128839036395732
91,105,1.0,0.15943455696105957,-0.1450381726026535,-1.978306770324707,0.02312409679134575
73,90,1.0,0.13170316815376282,0.17557251453399658,1.154956579208374,0.023123456404849918
85,111,1.0,0.20189020037651062,0.11450381577014923,0.6502065658569336,0.023117198309710485
2,81,1.0,0.1441333293914795,0.16030533611774445,1.179608702659607,0.023105341813870695
118,124,1.0,0.12104396522045135,0.19083969295024872,1.111623764038086,0.02309999315615152
3,80,1.0,0.15919309854507446,0.1450381726026535,1.134059190750122,0.023089076103931738
47,51,1.0,0.13137543201446533,-0.17557251453399658,-1.6300675868988037,0.023065914946769794
19,64,1.0,0.14382372796535492,-0.16030533611774445,-2.0124597549438477,0.023055711053193262
64,83,1.0,0.15886370837688446,-0.1450381726026535,-2.396061420440674,0.02304130195586418
46,94,1.0,0.131193608045578,-0.17557251453399658,-1.3819209337234497,0.023033991655349695
84,111,1.0,0.14357180893421173,-0.16030533611774445,-1.3927459716796875,0.023015327088231397
99,118,1.0,0.14339223504066467,-0.16030533611774445,-0.8556698560714722,0.022986540434868363
56,91,1.0,0.10378798097372055,-0.221374049782753,-1.1611127853393555,0.022975965666927833
2,37,1.0,0.1114756390452385,0.20610687136650085,1.2410387992858887,0.02297589519719545
112,121,1.0,0.13085544109344482,0.17557251453399658,0.48093724250793457,0.022974618833231375
14,16,1.0,0.14303360879421234,-0.16030533611774445,-1.426598310470581,0.022929050733890177
76,106,1.0,0.13028819859027863,0.17557251453399658,1.3170052766799927,0.022875026640599927
61,112,1.0,0.19970731437206268,-0.11450381577014923,-2.023327350616455,0.02286724953280994
101,124,1.0,0.14259997010231018,-0.16030533611774445,-1.49423348903656,0.022859536137631142
20,25,1.0,0.1761176437139511,-0.12977099418640137,-0.6479386687278748,0.022854961718525857
45,63,1.0,0.157523050904274,0.1450381726026535,0.31944531202316284,0.022846855445950665
23,49,1.0,0.12998613715171814,-0.17557251453399658,-1.7807978391647339,0.022821992954288106
38,69,1.0,0.19909308850765228,0.11450381577014923,0.538783609867096,0.022796918327590232
79,90,1.0,0.14185626804828644,0.16030533611774445,1.2184863090515137,0.02274031672988941
114,122,1.0,0.1748296320438385,-0.12977099418640137,-0.5510504245758057,0.022687815163571656
25,102,1.0,0.14149214327335358,0.16030533611774445,0.6021698713302612,0.022681945585455
41,59,1.0,0.1291855275630951,0.17557251453399658,1.5480998754501343,0.02268142791565353
112,117,1.0,0.12914049625396729,0.17557251453399658,2.0708746910095215,0.022673521655477202
39,94,1.0,0.15629148483276367,0.1450381726026535,0.6937931776046753,0.02266823135349938
44,106,1.0,0.17466610670089722,0.12977099418640137,0.5832815170288086,0.022666594317243494
57,83,1.0,0.14130698144435883,0.16030533611774445,0.6095893979072571,0.02265226315622182
26,28,1.0,0.1744217425584793,-0.12977099418640137,-3.0188331604003906,0.022634882939538414
103,113,1.0,0.12889403104782104,0.17557251453399658,1.1609241962432861,0.022630249139488967
81,106,1.0,0.15591470897197723,-0.1450381726026535,-2.1811318397521973,0.022613584471170123
63,96,1.0,0.17424985766410828,0.12977099418640137,2.660416603088379,0.02261257726591026
49,111,1.0,0.1409914344549179,0.16030533611774445,2.44561505317688,0.02260167929001855
65,113,1.0,0.15581505000591278,-0.1450381726026535,-0.5841217637062073,0.022599130116848665
73,86,1.0,0.1557556539773941,-0.1450381726026535,-0.9690188765525818,0.02259051542541246
21,111,1.0,0.22750826179981232,0.09923664480447769,0.4494214951992035,0.022577156566312095
68,116,1.0,0.14081111550331116,0.16030533611774445,2.2945268154144287,0.02257277319987283
39,93,1.0,0.17372621595859528,0.12977099418640137,0.7376585602760315,0.022544623761188376
46,111,1.0,0.2682296633720398,-0.08396946638822556,-0.3718588948249817,0.02252310170284355
16,70,1.0,0.10166362673044205,0.221374049782753,1.2556911706924438,0.022505688764920095
18,107,1.0,0.12812910974025726,0.17557251453399658,1.6463444232940674,0.02249594998209936
84,85,0.9999999403953552,0.12811638414859772,0.17557251453399658,1.9560877084732056,0.02249371437724283
23,111,1.0,0.12793061137199402,0.17557251453399658,0.921477198600769,0.022461099124452488
3,76,1.0,0.14001280069351196,0.16030533611774445,1.1310548782348633,0.022444799075960198
50,113,1.0,0.14000976085662842,-0.16030533611774445,-0.967211902141571,0.022444311773886838
21,22,1.0,0.13987725973129272,0.16030533611774445,1.8201067447662354,0.02242307113645392
77,121,1.0,0.12768274545669556,0.17557251453399658,1.8238295316696167,0.022417580682436267
20,121,1.0,0.1276543289422989,0.17557251453399658,1.2152290344238281,0.022412591523549352
32,42,1.0,0.172620490193367,0.12977099418640137,1.894782304763794,0.022401132629337184
49,50,1.0,0.1956280618906021,-0.11450381577014923,-0.4595312476158142,0.022400159558192856
45,55,1.0,0.12754815816879272,0.17557251453399658,1.2011767625808716,0.022393950853874856
16,56,1.0,0.1543688029050827,0.1450381726026535,1.9123692512512207,0.022389369080212385
9,60,1.0,0.1396525651216507,-0.16030533611774445,-1.01261568069458,0.02238705139153141
34,64,1.0,0.1394699364900589,-0.16030533611774445,-1.4020177125930786,0.022357775047359363
31,101,1.0,0.19522251188755035,-0.11450381577014923,-0.5498381853103638,0.022353722535357834
11,31,1.0,0.10826044529676437,0.20610687136650085,1.4730085134506226,0.022313221672860317
4,21,1.0,0.1270093470811844,0.17557251453399658,1.7116117477416992,0.022299350436364662
46,88,1.0,0.1270046830177307,0.17557251453399658,1.592829704284668,0.022298531555016154
92,108,1.0,0.13892723619937897,0.16030533611774445,1.4274616241455078,0.02227077729485072
26,56,1.0,0.1166328713297844,0.19083969295024872,1.7766910791397095,0.02225818135248192
61,122,1.0,0.19421033561229706,-0.11450381577014923,-0.7297104597091675,0.022237824489609315
28,122,1.0,0.1531844586133957,0.1450381726026535,1.258987545967102,0.022217593948413716
56,97,1.0,0.1531199961900711,0.1450381726026535,1.424260139465332,0.02220824443633318
72,74,1.0,0.1530718356370926,-0.1450381726026535,-0.6334545612335205,0.022201259317737643
75,123,1.0,0.13844722509384155,0.16030533611774445,1.1543116569519043,0.022193828953237293
12,81,1.0,0.12639407813549042,0.17557251453399658,0.9286803603172302,0.02219132612045449
14,119,1.0,0.1529969871044159,-0.1450381726026535,-1.5922404527664185,0.022190403423336225
51,114,1.0,0.12632499635219574,-0.17557251453399658,-1.4252194166183472,0.02217919725805295
56,83,1.0,0.13831086456775665,0.16030533611774445,1.5011399984359741,0.02217196963327006
45,52,1.0,0.12621182203292847,-0.17557251453399658,-1.6513398885726929,0.022159326958238523
42,66,1.0,0.12613432109355927,-0.17557251453399658,-1.7269142866134644,0.022145719923434726
21,40,1.0,0.1380237340927124,-0.16030533611774445,-2.462644577026367,0.022125941085958445
43,124,1.0,0.1525101363658905,-0.1450381726026535,-1.298707365989685,0.02211979148189025
24,67,1.0,0.1524094194173813,-0.1450381726026535,-1.0755001306533813,0.022105183679728357
44,48,1.0,0.1258624643087387,-0.17557251453399658,-2.080394983291626,0.022097989344130653
6,83,1.0,0.13780640065670013,0.16030533611774445,1.0646929740905762,0.022091101376448874
9,107,1.0,0.15228618681430817,-0.1450381726026535,-0.8748886585235596,0.022087310248173564
54,123,1.0,0.1701958328485489,-0.12977099418640137,-0.7615911364555359,0.022086482435138777
37,99,1.0,0.12577904760837555,-0.17557251453399658,-1.7089815139770508,0.022083343664293764
6,118,1.0,0.12566007673740387,-0.17557251453399658,-1.4239040613174438,0.022062455649320967
19,35,1.0,0.13761021196842194,0.16030533611774445,1.796607255935669,0.022059651282831938
12,48,1.0,0.11553440243005753,-0.19083969295024872,-1.3882737159729004,0.022048549884942648
23,46,1.0,0.12554240226745605,0.17557251453399658,1.993582010269165,0.022041795246735774
62,67,1.0,0.12551191449165344,0.17557251453399658,1.2348830699920654,0.02203644243127556
22,117,1.0,0.1519278883934021,-0.1450381726026535,-1.2728986740112305,0.02203534329995893
25,88,0.9999999403953552,0.12549446523189545,0.17557251453399658,2.041266679763794,0.022033377507571374
24,32,1.0,0.12548470497131348,0.17557251453399658,0.9558477997779846,0.02203166518737021
51,119,1.0,0.1254083663225174,-0.17557251453399658,-0.8328207731246948,0.022018262218844953
40,110,1.0,0.12540307641029358,0.17557251453399658,2.0292840003967285,0.022017333455654153
53,85,1.0,0.15170437097549438,0.1450381726026535,0.9586077928543091,0.022002924742120733
60,92,1.0,0.19214950501918793,-0.11450381577014923,-0.6382525563240051,0.02200185152304246
5,124,1.0,0.15167300403118134,0.1450381726026535,2.4466328620910645,0.02199837533783744
78,90,1.0,0.16945548355579376,-0.12977099418640137,-0.5728647112846375,0.021990406571372745
52,58,1.0,0.1694476455450058,-0.12977099418640137,-0.6297277212142944,0.021989389424920347
3,94,0.9999999403953552,0.19193275272846222,0.11450381577014923,0.5553654432296753,0.021977031248744228
15,32,1.0,0.13708879053592682,-0.16030533611774445,-1.7580435276031494,0.021976064644836812
2,65,1.0,0.12492770701646805,0.17557251453399658,1.9305649995803833,0.021933871655847703
33,79,1.0,0.13675521314144135,0.16030533611774445,1.5696611404418945,0.021922590408492537
15,104,1.0,0.12484325468540192,0.17557251453399658,1.320034146308899,0.021919044147724165
59,93,1.0,0.12469633668661118,-0.17557251453399658,-1.2452954053878784,0.021893249385246172
66,125,1.0,0.15084664523601532,-0.1450381726026535,-2.6820778846740723,0.02187852176827243
13,52,1.0,0.12459997087717056,-0.17557251453399658,-1.8503748178482056,0.02187633019776758
51,59,1.0,0.15081217885017395,0.1450381726026535,1.4540352821350098,0.02187352282665378
79,118,1.0,0.1906381994485855,0.11450381577014923,0.28149208426475525,0.0218288012684138
1,9,1.0,0.11397974193096161,-0.19083969295024872,-1.2602276802062988,0.021751858952653302
10,66,1.0,0.12382936477661133,0.17557251453399658,1.866476058959961,0.021741032946977157
16,28,1.0,0.13558568060398102,-0.16030533611774445,-2.428795576095581,0.02173510810197432
104,111,1.0,0.1498485803604126,-0.1450381726026535,-0.8900842070579529,0.021733764262576116
71,89,1.0,0.12365546822547913,0.17557251453399658,1.7043302059173584,0.021710501492226086
44,120,1.0,0.18954716622829437,-0.11450381577014923,-2.437072515487671,0.02170387380155847
9,11,1.0,0.21863296627998352,-0.09923664480447769,-0.37329721450805664,0.021696402017276073
108,126,1.0,0.14954794943332672,-0.1450381726026535,-1.0533459186553955,0.02169016130228374
92,122,1.0,0.14954006671905518,-0.1450381726026535,-1.5769102573394775,0.021689018007810645
36,97,1.0,0.1352333426475525,0.16030533611774445,0.8227351307868958,0.021678626447442007
34,40,1.0,0.13522009551525116,0.16030533611774445,1.2374000549316406,0.021676502861445845
113,124,1.0,0.12345477938652039,0.17557251453399658,0.7055432200431824,0.021675266048131192
18,65,1.0,0.1351827085018158,0.16030533611774445,1.7313592433929443,0.02167050952369065
1,126,1.0,0.16696946322917938,-0.12977099418640137,-2.481201648712158,0.021667793242020394
22,25,1.0,0.13516345620155334,-0.16030533611774445,-0.7507007122039795,0.02166742327722604
41,80,1.0,0.13509581983089447,0.16030533611774445,1.0545989274978638,0.021656580806093784
64,110,1.0,0.12331810593605042,0.17557251453399658,0.9038716554641724,0.02165126994676214
5,31,1.0,0.13495543599128723,-0.16030533611774445,-2.111825704574585,0.021634076527500046
81,120,1.0,0.1348956674337387,-0.16030533611774445,-2.0291855335235596,0.021624495308792957
1,44,1.0,0.13487665355205536,-0.16030533611774445,-1.936998724937439,0.021621447282098805
42,45,1.0,0.13478673994541168,-0.16030533611774445,-1.206486463546753,0.02160703365116423
27,85,1.0,0.14883777499198914,0.1450381726026535,2.101030111312866,0.021587158899083025
4,92,1.0,0.18845324218273163,0.11450381577014923,3.0694775581359863,0.021578615324178818
13,55,1.0,0.13446922600269318,-0.16030533611774445,-1.38796067237854,0.02155613447185467
92,99,1.0,0.1343182921409607,0.16030533611774445,0.8129057884216309,0.021531938968418096
66,101,1.0,0.16591106355190277,-0.12977099418640137,-0.579787015914917,0.021530443663653642
82,113,1.0,0.13412918150424957,0.16030533611774445,1.7448065280914307,0.02150162352423668
93,114,1.0,0.1479332000017166,-0.1450381726026535,-1.2398440837860107,0.021455960995511836
1,99,1.0,0.14791962504386902,0.1450381726026535,1.154718279838562,0.021453992108432463
28,76,1.0,0.21604616940021515,0.09923664480447769,0.2762760519981384,0.021439696974137168
88,98,1.0,0.14768315851688385,-0.1450381726026535,-1.2045549154281616,0.021419695435476838
35,114,1.0,0.1476479321718216,0.1450381726026535,1.248133897781372,0.021414586270761538
40,52,1.0,0.1648792326450348,0.12977099418640137,1.194041132926941,0.021396541941037128
83,99,1.0,0.18682105839252472,-0.11450381577014923,-0.7534894943237305,0.021391724052161942
17,81,1.0,0.13343678414821625,0.16030533611774445,2.51735782623291,0.02139062853335072
60,87,1.0,0.12182250618934631,-0.17557251453399658,-2.358116626739502,0.021388683738496894
50,65,1.0,0.14742599427700043,0.1450381726026535,0.8449790477752686,0.021382396804065396
46,87,1.0,0.12170025706291199,0.17557251453399658,1.3470778465270996,0.021367220151969235
75,83,1.0,0.1216544508934021,0.17557251453399658,1.7570480108261108,0.021359177847607214
73,80,1.0,0.13322129845619202,-0.16030533611774445,-1.1092215776443481,0.02135608502706221
3,98,1.0,0.1643068790435791,-0.12977099418640137,-0.49160411953926086,0.021322267045150056
116,121,1.0,0.16429828107357025,0.12977099418640137,2.571690082550049,0.021321151278034023
75,87,1.0,0.14699698984622955,0.1450381726026535,0.9491394758224487,0.021320174785387946
25,100,1.0,0.12140161544084549,0.17557251453399658,1.5614835023880005,0.02131478689143851
65,87,1.0,0.1860731691122055,0.11450381577014923,0.38820603489875793,0.0213060878757918
86,103,1.0,0.11156891286373138,-0.19083969295024872,-1.6624058485031128,0.021291777073707552
78,113,1.0,0.1327664703130722,0.16030533611774445,0.8952765464782715,0.02128317364870358
101,113,1.0,0.13273410499095917,-0.16030533611774445,-1.5048229694366455,0.02127798531486369
2,52,1.0,0.14665180444717407,0.1450381726026535,2.523754119873047,0.021270109725899822
11,53,1.0,0.14657530188560486,0.1450381726026535,0.616671085357666,0.0212590139341704
77,104,1.0,0.14647145569324493,-0.1450381726026535,-2.2305362224578857,0.021243952272198774
31,69,1.0,0.13250906765460968,-0.16030533611774445,-2.2731871604919434,0.021241910629021143
3,27,1.0,0.12093406915664673,0.17557251453399658,1.0867125988006592,0.021232698614660706
17,82,1.0,0.25271162390708923,-0.08396946638822556,-2.946347236633301,0.021220060209580227
9,55,1.0,0.14627429842948914,0.1450381726026535,0.7563480734825134,0.021215356942948294
31,48,1.0,0.120818130671978,0.17557251453399658,1.1247403621673584,0.021212343003376155
30,52,1.0,0.13230937719345093,0.16030533611774445,1.2190711498260498,0.021209899182525582
36,118,1.0,0.16315585374832153,-0.12977099418640137,-2.5557823181152344,0.021172897348250785
50,117,1.0,0.10271062701940536,0.20610687136650085,1.1165623664855957,0.02116936599106123
116,126,1.0,0.21328718960285187,0.09923664480447769,0.6268239617347717,0.021165905075963498
73,117,1.0,0.13201473653316498,-0.16030533611774445,-1.1601194143295288,0.02116266671244449
45,91,1.0,0.14588025212287903,-0.1450381726026535,-1.0866800546646118,0.02115820518671674
7,74,1.0,0.14586476981639862,0.1450381726026535,1.1816486120224,0.021155959661277146
6,104,1.0,0.16296200454235077,-0.12977099418640137,-0.7451815009117126,0.021147741344069715
66,126,1.0,0.16278530657291412,-0.12977099418640137,-2.6286191940307617,0.021124811072905203
52,106,1.0,0.13177792727947235,-0.16030533611774445,-1.7309836149215698,0.0211247049254355
24,75,1.0,0.11067335307598114,-0.19083969295024872,-0.775798499584198,0.021120868718794705
41,75,1.0,0.14547687768936157,0.1450381726026535,2.238778591156006,0.021099700496004736
85,102,1.0,0.12013775110244751,-0.17557251453399658,-2.138259172439575,0.02109288705151613
10,57,1.0,0.13150350749492645,0.16030533611774445,1.9969841241836548,0.02108071396963651
33,126,1.0,0.162307009100914,0.12977099418640137,0.44319990277290344,0.021062741934446905
43,114,1.0,0.1452006846666336,0.1450381726026535,2.3034260272979736,0.02105964196470267
47,113,1.0,0.11033202707767487,0.19083969295024872,1.711727499961853,0.021055730170082
9,45,1.0,0.14511606097221375,-0.1450381726026535,-1.1776622533798218,0.021047368298705127
12,78,1.0,0.13128384947776794,-0.16030533611774445,-2.038327932357788,0.02104550161736496
10,14,1.0,0.1450916826725006,-0.1450381726026535,-1.865064263343811,0.021043832514663574
34,110,1.0,0.11983653903007507,0.17557251453399658,1.424967646598816,0.021040002490561704
7,105,1.0,0.1449921876192093,-0.1450381726026535,-1.799803376197815,0.021029401933951197
55,66,1.0,0.14487600326538086,-0.1450381726026535,-1.738053321838379,0.0210125507675869
21,119,1.0,0.1308705061674118,-0.16030533611774445,-2.2413828372955322,0.020979240479066297
16,47,1.0,0.10984369367361069,-0.19083969295024872,-1.4223865270614624,0.02096253677319304
43,70,1.0,0.10166918486356735,0.20610687136650085,1.0167096853256226,0.020954717606612272
7,108,1.0,0.14445002377033234,-0.1450381726026535,-0.645704984664917,0.020950767480058863
68,105,1.0,0.13046497106552124,0.16030533611774445,1.3162628412246704,0.020914231038250186
58,122,1.0,0.10942809283733368,-0.19083969295024872,-1.456257700920105,0.02088322363720807
16,49,1.0,0.14383558928966522,0.1450381726026535,1.2316378355026245,0.020861651025798844
55,60,1.0,0.18212434649467468,-0.11450381577014923,-2.7156412601470947,0.020853932618285054
49,110,1.0,0.11867492645978928,0.17557251453399658,1.7844377756118774,0.020836055250682328
53,117,1.0,0.1435825228691101,-0.1450381726026535,-0.8905444145202637,0.020824946734614436
22,42,1.0,0.14350515604019165,0.1450381726026535,1.581480860710144,0.02081372559112804
1,107,1.0,0.11840751022100449,-0.17557251453399658,-1.9401131868362427,0.02078910430921166
102,117,1.0,0.18154339492321014,0.11450381577014923,0.49372372031211853,0.0207874114465747
73,108,1.0,0.14325712621212006,0.1450381726026535,0.7583054304122925,0.020777751798113586
20,91,1.0,0.10884182900190353,0.19083969295024872,0.8161362409591675,0.020771341226866746
31,72,1.0,0.11818647384643555,0.17557251453399658,1.2252815961837769,0.020750296397125112
13,90,1.0,0.11810868233442307,0.17557251453399658,1.8773449659347534,0.02073663834575168
11,21,1.0,0.15959210693836212,-0.12977099418640137,-1.8438057899475098,0.020710426381693736
78,114,1.0,0.11793495714664459,-0.17557251453399658,-1.8694219589233398,0.020706136977695522
1,61,1.0,0.1427425593137741,0.1450381726026535,1.3848909139633179,0.020703119955495675
43,83,1.0,0.1290980875492096,0.16030533611774445,0.6565333008766174,0.020695112316734043
106,120,1.0,0.15942461788654327,-0.12977099418640137,-0.18630574643611908,0.020688691160923867
102,125,1.0,0.14251229166984558,0.1450381726026535,0.6766828298568726,0.020669722357210762
56,66,1.0,0.11767332255840302,-0.17557251453399658,-2.11204195022583,0.02066020113514888
4,123,1.0,0.11764200031757355,0.17557251453399658,1.1918967962265015,0.020654701810565612
48,114,1.0,0.11763796210289001,0.17557251453399658,1.519370198249817,0.020653992811059396
88,103,1.0,0.15911056101322174,-0.12977099418640137,-0.9392170906066895,0.02064793568824186
40,107,1.0,0.12879806756973267,0.16030533611774445,1.30536949634552,0.020647017513081956
10,77,1.0,0.15907511115074158,-0.12977099418640137,-0.777985155582428,0.020643335324344037
13,118,1.0,0.14221270382404327,-0.1450381726026535,-1.8668396472930908,0.02062627068352163
82,105,1.0,0.14220114052295685,-0.1450381726026535,-2.3287625312805176,0.0206245935634628
6,122,1.0,0.12849807739257812,0.16030533611774445,1.114870309829712,0.020598927486901175
95,101,1.0,0.1420232355594635,0.1450381726026535,0.5274657607078552,0.020598790552660784
63,119,1.0,0.10793118178844452,-0.19083969295024872,-1.6432782411575317,0.02059755359226423
81,105,1.0,0.11721103638410568,-0.17557251453399658,-1.4959238767623901,0.020579036389093197
1,109,1.0,0.1418270617723465,0.1450381726026535,2.295091390609741,0.02057033786506479
64,117,1.0,0.12817785143852234,0.16030533611774445,0.7919607162475586,0.020547593557702637
42,93,1.0,0.14165064692497253,-0.1450381726026535,-2.5267412662506104,0.020544750977981696
86,115,1.0,0.12795625627040863,-0.16030533611774445,-2.301908254623413,0.0205120706697961
6,94,1.0,0.1579929143190384,0.12977099418640137,0.6089233756065369,0.02050289756558854
44,109,1.0,0.15792246162891388,-0.12977099418640137,-0.9068804979324341,0.020493754849947976
44,91,1.0,0.1576215773820877,0.12977099418640137,1.3943349123001099,0.020454708802102317
8,69,1.0,0.12756620347499847,0.16030533611774445,1.9782134294509888,0.02044954312532421
14,116,1.0,0.14093129336833954,-0.1450381726026535,-1.9589018821716309,0.020440417252672427
40,125,1.0,0.11639010906219482,0.17557251453399658,0.8437492251396179,0.020434904114935648
25,26,0.9999999403953552,0.15744727849960327,-0.12977099418640137,-0.673826277256012,0.020432088644989275
24,85,1.0,0.12745392322540283,-0.16030533611774445,-1.8154184818267822,0.020431544002173396
3,112,1.0,0.1408282220363617,-0.1450381726026535,-1.063696026802063,0.02042546797503464
23,92,1.0,0.11608382314443588,0.17557251453399658,2.1150617599487305,0.020381128726188358
48,72,1.0,0.11593061685562134,-0.17557251453399658,-2.101867914199829,0.020354229912818766
31,94,1.0,0.17763052880764008,-0.11450381577014923,-0.6163309812545776,0.020339373345744205
7,120,1.0,0.09867660701274872,-0.20610687136650085,-1.6595553159713745,0.020337926748459356
37,63,1.0,0.24210606515407562,0.08396946638822556,2.9648900032043457,0.0203295171003407
83,105,1.0,0.14008744060993195,0.1450381726026535,1.0402002334594727,0.02031802639064728
23,55,1.0,0.11566592752933502,-0.17557251453399658,-1.666774868965149,0.02030775774223237
19,47,1.0,0.12666791677474976,-0.16030533611774445,-1.1424694061279297,0.02030554297391074
57,102,1.0,0.11565116792917252,0.17557251453399658,1.2683088779449463,0.02030516636211832
1,29,1.0,0.24179081618785858,0.08396946638822556,0.42610475420951843,0.020303045812868015
72,107,1.0,0.20454537868499756,-0.09923664480447769,-2.576782464981079,0.020298397090960485
8,70,1.0,0.12661528587341309,-0.16030533611774445,-0.962979257106781,0.020297105959581785
49,94,1.0,0.24170924723148346,-0.08396946638822556,-2.868438720703125,0.02029619651112735
31,45,1.0,0.12659084796905518,0.16030533611774445,0.8814446926116943,0.020293188433109677
68,93,1.0,0.13990312814712524,-0.1450381726026535,-2.1164069175720215,0.020291294047853903
3,99,1.0,0.1771470159292221,-0.11450381577014923,-2.5448567867279053,0.02028400927619134
4,32,1.0,0.12653136253356934,0.16030533611774445,1.753326177597046,0.02028365260038001
72,94,1.0,0.12650585174560547,0.16030533611774445,1.3019347190856934,0.020279563084940833
17,21,1.0,0.12627972662448883,-0.16030533611774445,-0.8798038363456726,0.020243314021395564
9,32,1.0,0.1559029221534729,0.12977099418640137,0.752609372138977,0.020231677204421317
9,12,1.0,0.15588544309139252,-0.12977099418640137,-0.4454596936702728,0.0202294089291577
96,126,1.0,0.1261131316423416,0.16030533611774445,2.2711782455444336,0.020216607956786925
60,112,1.0,0.1259952336549759,-0.16030533611774445,-1.6719748973846436,0.020197708280294657
111,122,1.0,0.13914060592651367,-0.1450381726026535,-1.4776332378387451,0.020180699218407483
32,35,1.0,0.15547548234462738,-0.12977099418640137,-1.0283526182174683,0.020176207915472588
56,96,1.0,0.11491496115922928,0.17557251453399658,1.458428978919983,0.020175908688302435
25,65,1.0,0.15545836091041565,0.12977099418640137,1.577424168586731,0.020173986049933035
105,115,1.0,0.11481115221977234,-0.17557251453399658,-2.0962705612182617,0.020157682691770873
16,69,1.0,0.12563402950763702,0.16030533611774445,1.4950470924377441,0.020139805328048377
20,59,1.0,0.13874654471874237,0.1450381726026535,1.2164067029953003,0.02012354530093874
55,61,1.0,0.13872912526130676,-0.1450381726026535,-1.5499016046524048,0.02012101881466455
24,92,1.0,0.09761283546686172,-0.20610687136650085,-1.4977474212646484,0.020118676123287882
94,100,1.0,0.15500062704086304,-0.12977099418640137,-0.730206310749054,0.020114585470608404
10,96,1.0,0.15499213337898254,-0.12977099418640137,-0.6148858070373535,0.02011348323966189
47,84,1.0,0.15494410693645477,-0.12977099418640137,-2.1312315464019775,0.020107250800467824
11,37,1.0,0.12526661157608032,0.16030533611774445,2.0050339698791504,0.020080906273034493
3,11,1.0,0.11434176564216614,0.17557251453399658,1.5148649215698242,0.020075271310052045
19,32,1.0,0.12517112493515015,0.16030533611774445,0.8621863722801208,0.020065599254965427
6,49,1.0,0.17517989873886108,-0.11450381577014923,-0.4490927457809448,0.020058766851827947
80,118,1.0,0.1250680685043335,0.16030533611774445,2.267453670501709,0.02004907875918427
4,29,1.0,0.15446066856384277,-0.12977099418640137,-2.7851502895355225,0.02004451452222611
74,121,1.0,0.17503470182418823,-0.11450381577014923,-1.109592318534851,0.020042141251059853
92,95,1.0,0.12497440725564957,-0.16030533611774445,-1.078200340270996,0.020034064361232784
1,92,1.0,0.20154258608818054,-0.09923664480447769,-0.25621336698532104,0.02000041002860864
29,74,1.0,0.15395350754261017,0.12977099418640137,1.692612648010254,0.019978699732288163
16,91,1.0,0.11374619603157043,0.17557251453399658,0.8746095895767212,0.019970705655939724
7,77,1.0,0.13767828047275543,-0.1450381726026535,-0.770939826965332,0.019968606206844042
50,114,1.0,0.1376529484987259,-0.1450381726026535,-0.6602675914764404,0.01996493210362238
61,91,0.9999999403953552,0.13756434619426727,-0.1450381726026535,-0.8273094892501831,0.019952080198058594
73,76,1.0,0.12443786859512329,-0.16030533611774445,-1.766097903251648,0.019948054350916955
83,121,1.0,0.11350172758102417,0.17557251453399658,1.5774714946746826,0.019927783715353087
10,63,1.0,0.12423722445964813,0.16030533611774445,2.386639356613159,0.019915890025339555
41,64,1.0,0.11340408772230148,0.17557251453399658,1.2574903964996338,0.0199106408398384
43,97,1.0,0.17373964190483093,0.11450381577014923,2.4112181663513184,0.01989385194864246
29,104,1.0,0.12409340590238571,0.16030533611774445,1.8755826950073242,0.019892835143177634
23,107,1.0,0.15327100455760956,0.12977099418640137,0.6965885758399963,0.019890130641389447
74,91,1.0,0.153143048286438,-0.12977099418640137,-0.5852815508842468,0.019873525628867128
11,122,1.0,0.15303891897201538,-0.12977099418640137,-0.8440614938735962,0.019860012664210558
10,118,1.0,0.173433318734169,-0.11450381577014923,-0.7435997128486633,0.01985877677674286
93,117,1.0,0.13691700994968414,0.1450381726026535,1.4890589714050293,0.019858192921321516
118,125,1.0,0.15290237963199615,-0.12977099418640137,-2.116816759109497,0.019842293818310708
36,101,1.0,0.123679518699646,-0.16030533611774445,-0.9477289915084839,0.01982648681602761
86,90,1.0,0.1526922583580017,0.12977099418640137,1.17573082447052,0.019815026171684735
89,123,1.0,0.13649435341358185,-0.1450381726026535,-2.239952325820923,0.01979689158968667
68,92,1.0,0.1523425132036209,-0.12977099418640137,-0.5346030592918396,0.019769639395288863
46,55,1.0,0.1125582829117775,0.17557251453399658,1.7313625812530518,0.019762140762449754
19,53,1.0,0.1035422831773758,0.19083969295024872,0.9459196925163269,0.0197599775289381
26,108,1.0,0.11245394498109818,-0.17557251453399658,-1.625576376914978,0.01974382188959911
21,109,1.0,0.12300863116979599,-0.16030533611774445,-1.1777263879776,0.019718939965057802
78,88,1.0,0.12298423796892166,-0.16030533611774445,-1.9316354990005493,0.019715029604792655
36,113,1.0,0.12293615192174911,-0.16030533611774445,-2.010058879852295,0.019707321154838087
17,102,1.0,0.1358502209186554,-0.1450381726026535,-0.5810608863830566,0.01970346778970855
14,99,1.0,0.1517188549041748,-0.12977099418640137,-2.4501545429229736,0.01968870663773714
9,89,1.0,0.11213459819555283,-0.17557251453399658,-1.8124067783355713,0.019687753371452565
57,115,1.0,0.13571639358997345,0.1450381726026535,1.3017128705978394,0.019684057718512227
92,98,1.0,0.13562218844890594,-0.1450381726026535,-1.0953028202056885,0.01967039437700202
9,53,1.0,0.17151567339897156,0.11450381577014923,0.8698911070823669,0.019639199068568924
27,99,1.0,0.12248463928699493,0.16030533611774445,1.8844181299209595,0.01963494127016241
42,67,1.0,0.11183009296655655,-0.17557251453399658,-1.4518489837646484,0.01963429062270894
70,73,1.0,0.13533180952072144,-0.1450381726026535,-1.4863216876983643,0.019628278347895822
34,120,1.0,0.1024896502494812,-0.19083969295024872,-1.2579989433288574,0.019559093384189374
41,58,1.0,0.15057823061943054,-0.12977099418640137,-1.061498761177063,0.019540686690312725
54,89,1.0,0.17056237161159515,-0.11450381577014923,-2.719778299331665,0.019530042376333823
1,118,1.0,0.1218108981847763,0.16030533611774445,0.9845552444458008,0.019526936976314913
27,82,1.0,0.1345413774251938,-0.1450381726026535,-2.3968849182128906,0.019513635521194006
48,83,1.0,0.12158819288015366,-0.16030533611774445,-1.1604028940200806,0.019491236127602174
31,51,1.0,0.23203448951244354,0.08396946638822556,2.8720791339874268,0.019483812268024203
5,104,1.0,0.1342715620994568,0.1450381726026535,2.1850857734680176,0.019474501999408922
64,99,1.0,0.17002251744270325,0.11450381577014923,0.6801754832267761,0.019468227014036277
12,106,1.0,0.14983627200126648,-0.12977099418640137,-0.8139009475708008,0.019444401982788406
22,114,1.0,0.12127214670181274,-0.16030533611774445,-1.1079456806182861,0.019440572238754505
25,126,1.0,0.14971086382865906,0.12977099418640137,0.4002514183521271,0.01942812763955004
38,120,1.0,0.12097793817520142,-0.16030533611774445,-1.4588720798492432,0.01939340904200737
71,87,1.0,0.1336430311203003,0.1450381726026535,1.1525415182113647,0.019383341014767907
85,108,1.0,0.16921664774417877,-0.11450381577014923,-2.575850248336792,0.019375951858541685
41,101,1.0,0.14928412437438965,0.12977099418640137,0.9567452073097229,0.019372749236310938
26,35,1.0,0.1690569818019867,0.11450381577014923,0.40654125809669495,0.019357669498912156
68,104,1.0,0.1333615779876709,-0.1450381726026535,-1.8654576539993286,0.019342519566738048
46,114,1.0,0.13334551453590393,-0.1450381726026535,-0.7323514223098755,0.019340189753048076
22,100,1.0,0.1489955335855484,-0.12977099418640137,-2.268845558166504,0.01933529852272997
4,69,1.0,0.12058382481336594,0.16030533611774445,1.9261538982391357,0.01933023056706984
73,120,1.0,0.12053967267274857,0.16030533611774445,1.013857126235962,0.019323152743327854
44,123,1.0,0.12050579488277435,-0.16030533611774445,-1.1947704553604126,0.01931772195281911
49,104,1.0,0.14860621094703674,0.12977099418640137,2.077333927154541,0.01928477573687104
32,83,1.0,0.16822592914104462,-0.11450381577014923,-2.4647762775421143,0.01926251079812835
18,82,1.0,0.1482728272676468,-0.12977099418640137,-1.0465048551559448,0.019241512205351086
3,125,1.0,0.13265188038349152,-0.1450381726026535,-0.7441186904907227,0.01923958632312739
38,57,1.0,0.1326337307691574,0.1450381726026535,1.2743545770645142,0.019236953936230927
13,122,1.0,0.11992000043392181,-0.16030533611774445,-1.3348994255065918,0.019223815976799896
22,125,1.0,0.11990174651145935,-0.16030533611774445,-2.195446252822876,0.019220889775624084
18,116,1.0,0.11989863961935043,-0.16030533611774445,-1.4018864631652832,0.019220391724240282
73,122,1.0,0.1479920744895935,-0.12977099418640137,-0.4886605739593506,0.019205078638222517
89,102,1.0,0.13225241005420685,0.1450381726026535,2.4991250038146973,0.01918164787655896
5,115,1.0,0.10044582933187485,-0.19083969295024872,-2.136425018310547,0.019169051227828082
34,121,1.0,0.10914412885904312,0.17557251453399658,1.620283842086792,0.019162709150404744
32,60,1.0,0.1318662464618683,-0.1450381726026535,-1.9737646579742432,0.0191256394148005
54,71,1.0,0.13170966506004333,0.1450381726026535,0.9387863874435425,0.019102929134416247
46,70,1.0,0.14715926349163055,0.12977099418640137,2.6314570903778076,0.019097003927047496
88,121,1.0,0.11909914016723633,-0.16030533611774445,-1.651193618774414,0.019092227695843178
39,87,1.0,0.11905501782894135,-0.16030533611774445,-1.8775768280029297,0.0190851546495725
98,99,1.0,0.13146476447582245,-0.1450381726026535,-1.2183781862258911,0.019067409201211527
75,93,1.0,0.10859962552785873,-0.17557251453399658,-1.283940076828003,0.019067109331376564
9,39,1.0,0.146876260638237,0.12977099418640137,1.1194761991500854,0.019060278365405026
71,84,1.0,0.11861123889684677,-0.16030533611774445,-2.0227460861206055,0.019014014518701106
7,126,1.0,0.1659538298845291,-0.11450381577014923,-0.5525234937667847,0.019002346763448807
16,115,1.0,0.13094907999038696,-0.1450381726026535,-2.023237943649292,0.018992615265804424
12,108,1.0,0.19127538800239563,0.09923664480447769,0.3179192543029785,0.01898152773903239
67,74,1.0,0.10808029770851135,0.17557251453399658,1.5088618993759155,0.018975929640266287
32,120,1.0,0.1656893491744995,0.11450381577014923,2.6011147499084473,0.01897206271295282
60,118,1.0,0.14606834948062897,-0.12977099418640137,-2.3879292011260986,0.018955434931267945
33,64,1.0,0.16552338004112244,0.11450381577014923,1.1703659296035767,0.01895305861388108
16,35,1.0,0.1306689828634262,0.1450381726026535,1.0528590679168701,0.018951990490358783
91,113,1.0,0.11820358037948608,0.16030533611774445,1.4653240442276,0.01894866468305434
20,96,1.0,0.11818572133779526,0.16030533611774445,1.0732367038726807,0.01894580178337335
5,110,1.0,0.1304866224527359,-0.1450381726026535,-1.7230168581008911,0.01892554126963719
6,126,0.9999999403953552,0.09907934814691544,0.19083969295024872,1.8620285987854004,0.018908271251047278
22,98,1.0,0.11793933808803558,0.16030533611774445,2.118856430053711,0.018906305233706844
41,89,1.0,0.16507074236869812,-0.11450381577014923,-2.2466511726379395,0.018901229873227177
19,40,1.0,0.14564496278762817,0.12977099418640137,0.4382109045982361,0.01890049161919194
11,104,1.0,0.16504143178462982,-0.11450381577014923,-2.364900588989258,0.018897873699508905
92,93,1.0,0.1455639898777008,-0.12977099418640137,-0.8898358941078186,0.0188899836841685
5,30,1.0,0.1902441680431366,-0.09923664480447769,-2.9190833568573,0.018879192930220112
35,63,1.0,0.11773242801427841,-0.16030533611774445,-1.193508267402649,0.018873136444787053
65,69,1.0,0.11769922077655792,-0.16030533611774445,-1.9128450155258179,0.018867813147382728
52,120,1.0,0.1300215721130371,-0.1450381726026535,-2.2154221534729004,0.018858091218199036
55,81,1.0,0.12992757558822632,-0.1450381726026535,-1.1549910306930542,0.01884445813400948
47,73,1.0,0.14519663155078888,0.12977099418640137,2.2936582565307617,0.018842311228862485
2,126,1.0,0.12990248203277588,0.1450381726026535,1.8587714433670044,0.018840818610582843
19,97,1.0,0.1296985000371933,0.1450381726026535,1.7913074493408203,0.018811233434699703
79,82,1.0,0.11730362474918365,0.16030533611774445,2.0823144912719727,0.018804396993247652
34,39,1.0,0.10704794526100159,0.17557251453399658,2.1390373706817627,0.01879467692517167
87,90,1.0,0.1172349825501442,-0.16030533611774445,-1.382164716720581,0.01879339328245877
54,125,1.0,0.11719084531068802,0.16030533611774445,1.5324466228485107,0.01878631784745244
45,51,1.0,0.1447567641735077,-0.12977099418640137,-2.4464728832244873,0.01878522920200254
49,70,1.0,0.1640370786190033,0.11450381577014923,0.9418932199478149,0.01878287142966384
57,60,1.0,0.10688494890928268,-0.17557251453399658,-1.5360372066497803,0.018766059245840516
40,115,1.0,0.12931324541568756,0.1450381726026535,0.9122265577316284,0.018755356808409784
29,118,1.0,0.12931102514266968,-0.1450381726026535,-1.565974235534668,0.01875503478406859
70,95,1.0,0.12924166023731232,-0.1450381726026535,-2.41975998878479,0.018744974224952804
113,120,1.0,0.14439085125923157,0.12977099418640137,1.1497358083724976,0.018737744319331284
48,82,1.0,0.14430195093154907,0.12977099418640137,1.3961659669876099,0.01872620763542443
58,80,1.0,0.12911058962345123,0.1450381726026535,1.6385775804519653,0.018725963982636484
89,120,1.0,0.18855853378772736,-0.09923664480447769,-0.3697865903377533,0.018711916242345805
65,76,1.0,0.1885412633419037,-0.09923664480447769,-0.9429162740707397,0.018710202381247987
28,68,1.0,0.1632683277130127,0.11450381577014923,2.5266754627227783,0.018694846517551156
88,104,1.0,0.1631515920162201,-0.11450381577014923,-2.288662910461426,0.018681479834831816
12,17,1.0,0.1287921518087387,-0.1450381726026535,-0.9571028351783752,0.018679778343902997
56,89,1.0,0.14374466240406036,-0.12977099418640137,-0.7067353129386902,0.018653887749163545
2,90,1.0,0.12858794629573822,0.1450381726026535,1.6097447872161865,0.01865016074946202
30,32,1.0,0.1061553955078125,0.17557251453399658,0.7494537234306335,0.018637969720657566
8,28,1.0,0.1436016857624054,-0.12977099418640137,-2.296565055847168,0.018635333528230547
40,96,1.0,0.11620773375034332,-0.16030533611774445,-2.109083890914917,0.01862871981833014
25,64,1.0,0.1877017319202423,0.09923664480447769,0.39871862530708313,0.01862689009975438
62,77,1.0,0.12838123738765717,0.1450381726026535,2.120854616165161,0.018620180067173253
41,93,1.0,0.22166870534420013,-0.08396946638822556,-0.4344225823879242,0.018613402902721288
15,42,1.0,0.14340676367282867,0.12977099418640137,0.9924640655517578,0.018610038294877285
4,28,1.0,0.14340069890022278,-0.12977099418640137,-1.2639024257659912,0.018609251263306703
27,48,1.0,0.1159553974866867,0.16030533611774445,2.124552011489868,0.018588268968769972
1,112,1.0,0.11587885022163391,-0.16030533611774445,-1.3990260362625122,0.01857599803371679
63,126,1.0,0.10570013523101807,0.17557251453399658,1.1747950315475464,0.018558038529093324
77,108,1.0,0.12788552045822144,-0.1450381726026535,-1.6053463220596313,0.018548282189599696
18,94,1.0,0.10563800483942032,-0.17557251453399658,-1.1876710653305054,0.018547130140011525
18,36,1.0,0.14282166957855225,-0.12977099418640137,-1.3161932229995728,0.01853411005257044
54,91,1.0,0.1277294009923935,-0.1450381726026535,-2.137939929962158,0.01852563890756831
23,104,1.0,0.1866484433412552,-0.09923664480447769,-0.4914361834526062,0.01852236527516482
108,110,1.0,0.14270034432411194,0.12977099418640137,1.9291681051254272,0.018518365553681804
10,29,1.0,0.14258505403995514,0.12977099418640137,0.9799097180366516,0.018503404218886743
49,100,1.0,0.2693207859992981,-0.06870228797197342,-2.982614755630493,0.018502954196562005
9,101,1.0,0.115422822535038,-0.16030533611774445,-1.1935676336288452,0.018502894362138034
6,103,1.0,0.14250801503658295,0.12977099418640137,0.6601648330688477,0.018493406790828004
46,112,1.0,0.14233021438121796,0.12977099418640137,2.393930196762085,0.018470333423014296
30,56,1.0,0.10518130660057068,-0.17557251453399658,-1.602896809577942,0.018466946481833446
40,58,1.0,0.12725991010665894,0.1450381726026535,2.0125298500061035,0.018457544807447768
1,42,1.0,0.11500784009695053,0.16030533611774445,1.4646921157836914,0.018436370462917462
58,119,1.0,0.11498051136732101,0.16030533611774445,1.2428497076034546,0.01843198952172853
32,52,1.0,0.18555055558681488,-0.09923664480447769,-0.39769160747528076,0.018413414578042242
41,104,1.0,0.185547336935997,-0.09923664480447769,-2.767435073852539,0.01841309516993428
57,117,1.0,0.1418457329273224,0.12977099418640137,1.5393292903900146,0.018407461783077395
9,73,1.0,0.12686452269554138,-0.1450381726026535,-1.9935184717178345,0.018400198539869184
71,123,1.0,0.12677223980426788,-0.1450381726026535,-1.2229491472244263,0.018386813997956386
10,80,1.0,0.10469487309455872,0.17557251453399658,0.9674574732780457,0.018381542128029338
4,83,1.0,0.1416206955909729,-0.12977099418640137,-2.582888126373291,0.018378258464210262
55,85,1.0,0.1266166865825653,-0.1450381726026535,-2.6533522605895996,0.01836425284293819
14,87,1.0,0.10456390678882599,-0.17557251453399658,-1.8791085481643677,0.018358548044412615
43,56,1.0,0.12650243937969208,0.1450381726026535,2.170440912246704,0.01834768263740849
36,91,1.0,0.12649594247341156,0.1450381726026535,2.5236170291900635,0.018346740337993994
31,43,1.0,0.11442498117685318,-0.16030533611774445,-1.9355802536010742,0.01834293506782203
44,63,1.0,0.16015616059303284,0.11450381577014923,3.062227964401245,0.018338491506999066
10,95,1.0,0.11436761170625687,0.16030533611774445,0.24548552930355072,0.01833373843555519
18,31,1.0,0.12635627388954163,-0.1450381726026535,-1.6490637063980103,0.0183264830618195
20,60,1.0,0.12633371353149414,0.1450381726026535,0.851371169090271,0.01832321094871503
34,72,1.0,0.12632401287555695,-0.1450381726026535,-0.5690736174583435,0.018321803983304852
34,87,1.0,0.11423588544130325,-0.16030533611774445,-2.201631546020508,0.018312622012376267
5,59,1.0,0.1410653442144394,-0.12977099418640137,-2.31182599067688,0.018306189963954722
1,41,1.0,0.2179199755191803,-0.08396946638822556,-2.924757480621338,0.018298624059680746
5,41,1.0,0.18417945504188538,-0.09923664480447769,-2.5770115852355957,0.018277351160273847
43,115,1.0,0.10405565053224564,0.17557251453399658,1.1276103258132935,0.018269312215417166
28,107,1.0,0.09566327929496765,-0.19083969295024872,-1.7007063627243042,0.018256350847265512
6,87,1.0,0.12566907703876495,0.1450381726026535,0.8371574282646179,0.01822681328636455
68,102,1.0,0.15916572511196136,-0.11450381577014923,-0.4658398926258087,0.01822508286514224
3,15,1.0,0.18360215425491333,0.09923664480447769,0.5454303622245789,0.018220061767131757
36,75,1.0,0.12559902667999268,0.1450381726026535,0.6208584308624268,0.01821665331033806
5,57,1.0,0.1590711623430252,-0.11450381577014923,-2.9438629150390625,0.018214255067269258
75,91,1.0,0.1402185559272766,-0.12977099418640137,-2.1068785190582275,0.018196301406064208
58,97,1.0,0.18334442377090454,-0.09923664480447769,-0.9309245944023132,0.01819448545863489
22,85,0.9999999403953552,0.12541699409484863,-0.1450381726026535,-0.4858359098434448,0.018190250552611142
26,72,1.0,0.12541501224040985,0.1450381726026535,1.7848179340362549,0.018189964192288466
59,85,1.0,0.09528040140867233,-0.19083969295024872,-2.0029096603393555,0.018183282549007473
58,66,1.0,0.15879717469215393,-0.11450381577014923,-2.3061466217041016,0.018182882435770598
106,109,1.0,0.12525087594985962,-0.1450381726026535,-1.5755867958068848,0.018166158164649282
1,94,1.0,0.1398586481809616,-0.12977099418640137,-0.8232778906822205,0.018149595820009523
46,126,1.0,0.13964831829071045,-0.12977099418640137,-2.815312623977661,0.018122301101044513
18,33,1.0,0.13959895074367523,0.12977099418640137,0.7405617237091064,0.01811589462538521
74,116,1.0,0.2634134590625763,-0.06870228797197342,-2.8466808795928955,0.018097107320210748
2,92,1.0,0.09482207149267197,-0.19083969295024872,-1.8014922142028809,0.01809581500856805
9,57,1.0,0.10304009169340134,-0.17557251453399658,-0.8762964606285095,0.018091007996424047
50,74,1.0,0.10303521901369095,-0.17557251453399658,-1.7882921695709229,0.018090152487794775
85,116,1.0,0.21529756486415863,-0.08396946638822556,-0.3808498680591583,0.01807842163632778
97,110,1.0,0.11275307089090347,0.16030533611774445,1.7670165300369263,0.01807491892747415
53,76,1.0,0.15783490240573883,-0.11450381577014923,-0.8684514164924622,0.018072698587166203
28,73,1.0,0.11271917819976807,0.16030533611774445,1.0278569459915161,0.018069485748229752
63,107,1.0,0.1390662044286728,0.12977099418640137,2.0925986766815186,0.0180467596064382
43,86,1.0,0.12441664189100266,-0.1450381726026535,-2.237790107727051,0.018045162381229773
47,59,1.0,0.12438812106847763,-0.1450381726026535,-2.3181657791137695,0.01804102577324962
65,92,1.0,0.10274813324213028,-0.17557251453399658,-2.4966673851013184,0.018039748116994936
53,110,1.0,0.11253304034471512,0.16030533611774445,1.6384304761886597,0.018039646856811253
102,106,1.0,0.13896508514881134,0.12977099418640137,0.6515511274337769,0.018033637256959167
15,31,1.0,0.1124725267291069,-0.16030533611774445,-0.9630002379417419,0.01802994620132148
96,119,1.0,0.09442384541034698,-0.19083969295024872,-0.8989784717559814,0.01801981766529237
30,109,1.0,0.12423926591873169,-0.1450381726026535,-1.2526535987854004,0.018019436094347974
87,109,1.0,0.1815536767244339,-0.09923664480447769,-0.32665547728538513,0.018016777730049616
56,67,1.0,0.12416141480207443,-0.1450381726026535,-0.8533656001091003,0.01800814471065293
51,54,1.0,0.13866008818149567,-0.12977099418640137,-0.8616006374359131,0.017994057497286775
56,122,1.0,0.15709535777568817,-0.11450381577014923,-2.6231794357299805,0.01798801790509308
27,33,1.0,0.13852818310260773,-0.12977099418640137,-0.7098351716995239,0.01797694004406125
47,93,1.0,0.11210592836141586,-0.16030533611774445,-1.353507399559021,0.01797117852676855
38,52,1.0,0.21389462053775787,0.08396946638822556,2.651588201522827,0.01796061714986752
64,115,1.0,0.13838736712932587,-0.12977099418640137,-0.815093457698822,0.01795866621521114
82,121,1.0,0.12381825596094131,-0.1450381726026535,-1.137658715248108,0.017958373579422537
72,110,1.0,0.13832151889801025,0.12977099418640137,1.5367518663406372,0.017950121024767896
37,125,1.0,0.11197245121002197,0.16030533611774445,1.9638255834579468,0.017949781427150313
33,121,1.0,0.180702805519104,0.09923664480447769,2.8153328895568848,0.017932340126471935
115,125,1.0,0.1805674135684967,-0.09923664480447769,-0.6140303611755371,0.017918904283560133
33,56,1.0,0.1378871202468872,-0.12977099418640137,-0.7900655269622803,0.017893748679938426
42,87,1.0,0.13777649402618408,-0.12977099418640137,-2.5083675384521484,0.017879392605294697
113,114,1.0,0.18005309998989105,-0.09923664480447769,-2.937586545944214,0.017867865529641924
13,62,1.0,0.15603086352348328,-0.11450381577014923,-2.040187120437622,0.017866129251350227
5,76,1.0,0.1017400398850441,0.17557251453399658,1.9258023500442505,0.017862754631406297
11,90,1.0,0.11138259619474411,-0.16030533611774445,-2.337575912475586,0.017855224520665458
10,78,1.0,0.1016930639743805,-0.17557251453399658,-1.262068271636963,0.017854506952648563
24,112,1.0,0.12306714057922363,-0.1450381726026535,-2.003134250640869,0.01784943317704446
46,62,1.0,0.1798526793718338,-0.09923664480447769,-0.44618111848831177,0.017847976459956283
88,120,1.0,0.21252955496311188,0.08396946638822556,2.8639352321624756,0.01784599332197956
47,106,1.0,0.10160259157419205,0.17557251453399658,1.1596084833145142,0.017838622485851552
25,74,1.0,0.1112346202135086,0.16030533611774445,1.7372075319290161,0.017831503181256148
8,34,1.0,0.1112033873796463,-0.16030533611774445,-2.068903923034668,0.01782649639132594
11,71,1.0,0.11118584871292114,0.16030533611774445,1.850820779800415,0.017823684849461507
1,12,1.0,0.1795894354581833,-0.09923664480447769,-0.7348719239234924,0.017821853017200406
39,65,1.0,0.12256761640310287,-0.1450381726026535,-1.8104491233825684,0.01777698310336906
31,64,1.0,0.13688631355762482,0.12977099418640137,2.477447748184204,0.017763873000884445
55,62,1.0,0.1550988107919693,0.11450381577014923,0.6329577565193176,0.017759405657092886
23,114,1.0,0.11078478395938873,0.16030533611774445,1.5196031332015991,0.017759392029341514
4,76,1.0,0.11077536642551422,0.16030533611774445,2.0224997997283936,0.01775788234840836
13,40,1.0,0.11068975925445557,0.16030533611774445,1.4270068407058716,0.017744159062077713
5,39,1.0,0.17872856557369232,0.09923664480447769,0.4647626280784607,0.017736423178250305
52,53,1.0,0.13656434416770935,-0.12977099418640137,-1.358750343322754,0.017722090713057526
69,100,1.0,0.12217487394809723,0.1450381726026535,1.1540954113006592,0.01772002045539156
35,123,1.0,0.12214697152376175,0.1450381726026535,1.3217239379882812,0.01771597353875476
43,111,1.0,0.12206760048866272,-0.1450381726026535,-2.128838300704956,0.017704461708866415
89,109,1.0,0.11044048517942429,-0.16030533611774445,-1.17849862575531,0.017704199097694384
43,110,1.0,0.11034900695085526,0.16030533611774445,1.4528499841690063,0.01768953464951617
1,67,1.0,0.13621291518211365,-0.12977099418640137,-1.9115326404571533,0.017676485424210853
31,100,1.0,0.12180829793214798,-0.1450381726026535,-2.0571091175079346,0.01766685293991832
37,108,1.0,0.11008023470640182,-0.16030533611774445,-1.6278011798858643,0.017646449024529942
15,108,1.0,0.13587512075901031,-0.12977099418640137,-0.7696262001991272,0.01763264950609411
45,82,1.0,0.10995981097221375,0.16030533611774445,2.3067057132720947,0.017627144457344368
34,53,1.0,0.15371108055114746,0.11450381577014923,0.6904386878013611,0.017600505249259157
16,74,1.0,0.12131284177303314,0.1450381726026535,2.0244266986846924,0.017594992883995575
7,123,1.0,0.13551732897758484,0.12977099418640137,0.6917180418968201,0.017586218510906804
44,65,1.0,0.13548073172569275,0.12977099418640137,0.6117920875549316,0.017581469249144277
29,115,1.0,0.1354122757911682,0.12977099418640137,2.5330734252929688,0.01757258565446307
35,116,1.0,0.2091377228498459,0.08396946638822556,0.4837316572666168,0.017561182989350166
13,64,1.0,0.2089443951845169,-0.08396946638822556,-0.3694213628768921,0.01754494936845441
67,103,1.0,0.1208828017115593,0.1450381726026535,1.9230440855026245,0.017532620659333475
81,116,1.0,0.17664691805839539,-0.09923664480447769,-0.32857242226600647,0.01752984746316666
50,60,1.0,0.15291832387447357,0.11450381577014923,2.1402840614318848,0.017509731584802735
90,102,1.0,0.10919669270515442,0.16030533611774445,2.2985432147979736,0.017504812527045832
29,51,1.0,0.1206555888056755,-0.1450381726026535,-2.148256778717041,0.017499666114672352
67,97,1.0,0.10912330448627472,-0.16030533611774445,-0.7404294610023499,0.01749304800395124
48,108,1.0,0.12058559060096741,-0.1450381726026535,-1.1290768384933472,0.017489513702976023
28,83,1.0,0.13476353883743286,-0.12977099418640137,-1.0984039306640625,0.017488398415011375
62,83,1.0,0.09938102215528488,-0.17557251453399658,-1.12350594997406,0.01744857595676219
98,110,1.0,0.15233121812343597,0.11450381577014923,1.5252245664596558,0.01744250573604833
4,93,1.0,0.12003251910209656,0.1450381726026535,1.8072277307510376,0.017409297223461184
107,122,1.0,0.13413755595684052,0.12977099418640137,1.090087652206421,0.01740716399425324
43,98,1.0,0.13407744467258453,-0.12977099418640137,-1.4255743026733398,0.01739936329313352
89,97,1.0,0.11992855370044708,-0.1450381726026535,-2.5263707637786865,0.017394218271592043
94,112,1.0,0.15182742476463318,-0.11450381577014923,-0.5903251767158508,0.01738481947410575
33,86,1.0,0.09898829460144043,0.17557251453399658,2.005746603012085,0.017379623792606935
13,96,1.0,0.09898239374160767,-0.17557251453399658,-1.1266170740127563,0.017378587763808184
4,97,1.0,0.09102645516395569,-0.19083969295024872,-1.844370722770691,0.017371460753838885
26,54,1.0,0.13381367921829224,0.12977099418640137,2.206027030944824,0.01736513418789798
6,41,1.0,0.11972039937973022,-0.1450381726026535,-1.5552188158035278,0.017364027949295924
30,110,1.0,0.10823024064302444,0.16030533611774445,1.8309119939804077,0.0173498851043844
80,115,1.0,0.13366809487342834,-0.12977099418640137,-0.8419613838195801,0.017346241562727016
42,112,1.0,0.11943025887012482,-0.1450381726026535,-1.1869451999664307,0.017321946499984753
33,124,1.0,0.15121664106845856,0.11450381577014923,2.502793073654175,0.01731488241028356
42,91,1.0,0.15120956301689148,-0.11450381577014923,-2.4994499683380127,0.017314071946370913
24,80,1.0,0.13341891765594482,0.12977099418640137,2.152167320251465,0.01731390558748558
59,124,1.0,0.11935800313949585,-0.1450381726026535,-1.26882803440094,0.017311466660854258
66,124,1.0,0.11934646964073181,-0.1450381726026535,-2.0507657527923584,0.017309793863269807
33,47,1.0,0.119313545525074,0.1450381726026535,1.706559181213379,0.01730501860970024
58,92,1.0,0.15106917917728424,-0.11450381577014923,-2.569979190826416,0.01729799746106342
5,37,1.0,0.1192430704832077,0.1450381726026535,1.0198974609375,0.017294797038413856
12,14,1.0,0.15081487596035004,-0.11450381577014923,-2.765169620513916,0.01726887877236183
1,86,1.0,0.2055751383304596,0.08396946638822556,0.26232486963272095,0.017262034668294346
29,45,1.0,0.09823410212993622,-0.17557251453399658,-1.6295727491378784,0.01724720832394233
22,95,1.0,0.13284693658351898,-0.12977099418640137,-2.5003883838653564,0.017239679035061073
53,114,1.0,0.11882231384515762,0.1450381726026535,0.8682714104652405,0.017233771264520636
21,115,1.0,0.13278314471244812,-0.12977099418640137,-0.681765615940094,0.017231400700531196
9,124,1.0,0.13273105025291443,-0.12977099418640137,-1.2551040649414062,0.017224640350725906
48,53,1.0,0.13262976706027985,0.12977099418640137,2.4417786598205566,0.017211496730123343
53,115,1.0,0.11855774372816086,0.1450381726026535,1.1705371141433716,0.017195398498226155
83,117,1.0,0.09789658337831497,-0.17557251453399658,-1.4115582704544067,0.017187949308017814
86,102,1.0,0.1323082596063614,-0.12977099418640137,-1.281110167503357,0.017169774388190007
67,88,1.0,0.14987166225910187,0.11450381577014923,1.7540353536605835,0.017160877204482228
79,95,1.0,0.11827316880226135,0.1450381726026535,2.2735207080841064,0.017154124271005156
53,123,1.0,0.14977531135082245,-0.11450381577014923,-2.651270627975464,0.017149844657831315
23,108,1.0,0.11816426366567612,0.1450381726026535,1.379274845123291,0.01713832886900779
52,126,1.0,0.10682874917984009,0.16030533611774445,1.9809783697128296,0.01712521854431248
8,83,1.0,0.09751754999160767,0.17557251453399658,1.5201441049575806,0.017121401463221275
73,82,1.0,0.10663145035505295,-0.16030533611774445,-2.2876057624816895,0.017093590489889343
49,68,1.0,0.14928045868873596,-0.11450381577014923,-2.3357608318328857,0.017093182139778396
11,88,1.0,0.11778543144464493,0.1450381726026535,0.6593261361122131,0.017083383735946422
40,61,1.0,0.1177559643983841,0.1450381726026535,0.7044287919998169,0.017079109889404753
91,96,1.0,0.13155460357666016,-0.12977099418640137,-0.8314252495765686,0.0170719716959411
78,86,1.0,0.14899703860282898,-0.11450381577014923,-2.4444100856781006,0.017060729458476143
2,46,1.0,0.11750707775354385,-0.1450381726026535,-2.1749560832977295,0.01704301182525192
23,33,1.0,0.1312677413225174,-0.12977099418640137,-1.3195264339447021,0.017034745296026443
6,110,1.0,0.10611363500356674,0.16030533611774445,0.6202394962310791,0.01701058192592242
99,105,1.0,0.1713295429944992,0.09923664480447769,0.42044854164123535,0.017002169002658607
14,110,1.0,0.0968269482254982,-0.17557251453399658,-1.398369550704956,0.017000150774603817
14,121,1.0,0.1308521032333374,0.12977099418640137,0.8428604602813721,0.01698080752797182
9,87,1.0,0.14826694130897522,-0.11450381577014923,-0.7100743651390076,0.016977130532446427
14,45,1.0,0.10587307810783386,0.16030533611774445,2.8545494079589844,0.01697201937189652
67,110,1.0,0.0889277383685112,0.19083969295024872,1.938856601715088,0.01697094228500673
78,101,1.0,0.17075717449188232,0.09923664480447769,2.4841079711914062,0.016945369072867145
33,66,1.0,0.11669028550386429,-0.1450381726026535,-1.3671555519104004,0.016924545769962385
30,46,1.0,0.1704985350370407,0.09923664480447769,0.6251782178878784,0.016919702561154604
50,102,1.0,0.17045658826828003,-0.09923664480447769,-0.46344345808029175,0.016915539904562404
109,117,1.0,0.14766643941402435,0.11450381577014923,0.9609864354133606,0.016908370774097348
55,98,1.0,0.0885976105928421,0.19083969295024872,1.5887616872787476,0.01690794080166369
78,89,1.0,0.10539250075817108,-0.16030533611774445,-2.1651806831359863,0.01689498025832825
62,108,1.0,0.11646511405706406,0.1450381726026535,1.0776009559631348,0.016891887314796183
22,69,1.0,0.11622010171413422,-0.1450381726026535,-2.1230478286743164,0.016856351172312545
97,113,1.0,0.11621136218309402,-0.1450381726026535,-1.4417665004730225,0.01685508360670107
94,107,1.0,0.1051347479224205,0.16030533611774445,1.1983587741851807,0.016853661103357953
26,63,1.0,0.12973147630691528,-0.12977099418640137,-0.23672187328338623,0.01683538265761797
71,75,1.0,0.1694653332233429,0.09923664480447769,0.2987852692604065,0.01681717107975733
17,58,1.0,0.10480073094367981,0.16030533611774445,1.4971301555633545,0.016800116399311893
72,95,1.0,0.10477172583341599,-0.16030533611774445,-1.5279220342636108,0.01679546672536192
87,100,1.0,0.1293356716632843,-0.12977099418640137,-1.7957149744033813,0.016784018695510383
31,56,1.0,0.12925009429454803,-0.12977099418640137,-0.7517868876457214,0.01677291323528962
28,124,1.0,0.10460026562213898,-0.16030533611774445,-1.5348851680755615,0.016767980738562338
73,79,1.0,0.12911058962345123,-0.12977099418640137,-0.6228932738304138,0.016754809575427743
21,124,1.0,0.14631381630897522,0.11450381577014923,2.383725881576538,0.016753490267270355
57,106,1.0,0.10446144640445709,-0.16030533611774445,-2.2942917346954346,0.01674572727721224
29,42,1.0,0.11544716358184814,-0.1450381726026535,-0.735228955745697,0.016744245638070865
48,93,1.0,0.1461215317249298,0.11450381577014923,0.9423301815986633,0.01673147294868338
47,56,1.0,0.11525778472423553,-0.1450381726026535,-1.2200487852096558,0.016716778474633154
47,91,1.0,0.12879811227321625,-0.12977099418640137,-0.6801710724830627,0.016714259079027016
16,31,1.0,0.10425115376710892,-0.16030533611774445,-1.1722180843353271,0.016712016245299055
8,82,1.0,0.10421374440193176,-0.16030533611774445,-1.356334924697876,0.01670601932444038
110,125,1.0,0.145859494805336,-0.11450381577014923,-2.404982566833496,0.016701468721517232
30,97,1.0,0.10413774847984314,0.16030533611774445,1.3628580570220947,0.016693836772606385
51,74,1.0,0.1457899808883667,0.11450381577014923,2.407733917236328,0.016693509112775118
75,103,1.0,0.10413199663162231,0.16030533611774445,2.0457727909088135,0.016692914720644048
49,80,1.0,0.11507154256105423,0.1450381726026535,1.6021625995635986,0.016689766251623772
87,112,1.0,0.11505255103111267,-0.1450381726026535,-1.4566822052001953,0.01668701175482612
85,100,1.0,0.11489932984113693,0.1450381726026535,1.7888031005859375,0.016664788833428035
55,109,1.0,0.14540442824363708,0.11450381577014923,0.9373552203178406,0.016649361863773304
68,108,1.0,0.11477652192115784,-0.1450381726026535,-1.5054186582565308,0.016646976997133134
91,126,1.0,0.10381736606359482,-0.16030533611774445,-1.6693310737609863,0.016642477761683483
40,108,1.0,0.1675635725259781,0.09923664480447769,0.7157197594642639,0.016628446728929824
33,109,1.0,0.16739188134670258,0.09923664480447769,0.6138772964477539,0.016611408672356
80,82,1.0,0.12800511717796326,-0.12977099418640137,-1.60885488986969,0.016611351317131096
87,99,1.0,0.19774030148983002,-0.08396946638822556,-0.1589238941669464,0.01660414759954787
7,24,1.0,0.1278795301914215,-0.12977099418640137,-1.7076088190078735,0.0165950537690307
15,24,1.0,0.09450624138116837,0.17557251453399658,2.39906907081604,0.016592698438448572
72,113,1.0,0.14477188885211945,-0.11450381577014923,-2.0157995223999023,0.016576933689819606
11,52,1.0,0.1276988536119461,-0.12977099418640137,-1.1893212795257568,0.016571607189685977
85,122,1.0,0.11424469947814941,-0.1450381726026535,-1.1160056591033936,0.016569842441850113
22,33,1.0,0.11415506154298782,0.1450381726026535,0.9642582535743713,0.0165568415195384
33,102,1.0,0.11412544548511505,-0.1450381726026535,-2.0898985862731934,0.01655254606062484
56,57,1.0,0.1443764865398407,-0.11450381577014923,-0.1766686886548996,0.01653165861629935
46,92,1.0,0.12726609408855438,0.12977099418640137,1.0733612775802612,0.0165154475560918
26,31,1.0,0.16622024774551392,-0.09923664480447769,-0.46136680245399475,0.01649513968483385
45,99,1.0,0.1136588379740715,0.1450381726026535,1.6351810693740845,0.01648487015990041
31,38,1.0,0.14379629492759705,-0.11450381577014923,-2.356826066970825,0.016465224462819616
23,78,1.0,0.16587482392787933,0.09923664480447769,0.46824488043785095,0.01646086098413624
97,126,1.0,0.1133805438876152,0.1450381726026535,2.042677879333496,0.016444506894154665
74,92,1.0,0.09361771494150162,0.17557251453399658,1.6119359731674194,0.01643669761720634
51,56,1.0,0.12656432390213013,0.12977099418640137,0.5780671238899231,0.01642437814130915
34,104,1.0,0.1434289515018463,0.11450381577014923,0.327796995639801,0.01642316223887308
48,103,1.0,0.10241373628377914,-0.16030533611774445,-1.4865614175796509,0.016417468418045256
39,80,1.0,0.10239772498607635,-0.16030533611774445,-1.3551740646362305,0.01641490172158533
79,91,1.0,0.11311707645654678,-0.1450381726026535,-1.2012637853622437,0.016406294059412185
68,95,1.0,0.0933777317404747,-0.17557251453399658,-1.4366751909255981,0.01639456316315613
75,84,1.0,0.11298883706331253,-0.1450381726026535,-2.047919511795044,0.016387694452161816
30,121,1.0,0.1430869698524475,-0.11450381577014923,-1.3624389171600342,0.016384004035093547
68,106,1.0,0.12612147629261017,0.12977099418640137,0.8025885820388794,0.016366909366748672
19,30,1.0,0.16464926302433014,0.09923664480447769,0.5955966114997864,0.016339240432064472
44,52,1.0,0.16461537778377533,-0.09923664480447769,-0.5636207461357117,0.01633587777448342
8,60,1.0,0.11262844502925873,0.1450381726026535,1.2564034461975098,0.0163354238501221
9,86,1.0,0.11255577951669693,-0.1450381726026535,-1.2158946990966797,0.0163248845769689
86,118,1.0,0.16449303925037384,0.09923664480447769,0.28163963556289673,0.016323737308898356
59,66,1.0,0.14254361391067505,0.11450381577014923,2.4205121994018555,0.016321787706439217
22,90,1.0,0.12573982775211334,0.12977099418640137,1.9727857112884521,0.01631738245621861
25,104,1.0,0.11243750154972076,-0.1450381726026535,-1.512905240058899,0.01630772975677952
14,90,1.0,0.16430090367794037,0.09923664480447769,2.835200309753418,0.01630467041934247
113,126,1.0,0.12562324106693268,0.12977099418640137,1.5688085556030273,0.016302252886173818
4,75,1.0,0.11239302903413773,0.1450381726026535,1.869641900062561,0.016301279544388314
28,43,1.0,0.16424614191055298,0.09923664480447769,0.4720229506492615,0.016299236045283383
21,50,1.0,0.14223968982696533,-0.11450381577014923,-1.4830598831176758,0.016286987239150008
111,115,1.0,0.11226888746023178,-0.1450381726026535,-2.0623719692230225,0.01628327427736498
13,56,1.0,0.11214859783649445,0.1450381726026535,1.653682827949524,0.016265827690155055
6,46,1.0,0.14195339381694794,-0.11450381577014923,-0.4314591586589813,0.016254205253563248
12,96,1.0,0.11205621808767319,-0.1450381726026535,-0.9267410039901733,0.016252429100200527
11,116,1.0,0.14191173017024994,0.11450381577014923,0.5705300569534302,0.016249434607037427
85,117,1.0,0.14187711477279663,-0.11450381577014923,-2.606674909591675,0.016245471011944623
11,75,1.0,0.1118490993976593,0.1450381726026535,1.866111397743225,0.016222388983889058
35,75,1.0,0.10105440020561218,-0.16030533611774445,-1.6967761516571045,0.016199559591137724
31,46,1.0,0.1413077414035797,0.11450381577014923,0.4512275457382202,0.01618027558857138
56,114,1.0,0.11154630035161972,-0.1450381726026535,-2.1016814708709717,0.01617847156358565
8,21,1.0,0.14123530685901642,0.11450381577014923,2.508570909500122,0.01617198155682531
36,114,1.0,0.12455986440181732,-0.12977099418640137,-1.0496971607208252,0.01616425743914718
10,33,1.0,0.10081077367067337,0.16030533611774445,0.9840167760848999,0.016160504957567157
22,91,1.0,0.10078329592943192,-0.16030533611774445,-1.2938159704208374,0.01615610012902169
40,77,1.0,0.12447910010814667,0.12977099418640137,1.3099085092544556,0.016153776576462775
75,80,1.0,0.19234231114387512,-0.08396946638822556,-0.15894383192062378,0.016150881230629244
86,104,1.0,0.10069496929645538,0.16030533611774445,1.9904919862747192,0.016141940898434237
36,110,1.0,0.1243341937661171,-0.12977099418640137,-1.7233952283859253,0.016134971936393683
31,40,1.0,0.11123064905405045,-0.1450381726026535,-1.9091557264328003,0.016132690076206546
15,120,1.0,0.12426887452602386,0.12977099418640137,0.6028833985328674,0.016126495393667284
46,59,1.0,0.1111421063542366,-0.1450381726026535,-1.8880144357681274,0.01611984800482824
99,123,1.0,0.14073161780834198,0.11450381577014923,2.1787495613098145,0.016114307238561443
12,101,1.0,0.12391865998506546,0.12977099418640137,0.9793103933334351,0.016081047704508578
80,124,1.0,0.1002701073884964,-0.16030533611774445,-1.9452381134033203,0.016073833267475246
47,96,1.0,0.1403081864118576,-0.11450381577014923,-0.43818482756614685,0.0160658227279471
34,89,1.0,0.0914006382226944,0.17557251453399658,1.47610342502594,0.016047439882770576
59,62,1.0,0.12357847392559052,-0.12977099418640137,-0.5689276456832886,0.01603690142136216
59,81,1.0,0.09986735880374908,0.16030533611774445,1.8848068714141846,0.016009270520226382
96,122,1.0,0.11036589741706848,-0.1450381726026535,-1.1033140420913696,0.01600726807902353
99,124,1.0,0.1612035036087036,-0.09923664480447769,-0.4769098460674286,0.015997294828854258
8,85,1.0,0.12311530858278275,-0.12977099418640137,-1.417391300201416,0.01597679599435331
46,53,1.0,0.1608019322156906,0.09923664480447769,0.5505679845809937,0.015957444231162188
17,49,1.0,0.12294325977563858,-0.12977099418640137,-0.6862288117408752,0.015954469049601627
43,112,1.0,0.09080833196640015,-0.17557251453399658,-1.512304425239563,0.015943447183978776
60,120,1.0,0.10990476608276367,0.1450381726026535,1.7882030010223389,0.015940386432966136
57,92,1.0,0.12267379462718964,-0.12977099418640137,-0.7414506673812866,0.01591950028938882
85,91,1.0,0.10972002148628235,-0.1450381726026535,-1.4575470685958862,0.01591359141429427
18,19,1.0,0.1602543443441391,-0.09923664480447769,-2.5744266510009766,0.01590310344805379
57,96,1.0,0.18926681578159332,-0.08396946638822556,-2.8409759998321533,0.01589263352617898
29,53,1.0,0.16008518636226654,-0.09923664480447769,-0.18731139600276947,0.01588631677749086
50,57,1.0,0.1386824995279312,0.11450381577014923,0.4730180501937866,0.015879675376490043
97,98,1.0,0.12234354019165039,-0.12977099418640137,-1.1093578338623047,0.015876642842954425
3,102,1.0,0.10946298390626907,0.1450381726026535,0.9046776294708252,0.015876311153398937
25,62,1.0,0.13857142627239227,-0.11450381577014923,-1.155436635017395,0.015866957064900822
101,107,1.0,0.09892959147691727,-0.16030533611774445,-1.3662590980529785,0.01585894141369837
95,119,1.0,0.09885953366756439,-0.16030533611774445,-1.501909852027893,0.015847710773022383
86,120,1.0,0.09877357631921768,-0.16030533611774445,-1.8413305282592773,0.015833931351403874
78,126,1.0,0.10916055738925934,-0.1450381726026535,-1.1229133605957031,0.01583244776402526
50,99,1.0,0.10914535075426102,0.1450381726026535,1.610838532447815,0.015830242221473667
108,125,1.0,0.10905495285987854,0.1450381726026535,1.1464416980743408,0.015817131076065305
19,125,1.0,0.13804838061332703,0.11450381577014923,2.0869646072387695,0.01580706634111584
24,78,1.0,0.09001733362674713,0.17557251453399658,1.6610983610153198,0.01580456961649368
21,62,1.0,0.12174839526414871,-0.12977099418640137,-2.2909390926361084,0.01579941029402754
57,82,1.0,0.13794288039207458,-0.11450381577014923,-1.0427964925765991,0.01579498616321784
11,57,1.0,0.12154292315244675,0.12977099418640137,2.5130980014801025,0.015772745973814395
30,66,1.0,0.13770261406898499,0.11450381577014923,2.539182662963867,0.015767474752423016
66,74,1.0,0.12145993113517761,0.12977099418640137,0.8402412533760071,0.015761976017223844
12,34,1.0,0.13763493299484253,-0.11450381577014923,-0.7506968379020691,0.015759725011178283
37,59,1.0,0.12143921852111816,-0.12977099418640137,-1.928823471069336,0.01575928812070515
60,83,1.0,0.09830626845359802,-0.16030533611774445,-1.0490261316299438,0.01575901940693525
62,93,1.0,0.13762664794921875,0.11450381577014923,1.1081197261810303,0.01575877634184053
90,126,1.0,0.12140949070453644,0.12977099418640137,1.7845944166183472,0.01575543031239235
111,112,1.0,0.09822940826416016,-0.16030533611774445,-1.1696528196334839,0.015746698308433338
101,106,1.0,0.1213151142001152,-0.12977099418640137,-1.1044130325317383,0.015743182979585768
89,99,1.0,0.10851123183965683,0.1450381726026535,1.0890816450119019,0.015738270772886698
104,113,1.0,0.10849916189908981,0.1450381726026535,1.170636773109436,0.015736520170763435
20,93,1.0,0.18732726573944092,-0.08396946638822556,-0.6943073272705078,0.01572977054410618
40,104,1.0,0.1211734190583229,-0.12977099418640137,-0.7010274529457092,0.015724795060164
59,121,1.0,0.18708622455596924,-0.08396946638822556,-0.659979522228241,0.015709530444552477
44,116,1.0,0.09798802435398102,0.16030533611774445,1.8840911388397217,0.015708003179578656
29,72,1.0,0.12102193385362625,0.12977099418640137,1.7410380840301514,0.015705136674545983
51,72,1.0,0.09796507656574249,-0.16030533611774445,-1.3862627744674683,0.01570432452667192
5,53,1.0,0.15810753405094147,0.09923664480447769,2.538959503173828,0.01569006119752514
35,47,1.0,0.15794530510902405,-0.09923664480447769,-1.6073180437088013,0.015673962141639075
8,48,1.0,0.13687090575695038,0.11450381577014923,2.697725534439087,0.015672240977087304
69,117,1.0,0.12074427306652069,0.12977099418640137,1.0404924154281616,0.015669104358156716
71,78,1.0,0.12073521316051483,0.12977099418640137,2.2391903400421143,0.0156679286451471
20,100,1.0,0.12069618701934814,-0.12977099418640137,-0.33577319979667664,0.01566286418400864
28,116,1.0,0.08206069469451904,0.19083969295024872,1.8859338760375977,0.015660437778786118
61,106,1.0,0.15778930485248566,0.09923664480447769,0.5214162468910217,0.015658481199591567
71,81,1.0,0.13674989342689514,0.11450381577014923,1.1157302856445312,0.015658384603540743
71,112,1.0,0.09763942658901215,-0.16030533611774445,-1.8920708894729614,0.015652121097695426
53,105,1.0,0.13667261600494385,-0.11450381577014923,-2.5639243125915527,0.01564953604385444
90,96,1.0,0.13663674890995026,-0.11450381577014923,-0.41696786880493164,0.015645429124617083
8,11,1.0,0.09748756140470505,-0.16030533611774445,-1.7376060485839844,0.015627776298280494
37,74,1.0,0.12039506435394287,0.12977099418640137,0.9296476244926453,0.015623787196346939
43,81,1.0,0.13641758263111115,0.11450381577014923,0.8163324594497681,0.01562033374940186
15,35,1.0,0.1364157348871231,0.11450381577014923,0.77048259973526,0.015620122175664664
94,116,1.0,0.12035851180553436,0.12977099418640137,2.092531681060791,0.01561904373579992
15,40,1.0,0.10760542005300522,0.1450381726026535,1.4509130716323853,0.015606893486628803
18,122,1.0,0.08174765110015869,-0.19083969295024872,-1.9817410707473755,0.015600696635358346
50,54,1.0,0.09724871814250946,0.16030533611774445,1.2187870740890503,0.015589488448854771
36,99,1.0,0.13613209128379822,-0.11450381577014923,-0.49595966935157776,0.015587643900765169
16,124,1.0,0.09719763696193695,0.16030533611774445,1.8028602600097656,0.015581299863033804
47,58,1.0,0.09706041216850281,0.16030533611774445,0.9813305139541626,0.015559301996398656
6,48,1.0,0.15678195655345917,-0.09923664480447769,-2.5724315643310547,0.015558515334246681
16,44,1.0,0.1567777842283249,-0.09923664480447769,-2.832552909851074,0.015558101286699322
60,71,1.0,0.11979083716869354,0.12977099418640137,0.6952285170555115,0.015545376033802683
47,122,1.0,0.10710693895816803,0.1450381726026535,0.9304786324501038,0.015534594699556648
65,121,1.0,0.15651941299438477,0.09923664480447769,2.5050292015075684,0.015532461392329111
90,97,1.0,0.11962734162807465,-0.12977099418640137,-2.2939624786376953,0.015524159054951525
2,43,1.0,0.09683077782392502,-0.16030533611774445,-1.5886693000793457,0.015522490385606935
30,89,1.0,0.10702263563871384,-0.1450381726026535,-1.790812611579895,0.015522367500158674
69,87,1.0,0.1564139872789383,0.09923664480447769,2.482644557952881,0.015521999298052092
100,118,1.0,0.10699447244405746,0.1450381726026535,1.8717751502990723,0.01551828276187106
46,119,1.0,0.11950983852148056,-0.12977099418640137,-1.1932681798934937,0.01550891055998882
53,104,1.0,0.13518977165222168,-0.11450381577014923,-0.3614902198314667,0.015479744707274534
49,55,1.0,0.18434564769268036,0.08396946638822556,0.26703524589538574,0.015479405667746193
29,36,1.0,0.11923686414957047,-0.12977099418640137,-1.372244119644165,0.015473486404358638
81,103,1.0,0.18408818542957306,0.08396946638822556,3.0118255615234375,0.015457786698897968
43,51,1.0,0.18408779799938202,0.08396946638822556,2.3886165618896484,0.015457754166591564
25,92,1.0,0.09641944617033005,0.16030533611774445,1.2795559167861938,0.015456551726621526
91,109,1.0,0.09641801565885544,-0.16030533611774445,-1.219068169593811,0.015456322407998768
23,43,1.0,0.13489921391010284,0.11450381577014923,1.565187931060791,0.015446474737100369
81,124,1.0,0.10644389688968658,-0.1450381726026535,-0.8153718113899231,0.015438428289585415
106,114,1.0,0.134815514087677,-0.11450381577014923,-0.8130029439926147,0.015436890788053326
99,106,1.0,0.10642442107200623,-0.1450381726026535,-1.496671438217163,0.015435603552579114
79,92,1.0,0.10637900233268738,-0.1450381726026535,-1.3760956525802612,0.015429016101626392
51,103,1.0,0.15530052781105042,0.09923664480447769,2.406236171722412,0.01541150331633312
45,124,1.0,0.1834091693162918,0.08396946638822556,0.30883800983428955,0.015400770078196735
14,126,1.0,0.1832856833934784,0.08396946638822556,0.32917696237564087,0.015390401031151635
60,62,1.0,0.13432252407073975,-0.11450381577014923,-0.2375885248184204,0.01538044154997742
96,101,1.0,0.13413193821907043,0.11450381577014923,2.8777270317077637,0.01535861874272948
6,30,1.0,0.08043353259563446,-0.19083969295024872,-0.8446298837661743,0.015349910663454702
16,92,1.0,0.1826711893081665,0.08396946638822556,0.523730456829071,0.015338802290709275
87,115,1.0,0.09563335031270981,-0.16030533611774445,-0.7804575562477112,0.015330536365944947
56,84,1.0,0.11808978021144867,0.12977099418640137,0.41896167397499084,0.01532462818129332
113,116,1.0,0.13371913135051727,-0.11450381577014923,-1.825198769569397,0.015311350781104016
36,66,1.0,0.10544735193252563,-0.1450381726026535,-1.7072023153305054,0.015293891230082401
79,83,1.0,0.11779878288507462,-0.12977099418640137,-2.000717878341675,0.015286865168944175
28,47,1.0,0.11771560460329056,0.12977099418640137,0.7508498430252075,0.015276071040622341
72,109,1.0,0.10517533123493195,-0.1450381726026535,-1.9733216762542725,0.015254437845193314
22,65,1.0,0.08679123222827911,0.17557251453399658,0.9579963684082031,0.015238154881823007
28,106,1.0,0.11739785224199295,0.12977099418640137,2.475724935531616,0.015234836000791674
86,110,1.0,0.13299831748008728,0.11450381577014923,0.750287652015686,0.015228814842479732
45,67,1.0,0.13297535479068756,0.11450381577014923,2.1217377185821533,0.01522618552692312
16,123,1.0,0.15343157947063446,0.09923664480447769,2.5650641918182373,0.015226035153717343
49,118,1.0,0.1172807514667511,-0.12977099418640137,-0.9578111171722412,0.01521963971676854
21,92,1.0,0.13289901614189148,-0.11450381577014923,-1.5466163158416748,0.01521744446034523
54,116,1.0,0.08666510134935379,-0.17557251453399658,-1.0898805856704712,0.015216009766249705
65,122,1.0,0.0866314023733139,0.17557251453399658,1.5784283876419067,0.015210093152289161
80,105,1.0,0.1327364295721054,0.11450381577014923,0.6372506022453308,0.015198827677711746
24,102,1.0,0.11711643636226654,0.12977099418640137,2.2290353775024414,0.015198316382299737
30,68,1.0,0.1326393485069275,-0.11450381577014923,-2.2488608360290527,0.015187711525309844
19,107,1.0,0.15287041664123535,0.09923664480447769,0.8061674237251282,0.015170347237338788
60,111,1.0,0.1528622806072235,-0.09923664480447769,-0.780713677406311,0.015169539844621438
55,116,1.0,0.10452435165643692,-0.1450381726026535,-0.9194199442863464,0.01516002095672675
38,50,1.0,0.116703562438488,-0.12977099418640137,-1.7430415153503418,0.015144737322737356
58,111,1.0,0.09446491301059723,-0.16030533611774445,-1.4156075716018677,0.01514322963149728
36,120,1.0,0.11668603867292404,0.12977099418640137,0.728753387928009,0.015142463246258231
75,81,1.0,0.10440026223659515,-0.1450381726026535,-1.78537917137146,0.015142023254033576
57,76,1.0,0.11666799336671829,0.12977099418640137,0.8722464442253113,0.015140121488931513
6,88,1.0,0.10434242337942123,0.1450381726026535,1.069035291671753,0.015133634411883645
52,57,1.0,0.11651468276977539,-0.12977099418640137,-1.2220585346221924,0.015120226220346922
6,71,1.0,0.08608465641736984,-0.17557251453399658,-1.0906128883361816,0.015114099589992769
90,100,1.0,0.13189205527305603,-0.11450381577014923,-2.1983087062835693,0.015102143598532347
66,82,1.0,0.15214630961418152,-0.09923664480447769,-0.1796114295721054,0.01509848928549462
33,101,1.0,0.09399870783090591,-0.16030533611774445,-1.2515631914138794,0.01506849445346703
122,125,1.0,0.13157060742378235,-0.11450381577014923,-0.7157712578773499,0.015065336593219403
75,112,1.0,0.13156646490097046,-0.11450381577014923,-2.3246819972991943,0.015064862258550527
59,115,1.0,0.17936351895332336,0.08396946638822556,0.19816140830516815,0.015061058976024944
46,110,1.0,0.15176066756248474,0.09923664480447769,1.5912244319915771,0.015060219462188718
58,102,1.0,0.13150152564048767,-0.11450381577014923,-1.7938721179962158,0.015057426465431956
85,90,1.0,0.09388791024684906,0.16030533611774445,0.9846487641334534,0.015050733009513761
31,41,1.0,0.17879340052604675,-0.08396946638822556,-0.4261538088321686,0.015013186435908432
4,78,1.0,0.15122176706790924,0.09923664480447769,0.9084795713424683,0.015006740785223571
13,61,1.0,0.11561492085456848,0.12977099418640137,1.8331749439239502,0.01500346322207946
68,97,1.0,0.103367380797863,0.1450381726026535,2.3210716247558594,0.014992216017644666
10,70,1.0,0.11548295617103577,0.12977099418640137,2.1687631607055664,0.014986338033899926
82,112,1.0,0.15099143981933594,-0.09923664480447769,-0.5161362290382385,0.01498388388186811
30,64,1.0,0.10328922420740128,0.1450381726026535,1.6218247413635254,0.014980880328587243
46,76,1.0,0.1508626937866211,0.09923664480447769,2.9097511768341064,0.014971107557549601
44,101,1.0,0.09337837249040604,0.16030533611774445,1.9601889848709106,0.014969051388202481
7,61,1.0,0.15083710849285126,0.09923664480447769,0.6289827227592468,0.014968568558839546
24,125,1.0,0.15077118575572968,0.09923664480447769,0.720461368560791,0.014962026607591272
15,98,1.0,0.15068817138671875,-0.09923664480447769,-0.5686675906181335,0.014953788540140067
30,42,1.0,0.13045622408390045,0.11450381577014923,2.6719284057617188,0.014937735448572242
56,111,1.0,0.13037608563899994,0.11450381577014923,1.9801838397979736,0.014928559290841248
25,79,1.0,0.13028612732887268,0.11450381577014923,0.9584051370620728,0.014918258721071442
49,105,1.0,0.1027693897485733,-0.1450381726026535,-2.549626588821411,0.014905484488622944
30,118,1.0,0.1501850038766861,0.09923664480447769,1.084360122680664,0.014903855884669803
87,114,1.0,0.08488067239522934,0.17557251453399658,1.5335928201675415,0.014902713087766806
76,78,1.0,0.1300944983959198,-0.11450381577014923,-2.360506772994995,0.014896316477036375
44,70,1.0,0.13001038134098053,-0.11450381577014923,-2.619736433029175,0.014886684753274482
32,34,1.0,0.11464504897594452,-0.12977099418640137,-2.891702890396118,0.014877601984156996
58,83,1.0,0.21652239561080933,-0.06870228797197342,-2.778379440307617,0.014875583975635376
42,84,1.0,0.12989850342273712,0.11450381577014923,2.258319139480591,0.01487387430473519
50,87,1.0,0.11458263546228409,0.12977099418640137,0.2855066955089569,0.014869502520438616
27,77,1.0,0.11451806128025055,0.12977099418640137,1.1654127836227417,0.01486112266463735
16,104,1.0,0.10244455188512802,-0.1450381726026535,-2.0664236545562744,0.01485837059851669
84,94,1.0,0.12963324785232544,-0.11450381577014923,-1.757665753364563,0.014843501529768766
13,111,1.0,0.17655377089977264,0.08396946638822556,2.5757524967193604,0.014825125931282934
8,17,1.0,0.12945052981376648,-0.11450381577014923,-0.783933699131012,0.014822579617143727
42,64,1.0,0.12941418588161469,-0.11450381577014923,-1.133010745048523,0.014818418098232256
19,86,1.0,0.17643924057483673,0.08396946638822556,2.510894536972046,0.014815508881012796
25,45,1.0,0.09233690798282623,-0.16030533611774445,-1.2363895177841187,0.0148020990702602
89,92,1.0,0.10203998535871506,0.1450381726026535,1.8762613534927368,0.01479969300882955
51,116,1.0,0.11401814967393875,-0.12977099418640137,-1.754103183746338,0.014796248638480947
112,124,1.0,0.11391820758581161,0.12977099418640137,1.2372068166732788,0.014783279054343623
63,99,1.0,0.11387623101472855,0.12977099418640137,2.1067869663238525,0.014777831712981637
24,33,1.0,0.11386428773403168,-0.12977099418640137,-2.477262020111084,0.014776281821571757
26,116,1.0,0.17595544457435608,0.08396946638822556,0.23846757411956787,0.014774884789011677
2,87,1.0,0.1138211190700531,0.12977099418640137,1.6060452461242676,0.014770679781129559
41,45,1.0,0.10176292061805725,0.1450381726026535,1.3143121004104614,0.014759508045151915
63,70,1.0,0.14867131412029266,0.09923664480447769,1.1909723281860352,0.014753642391970412
27,66,1.0,0.1136467456817627,-0.12977099418640137,-1.9251203536987305,0.014748051173171461
4,20,1.0,0.10153461992740631,-0.1450381726026535,-1.2361828088760376,0.014726395730175978
76,117,1.0,0.14828428626060486,0.09923664480447769,0.41188469529151917,0.014715235045729136
54,114,1.0,0.12848417460918427,-0.11450381577014923,-1.6937172412872314,0.01471192825882972
25,58,1.0,0.14823344349861145,0.09923664480447769,2.1792514324188232,0.014710189580616317
57,122,1.0,0.11324864625930786,-0.12977099418640137,-2.2005980014801025,0.014696389415334465
39,45,1.0,0.12828177213668823,0.11450381577014923,2.7464029788970947,0.014688752403407612
50,55,1.0,0.12815026938915253,-0.11450381577014923,-2.5787854194641113,0.014673694837030515
23,71,1.0,0.10114116966724396,-0.1450381726026535,-1.4740452766418457,0.014669330423431992
77,91,1.0,0.17463423311710358,-0.08396946638822556,-0.5510842800140381,0.014663943367960175
79,105,1.0,0.11298464983701706,-0.12977099418640137,-1.7600433826446533,0.014662130337152135
14,123,1.0,0.1279783546924591,0.11450381577014923,0.5670966506004333,0.01465400994827215
22,75,1.0,0.10098372399806976,0.1450381726026535,1.1401184797286987,0.014646494791290765
65,98,1.0,0.11279190331697464,0.12977099418640137,1.1638635396957397,0.014637117429620261
42,51,1.0,0.12781549990177155,0.11450381577014923,2.5235345363616943,0.014635362453321976
68,107,1.0,0.10088098794221878,0.1450381726026535,1.2031699419021606,0.014631594141489734
33,55,1.0,0.14736783504486084,-0.09923664480447769,-0.21857033669948578,0.014624289501951715
50,71,1.0,0.12767855823040009,-0.11450381577014923,-0.6973016858100891,0.014619682109412002
8,27,1.0,0.11259321123361588,0.12977099418640137,0.9445273876190186,0.014611332960425827
100,122,1.0,0.12736180424690247,0.11450381577014923,0.6087353825569153,0.01458341256964113
23,59,1.0,0.10053733736276627,-0.1450381726026535,-0.71534264087677,0.014581751689432099
23,125,1.0,0.1123562604188919,-0.12977099418640137,-0.9135382771492004,0.01458058361762582
50,85,1.0,0.10040200501680374,0.1450381726026535,0.48923754692077637,0.014562123333279664
78,122,1.0,0.12707602977752686,0.11450381577014923,2.639832019805908,0.014550690302447933
44,89,1.0,0.1270638257265091,-0.11450381577014923,-1.1620240211486816,0.014549292892038546
55,119,1.0,0.112107053399086,0.12977099418640137,1.2583165168762207,0.014548243774907377
16,54,1.0,0.17324815690517426,0.08396946638822556,-3.136920928955078,0.014547555288071057
42,98,1.0,0.12703023850917816,-0.11450381577014923,-1.867440104484558,0.014545447027493053
43,88,1.0,0.11202160269021988,-0.12977099418640137,-0.8174294233322144,0.014537154751463888
1,102,1.0,0.1120198518037796,-0.12977099418640137,-2.18874192237854,0.014536927537189825
60,86,1.0,0.12692975997924805,-0.11450381577014923,-1.2595651149749756,0.01453394185241308
92,103,1.0,0.17297567427158356,0.08396946638822556,0.4100469946861267,0.014524675066728387
62,74,1.0,0.07608361542224884,0.19083969295024872,1.5109174251556396,0.014519773805726777
82,97,1.0,0.10010982304811478,0.1450381726026535,1.1317905187606812,0.01451974579447357
17,31,1.0,0.09047218412160873,-0.16030533611774445,-1.6338859796524048,0.01450317388492095
67,87,1.0,0.12664072215557098,-0.11450381577014923,-0.650964081287384,0.014500845918700156
47,87,1.0,0.1461057811975479,0.09923664480447769,0.6385447382926941,0.014499047512581797
45,84,1.0,0.11167863756418228,-0.12977099418640137,-1.0337870121002197,0.014492647826086724
74,118,1.0,0.17253151535987854,-0.08396946638822556,-0.22261178493499756,0.014487379279920942
20,71,1.0,0.12650881707668304,0.11450381577014923,0.4903090000152588,0.014485742283848024
8,103,1.0,0.11161569505929947,0.12977099418640137,1.3537315130233765,0.0144844797146515
21,106,1.0,0.1264442503452301,0.11450381577014923,0.6437252759933472,0.014478349146724856
61,94,1.0,0.09969919174909592,-0.1450381726026535,-0.6558285355567932,0.014460188581250422
21,88,1.0,0.11134044826030731,0.12977099418640137,2.1081957817077637,0.014448760663899662
33,45,1.0,0.09958000481128693,-0.1450381726026535,-1.0003153085708618,0.0144429019255925
51,104,1.0,0.145538330078125,0.09923664480447769,2.5412638187408447,0.014442735567399723
42,103,1.0,0.1260790079832077,0.11450381577014923,0.8305115699768066,0.014436527502592389
58,75,1.0,0.1719079464673996,-0.08396946638822556,-2.7277050018310547,0.014435018532763189
4,121,1.0,0.14542755484580994,-0.09923664480447769,-2.523214817047119,0.01443174260501734
78,104,1.0,0.1111992672085762,-0.12977099418640137,-1.8179057836532593,0.014430439458456235
4,22,1.0,0.17180386185646057,-0.08396946638822556,-2.5881187915802,0.014426278603523413
84,99,1.0,0.08216426521539688,0.17557251453399658,0.7173977494239807,0.014425786648705419
54,82,1.0,0.1453159749507904,-0.09923664480447769,-2.00191593170166,0.014420669790607965
80,84,1.0,0.12592719495296478,0.11450381577014923,2.395423650741577,0.014419144331345946
35,126,1.0,0.0899389460682869,0.16030533611774445,1.534347414970398,0.014417692979552421
3,37,1.0,0.11100675910711288,0.12977099418640137,2.0331692695617676,0.014405457490740403
39,120,1.0,0.1256732940673828,0.11450381577014923,1.1209927797317505,0.01439007171111939
64,82,1.0,0.1449567675590515,0.09923664480447769,2.007136344909668,0.01438502325426283
89,124,1.0,0.11074607074260712,0.12977099418640137,2.12113356590271,0.014371627702505663
39,41,1.0,0.1253688931465149,0.11450381577014923,1.8256498575210571,0.014355216644156066
15,59,1.0,0.11053445190191269,0.12977099418640137,1.120789885520935,0.014344165715160173
46,122,1.0,0.12520791590213776,-0.11450381577014923,-2.163684606552124,0.01433678413542272
56,85,0.9999999403953552,0.0894288420677185,-0.16030533611774445,-1.3736555576324463,0.014335919731798845
31,77,1.0,0.09880027174949646,0.1450381726026535,1.254150629043579,0.014329810867192538
16,85,1.0,0.14439179003238678,-0.09923664480447769,-0.5597598552703857,0.01432895678012669
96,110,1.0,0.11038272082805634,-0.12977099418640137,-2.1222596168518066,0.014324475422856864
43,82,1.0,0.09870021045207977,0.1450381726026535,1.6598591804504395,0.014315298159466971
57,67,1.0,0.08929213136434555,-0.16030533611774445,-0.8580426573753357,0.014314005131031204
17,121,1.0,0.12498219311237335,0.11450381577014923,0.48739466071128845,0.014310938014688412
16,88,1.0,0.14417016506195068,0.09923664480447769,2.758507013320923,0.01430696346165572
23,79,1.0,0.14416319131851196,-0.09923664480447769,-0.49829599261283875,0.014306271410755134
40,71,1.0,0.14415687322616577,0.09923664480447769,0.3660036623477936,0.014305644424469133
79,126,1.0,0.1101328656077385,-0.12977099418640137,-1.4255928993225098,0.014292051462513555
34,65,1.0,0.12474892288446426,-0.11450381577014923,-2.6279990673065186,0.01428422768348725
85,120,1.0,0.11002298444509506,-0.12977099418640137,-1.448874831199646,0.01427779207479496
39,50,0.9999999403953552,0.12466508895158768,-0.11450381577014923,-0.762742817401886,0.014274627527447709
8,96,1.0,0.10996782779693604,-0.12977099418640137,-2.1600992679595947,0.014270634341727373
55,93,1.0,0.14375880360603333,0.09923664480447769,0.28307971358299255,0.014266141330968596
20,37,1.0,0.12438944727182388,0.11450381577014923,1.14410400390625,0.014243066354163614
67,101,1.0,0.10971958935260773,-0.12977099418640137,-1.246574878692627,0.014238420192011603
61,71,1.0,0.16945146024227142,0.08396946638822556,0.5190525054931641,0.01422874869524915
27,103,1.0,0.09808683395385742,0.1450381726026535,1.079228162765503,0.014226335153047387
44,71,1.0,0.10947547852993011,-0.12977099418640137,-0.8944689035415649,0.014206741687861069
4,84,1.0,0.09789171814918518,0.1450381726026535,1.57639741897583,0.014198035913291829
18,59,1.0,0.09788436442613602,0.1450381726026535,0.6639431715011597,0.014196969342738952
6,33,1.0,0.1238505020737648,-0.11450381577014923,-0.8265147805213928,0.01418135507249485
23,94,1.0,0.14287211000919342,0.09923664480447769,0.6775747537612915,0.01417814883344859
9,88,1.0,0.14276821911334991,0.09923664480447769,0.6547569036483765,0.014167839049519348
43,107,1.0,0.09766105562448502,-0.1450381726026535,-1.4555065631866455,0.014164581042221402
9,90,1.0,0.07420393079519272,-0.19083969295024872,-1.8894567489624023,0.014161055368656084
23,56,1.0,0.14267867803573608,-0.09923664480447769,-2.2817304134368896,0.014158953293404775
54,73,1.0,0.16859619319438934,-0.08396946638822556,-2.4857077598571777,0.014156932377619058
38,84,1.0,0.09749987721443176,-0.1450381726026535,-2.0548481941223145,0.014141204020164277
26,47,1.0,0.1234946921467781,-0.11450381577014923,-0.8021283149719238,0.014140613478165975
27,72,1.0,0.10887408256530762,0.12977099418640137,1.3133269548416138,0.014128697935632317
83,96,1.0,0.168229341506958,0.08396946638822556,0.5062341690063477,0.014126128037181829
106,125,1.0,0.08811450749635696,0.16030533611774445,0.4687653183937073,0.014125225741053016
80,92,1.0,0.09738576412200928,0.1450381726026535,1.7559740543365479,0.014124653265769282
95,116,1.0,0.09735485166311264,-0.1450381726026535,-0.646395206451416,0.01412016977922026
51,78,1.0,0.12326459586620331,0.11450381577014923,0.6562895774841309,0.014114266576045642
14,36,1.0,0.12309437245130539,-0.11450381577014923,-0.8838821649551392,0.014094775345506405
60,66,1.0,0.12299808114767075,-0.11450381577014923,-2.2703492641448975,0.014083749623814756
20,61,1.0,0.2634490430355072,-0.05343511328101158,0.04068458080291748,0.014077429458376423
83,113,1.0,0.14150914549827576,-0.09923664480447769,-2.425067901611328,0.014042892808397545
18,87,1.0,0.12262728810310364,0.11450381577014923,1.405971646308899,0.014041292405350791
79,113,1.0,0.10810093581676483,0.12977099418640137,1.7424943447113037,0.014028365913421936
76,93,1.0,0.14131398499011993,-0.09923664480447769,-1.0286775827407837,0.014023525734369824
1,70,1.0,0.14108070731163025,0.09923664480447769,0.35393425822257996,0.01400037604024873
12,38,1.0,0.1221802830696106,-0.11450381577014923,-0.855958104133606,0.013990108623347375
2,114,1.0,0.12214676290750504,0.11450381577014923,1.809159278869629,0.013986270436881054
9,20,1.0,0.10775824636220932,0.12977099418640137,2.091879367828369,0.013983894762207072
22,96,1.0,0.1220548152923584,0.11450381577014923,0.3862111568450928,0.013975742084095799
98,115,1.0,0.12204644829034805,-0.11450381577014923,-0.8649682402610779,0.013974784030439058
4,90,1.0,0.12201663851737976,0.11450381577014923,1.7282382249832153,0.013971370697686947
68,112,1.0,0.12189015001058578,-0.11450381577014923,-1.561768651008606,0.013956887281007968
7,93,1.0,0.121881864964962,0.11450381577014923,2.4738497734069824,0.013955938611670216
21,101,1.0,0.12185804545879364,-0.11450381577014923,-0.3816131353378296,0.013953211187324177
45,93,1.0,0.09604769945144653,-0.1450381726026535,-1.2366982698440552,0.01393058281112669
52,94,1.0,0.10734245926141739,-0.12977099418640137,-1.6803017854690552,0.013929937656767422
45,115,1.0,0.14027829468250275,0.09923664480447769,0.48325487971305847,0.013920747303185377
61,118,1.0,0.16553480923175812,-0.08396946638822556,-0.6970066428184509,0.013899869599867443
41,110,1.0,0.1070537269115448,0.12977099418640137,1.7107690572738647,0.01389246857267068
11,34,1.0,0.1393897533416748,0.09923664480447769,0.4451846182346344,0.01383257144175154
15,17,1.0,0.13928662240505219,-0.09923664480447769,-2.183934450149536,0.013822337073625568
29,41,1.0,0.12068424373865128,-0.11450381577014923,-2.9926540851593018,0.013818806411410312
55,95,1.0,0.12043017148971558,0.11450381577014923,1.452110767364502,0.01378971416942587
52,95,1.0,0.12039919197559357,-0.11450381577014923,-1.7823072671890259,0.013786166896848195
4,50,1.0,0.1061612144112587,0.12977099418640137,1.9845294952392578,0.013776646338184761
67,121,1.0,0.08592574298381805,-0.16030533611774445,-1.7680052518844604,0.013774355110187875
1,121,1.0,0.2003864049911499,0.06870228797197342,0.1452314704656601,0.013767004501370472
38,111,1.0,0.12022183835506439,-0.11450381577014923,-0.5647341012954712,0.013765859230556954
31,47,1.0,0.13870272040367126,0.09923664480447769,0.15286888182163239,0.013764392598113906
73,78,1.0,0.09489832073450089,0.1450381726026535,2.2150368690490723,0.013763879022392511
54,122,1.0,0.13868223130702972,0.09923664480447769,2.8021657466888428,0.013762359328908125
20,117,1.0,0.10596653074026108,0.12977099418640137,2.3246376514434814,0.013751382044647542
21,78,1.0,0.1383555829524994,-0.09923664480447769,-0.6627325415611267,0.01372994384217363
32,44,1.0,0.10562945902347565,0.12977099418640137,0.6293070912361145,0.01370763991284818
25,60,1.0,0.1056290790438652,0.12977099418640137,2.311464309692383,0.013707590602516362
65,106,1.0,0.119394451379776,-0.11450381577014923,-0.6164990663528442,0.013671120264767911
48,57,1.0,0.10530737787485123,-0.12977099418640137,-1.5165860652923584,0.01366584312198249
52,97,1.0,0.11926025152206421,-0.11450381577014923,-1.7275514602661133,0.0136557538689841
65,120,1.0,0.11925360560417175,-0.11450381577014923,-1.7875077724456787,0.013654992886026118
100,121,1.0,0.11916739493608475,-0.11450381577014923,-0.6279506683349609,0.013645121435570062
87,125,1.0,0.1050775945186615,-0.12977099418640137,-1.0995863676071167,0.013636023907402262
85,92,1.0,0.19847066700458527,0.06870228797197342,0.1858135610818863,0.01363538891853866
42,117,1.0,0.1050603836774826,0.12977099418640137,0.5191487073898315,0.013633790439431692
49,52,1.0,0.10499884933233261,-0.12977099418640137,-2.6266520023345947,0.013625805066284968
75,82,1.0,0.07749782502651215,-0.17557251453399658,-2.188103199005127,0.013606488010820428
12,23,1.0,0.11882400512695312,-0.11450381577014923,-2.9894838333129883,0.013605801992127908
9,40,1.0,0.1979900598526001,-0.06870228797197342,-2.5759098529815674,0.013602370107581585
46,93,1.0,0.10464902222156525,0.12977099418640137,0.6375884413719177,0.013580407654327331
32,43,1.0,0.10454410314559937,0.12977099418640137,1.0904698371887207,0.01356679220153012
13,126,1.0,0.10453905910253525,-0.12977099418640137,-1.9470607042312622,0.01356613763104697
46,103,1.0,0.09352996945381165,0.1450381726026535,1.0216782093048096,0.013565415853162843
1,90,1.0,0.0935158059000969,0.1450381726026535,1.2034647464752197,0.013563361597214496
7,103,1.0,0.10443966090679169,-0.12977099418640137,-1.5373470783233643,0.013553238628364994
7,68,1.0,0.16139788925647736,0.08396946638822556,0.4786319136619568,0.013552494637052326
10,34,1.0,0.11832552403211594,-0.11450381577014923,-0.6381691098213196,0.013548724004679769
86,87,1.0,0.09337353706359863,0.1450381726026535,1.2713510990142822,0.013542727185150483
25,59,1.0,0.11815900355577469,0.11450381577014923,1.0797368288040161,0.013529656774734833
35,91,1.0,0.08435481041669846,-0.16030533611774445,-1.8682738542556763,0.013522526236997456
6,54,1.0,0.11802136152982712,0.11450381577014923,2.3586483001708984,0.013513896237553502
84,88,1.0,0.16087228059768677,0.08396946638822556,0.49896642565727234,0.01350835955844465
6,28,1.0,0.10409324616193771,0.12977099418640137,1.815039873123169,0.013508284042524465
54,118,1.0,0.13608498871326447,0.09923664480447769,2.216794729232788,0.013504617688159581
5,82,1.0,0.13599638640880585,0.09923664480447769,1.3088042736053467,0.013495825092743163
1,11,1.0,0.19633907079696655,-0.06870228797197342,-0.4025857746601105,0.013488943382042873
106,123,1.0,0.10387467592954636,-0.12977099418640137,-2.3797645568847656,0.013479919966167486
43,106,1.0,0.09292098134756088,-0.1450381726026535,-1.8289361000061035,0.013477089331095482
77,92,1.0,0.2520787715911865,0.05343511328101158,0.19895640015602112,0.013469857715713296
41,46,1.0,0.11760382354259491,0.11450381577014923,0.811342716217041,0.013466086544786426
8,81,1.0,0.11759208142757416,-0.11450381577014923,-1.1751978397369385,0.013464742027811338
47,63,1.0,0.19594085216522217,0.06870228797197342,0.33613255620002747,0.013461584850928965
74,107,1.0,0.1600579470396042,0.08396946638822556,0.5462334752082825,0.01343998040411043
8,39,1.0,0.15986105799674988,0.08396946638822556,2.3681609630584717,0.013423447736244265
84,108,1.0,0.11719712615013123,0.11450381577014923,0.949019193649292,0.013419518141485565
63,116,1.0,0.10340070724487305,0.12977099418640137,2.2457308769226074,0.01341841257874421
82,100,1.0,0.13518564403057098,0.09923664480447769,0.6859179139137268,0.013415369739326333
25,76,1.0,0.13517525792121887,0.09923664480447769,0.8657405376434326,0.013414339056681657
23,44,1.0,0.13514095544815063,0.09923664480447769,1.2262073755264282,0.013410934994345869
5,45,1.0,0.11704884469509125,0.11450381577014923,1.9780936241149902,0.013402539349075537
21,35,1.0,0.11702524870634079,-0.11450381577014923,-2.235158681869507,0.01339983751832674
42,69,1.0,0.10325250774621964,-0.12977099418640137,-1.140184760093689,0.01339918058246603
34,81,1.0,0.15956325829029083,0.08396946638822556,0.6767677664756775,0.013398441653802329
46,104,1.0,0.09227681905031204,-0.1450381726026535,-1.301465392112732,0.013383661208642983
62,119,0.9999999403953552,0.13481435179710388,-0.09923664480447769,-0.12145714461803436,0.01337852314641293
101,105,1.0,0.13472899794578552,0.09923664480447769,0.3650217056274414,0.013370053714009122
57,59,1.0,0.10302545875310898,-0.12977099418640137,-0.9660317301750183,0.013369716208901039
110,123,1.0,0.10300908237695694,-0.12977099418640137,-1.7262929677963257,0.013367591030286619
75,105,1.0,0.13467971980571747,0.09923664480447769,0.49698376655578613,0.013365163516726564
20,23,1.0,0.19441764056682587,0.06870228797197342,2.4138636589050293,0.013356936729053692
10,123,1.0,0.13456682860851288,0.09923664480447769,0.25759443640708923,0.01335396057308802
1,21,1.0,0.09205515682697296,-0.1450381726026535,-1.9977550506591797,0.013351511724834841
33,123,1.0,0.19432710111141205,0.06870228797197342,0.607744038105011,0.013350716461315026
46,102,1.0,0.13436730206012726,-0.09923664480447769,-2.6701016426086426,0.013334160227876812
22,30,1.0,0.13433457911014557,0.09923664480447769,0.4338265359401703,0.013330912912112525
58,69,1.0,0.10270226746797562,0.12977099418640137,1.9905222654342651,0.013327775354516902
23,53,1.0,0.11606480181217194,0.11450381577014923,1.3862758874893188,0.013289862684099818
18,61,1.0,0.1022358238697052,0.12977099418640137,1.497655987739563,0.013267244505037468
66,78,1.0,0.10207091271877289,-0.12977099418640137,-1.9388201236724854,0.013245843821028558
37,104,1.0,0.15773259103298187,0.08396946638822556,2.7510275840759277,0.013244721501071699
22,104,1.0,0.10201676934957504,0.12977099418640137,1.101081132888794,0.013238817582179152
64,88,1.0,0.10201064497232437,0.12977099418640137,1.4972361326217651,0.01323802281565456
51,126,1.0,0.10196652263402939,-0.12977099418640137,-0.9380722641944885,0.013232297015948191
36,87,1.0,0.11553944647312164,-0.11450381577014923,-0.7405155897140503,0.013229707493143339
86,88,1.0,0.19255641102790833,0.06870228797197342,0.46791455149650574,0.013229066001289036
14,53,1.0,0.10193207114934921,-0.12977099418640137,-1.7257095575332642,0.013227826212530047
2,9,1.0,0.1330336630344391,-0.09923664480447769,-2.593224287033081,0.013201814365587206
32,41,1.0,0.11520828306674957,0.11450381577014923,0.8622101545333862,0.013191788019470296
39,56,0.9999999403953552,0.10161938518285751,0.12977099418640137,2.0146267414093018,0.013187247857769013
66,108,1.0,0.15694622695446014,-0.08396946638822556,-0.15212003886699677,0.01317869092901136
11,109,1.0,0.1150585487484932,-0.11450381577014923,-1.7640730142593384,0.013174642868678199
7,8,1.0,0.11489278078079224,0.11450381577014923,2.0168886184692383,0.013155661803843977
20,85,1.0,0.10123150795698166,0.12977099418640137,1.9120762348175049,0.01313691343056611
110,114,1.0,0.13227596879005432,-0.09923664480447769,-0.7501379251480103,0.013126623330986797
56,106,1.0,0.11463358998298645,0.11450381577014923,2.1861751079559326,0.013125983468482705
26,126,1.0,0.10113715380430222,0.12977099418640137,2.368781089782715,0.013124668998367284
46,64,1.0,0.11455725878477097,0.11450381577014923,0.930241584777832,0.013117243255024724
55,117,1.0,0.1145210936665535,-0.11450381577014923,-2.169454336166382,0.013113102210991046
53,100,1.0,0.11449054628610611,-0.11450381577014923,-2.5208940505981445,0.013109604419368037
87,96,1.0,0.10083566606044769,0.12977099418640137,0.9337673187255859,0.013085544634112267
67,94,1.0,0.10077006369829178,0.12977099418640137,1.3092193603515625,0.013077031350354318
26,123,1.0,0.11420135945081711,-0.11450381577014923,-2.2720935344696045,0.013076491423256953
9,72,1.0,0.13175874948501587,0.09923664480447769,0.7321914434432983,0.013075296222526678
96,98,1.0,0.1555773913860321,0.08396946638822556,2.43829345703125,0.013063750536757235
98,123,1.0,0.10059966146945953,0.12977099418640137,2.214963436126709,0.013054918083707179
91,98,1.0,0.08997854590415955,-0.1450381726026535,-1.5786783695220947,0.013050323871383274
25,89,1.0,0.13150501251220703,-0.09923664480447769,-0.3193972408771515,0.013050116216682284
5,107,1.0,0.13148537278175354,0.09923664480447769,2.2896780967712402,0.013048167235727215
115,118,1.0,0.08994412422180176,-0.1450381726026535,-1.5776065587997437,0.013045331413476191
88,114,1.0,0.15523195266723633,-0.08396946638822556,-2.6279377937316895,0.013034744231870121
3,88,1.0,0.13134586811065674,-0.09923664480447769,-1.9409503936767578,0.013034323260233016
29,91,1.0,0.13132062554359436,-0.09923664480447769,-2.717390775680542,0.013031818272571494
109,118,1.0,0.11380724608898163,0.11450381577014923,2.0264272689819336,0.013031363939480789
1,69,1.0,0.1004103422164917,-0.12977099418640137,-2.153332233428955,0.013030349936030916
33,49,1.0,0.10037170350551605,-0.12977099418640137,-0.5512223839759827,0.013025335752093525
19,26,1.0,0.11370255053043365,-0.11450381577014923,-1.1335830688476562,0.013019375898532859
27,94,1.0,0.11363865435123444,0.11450381577014923,0.780293345451355,0.013012059542201415
17,120,1.0,0.18920376896858215,-0.06870228797197342,-3.0424866676330566,0.01299873182106226
78,125,1.0,0.11351516097784042,-0.11450381577014923,-2.3422961235046387,0.012997919079725473
70,94,1.0,0.10014092922210693,-0.12977099418640137,-1.219894528388977,0.01299538794390287
37,102,1.0,0.08951724320650101,-0.1450381726026535,-1.0825740098953247,0.012983417371098205
55,92,1.0,0.15461783111095428,-0.08396946638822556,-2.497359275817871,0.012983176772491611
52,86,1.0,0.10004540532827377,0.12977099418640137,2.0110230445861816,0.012982991713231584
64,105,1.0,0.08096151053905487,-0.16030533611774445,-1.190160870552063,0.0129785621595635
36,112,1.0,0.11319667100906372,0.11450381577014923,2.5308592319488525,0.012961450763016025
31,52,1.0,0.09978175908327103,-0.12977099418640137,-1.3470056056976318,0.012948778077904066
11,94,0.9999999403953552,0.1130443587899208,-0.11450381577014923,-1.6605803966522217,0.012944009661212598
65,115,1.0,0.08914639800786972,-0.1450381726026535,-1.852958083152771,0.012929630661170255
107,121,1.0,0.1302269846200943,-0.09923664480447769,-2.1580445766448975,0.012923289016702477
17,59,1.0,0.13021060824394226,0.09923664480447769,1.3907814025878906,0.012921663880079093
8,123,1.0,0.09944897890090942,0.12977099418640137,2.098465919494629,0.012905592862793469
114,123,1.0,0.18783333897590637,-0.06870228797197342,-0.2019677311182022,0.012904580145060018
32,95,1.0,0.11268629878759384,-0.11450381577014923,-1.5093058347702026,0.012903011196194636
54,88,1.0,0.18747299909591675,-0.06870228797197342,-0.1663666069507599,0.012879823970857185
21,53,1.0,0.08877849578857422,0.1450381726026535,1.6715507507324219,0.012876270795587175
32,53,1.0,0.09913437813520432,-0.12977099418640137,-1.382894515991211,0.012864766808656114
18,70,1.0,0.15317556262016296,0.08396946638822556,2.508561611175537,0.012862070256931313
6,73,1.0,0.09907370060682297,-0.12977099418640137,-1.0844402313232422,0.012856892625473293
22,23,1.0,0.08863624185323715,0.1450381726026535,1.315791368484497,0.01285563854476035
28,121,1.0,0.09904878586530685,-0.12977099418640137,-1.2901324033737183,0.01285365941469685
1,114,1.0,0.1870393455028534,0.06870228797197342,3.126513957977295,0.012850030976826465
6,7,1.0,0.12946341931819916,0.09923664480447769,2.357020139694214,0.012847515358053285
101,119,1.0,0.11211873590946198,0.11450381577014923,2.464097261428833,0.012838023080959049
92,125,1.0,0.11202871054410934,0.11450381577014923,2.657092332839966,0.012827714833110071
52,98,1.0,0.15273603796958923,-0.08396946638822556,-2.8388912677764893,0.012825163606558165
86,126,1.0,0.11199723929166794,-0.11450381577014923,-1.3708399534225464,0.012824111254618464
106,108,1.0,0.18658170104026794,0.06870228797197342,2.8997561931610107,0.01281858975516914
40,44,1.0,0.09875339269638062,-0.12977099418640137,-1.4762563705444336,0.01281532594948942
38,117,1.0,0.07983575016260147,0.16030533611774445,1.6837297677993774,0.0127980967640281
110,113,1.0,0.09861607104539871,0.12977099418640137,2.023054838180542,0.01279750558231818
60,75,1.0,0.11171422898769379,0.11450381577014923,1.809483289718628,0.012791705494911154
12,118,1.0,0.09853056073188782,-0.12977099418640137,-2.251049757003784,0.01278640882392068
49,56,1.0,0.11155838519334793,-0.11450381577014923,-0.7688950300216675,0.012773860785794455
101,115,1.0,0.1859171837568283,0.06870228797197342,0.2665160596370697,0.012772935897399917
10,69,1.0,0.08802953362464905,-0.1450381726026535,-1.465800166130066,0.012767642691982939
3,42,1.0,0.15184250473976135,0.08396946638822556,2.460261821746826,0.01275013409804937
35,58,1.0,0.18551062047481537,0.06870228797197342,2.4567768573760986,0.012745004069720234
13,69,1.0,0.09815062582492828,0.12977099418640137,0.9245964884757996,0.012737104293318424
28,66,1.0,0.0980081781744957,-0.12977099418640137,-1.136393666267395,0.01271861872010227
7,111,1.0,0.12815020978450775,-0.09923664480447769,-1.9564794301986694,0.012717196850004497
66,93,1.0,0.1110597774386406,0.11450381577014923,1.2878907918930054,0.012716768295307879
71,91,1.0,0.09794504940509796,0.12977099418640137,0.6833421587944031,0.012710426436935762
58,81,1.0,0.12804263830184937,0.09923664480447769,0.3695600926876068,0.012706521816988836
17,84,1.0,0.15108928084373474,-0.08396946638822556,-3.035823106765747,0.012686886289429156
62,107,1.0,0.11070883274078369,0.11450381577014923,0.3656044900417328,0.012676583788278961
46,80,0.9999999403953552,0.08739909529685974,-0.1450381726026535,-1.6237435340881348,0.012676204313421004
11,22,1.0,0.0873526781797409,0.1450381726026535,1.330989956855774,0.012669472815137306
65,82,1.0,0.09759204089641571,0.12977099418640137,2.059934616088867,0.012664616171807808
37,61,1.0,0.09752733260393143,-0.12977099418640137,-1.3235875368118286,0.012656218912360018
1,88,1.0,0.2368043065071106,-0.05343511328101158,-0.13291727006435394,0.012653664943638843
100,108,1.0,0.11047812551259995,0.11450381577014923,0.4036029875278473,0.012650166930326168
39,105,1.0,0.15038536489009857,0.08396946638822556,0.40653079748153687,0.012627778842420168
77,105,1.0,0.12723852694034576,0.09923664480447769,1.3575605154037476,0.012626724503424058
27,55,1.0,0.11020297557115555,-0.11450381577014923,-0.6714500784873962,0.012618661212121851
12,45,1.0,0.12709692120552063,-0.09923664480447769,-0.6582732200622559,0.01261267202541494
80,95,1.0,0.07866405695676804,0.16030533611774445,1.5006407499313354,0.012610268090840093
18,60,1.0,0.15016812086105347,-0.08396946638822556,-0.4936687648296356,0.012609536977225222
70,88,1.0,0.09716086089611053,-0.12977099418640137,-2.238224744796753,0.012608661514494912
19,46,1.0,0.09707844257354736,0.12977099418640137,1.4520232677459717,0.012597966006836714
57,110,1.0,0.09699327498674393,0.12977099418640137,1.3721354007720947,0.012586913724424775
33,108,1.0,0.14989757537841797,0.08396946638822556,2.65339732170105,0.012586819417414574
7,38,1.0,0.08676319569349289,-0.1450381726026535,-1.8683072328567505,0.012583975352550625
5,13,1.0,0.10984215140342712,0.11450381577014923,0.9276582598686218,0.012577345468094858
93,108,1.0,0.14964133501052856,0.08396946638822556,0.641651451587677,0.012565303050455778
23,42,1.0,0.12658359110355377,-0.09923664480447769,-0.7789926528930664,0.012561730868418608
71,126,1.0,0.09679127484560013,-0.12977099418640137,-1.0458259582519531,0.012560699965282751
84,100,1.0,0.10967770963907242,-0.11450381577014923,-2.7205591201782227,0.012558516258604269
6,64,1.0,0.09671510756015778,-0.12977099418640137,-1.0381652116775513,0.012550815660926418
9,29,1.0,0.12630438804626465,0.09923664480447769,0.9199199676513672,0.012534023693794083
27,74,1.0,0.10925783216953278,-0.11450381577014923,-1.8139584064483643,0.012510438686186065
11,76,1.0,0.09637251496315002,-0.12977099418640137,-2.265275478363037,0.01250635707901182
79,109,1.0,0.10920405387878418,-0.11450381577014923,-1.3694335222244263,0.012504280866689754
91,95,1.0,0.08617991954088211,-0.1450381726026535,-1.050175666809082,0.012499378045253251
3,100,1.0,0.07796619087457657,0.16030533611774445,1.474581003189087,0.012498396433969217
40,94,1.0,0.09629442542791367,0.12977099418640137,0.9082503914833069,0.012496223322388644
73,88,1.0,0.08611586689949036,0.1450381726026535,2.0203328132629395,0.012490087967195418
7,52,1.0,0.09613668918609619,0.12977099418640137,0.5814050436019897,0.012475753733468764
14,92,1.0,0.1257120817899704,-0.09923664480447769,-1.559891939163208,0.01247524520822274
89,110,1.0,0.09609667211771011,-0.12977099418640137,-0.9065968990325928,0.012470560678719878
31,98,1.0,0.09608461707830429,-0.12977099418640137,-1.2031943798065186,0.012468996284271228
24,88,1.0,0.09605900943279266,0.12977099418640137,2.2811813354492188,0.01246567315465441
86,106,1.0,0.1255989670753479,0.09923664480447769,1.5109994411468506,0.012464020083465588
90,123,1.0,0.08588612079620361,-0.1450381726026535,-1.0166618824005127,0.012456766012212128
86,116,1.0,0.08587047457695007,0.1450381726026535,1.3303414583206177,0.012454496713163454
6,102,1.0,0.10875959694385529,-0.11450381577014923,-0.44947338104248047,0.012453388851694891
25,112,1.0,0.12545113265514374,-0.09923664480447769,-1.9378092288970947,0.012449349491617911
11,113,1.0,0.08577919751405716,0.1450381726026535,1.5352435111999512,0.012441258054760929
79,80,1.0,0.10861063003540039,0.11450381577014923,0.582496702671051,0.012436331572253323
29,61,1.0,0.12529303133487701,0.09923664480447769,0.6133290529251099,0.012433660047055484
4,19,1.0,0.10857708007097244,-0.11450381577014923,-2.6223065853118896,0.01243248997330737
8,94,1.0,0.10856448113918304,0.11450381577014923,2.7411015033721924,0.012431047347542856
14,25,1.0,0.1252269595861435,0.09923664480447769,0.5406041741371155,0.012427103308394805
25,95,1.0,0.10852712392807007,-0.11450381577014923,-2.0930376052856445,0.01242676980432389
65,86,1.0,0.10846744477748871,-0.11450381577014923,-1.795349359512329,0.012419936313860402
64,92,1.0,0.07747284322977066,0.16030533611774445,1.7782310247421265,0.012419310173945708
102,124,1.0,0.10838980227708817,-0.11450381577014923,-0.8934630751609802,0.012411045951298605
17,35,1.0,0.10838557034730911,-0.11450381577014923,-0.8138250112533569,0.012410561379190832
19,103,1.0,0.09561979025602341,0.12977099418640137,1.7007991075515747,0.012408675245419332
11,93,1.0,0.0956130102276802,0.12977099418640137,1.3671740293502808,0.012407795394400623
64,118,1.0,0.08554144948720932,0.1450381726026535,1.2070552110671997,0.012406775515407031
37,81,1.0,0.07733616232872009,-0.16030533611774445,-1.0871814489364624,0.01239739949616192
5,10,1.0,0.09553126245737076,-0.12977099418640137,-0.9937936067581177,0.012397186904975044
115,119,1.0,0.10823152214288712,0.11450381577014923,0.6524972915649414,0.012392922271971973
27,37,1.0,0.10821831971406937,0.11450381577014923,0.9688448905944824,0.012391410543494907
4,71,1.0,0.09543482214212418,0.12977099418640137,0.9034371376037598,0.012384671749385845
16,20,1.0,0.0954325720667839,0.12977099418640137,1.5559947490692139,0.012384379754871944
24,122,1.0,0.08534115552902222,0.1450381726026535,1.0947484970092773,0.012377725245728222
39,98,1.0,0.10807019472122192,-0.11450381577014923,-0.5555217862129211,0.012374449666602949
69,95,1.0,0.1080530658364296,-0.11450381577014923,-1.667445421218872,0.01237248834393434
54,61,1.0,0.12467067688703537,-0.09923664480447769,-1.0786845684051514,0.012371899679772536
10,31,1.0,0.1473134458065033,0.08396946638822556,0.8246117830276489,0.012369831436182865
29,96,1.0,0.10801979899406433,-0.11450381577014923,-1.4280099868774414,0.012368679163544893
78,80,1.0,0.10793506354093552,0.11450381577014923,2.3799352645874023,0.012358976630830631
59,119,1.0,0.17980460822582245,-0.06870228797197342,-0.3705866038799286,0.012352987973018315
43,55,1.0,0.1078735738992691,0.11450381577014923,1.6589784622192383,0.012351935832229488
3,73,1.0,0.12441352009773254,0.09923664480447769,0.09505052119493484,0.012346380302813431
4,56,1.0,0.09508869796991348,-0.12977099418640137,-1.1378499269485474,0.012339754871446118
45,83,1.0,0.10773712396621704,0.11450381577014923,0.5989950895309448,0.012336311794233445
64,112,1.0,0.14686593413352966,-0.08396946638822556,-3.0377159118652344,0.012332254119800767
57,101,1.0,0.1242474690079689,-0.09923664480447769,-0.8548882007598877,0.01232990194979916
104,106,1.0,0.10765454173088074,-0.11450381577014923,-0.6462787389755249,0.01232685581317261
61,125,1.0,0.08495328575372696,0.1450381726026535,2.2940280437469482,0.012321469322311596
13,100,1.0,0.14664991199970245,-0.08396946638822556,-2.738703727722168,0.01231411485649525
28,120,1.0,0.09486482292413712,-0.12977099418640137,-1.7255065441131592,0.012310702384182193
25,44,1.0,0.10741839557886124,0.11450381577014923,1.6939533948898315,0.01229981617768694
21,69,1.0,0.08478494733572006,-0.1450381726026535,-1.8276777267456055,0.012297053825785054
11,106,1.0,0.07670168578624725,-0.16030533611774445,-1.515415906906128,0.012295689520761988
24,51,1.0,0.09474533796310425,-0.12977099418640137,-1.7047679424285889,0.012295196701998634
106,112,1.0,0.08474217355251312,0.1450381726026535,2.379141330718994,0.012290849994433417
12,77,1.0,0.09459951519966125,0.12977099418640137,0.4535064399242401,0.012276273137011628
26,109,1.0,0.09457924216985703,0.12977099418640137,2.0083439350128174,0.012273642285778763
7,27,1.0,0.12365617603063583,-0.09923664480447769,-2.278010606765747,0.012271224018632176
94,101,1.0,0.09448453783988953,0.12977099418640137,1.7913318872451782,0.012261352410725124
26,55,1.0,0.12353844940662384,0.09923664480447769,2.4406988620758057,0.012259541223461068
55,65,1.0,0.12349851429462433,-0.09923664480447769,-2.333550453186035,0.012255578196936345
103,112,1.0,0.17836438119411469,-0.06870228797197342,-0.5542514324188232,0.012254041080740907
2,50,1.0,0.10697665065526962,0.11450381577014923,2.598938226699829,0.012249234698338607
4,14,1.0,0.22896452248096466,-0.05343511328101158,0.0035045614931732416,0.01223474519610307
19,105,1.0,0.10673720389604568,-0.11450381577014923,-1.4402419328689575,0.01222181713073367
29,87,1.0,0.12311970442533493,-0.09923664480447769,-2.0083436965942383,0.012217986376489243
61,90,1.0,0.12310130149126053,0.09923664480447769,0.2109961062669754,0.012216160131057141
1,105,1.0,0.1065431460738182,0.11450381577014923,2.04492449760437,0.012199596769608578
26,62,1.0,0.14486590027809143,0.08396946638822556,2.4634475708007812,0.012164312344201234
52,109,1.0,0.0838535875082016,-0.1450381726026535,-0.8761680126190186,0.012161971098366253
12,102,1.0,0.093714140355587,-0.12977099418640137,-0.8322362899780273,0.012161377163268483
21,65,1.0,0.17697492241859436,0.06870228797197342,0.029120149090886116,0.012158582083819924
27,93,1.0,0.12243499606847763,-0.09923664480447769,-0.30314016342163086,0.012150038216485137
39,118,1.0,0.12240097671747208,0.09923664480447769,2.912710428237915,0.01214666225023292
16,109,1.0,0.10597201436758041,-0.11450381577014923,-2.130713701248169,0.012134200009937035
17,105,1.0,0.12225320935249329,-0.09923664480447769,-0.4644058644771576,0.012131998312720826
7,97,1.0,0.083641417324543,0.1450381726026535,2.107234001159668,0.01213119832264764
31,92,1.0,0.22701071202754974,0.05343511328101158,2.8180418014526367,0.012130343113195219
19,83,1.0,0.08362333476543427,0.1450381726026535,2.0954959392547607,0.01212857566131853
60,81,1.0,0.12212788313627243,0.09923664480447769,2.391411304473877,0.012119561359517028
66,73,1.0,0.09336211532354355,-0.12977099418640137,-2.278505802154541,0.012115694524881704
39,110,1.0,0.14425644278526306,0.08396946638822556,2.513214349746704,0.01211313652374213
44,53,1.0,0.1057538092136383,0.11450381577014923,1.0634599924087524,0.01210921468718995
2,18,1.0,0.1441839039325714,-0.08396946638822556,-2.390498399734497,0.012107045474989198
66,79,1.0,0.1762111932039261,-0.06870228797197342,-2.940755605697632,0.012106112139381175
41,71,1.0,0.08345942199230194,0.1450381726026535,1.5652709007263184,0.012104802052237185
23,70,1.0,0.17615841329097748,0.06870228797197342,0.5562845468521118,0.012102486038602644
90,101,1.0,0.17611064016819,0.06870228797197342,0.35340645909309387,0.012099203915763579
60,121,1.0,0.12190471589565277,-0.09923664480447769,-0.8352242112159729,0.01209741499132766
24,47,1.0,0.09314767271280289,-0.12977099418640137,-0.6862363219261169,0.01208786609408996
64,98,1.0,0.08333805948495865,0.1450381726026535,1.2609643936157227,0.012087199855949637
86,107,1.0,0.10555166006088257,-0.11450381577014923,-1.1684359312057495,0.012086067837844716
74,108,1.0,0.14391553401947021,0.08396946638822556,2.39042592048645,0.012084510596591436
20,73,1.0,0.0930713340640068,-0.12977099418640137,-2.1354455947875977,0.012077959551740847
15,96,1.0,0.12168516218662262,0.09923664480447769,1.329329013824463,0.012075627217889129
86,108,1.0,0.10542262345552444,-0.11450381577014923,-1.01069176197052,0.012071292654157184
7,28,1.0,0.10541616380214691,-0.11450381577014923,-0.4911028742790222,0.012070552999196904
82,120,1.0,0.12158165872097015,-0.09923664480447769,-2.208432912826538,0.012065355881232143
50,125,1.0,0.09288980066776276,0.12977099418640137,1.8024318218231201,0.012054401782432222
33,118,1.0,0.09284890443086624,-0.12977099418640137,-2.393723964691162,0.01204909463711168
27,117,1.0,0.10522259026765823,0.11450381577014923,2.4441564083099365,0.012048388090865836
99,104,1.0,0.10519247502088547,0.11450381577014923,2.1367979049682617,0.012044939780197494
64,97,1.0,0.1213512048125267,-0.09923664480447769,-2.6746411323547363,0.012042486408576136
7,55,1.0,0.10515914857387543,0.11450381577014923,0.8755001425743103,0.012041123774848783
17,22,1.0,0.10514825582504272,-0.11450381577014923,-2.58229923248291,0.012039876513543213
23,75,1.0,0.08292704075574875,0.1450381726026535,2.1066699028015137,0.012027586450559569
27,111,1.0,0.10490492731332779,0.11450381577014923,0.8240749835968018,0.012012014470466181
33,112,1.0,0.10487929731607437,-0.11450381577014923,-2.392319679260254,0.012009079737982487
106,110,1.0,0.10487795621156693,-0.11450381577014923,-2.059614419937134,0.012008926176399037
65,85,1.0,0.1048155128955841,-0.11450381577014923,-1.4798200130462646,0.012001776178449663
56,94,1.0,0.06835700571537018,-0.17557251453399658,-1.4632288217544556,0.012001611379462318
14,118,1.0,0.12093814462423325,0.09923664480447769,2.8560030460357666,0.012001495701387588
37,82,1.0,0.10474478453397751,-0.11450381577014923,-1.189131498336792,0.011993677511162537
50,88,1.0,0.17453482747077942,-0.06870228797197342,-2.988950252532959,0.011990941978036185
28,63,1.0,0.1425609290599823,-0.08396946638822556,-0.3728630244731903,0.011970765140976392
40,106,1.0,0.12061262130737305,-0.09923664480447769,-1.4936470985412598,0.011969191859616757
47,54,1.0,0.09221875667572021,-0.12977099418640137,-1.7470269203186035,0.01196731973644205
50,105,1.0,0.09219859540462494,0.12977099418640137,1.619626760482788,0.011964703388247955
45,61,1.0,0.08247914165258408,-0.1450381726026535,-0.9697214961051941,0.011962623983126197
62,70,1.0,0.12048899382352829,-0.09923664480447769,-1.977670669555664,0.011956923482914383
15,85,1.0,0.08241456001996994,0.1450381726026535,1.4582748413085938,0.011953257181148147
36,103,1.0,0.14234831929206848,0.08396946638822556,2.3273613452911377,0.011952912412215744
56,110,1.0,0.08238404989242554,-0.1450381726026535,-1.9702250957489014,0.011948832048003233
34,105,1.0,0.14229099452495575,-0.08396946638822556,-1.0269899368286133,0.011948098882110458
43,45,1.0,0.10434035956859589,-0.11450381577014923,-0.9622818231582642,0.01194736930943363
100,104,1.0,0.0920465886592865,0.12977099418640137,1.288175106048584,0.011944977321782346
27,96,1.0,0.08234257996082306,0.1450381726026535,1.2872872352600098,0.011942817324905652
67,123,1.0,0.12032412737607956,0.09923664480447769,0.8525636196136475,0.011940562689828738
56,62,1.0,0.12031488865613937,0.09923664480447769,2.6798083782196045,0.011939645870259585
40,124,1.0,0.1421593576669693,0.08396946638822556,-0.13467742502689362,0.011937045405388313
55,112,1.0,0.10417596995830536,-0.11450381577014923,-2.3588218688964844,0.011928546071782398
16,19,1.0,0.10416340082883835,0.11450381577014923,0.6919862627983093,0.011927106858497516
67,77,1.0,0.14181311428546906,-0.08396946638822556,-2.4066555500030518,0.011907971533403283
20,52,1.0,0.14174509048461914,0.08396946638822556,0.47199612855911255,0.011902259611144217
84,117,1.0,0.11988386511802673,-0.09923664480447769,-0.24095389246940613,0.011896872540505532
1,23,1.0,0.11984763294458389,0.09923664480447769,2.851224899291992,0.01189327698117909
3,31,1.0,0.10385019332170486,-0.11450381577014923,-0.9446824193000793,0.011891243403802876
20,111,1.0,0.17307111620903015,-0.06870228797197342,-2.6315672397613525,0.011890381665423666
101,122,1.0,0.10372056066989899,0.11450381577014923,0.7659950256347656,0.0118763999705227
74,120,1.0,0.11967534571886063,-0.09923664480447769,-2.101346254348755,0.011876179774955642
13,22,1.0,0.11966190487146378,0.09923664480447769,2.0223283767700195,0.01187484595035665
18,75,1.0,0.08184028416872025,0.1450381726026535,1.949441909790039,0.011869965261113058
56,95,1.0,0.10365276038646698,-0.11450381577014923,-1.1007808446884155,0.011868636579359437
61,108,1.0,0.14118258655071259,-0.08396946638822556,-1.3004913330078125,0.011855026455972806
63,79,1.0,0.17236289381980896,0.06870228797197342,2.4638307094573975,0.011841725166891193
38,48,1.0,0.1034165546298027,0.11450381577014923,1.9834818840026855,0.011841590118914502
12,67,1.0,0.11931224167346954,0.09923664480447769,1.4838650226593018,0.011840146547776098
48,70,1.0,0.1408657282590866,-0.08396946638822556,-2.660174608230591,0.011828420034304288
2,53,1.0,0.1408562958240509,-0.08396946638822556,-0.37579283118247986,0.011827627997767598
96,112,1.0,0.07376924902200699,0.16030533611774445,1.6694457530975342,0.011825604259626421
40,54,1.0,0.1191461831331253,0.09923664480447769,0.8909128308296204,0.011823667455391207
41,99,1.0,0.1032593846321106,-0.11450381577014923,-1.793591856956482,0.01182359355445417
16,110,1.0,0.11913725733757019,-0.09923664480447769,-1.1345224380493164,0.011822781689388107
77,79,1.0,0.11912461370229721,0.09923664480447769,2.1243255138397217,0.011821526977445485
11,103,1.0,0.14073193073272705,0.08396946638822556,2.47694730758667,0.011817185127411811
60,88,1.0,0.14061802625656128,-0.08396946638822556,-0.4835619628429413,0.011807620629328941
8,42,1.0,0.118685282766819,-0.09923664480447769,-2.203516960144043,0.011777929249449814
59,78,1.0,0.11852221190929413,0.09923664480447769,2.6613709926605225,0.011761746644683657
18,41,1.0,0.11851240694522858,0.09923664480447769,2.2283103466033936,0.011760773632947363
52,59,1.0,0.10268736630678177,0.11450381577014923,0.799759566783905,0.011758095273513569
34,77,1.0,0.13997267186641693,0.08396946638822556,2.7183685302734375,0.011753430565557221
4,102,1.0,0.10264357179403305,0.11450381577014923,2.5067410469055176,0.011753080634694046
41,119,1.0,0.09049935638904572,0.12977099418640137,0.18747369945049286,0.011744191451835917
56,109,1.0,0.10254063457250595,-0.11450381577014923,-0.4430302083492279,0.011741293930044416
28,119,1.0,0.11826785653829575,0.09923664480447769,0.6086187958717346,0.01173650527107778
2,21,1.0,0.10247161239385605,0.11450381577014923,1.4631987810134888,0.011733390627216234
29,86,1.0,0.11821383237838745,-0.09923664480447769,-0.661186695098877,0.0117311440947101
54,126,1.0,0.11820954829454422,-0.09923664480447769,-1.3082917928695679,0.011730718956603436
72,92,1.0,0.10239943861961365,0.11450381577014923,2.280928611755371,0.011725126454666945
19,99,1.0,0.0903414934873581,0.12977099418640137,2.270482063293457,0.011723705426138764
10,98,1.0,0.13960672914981842,0.08396946638822556,3.0394692420959473,0.011722702550915787
48,123,1.0,0.13954134285449982,0.08396946638822556,2.9722015857696533,0.01171721209858878
20,89,1.0,0.13954050838947296,0.08396946638822556,0.4539189040660858,0.011717142029005756
23,41,1.0,0.13945122063159943,0.08396946638822556,2.482313871383667,0.011709644583622114
48,77,1.0,0.08072526752948761,-0.1450381726026535,-1.9155820608139038,0.011708245285337204
52,67,1.0,0.10223991423845291,-0.11450381577014923,-1.423888921737671,0.01170686030431567
111,124,1.0,0.11796477437019348,0.09923664480447769,2.227693796157837,0.011706428413615244
94,120,1.0,0.11777441203594208,0.09923664480447769,0.30895355343818665,0.011687537494266986
69,121,1.0,0.11773194372653961,0.09923664480447769,2.0181264877319336,0.011683323081731367
26,110,1.0,0.13911636173725128,0.08396946638822556,2.471094846725464,0.01168152666094835
7,116,1.0,0.08051533997058868,-0.1450381726026535,-1.8718560934066772,0.011677797775815568
105,107,1.0,0.08995281904935837,-0.12977099418640137,-1.9095580577850342,0.011673266757904699
17,77,1.0,0.13897396624088287,-0.08396946638822556,-2.605653762817383,0.011669569787102207
12,18,1.0,0.1017925888299942,-0.11450381577014923,-1.095496416091919,0.011655639838156207
69,92,1.0,0.13880544900894165,-0.08396946638822556,-0.7144244909286499,0.011655419485058882
57,119,1.0,0.13868661224842072,-0.08396946638822556,-2.0185391902923584,0.011645440825690634
32,100,1.0,0.1173170655965805,0.09923664480447769,2.408414840698242,0.01164215196811147
83,84,1.0,0.13863904774188995,0.08396946638822556,0.2293747067451477,0.011641446859458227
91,123,1.0,0.1386273354291916,-0.08396946638822556,-2.2832276821136475,0.011640463382810773
33,122,1.0,0.1172366514801979,-0.09923664480447769,-2.6903791427612305,0.011634171941006743
48,75,1.0,0.11719471961259842,-0.09923664480447769,-2.3717169761657715,0.011630010763155785
32,46,1.0,0.08954489231109619,0.12977099418640137,1.5725566148757935,0.0116203296995252
73,114,1.0,0.1383453756570816,0.08396946638822556,2.8176565170288086,0.011616787371203752
24,26,1.0,0.10144766420125961,-0.11450381577014923,-1.1013363599777222,0.011616144652012994
32,62,1.0,0.11691299080848694,-0.09923664480447769,-1.9645838737487793,0.011602052941890983
39,104,1.0,0.10130815953016281,-0.11450381577014923,-2.04514217376709,0.01160017083485465
36,53,1.0,0.08935140818357468,0.12977099418640137,1.3725824356079102,0.011595221071937445
15,61,1.0,0.13808582723140717,0.08396946638822556,0.3393193483352661,0.011594993228397965
17,100,1.0,0.1011904925107956,0.11450381577014923,2.4722862243652344,0.011586697512146804
101,110,1.0,0.137939453125,-0.08396946638822556,-3.103499174118042,0.011582702272789902
108,121,1.0,0.11671365797519684,-0.09923664480447769,-2.3275978565216064,0.011582271820315904
54,78,1.0,0.13789233565330505,-0.08396946638822556,-0.5748315453529358,0.011578745843834115
38,94,1.0,0.11664024740457535,0.09923664480447769,1.2708667516708374,0.011574986801594245
42,105,1.0,0.08907696604728699,-0.12977099418640137,-2.3480234146118164,0.011559606443064752
15,65,1.0,0.13759779930114746,-0.08396946638822556,-2.451929807662964,0.011554013783511508
51,117,1.0,0.10087490826845169,-0.11450381577014923,-1.2716273069381714,0.011550561912201496
12,13,1.0,0.2160700410604477,-0.05343511328101158,-0.11442277580499649,0.011545727120697846
51,73,1.0,0.16798293590545654,-0.06870228797197342,-2.6864616870880127,0.011540812036954229
36,59,1.0,0.10078535974025726,-0.11450381577014923,-1.9850832223892212,0.011540308264026633
66,71,1.0,0.10070599615573883,0.11450381577014923,0.7948513031005859,0.011531220830766076
89,93,1.0,0.11604325473308563,-0.09923664480447769,-1.6853832006454468,0.011515743251902744
7,35,1.0,0.11595889925956726,0.09923664480447769,0.46657320857048035,0.011507372097739887
80,112,1.0,0.1004253625869751,-0.11450381577014923,-2.5069797039031982,0.011499087216309434
17,40,1.0,0.1369212120771408,0.08396946638822556,0.43027883768081665,0.011497201115346578
17,73,1.0,0.10023889690637589,0.11450381577014923,0.8811456561088562,0.011477736184370646
54,107,1.0,0.1156383603811264,-0.09923664480447769,-1.1968435049057007,0.011475562894914026
2,73,1.0,0.08837850391864777,-0.12977099418640137,-1.904398798942566,0.01146896631822969
41,107,1.0,0.08833754062652588,-0.12977099418640137,-1.1897249221801758,0.011463650471085884
28,88,1.0,0.10010714828968048,-0.11450381577014923,-1.182027816772461,0.011462650465036583
39,126,0.9999999403953552,0.08827387541532516,-0.12977099418640137,-0.9020259380340576,0.011455387890538914
24,41,1.0,0.11541350185871124,0.09923664480447769,2.454110860824585,0.011453248689593853
58,107,1.0,0.07889645546674728,0.1450381726026535,2.7967631816864014,0.011442997725723658
60,80,1.0,0.16648097336292267,-0.06870228797197342,-3.0437018871307373,0.01143762377383395
25,91,1.0,0.08811195939779282,-0.12977099418640137,-1.8437057733535767,0.011434376570763405
104,125,1.0,0.06507997959852219,0.17557251453399658,1.9378212690353394,0.011426255663933738
4,81,1.0,0.13594026863574982,-0.08396946638822556,-2.640780210494995,0.011414831818015947
32,45,1.0,0.11500722169876099,-0.09923664480447769,-0.6713610291481018,0.011412930809669763
108,115,1.0,0.13589069247245789,0.08396946638822556,0.877126157283783,0.011410668934038748
71,77,1.0,0.13586793839931488,0.08396946638822556,0.8045811057090759,0.011408758286658771
30,108,1.0,0.09950444847345352,0.11450381577014923,1.0679515600204468,0.011393639036314629
70,101,1.0,0.165774866938591,-0.06870228797197342,-0.21465474367141724,0.011389112646930655
79,85,1.0,0.1356002241373062,0.08396946638822556,0.41298240423202515,0.011386278462933386
25,57,1.0,0.08773056417703629,-0.12977099418640137,-1.4572646617889404,0.011384882533787888
55,73,1.0,0.07101161777973175,-0.16030533611774445,-2.0007591247558594,0.011383541256444696
2,49,1.0,0.09930742532014847,-0.11450381577014923,-2.6129026412963867,0.011371079133466133
5,125,1.0,0.11452335119247437,-0.09923664480447769,-2.1548871994018555,0.011364913124106035
16,71,1.0,0.09916974604129791,-0.11450381577014923,-1.4407469034194946,0.011355314330685262
55,120,1.0,0.08749458193778992,0.12977099418640137,2.169692277908325,0.011354258883990553
94,121,1.0,0.13506393134593964,-0.08396946638822556,-0.7936477065086365,0.011341246243414482
26,93,1.0,0.08739413321018219,0.12977099418640137,1.9131488800048828,0.01134122355274414
71,120,1.0,0.11426050961017609,0.09923664480447769,0.4633084237575531,0.011338829607363654
21,61,1.0,0.08736805617809296,-0.12977099418640137,-1.2215778827667236,0.011337839510364489
7,54,1.0,0.0873417779803276,0.12977099418640137,1.9164685010910034,0.011334429362515053
43,92,1.0,0.09897758811712265,-0.11450381577014923,-1.4182289838790894,0.011333311515136724
31,122,1.0,0.08732635527849197,-0.12977099418640137,-1.5600818395614624,0.011332427943164802
43,50,1.0,0.11393534392118454,-0.09923664480447769,-2.232635736465454,0.011306561255382597
36,56,1.0,0.11386324465274811,-0.09923664480447769,-1.2681901454925537,0.011299406365890108
38,44,1.0,0.1345527172088623,-0.08396946638822556,-1.7868995666503906,0.011298319865113982
44,79,1.0,0.11384765803813934,0.09923664480447769,0.6952343583106995,0.011297859602552474
67,90,1.0,0.16442005336284637,-0.06870228797197342,-2.529289484024048,0.011296033854501508
110,112,1.0,0.11376981437206268,0.09923664480447769,2.3665595054626465,0.011290134658311746
12,76,1.0,0.11374419927597046,-0.09923664480447769,-1.6746101379394531,0.011287592702119209
37,90,1.0,0.1344175487756729,0.08396946638822556,2.2469754219055176,0.011286969843906536
25,33,1.0,0.06421744078397751,-0.17557251453399658,-1.2499313354492188,0.011274817555380956
86,123,1.0,0.16409151256084442,-0.06870228797197342,-0.5095236301422119,0.011273462349711827
106,107,1.0,0.09845457226037979,0.11450381577014923,0.9663415551185608,0.011273424203831373
40,111,1.0,0.11358615010976791,0.09923664480447769,2.3344759941101074,0.011271908433151123
79,102,1.0,0.11355873942375183,-0.09923664480447769,-1.2034742832183838,0.011269188288639098
38,83,1.0,0.08683852106332779,-0.12977099418640137,-1.3215638399124146,0.011269121212064803
38,79,1.0,0.13410882651805878,0.08396946638822556,0.6102138757705688,0.011261046600672509
64,75,1.0,0.07764041423797607,0.1450381726026535,2.2663767337799072,0.01126082380118909
24,111,1.0,0.1340595930814743,-0.08396946638822556,-2.229627847671509,0.011256912495274052
80,122,1.0,0.11332374811172485,0.09923664480447769,2.7239675521850586,0.011245868539275339
91,108,1.0,0.09817064553499222,-0.11450381577014923,-1.0723580121994019,0.011240913510375372
33,115,1.0,0.09816930443048477,-0.11450381577014923,-0.9537450671195984,0.011240759948791923
46,98,1.0,0.11326748877763748,-0.09923664480447769,-1.322965383529663,0.011240285551721574
5,17,1.0,0.09804581850767136,-0.11450381577014923,-1.0175141096115112,0.011226620339435889
19,48,1.0,0.16331638395786285,-0.06870228797197342,-0.30773913860321045,0.011220209241214474
91,99,1.0,0.11296786367893219,0.09923664480447769,1.717816948890686,0.01121055176222685
4,59,1.0,0.09790481626987457,-0.11450381577014923,-1.6429634094238281,0.011210475045176027
15,121,1.0,0.09782970696687698,-0.11450381577014923,-0.7062171101570129,0.011201874743382967
81,96,1.0,0.13340264558792114,-0.08396946638822556,-2.4862687587738037,0.01120174896479531
6,50,0.9999999403953552,0.09777946025133133,0.11450381577014923,1.5722211599349976,0.011196120635382239
7,62,1.0,0.09774229675531387,-0.11450381577014923,-0.9637636542320251,0.011191865940621715
39,60,1.0,0.09772161394357681,0.11450381577014923,0.8081933856010437,0.011189497679756966
30,96,1.0,0.13323327898979187,-0.08396946638822556,-0.6840115189552307,0.011187527341926407
63,93,1.0,0.11255736649036407,0.09923664480447769,0.05672087147831917,0.01116981539853168
61,105,1.0,0.09754902869462967,-0.11450381577014923,-1.3102830648422241,0.011169736010206877
22,43,1.0,0.0975201204419136,0.11450381577014923,0.9969924092292786,0.01116642590496364
10,48,1.0,0.16251273453235626,-0.06870228797197342,-2.8060109615325928,0.011164996686954809
10,46,1.0,0.0769362524151802,0.1450381726026535,1.7404083013534546,0.011158693457194224
92,110,1.0,0.0974404364824295,0.11450381577014923,1.2000964879989624,0.011157301787547036
54,79,1.0,0.09733586758375168,0.11450381577014923,2.0978691577911377,0.011145328249637543
15,52,1.0,0.1122729629278183,0.09923664480447769,2.404888153076172,0.011141592143214196
6,56,1.0,0.09720533341169357,-0.11450381577014923,-2.2711384296417236,0.011130381588848492
41,54,1.0,0.11210557818412781,0.09923664480447769,0.6790673136711121,0.011124981442858894
29,90,1.0,0.09714853763580322,-0.11450381577014923,-2.225938081741333,0.011123878255789421
29,89,1.0,0.11207540333271027,-0.09923664480447769,-2.409172296524048,0.011121986991846744
117,118,1.0,0.07658395171165466,0.1450381726026535,2.0615222454071045,0.01110759640694825
31,33,1.0,0.13223394751548767,-0.08396946638822556,-1.2454341650009155,0.011103614011284124
26,77,1.0,0.08554419130086899,0.12977099418640137,0.7928321957588196,0.011101154751985476
35,48,1.0,0.08548257499933243,-0.12977099418640137,-1.5840203762054443,0.011093158743276987
35,37,1.0,0.11167590320110321,-0.09923664480447769,-2.587507724761963,0.011082341939187113
37,68,1.0,0.13193513453006744,0.08396946638822556,0.762143611907959,0.011078522844348515
14,57,1.0,0.11158033460378647,0.09923664480447769,2.5617337226867676,0.011072858032240729
48,107,1.0,0.08530431985855103,-0.12977099418640137,-2.3069891929626465,0.011070026396438948
27,76,1.0,0.09667807817459106,0.11450381577014923,0.8419690728187561,0.01107000885231546
53,95,1.0,0.1318202167749405,0.08396946638822556,0.4170804023742676,0.011068873261771972
8,80,1.0,0.11152401566505432,0.09923664480447769,0.6077626943588257,0.011067269129722002
55,113,1.0,0.1317984163761139,0.08396946638822556,0.3231699466705322,0.011067042693915452
91,120,1.0,0.08526549488306046,0.12977099418640137,1.394322156906128,0.011064988040770274
4,67,1.0,0.1317409723997116,-0.08396946638822556,-2.5247180461883545,0.011062219153869735
15,18,1.0,0.1317400187253952,0.08396946638822556,0.581591010093689,0.011062139074346278
9,123,1.0,0.08520989120006561,0.12977099418640137,1.3050956726074219,0.011057772295547608
47,110,1.0,0.0851711705327034,0.12977099418640137,2.2082250118255615,0.011052747476048452
109,122,1.0,0.09649467468261719,-0.11450381577014923,-0.600692868232727,0.011049008452658882
63,122,1.0,0.11130429059267044,0.09923664480447769,0.7775478959083557,0.011045464350759204
51,93,1.0,0.16072241961956024,0.06870228797197342,0.27743569016456604,0.011041997956255378
99,102,1.0,0.09637194126844406,-0.11450381577014923,-0.9223846197128296,0.01103495500841356
1,59,1.0,0.11110935360193253,0.09923664480447769,1.336938500404358,0.011026119457850092
19,115,1.0,0.08495071530342102,0.12977099418640137,1.455212116241455,0.011024138781770887
20,30,1.0,0.09624497592449188,-0.11450381577014923,-1.124582052230835,0.011020416992060467
41,81,1.0,0.16035617887973785,-0.06870228797197342,-0.26349273324012756,0.011016836379481032
3,7,1.0,0.16035200655460358,0.06870228797197342,2.716710090637207,0.011016549731198144
34,61,1.0,0.13104143738746643,0.08396946638822556,2.704909324645996,0.011003479572171626
31,36,1.0,0.11078637093305588,-0.09923664480447769,-0.5187297463417053,0.010994067741460778
90,92,1.0,0.1106872633099556,0.09923664480447769,0.5952363014221191,0.01098423263346976
70,76,1.0,0.07572653889656067,-0.1450381726026535,-1.3285874128341675,0.01098323881908092
16,111,1.0,0.13076862692832947,-0.08396946638822556,-2.0933899879455566,0.010980571823492769
23,95,1.0,0.1306399554014206,-0.08396946638822556,-2.163289785385132,0.010969767344038872
72,108,1.0,0.13061828911304474,-0.08396946638822556,-0.976361095905304,0.010967948037365338
49,78,1.0,0.20520660281181335,0.05343511328101158,-2.9836294651031494,0.010965238067260796
87,122,1.0,0.1595565378665924,0.06870228797197342,0.2798973619937897,0.010961899212321713
79,110,1.0,0.09565766155719757,0.11450381577014923,1.2906455993652344,0.010953167255948637
5,80,1.0,0.09561794996261597,-0.11450381577014923,-1.2007832527160645,0.010948620126838726
70,120,1.0,0.15933699905872345,-0.06870228797197342,-0.2041831910610199,0.010946816393922476
58,96,1.0,0.11028973013162613,-0.09923664480447769,-0.2120407521724701,0.010944782774653883
14,98,1.0,0.09556367248296738,-0.11450381577014923,-1.3554028272628784,0.010942405148308576
1,82,1.0,0.13024717569351196,-0.08396946638822556,-0.39911583065986633,0.010936785841557661
77,87,1.0,0.11014939844608307,0.09923664480447769,1.2404536008834839,0.010930856729020832
102,109,1.0,0.09539038687944412,-0.11450381577014923,-1.583923101425171,0.01092256328548713
51,105,1.0,0.06807135790586472,-0.16030533611774445,-1.9583277702331543,0.010912201909090924
50,59,1.0,0.07520590722560883,0.1450381726026535,1.9083296060562134,0.010907727352926999
104,120,1.0,0.10984007269144058,-0.09923664480447769,-0.7289651036262512,0.010900160278978499
97,125,1.0,0.09508981555700302,0.11450381577014923,1.6165090799331665,0.010888146722156544
88,101,1.0,0.09508033096790314,0.11450381577014923,1.323805570602417,0.010887060700513596
43,113,1.0,0.10968004167079926,-0.09923664480447769,-0.7186001539230347,0.010884279337425418
71,107,1.0,0.10964391380548477,-0.09923664480447769,-2.6422007083892822,0.01088069412928766
84,113,1.0,0.09487907588481903,0.11450381577014923,1.1746978759765625,0.010864016225557327
45,100,1.0,0.1293187141418457,-0.08396946638822556,-2.462761402130127,0.010858823420502262
66,111,1.0,0.09482891857624054,-0.11450381577014923,-2.7010481357574463,0.010858273022336329
74,114,1.0,0.08366824686527252,-0.12977099418640137,-2.4702436923980713,0.010857711577539675
39,44,1.0,0.2843243479728699,0.038167938590049744,0.009517992846667767,0.010852074253084432
61,116,1.0,0.1292376071214676,0.08396946638822556,0.617000937461853,0.010852012907280773
43,125,0.9999999403953552,0.10927654802799225,-0.09923664480447769,-1.2725735902786255,0.010844237335746361
87,101,1.0,0.09459075331687927,-0.11450381577014923,-0.9008867740631104,0.010831002191355577
4,66,1.0,0.15742848813533783,-0.06870228797197342,-2.9241015911102295,0.01081569732686638
2,35,1.0,0.10896263271570206,0.09923664480447769,0.6753115653991699,0.010813086079768885
51,62,1.0,0.083224818110466,-0.12977099418640137,-1.4284337759017944,0.010800167387177595
66,99,1.0,0.083181232213974,0.12977099418640137,1.8333687782287598,0.010794511202057322
34,85,0.9999999403953552,0.15707817673683167,0.06870228797197342,2.4710500240325928,0.010791629489055064
116,119,1.0,0.20182941854000092,-0.05343511328101158,-0.24340808391571045,0.010784777843125648
83,101,1.0,0.10858618468046188,0.09923664480447769,2.0328402519226074,0.010775728639808413
77,94,1.0,0.06720054894685745,-0.16030533611774445,-1.4974024295806885,0.010772606586222921
70,114,1.0,0.08298822492361069,0.12977099418640137,1.7379720211029053,0.010769464454101652
10,79,1.0,0.15673917531967163,-0.06870228797197342,-0.9030182957649231,0.01076833995930171
7,70,1.0,0.09399667382240295,-0.11450381577014923,-1.0316523313522339,0.010762977822367237
28,51,1.0,0.20131254196166992,-0.05343511328101158,-0.04330522567033768,0.01075715848461023
111,121,1.0,0.07412220537662506,0.1450381726026535,0.9043722152709961,0.010750549217104277
77,83,1.0,0.09387834370136261,0.11450381577014923,1.106111764907837,0.010749428571987574
32,37,1.0,0.10829947888851166,-0.09923664480447769,-2.027358293533325,0.010747276918969262
72,122,1.0,0.10826564580202103,-0.09923664480447769,-1.1563750505447388,0.010743919436982552
32,91,1.0,0.1279495805501938,-0.08396946638822556,-2.3238232135772705,0.010743858003397055
5,98,1.0,0.0740116536617279,0.1450381726026535,0.678511381149292,0.010734514998397504
48,112,1.0,0.09373996406793594,-0.11450381577014923,-0.22867351770401,0.010733583575935346
54,63,1.0,0.12779703736305237,-0.08396946638822556,-2.7154128551483154,0.010731049033371631
50,122,1.0,0.10812274366617203,-0.09923664480447769,-2.5675833225250244,0.010729738308485504
30,123,1.0,0.20061077177524567,-0.05343511328101158,-3.0042810440063477,0.010719659315201413
6,101,1.0,0.10799159109592438,-0.09923664480447769,-1.6694000959396362,0.010716723167456643
79,101,1.0,0.10787554085254669,0.09923664480447769,2.373621940612793,0.010705206730675099
50,92,1.0,0.07380575686693192,0.1450381726026535,1.9712278842926025,0.01070465210353555
15,60,1.0,0.15580977499485016,-0.06870228797197342,-0.34002915024757385,0.010704488030544579
3,111,1.0,0.10786251723766327,0.09923664480447769,0.8879516124725342,0.010703914310830842
21,100,1.0,0.06673973798751831,0.16030533611774445,1.2636970281600952,0.01069873613049932
15,83,1.0,0.093397356569767,-0.11450381577014923,-0.6930384039878845,0.010694353710083537
65,126,1.0,0.15565328299999237,-0.06870228797197342,-0.41591671109199524,0.01069373667244855
22,61,1.0,0.15553845465183258,0.06870228797197342,0.33088743686676025,0.01068584770220593
80,103,1.0,0.10760917514562607,-0.09923664480447769,-2.035374164581299,0.010678773491629323
49,88,1.0,0.08227890729904175,0.12977099418640137,2.0143392086029053,0.010677415600767404
36,65,1.0,0.1554049849510193,0.06870228797197342,0.29051756858825684,0.010676678028385123
94,95,1.0,0.10756969451904297,0.09923664480447769,0.5052725076675415,0.010674855566712438
108,114,1.0,0.10754916071891785,0.09923664480447769,2.411024570465088,0.010672817861282935
70,106,1.0,0.0735396221280098,-0.1450381726026535,-2.109692096710205,0.010666052407336202
32,58,1.0,0.08218558877706528,-0.12977099418640137,-1.6859358549118042,0.010665305563394512
20,75,1.0,0.09312257915735245,0.11450381577014923,2.095130205154419,0.010662890647874623
66,98,1.0,0.15517939627170563,-0.06870228797197342,-0.28430676460266113,0.010661179569975698
64,66,1.0,0.09310303628444672,0.11450381577014923,2.4184815883636475,0.010660652914355806
102,111,1.0,0.12684665620326996,0.08396946638822556,2.597337245941162,0.01065124603451928
22,112,1.0,0.08204111456871033,-0.12977099418640137,-2.2665491104125977,0.010646557001741996
42,107,1.0,0.12679079174995422,0.08396946638822556,2.481689929962158,0.010646555126184287
107,119,1.0,0.10721305757761002,0.09923664480447769,1.7304247617721558,0.0106394641132313
15,101,1.0,0.10715090483427048,-0.09923664480447769,-0.8836883902549744,0.010633296283516891
10,103,1.0,0.15452654659748077,-0.06870228797197342,-2.8113296031951904,0.010616327303654693
36,108,1.0,0.08178988099098206,-0.12977099418640137,-1.5285756587982178,0.010613954170587192
15,99,0.9999999403953552,0.1068740040063858,0.09923664480447769,2.2647902965545654,0.010605816942258045
38,97,1.0,0.12630309164524078,0.08396946638822556,0.5772190690040588,0.010605603208634018
15,81,1.0,0.09261824190616608,-0.11450381577014923,-2.927002429962158,0.010605142108178756
17,32,1.0,0.15432222187519073,0.06870228797197342,0.3473556339740753,0.01060228972774413
70,124,1.0,0.1068357601761818,0.09923664480447769,0.9929333925247192,0.010602022385020116
52,60,1.0,0.08160145580768585,-0.12977099418640137,-1.495013952255249,0.010589502047221089
74,109,1.0,0.0815863087773323,0.12977099418640137,2.745260000228882,0.010587536402033138
47,57,1.0,0.1540297120809555,-0.06870228797197342,-0.2143545299768448,0.010582193635625958
31,107,1.0,0.08148716390132904,-0.12977099418640137,-1.7719656229019165,0.010574670272905706
18,49,1.0,0.1978105902671814,0.05343511328101158,0.3348991274833679,0.010570031299110605
73,115,1.0,0.08143012225627899,0.12977099418640137,1.5434849262237549,0.010567267921917534
7,43,1.0,0.07283420115709305,0.1450381726026535,1.1946132183074951,0.010563739438798847
74,99,1.0,0.08138787001371384,-0.12977099418640137,-2.0069572925567627,0.010561784806393248
1,77,1.0,0.1257469803094864,0.08396946638822556,0.6173462271690369,0.010558906836518278
48,119,1.0,0.125698521733284,0.08396946638822556,0.3950577676296234,0.01055483779573263
15,57,1.0,0.1256655752658844,0.08396946638822556,0.5503087639808655,0.010552071298445709
36,62,1.0,0.1255713552236557,0.08396946638822556,0.27176034450531006,0.010544159691776689
5,111,1.0,0.0920834019780159,0.11450381577014923,0.7661184668540955,0.010543900895579328
24,64,1.0,0.09202954173088074,0.11450381577014923,2.3202872276306152,0.010537733691764029
62,117,1.0,0.10612279176712036,0.09923664480447769,2.5318541526794434,0.010531269792253273
34,88,1.0,0.1253894418478012,0.08396946638822556,1.169403076171875,0.010528884522677306
122,124,1.0,0.09189201891422272,-0.11450381577014923,-1.5515034198760986,0.010521986804501227
75,109,1.0,0.10597486048936844,-0.09923664480447769,-1.7618507146835327,0.010516589588587533
25,94,1.0,0.10595383495092392,0.09923664480447769,1.889370322227478,0.010514503084697091
34,67,1.0,0.12518949806690216,-0.08396946638822556,-2.444037914276123,0.010512095350087569
6,31,1.0,0.0917632132768631,0.11450381577014923,2.5707902908325195,0.010507238067530844
10,99,1.0,0.15291377902030945,0.06870228797197342,0.2904697358608246,0.010505526481136007
30,40,1.0,0.12504586577415466,0.08396946638822556,0.1861720234155655,0.010500034623109444
10,87,1.0,0.12504348158836365,-0.08396946638822556,-0.37271952629089355,0.010499834424300802
74,124,1.0,0.09167060256004333,0.11450381577014923,1.7462013959884644,0.010496633787073772
5,14,1.0,0.0916348248720169,-0.11450381577014923,-2.8508522510528564,0.010492537105275312
70,100,1.0,0.15269631147384644,0.06870228797197342,2.7512526512145996,0.010490585963134347
34,46,1.0,0.1056365892291069,-0.09923664480447769,-1.717519760131836,0.010483020683685396
36,46,1.0,0.10562355071306229,0.09923664480447769,1.7625678777694702,0.010481726785099899
60,70,1.0,0.1524689793586731,0.06870228797197342,2.5127809047698975,0.01047496772669243
12,74,1.0,0.12464924156665802,0.08396946638822556,3.0464999675750732,0.010466730300049298
47,116,1.0,0.08058416843414307,0.12977099418640137,0.917522668838501,0.010457487653383168
42,78,1.0,0.19566991925239563,0.05343511328101158,2.6827216148376465,0.01045564430093815
57,124,1.0,0.1245093122124672,-0.08396946638822556,-0.8193925619125366,0.010454980506845846
90,108,1.0,0.1053195595741272,0.09923664480447769,1.0716922283172607,0.010451559724421688
60,110,1.0,0.12446760386228561,-0.08396946638822556,-0.6472120881080627,0.010451478278937165
12,20,1.0,0.12446346133947372,0.08396946638822556,2.6182756423950195,0.01045113043350715
14,91,1.0,0.09125689417123795,0.11450381577014923,1.6981358528137207,0.010449262597939435
40,117,1.0,0.15208293497562408,0.06870228797197342,0.35298627614974976,0.010448445594318234
53,61,1.0,0.12439798563718796,0.08396946638822556,0.7824199795722961,0.01044563247372482
55,82,1.0,0.10520719736814499,-0.09923664480447769,-1.0537776947021484,0.010440409276097184
45,105,1.0,0.1243136003613472,0.08396946638822556,2.405034303665161,0.010438546687141448
47,52,1.0,0.15191908180713654,-0.06870228797197342,-2.756089210510254,0.010437188506751682
30,65,1.0,0.12417220324277878,-0.08396946638822556,-2.676893472671509,0.010426673646546425
28,87,1.0,0.15176264941692352,0.06870228797197342,0.5905236005783081,0.010426441243631124
112,115,1.0,0.1049378365278244,0.09923664480447769,2.774655342102051,0.010413678810062055
95,126,1.0,0.09094519168138504,-0.11450381577014923,-2.787943124771118,0.010413571473466221
1,104,1.0,0.10489451140165329,0.09923664480447769,2.3886890411376953,0.010409379369905103
50,90,1.0,0.12388413399457932,-0.08396946638822556,-0.47311490774154663,0.010402484625492259
76,82,1.0,0.12374617159366608,0.08396946638822556,0.18393899500370026,0.010390899996305936
77,124,1.0,0.15122050046920776,0.06870228797197342,3.0608553886413574,0.010389194370501453
50,110,1.0,0.12361235916614532,0.08396946638822556,2.5591490268707275,0.010379663838170905
56,121,1.0,0.07149426639080048,-0.1450381726026535,-2.495466470718384,0.010369397748889009
8,9,1.0,0.12340443581342697,0.08396946638822556,2.440886974334717,0.010362204625193494
41,92,1.0,0.10440324246883392,-0.09923664480447769,-1.4746437072753906,0.010360627489315433
48,52,1.0,0.12332755327224731,0.08396946638822556,2.6844067573547363,0.010355748839236067
108,116,1.0,0.10431987792253494,0.09923664480447769,1.5528379678726196,0.010352354671445074
48,86,1.0,0.104294553399086,0.09923664480447769,1.2841798067092896,0.010349841550706729
39,90,1.0,0.10414233058691025,0.09923664480447769,2.4267196655273438,0.010334735469563705
13,120,1.0,0.07962745428085327,0.12977099418640137,1.1639848947525024,0.01033333390655855
15,20,1.0,0.19316883385181427,0.05343511328101158,0.013841675594449043,0.0103219985192326
19,20,1.0,0.15019835531711578,0.06870228797197342,2.5964925289154053,0.010318970659913274
7,49,1.0,0.09010108560323715,0.11450381577014923,2.1347928047180176,0.010316918106603512
98,107,1.0,0.1227186769247055,-0.08396946638822556,-2.625067710876465,0.01030462181723657
64,123,1.0,0.0898875743150711,0.11450381577014923,1.805583119392395,0.0102924702493985
3,74,1.0,0.08987576514482498,-0.11450381577014923,-0.9245944619178772,0.01029111805434424
21,118,1.0,0.12251516431570053,0.08396946638822556,1.850615382194519,0.010287532972055147
98,124,1.0,0.08978867530822754,-0.11450381577014923,-1.5746434926986694,0.010281145935739033
74,101,1.0,0.12236986309289932,0.08396946638822556,2.605656147003174,0.010275332105910973
4,39,1.0,0.08972157537937164,0.11450381577014923,1.853549599647522,0.010273462737847128
21,54,1.0,0.12229343503713608,0.08396946638822556,0.7691647410392761,0.010268914482851443
77,109,1.0,0.10330899804830551,-0.09923664480447769,-0.2648530900478363,0.010252038344426173
42,99,1.0,0.07066018879413605,-0.1450381726026535,-2.075016975402832,0.010248424658459987
69,78,1.0,0.08950168639421463,-0.11450381577014923,-1.5857278108596802,0.010248284610000824
10,47,1.0,0.12200754135847092,0.08396946638822556,1.102562427520752,0.010244908143210163
23,117,1.0,0.14911231398582458,-0.06870228797197342,-0.5398436188697815,0.01024435713562144
14,112,1.0,0.12193566560745239,-0.08396946638822556,-2.157724142074585,0.010238872774750885
19,27,1.0,0.10284532606601715,0.09923664480447769,1.6005644798278809,0.010206025092614035
12,80,1.0,0.12151384353637695,0.08396946638822556,0.3039974868297577,0.010203452600531904
11,60,1.0,0.07855565845966339,0.12977099418640137,1.3631709814071655,0.01019424589727791
35,84,1.0,0.10260286182165146,-0.09923664480447769,-1.604288935661316,0.01018196375451813
19,104,1.0,0.07841717451810837,-0.12977099418640137,-2.006021022796631,0.010176274698503462
57,94,1.0,0.1024789810180664,-0.09923664480447769,-0.9577941298484802,0.010169670239214668
33,125,1.0,0.147975355386734,-0.06870228797197342,-2.8308818340301514,0.010166245478534508
33,85,1.0,0.10241064429283142,0.09923664480447769,1.7212575674057007,0.010162888731885422
30,95,1.0,0.08864111453294754,-0.11450381577014923,-1.793900728225708,0.010149745848141323
80,98,0.9999999403953552,0.10227791219949722,-0.09923664480447769,-1.0438963174819946,0.010149716239314795
10,42,1.0,0.10225692391395569,0.09923664480447769,2.2286407947540283,0.010147634037247721
61,73,1.0,0.1476372927427292,-0.06870228797197342,-0.5971723198890686,0.010143019801413522
25,51,1.0,0.102200947701931,0.09923664480447769,0.7832851409912109,0.010142079145777527
76,125,1.0,0.07808888703584671,0.12977099418640137,0.9052215218544006,0.010133672505551417
2,62,1.0,0.08841092139482498,0.11450381577014923,2.2449586391448975,0.010123387855462185
14,41,1.0,0.08833708614110947,0.11450381577014923,2.127272605895996,0.010114933437173401
70,74,1.0,0.10192696750164032,0.09923664480447769,1.3971115350723267,0.010114890269957821
17,99,1.0,0.10190898180007935,-0.09923664480447769,-1.279062032699585,0.010113105429280456
6,111,1.0,0.07792538404464722,0.12977099418640137,0.8659995794296265,0.010112454559831008
37,64,1.0,0.18920466303825378,-0.05343511328101158,-3.100935697555542,0.010110172602744716
21,116,1.0,0.10187317430973053,-0.09923664480447769,-1.0681015253067017,0.01010955201407937
21,66,1.0,0.1018708273768425,0.09923664480447769,0.8672425150871277,0.010109319112333981
74,81,1.0,0.10182823240756989,-0.09923664480447769,-1.9230927228927612,0.010105092130497817
54,106,1.0,0.08813098073005676,0.11450381577014923,2.00201416015625,0.010091333581156992
36,94,0.9999999403953552,0.08811942487955093,0.11450381577014923,0.9484542012214661,0.01009000979076812
39,107,0.9999999403953552,0.12014589458703995,-0.08396946638822556,-0.7514046430587769,0.010088586055883118
13,50,1.0,0.10156434029340744,0.09923664480447769,1.1195659637451172,0.010078904362497976
69,116,1.0,0.26406580209732056,0.038167938590049744,0.1686893105506897,0.01007884731818276
26,89,1.0,0.11993606388568878,0.08396946638822556,1.002789855003357,0.010070967285185417
1,49,1.0,0.06943311542272568,-0.1450381726026535,-2.481874704360962,0.01007045217902125
77,123,1.0,0.14657707512378693,-0.06870228797197342,-2.957242488861084,0.01007018042524399
81,108,1.0,0.10142665356397629,0.09923664480447769,2.1779558658599854,0.010065240793435126
61,82,1.0,0.07755039632320404,-0.12977099418640137,-1.889352798461914,0.010063792030411634
4,18,1.0,0.1463596224784851,-0.06870228797197342,-2.957486152648926,0.010055240930986198
83,87,1.0,0.10122380405664444,0.09923664480447769,1.0525932312011719,0.010045110688927272
31,32,1.0,0.11954894661903381,0.08396946638822556,0.9050734043121338,0.010038461254874731
5,47,1.0,0.08765799552202225,-0.11450381577014923,-1.932741403579712,0.010037174970034202
5,64,1.0,0.08764003217220306,-0.11450381577014923,-1.3982247114181519,0.010035118097935891
66,88,1.0,0.07725653797388077,0.12977099418640137,1.4091112613677979,0.010025657740269978
30,115,1.0,0.11926937848329544,-0.08396946638822556,-0.40282151103019714,0.010014986067697629
67,112,1.0,0.08739306032657623,-0.11450381577014923,-1.8749340772628784,0.010006838879223823
18,34,1.0,0.06238718703389168,0.16030533611774445,1.7239551544189453,0.010000998986908594
90,111,1.0,0.08731327205896378,-0.11450381577014923,-0.845400333404541,0.009997702818128507
14,60,1.0,0.11900770664215088,0.08396946638822556,0.12670110166072845,0.009993013622827895
27,81,1.0,0.11897240579128265,-0.08396946638822556,-2.334235668182373,0.00999004942921744
26,61,1.0,0.06887803971767426,0.1450381726026535,1.5793284177780151,0.009989945013104462
2,119,1.0,0.14538051187992096,0.06870228797197342,2.6130988597869873,0.009987973792687233
65,99,1.0,0.18686431646347046,-0.05343511328101158,-0.4426302909851074,0.009985115918404341
114,117,1.0,0.11888652294874191,0.08396946638822556,2.708573341369629,0.00998283789275739
76,88,1.0,0.062271445989608765,-0.16030533611774445,-1.6375404596328735,0.009982445079902202
23,30,1.0,0.10058271139860153,0.09923664480447769,0.9358887672424316,0.00998149080453431
25,28,1.0,0.0769062489271164,0.12977099418640137,1.7438448667526245,0.009980200382418758
71,72,1.0,0.08710426837205887,-0.11450381577014923,-1.0480449199676514,0.009973771098467865
3,61,1.0,0.11877818405628204,0.08396946638822556,0.7670431733131409,0.009973740733768444
35,50,1.0,0.08703910559415817,0.11450381577014923,1.925910472869873,0.009966309711752053
55,90,1.0,0.18620502948760986,0.05343511328101158,0.39489755034446716,0.009949886844164535
4,16,1.0,0.14472422003746033,0.06870228797197342,0.4141976237297058,0.009942885041532845
17,76,1.0,0.08682392537593842,-0.11450381577014923,-2.706949472427368,0.009941670755687637
37,97,1.0,0.14466725289821625,-0.06870228797197342,-0.7964927554130554,0.009938971268727559
7,10,1.0,0.08670581877231598,0.11450381577014923,0.9948865175247192,0.009928147098905216
24,72,1.0,0.08669517934322357,0.11450381577014923,1.4637014865875244,0.009926928843676519
47,62,1.0,0.10002268105745316,-0.09923664480447769,-2.251863956451416,0.009925915272490038
68,78,1.0,0.11815793812274933,0.08396946638822556,1.3649659156799316,0.009921659013700235
62,86,1.0,0.06840183585882187,0.1450381726026535,1.778705358505249,0.00992087727563018
44,113,1.0,0.14440153539180756,0.06870228797197342,2.5715620517730713,0.009920715868083074
44,97,1.0,0.08662547916173935,0.11450381577014923,0.9761512279510498,0.009918947906936704
75,99,1.0,0.09994103014469147,0.09923664480447769,0.6034689545631409,0.009917812509862345
104,115,1.0,0.18544472754001617,0.05343511328101158,2.7396578788757324,0.009909260023467092
6,100,1.0,0.0998339056968689,0.09923664480447769,1.2656352519989014,0.0099071818390839
96,121,1.0,0.08652212470769882,0.11450381577014923,1.5237947702407837,0.009907113427572223
74,119,1.0,0.18531568348407745,0.05343511328101158,2.942963123321533,0.009902364539719766
104,118,1.0,0.0682569146156311,0.1450381726026535,2.7422988414764404,0.009899858163346487
18,97,1.0,0.11784712225198746,0.08396946638822556,0.037274036556482315,0.009895559970887369
55,71,1.0,0.11782754212617874,0.08396946638822556,0.23606427013874054,0.009893915838171397
51,124,1.0,0.08640393614768982,0.11450381577014923,2.0676517486572266,0.009893580386470813
8,31,1.0,0.08638472110033035,0.11450381577014923,1.4159164428710938,0.00989138019022795
24,118,1.0,0.07620846480131149,0.12977099418640137,1.3297001123428345,0.009889648242685567
28,123,1.0,0.14391843974590302,-0.06870228797197342,-2.85154390335083,0.009887526091900134
32,50,1.0,0.07618051022291183,0.12977099418640137,0.8658245801925659,0.009886020549254582
74,112,1.0,0.18498098850250244,0.05343511328101158,0.13366682827472687,0.009884480075464719
36,81,1.0,0.08622326701879501,-0.11450381577014923,-1.2676279544830322,0.009872893081820489
95,104,1.0,0.14366278052330017,-0.06870228797197342,-2.700568675994873,0.009869961718366183
88,92,1.0,0.11753193289041519,-0.08396946638822556,-1.0616836547851562,0.0098690936883849
69,96,1.0,0.09943701326847076,-0.09923664480447769,-2.16654109954834,0.009867795566141369
20,43,1.0,0.09942491352558136,-0.09923664480447769,-2.1332058906555176,0.009866594828254027
44,57,1.0,0.25831499695777893,-0.038167938590049744,-3.115588426589966,0.009859350940773393
48,67,1.0,0.14348037540912628,-0.06870228797197342,-2.5441701412200928,0.009857430069684647
65,114,1.0,0.08607020229101181,-0.11450381577014923,-2.2669789791107178,0.009855366586429493
28,113,1.0,0.11732010543346405,0.08396946638822556,0.6135350465774536,0.009851306649858338
109,114,1.0,0.08600803464651108,0.11450381577014923,1.7058452367782593,0.009848248153916717
77,100,1.0,0.18421246111392975,-0.05343511328101158,-2.8863768577575684,0.009843413727396777
121,123,1.0,0.1840381771326065,0.05343511328101158,3.0993404388427734,0.009834100843111704
7,29,1.0,0.06132734939455986,0.16030533611774445,1.310487151145935,0.00983110135790527
13,81,1.0,0.11700195074081421,0.08396946638822556,1.7291762828826904,0.00982459137008762
34,51,1.0,0.08579065650701523,-0.11450381577014923,-2.1408281326293945,0.009823357527479426
17,97,1.0,0.07567178457975388,0.12977099418640137,1.990691065788269,0.009820002716773857
49,95,1.0,0.09892798215150833,0.09923664480447769,0.8326750993728638,0.009817281025992941
60,114,1.0,0.183562770485878,0.05343511328101158,3.115539312362671,0.00980869743508922
10,37,1.0,0.08557231724262238,0.11450381577014923,1.2240043878555298,0.009798356848573997
54,110,1.0,0.08548898249864578,0.11450381577014923,1.633992314338684,0.009788814702402449
6,10,1.0,0.09863147884607315,-0.09923664480447769,-1.8785001039505005,0.009787857032788116
31,119,1.0,0.09861675649881363,0.09923664480447769,0.9745849370956421,0.009786396036442435
23,50,1.0,0.1422826051712036,-0.06870228797197342,-2.786473512649536,0.009775140513874625
61,96,1.0,0.11638769507408142,0.08396946638822556,0.5921851992607117,0.009773012649526125
21,71,1.0,0.08533603698015213,-0.11450381577014923,-1.903455138206482,0.009771301856929981
19,87,1.0,0.1422116607427597,0.06870228797197342,2.5597646236419678,0.009770266469321665
17,79,1.0,0.11631052941083908,0.08396946638822556,0.6883968710899353,0.009766533089960172
63,120,1.0,0.11627957224845886,0.08396946638822556,0.7400126457214355,0.009763933633554212
61,102,1.0,0.14203742146492004,0.06870228797197342,0.08723196387290955,0.009758295832279495
36,117,1.0,0.08518342673778534,0.11450381577014923,2.4035472869873047,0.009753827401853377
10,39,1.0,0.14194539189338684,0.06870228797197342,2.4148383140563965,0.009751973190154084
26,37,1.0,0.09824938327074051,-0.09923664480447769,-1.9282617568969727,0.009749939149897469
37,92,1.0,0.0851404070854187,-0.11450381577014923,-2.1574716567993164,0.009748901487504291
68,83,1.0,0.09823057800531387,-0.09923664480447769,-2.0972166061401367,0.009748072978451872
2,19,1.0,0.08511466532945633,0.11450381577014923,1.0524897575378418,0.009745953958221976
23,29,1.0,0.07508333027362823,-0.12977099418640137,-1.617834210395813,0.009743638416434663
16,75,1.0,0.11589232087135315,0.08396946638822556,0.5759373903274536,0.00973141634206054
38,125,1.0,0.08498695492744446,0.11450381577014923,2.2461013793945312,0.009731330629878077
45,50,1.0,0.11584273725748062,0.08396946638822556,0.5622288584709167,0.009727252832462063
75,92,1.0,0.08492105454206467,0.11450381577014923,1.2283130884170532,0.009723784784291367
99,117,1.0,0.11571046710014343,-0.08396946638822556,-0.6391019225120544,0.009716146177931373
42,48,1.0,0.14141981303691864,-0.06870228797197342,-2.6254637241363525,0.009715864720205025
62,101,1.0,0.08484946191310883,-0.11450381577014923,-1.3349487781524658,0.009715587155094907
19,94,1.0,0.08483437448740005,0.11450381577014923,1.8675850629806519,0.009713859587281104
55,70,1.0,0.11567338556051254,-0.08396946638822556,-0.2367333322763443,0.009713032460835713
70,86,1.0,0.14136826992034912,-0.06870228797197342,-2.80686616897583,0.009712323590167493
33,120,1.0,0.1413675844669342,0.06870228797197342,0.048811011016368866,0.00971227649794959
49,73,1.0,0.0978536456823349,0.09923664480447769,1.1684865951538086,0.00971066747940108
45,86,1.0,0.08475908637046814,-0.11450381577014923,-1.4729690551757812,0.00970523881061025
38,71,1.0,0.084751196205616,-0.11450381577014923,-1.0884358882904053,0.009704335356627625
120,121,1.0,0.09772409498691559,-0.09923664480447769,-1.4350959062576294,0.009697811303055581
15,102,1.0,0.0746728703379631,0.12977099418640137,1.9331811666488647,0.009690372622509713
80,113,1.0,0.1813453733921051,-0.05343511328101158,-2.7659413814544678,0.00969021057019448
49,123,1.0,0.11529003828763962,-0.08396946638822556,-2.8238964080810547,0.009680842994891192
94,117,1.0,0.08454332500696182,0.11450381577014923,0.6630273461341858,0.009680533311193007
11,79,1.0,0.1152849793434143,-0.08396946638822556,-0.81475430727005,0.009680418198044105
2,115,1.0,0.09748272597789764,-0.09923664480447769,-0.398812472820282,0.009673858652440859
76,107,1.0,0.09746052324771881,-0.09923664480447769,-1.9505105018615723,0.009671655327992412
67,68,1.0,0.07452790439128876,-0.12977099418640137,-1.3978650569915771,0.00967156024748661
53,113,1.0,0.11508714407682419,0.08396946638822556,0.8274887204170227,0.00966380607627576
15,56,1.0,0.09736979007720947,0.09923664480447769,1.6108473539352417,0.009662651272578593
96,103,1.0,0.0744505450129509,-0.12977099418640137,-0.954114556312561,0.009661521244050064
58,105,1.0,0.14061883091926575,-0.06870228797197342,-2.3337199687957764,0.009660835416097635
69,84,1.0,0.14059290289878845,0.06870228797197342,1.1207414865493774,0.00965905410176826
18,112,1.0,0.09726334363222122,-0.09923664480447769,-1.6384011507034302,0.009652087884526594
34,48,1.0,0.0842595025897026,-0.11450381577014923,-1.4594345092773438,0.00964803456141572
88,119,1.0,0.14035673439502716,0.06870228797197342,2.742208242416382,0.009642828785212942
3,118,1.0,0.0971134603023529,-0.09923664480447769,-1.430242657661438,0.00963721396575834
100,103,1.0,0.18023400008678436,0.05343511328101158,-0.16263775527477264,0.009630824211727174
46,84,1.0,0.09701027721166611,-0.09923664480447769,-0.8016379475593567,0.009626974422038026
9,17,1.0,0.11460898816585541,0.08396946638822556,1.4008750915527344,0.009623655579581336
53,70,1.0,0.11460883915424347,-0.08396946638822556,-0.3293101191520691,0.009623643067155796
8,104,1.0,0.14007650315761566,0.06870228797197342,2.370126962661743,0.009623576258041555
29,32,1.0,0.09695591032505035,-0.09923664480447769,-1.0535768270492554,0.009621579234621813
17,63,1.0,0.09695080667734146,-0.09923664480447769,-2.7513930797576904,0.009621072765746919
88,100,1.0,0.14001402258872986,-0.06870228797197342,-0.7724505662918091,0.00961928370000531
6,89,1.0,0.09692859649658203,0.09923664480447769,0.69391268491745,0.009618868701927852
31,105,1.0,0.11448496580123901,0.08396946638822556,0.31558072566986084,0.009613241487804292
76,126,0.9999999403953552,0.09678804874420166,-0.09923664480447769,-1.832066535949707,0.009604920642048896
27,68,1.0,0.07398078590631485,0.12977099418640137,1.3671618700027466,0.009600560137753789
44,55,1.0,0.13971756398677826,-0.06870228797197342,-2.9130308628082275,0.009598916315762263
34,52,1.0,0.11424428224563599,0.08396946638822556,2.4932920932769775,0.009593031418071885
7,21,1.0,0.08362696319818497,0.11450381577014923,1.2965748310089111,0.009575606387462021
5,91,1.0,0.09644829481840134,0.09923664480447769,2.0079808235168457,0.00957120517489124
70,72,1.0,0.17901253700256348,0.05343511328101158,0.12340951710939407,0.009565555193453257
1,123,1.0,0.07364814728498459,-0.12977099418640137,-2.135666608810425,0.009557393293158967
8,99,1.0,0.08345457911491394,-0.11450381577014923,-0.8848577737808228,0.00955586775214945
18,79,1.0,0.0834200456738472,0.11450381577014923,2.3365049362182617,0.009551913541375634
81,86,1.0,0.0658564418554306,-0.1450381726026535,-1.739194631576538,0.009551697980824558
26,29,1.0,0.08339330554008484,-0.11450381577014923,-1.680817723274231,0.00954885169402564
19,106,1.0,0.09622282534837723,0.09923664480447769,1.2883292436599731,0.009548830341180203
67,118,0.9999999403953552,0.11371339857578278,0.08396946638822556,1.8475100994110107,0.009548452830467914
56,100,1.0,0.11370883882045746,-0.08396946638822556,-2.2928879261016846,0.00954807051937856
65,73,1.0,0.0658138245344162,0.1450381726026535,1.4441161155700684,0.009545516842463408
49,106,1.0,0.09617692977190018,-0.09923664480447769,-1.5580370426177979,0.009544275818159254
21,104,1.0,0.17858237028121948,0.05343511328101158,2.9837067127227783,0.009542569185968519
26,94,1.0,0.1388796865940094,0.06870228797197342,2.8817689418792725,0.00954135222183905
10,21,1.0,0.11360662430524826,-0.08396946638822556,-0.7446227669715881,0.009539487621079312
9,58,1.0,0.08322247862815857,0.11450381577014923,2.2686986923217773,0.00952929136077385
16,76,1.0,0.09596741199493408,-0.09923664480447769,-2.5184662342071533,0.009523483976946245
37,126,1.0,0.08316491544246674,-0.11450381577014923,-1.1123614311218262,0.00952270015636425
78,124,1.0,0.13858124613761902,0.06870228797197342,0.21879246830940247,0.009520848679661631
51,109,1.0,0.09592736512422562,-0.09923664480447769,-1.144266128540039,0.009519509859862219
10,90,1.0,0.08306578546762466,-0.11450381577014923,-1.4153845310211182,0.009511349395987634
108,117,1.0,0.13841228187084198,-0.06870228797197342,-0.4734121561050415,0.009509240447948542
20,33,1.0,0.09571059793233871,-0.09923664480447769,-1.4415751695632935,0.009497998611035674
39,109,1.0,0.09565142542123795,-0.09923664480447769,-1.2310134172439575,0.009492126529569378
35,98,1.0,0.09562510997056961,0.09923664480447769,1.095823049545288,0.009489515072538535
50,64,1.0,0.08286678791046143,0.11450381577014923,2.022784948348999,0.009488563416363505
70,122,1.0,0.13807304203510284,-0.06870228797197342,-2.920030117034912,0.009485933895062026
41,63,1.0,0.09552028775215149,0.09923664480447769,1.0088112354278564,0.009479112867281758
58,115,1.0,0.24776066839694977,0.038167938590049744,0.27411022782325745,0.009456513976404457
68,89,1.0,0.08255429565906525,-0.11450381577014923,-0.9686852693557739,0.009452781861180037
37,117,1.0,0.13748513162136078,-0.06870228797197342,-2.509758710861206,0.009445543104515397
28,29,1.0,0.09515935927629471,0.09923664480447769,0.8646488189697266,0.009443295536323337
60,113,1.0,0.08244671672582626,-0.11450381577014923,-1.1733636856079102,0.009440463662827692
23,35,1.0,0.09510339796543121,-0.09923664480447769,-2.311317205429077,0.009437742123594384
12,123,1.0,0.09505544602870941,0.09923664480447769,2.490560293197632,0.009432983534282235
31,121,1.0,0.0950249433517456,0.09923664480447769,1.8677335977554321,0.009429956550962793
40,118,1.0,0.08230860531330109,-0.11450381577014923,-1.14090096950531,0.009424649379092154
26,113,1.0,0.08229625970125198,-0.11450381577014923,-1.057371973991394,0.009423235759404514
56,61,1.0,0.13714826107025146,0.06870228797197342,0.1196838915348053,0.009422399326903808
14,38,1.0,0.11219499260187149,0.08396946638822556,0.6697378158569336,0.009420953660210063
37,110,1.0,0.08222930878400803,0.11450381577014923,2.528437376022339,0.009415569623910769
47,120,1.0,0.1370123028755188,0.06870228797197342,2.8126089572906494,0.009413058687857134
81,85,1.0,0.08220426738262177,-0.11450381577014923,-0.8427748084068298,0.00941270228789981
6,60,1.0,0.08209729194641113,0.11450381577014923,2.12484073638916,0.009400453192260017
75,110,1.0,0.11191530525684357,-0.08396946638822556,-2.9754719734191895,0.009397468463092529
58,93,1.0,0.17584094405174255,0.05343511328101158,0.3126562237739563,0.009396080764844883
40,55,1.0,0.09459123760461807,-0.09923664480447769,-2.080440044403076,0.009386917047785437
12,32,1.0,0.17560267448425293,-0.05343511328101158,-0.2004586160182953,0.009383348803514657
1,37,1.0,0.08180837333202362,0.11450381577014923,2.0123472213745117,0.009367370908465622
40,45,1.0,0.0943838432431221,0.09923664480447769,1.3621506690979004,0.00936633592719921
16,95,1.0,0.11147388815879822,-0.08396946638822556,-0.9886509776115417,0.009360402904915022
32,81,1.0,0.11141709238290787,0.08396946638822556,2.7083168029785156,0.009355633793920404
41,44,1.0,0.11133961379528046,-0.08396946638822556,-0.9549174308776855,0.009349127958260817
45,65,1.0,0.09420664608478546,0.09923664480447769,2.5738277435302734,0.009348751475736994
34,91,1.0,0.17471998929977417,0.05343511328101158,0.41183385252952576,0.009336182420690564
5,103,1.0,0.07191754132509232,-0.12977099418640137,-1.8431915044784546,0.009332810837198835
30,120,1.0,0.09403949230909348,-0.09923664480447769,-0.9071579575538635,0.009332163695870921
38,74,1.0,0.13582266867160797,0.06870228797197342,0.25156328082084656,0.009331328096198743
35,52,1.0,0.07185547053813934,0.12977099418640137,1.9007121324539185,0.009324755849466015
92,114,1.0,0.0939638540148735,-0.09923664480447769,-1.1008527278900146,0.009324657605333797
49,67,1.0,0.07183592021465302,-0.12977099418640137,-0.9428687691688538,0.009322218784550529
56,113,1.0,0.11099851131439209,-0.08396946638822556,-0.5776569247245789,0.00932048576495692
5,90,1.0,0.08133064955472946,-0.11450381577014923,-1.550592303276062,0.009312669713081312
39,111,1.0,0.1355402022600174,-0.06870228797197342,-0.8472990393638611,0.009311922007447238
33,78,1.0,0.11087975651025772,0.08396946638822556,2.135721445083618,0.00931051398742272
68,122,1.0,0.08127324283123016,0.11450381577014923,0.952368974685669,0.00930609642418978
19,96,1.0,0.09374098479747772,-0.09923664480447769,-1.0478794574737549,0.00930254081196924
8,18,1.0,0.13536375761032104,0.06870228797197342,2.6171536445617676,0.009299799856312685
86,96,1.0,0.09371115267276764,0.09923664480447769,0.3499910235404968,0.009299580372005622
55,102,1.0,0.1739833652973175,0.05343511328101158,2.847604751586914,0.00929682083367378
2,6,1.0,0.13528811931610107,-0.06870228797197342,-2.215787649154663,0.009294603332441476
10,122,1.0,0.11059233546257019,-0.08396946638822556,-1.5180968046188354,0.009286379395419653
81,112,1.0,0.135147824883461,0.06870228797197342,0.08522723615169525,0.009284964783929373
54,113,1.0,0.11055460572242737,-0.08396946638822556,-0.6672598719596863,0.009283211249272894
42,44,1.0,0.11049193143844604,0.08396946638822556,2.0257434844970703,0.009277948523090718
80,106,1.0,0.1350429505109787,0.06870228797197342,0.5952185988426208,0.009277759674590214
16,87,1.0,0.11045673489570618,0.08396946638822556,0.7233211398124695,0.00927499308817814
39,125,1.0,0.09345140308141708,0.09923664480447769,1.6369858980178833,0.00927380369407066
51,91,1.0,0.1734994500875473,-0.05343511328101158,-0.24474577605724335,0.009270962769621305
50,121,1.0,0.08094789832830429,0.11450381577014923,0.8594415783882141,0.009268843237164925
119,122,1.0,0.09339351952075958,-0.09923664480447769,-0.6044290065765381,0.009268059523721672
37,85,1.0,0.08092159032821655,0.11450381577014923,0.9872879981994629,0.009265830870769598
93,123,1.0,0.09336548298597336,-0.09923664480447769,-2.4595491886138916,0.009265277272077543
87,95,1.0,0.08074956387281418,0.11450381577014923,0.819185197353363,0.009246133185212613
23,39,1.0,0.09316146373748779,0.09923664480447769,1.1902146339416504,0.009245031086382305
8,95,1.0,0.09315528720617294,-0.09923664480447769,-2.542837142944336,0.00924441814813809
39,84,1.0,0.13454438745975494,0.06870228797197342,2.704223394393921,0.009243507252272853
52,118,1.0,0.10998151451349258,0.08396946638822556,0.8144742250442505,0.009235089086266857
38,93,1.0,0.10993274301290512,0.08396946638822556,0.31023383140563965,0.009230993769387574
27,29,1.0,0.10989146679639816,0.08396946638822556,2.330717086791992,0.00922752782751296
66,103,1.0,0.08058247715234756,0.11450381577014923,0.9251013994216919,0.009227001118154665
55,121,1.0,0.13425986468791962,-0.06870228797197342,3.1046438217163086,0.009223959886867639
38,113,1.0,0.09293263405561447,0.09923664480447769,1.1286050081253052,0.00922232279652152
15,39,1.0,0.10981421172618866,-0.08396946638822556,-0.35811007022857666,0.009221040760491683
30,116,1.0,0.13397222757339478,0.06870228797197342,2.534360647201538,0.009204198558994126
105,108,1.0,0.13390599191188812,-0.06870228797197342,-0.7005603909492493,0.009199648017503281
21,79,1.0,0.109409861266613,-0.08396946638822556,-2.435854196548462,0.009187087668167282
39,88,1.0,0.0802244246006012,0.11450381577014923,1.384901762008667,0.009186002734733467
108,122,1.0,0.17183400690555573,0.05343511328101158,0.2259635031223297,0.009181969624528497
62,82,1.0,0.10932105779647827,-0.08396946638822556,-2.151796579360962,0.009179630888166646
63,77,1.0,0.07071227580308914,-0.12977099418640137,-1.4676114320755005,0.009176402332149891
108,109,1.0,0.09246282279491425,-0.09923664480447769,-0.7534971237182617,0.009175700303318268
65,93,1.0,0.17165492475032806,0.05343511328101158,2.7406375408172607,0.009172400349277299
33,42,1.0,0.1334993988275528,-0.06870228797197342,-0.20758415758609772,0.009171714142335863
57,103,1.0,0.10922480374574661,0.08396946638822556,1.103495717048645,0.009171548486889003
44,124,1.0,0.08007636666297913,0.11450381577014923,1.2986412048339844,0.009169049535920681
99,111,1.0,0.10912681370973587,0.08396946638822556,2.369086980819702,0.009163320315853818
22,120,1.0,0.08002275973558426,0.11450381577014923,0.9730669260025024,0.009162911338182256
88,113,1.0,0.10899772495031357,0.08396946638822556,1.6532814502716064,0.00915248080160841
21,98,1.0,0.07043357938528061,-0.12977099418640137,-1.7300153970718384,0.009140235620934689
21,31,1.0,0.10881222039461136,-0.08396946638822556,-1.1772396564483643,0.00913690408305351
25,61,1.0,0.1088079884648323,0.08396946638822556,0.7428086400032043,0.00913654873016817
44,83,1.0,0.10878690332174301,-0.08396946638822556,-2.725958824157715,0.009134778221954243
9,71,1.0,0.07038552314043045,0.12977099418640137,1.5720514059066772,0.009133999314263619
72,116,1.0,0.07036244124174118,-0.12977099418640137,-2.4063711166381836,0.009131003953323003
61,113,1.0,0.10871317982673645,0.08396946638822556,0.4531988799571991,0.009128587699418267
39,76,0.9999999403953552,0.07971368730068207,-0.11450381577014923,-2.1446831226348877,0.009127520820993915
31,89,1.0,0.1327892243862152,-0.06870228797197342,-2.8178045749664307,0.009122923533356753
56,81,1.0,0.07024385035037994,0.12977099418640137,1.5254937410354614,0.009115614295449603
44,64,1.0,0.07960803061723709,0.11450381577014923,2.824082136154175,0.009115423271620515
58,65,1.0,0.10850831121206284,-0.08396946638822556,-1.414005160331726,0.009111384991164428
77,119,0.9999999403953552,0.0795406773686409,0.11450381577014923,1.2247997522354126,0.009107710524789854
51,102,1.0,0.07949449121952057,0.11450381577014923,1.010445237159729,0.009102422577341729
59,88,1.0,0.13246111571788788,0.06870228797197342,0.3556242287158966,0.009100381717139228
43,109,1.0,0.07009205967187881,-0.12977099418640137,-1.5489239692687988,0.009095916268192283
22,80,1.0,0.13202939927577972,0.06870228797197342,0.4103471338748932,0.009070721809811277
30,72,1.0,0.1080077663064003,-0.08396946638822556,-0.23363350331783295,0.0090693545025326
37,121,1.0,0.09136703610420227,-0.09923664480447769,-2.781729221343994,0.00906695810871061
20,36,1.0,0.16965939104557037,-0.05343511328101158,0.2388402372598648,0.009065768779707495
29,78,1.0,0.06249673292040825,-0.1450381726026535,-1.5101853609085083,0.009064411936412109
26,90,1.0,0.10791963338851929,-0.08396946638822556,-0.8722648024559021,0.009061954028446895
103,119,1.0,0.09126421809196472,-0.09923664480447769,-2.1210520267486572,0.00905675479415069
20,123,1.0,0.07903837412595749,-0.11450381577014923,-2.6884868144989014,0.009050195429690766
22,56,1.0,0.16936077177524567,-0.05343511328101158,-0.17885255813598633,0.009049812025169801
46,71,1.0,0.06968077272176743,-0.12977099418640137,-1.2760993242263794,0.009042543151780436
17,110,1.0,0.0911143347620964,0.09923664480447769,1.3590224981307983,0.009041880875382435
1,87,1.0,0.10759787261486053,-0.08396946638822556,-0.6776253581047058,0.009034935947978107
56,58,1.0,0.07889419049024582,0.11450381577014923,2.4888083934783936,0.009033685853230167
34,78,1.0,0.0788174718618393,-0.11450381577014923,-1.3096822500228882,0.009024901277536967
66,109,1.0,0.13135354220867157,0.06870228797197342,2.8886654376983643,0.00902428888295892
69,71,1.0,0.09085943549871445,0.09923664480447769,2.6925606727600098,0.009016585527721277
31,106,1.0,0.13123154640197754,-0.06870228797197342,-2.3793745040893555,0.009015907491916053
86,89,1.0,0.09081262350082397,0.09923664480447769,1.1414344310760498,0.009011940062114032
7,46,1.0,0.10716510564088821,-0.08396946638822556,-0.4989519417285919,0.008998596736103204
17,86,1.0,0.13095960021018982,-0.06870228797197342,-0.5053343176841736,0.008997224166334972
25,50,1.0,0.10710898041725159,0.08396946638822556,0.8054970502853394,0.008993883931023516
82,99,1.0,0.06929433345794678,-0.12977099418640137,-2.6435532569885254,0.008992394544321769
74,86,1.0,0.09054864197969437,-0.09923664480447769,-1.6391526460647583,0.008985743421666748
19,117,1.0,0.1070060208439827,-0.08396946638822556,-2.4947800636291504,0.008985238470596568
65,90,1.0,0.0904984176158905,-0.09923664480447769,-2.2719969749450684,0.008980759324315413
30,35,1.0,0.10690204799175262,-0.08396946638822556,-0.4741681218147278,0.008976507925675947
9,122,1.0,0.09041334688663483,-0.09923664480447769,-1.0375694036483765,0.00897231719057301
31,116,1.0,0.16773618757724762,0.05343511328101158,0.37475353479385376,0.008963002184515234
5,83,1.0,0.16772273182868958,-0.05343511328101158,-2.799027442932129,0.008962283175066754
23,72,1.0,0.09030403196811676,0.09923664480447769,2.063446521759033,0.008961469144832201
5,48,1.0,0.09028518199920654,-0.09923664480447769,-1.700894832611084,0.008959598537162883
43,72,1.0,0.10664867609739304,0.08396946638822556,1.1899486780166626,0.008955232422908799
58,91,1.0,0.10660599917173386,-0.08396946638822556,-0.2538087069988251,0.008951648864234107
99,120,1.0,0.10653415322303772,-0.08396946638822556,-1.1794519424438477,0.008945615998259937
10,43,1.0,0.09010028094053268,-0.09923664480447769,-0.7232095003128052,0.008941249576479293
54,64,1.0,0.07806114852428436,-0.11450381577014923,-1.6555023193359375,0.008938299369430913
10,22,1.0,0.16726785898208618,-0.05343511328101158,-0.16905254125595093,0.008937976992980046
64,124,1.0,0.0780210793018341,-0.11450381577014923,-1.5788050889968872,0.008933711290565416
41,67,1.0,0.10634926706552505,0.08396946638822556,0.8464972376823425,0.00893009120627103
30,81,1.0,0.10634060204029083,0.08396946638822556,0.7681897878646851,0.008929363608725871
40,56,1.0,0.08993373066186905,0.09923664480447769,1.1295713186264038,0.008924721685633463
50,79,1.0,0.08988051116466522,0.09923664480447769,2.1225574016571045,0.008919440361292774
116,120,1.0,0.07789595425128937,0.11450381577014923,0.4990215301513672,0.00891938399482961
20,35,1.0,0.06868434697389603,-0.12977099418640137,-1.7308273315429688,0.008913235991846236
20,95,1.0,0.10613945126533508,0.08396946638822556,2.888669013977051,0.008912473085489259
109,111,1.0,0.1667127162218094,0.05343511328101158,0.39854198694229126,0.008908312876697522
23,77,1.0,0.06139075756072998,0.1450381726026535,1.7148191928863525,0.00890400329130081
5,119,1.0,0.10601098090410233,-0.08396946638822556,-1.8278995752334595,0.008901685497809841
21,51,1.0,0.08969545364379883,-0.09923664480447769,-2.119410991668701,0.008901075873826159
40,70,1.0,0.08959507197141647,0.09923664480447769,1.345137119293213,0.008891114333459071
117,122,1.0,0.08954613655805588,0.09923664480447769,1.721693992614746,0.008886258147225046
4,54,1.0,0.08953876048326492,0.09923664480447769,2.018453598022461,0.008885526170310964
70,99,1.0,0.08952563256025314,0.09923664480447769,2.3673300743103027,0.008884223399278024
18,111,1.0,0.07758726924657822,0.11450381577014923,1.2942413091659546,0.008884038383919157
61,93,1.0,0.12930694222450256,-0.06870228797197342,-0.504591703414917,0.008883682781483104
110,124,1.0,0.08951350301504135,-0.09923664480447769,-1.592401385307312,0.008883019703908202
25,27,1.0,0.10577156394720078,0.08396946638822556,0.2804637849330902,0.008881581783694525
22,35,1.0,0.07753351330757141,0.11450381577014923,1.139085292816162,0.00887788312378257
16,126,1.0,0.06839565932750702,0.12977099418640137,2.6849825382232666,0.008875772708965002
78,121,1.0,0.10568797588348389,-0.08396946638822556,-0.9935154914855957,0.008874562938587793
2,88,1.0,0.06830236315727234,-0.12977099418640137,-1.3406977653503418,0.008863665572199864
73,121,1.0,0.06111099198460579,-0.1450381726026535,-1.6521337032318115,0.00886342660338263
13,95,1.0,0.07734479755163193,0.11450381577014923,0.8605108857154846,0.008856274449631552
24,63,1.0,0.10546338558197021,-0.08396946638822556,-1.1559345722198486,0.00885570421081372
40,88,1.0,0.1288992017507553,-0.06870228797197342,-0.32666265964508057,0.008855670078037892
48,90,1.0,0.0892224907875061,-0.09923664480447769,-2.5341644287109375,0.008854140626850526
62,85,1.0,0.089178167283535,0.09923664480447769,2.1863255500793457,0.008849742111030456
21,123,1.0,0.12880529463291168,-0.06870228797197342,-0.7022024393081665,0.00884921844418518
48,85,1.0,0.07725431770086288,0.11450381577014923,2.1361546516418457,0.008845914161468182
22,31,1.0,0.07723922282457352,0.11450381577014923,1.4381855726242065,0.008844185740534471
4,118,1.0,0.10527493059635162,-0.08396946638822556,-1.0163366794586182,0.008839879746233126
63,78,1.0,0.08904503285884857,0.09923664480447769,0.4556830823421478,0.0088365302974166
107,115,1.0,0.08902879804372787,0.09923664480447769,1.2868014574050903,0.008834919208835001
11,46,1.0,0.07709134370088577,-0.11450381577014923,-0.16147904098033905,0.008827253016599479
26,87,1.0,0.16514481604099274,0.05343511328101158,2.608643054962158,0.008824531952922265
16,30,1.0,0.06798789650201797,-0.12977099418640137,-1.5468305349349976,0.008822856921709032
55,80,1.0,0.08888012915849686,0.09923664480447769,1.0413236618041992,0.008820165807477853
80,117,1.0,0.12835337221622467,0.06870228797197342,2.6201586723327637,0.00881817034017296
48,65,1.0,0.16499020159244537,-0.05343511328101158,-3.014758348464966,0.008816270112349256
87,119,1.0,0.10491590201854706,-0.08396946638822556,-0.7768040299415588,0.008809732308136753
31,84,1.0,0.16485361754894257,-0.05343511328101158,-0.2894326448440552,0.008808971728512305
24,57,1.0,0.10490050166845322,0.08396946638822556,0.26677703857421875,0.008808439148957181
39,66,1.0,0.08872144669294357,-0.09923664480447769,-0.584971010684967,0.008804418692007043
69,79,1.0,0.10478036105632782,0.08396946638822556,1.2608604431152344,0.008798351005865457
50,56,1.0,0.07679381966590881,-0.11450381577014923,-1.920039176940918,0.008793185379311286
64,108,1.0,0.08856804668903351,0.09923664480447769,1.2975480556488037,0.008789195790306015
3,32,1.0,0.12788723409175873,0.06870228797197342,0.4533703327178955,0.008786145584511185
59,100,1.0,0.08853356540203094,0.09923664480447769,1.736818790435791,0.00878577398307534
44,81,1.0,0.08852139860391617,0.09923664480447769,0.5200493335723877,0.008784566590852416
43,44,1.0,0.10451390594244003,-0.08396946638822556,-2.08147931098938,0.008775976912135885
9,108,1.0,0.16422630846500397,0.05343511328101158,0.027155131101608276,0.008775451396549838
38,58,1.0,0.10443864017724991,0.08396946638822556,0.5443116426467896,0.00876965688599557
15,89,1.0,0.10438957810401917,-0.08396946638822556,-0.8517013788223267,0.008765537169886484
86,119,1.0,0.07654911279678345,-0.11450381577014923,-1.1039607524871826,0.008765165509051265
2,13,1.0,0.08814716339111328,-0.09923664480447769,-1.0540519952774048,0.008747428743966168
83,86,1.0,0.08806920051574707,-0.09923664480447769,-2.7069835662841797,0.008739691969795516
5,120,1.0,0.16355596482753754,0.05343511328101158,0.2810303270816803,0.008739631508344614
22,107,1.0,0.10405565798282623,0.08396946638822556,2.6559958457946777,0.008737498075493622
62,66,1.0,0.08799421787261963,-0.09923664480447769,-2.2051477432250977,0.008732250943872977
87,117,1.0,0.12705810368061066,-0.06870228797197342,-0.13397270441055298,0.00872918242823817
11,69,1.0,0.07621239125728607,-0.11450381577014923,-0.5659770965576172,0.008726609607926816
30,54,1.0,0.08788386732339859,0.09923664480447769,3.0196290016174316,0.00872130012561595
9,63,1.0,0.10385539382696152,0.08396946638822556,0.6168912649154663,0.008720682001188973
1,43,1.0,0.07606631517410278,-0.11450381577014923,-1.1204228401184082,0.008709883339009572
84,104,1.0,0.07604861259460449,-0.11450381577014923,-1.096068263053894,0.008707856326108043
6,72,1.0,0.10364194959402084,-0.08396946638822556,-1.7226221561431885,0.0087027592028453
76,103,1.0,0.1035035103559494,0.08396946638822556,0.7329292893409729,0.008691134533897249
110,122,1.0,0.12640738487243652,-0.06870228797197342,-2.6957030296325684,0.00868447655729021
28,60,1.0,0.10339949280023575,-0.08396946638822556,-0.5276917815208435,0.008682400235248966
9,49,1.0,0.1262030452489853,0.06870228797197342,0.4810362160205841,0.00867043795763578
78,107,1.0,0.16219185292720795,0.05343511328101158,0.10538069158792496,0.008666740034422526
35,61,1.0,0.1031796932220459,0.08396946638822556,-0.03727249801158905,0.008663943781956007
92,113,1.0,0.07561298459768295,0.11450381577014923,1.2996981143951416,0.00865797525820422
39,79,1.0,0.08718987554311752,0.09923664480447769,2.1394362449645996,0.00865243070981897
92,116,1.0,0.08717916160821915,0.09923664480447769,1.6436030864715576,0.008651367494867002
9,19,1.0,0.10301699489355087,0.08396946638822556,0.9560708999633789,0.008650282090130024
17,123,1.0,0.16179484128952026,-0.05343511328101158,-0.4239693880081177,0.008645525672588805
6,66,1.0,0.07549266517162323,-0.11450381577014923,-1.5111851692199707,0.008644198224809108
90,110,1.0,0.0754050612449646,0.11450381577014923,2.056455612182617,0.008634167240930246
47,66,1.0,0.08698083460330963,-0.09923664480447769,-1.125074028968811,0.00863168618832566
7,19,1.0,0.07533281296491623,-0.11450381577014923,-1.1547625064849854,0.008625894537181877
6,19,1.0,0.10270626097917557,-0.08396946638822556,-1.1893178224563599,0.008624189929151205
4,104,1.0,0.12546373903751373,0.06870228797197342,0.5374853610992432,0.008619645929395792
93,111,1.0,0.10256502777338028,-0.08396946638822556,-0.7332881093025208,0.008612330652224276
29,48,1.0,0.1253284364938736,-0.06870228797197342,-2.9882748126983643,0.008610350335079286
33,104,1.0,0.0751926377415657,0.11450381577014923,1.9835799932479858,0.00860984393923181
9,105,1.0,0.1609364002943039,0.05343511328101158,0.27708083391189575,0.008599654780764354
61,69,1.0,0.0750410407781601,-0.11450381577014923,-1.7913644313812256,0.0085924855084627
2,123,1.0,0.08658172935247421,-0.09923664480447769,-1.5282814502716064,0.008592080322308904
37,114,1.0,0.10230637341737747,0.08396946638822556,2.4008471965789795,0.00859061158397173
16,100,1.0,0.12484806776046753,-0.06870228797197342,-0.9368260502815247,0.00857734790402409
30,83,1.0,0.16051390767097473,-0.05343511328101158,-0.3536926507949829,0.008577078839576369
75,96,1.0,0.0863962322473526,0.09923664480447769,0.44383829832077026,0.008573672211975691
15,76,1.0,0.08636128157377243,0.09923664480447769,2.2802116870880127,0.008570203824395939
60,103,1.0,0.10201799869537354,-0.08396946638822556,-0.19683191180229187,0.008566396912445207
21,45,1.0,0.053430426865816116,-0.16030533611774445,-1.2031034231185913,0.008565182537639215
38,126,1.0,0.08629193902015686,-0.09923664480447769,-1.3446918725967407,0.008563322502032955
57,61,1.0,0.07474682480096817,0.11450381577014923,1.4123291969299316,0.00855879665641368
72,101,1.0,0.08622691035270691,-0.09923664480447769,-1.2438853979110718,0.008556869275259116
14,20,1.0,0.10187546163797379,0.08396946638822556,1.1473408937454224,0.008554428151794802
31,83,1.0,0.08619967103004456,0.09923664480447769,1.8888250589370728,0.008554166136271357
49,107,1.0,0.10184714198112488,0.08396946638822556,2.8362298011779785,0.008552050165320901
71,80,1.0,0.08611441403627396,-0.09923664480447769,-0.8659017086029053,0.008545705518263447
13,35,1.0,0.08604738116264343,-0.09923664480447769,-2.423092842102051,0.008539053400792751
89,125,1.0,0.08600343018770218,-0.09923664480447769,-0.3954209089279175,0.008534691853503695
24,126,1.0,0.0745273306965828,-0.11450381577014923,-0.7120934128761292,0.008533663743922504
62,68,1.0,0.10156941413879395,0.08396946638822556,2.698227882385254,0.00852872950659922
43,62,1.0,0.08593642711639404,0.09923664480447769,2.1279945373535156,0.00852804269351548
14,15,1.0,0.06571204215288162,-0.12977099418640137,-1.8913078308105469,0.008527517040198163
62,65,1.0,0.10151158273220062,0.08396946638822556,2.5988903045654297,0.008523873434247098
40,92,1.0,0.10141880810260773,0.08396946638822556,0.46425166726112366,0.008516083198105817
82,88,1.0,0.08574531972408295,0.09923664480447769,1.3893697261810303,0.008509077837105194
39,48,1.0,0.10132081806659698,0.08396946638822556,0.7141641974449158,0.008507855027070632
92,115,1.0,0.1013164147734642,0.08396946638822556,2.841305732727051,0.008507485284895921
1,85,1.0,0.0741998553276062,-0.11450381577014923,-1.2913836240768433,0.008496166564603946
21,33,1.0,0.10117428749799728,-0.08396946638822556,-1.3141238689422607,0.008495550933415752
14,69,1.0,0.12357576936483383,-0.06870228797197342,-0.35905730724334717,0.008489938093260985
8,50,1.0,0.05852487310767174,-0.1450381726026535,-1.6375257968902588,0.008488340647338888
117,125,1.0,0.07412493228912354,0.11450381577014923,1.6947712898254395,0.008487587590808587
43,99,1.0,0.08550520241260529,-0.09923664480447769,-1.0394142866134644,0.00848524940075468
26,102,1.0,0.10100844502449036,0.08396946638822556,0.2911820113658905,0.008481625229410872
10,13,1.0,0.10086018592119217,0.08396946638822556,1.0648620128631592,0.008469175991619726
30,92,1.0,0.10085024684667587,0.08396946638822556,2.7076518535614014,0.0084683414128362
66,120,1.0,0.10074266046285629,-0.08396946638822556,-0.7930915951728821,0.008459307441596231
42,94,1.0,0.07387612760066986,-0.11450381577014923,-1.742736577987671,0.008459098504599138
69,85,1.0,0.0852254182100296,0.09923664480447769,1.5157333612442017,0.008457484555221773
86,92,1.0,0.10066535323858261,-0.08396946638822556,-0.9301955699920654,0.008452815995226015
45,54,1.0,0.15813587605953217,-0.05343511328101158,-2.9527194499969482,0.008450008451033109
56,101,1.0,0.08507862687110901,0.09923664480447769,1.8530254364013672,0.008442917475260936
34,58,1.0,0.0737123042345047,-0.11450381577014923,-1.262665867805481,0.008440340104060917
18,71,1.0,0.08500855416059494,-0.09923664480447769,-2.017967939376831,0.008435963694577164
35,110,1.0,0.07366908341646194,0.11450381577014923,2.2882132530212402,0.008435391155474314
47,90,1.0,0.15783581137657166,0.05343511328101158,0.265155553817749,0.008433974460707483
51,87,1.0,0.08497150242328644,-0.09923664480447769,-1.814844012260437,0.008432286804482492
6,86,1.0,0.08487387746572495,0.09923664480447769,1.8596566915512085,0.00842259883124491
9,92,1.0,0.06489797681570053,-0.12977099418640137,-1.4648663997650146,0.008421874972059484
57,99,1.0,0.0648813545703888,0.12977099418640137,2.490992546081543,0.00841971788675977
18,91,1.0,0.12252862006425858,-0.06870228797197342,-0.3671792447566986,0.008417996540463213
55,77,1.0,0.08481944352388382,0.09923664480447769,1.2528748512268066,0.008417196989493114
55,56,1.0,0.06482160836458206,-0.12977099418640137,-1.248561978340149,0.008411964562233365
49,77,1.0,0.07345252484083176,0.11450381577014923,1.7667350769042969,0.00841059437222691
63,101,1.0,0.15728002786636353,-0.05343511328101158,-0.2463986873626709,0.008404276105879793
56,118,1.0,0.08468908816576004,0.09923664480447769,0.2116200029850006,0.008404260961120624
19,119,1.0,0.07337193936109543,0.11450381577014923,2.1227240562438965,0.008401367027301432
31,80,1.0,0.12227059155702591,0.06870228797197342,0.43466031551361084,0.008400269391654336
4,33,1.0,0.1571267694234848,-0.05343511328101158,-0.34402963519096375,0.008396086723623297
16,18,1.0,0.12212833762168884,0.06870228797197342,0.6964412331581116,0.008390496220823662
63,75,1.0,0.09991776198148727,0.08396946638822556,1.848075032234192,0.008390041156291217
32,125,1.0,0.15692831575870514,-0.05343511328101158,-0.28010788559913635,0.008385482329564764
11,66,1.0,0.09986080974340439,0.08396946638822556,0.5445095300674438,0.008385258907249782
28,118,1.0,0.08447448164224625,0.09923664480447769,2.948046922683716,0.008382964129773962
12,79,1.0,0.21963119506835938,0.038167938590049744,0.10064487904310226,0.008382869965828377
16,72,1.0,0.21955829858779907,0.038167938590049744,2.915377140045166,0.00838008765743492
59,68,1.0,0.09979470819234848,0.08396946638822556,1.610311508178711,0.008379708395280183
4,24,1.0,0.07317158579826355,-0.11450381577014923,-1.601327896118164,0.008378425779854037
8,37,1.0,0.099777951836586,0.08396946638822556,0.8077570199966431,0.008378301373028196
64,70,1.0,0.047661297023296356,-0.17557251453399658,-1.3372265100479126,0.008368013764331828
6,105,1.0,0.12176333367824554,0.06870228797197342,-3.13865327835083,0.008365419614790315
23,57,1.0,0.07304010540246964,-0.11450381577014923,-1.9026762247085571,0.008363370772836665
59,89,1.0,0.12157411128282547,-0.06870228797197342,-2.7211387157440186,0.008352419603289418
13,93,1.0,0.12153294682502747,-0.06870228797197342,-0.5312300324440002,0.00834959151085557
35,113,1.0,0.0841238722205162,0.09923664480447769,0.6332973837852478,0.008348170827124635
51,69,1.0,0.07290250062942505,-0.11450381577014923,-1.1936358213424683,0.008347614501254874
44,61,1.0,0.0994037389755249,0.08396946638822556,0.9992556571960449,0.008346878918769285
119,123,1.0,0.08409605175256729,0.09923664480447769,1.8352960348129272,0.008345410017228494
89,103,1.0,0.08408346772193909,0.09923664480447769,2.1736392974853516,0.008344161220250834
3,106,0.9999999403953552,0.09933006763458252,0.08396946638822556,2.1697845458984375,0.008340692278438217
64,86,1.0,0.09928011149168015,0.08396946638822556,1.031592845916748,0.008336497984919922
5,97,1.0,0.12114953249692917,0.06870228797197342,2.844594955444336,0.00832325006927398
24,68,1.0,0.08381517231464386,0.09923664480447769,1.7304141521453857,0.008317536484214405
9,118,1.0,0.05734563618898392,-0.1450381726026535,-1.285819411277771,0.008317306279586822
35,119,1.0,0.12100373953580856,-0.06870228797197342,-0.4842587411403656,0.008313233759274785
9,30,1.0,0.08368837833404541,-0.09923664480447769,-1.2482261657714844,0.008304953874998411
3,93,1.0,0.12086369842290878,0.06870228797197342,0.33984020352363586,0.008303612614408429
69,94,1.0,0.1207759827375412,-0.06870228797197342,-2.8603367805480957,0.008297586346132646
23,123,1.0,0.12072198837995529,-0.06870228797197342,-2.5019657611846924,0.008293876810228917
1,74,1.0,0.09877092391252518,0.08396946638822556,1.4014549255371094,0.008293741775606767
40,76,1.0,0.15515851974487305,-0.05343511328101158,-0.10757604986429214,0.008290913079081363
29,109,1.0,0.0723990797996521,0.11450381577014923,1.6349104642868042,0.008289970895307697
67,72,1.0,0.15512029826641083,0.05343511328101158,0.547441840171814,0.008288870710049967
76,108,1.0,0.0835001990199089,-0.09923664480447769,-0.600183367729187,0.008286279591241896
103,116,1.0,0.15506500005722046,-0.05343511328101158,-2.8836042881011963,0.008285915843977643
17,109,1.0,0.1549552083015442,-0.05343511328101158,-3.0282175540924072,0.00828004910907576
62,75,1.0,0.12048739194869995,0.06870228797197342,1.1918352842330933,0.008277759498651616
28,110,1.0,0.06368499249219894,0.12977099418640137,1.837890386581421,0.008264464790466164
13,65,1.0,0.12028497457504272,0.06870228797197342,2.5014114379882812,0.008263852961956086
1,97,1.0,0.08326356112957001,0.09923664480447769,2.492525577545166,0.008262796440971054
50,100,1.0,0.15462806820869446,-0.05343511328101158,-3.077665090560913,0.008262568341155574
52,100,1.0,0.08288291096687317,-0.09923664480447769,-2.312678575515747,0.008225021995980741
106,122,1.0,0.07180441915988922,0.11450381577014923,1.7264306545257568,0.008221879982966529
45,75,1.0,0.09782186895608902,0.08396946638822556,1.5087954998016357,0.008214050137341722
39,112,1.0,0.09774124622344971,-0.08396946638822556,-3.0566110610961914,0.008207280289503238
85,112,1.0,0.15352723002433777,-0.05343511328101158,-0.17522002756595612,0.008203744928070411
3,123,1.0,0.09768642485141754,0.08396946638822556,1.691278338432312,0.008202676968147027
83,115,1.0,0.0976395234465599,-0.08396946638822556,-1.1207436323165894,0.008198738682208273
46,78,1.0,0.0825776606798172,-0.09923664480447769,-0.9156327843666077,0.008194729981667703
25,42,1.0,0.09746163338422775,-0.08396946638822556,-1.4039907455444336,0.008183801348598474
3,10,1.0,0.09744056314229965,0.08396946638822556,0.44247597455978394,0.0081820320916271
26,96,1.0,0.11907986551523209,0.06870228797197342,2.9267923831939697,0.008181059212291342
112,114,1.0,0.09733324497938156,-0.08396946638822556,-1.8910735845565796,0.008173020642753104
67,95,1.0,0.15289604663848877,0.05343511328101158,0.19908267259597778,0.008170017572346477
81,115,1.0,0.08232629299163818,-0.09923664480447769,-0.93016117811203,0.00816978509568056
57,91,1.0,0.09722751379013062,-0.08396946638822556,-1.6815276145935059,0.00816414245121111
38,101,1.0,0.056274037808179855,-0.1450381726026535,-1.3596034049987793,0.008161883608671039
52,122,1.0,0.09715482592582703,-0.08396946638822556,-2.4642302989959717,0.008158038890032637
13,112,1.0,0.08210677653551102,0.09923664480447769,1.077289342880249,0.00814800101909513
58,114,1.0,0.08205454796552658,0.09923664480447769,0.919505774974823,0.008142818031046939
34,108,1.0,0.11847393214702606,-0.06870228797197342,-0.11715366691350937,0.008139430203537024
37,45,1.0,0.07106945663690567,0.11450381577014923,1.5977749824523926,0.008137723969636856
28,95,1.0,0.09686201065778732,-0.08396946638822556,-0.5821375250816345,0.008133451348225018
22,103,1.0,0.07098511606454849,0.11450381577014923,0.3992352783679962,0.008128066652277721
22,123,1.0,0.056039225310087204,-0.1450381726026535,-1.6242589950561523,0.008127826833043417
62,89,1.0,0.1180671900510788,0.06870228797197342,2.8190133571624756,0.00811148609093093
112,120,1.0,0.07080856710672379,-0.11450381577014923,-1.7068039178848267,0.008107851122936549
109,119,1.0,0.0624723881483078,-0.12977099418640137,-1.3053295612335205,0.008107103919204661
39,49,1.0,0.15171150863170624,0.05343511328101158,2.936572790145874,0.00810672164976839
32,64,1.0,0.062464237213134766,0.12977099418640137,1.3647840023040771,0.008106046164243708
88,111,1.0,0.11795947700738907,-0.06870228797197342,-1.0489031076431274,0.008104085958385021
45,109,1.0,0.09645818173885345,0.08396946638822556,0.45130202174186707,0.008099542049390007
95,103,1.0,0.08161324262619019,0.09923664480447769,2.2940173149108887,0.008099024369836894
73,91,1.0,0.08157281577587128,0.09923664480447769,2.1095807552337646,0.008095012544851232
84,123,1.0,0.09636855870485306,0.08396946638822556,2.2328083515167236,0.0080920164510489
7,37,1.0,0.11776196211576462,-0.06870228797197342,-0.0591859370470047,0.008090516233421885
16,81,1.0,0.08148794621229172,-0.09923664480447769,-2.1903412342071533,0.008086590374115576
87,107,1.0,0.09629283100366592,-0.08396946638822556,0.007304954808205366,0.00808565763638941
47,100,1.0,0.06223968788981438,-0.12977099418640137,-1.4305353164672852,0.008076906175312537
4,27,1.0,0.1510644257068634,0.05343511328101158,0.6146624684333801,0.008072144700377204
62,124,1.0,0.09604094177484512,-0.08396946638822556,-0.27144429087638855,0.008064506632256385
16,64,1.0,0.08125972747802734,0.09923664480447769,2.910881280899048,0.008063942712645655
28,59,1.0,0.11720117926597595,0.06870228797197342,0.004088423680514097,0.00805198916858596
76,86,1.0,0.11719682067632675,-0.06870228797197342,-0.8203884959220886,0.008051689723504729
65,88,1.0,0.08113426715135574,-0.09923664480447769,-2.081138849258423,0.008051492450770692
76,122,1.0,0.08096978813409805,0.09923664480447769,2.3539116382598877,0.008035170104957301
34,99,1.0,0.09564922749996185,0.08396946638822556,0.7377727031707764,0.008031614593617786
4,116,1.0,0.09563647210597992,0.08396946638822556,0.9094969630241394,0.008030543529991552
60,106,1.0,0.09562378376722336,0.08396946638822556,0.7064732313156128,0.00802947809695681
18,96,1.0,0.055358123034238815,0.1450381726026535,1.6065603494644165,0.008029041003598858
2,106,1.0,0.11684613674879074,0.06870228797197342,2.710310697555542,0.008027596935328007
25,70,1.0,0.08088605850934982,-0.09923664480447769,-0.8455504775047302,0.008026861057926549
121,125,1.0,0.15013039112091064,0.05343511328101158,-0.003979960922151804,0.008022234456468436
35,88,1.0,0.11671740561723709,0.06870228797197342,2.5934669971466064,0.00801875281205705
36,121,1.0,0.14993853867053986,0.05343511328101158,2.627779722213745,0.008011982799049633
34,55,1.0,0.2099054902791977,-0.038167938590049744,0.05750574544072151,0.008011659862690701
48,105,1.0,0.2098977416753769,-0.038167938590049744,-0.42658886313438416,0.00801136411445591
76,91,1.0,0.08062447607517242,-0.09923664480447769,-1.6578692197799683,0.008000902494818996
33,82,1.0,0.09526144713163376,-0.08396946638822556,-1.044899582862854,0.007999052883013447
45,77,1.0,0.11628033965826035,-0.06870228797197342,-0.05077989771962166,0.007988725380680683
62,84,1.0,0.14941513538360596,-0.05343511328101158,-0.28875553607940674,0.007984014685120666
32,97,1.0,0.11613713949918747,-0.06870228797197342,-2.7100725173950195,0.007978887202114426
43,67,1.0,0.09492238610982895,0.08396946638822556,1.3769731521606445,0.00797058210993945
12,24,1.0,0.06954726576805115,-0.11450381577014923,-1.3657054901123047,0.007963427306822535
22,86,1.0,0.14896270632743835,0.05343511328101158,-0.24998316168785095,0.00795983908725273
103,122,1.0,0.11582096666097641,0.06870228797197342,0.910538375377655,0.007957165404734734
36,78,1.0,0.06948541104793549,0.11450381577014923,1.6330041885375977,0.007956344705345897
27,98,1.0,0.06947874277830124,-0.11450381577014923,-1.3967700004577637,0.007955581163028191
2,77,1.0,0.07997417449951172,0.09923664480447769,1.0522650480270386,0.007936368748339362
3,39,0.9999999403953552,0.06111888960003853,0.12977099418640137,1.4887925386428833,0.007931458594214107
1,2,1.0,0.14841721951961517,0.05343511328101158,1.043278694152832,0.0079306909378834
9,70,1.0,0.09442365914583206,0.08396946638822556,2.567471981048584,0.007928704272899212
59,90,1.0,0.09439858049154282,-0.08396946638822556,-2.509784698486328,0.007926598431680809
43,61,1.0,0.09430690109729767,0.08396946638822556,0.5950050354003906,0.007918900161867248
66,117,1.0,0.07979671657085419,0.09923664480447769,0.902870774269104,0.007918758418905436
37,113,1.0,0.11519834399223328,-0.06870228797197342,-0.4286481440067291,0.007914389802848865
27,89,1.0,0.07971777766942978,0.09923664480447769,2.268132209777832,0.007910924787183526
56,82,1.0,0.07971068471670151,-0.09923664480447769,-1.627921462059021,0.007910220906353016
117,123,1.0,0.06906925141811371,-0.11450381577014923,-0.8978170156478882,0.00790869283976181
15,67,1.0,0.09417624771595001,0.08396946638822556,0.9662695527076721,0.007907929267153668
41,84,1.0,0.11508785933256149,0.06870228797197342,0.36372432112693787,0.007906799253943608
16,53,1.0,0.0796591192483902,0.09923664480447769,0.46075811982154846,0.00790510372229003
71,116,1.0,0.09414065629243851,-0.08396946638822556,-1.098894476890564,0.00790494067431341
8,116,1.0,0.1479235142469406,-0.05343511328101158,-2.9001612663269043,0.007904309740710602
55,108,1.0,0.14786559343338013,0.05343511328101158,0.04853684455156326,0.00790121473547667
81,126,1.0,0.06087508425116539,0.12977099418640137,2.5849080085754395,0.007899820204454677
44,111,1.0,0.11483586579561234,0.06870228797197342,0.6046159863471985,0.007889486721401051
6,63,1.0,0.14749246835708618,0.05343511328101158,0.16573043167591095,0.007881276754756916
115,124,1.0,0.11469674855470657,-0.06870228797197342,-0.487713098526001,0.007879929048654477
11,118,1.0,0.14746448397636414,0.05343511328101158,0.49446919560432434,0.007879781406202935
87,111,1.0,0.14734339714050293,-0.05343511328101158,0.22855381667613983,0.007873311117411852
63,89,1.0,0.09374093264341354,0.08396946638822556,0.8653404116630554,0.00787137609280203
6,96,1.0,0.11457101255655289,0.06870228797197342,2.5432817935943604,0.007871290697900879
49,65,1.0,0.07929182797670364,0.09923664480447769,1.4904893636703491,0.007868654968821887
96,111,1.0,0.07922498136758804,-0.09923664480447769,-0.8071659803390503,0.007862021335616698
13,86,1.0,0.09362366050481796,0.08396946638822556,2.185720443725586,0.007861528813901952
52,61,1.0,0.14705973863601685,-0.05343511328101158,-0.4914599657058716,0.007858153793091516
42,111,1.0,0.11432945728302002,-0.06870228797197342,-2.892397880554199,0.007854695297937475
60,69,1.0,0.060495566576719284,-0.12977099418640137,-0.8237437605857849,0.007850569818530495
33,58,1.0,0.14685767889022827,-0.05343511328101158,-2.942716598510742,0.007847356707685771
13,113,1.0,0.06851790845394135,-0.11450381577014923,-1.1261093616485596,0.00784556196656605
14,27,1.0,0.09339327365159988,0.08396946638822556,1.9923896789550781,0.007842183352774368
7,107,0.9999999403953552,0.1141224056482315,-0.06870228797197342,-0.5127498507499695,0.007840469909570715
20,48,1.0,0.09336826205253601,-0.08396946638822556,-2.720698118209839,0.007840083142147458
19,93,1.0,0.0933346226811409,0.08396946638822556,0.7616492509841919,0.007837258462081775
103,111,1.0,0.09332460910081863,0.08396946638822556,0.7761390805244446,0.007836417627085479
56,77,1.0,0.09327629208564758,-0.08396946638822556,-1.9977706670761108,0.007832360473104094
69,91,1.0,0.11399765312671661,-0.06870228797197342,-0.5815688371658325,0.00783189959324082
30,102,1.0,0.06833533197641373,-0.11450381577014923,-2.4134154319763184,0.007824656263219265
14,104,1.0,0.20490701496601105,-0.038167938590049744,-0.20843930542469025,0.007820878363893113
62,109,1.0,0.14628542959690094,0.05343511328101158,0.3054273724555969,0.007816778501871846
5,42,1.0,0.07874108105897903,-0.09923664480447769,-1.0419996976852417,0.007814000692570489
89,122,1.0,0.0787133276462555,0.09923664480447769,1.9813778400421143,0.0078112465370099304
40,51,1.0,0.07867494970560074,-0.09923664480447769,-1.1509054899215698,0.007807438038944847
73,81,1.0,0.0929081067442894,0.08396946638822556,1.1591906547546387,0.007801444146458281
89,94,1.0,0.09282214939594269,0.08396946638822556,1.4534822702407837,0.007794226353785461
2,45,1.0,0.11334166675806046,-0.06870228797197342,-0.9605411887168884,0.007786831828835716
6,90,1.0,0.05998214706778526,0.12977099418640137,2.056485414505005,0.007783942858421433
72,87,1.0,0.09268559515476227,-0.08396946638822556,-1.7934895753860474,0.007782759967020492
59,87,1.0,0.11322561651468277,-0.06870228797197342,-1.0027189254760742,0.007778858911595965
20,62,1.0,0.09260313957929611,0.08396946638822556,0.591564416885376,0.0077758362163478645
41,96,1.0,0.0783500000834465,-0.09923664480447769,-1.504986047744751,0.007775191128711778
105,120,1.0,0.11301138997077942,0.06870228797197342,0.766374409198761,0.007764141057885476
36,69,1.0,0.06779556721448898,0.11450381577014923,1.8618245124816895,0.007762851138360616
6,40,1.0,0.2033209353685379,-0.038167938590049744,-0.13110940158367157,0.007760340975217828
21,102,1.0,0.07818230241537094,-0.09923664480447769,-1.0999399423599243,0.007758549374790424
103,126,1.0,0.1129012182354927,0.06870228797197342,2.3647396564483643,0.007756572007601437
34,118,1.0,0.09235695749521255,-0.08396946638822556,-0.6761856079101562,0.007755164438113027
92,126,1.0,0.11286692321300507,0.06870228797197342,2.2092533111572266,0.0077542158610904854
44,69,1.0,0.07813481986522675,-0.09923664480447769,-2.149311065673828,0.007753837365827354
7,92,1.0,0.09233619272708893,-0.08396946638822556,-2.2878217697143555,0.007753420831614011
32,65,1.0,0.07810836285352707,0.09923664480447769,0.18983881175518036,0.007751211860754725
2,94,1.0,0.07805168628692627,-0.09923664480447769,-2.2451517581939697,0.0077455874684462245
86,101,1.0,0.09220371395349503,0.08396946638822556,1.440834403038025,0.007742296659687564
66,102,1.0,0.11264080554246902,0.06870228797197342,0.5440267324447632,0.0077386810597737665
32,54,1.0,0.0675271674990654,-0.11450381577014923,-0.03645412623882294,0.007732118346792993
27,73,1.0,0.07790160924196243,-0.09923664480447769,-0.47366756200790405,0.007730694326041843
58,98,1.0,0.0920412614941597,-0.08396946638822556,-1.5677995681762695,0.007728655613363722
9,38,1.0,0.1444922536611557,0.05343511328101158,2.8484718799591064,0.007720959942612515
12,56,1.0,0.11237387359142303,-0.06870228797197342,-2.7877821922302246,0.007720342224004084
51,65,1.0,0.07778224349021912,-0.09923664480447769,-2.1828761100769043,0.007718848869334272
1,81,1.0,0.11234015226364136,0.06870228797197342,0.7997720241546631,0.00771802549163203
33,67,0.9999999403953552,0.11230144649744034,0.06870228797197342,2.1595847606658936,0.007715365857064643
49,117,1.0,0.059446047991514206,0.12977099418640137,0.9053252339363098,0.007714372748311327
91,93,1.0,0.2020716816186905,0.038167938590049744,-0.005802225321531296,0.007712659534810262
19,24,1.0,0.09180493652820587,-0.08396946638822556,-2.6944596767425537,0.0077088115320783634
44,72,1.0,0.14425373077392578,-0.05343511328101158,-0.5280833840370178,0.007708214445113271
74,115,1.0,0.14422275125980377,0.05343511328101158,3.054999828338623,0.00770655905126677
90,107,1.0,0.07764008641242981,-0.09923664480447769,-1.061019778251648,0.007704741677899252
72,121,1.0,0.07760545611381531,0.09923664480447769,2.3423588275909424,0.007701305083256171
1,60,1.0,0.0775703564286232,0.09923664480447769,0.5569165349006653,0.007697821908264013
12,19,1.0,0.11200795322656631,-0.06870228797197342,-1.3453408479690552,0.007695202657722888
57,79,1.0,0.14376865327358246,-0.05343511328101158,-2.465327739715576,0.007682294273932355
91,92,1.0,0.09144780784845352,0.08396946638822556,0.5089989900588989,0.007678823627407627
49,85,1.0,0.09143971651792526,-0.08396946638822556,-2.4357247352600098,0.0076781442027007984
56,80,1.0,0.0913674458861351,0.08396946638822556,1.593546748161316,0.007672075676313839
8,72,1.0,0.09134828299283981,0.08396946638822556,0.8788666725158691,0.007670466578389379
46,65,1.0,0.06683561950922012,-0.11450381577014923,-0.8427879214286804,0.007652933463167533
36,125,1.0,0.07708290219306946,0.09923664480447769,2.5472936630249023,0.007649448585431928
33,74,1.0,0.11130468547344208,0.06870228797197342,2.830660820007324,0.007646886554026344
12,117,1.0,0.0909864604473114,-0.08396946638822556,-0.7121351957321167,0.007640084532314129
51,125,1.0,0.1428992748260498,-0.05343511328101158,-2.813953399658203,0.007635838938104378
70,116,1.0,0.090891033411026,-0.08396946638822556,-1.5678189992904663,0.007632071574998234
29,67,1.0,0.0907772034406662,0.08396946638822556,0.7983863949775696,0.007622513333128134
46,75,1.0,0.0907740518450737,-0.08396946638822556,-1.4139972925186157,0.00762224869532796
61,124,1.0,0.1425420045852661,0.05343511328101158,2.355348587036133,0.007616748162316167
38,70,1.0,0.09068906307220459,-0.08396946638822556,-2.0001492500305176,0.007615112233421151
29,62,1.0,0.11073924601078033,-0.06870228797197342,-2.7643795013427734,0.007608039569231839
87,121,1.0,0.142292320728302,0.05343511328101158,2.9353203773498535,0.00760340627713485
23,99,1.0,0.076589435338974,-0.09923664480447769,-2.3489558696746826,0.007600478590509274
27,69,1.0,0.09050413221120834,0.08396946638822556,0.6151103377342224,0.007599583687704581
66,107,1.0,0.07655011117458344,0.09923664480447769,2.190175771713257,0.007596576192375415
44,122,1.0,0.07654251158237457,-0.09923664480447769,-0.38706961274147034,0.007595822034342725
30,57,1.0,0.07646444439888,0.09923664480447769,1.644913911819458,0.007588074908983389
14,80,1.0,0.09035792201757431,0.08396946638822556,2.7950735092163086,0.007587306495764612
42,46,1.0,0.14192074537277222,-0.05343511328101158,-2.494737148284912,0.007583551105919684
66,113,1.0,0.09019315242767334,0.08396946638822556,0.47304436564445496,0.007573470881223621
10,92,1.0,0.06611993163824081,-0.11450381577014923,-2.6564197540283203,0.007570984471039988
17,42,1.0,0.11011765897274017,0.06870228797197342,2.4599554538726807,0.007565335117544758
45,117,1.0,0.1414160579442978,-0.05343511328101158,-0.309352308511734,0.00755658307600765
64,74,1.0,0.1978207230567932,-0.038167938590049744,-3.044581413269043,0.007550409209470921
52,90,1.0,0.10989303886890411,0.06870228797197342,2.7256181240081787,0.0075499032024867185
50,68,1.0,0.07606290280818939,-0.09923664480447769,-1.7687125205993652,0.0075482272687737995
37,42,1.0,0.10983636230230331,-0.06870228797197342,-2.7216904163360596,0.007546009392686848
11,27,1.0,0.08986064046621323,0.08396946638822556,2.2307159900665283,0.007545550029252113
68,75,1.0,0.07602352648973465,0.09923664480447769,0.47409766912460327,0.007544319695045598
83,95,1.0,0.08984554558992386,0.08396946638822556,1.611696720123291,0.007544282520544898
9,83,1.0,0.08983002603054047,-0.08396946638822556,-1.9262601137161255,0.007542979351424894
38,43,1.0,0.08982308208942413,0.08396946638822556,1.0876320600509644,0.007542396272394725
16,32,1.0,0.10977668315172195,0.06870228797197342,0.3613632917404175,0.007541909298497684
38,67,1.0,0.08981356769800186,-0.08396946638822556,-0.9047724604606628,0.007541597354023988
4,57,1.0,0.10975077003240585,0.06870228797197342,2.4138967990875244,0.0075401290079121774
78,110,1.0,0.08979242295026779,-0.08396946638822556,-1.133396863937378,0.007539821840839844
67,85,1.0,0.14096395671367645,-0.05343511328101158,-0.8958672285079956,0.007532424995534914
35,81,1.0,0.14094500243663788,0.05343511328101158,2.8847713470458984,0.007531412171594198
16,77,1.0,0.07589147984981537,0.09923664480447769,0.6034619212150574,0.007531215829542304
48,113,1.0,0.07582399994134903,-0.09923664480447769,-2.3307600021362305,0.007524519349834391
2,22,1.0,0.10938046872615814,-0.06870228797197342,-0.38330745697021484,0.007514688460933949
57,78,1.0,0.08943364769220352,0.08396946638822556,0.14759577810764313,0.00750969567386689
36,82,1.0,0.07566294819116592,0.09923664480447769,2.3164680004119873,0.007508537114506331
16,113,1.0,0.05784729868173599,0.12977099418640137,1.3835142850875854,0.007506901460926585
2,59,1.0,0.0893985703587532,-0.08396946638822556,-2.260223388671875,0.007506750248894745
57,120,1.0,0.07561410963535309,-0.09923664480447769,-1.9905915260314941,0.007503690540090369
18,24,1.0,0.14042064547538757,-0.05343511328101158,-0.36585643887519836,0.007503393097970101
24,90,1.0,0.08931884169578552,-0.08396946638822556,-1.2172157764434814,0.007500055475609502
82,125,1.0,0.1403360515832901,-0.05343511328101158,-3.134737968444824,0.007498872813762991
67,86,1.0,0.07556305080652237,0.09923664480447769,1.9717857837677002,0.007498623633229562
13,99,1.0,0.10909215360879898,0.06870228797197342,1.642393708229065,0.007494880552714467
28,99,1.0,0.14024196565151215,-0.05343511328101158,-0.18416742980480194,0.007493845321340287
1,36,1.0,0.1090289056301117,-0.06870228797197342,-2.3476905822753906,0.007490535271869048
25,77,1.0,0.10899252444505692,0.06870228797197342,1.187893271446228,0.007488035801216653
6,121,1.0,0.10898765921592712,-0.06870228797197342,-2.6389992237091064,0.007487701548843928
26,79,1.0,0.05766356736421585,0.12977099418640137,1.553113579750061,0.007483058465188819
18,119,1.0,0.08898565173149109,-0.08396946638822556,-2.2539420127868652,0.007472077692101786
30,44,1.0,0.0752905085682869,-0.09923664480447769,-0.47847670316696167,0.007471577455939571
18,88,1.0,0.08895699679851532,0.08396946638822556,2.131166458129883,0.0074696715526704205
17,98,1.0,0.07519937306642532,0.09923664480447769,1.4667834043502808,0.007462533474512256
32,92,1.0,0.0651431530714035,0.11450381577014923,1.7176157236099243,0.007459139597974618
46,99,1.0,0.10844846069812775,0.06870228797197342,1.798676609992981,0.007450657377000014
20,122,1.0,0.1393258273601532,-0.05343511328101158,-2.5476796627044678,0.007444891367960449
21,82,1.0,0.10833986848592758,0.06870228797197342,2.5253477096557617,0.007443196843565925
17,90,1.0,0.1082158014178276,-0.06870228797197342,-2.311887502670288,0.007434673152125482
21,46,1.0,0.13892650604248047,0.05343511328101158,0.38113197684288025,0.007423553588115084
6,43,1.0,0.13886119425296783,0.05343511328101158,0.2966492772102356,0.007420063645243891
1,115,1.0,0.10799127072095871,0.06870228797197342,2.604313850402832,0.007419247379530647
27,44,1.0,0.08832651376724243,0.08396946638822556,0.840252161026001,0.007416730228967605
17,36,1.0,0.10793456435203552,0.06870228797197342,2.3370883464813232,0.007415351522243041
33,71,1.0,0.13863538205623627,0.05343511328101158,2.6923365592956543,0.007407997344931305
20,79,1.0,0.08817919343709946,0.08396946638822556,2.2289645671844482,0.007404359819457362
4,126,1.0,0.13853514194488525,0.05343511328101158,-0.05497736483812332,0.007402641003225963
73,118,1.0,0.1384812593460083,0.05343511328101158,0.4858143925666809,0.007399761780451097
95,111,1.0,0.057013049721717834,0.12977099418640137,1.6495929956436157,0.007398640143986057
15,112,1.0,0.0646008774638176,-0.11450381577014923,-1.3826850652694702,0.007397046971706955
8,46,1.0,0.13831710815429688,-0.05343511328101158,-3.0663321018218994,0.007390990342926784
11,16,1.0,0.07447177171707153,-0.09923664480447769,-0.7789768576622009,0.0073903287578471755
49,124,1.0,0.13829994201660156,-0.05343511328101158,-0.40258264541625977,0.007390073068414438
59,106,1.0,0.08800415694713593,-0.08396946638822556,-1.8915482759475708,0.007389662098796657
97,116,1.0,0.13827075064182281,0.05343511328101158,0.22163105010986328,0.007388513223996307
1,91,1.0,0.10744083672761917,-0.06870228797197342,-0.5396854281425476,0.0073814313048106706
8,115,1.0,0.08789656311273575,-0.08396946638822556,-0.9878281950950623,0.007380627501935411
48,120,1.0,0.0743318721652031,0.09923664480447769,1.5640497207641602,0.007376445595710102
1,30,1.0,0.10733223706483841,0.06870228797197342,-2.9565367698669434,0.0073739702595046475
14,82,1.0,0.1378885954618454,0.05343511328101158,2.5640273094177246,0.007368092718663288
6,15,1.0,0.07424455881118774,0.09923664480447769,1.4033079147338867,0.007367780911410993
94,114,1.0,0.08759264647960663,0.08396946638822556,2.7414705753326416,0.007355107784425052
60,122,1.0,0.10704950988292694,-0.06870228797197342,-2.5886428356170654,0.007354546255235461
24,120,1.0,0.13761021196842194,-0.05343511328101158,-2.449744939804077,0.007353217265156642
21,63,1.0,0.07400564849376678,-0.09923664480447769,-1.5107438564300537,0.007344072253100964
78,106,1.0,0.1923092156648636,0.038167938590049744,0.14874179661273956,0.0073400463337971456
105,110,1.0,0.06405957788228989,0.11450381577014923,2.1054604053497314,0.007335066104147248
91,102,1.0,0.08734689652919769,0.08396946638822556,1.1100828647613525,0.007334472292224281
74,104,1.0,0.10674024373292923,0.06870228797197342,0.34310024976730347,0.007333298963138335
63,104,1.0,0.0738932192325592,0.09923664480447769,1.0069377422332764,0.007332915150440877
2,60,1.0,0.13714614510536194,-0.05343511328101158,-0.3002791404724121,0.007328419799759067
60,109,1.0,0.06398508697748184,0.11450381577014923,0.8239227533340454,0.0073265366113065555
45,53,1.0,0.19180415570735931,0.038167938590049744,0.18909969925880432,0.007320769236354829
8,106,1.0,0.08718016743659973,0.08396946638822556,0.809369683265686,0.007320472139287437
14,46,1.0,0.07375829666852951,0.09923664480447769,1.9709365367889404,0.007319525887878153
9,16,1.0,0.0736784040927887,0.09923664480447769,0.7986275553703308,0.007311597616716847
76,104,1.0,0.0870741456747055,0.08396946638822556,1.5687512159347534,0.0073115695485156396
77,117,1.0,0.13679920136928558,0.05343511328101158,0.6745341420173645,0.00730988082191969
57,98,1.0,0.13679537177085876,0.05343511328101158,0.17127195000648499,0.007309676186893932
8,45,1.0,0.10636380314826965,-0.06870228797197342,-2.475618362426758,0.007307436633686715
60,79,1.0,0.07359190285205841,0.09923664480447769,2.5110666751861572,0.007303013523815349
106,117,1.0,0.13663382828235626,0.05343511328101158,2.691272497177124,0.007301044092285991
57,100,1.0,0.07353989779949188,0.09923664480447769,1.1559427976608276,0.0072978527168857665
3,12,1.0,0.13656312227249146,-0.05343511328101158,-0.7424030303955078,0.007297265908639217
4,13,1.0,0.10620637238025665,0.06870228797197342,0.9891224503517151,0.007296620779727037
29,102,1.0,0.10620369762182236,-0.06870228797197342,-2.4235739707946777,0.007296437017702828
25,49,1.0,0.07350794970989227,0.09923664480447769,1.063490629196167,0.0072946822956659885
84,105,1.0,0.07343704253435135,0.09923664480447769,1.6824922561645508,0.007287645705472745
26,39,0.9999999403953552,0.106014683842659,0.06870228797197342,2.4507334232330322,0.007283450904488546
91,110,1.0,0.1059206947684288,-0.06870228797197342,-0.659518301486969,0.007276994074172094
111,126,1.0,0.05605825036764145,0.12977099418640137,2.2213988304138184,0.007274734882559031
5,126,1.0,0.08660603314638138,-0.08396946638822556,-2.2098183631896973,0.0072722623893026195
12,36,1.0,0.10567516833543777,-0.06870228797197342,-0.8529477119445801,0.007260125846468013
33,77,1.0,0.0731406882405281,-0.09923664480447769,-2.1942102909088135,0.007258236499680326
45,119,1.0,0.07310616970062256,0.09923664480447769,-0.04040437191724777,0.00725481099559655
47,88,1.0,0.07307416945695877,-0.09923664480447769,-1.9205363988876343,0.00725163539878243
35,87,1.0,0.13568229973316193,-0.05343511328101158,-0.16503754258155823,0.007250199056469675
17,39,1.0,0.10547614097595215,-0.06870228797197342,-2.2656192779541016,0.00724645221150233
39,99,1.0,0.05575760826468468,0.12977099418640137,1.8521567583084106,0.00723572025796404
3,36,1.0,0.0631522536277771,-0.11450381577014923,-0.7534499764442444,0.0072311740148647274
23,47,1.0,0.10524526238441467,-0.06870228797197342,-0.4020368456840515,0.007230590324019959
10,72,1.0,0.08609482645988464,-0.08396946638822556,-0.9713725447654724,0.007229336636623396
58,76,1.0,0.10520870238542557,-0.06870228797197342,-0.25136351585388184,0.007228078568441154
103,108,1.0,0.07279530167579651,-0.09923664480447769,-1.6441470384597778,0.007223961495835818
7,53,1.0,0.07275629043579102,0.09923664480447769,2.526402473449707,0.0072200901512680105
56,112,1.0,0.06305348873138428,0.11450381577014923,2.2561259269714355,0.007219865057363606
95,120,1.0,0.08597937971353531,-0.08396946638822556,-2.438194990158081,0.007219642634936185
16,83,1.0,0.10507743805646896,0.06870228797197342,0.20414160192012787,0.00721906040871273
100,114,1.0,0.13506993651390076,-0.05343511328101158,-0.34781908988952637,0.0072174773584793295
88,89,1.0,0.08591998368501663,-0.08396946638822556,-2.807020902633667,0.007214655182115892
88,123,1.0,0.08591190725564957,0.08396946638822556,0.7904589176177979,0.0072139770086516175
13,83,1.0,0.18883581459522247,0.038167938590049744,2.801762104034424,0.0072074737750724704
91,107,1.0,0.10484340041875839,-0.06870228797197342,-2.4278697967529297,0.007202981487530458
68,72,1.0,0.08572877198457718,0.08396946638822556,1.247294545173645,0.007198599237662806
14,122,1.0,0.08569800108671188,-0.08396946638822556,-2.4807984828948975,0.007196015421788771
109,124,1.0,0.06275773048400879,0.11450381577014923,1.4441418647766113,0.007185999609493621
59,112,1.0,0.18814103305339813,-0.038167938590049744,-2.7639269828796387,0.007180955395850619
12,124,1.0,0.10452043265104294,-0.06870228797197342,-0.6016731858253479,0.007180792862947205
83,126,1.0,0.07235179096460342,0.09923664480447769,2.833103895187378,0.007179948980922168
61,77,1.0,0.08544895797967911,-0.08396946638822556,-1.7547714710235596,0.007175103404983563
32,56,1.0,0.10428939759731293,0.06870228797197342,2.9104418754577637,0.0071649202261542255
71,88,1.0,0.10426350682973862,-0.06870228797197342,-1.294674038887024,0.00716314147118452
29,117,1.0,0.05518820509314537,-0.12977099418640137,-1.8154150247573853,0.007161828242300494
10,16,1.0,0.13398416340351105,-0.05343511328101158,-3.0505924224853516,0.007159458949328179
16,25,1.0,0.18753975629806519,0.038167938590049744,2.675358772277832,0.007158005901577447
63,100,1.0,0.13395042717456818,-0.05343511328101158,-0.4641922116279602,0.007157656250112943
17,80,1.0,0.08521603792905807,-0.08396946638822556,-1.2331905364990234,0.007155545232621796
30,37,1.0,0.13379690051078796,0.05343511328101158,2.756978988647461,0.007149452535442191
22,66,1.0,0.08513756841421127,0.08396946638822556,0.4777678847312927,0.007148956189332367
59,92,1.0,0.08512035757303238,-0.08396946638822556,-0.8212895393371582,0.007147511004182483
32,99,1.0,0.10398700088262558,-0.06870228797197342,-2.7834086418151855,0.007144144879979997
101,104,1.0,0.13359226286411285,-0.05343511328101158,-3.1068758964538574,0.007138517699610547
51,92,1.0,0.18697525560855865,-0.038167938590049744,-0.009687044657766819,0.007136460073926321
83,122,1.0,0.10376685112714767,0.06870228797197342,1.8202372789382935,0.007129020088082194
61,119,1.0,0.07175039499998093,0.09923664480447769,1.5069509744644165,0.007120268463194079
2,29,1.0,0.13314679265022278,-0.05343511328101158,-2.5582275390625,0.007114713948268014
18,66,1.0,0.08465205132961273,-0.08396946638822556,-1.8294388055801392,0.007108187578816261
70,71,1.0,0.07158023118972778,-0.09923664480447769,-1.5835384130477905,0.007103381977597412
37,98,1.0,0.08457942306995392,0.08396946638822556,2.408557415008545,0.007102089022608005
93,105,1.0,0.10337182134389877,-0.06870228797197342,-1.7476927042007446,0.007101880638155922
11,49,1.0,0.0715591162443161,0.09923664480447769,1.799367070198059,0.007101286601259527
44,92,1.0,0.08453451097011566,0.08396946638822556,1.5928843021392822,0.0070983177775502115
14,32,1.0,0.08450067043304443,0.08396946638822556,1.5086196660995483,0.0070954762057100496
20,125,1.0,0.10327161848545074,0.06870228797197342,1.3627400398254395,0.0070949964725192105
4,23,1.0,0.08448216319084167,-0.08396946638822556,-1.7076181173324585,0.007093922162457966
52,68,1.0,0.13273386657238007,-0.05343511328101158,-0.3006966710090637,0.007092649196521805
26,73,1.0,0.08444028347730637,-0.08396946638822556,-2.1611433029174805,0.007090405545259915
19,110,1.0,0.13261981308460236,0.05343511328101158,2.9157865047454834,0.007086554735482309
42,59,1.0,0.061874985694885254,0.11450381577014923,1.4082530736923218,0.00708492196278776
63,113,1.0,0.08436322957277298,0.08396946638822556,0.2718895673751831,0.007083935370013117
14,97,1.0,0.08436045050621033,-0.08396946638822556,-1.369849443435669,0.007083702013276794
6,17,1.0,0.08432359993457794,-0.08396946638822556,-2.626051425933838,0.007080607690440721
69,76,1.0,0.06181172654032707,0.11450381577014923,1.3968706130981445,0.007077678548208455
19,84,1.0,0.08427292853593826,-0.08396946638822556,-1.5266034603118896,0.007076352840135802
19,89,1.0,0.0617605485022068,-0.11450381577014923,-1.4436149597167969,0.007071818467560054
72,106,1.0,0.08421892672777176,0.08396946638822556,1.5318900346755981,0.007071818337120062
97,112,1.0,0.08421274274587631,0.08396946638822556,2.241818904876709,0.0070712990714601465
46,83,1.0,0.13232707977294922,0.05343511328101158,2.512085437774658,0.007070912497812998
11,126,1.0,0.05448734760284424,0.12977099418640137,2.130323648452759,0.00707087726900113
105,122,1.0,0.07123301178216934,0.09923664480447769,1.8011534214019775,0.007068925088580313
15,27,1.0,0.1322532594203949,0.05343511328101158,0.3999704420566559,0.007066967898911813
21,117,1.0,0.13217176496982574,-0.05343511328101158,-0.25015777349472046,0.007062613233713877
14,31,1.0,0.18503838777542114,-0.038167938590049744,-2.9047868251800537,0.007062533821414085
101,108,1.0,0.18477222323417664,0.038167938590049744,0.48716601729393005,0.007052374869549016
28,104,1.0,0.061528194695711136,0.11450381577014923,1.6927324533462524,0.007045213070107581
18,109,1.0,0.18444237112998962,0.038167938590049744,0.2675561308860779,0.007039785094692608
22,116,1.0,0.10244283825159073,-0.06870228797197342,-2.944999933242798,0.00703805737422708
3,67,1.0,0.10242176800966263,0.06870228797197342,1.4720759391784668,0.007036609800398497
13,87,1.0,0.08379802107810974,-0.08396946638822556,-2.3441028594970703,0.0070364751143181525
28,84,1.0,0.10239621251821518,-0.06870228797197342,-2.6725099086761475,0.007034854079665809
70,121,1.0,0.08376540243625641,0.08396946638822556,0.8259590864181519,0.0070337361443674196
27,40,1.0,0.10223693400621414,-0.06870228797197342,0.12319579720497131,0.007023911281466566
19,118,1.0,0.08361537754535675,0.08396946638822556,2.431497812271118,0.0070211386343336235
40,122,1.0,0.10213945806026459,0.06870228797197342,1.0039068460464478,0.007017214460957599
24,49,1.0,0.10207933932542801,-0.06870228797197342,-0.3564676344394684,0.007013084166324346
104,110,1.0,0.07066032290458679,-0.09923664480447769,-1.9065334796905518,0.007012093365852179
10,101,1.0,0.10206395387649536,0.06870228797197342,1.011153221130371,0.007012027150781197
81,117,1.0,0.083437480032444,-0.08396946638822556,-1.3359471559524536,0.007006200675102547
77,80,1.0,0.0834335908293724,-0.08396946638822556,-2.3599061965942383,0.00700587410079595
31,99,1.0,0.0539606548845768,0.12977099418640137,2.465362787246704,0.007002527831320826
11,28,1.0,0.10191133618354797,0.06870228797197342,0.8426585793495178,0.0070015419660907074
42,52,1.0,0.07054552435874939,0.09923664480447769,2.2515673637390137,0.007000701143334842
79,98,1.0,0.08337084203958511,-0.08396946638822556,-1.973894476890564,0.007000605118401004
89,100,1.0,0.1018640473484993,-0.06870228797197342,-1.7137311697006226,0.006998293114927334
117,119,1.0,0.10182324796915054,-0.06870228797197342,-2.818725109100342,0.006995490104218238
70,84,1.0,0.07040906697511673,0.09923664480447769,1.608076810836792,0.0069871595704243394
30,41,1.0,0.1830536425113678,-0.038167938590049744,0.04880458861589432,0.006986780186058805
43,126,1.0,0.07039331644773483,0.09923664480447769,0.9495172500610352,0.006985596540933059
16,112,1.0,0.07035063207149506,-0.09923664480447769,-1.69829261302948,0.0069813606866494515
47,95,1.0,0.07031939923763275,-0.09923664480447769,-1.3466161489486694,0.006978261245009221
8,64,1.0,0.06089011952280998,0.11450381577014923,2.831267833709717,0.006972151028062201
12,86,1.0,0.0702497810125351,0.09923664480447769,1.4105948209762573,0.0069713525659332864
57,77,1.0,0.13043704628944397,-0.05343511328101158,-2.9392051696777344,0.00696991834451699
31,71,1.0,0.10144460946321487,0.06870228797197342,0.16898484528064728,0.006969476772546168
46,124,1.0,0.10144279152154922,0.06870228797197342,1.1342353820800781,0.0069693518757943385
49,59,1.0,0.07022587954998016,0.09923664480447769,0.6701693534851074,0.006968980664983415
34,124,1.0,0.10143507272005081,0.06870228797197342,-0.08285601437091827,0.006968821576470996
6,11,1.0,0.07006773352622986,0.09923664480447769,2.0045387744903564,0.006953286784197266
78,83,0.9999999403953552,0.1010981947183609,-0.06870228797197342,-1.978754997253418,0.006945676872992845
12,41,1.0,0.08271440863609314,0.08396946638822556,0.6618722081184387,0.0069454847557903765
14,35,1.0,0.12992535531520844,0.05343511328101158,-0.19444513320922852,0.006942576079343843
50,76,1.0,0.10100303590297699,-0.06870228797197342,-0.7407492399215698,0.0069391396586498955
77,106,1.0,0.10096535086631775,0.06870228797197342,2.571275234222412,0.006936550610409098
23,80,1.0,0.06987015157938004,0.09923664480447769,2.469102144241333,0.006933679414717953
78,82,1.0,0.10090669244527817,0.06870228797197342,0.3219958245754242,0.006932520642674855
42,116,1.0,0.08246821165084839,-0.08396946638822556,-1.1992758512496948,0.006924811726312985
18,64,1.0,0.08246704190969467,0.08396946638822556,1.0242526531219482,0.006924713503772495
22,99,1.0,0.12956887483596802,0.05343511328101158,0.23680824041366577,0.006923527504553162
40,72,1.0,0.10068506747484207,0.06870228797197342,2.9168567657470703,0.006917294500134175
104,119,1.0,0.1006743535399437,-0.06870228797197342,-2.4041478633880615,0.006916558428293473
34,38,1.0,0.1294158399105072,-0.05343511328101158,-0.6991201639175415,0.006915350065975212
3,89,1.0,0.06967469304800034,-0.09923664480447769,-0.6499881744384766,0.0069142827658654205
40,79,1.0,0.1810484230518341,0.038167938590049744,-0.10046099126338959,0.006910245092867751
8,74,1.0,0.18083244562149048,-0.038167938590049744,-0.009663373231887817,0.006902001679569558
58,70,1.0,0.10044203698635101,0.06870228797197342,2.045222282409668,0.0069005977495278925
13,88,1.0,0.06951157748699188,0.09923664480447769,1.6957402229309082,0.0068980957248755415
119,125,1.0,0.06947052478790283,-0.09923664480447769,-0.25662827491760254,0.006894021792757776
16,60,1.0,0.08205875754356384,-0.08396946638822556,-0.9205966591835022,0.006890430083413834
37,91,1.0,0.08204056322574615,-0.08396946638822556,-2.0484111309051514,0.006888902316255385
54,112,1.0,0.08201645314693451,-0.08396946638822556,-1.7843352556228638,0.006886877805802993
81,97,1.0,0.10020974278450012,-0.06870228797197342,-0.9762300252914429,0.006884638606378113
63,85,1.0,0.08180544525384903,0.08396946638822556,2.0390076637268066,0.006869159585616902
43,118,1.0,0.06919801980257034,-0.09923664480447769,-1.6083619594573975,0.006866979312320887
76,111,1.0,0.09985997527837753,-0.06870228797197342,-2.48382306098938,0.00686060877844924
29,38,1.0,0.08168875426054001,0.08396946638822556,2.463789939880371,0.006859361105176431
9,81,1.0,0.1283549964427948,-0.05343511328101158,-0.5321456789970398,0.006858663775104579
83,125,1.0,0.09982651472091675,0.06870228797197342,1.3844518661499023,0.006858309961594866
8,109,1.0,0.059888727962970734,0.11450381577014923,1.8120977878570557,0.0068574878733805855
37,70,1.0,0.08163446933031082,-0.08396946638822556,-1.039048433303833,0.0068548028285521645
8,102,1.0,0.08158299326896667,0.08396946638822556,0.37072014808654785,0.006850480411149329
95,117,1.0,0.12818117439746857,0.05343511328101158,0.42942705750465393,0.006849375574421834
50,109,1.0,0.08155493438243866,-0.08396946638822556,-0.44821277260780334,0.006848124321420124
91,106,1.0,0.05972384288907051,0.11450381577014923,1.5483089685440063,0.006838607903255467
23,85,1.0,0.08142910897731781,0.08396946638822556,0.5573274493217468,0.006837558829294044
11,20,1.0,0.127937912940979,0.05343511328101158,2.6797122955322266,0.006836376870937411
45,96,1.0,0.08138564229011536,-0.08396946638822556,-0.645497739315033,0.00683390895476399
35,103,1.0,0.0994621068239212,-0.06870228797197342,-2.2200608253479004,0.006833274305316217
63,98,1.0,0.09934811294078827,-0.06870228797197342,-0.18556290864944458,0.006825442664730175
100,112,1.0,0.08127868920564651,-0.08396946638822556,-0.37632885575294495,0.006824928161332566
47,75,1.0,0.17867514491081238,-0.038167938590049744,-0.2044091671705246,0.006819661958524126
63,111,1.0,0.08115357905626297,-0.08396946638822556,-0.9317418336868286,0.006814422728849079
65,94,1.0,0.08110836148262024,0.08396946638822556,0.44247671961784363,0.0068106258333189285
50,115,1.0,0.1273994743824005,0.05343511328101158,0.38701802492141724,0.006807605345564904
5,108,1.0,0.09902379661798477,-0.06870228797197342,-2.137721300125122,0.006803161391326917
27,32,1.0,0.08095257729291916,-0.08396946638822556,-0.8971009850502014,0.006797544718038007
4,89,1.0,0.08083053678274155,0.08396946638822556,1.9717621803283691,0.006787297041520646
53,97,1.0,0.09878155589103699,0.06870228797197342,0.4449649155139923,0.0067865188991456105
61,110,1.0,0.08081203699111938,0.08396946638822556,2.047703504562378,0.006785743623889839
3,18,1.0,0.05923663452267647,0.11450381577014923,1.4318513870239258,0.006782820686228208
11,43,1.0,0.17766128480434418,-0.038167938590049744,-0.5038751363754272,0.006780965008241546
9,120,1.0,0.17763589322566986,-0.038167938590049744,2.9888319969177246,0.0067799958640260005
70,81,1.0,0.05920572206377983,0.11450381577014923,2.257371187210083,0.006779281091729705
39,52,1.0,0.06830573827028275,-0.09923664480447769,-0.9648610949516296,0.006778432286835667
52,116,1.0,0.08067696541547775,0.08396946638822556,2.606006622314453,0.006774401735758995
21,120,1.0,0.0984799861907959,-0.06870228797197342,-1.2332500219345093,0.0067658003707560255
8,41,1.0,0.0984526202082634,-0.06870228797197342,-0.5938248634338379,0.006763920265143442
25,111,1.0,0.0681522861123085,0.09923664480447769,2.488241195678711,0.006763204209540297
7,95,1.0,0.0681377574801445,0.09923664480447769,0.8730243444442749,0.006761762436830743
41,124,1.0,0.09840606153011322,0.06870228797197342,0.07359296083450317,0.006760721577429574
23,48,1.0,0.09837982058525085,-0.06870228797197342,-3.0410759449005127,0.006758918764478983
40,95,1.0,0.08038749545812607,0.08396946638822556,1.338735580444336,0.006750095097904751
12,100,1.0,0.12630072236061096,0.05343511328101158,2.914379358291626,0.006748893406812839
79,125,1.0,0.08036980032920837,-0.08396946638822556,-1.1188814640045166,0.006748609247371862
72,111,1.0,0.0801994577050209,0.08396946638822556,0.7765266299247742,0.00673430566811567
11,112,1.0,0.041961755603551865,-0.16030533611774445,-2.0831310749053955,0.006726693336118028
41,49,1.0,0.08008857071399689,0.08396946638822556,1.062670350074768,0.006724994546649987
23,124,1.0,0.08004621416330338,0.08396946638822556,1.5092127323150635,0.006721437889690207
8,90,1.0,0.12574677169322968,-0.05343511328101158,-0.3905499577522278,0.006719292990149228
6,9,1.0,0.09777490794658661,0.06870228797197342,0.9728409051895142,0.0067173598821795855
57,64,1.0,0.12570321559906006,0.05343511328101158,2.9947116374969482,0.006716965565323196
82,122,1.0,0.07998168468475342,-0.08396946638822556,-1.2606523036956787,0.006716019383810057
7,66,1.0,0.0799785703420639,-0.08396946638822556,-2.2701056003570557,0.006715757874116268
24,69,1.0,0.09770767390727997,-0.06870228797197342,-2.4808857440948486,0.006712740749849622
28,61,1.0,0.06758482754230499,0.09923664480447769,1.3819903135299683,0.0067068915249876015
56,105,1.0,0.0976044088602066,-0.06870228797197342,-2.4072375297546387,0.006705646204848148
2,11,1.0,0.09759583324193954,-0.06870228797197342,-0.45576050877571106,0.006705057040252427
8,66,1.0,0.17549845576286316,0.038167938590049744,2.9212398529052734,0.006698414282205523
16,122,1.0,0.09748685359954834,-0.06870228797197342,-1.0261659622192383,0.0066975698894777835
87,97,1.0,0.12533824145793915,-0.05343511328101158,-0.4571271538734436,0.0066974631307477606
52,80,1.0,0.06747613102197647,0.09923664480447769,1.2066447734832764,0.006696104847008277
32,123,1.0,0.07973892241716385,-0.08396946638822556,-0.8230148553848267,0.006695634765741365
21,36,1.0,0.06738127768039703,0.09923664480447769,0.6010351777076721,0.006686691919641441
2,56,1.0,0.12506622076034546,-0.05343511328101158,-0.6006965637207031,0.006682927673957062
41,62,1.0,0.07955800741910934,0.08396946638822556,1.7566890716552734,0.0066804434298931015
2,39,0.9999999403953552,0.12495249509811401,-0.05343511328101158,-2.5625662803649902,0.006676850332341451
7,109,1.0,0.12493319809436798,-0.05343511328101158,-0.18360771238803864,0.006675819592731613
19,31,1.0,0.12491876631975174,-0.05343511328101158,-3.024637222290039,0.006675048429220148
7,60,1.0,0.12488684803247452,-0.05343511328101158,3.0126492977142334,0.006673342871923754
119,124,1.0,0.07945403456687927,0.08396946638822556,2.5038301944732666,0.0066717128849724805
64,102,1.0,0.09707011282444,0.06870228797197342,0.8394103050231934,0.006668938844736627
1,106,1.0,0.1247827336192131,-0.05343511328101158,3.099029541015625,0.0066677795064569445
23,96,1.0,0.06712597608566284,-0.09923664480447769,-0.6023246049880981,0.006661356645966787
90,98,1.0,0.06710910052061081,0.09923664480447769,1.7788935899734497,0.006659681971511844
56,90,1.0,0.0968962237238884,0.06870228797197342,2.2004168033599854,0.006656992265675343
97,120,1.0,0.07925361394882202,-0.08396946638822556,-1.243177056312561,0.006654883672621015
21,24,1.0,0.07923159003257751,-0.08396946638822556,-2.002898693084717,0.0066530343361261846
29,114,1.0,0.09679421037435532,-0.06870228797197342,-2.351339817047119,0.006649983715158736
4,115,1.0,0.09674085676670074,-0.06870228797197342,-0.9636983275413513,0.006646318200241308
26,52,1.0,0.17409400641918182,-0.038167938590049744,-2.9016151428222656,0.006644809345903058
28,33,1.0,0.12434834241867065,-0.05343511328101158,3.0092074871063232,0.006644567763447684
17,54,1.0,0.1740482896566391,-0.038167938590049744,-0.13967427611351013,0.006643064431317791
27,107,1.0,0.1739400178194046,-0.038167938590049744,0.19293911755084991,0.006638931918483193
57,93,1.0,0.07893802225589752,-0.08396946638822556,-0.7271260619163513,0.006628383606569588
93,101,1.0,0.07893069088459015,0.08396946638822556,2.2171151638031006,0.006627767995233014
89,98,1.0,0.057879772037267685,0.11450381577014923,0.4570294916629791,0.006627454754173534
51,71,1.0,0.0578644722700119,-0.11450381577014923,-1.5764594078063965,0.006625702872442352
89,101,1.0,0.07885685563087463,-0.08396946638822556,-2.2903919219970703,0.006621568088377883
74,125,1.0,0.09635601192712784,0.06870228797197342,2.7194552421569824,0.006619878479248442
15,21,1.0,0.09633322060108185,-0.06870228797197342,-2.638829231262207,0.0066183126630031675
6,29,1.0,0.0788133293390274,0.08396946638822556,2.7393200397491455,0.006617913208877613
19,90,1.0,0.12369753420352936,-0.05343511328101158,-3.0791032314300537,0.006609791752747396
23,100,1.0,0.09617944061756134,0.06870228797197342,2.3619375228881836,0.006607747626291016
11,64,1.0,0.07866466790437698,-0.08396946638822556,-0.5501168966293335,0.006605430187537509
115,121,1.0,0.09610362350940704,-0.06870228797197342,-2.3568079471588135,0.0066025388174933974
51,75,1.0,0.0785876139998436,0.08396946638822556,1.8660579919815063,0.006598960012290711
107,111,1.0,0.07848475873470306,-0.08396946638822556,-1.07039475440979,0.006590323310561641
16,24,1.0,0.12315812706947327,-0.05343511328101158,-0.14752908051013947,0.006580968471434523
41,125,1.0,0.06628985702991486,-0.09923664480447769,-1.5205602645874023,0.006578382996217269
48,76,1.0,0.09572775661945343,-0.06870228797197342,-0.3690633475780487,0.006576715902180674
22,46,1.0,0.07830941677093506,-0.08396946638822556,-1.14286470413208,0.006575599939428578
20,72,1.0,0.07828604429960251,-0.08396946638822556,-0.4464435577392578,0.00657363736548261
46,66,1.0,0.07826191931962967,-0.08396946638822556,-0.8194455504417419,0.006571611603787664
15,97,1.0,0.07823878526687622,0.08396946638822556,1.2527804374694824,0.00656966904972256
41,126,1.0,0.12286333739757538,-0.05343511328101158,-2.9990687370300293,0.006565216351922587
59,113,1.0,0.12282239645719528,-0.05343511328101158,-2.406499147415161,0.006563028668135545
64,76,1.0,0.07815328240394592,0.08396946638822556,1.6543775796890259,0.006562489419947637
25,121,1.0,0.07813847064971924,0.08396946638822556,1.2446733713150024,0.006561245684848949
80,125,1.0,0.050553761422634125,-0.12977099418640137,-1.8637046813964844,0.006560411879677375
33,69,1.0,0.06608397513628006,0.09923664480447769,0.998445987701416,0.0065579519678669596
8,36,1.0,0.12262088805437088,0.05343511328101158,0.861884355545044,0.006552261043803548
35,77,1.0,0.12260730564594269,-0.05343511328101158,-2.677675724029541,0.006551535266270558
29,106,1.0,0.06601441651582718,-0.09923664480447769,-0.6012291312217712,0.0065510492037559875
27,102,1.0,0.12253744155168533,-0.05343511328101158,0.004071798175573349,0.006547802070479641
8,101,1.0,0.09526026248931885,-0.06870228797197342,-1.3506397008895874,0.006544597985826961
24,81,1.0,0.09523425251245499,-0.06870228797197342,-2.6619577407836914,0.006542811040906316
5,92,1.0,0.06590018421411514,0.09923664480447769,1.7235006093978882,0.006539713173405792
33,110,1.0,0.12234769761562347,0.05343511328101158,2.6851792335510254,0.006537663081761791
87,108,1.0,0.07785678654909134,-0.08396946638822556,-0.2533121407032013,0.006537592821229177
109,120,1.0,0.09510227292776108,0.06870228797197342,0.5187779664993286,0.006533743741472253
87,110,1.0,0.06582897156476974,0.09923664480447769,0.8130649924278259,0.006532646269017117
11,80,1.0,0.09504946321249008,-0.06870228797197342,-0.6764637231826782,0.006530115593205987
96,115,1.0,0.045022234320640564,-0.1450381726026535,-1.5877009630203247,0.0065299425923541765
40,42,1.0,0.09503556787967682,-0.06870228797197342,-2.229832172393799,0.006529160952049584
1,38,1.0,0.06578970700502396,-0.09923664480447769,-1.6975597143173218,0.00652874978584822
101,103,1.0,0.12216435372829437,-0.05343511328101158,-2.3889548778533936,0.006527866080372979
44,121,1.0,0.07764268666505814,-0.08396946638822556,-2.6399686336517334,0.006519614968213128
72,78,1.0,0.12185727804899216,-0.05343511328101158,-2.5773603916168213,0.006511457456663622
15,34,1.0,0.12181703001260757,-0.05343511328101158,-3.115823984146118,0.006509306798280073
52,55,1.0,0.06558831036090851,-0.09923664480447769,-1.952512264251709,0.006508763858611322
18,50,1.0,0.12169405072927475,-0.05343511328101158,-0.4237264394760132,0.006502735386343966
8,55,1.0,0.09463848173618317,-0.06870228797197342,-1.439212679862976,0.006501880225469603
26,95,1.0,0.1216164156794548,-0.05343511328101158,-2.6336493492126465,0.0064985869486622605
103,107,1.0,0.06548549979925156,0.09923664480447769,1.49347984790802,0.006498561283422022
41,68,1.0,0.07736628502607346,-0.08396946638822556,-2.233311653137207,0.006496405670078753
75,88,1.0,0.0773279070854187,-0.08396946638822556,-2.2731239795684814,0.006493183094880894
73,107,1.0,0.12141083925962448,0.05343511328101158,0.30103549361228943,0.006487601949380722
26,91,1.0,0.1213831678032875,-0.05343511328101158,-0.6393560171127319,0.006486123321976706
38,100,1.0,0.06534510105848312,-0.09923664480447769,-0.5073063373565674,0.006484628583453389
53,126,1.0,0.06533269584178925,-0.09923664480447769,-2.6132187843322754,0.006483397531370616
2,122,1.0,0.049957431852817535,0.12977099418640137,1.4525283575057983,0.006483025598539527
5,58,1.0,0.0943521037697792,0.06870228797197342,1.8572005033493042,0.00648220540395289
30,85,1.0,0.0566006675362587,-0.11450381577014923,-0.9681118726730347,0.006480992408039232
73,119,1.0,0.06529562175273895,0.09923664480447769,1.1548069715499878,0.0064797184231640825
4,114,1.0,0.05651222914457321,-0.11450381577014923,-0.9526531100273132,0.006470865874730669
58,63,1.0,0.0652008205652237,-0.09923664480447769,-2.542149066925049,0.006470310671391588
41,52,1.0,0.04456141218543053,0.1450381726026535,1.484264850616455,0.00646310579196846
50,63,0.9999999403953552,0.12083570659160614,-0.05343511328101158,-0.4137653708457947,0.006456869285254129
75,119,1.0,0.09388788789510727,-0.06870228797197342,-3.102102756500244,0.006450312711250017
47,112,1.0,0.06498721241950989,0.09923664480447769,1.7266511917114258,0.006449112915708044
49,122,1.0,0.0562446229159832,0.11450381577014923,1.3066277503967285,0.006440223940433254
49,89,1.0,0.09372453391551971,0.06870228797197342,0.42062026262283325,0.006439089919103025
39,74,1.0,0.07659562677145004,-0.08396946638822556,-1.3336468935012817,0.006431693907670344
15,91,1.0,0.1203152984380722,-0.05343511328101158,0.05711714178323746,0.006429061601477104
18,40,1.0,0.09354028850793839,0.06870228797197342,2.592655658721924,0.006426431838053859
61,86,1.0,0.09351132810115814,-0.06870228797197342,-0.7843679785728455,0.006424442191847457
41,88,1.0,0.07650123536586761,0.08396946638822556,1.0480719804763794,0.006423767911711953
2,23,1.0,0.09342934936285019,-0.06870228797197342,-1.4711425304412842,0.006418810064960645
30,79,1.0,0.09342582523822784,0.06870228797197342,-0.060654234141111374,0.0064185679495359915
43,64,1.0,0.05604355409741402,0.11450381577014923,1.5330417156219482,0.006417200793474687
41,48,1.0,0.07642050832509995,0.08396946638822556,0.3650776445865631,0.006416989305175591
5,9,1.0,0.07639355212450027,-0.08396946638822556,-2.3636791706085205,0.006414725807395383
14,76,1.0,0.06459494680166245,0.09923664480447769,1.5383896827697754,0.006410185791920708
13,74,1.0,0.11980301141738892,-0.05343511328101158,-2.73775053024292,0.006401687486494501
11,87,1.0,0.11967714130878448,-0.05343511328101158,-0.6541053056716919,0.00639496160298253
90,124,1.0,0.06443589180707932,0.09923664480447769,1.3983064889907837,0.006394401707918884
22,93,1.0,0.07611773163080215,-0.08396946638822556,-1.586793303489685,0.006391565307720615
58,101,1.0,0.07608913630247116,-0.08396946638822556,-2.2344653606414795,0.006389164173259465
97,99,1.0,0.05579719692468643,-0.11450381577014923,-0.5828962922096252,0.006388991957155032
101,111,1.0,0.07604723423719406,0.08396946638822556,1.2954118251800537,0.006385645679197582
42,54,1.0,0.07602313905954361,0.08396946638822556,1.9952954053878784,0.0063836224199877445
5,55,1.0,0.11935095489025116,-0.05343511328101158,-2.6566836833953857,0.006377531794757474
31,44,1.0,0.05569658428430557,-0.11450381577014923,-1.398702621459961,0.006377471425916714
65,103,1.0,0.09278596937656403,-0.06870228797197342,-2.566032648086548,0.006374608387867409
67,78,1.0,0.07586947828531265,-0.08396946638822556,-2.301722526550293,0.006370719606770769
2,15,1.0,0.0758645236492157,-0.08396946638822556,-1.7203378677368164,0.00637030356862156
1,101,1.0,0.07568404078483582,0.08396946638822556,0.4880182445049286,0.006355148518807363
34,101,1.0,0.07557816058397293,-0.08396946638822556,-1.9398982524871826,0.0063462578148398285
80,101,1.0,0.27692970633506775,0.022900763899087906,-0.2512580454349518,0.006341901821423135
69,77,1.0,0.0638970136642456,-0.09923664480447769,-1.2502501010894775,0.006340925249065599
51,108,1.0,0.09229279309511185,0.06870228797197342,0.7418076395988464,0.006340726048958134
94,105,1.0,0.06388238072395325,0.09923664480447769,0.7539640665054321,0.006339473125167361
112,125,1.0,0.0922609195113182,-0.06870228797197342,-2.7752349376678467,0.006338536260825645
16,46,1.0,0.11862064898014069,0.05343511328101158,0.34259918332099915,0.0063385078157209285
32,126,1.0,0.06386642903089523,0.09923664480447769,1.4735050201416016,0.006337890132669333
97,107,1.0,0.16596932709217072,-0.038167938590049744,-2.951716184616089,0.006334707084285851
49,112,1.0,0.16596193611621857,-0.038167938590049744,-3.0325262546539307,0.006334424985969589
16,107,1.0,0.06381279230117798,-0.09923664480447769,-1.8819921016693115,0.006332567403573908
82,90,1.0,0.07540137320756912,0.08396946638822556,1.5585001707077026,0.006331413073179026
24,103,1.0,0.09207353740930557,-0.06870228797197342,-0.3366832137107849,0.006325662681692379
10,113,1.0,0.05523857846856117,-0.11450381577014923,-2.010653257369995,0.0063250280123690605
48,89,1.0,0.1654345542192459,0.038167938590049744,2.917213201522827,0.006314295906112433
78,79,1.0,0.0751681998372078,-0.08396946638822556,-0.8254951238632202,0.0063118336296938415
49,125,1.0,0.11805222928524017,0.05343511328101158,0.5111715793609619,0.0063081342449327615
25,72,1.0,0.1180175170302391,-0.05343511328101158,-0.08331834524869919,0.00630627939165454
7,40,1.0,0.11798258870840073,0.05343511328101158,0.7386360764503479,0.006304412992820391
57,86,1.0,0.11790917813777924,-0.05343511328101158,-2.653470039367676,0.006300490290663208
25,37,1.0,0.1178421825170517,0.05343511328101158,1.8353885412216187,0.0062969103720803
18,106,1.0,0.11776703596115112,-0.05343511328101158,-0.527152955532074,0.006292894907353075
20,126,1.0,0.11772623658180237,-0.05343511328101158,-0.3787609338760376,0.006290714787895779
21,37,1.0,0.09155748784542084,0.06870228797197342,1.9789189100265503,0.0062902088959465585
13,119,1.0,0.05493353679776192,0.11450381577014923,1.9300135374069214,0.006290099577093644
21,74,1.0,0.07488777488470078,0.08396946638822556,1.8794841766357422,0.006288286496069884
52,70,1.0,0.09146283566951752,-0.06870228797197342,0.0404089018702507,0.006283706074900475
83,119,1.0,0.1175801232457161,0.05343511328101158,0.37826594710350037,0.006282907205230143
73,113,1.0,0.0914389118552208,0.06870228797197342,0.5659144520759583,0.006282062454121273
62,121,1.0,0.06330084800720215,0.09923664480447769,0.7293523550033569,0.006281763769512949
85,97,1.0,0.09142459183931351,0.06870228797197342,0.17224237322807312,0.006281078636264648
120,126,1.0,0.09137115627527237,-0.06870228797197342,-0.7442076206207275,0.0062774074907559485
24,56,1.0,0.11745397746562958,0.05343511328101158,0.2511344254016876,0.006276166591181298
19,42,1.0,0.11737439781427383,0.05343511328101158,3.0738942623138428,0.0062719142434962405
72,126,0.9999999403953552,0.0547531321644783,-0.11450381577014923,-1.8271398544311523,0.006269442184512159
48,59,1.0,0.09114770591259003,0.06870228797197342,3.0245161056518555,0.006262055939591504
20,97,1.0,0.11715759336948395,0.05343511328101158,0.5574150085449219,0.006260329273429066
63,74,1.0,0.06299468874931335,0.09923664480447769,1.8807849884033203,0.006251381551984236
69,93,1.0,0.11696827411651611,-0.05343511328101158,-2.280716896057129,0.006250212977700453
42,109,1.0,0.09095235168933868,0.06870228797197342,1.149344801902771,0.006248634657489149
89,113,1.0,0.06292381137609482,0.09923664480447769,1.2720731496810913,0.006244347919273474
28,115,1.0,0.09088632464408875,0.06870228797197342,0.6090479493141174,0.0062440984484124495
2,34,1.0,0.0629207044839859,0.09923664480447769,1.165792465209961,0.006244039601724816
24,108,1.0,0.163590207695961,0.038167938590049744,-0.14534728229045868,0.006243901001272922
28,40,1.0,0.27253252267837524,-0.022900763899087906,-0.15599030256271362,0.006241202956680292
23,116,1.0,0.11665809154510498,-0.05343511328101158,-2.486384868621826,0.006233638336859304
9,31,1.0,0.16307541728019714,-0.038167938590049744,-0.05715654045343399,0.006224252512297301
21,26,1.0,0.07404947280883789,-0.08396946638822556,-1.601129174232483,0.0062178947180875355
44,78,1.0,0.09040474891662598,-0.06870228797197342,-2.481001138687134,0.00621101309410399
6,25,1.0,0.11610022932291031,-0.05343511328101158,-0.18759162724018097,0.006203828905821135
18,29,1.0,0.11568865180015564,0.05343511328101158,0.407886803150177,0.006181836214268821
10,41,1.0,0.06228642910718918,-0.09923664480447769,-0.915703535079956,0.006181096241449413
10,109,1.0,0.08993282914161682,-0.06870228797197342,-0.6018593907356262,0.006178591125821642
50,107,1.0,0.06224573403596878,0.09923664480447769,1.9445371627807617,0.0061770577991214215
63,121,1.0,0.16162297129631042,0.038167938590049744,-0.016740286722779274,0.006168815643178949
94,103,1.0,0.11539576947689056,0.05343511328101158,0.3672303557395935,0.006166186014147146
18,125,1.0,0.08975173532962799,-0.06870228797197342,-0.18490611016750336,0.006166149566600443
12,84,1.0,0.0896981731057167,0.06870228797197342,2.321789503097534,0.0061624697192688704
45,59,1.0,0.0896465927362442,0.06870228797197342,0.5388085842132568,0.00615892602987167
102,126,1.0,0.0895964577794075,-0.06870228797197342,-3.0090548992156982,0.006155481643629612
50,118,1.0,0.16123175621032715,-0.038167938590049744,-2.733609914779663,0.006153883769801638
68,114,1.0,0.06200345233082771,0.09923664480447769,1.528234601020813,0.006153014575605714
21,122,1.0,0.06195064261555672,-0.09923664480447769,-1.9478366374969482,0.006147773916649141
60,63,1.0,0.07320976257324219,0.08396946638822556,1.349706768989563,0.006147384697683833
82,115,1.0,0.053677964955568314,-0.11450381577014923,-0.8620981574058533,0.006146331810188921
43,91,1.0,0.08945421874523163,-0.06870228797197342,-0.5878452658653259,0.006145709496542806
62,90,1.0,0.06191544607281685,0.09923664480447769,0.7264803051948547,0.006144281129838919
66,89,1.0,0.0731443539261818,-0.08396946638822556,-1.976763367652893,0.006141892368492996
25,113,1.0,0.0893445611000061,-0.06870228797197342,-0.8536469340324402,0.0061381757654221936
12,51,1.0,0.11483956128358841,-0.05343511328101158,-1.720859408378601,0.006136464966330218
5,72,1.0,0.08931135386228561,-0.06870228797197342,-2.770918607711792,0.006135894352213567
65,112,1.0,0.05355483293533325,0.11450381577014923,1.7114298343658447,0.006132232724028519
81,93,1.0,0.1606055051088333,0.038167938590049744,0.6794396638870239,0.00612998105621787
33,34,1.0,0.06173599511384964,-0.09923664480447769,-0.2662809193134308,0.006126473018764067
66,122,1.0,0.11438475549221039,0.05343511328101158,0.8138307332992554,0.006112162367347074
65,80,1.0,0.0727601870894432,-0.08396946638822556,-2.094187021255493,0.006109634084208004
72,103,1.0,0.08891313523054123,-0.06870228797197342,-0.3969617187976837,0.006108535821099659
34,107,1.0,0.05333225056529045,0.11450381577014923,1.947458267211914,0.006106746193335455
74,126,1.0,0.061454400420188904,0.09923664480447769,2.2523677349090576,0.006098528506170431
60,73,1.0,0.0887451022863388,-0.06870228797197342,-0.8412105441093445,0.006096991573378285
40,67,1.0,0.07258368283510208,-0.08396946638822556,-0.740160346031189,0.006094813116155728
70,97,1.0,0.08865012228488922,0.06870228797197342,-2.821605682373047,0.0060904662299671175
63,108,1.0,0.1595267653465271,0.038167938590049744,0.4081481993198395,0.006088807783215522
16,29,1.0,0.11387115716934204,0.05343511328101158,2.255094289779663,0.006084718182783666
10,50,1.0,0.07244221866130829,0.08396946638822556,1.4149410724639893,0.006082934444969212
21,112,1.0,0.0724208652973175,-0.08396946638822556,-2.762162446975708,0.006081141414389313
63,90,1.0,0.11363113671541214,-0.05343511328101158,-0.6640564799308777,0.006071892662638162
71,98,1.0,0.07229236513376236,0.08396946638822556,0.9492824077606201,0.0060703513242247875
49,81,1.0,0.088347889482975,0.06870228797197342,0.4112926125526428,0.006069702144975431
38,72,1.0,0.08833792805671692,0.06870228797197342,0.24899922311306,0.006069017772200036
28,34,1.0,0.05296957492828369,0.11450381577014923,1.581167459487915,0.0060652184490113115
22,88,1.0,0.1134476363658905,0.05343511328101158,0.6490113735198975,0.006062087300674368
45,66,1.0,0.05290190875530243,0.11450381577014923,2.7989227771759033,0.006057470414006394
94,102,1.0,0.07213298976421356,-0.08396946638822556,-0.8872188329696655,0.006056968659488349
38,61,1.0,0.041749075055122375,0.1450381726026535,1.3160758018493652,0.006055209553845975
27,124,1.0,0.07211055606603622,0.08396946638822556,2.00268816947937,0.006055084913823283
93,109,1.0,0.11329517513513565,0.05343511328101158,0.41145285964012146,0.00605394051753802
119,121,1.0,0.05282105505466461,0.11450381577014923,1.7246756553649902,0.0060482123567642265
88,106,1.0,0.1130608320236206,-0.05343511328101158,-1.8787649869918823,0.006041418366827589
9,25,1.0,0.06083644926548004,-0.09923664480447769,-1.7903633117675781,0.006037205106924071
9,27,1.0,0.06081381067633629,0.09923664480447769,2.068317174911499,0.0060349585292943375
19,69,1.0,0.08780509233474731,-0.06870228797197342,-0.7328194379806519,0.006032410738987526
14,83,1.0,0.08777250349521637,-0.06870228797197342,-0.9925782084465027,0.0060301718111493985
79,111,1.0,0.08772291243076324,-0.06870228797197342,-0.5730605125427246,0.006026764791558503
40,82,1.0,0.11277004331350327,0.05343511328101158,0.4379372298717499,0.00602588003916163
32,113,1.0,0.07174133509397507,0.08396946638822556,1.1229829788208008,0.006024081625819966
9,33,1.0,0.08757655322551727,-0.06870228797197342,-1.2552732229232788,0.006016709579292345
32,94,1.0,0.06060190498828888,-0.09923664480447769,-1.4060685634613037,0.006013929719797528
50,126,1.0,0.08747448027133942,-0.06870228797197342,-0.3803878128528595,0.006009696933800268
11,73,1.0,0.04627637937664986,-0.12977099418640137,-0.9235065579414368,0.006005331759054933
17,118,1.0,0.05239267647266388,0.11450381577014923,1.5880399942398071,0.005999161374530937
19,111,1.0,0.05238797515630722,-0.11450381577014923,-2.9670217037200928,0.005998623055868957
20,32,1.0,0.11214076727628708,-0.05343511328101158,-2.899831771850586,0.005992254602827957
7,17,1.0,0.06037842854857445,-0.09923664480447769,-0.744037926197052,0.005991752667727418
53,71,1.0,0.08720454573631287,0.06870228797197342,2.5062170028686523,0.005991151813641293
98,100,1.0,0.0713445171713829,0.08396946638822556,1.593959927558899,0.005990761036606618
11,17,1.0,0.08718939870595932,-0.06870228797197342,-2.1880102157592773,0.005990111178000024
36,76,1.0,0.15682272613048553,-0.038167938590049744,-0.3415292501449585,0.005985600180472561
68,80,1.0,0.08712206035852432,-0.06870228797197342,-0.603601336479187,0.005985484879462988
119,126,1.0,0.07114721089601517,0.08396946638822556,1.683356523513794,0.005974193333948941
9,24,1.0,0.08682292699813843,-0.06870228797197342,-0.702228307723999,0.005964933733195732
80,91,1.0,0.08679959923028946,-0.06870228797197342,-2.6110124588012695,0.005963331062171229
22,38,1.0,0.06008869782090187,0.09923664480447769,1.3697187900543213,0.005963000762416432
43,60,1.0,0.07100389152765274,0.08396946638822556,0.5818690061569214,0.00596215888306445
37,67,1.0,0.08677932620048523,-0.06870228797197342,-0.8829798698425293,0.005961938258639554
42,88,1.0,0.052044566720724106,0.11450381577014923,1.839510440826416,0.005959301479627033
13,101,1.0,0.08670012652873993,0.06870228797197342,2.431109666824341,0.005956497059984023
7,118,1.0,0.1559939682483673,-0.038167938590049744,-0.27356961369514465,0.005953968200521853
52,115,1.0,0.059952158480882645,0.09923664480447769,0.5050004720687866,0.005949451056429106
15,38,1.0,0.07081855088472366,-0.08396946638822556,-0.8630099892616272,0.005946595928177645
6,26,1.0,0.08652282506227493,-0.06870228797197342,-1.4570647478103638,0.005944316043577091
100,126,1.0,0.05988439545035362,-0.09923664480447769,-1.1414170265197754,0.005942726480637622
53,124,1.0,0.07072218507528305,0.08396946638822556,0.45047229528427124,0.005938504142580847
8,73,1.0,0.07071506232023239,-0.08396946638822556,-0.758531391620636,0.005937906048640029
50,61,1.0,0.07071340084075928,-0.08396946638822556,-1.0435945987701416,0.005937766535095257
42,65,1.0,0.05184788629412651,-0.11450381577014923,-1.5466030836105347,0.005936780820294307
13,98,1.0,0.08635401725769043,-0.06870228797197342,-0.5470705628395081,0.00593271856117461
18,55,1.0,0.15535588562488556,0.038167938590049744,0.49430182576179504,0.005929613902133424
54,81,1.0,0.04568031057715416,0.12977099418640137,2.4141764640808105,0.005927979318340881
12,90,1.0,0.059704169631004333,0.09923664480447769,2.1521501541137695,0.005924841475018261
89,95,1.0,0.07050318270921707,-0.08396946638822556,-1.6284303665161133,0.005920114630764528
18,92,1.0,0.11078622192144394,0.05343511328101158,0.6344590187072754,0.0059198743183476454
12,68,1.0,0.05963120982050896,-0.09923664480447769,-0.7010682821273804,0.005917601188219129
58,68,1.0,0.15499842166900635,-0.038167938590049744,-2.7890942096710205,0.00591597023981727
12,92,1.0,0.05959988385438919,0.09923664480447769,0.5432924628257751,0.005914492504446145
80,90,1.0,0.05164685100317001,-0.11450381577014923,-2.496140241622925,0.005913761512375326
81,92,1.0,0.08604741096496582,0.06870228797197342,2.128098249435425,0.005911654007357825
104,124,1.0,0.07034771144390106,-0.08396946638822556,-1.053731918334961,0.0059070597915772405
103,104,1.0,0.15466327965259552,-0.038167938590049744,-0.057411398738622665,0.005903178559915956
16,98,1.0,0.08587164431810379,-0.06870228797197342,-1.2623779773712158,0.005899578436569242
14,55,1.0,0.07015544176101685,0.08396946638822556,1.6825963258743286,0.0058909150089028195
113,117,1.0,0.05932397395372391,0.09923664480447769,1.167510986328125,0.0058871121316357855
50,53,1.0,0.08567297458648682,-0.06870228797197342,-1.7612626552581787,0.005885929371456378
22,67,1.0,0.15420982241630554,-0.038167938590049744,-0.22723522782325745,0.005885871031968026
85,99,1.0,0.05924437195062637,-0.09923664480447769,-0.64213627576828,0.005879212695928671
36,40,1.0,0.06992212682962418,-0.08396946638822556,-2.0164482593536377,0.0058713236786133716
12,54,1.0,0.10982316732406616,0.05343511328101158,3.1406471729278564,0.005868413386840965
61,98,1.0,0.06980227679014206,-0.08396946638822556,-2.1235105991363525,0.0058612599347514505
122,126,1.0,0.10966014862060547,0.05343511328101158,3.1064884662628174,0.005859702463954619
27,122,1.0,0.04512105509638786,-0.12977099418640137,-1.012634038925171,0.005855404178597645
106,118,1.0,0.06972500681877136,0.08396946638822556,1.4328279495239258,0.00585477161648762
8,14,1.0,0.15333929657936096,0.038167938590049744,2.8065149784088135,0.005852644855282474
58,67,1.0,0.08513911068439484,-0.06870228797197342,-0.08037237823009491,0.005849251699917013
35,121,1.0,0.10938526690006256,-0.05343511328101158,-0.3269006311893463,0.0058450141280785295
34,82,1.0,0.058865148574113846,0.09923664480447769,0.21790842711925507,0.005841579840412142
81,84,1.0,0.06954582035541534,-0.08396946638822556,-1.1319414377212524,0.005839725424775621
2,121,1.0,0.06953000277280807,-0.08396946638822556,-2.2067294120788574,0.005838397230804537
11,111,1.0,0.10919177532196045,-0.05343511328101158,-0.663752555847168,0.0058346748836837214
89,126,1.0,0.10911029577255249,-0.05343511328101158,-0.4161507785320282,0.005830321014731021
44,96,1.0,0.2545624375343323,0.022900763899087906,0.059037115424871445,0.005829674279550057
64,84,1.0,0.08464676141738892,0.06870228797197342,0.5186873078346252,0.005815426178792382
1,76,1.0,0.06924545019865036,0.08396946638822556,1.3626794815063477,0.005814503502993118
68,85,1.0,0.08461140096187592,0.06870228797197342,0.2913111448287964,0.005812996834594908
59,122,1.0,0.06922408938407898,0.08396946638822556,1.9400877952575684,0.005812709846791941
99,100,1.0,0.08454807847738266,-0.06870228797197342,-2.644120693206787,0.005808646435030151
18,37,1.0,0.058531563729047775,0.09923664480447769,2.2189629077911377,0.005808475999630164
4,77,1.0,0.0844937115907669,0.06870228797197342,1.806432843208313,0.005804911305529736
85,98,1.0,0.05848054960370064,-0.09923664480447769,-1.7796740531921387,0.005803413528993079
55,68,1.0,0.058462269604206085,-0.09923664480447769,-1.0340436697006226,0.005801599483176212
14,120,1.0,0.06908730417490005,0.08396946638822556,1.3306330442428589,0.005801224065767385
13,58,1.0,0.06907052546739578,-0.08396946638822556,-1.6744731664657593,0.005799815166651567
49,51,1.0,0.08439847826957703,0.06870228797197342,2.733011484146118,0.005798368558472822
45,92,1.0,0.1084677204489708,-0.05343511328101158,-0.3239712119102478,0.005795984929523851
12,52,1.0,0.05838509649038315,0.09923664480447769,1.8649591207504272,0.0057939410822913096
13,20,1.0,0.08431196212768555,-0.06870228797197342,-1.166180968284607,0.005792424701578369
18,43,1.0,0.08426780998706818,-0.06870228797197342,-2.9048500061035156,0.0057893913484990955
8,87,1.0,0.06880228221416473,-0.08396946638822556,-1.5846155881881714,0.005777290923815515
36,50,1.0,0.0840843990445137,0.06870228797197342,0.21335133910179138,0.005776790597106507
35,117,1.0,0.0840713232755661,0.06870228797197342,2.6667277812957764,0.005775892261862814
10,40,1.0,0.08406204730272293,0.06870228797197342,1.0099902153015137,0.005775254981305322
17,34,1.0,0.05819316953420639,-0.09923664480447769,-2.695265531539917,0.005774894895112792
4,53,1.0,0.10805147141218185,0.05343511328101158,2.875325918197632,0.005773742615089922
4,91,1.0,0.0687541663646698,0.08396946638822556,0.5514247417449951,0.005773250661608609
64,80,1.0,0.10799574851989746,-0.05343511328101158,-0.5822538733482361,0.00577076505602836
40,100,1.0,0.0839911699295044,0.06870228797197342,1.7829558849334717,0.005770385543599765
93,107,1.0,0.08392505347728729,-0.06870228797197342,-1.3367294073104858,0.005765843192059861
79,123,1.0,0.1078924760222435,0.05343511328101158,0.7315436005592346,0.005765246678417407
20,68,1.0,0.08389699459075928,0.06870228797197342,1.413633942604065,0.00576391548235744
10,51,1.0,0.08387377113103867,-0.06870228797197342,-0.6271763443946838,0.005762319977540009
55,86,1.0,0.0686182826757431,-0.08396946638822556,-1.9126778841018677,0.00576184058075857
3,26,1.0,0.06859660148620605,0.08396946638822556,0.7501285672187805,0.0057600200228424825
26,27,1.0,0.10779190063476562,0.05343511328101158,2.1425693035125732,0.005759872421194245
17,125,1.0,0.15089796483516693,-0.038167938590049744,-0.1277361810207367,0.005759464255192137
41,42,1.0,0.044371262192726135,0.12977099418640137,1.9852750301361084,0.005758102808055554
73,124,1.0,0.15078267455101013,-0.038167938590049744,-2.8940670490264893,0.005755063862706411
33,98,1.0,0.08375182747840881,0.06870228797197342,1.0788511037826538,0.005753942169600679
18,118,1.0,0.10752814263105392,0.05343511328101158,0.6462829113006592,0.005745778482387137
42,123,1.0,0.08360043168067932,0.06870228797197342,1.8673678636550903,0.0057435409319073205
85,118,1.0,0.10746585577726364,-0.05343511328101158,3.1206576824188232,0.005742450177298936
26,34,1.0,0.08357974141836166,0.06870228797197342,0.19880637526512146,0.005742119463547357
32,61,1.0,0.057850491255521774,0.09923664480447769,0.35061120986938477,0.005740888652488757
39,51,1.0,0.0835520476102829,0.06870228797197342,3.0080320835113525,0.005740216835569689
56,107,1.0,0.08344805240631104,0.06870228797197342,1.6073577404022217,0.00573307212711871
15,44,1.0,0.10727020353078842,0.05343511328101158,0.3693080544471741,0.005731995477344848
52,77,1.0,0.08341284841299057,0.06870228797197342,2.2494375705718994,0.005730653532231844
23,24,1.0,0.06823643296957016,-0.08396946638822556,-2.2361207008361816,0.005729776864690728
55,96,1.0,0.10719945281744003,0.05343511328101158,0.8055732846260071,0.005728214904962364
5,46,1.0,0.08337384462356567,0.06870228797197342,1.2954319715499878,0.005727973882658777
67,126,1.0,0.10715874284505844,-0.05343511328101158,-0.6519291996955872,0.005726039562976487
37,44,1.0,0.05769076570868492,0.09923664480447769,1.0116102695465088,0.005725038025131107
25,124,1.0,0.05766674876213074,-0.09923664480447769,-0.9399121999740601,0.005722654663936622
43,117,1.0,0.10701557248830795,-0.05343511328101158,-0.2906515300273895,0.005718389238745042
21,58,1.0,0.08319259434938431,0.06870228797197342,2.115777015686035,0.005715521574126969
34,49,1.0,0.0831902027130127,0.06870228797197342,1.3381085395812988,0.005715357263236243
10,100,1.0,0.1495610922574997,0.038167938590049744,3.1085879802703857,0.0057084385847450125
14,56,1.0,0.06796811521053314,-0.08396946638822556,-2.0782744884490967,0.005707246365641905
98,117,1.0,0.10679206997156143,0.05343511328101158,2.6742360591888428,0.0057064463564441
51,81,1.0,0.10667993128299713,-0.05343511328101158,-0.27706682682037354,0.005700454212917483
41,123,1.0,0.049740325659513474,-0.11450381577014923,-1.7817463874816895,0.005695457085664157
113,123,1.0,0.10657267272472382,-0.05343511328101158,-2.2186262607574463,0.00569472283970579
40,57,1.0,0.1491241753101349,-0.038167938590049744,0.16686467826366425,0.005691762365529041
47,81,1.0,0.08284160494804382,0.06870228797197342,2.594935655593872,0.005691407799200965
10,54,1.0,0.08277340978384018,-0.06870228797197342,-2.242767333984375,0.00568672263539155
5,12,1.0,0.06771644204854965,-0.08396946638822556,-3.0514655113220215,0.005686113504525914
5,8,1.0,0.10638749599456787,-0.05343511328101158,-0.8627012372016907,0.0056848279001529
30,51,1.0,0.06769213080406189,-0.08396946638822556,-2.2717316150665283,0.005684072102299043
96,104,1.0,0.08271333575248718,0.06870228797197342,0.8402086496353149,0.005682595411989899
90,117,1.0,0.06758802384138107,0.08396946638822556,1.005859375,0.0056753302961954355
47,97,1.0,0.05717682093381882,-0.09923664480447769,-0.694414496421814,0.0056740358700586024
33,81,1.0,0.06749036908149719,-0.08396946638822556,-1.4007365703582764,0.005667130278117716
25,71,1.0,0.0824795663356781,-0.06870228797197342,-0.8439611792564392,0.005666534918197241
54,121,1.0,0.06746195256710052,0.08396946638822556,1.0321720838546753,0.005664744158567214
39,77,0.9999999403953552,0.1059836894273758,-0.05343511328101158,-0.021820707246661186,0.005663250112935343
32,106,1.0,0.08237024396657944,0.06870228797197342,0.27841612696647644,0.005659024221313647
40,101,1.0,0.04926663264632225,0.11450381577014923,1.6413044929504395,0.005641217428150103
41,66,1.0,0.06714687496423721,-0.08396946638822556,-2.586442470550537,0.005638287260383901
4,101,1.0,0.08203481137752533,-0.06870228797197342,-2.4354546070098877,0.005635979234985267
60,107,1.0,0.0670328214764595,-0.08396946638822556,-1.6928108930587769,0.00562871024987549
34,83,1.0,0.04915294051170349,0.11450381577014923,1.2902071475982666,0.005628199244913201
38,68,1.0,0.10531267523765564,0.05343511328101158,2.1544265747070312,0.005627394731250512
42,58,1.0,0.05669504031538963,0.09923664480447769,1.8025331497192383,0.005626225577953864
5,35,1.0,0.049110908061265945,-0.11450381577014923,-1.1283249855041504,0.0056233863689519326
68,70,1.0,0.04910614714026451,-0.11450381577014923,-1.6605297327041626,0.005622841225330688
56,119,1.0,0.14730456471443176,-0.038167938590049744,-3.035109758377075,0.00562231158005444
50,62,1.0,0.08181411027908325,-0.06870228797197342,-2.0753278732299805,0.005620816564564368
70,96,1.0,0.10515691339969635,-0.05343511328101158,-2.979226589202881,0.005619071579794299
68,96,1.0,0.14710357785224915,0.038167938590049744,-3.08738374710083,0.005614640325841247
7,83,1.0,0.08171041309833527,0.06870228797197342,2.6576528549194336,0.005613692330990738
17,112,1.0,0.08168359100818634,-0.06870228797197342,-2.8178563117980957,0.0056118495920293165
12,107,1.0,0.06680228561162949,-0.08396946638822556,-1.4924167394638062,0.005609352276322366
73,74,1.0,0.0667826235294342,0.08396946638822556,1.597465991973877,0.0056077012617723465
32,39,1.0,0.10491851717233658,-0.05343511328101158,-0.38894715905189514,0.005606332850379564
31,82,1.0,0.08157595247030258,-0.06870228797197342,-1.896530032157898,0.005604454578202744
2,84,1.0,0.0431375727057457,-0.12977099418640137,-2.151632785797119,0.005598005696812791
61,84,0.9999999403953552,0.10469523072242737,-0.05343511328101158,-0.416070818901062,0.005594401180182235
36,126,1.0,0.10465223342180252,-0.05343511328101158,0.33036574721336365,0.005592103948004884
65,74,1.0,0.05629992112517357,0.09923664480447769,2.0054821968078613,0.0055870152752189595
28,55,1.0,0.06650463491678238,-0.08396946638822556,-3.0753369331359863,0.00558435870630597
82,110,1.0,0.10449033230543137,-0.05343511328101158,-1.1713072061538696,0.005583452743511269
79,94,1.0,0.05626224726438522,0.09923664480447769,1.1738238334655762,0.005583276647677493
36,123,1.0,0.1044391617178917,0.05343511328101158,2.773261308670044,0.005580718437369431
11,56,1.0,0.0664479210972786,0.08396946638822556,1.579629898071289,0.005579596477145399
14,93,1.0,0.06643747538328171,0.08396946638822556,2.0531179904937744,0.005578719356115036
5,28,1.0,0.14612187445163727,0.038167938590049744,2.93841552734375,0.00557717073073305
25,105,1.0,0.08115704357624054,0.06870228797197342,2.5907516479492188,0.005575674578728873
41,97,1.0,0.10423274338245392,-0.05343511328101158,-2.8851191997528076,0.005569688450232035
26,117,1.0,0.08103648573160172,-0.06870228797197342,-0.520000159740448,0.005567391978969216
50,106,1.0,0.05606925114989281,0.09923664480447769,1.9904721975326538,0.005564124360814965
23,101,1.0,0.10411794483661652,0.05343511328101158,2.0187582969665527,0.005563554176930718
41,79,1.0,0.06625283509492874,-0.08396946638822556,-1.8093589544296265,0.005563215209628269
66,114,1.0,0.14562438428401947,-0.038167938590049744,-0.14633090794086456,0.00555818255656626
7,50,1.0,0.06614818423986435,-0.08396946638822556,-2.070019483566284,0.005554427733171441
18,69,1.0,0.0661475881934166,-0.08396946638822556,-1.9281307458877563,0.00555437768346928
46,100,1.0,0.08080358058214188,0.06870228797197342,0.24873127043247223,0.005551390862320871
22,77,1.0,0.06609996408224106,0.08396946638822556,2.07473087310791,0.005550378712266657
62,104,1.0,0.14539313316345215,-0.038167938590049744,-0.23802660405635834,0.005549356177997566
35,62,1.0,0.06607738882303238,0.08396946638822556,1.4237545728683472,0.005548483079797328
25,34,1.0,0.08075413852930069,-0.06870228797197342,-0.9087417125701904,0.00554799408016865
19,51,1.0,0.08071915805339813,-0.06870228797197342,-0.5733829736709595,0.005545590841439796
63,97,1.0,0.08070015162229538,0.06870228797197342,2.5446488857269287,0.005544285056136855
86,97,1.0,0.05582620948553085,0.09923664480447769,0.9953176975250244,0.005540005721495989
47,89,1.0,0.14509142935276031,0.038167938590049744,0.4024278223514557,0.0055378407654786965
18,30,1.0,0.08049402385950089,-0.06870228797197342,-2.711238145828247,0.005530123607218329
44,104,1.0,0.055720746517181396,0.09923664480447769,1.6774057149887085,0.005529539930365868
1,52,1.0,0.10347174853086472,0.05343511328101158,1.103499412536621,0.0055290246041311
71,96,1.0,0.048282016068696976,0.11450381577014923,1.5259249210357666,0.005528475072941463
39,70,1.0,0.055701304227113724,-0.09923664480447769,-1.5084662437438965,0.005527610542732236
102,115,1.0,0.10334361344575882,0.05343511328101158,0.6529964804649353,0.005522177691343194
9,104,1.0,0.10323665291070938,-0.05343511328101158,-1.061834454536438,0.00551646224303623
84,122,1.0,0.08016850054264069,0.06870228797197342,0.26854777336120605,0.005507759410561808
2,76,1.0,0.14400127530097961,0.038167938590049744,2.758118152618408,0.005496231832576637
60,100,1.0,0.06545455753803253,-0.08396946638822556,-1.0408337116241455,0.005496184269145998
75,79,1.0,0.10285600274801254,-0.05343511328101158,-0.15734831988811493,0.005496122158472089
77,107,1.0,0.07986606657505035,-0.06870228797197342,-2.0697214603424072,0.00548698150502791
34,116,1.0,0.04228193685412407,0.12977099418640137,1.4893102645874023,0.005486968981686324
4,51,1.0,0.07983170449733734,-0.06870228797197342,-0.8600710034370422,0.0054846207516695555
44,75,1.0,0.102577343583107,0.05343511328101158,0.421222060918808,0.005481231974428569
17,47,1.0,0.06526990234851837,-0.08396946638822556,-1.437371015548706,0.005480678871416678
5,75,1.0,0.14358291029930115,-0.038167938590049744,-0.39513522386550903,0.005480263702884347
68,98,1.0,0.06525341421365738,-0.08396946638822556,-1.8532874584197998,0.005479294371530663
29,124,1.0,0.10253804922103882,0.05343511328101158,2.5277538299560547,0.005479132275740151
30,91,1.0,0.07975106686353683,-0.06870228797197342,-0.47972923517227173,0.005479080761730815
53,56,1.0,0.07971499860286713,-0.06870228797197342,-1.0968419313430786,0.005476602789699636
9,98,1.0,0.07967299222946167,-0.06870228797197342,-1.266936182975769,0.005473716855737276
45,123,1.0,0.05515532195568085,-0.09923664480447769,-0.49759015440940857,0.00547342909399251
16,63,1.0,0.0796164944767952,0.06870228797197342,0.1237388551235199,0.005469835330863815
63,106,1.0,0.07961171120405197,0.06870228797197342,2.322134256362915,0.005469506709082361
78,100,1.0,0.06513684242963791,-0.08396946638822556,-2.997149705886841,0.005469505901030625
55,83,1.0,0.0650186762213707,0.08396946638822556,0.93293696641922,0.005459583547577307
25,39,1.0,0.07940572500228882,0.06870228797197342,2.8111655712127686,0.005455354985730576
22,52,1.0,0.0793851688504219,-0.06870228797197342,-0.7596485018730164,0.00545394273106542
11,39,1.0,0.07936128973960876,0.06870228797197342,0.5089138746261597,0.005452302181517821
33,72,1.0,0.05491684377193451,-0.09923664480447769,-1.0555733442306519,0.005449763319178458
41,98,1.0,0.05484433472156525,-0.09923664480447769,-1.6760914325714111,0.005442567764301853
31,67,1.0,0.07919802516698837,-0.06870228797197342,-2.7154810428619385,0.005441085531834033
36,43,1.0,0.07917303591966629,-0.06870228797197342,-1.0188353061676025,0.005439368713368309
66,94,1.0,0.0791667029261589,0.06870228797197342,1.655711054801941,0.00543893362222464
21,84,1.0,0.10173659771680832,-0.05343511328101158,-1.8513319492340088,0.005436306623822357
95,113,1.0,0.06471247225999832,0.08396946638822556,1.914901614189148,0.005433871764334908
90,115,1.0,0.0646849051117897,0.08396946638822556,1.957623839378357,0.005431556965609985
56,93,1.0,0.054722901433706284,-0.09923664480447769,-1.8320802450180054,0.0054305171322471535
21,126,1.0,0.10161386430263519,-0.05343511328101158,-1.109085202217102,0.00542974834993265
38,116,1.0,0.14223255217075348,0.038167938590049744,2.519266366958618,0.005428723316759365
31,110,1.0,0.05469750240445137,0.09923664480447769,2.243633985519409,0.005427996617802605
26,57,1.0,0.10157867521047592,-0.05343511328101158,-0.3396915793418884,0.005427868016806864
35,36,1.0,0.10157254338264465,-0.05343511328101158,2.7700235843658447,0.00542754036189208
30,124,1.0,0.10153443366289139,0.05343511328101158,0.21548499166965485,0.005425503964699957
9,109,1.0,0.10150288045406342,-0.05343511328101158,-2.4596505165100098,0.005423817915411855
81,113,1.0,0.10132809728384018,-0.05343511328101158,-2.122162103652954,0.005414478356911362
21,67,1.0,0.07873714715242386,-0.06870228797197342,-0.6482380032539368,0.005409422157757471
47,71,1.0,0.10110161453485489,-0.05343511328101158,-0.08199704438447952,0.005402376225563138
104,122,1.0,0.10108870267868042,0.05343511328101158,0.357901930809021,0.005401686279065787
8,62,1.0,0.100946806371212,-0.05343511328101158,-0.7733684182167053,0.005394104033802055
29,56,1.0,0.054301150143146515,0.09923664480447769,1.484518051147461,0.005388663949230044
56,115,1.0,0.04703158885240555,0.11450381577014923,0.7512304782867432,0.005385296385333249
24,110,1.0,0.05423695221543312,-0.09923664480447769,-1.420934796333313,0.005382293162280366
44,77,1.0,0.05422193929553032,0.09923664480447769,0.9168204665184021,0.005380803330480494
35,78,1.0,0.04698943346738815,-0.11450381577014923,-2.0470097064971924,0.005380469432893498
52,71,1.0,0.06401524692773819,-0.08396946638822556,-0.9879447221755981,0.005375326125232671
17,38,1.0,0.054112523794174194,-0.09923664480447769,-1.6325781345367432,0.005369945303236312
16,114,1.0,0.06394825130701065,-0.08396946638822556,-0.6406660079956055,0.005369700538709832
59,71,1.0,0.07809292525053024,-0.06870228797197342,-1.536221981048584,0.005365162639135723
22,48,1.0,0.14053469896316528,-0.038167938590049744,-2.853628158569336,0.00536391975979722
17,107,1.0,0.1002994030714035,-0.05343511328101158,-0.6062530875205994,0.005359509965138287
15,43,1.0,0.06378205865621567,0.08396946638822556,1.3540054559707642,0.005355745430504932
26,98,1.0,0.0637512356042862,0.08396946638822556,1.1604688167572021,0.005353157235281958
43,71,1.0,0.07791510969400406,-0.06870228797197342,-2.937716007232666,0.005352946303565365
9,69,1.0,0.10016785562038422,-0.05343511328101158,-2.151585340499878,0.005352480712191243
8,22,1.0,0.1001211479306221,0.05343511328101158,-3.071694850921631,0.00534998488149771
45,98,1.0,0.14002536237239838,0.038167938590049744,-2.9644880294799805,0.005344479432079163
30,125,1.0,0.14000356197357178,-0.038167938590049744,-0.43712589144706726,0.005343647355795511
17,70,1.0,0.13993579149246216,0.038167938590049744,2.638432502746582,0.005341060696234301
53,99,1.0,0.07772452384233475,0.06870228797197342,0.6951696276664734,0.005339852619500596
18,73,1.0,0.0635605975985527,0.08396946638822556,1.4094018936157227,0.005337149463667201
86,125,1.0,0.05377715080976486,-0.09923664480447769,-0.9862112998962402,0.0053366640135054655
43,66,1.0,0.07767185568809509,-0.06870228797197342,-0.8134933114051819,0.005336234196801071
32,93,1.0,0.07767178863286972,-0.06870228797197342,-2.2470505237579346,0.005336229589953667
35,51,1.0,0.07764547318220139,-0.06870228797197342,-2.9610610008239746,0.005334421658283739
29,107,1.0,0.09977919608354568,-0.05343511328101158,-2.9004757404327393,0.005331712645812531
53,92,1.0,0.13966305553913116,-0.038167938590049744,-0.20770736038684845,0.005330650927116265
59,120,1.0,0.06346389651298523,0.08396946638822556,2.564744234085083,0.005329029525112938
32,117,1.0,0.07755334675312042,-0.06870228797197342,-1.1166468858718872,0.005328092361823189
35,124,1.0,0.06342586129903793,-0.08396946638822556,-1.1615428924560547,0.005325835728493822
71,114,1.0,0.07741999626159668,-0.06870228797197342,-3.1108713150024414,0.005318930877953321
19,52,1.0,0.0774044543504715,0.06870228797197342,1.2910150289535522,0.0053178631130995635
47,82,1.0,0.0633288249373436,-0.08396946638822556,-1.295905590057373,0.005317687636982094
83,104,1.0,0.07731325924396515,-0.06870228797197342,-0.5142912864685059,0.00531159780063073
90,105,1.0,0.09928517788648605,0.05343511328101158,2.874647617340088,0.005305314727489768
30,99,1.0,0.09925083070993423,-0.05343511328101158,-1.7755039930343628,0.005303479382219839
8,86,1.0,0.09923053532838821,0.05343511328101158,2.707960367202759,0.005302394896207846
82,83,1.0,0.07713118195533752,-0.06870228797197342,-0.35968002676963806,0.0052990886743142784
55,111,1.0,0.13868007063865662,0.038167938590049744,-2.9719741344451904,0.005293132419800006
77,78,1.0,0.0990312322974205,0.05343511328101158,3.007286787033081,0.005291745116170837
6,119,1.0,0.09893659502267838,-0.05343511328101158,-0.9179233908653259,0.005286688162674386
83,112,1.0,0.09884655475616455,0.05343511328101158,0.7587836980819702,0.005281876850833367
27,71,1.0,0.09876906126737595,-0.05343511328101158,-1.0813689231872559,0.005277735977481407
48,110,1.0,0.0531747005879879,-0.09923664480447769,-2.2122128009796143,0.005276878874834606
32,40,1.0,0.07679949700832367,-0.06870228797197342,-1.7356691360473633,0.005276301159568564
59,117,1.0,0.06282979995012283,-0.08396946638822556,-1.856461524963379,0.005275784775090775
32,111,1.0,0.07676041126251221,-0.06870228797197342,-2.526728391647339,0.005273615879404225
4,68,1.0,0.06278432905673981,0.08396946638822556,1.7857370376586914,0.005271966608437206
29,76,1.0,0.13789868354797363,-0.038167938590049744,-0.5622405409812927,0.0052633084853077605
1,22,1.0,0.13789770007133484,0.038167938590049744,0.39846330881118774,0.005263270948031806
1,62,1.0,0.13784679770469666,0.038167938590049744,3.044950485229492,0.005261328109627872
2,64,1.0,0.06264053285121918,-0.08396946638822556,-1.6582850217819214,0.005259892117790987
72,93,1.0,0.0765213668346405,-0.06870228797197342,-0.7898045778274536,0.005257192980282488
77,90,1.0,0.13766255974769592,0.038167938590049744,-0.0961693599820137,0.005254296126599112
74,123,1.0,0.07647004723548889,-0.06870228797197342,-2.1840734481811523,0.005253667206402968
51,99,1.0,0.09827644377946854,0.05343511328101158,0.9479535222053528,0.005251412906210867
5,116,1.0,0.07639274001121521,-0.06870228797197342,-2.4028592109680176,0.005248356023218603
38,41,1.0,0.07635229080915451,0.06870228797197342,1.6292914152145386,0.005245577070490393
45,68,1.0,0.1374332457780838,0.038167938590049744,0.4369713366031647,0.005245543685089116
22,115,1.0,0.0763510912656784,-0.06870228797197342,-2.549368143081665,0.005245494659109062
83,88,1.0,0.07633799314498901,0.06870228797197342,2.1838061809539795,0.005244594788249568
78,87,1.0,0.09814460575580597,0.05343511328101158,1.066733717918396,0.005244368126481713
9,97,1.0,0.0762784406542778,-0.06870228797197342,-1.1688942909240723,0.005240503395883278
77,118,1.0,0.05278356745839119,-0.09923664480447769,-0.34355345368385315,0.005238064135381554
48,73,1.0,0.07623258978128433,-0.06870228797197342,-2.2014081478118896,0.005237353336003114
19,59,1.0,0.09799984842538834,0.05343511328101158,3.056394577026367,0.00523663300213259
77,81,1.0,0.07620877772569656,0.06870228797197342,2.743971109390259,0.005235717393302919
30,75,1.0,0.0761968269944191,-0.06870228797197342,-2.7699666023254395,0.005234896350721219
44,47,1.0,0.05272862687706947,0.09923664480447769,0.7716836929321289,0.005232612016427579
51,60,1.0,0.062313370406627655,-0.08396946638822556,-1.9009406566619873,0.00523242046189637
38,104,1.0,0.0761210173368454,-0.06870228797197342,-0.6360259652137756,0.005229688053795534
48,96,1.0,0.06226836144924164,0.08396946638822556,1.8357378244400024,0.005228641083761976
10,81,1.0,0.05267578735947609,-0.09923664480447769,-0.8874680399894714,0.0052273683999885245
77,86,1.0,0.07604160159826279,0.06870228797197342,0.5386090874671936,0.005224232010853924
26,119,1.0,0.05262146145105362,0.09923664480447769,1.0303517580032349,0.005221977279110723
36,95,1.0,0.05260952189564705,0.09923664480447769,1.6083900928497314,0.005220792437691718
123,124,1.0,0.062167879194021225,-0.08396946638822556,-1.3620356321334839,0.005220203642409632
91,104,1.0,0.07596081495285034,-0.06870228797197342,-2.720317840576172,0.005218681783476509
39,85,0.9999999403953552,0.13672739267349243,0.038167938590049744,-0.030700866132974625,0.005218602416086514
85,107,1.0,0.09764914959669113,0.05343511328101158,0.523908793926239,0.005217893370493637
95,123,1.0,0.0759439766407013,0.06870228797197342,0.9529102444648743,0.005217524952906283
18,121,1.0,0.09763053059577942,-0.05343511328101158,-0.7937554121017456,0.00521689846207074
12,57,1.0,0.0976056382060051,0.05343511328101158,2.603282928466797,0.005215568334403314
29,95,1.0,0.1366376429796219,-0.038167938590049744,-0.1535816639661789,0.00521517716633535
6,99,1.0,0.04552290588617325,-0.11450381577014923,-0.21087516844272614,0.005212546428912224
28,105,1.0,0.09748043864965439,-0.05343511328101158,-0.5587753057479858,0.005208878281926982
68,76,1.0,0.04008070006966591,-0.12977099418640137,-1.835287094116211,0.0052013122957275115
40,105,1.0,0.09730058908462524,0.05343511328101158,2.5730173587799072,0.005199268000046109
14,26,1.0,0.0756373330950737,-0.06870228797197342,-2.369771957397461,0.005196457839729829
70,92,1.0,0.07563583552837372,-0.06870228797197342,-0.4386618137359619,0.0051963549534711495
82,104,1.0,0.09722597151994705,-0.05343511328101158,-2.6362996101379395,0.0051952808020247765
4,96,1.0,0.07559784501791,0.06870228797197342,-0.09001012146472931,0.005193744918481069
37,56,1.0,0.09710722416639328,-0.05343511328101158,-0.6915763020515442,0.00518893552373581
17,56,1.0,0.09710702300071716,-0.05343511328101158,-2.491441488265991,0.005188924774425119
34,37,1.0,0.097080759704113,0.05343511328101158,3.0914642810821533,0.005187521392195943
92,104,1.0,0.07550643384456635,-0.06870228797197342,-1.9610114097595215,0.005187464761726157
42,113,1.0,0.07549666613340378,-0.06870228797197342,-3.0513150691986084,0.005186793697621039
15,22,1.0,0.09705007821321487,-0.05343511328101158,-0.5417017936706543,0.005185881923254171
52,91,1.0,0.09703083336353302,0.05343511328101158,-3.1077470779418945,0.005184853572531345
10,68,1.0,0.07543554902076721,-0.06870228797197342,-1.2223459482192993,0.0051825948121486665
27,87,1.0,0.09696540981531143,-0.05343511328101158,-0.1259852647781372,0.005181357657820879
20,49,1.0,0.05220458284020424,-0.09923664480447769,-1.7906126976013184,0.005180607644479279
116,117,1.0,0.05218033492565155,0.09923664480447769,1.0720666646957397,0.005178201362795565
50,75,1.0,0.07534617185592651,-0.06870228797197342,-0.8508177995681763,0.005176454396431662
25,125,1.0,0.13555988669395447,-0.038167938590049744,0.04130109027028084,0.0051740414306089555
15,19,1.0,0.07531100511550903,0.06870228797197342,1.350732684135437,0.005174038360904465
52,83,1.0,0.09677313268184662,-0.05343511328101158,-2.395042657852173,0.005171083307412838
20,53,1.0,0.09674260765314102,-0.05343511328101158,-0.6278373599052429,0.0051694521990460485
87,118,1.0,0.04511047154664993,0.11450381577014923,1.8350327014923096,0.005165321123282163
18,42,1.0,0.1353270709514618,0.038167938590049744,0.025975709781050682,0.005165155333646698
18,38,1.0,0.03979313373565674,-0.12977099418640137,-1.6381266117095947,0.005163994526668603
28,30,1.0,0.13529403507709503,-0.038167938590049744,-0.2141486257314682,0.005163894422422599
9,67,1.0,0.09663798660039902,0.05343511328101158,0.3417876660823822,0.005163861761241201
24,86,1.0,0.09660167247056961,0.05343511328101158,1.0974853038787842,0.005161921311600065
38,99,1.0,0.09656329452991486,-0.05343511328101158,-2.364514112472534,0.005159870581993686
39,63,1.0,0.09630496054887772,0.05343511328101158,2.841123342514038,0.005146066476452632
27,41,1.0,0.06126394122838974,0.08396946638822556,1.2886966466903687,0.005144300453787498
11,24,1.0,0.061260297894477844,-0.08396946638822556,-2.1116256713867188,0.005143994524983042
27,60,1.0,0.0612550750374794,0.08396946638822556,1.0177336931228638,0.005143555964467861
39,114,1.0,0.13475631177425385,-0.038167938590049744,-0.5016322135925293,0.005143370632421318
2,113,1.0,0.07486236095428467,-0.06870228797197342,-0.8325608968734741,0.005143215480543084
82,118,1.0,0.09618973731994629,0.05343511328101158,2.7800445556640625,0.005139909510162077
125,126,1.0,0.09618882089853287,-0.05343511328101158,-1.0059367418289185,0.005139860541080038
78,118,1.0,0.09615843743085861,0.05343511328101158,2.944995880126953,0.005138236997042994
56,116,1.0,0.06119109317660332,-0.08396946638822556,-1.8585693836212158,0.00513818344175157
51,94,1.0,0.07476767897605896,-0.06870228797197342,-2.304621934890747,0.005136710612009265
43,84,1.0,0.07473177462816238,0.06870228797197342,2.9678118228912354,0.005134243901160629
5,51,1.0,0.07466115057468414,-0.06870228797197342,-0.4510648548603058,0.005129391867100819
3,86,1.0,0.13437393307685852,-0.038167938590049744,-2.7180488109588623,0.00512877602578099
53,66,1.0,0.09597165137529373,-0.05343511328101158,-0.13773515820503235,0.0051282560630045715
64,71,1.0,0.0395134873688221,0.12977099418640137,1.856743335723877,0.005127704539623856
81,123,1.0,0.0746164619922638,0.06870228797197342,2.350477695465088,0.005126321659242317
59,82,1.0,0.0746031105518341,-0.06870228797197342,-1.8685883283615112,0.005125404384737076
18,108,1.0,0.13424789905548096,-0.038167938590049744,-2.8515431880950928,0.005123965566992794
17,89,1.0,0.22361163794994354,-0.022900763899087906,-2.9784092903137207,0.005120877325779982
18,58,1.0,0.0957660973072052,0.05343511328101158,0.44906026124954224,0.005117272258090888
15,48,1.0,0.1339782029390335,0.038167938590049744,0.7130540609359741,0.005113671822182253
58,84,1.0,0.1339111477136612,-0.038167938590049744,-2.893446922302246,0.005111112462458101
34,36,1.0,0.0954996794462204,-0.05343511328101158,-2.11383318901062,0.00510303618950908
85,119,1.0,0.09544487297534943,-0.05343511328101158,-0.7960862517356873,0.0051001075995295575
50,97,1.0,0.0742020532488823,-0.06870228797197342,-0.914392352104187,0.005097850830416417
13,63,1.0,0.05131033807992935,-0.09923664480447769,-2.8291683197021484,0.005091865794835615
53,74,1.0,0.0740811824798584,-0.06870228797197342,-0.7509320378303528,0.005089546732035544
58,85,1.0,0.07390119880437851,-0.06870228797197342,-0.7140199542045593,0.00507718144173247
35,90,1.0,0.09499561041593552,-0.05343511328101158,-0.6432628631591797,0.005076101203774358
6,23,1.0,0.13292820751667023,-0.038167938590049744,-0.21217823028564453,0.005073595661381658
84,92,1.0,0.06042017415165901,-0.08396946638822556,-0.11894746124744415,0.005073449782598466
78,112,1.0,0.0949324369430542,0.05343511328101158,0.0866222083568573,0.00507272552209459
1,48,1.0,0.07383239269256592,-0.06870228797197342,-0.5828618407249451,0.00507245430442449
29,113,1.0,0.09488478302955627,-0.05343511328101158,-0.7187709212303162,0.005070179129828545
15,54,1.0,0.07374736666679382,-0.06870228797197342,-2.105752944946289,0.005066612821916783
27,67,1.0,0.1326918751001358,-0.038167938590049744,-0.3922058641910553,0.005064575340220534
5,94,1.0,0.07371380925178528,0.06870228797197342,-0.1448870301246643,0.005064307350727271
54,76,1.0,0.1323758065700531,-0.038167938590049744,-2.741852283477783,0.00505251165597409
90,125,1.0,0.07349952310323715,-0.06870228797197342,-2.604578971862793,0.005049585402041312
14,52,1.0,0.06012057885527611,0.08396946638822556,2.291776418685913,0.005048292925428771
50,72,1.0,0.1321363002061844,-0.038167938590049744,-3.055009126663208,0.005043370191786023
77,114,1.0,0.09433281421661377,0.05343511328101158,2.268630027770996,0.0050406846137813766
22,105,1.0,0.07336798310279846,0.06870228797197342,2.5226247310638428,0.00504054830305134
4,87,1.0,0.1320141851902008,0.038167938590049744,-3.130316972732544,0.005038709313355039
3,115,1.0,0.059892330318689346,0.08396946638822556,1.8893924951553345,0.005029127017607687
64,93,1.0,0.13175491988658905,-0.038167938590049744,-0.610470712184906,0.005028813691168255
58,117,1.0,0.07304348796606064,-0.06870228797197342,-1.296804428100586,0.005018254744721673
14,47,1.0,0.07295570522546768,0.06870228797197342,2.4784727096557617,0.005012223869598487
8,16,1.0,0.059646472334861755,-0.08396946638822556,-1.5511438846588135,0.0050084824538984
35,125,1.0,0.07285872101783752,0.06870228797197342,1.0645294189453125,0.005005560832637146
43,65,1.0,0.09365352988243103,0.05343511328101158,-0.011584204621613026,0.005004386978434305
71,115,1.0,0.07282688468694687,0.06870228797197342,0.49575966596603394,0.005003373603864325
36,47,1.0,0.13090123236179352,0.038167938590049744,3.031918525695801,0.004996230198146767
68,87,1.0,0.07266494631767273,0.06870228797197342,0.47960183024406433,0.004992248067384741
36,90,1.0,0.09338590502738953,0.05343511328101158,2.976145029067993,0.004990086413988348
41,87,1.0,0.09337186068296432,-0.05343511328101158,-2.5271263122558594,0.00498933595285303
8,89,1.0,0.09331090748310089,-0.05343511328101158,-2.392216205596924,0.004986078911713487
17,74,1.0,0.05925041809678078,-0.08396946638822556,-2.434284210205078,0.004975225990865945
44,58,1.0,0.04343198612332344,0.11450381577014923,2.1419177055358887,0.004973128137596705
56,70,1.0,0.13024888932704926,0.038167938590049744,0.5773503184318542,0.0049713316092570015
1,93,1.0,0.043416205793619156,-0.11450381577014923,-1.921688199043274,0.0049713212296314535
25,48,1.0,0.21680603921413422,0.022900763899087906,2.864668130874634,0.004965023915939282
79,114,1.0,0.05001822113990784,0.09923664480447769,1.7004249095916748,0.004963640445012851
45,101,1.0,0.09282360970973969,0.05343511328101158,-0.008885601535439491,0.004960040099992347
12,43,1.0,0.0721612349152565,0.06870228797197342,0.143513023853302,0.004957641941561175
55,126,1.0,0.09274683147668839,-0.05343511328101158,0.34633535146713257,0.0049559374464117345
75,126,1.0,0.0927143394947052,-0.05343511328101158,-0.235642671585083,0.0049542012336737384
33,92,1.0,0.05897000804543495,0.08396946638822556,1.4171489477157593,0.004951680108484541
22,119,1.0,0.12970782816410065,-0.038167938590049744,-2.930833339691162,0.004950680420016118
57,84,1.0,0.07204652577638626,0.06870228797197342,0.45826807618141174,0.004949761161269495
18,32,0.9999999403953552,0.04987041652202606,-0.09923664480447769,-2.7876861095428467,0.00494897251566589
2,105,1.0,0.05893605947494507,0.08396946638822556,0.5771119594573975,0.004948829465135862
7,31,1.0,0.09260090440511703,0.05343511328101158,3.138113260269165,0.004948139816811553
48,95,1.0,0.09257502853870392,-0.05343511328101158,-3.118879556655884,0.004946757136958524
23,36,1.0,0.09257087111473083,-0.05343511328101158,-2.771320343017578,0.004946534984537565
47,92,1.0,0.058864958584308624,-0.08396946638822556,-1.7669872045516968,0.004942859161289392
30,45,1.0,0.0719340443611145,0.06870228797197342,0.14416499435901642,0.004942033430685999
94,96,1.0,0.07192908972501755,-0.06870228797197342,-1.391911506652832,0.00494169303585007
86,112,1.0,0.0924624502658844,0.05343511328101158,2.3208484649658203,0.004940741504197432
69,72,1.0,0.07191407680511475,0.06870228797197342,2.1312787532806396,0.0049406616139036075
81,122,1.0,0.07189115881919861,-0.06870228797197342,-0.9770249724388123,0.004939087095835459
69,107,1.0,0.07187475264072418,0.06870228797197342,1.9774730205535889,0.00493795995383739
3,13,1.0,0.07182305306196213,-0.06870228797197342,-0.5298947095870972,0.004934408074489249
9,46,1.0,0.09226179867982864,0.05343511328101158,0.20628482103347778,0.004930019663966528
18,26,1.0,0.09225740283727646,0.05343511328101158,0.42520830035209656,0.004929784771621787
28,94,1.0,0.05870504677295685,0.08396946638822556,0.26726996898651123,0.004929431451821009
4,65,1.0,0.07174430787563324,0.06870228797197342,-2.972503662109375,0.004928998100021675
12,62,1.0,0.07163204252719879,-0.06870228797197342,-2.1200437545776367,0.004921285213724258
52,73,1.0,0.09199448674917221,0.05343511328101158,0.2940332889556885,0.004915735820670536
62,120,1.0,0.05846325308084488,-0.08396946638822556,-1.0137078762054443,0.004909128164518328
58,82,1.0,0.05843151733279228,-0.08396946638822556,-1.3162482976913452,0.0049064633306889205
48,115,1.0,0.0917126014828682,-0.05343511328101158,-2.8835015296936035,0.004900673249533333
5,81,1.0,0.07131018489599228,-0.06870228797197342,-1.7827632427215576,0.004899172858059131
28,46,1.0,0.12830856442451477,0.038167938590049744,2.8078243732452393,0.004897273407532321
16,37,1.0,0.09129045158624649,-0.05343511328101158,-3.1048476696014404,0.004878115621985785
74,100,1.0,0.12772873044013977,-0.038167938590049744,-3.0021958351135254,0.004875142339624272
15,100,1.0,0.12769804894924164,0.038167938590049744,0.33057501912117004,0.004873971290363821
11,62,1.0,0.09118407219648361,0.05343511328101158,2.6400022506713867,0.00487243122724304
42,62,1.0,0.09113899618387222,-0.05343511328101158,-2.87858510017395,0.0048700225854028945
62,69,1.0,0.05798741802573204,0.08396946638822556,0.7603740096092224,0.004869172548851691
38,112,1.0,0.09110112488269806,-0.05343511328101158,-1.4780778884887695,0.004867998928134554
5,7,1.0,0.07082216441631317,0.06870228797197342,-3.1200995445251465,0.004865644734527996
4,10,1.0,0.09104246646165848,0.05343511328101158,2.825166940689087,0.004864864508761418
5,21,1.0,0.1273835152387619,-0.038167938590049744,-0.228511780500412,0.00486196618701773
35,40,1.0,0.07076616585254669,-0.06870228797197342,-2.134554147720337,0.004861797505074095
47,76,1.0,0.05789683014154434,0.08396946638822556,1.2022557258605957,0.004861565932555212
100,120,1.0,0.1273667812347412,-0.038167938590049744,-2.8984436988830566,0.004861327484579903
44,87,1.0,0.048925142735242844,0.09923664480447769,1.734499454498291,0.004855167011625666
81,121,1.0,0.09077200293540955,-0.05343511328101158,-1.403716802597046,0.004850412259597925
8,112,1.0,0.0705583468079567,-0.06870228797197342,-0.537949800491333,0.004847519861226612
24,123,1.0,0.21167242527008057,0.022900763899087906,3.064276695251465,0.004847460235057444
76,92,1.0,0.07051490247249603,-0.06870228797197342,-0.958478569984436,0.004844535135981043
60,99,1.0,0.12691940367221832,-0.038167938590049744,-2.971634864807129,0.004844252005246963
53,122,1.0,0.07048408687114716,0.06870228797197342,1.0886811017990112,0.004842418033663143
53,81,1.0,0.07047538459300995,-0.06870228797197342,-1.0890530347824097,0.004841820167244548
78,123,1.0,0.07041365653276443,0.06870228797197342,2.6248016357421875,0.00483757930827361
6,45,1.0,0.12656131386756897,-0.038167938590049744,-0.7551664113998413,0.0048305844555733835
47,101,1.0,0.07030382752418518,-0.06870228797197342,-1.0502878427505493,0.004830033804098521
30,114,1.0,0.05750841274857521,0.08396946638822556,0.9499062895774841,0.004828950731331688
34,47,1.0,0.04865285009145737,0.09923664480447769,1.1396784782409668,0.004828145603251455
2,48,1.0,0.0574851855635643,-0.08396946638822556,-0.43242043256759644,0.0048270003570006215
67,99,1.0,0.048627279698848724,-0.09923664480447769,-2.6186554431915283,0.00482560808328264
11,30,1.0,0.09027353674173355,-0.05343511328101158,-0.2558285593986511,0.0048237766620720934
70,82,1.0,0.09026217460632324,0.05343511328101158,0.46408769488334656,0.004823169525079329
42,102,1.0,0.09024147689342499,-0.05343511328101158,-2.580289125442505,0.004822063540445953
2,26,1.0,0.09023784846067429,-0.05343511328101158,-0.10474550724029541,0.004821869654730887
34,76,1.0,0.05742254853248596,0.08396946638822556,1.5676978826522827,0.004821740758924831
59,60,1.0,0.057408105581998825,0.08396946638822556,1.1794090270996094,0.004820527992079354
91,111,1.0,0.05738873779773712,-0.08396946638822556,-1.48436439037323,0.004818901689569777
24,79,1.0,0.05735572800040245,0.08396946638822556,0.993421196937561,0.004816129874502001
26,53,1.0,0.12610357999801636,0.038167938590049744,0.014636218547821045,0.0048131136973497135
28,44,1.0,0.07004277408123016,0.06870228797197342,0.6921119689941406,0.004812098835284551
3,4,1.0,0.07003797590732574,-0.06870228797197342,-1.928117275238037,0.00481176918975923
25,114,1.0,0.07003232836723328,0.06870228797197342,1.6778013706207275,0.004811381190833464
20,86,1.0,0.08993606269359589,-0.05343511328101158,-0.19441239535808563,0.004805743698080456
19,123,1.0,0.06992579996585846,-0.06870228797197342,-1.2682952880859375,0.004804062445925017
84,120,1.0,0.04836757853627205,-0.09923664480447769,-1.4974486827850342,0.004799836211256708
16,101,1.0,0.06980340927839279,-0.06870228797197342,-0.8796066045761108,0.004795653925669663
57,73,1.0,0.06974601745605469,0.06870228797197342,1.9029881954193115,0.004791710976164154
67,91,1.0,0.12539313733577728,-0.038167938590049744,-2.47599720954895,0.004785997565445621
38,80,1.0,0.06961418688297272,0.06870228797197342,0.9003579616546631,0.004782653914168766
26,36,1.0,0.08945801854133606,-0.05343511328101158,-2.4654743671417236,0.004780199354651127
59,104,1.0,0.05690271034836769,-0.08396946638822556,-1.9340428113937378,0.004778090223996195
47,48,1.0,0.08939030021429062,0.05343511328101158,2.487147808074951,0.004776580818174253
33,87,1.0,0.12503181397914886,0.038167938590049744,2.9051451683044434,0.004772206597758677
60,102,1.0,0.048081982880830765,-0.09923664480447769,-1.4957987070083618,0.00477149465663998
48,124,1.0,0.04807083308696747,0.09923664480447769,2.443328380584717,0.0047703881885067245
15,79,1.0,0.08926625549793243,0.05343511328101158,2.9785656929016113,0.0047699524747037425
43,96,1.0,0.20812708139419556,0.022900763899087906,3.0875556468963623,0.004766269152014724
1,119,1.0,0.08918192237615585,0.05343511328101158,2.8425190448760986,0.0047654461247882696
47,77,1.0,0.06936371326446533,-0.06870228797197342,-2.300273895263672,0.00476544580350069
79,93,1.0,0.12471983581781387,-0.038167938590049744,-0.30078834295272827,0.004760299034455406
30,43,1.0,0.08901914954185486,-0.05343511328101158,-0.46967509388923645,0.004756748339948325
4,25,1.0,0.08898159116506577,0.05343511328101158,2.987145185470581,0.0047547414038299485
76,114,1.0,0.08893992751836777,0.05343511328101158,2.7596774101257324,0.004752515102148941
53,82,1.0,0.0889158844947815,-0.05343511328101158,-0.2760789096355438,0.00475123036045999
38,88,1.0,0.08884498476982117,0.05343511328101158,0.22727501392364502,0.004747441825625143
85,104,1.0,0.12438187003135681,-0.038167938590049744,-2.7681455612182617,0.004747399577072375
60,97,1.0,0.08883115649223328,-0.05343511328101158,-0.07596360892057419,0.0047467029100457525
53,63,1.0,0.20714710652828217,-0.022900763899087906,-0.31266048550605774,0.004743826978983401
49,99,1.0,0.12425507605075836,0.038167938590049744,0.3222799301147461,0.004742560112207306
58,59,1.0,0.08871904015541077,-0.05343511328101158,-0.8203188180923462,0.00474071196088699
16,26,1.0,0.08867023140192032,0.05343511328101158,0.14531290531158447,0.004738103859615123
76,102,1.0,0.12411294877529144,0.038167938590049744,0.04482841119170189,0.004737135407085313
53,87,1.0,0.04773271083831787,-0.09923664480447769,-1.4526245594024658,0.004736834071016993
20,119,1.0,0.05638929829001427,-0.08396946638822556,-1.6941722631454468,0.004734979287418978
17,60,1.0,0.12402243912220001,0.038167938590049744,0.4913548529148102,0.004733680840204313
29,100,1.0,0.056373294442892075,0.08396946638822556,2.5296192169189453,0.0047336354529159685
38,62,1.0,0.12399207800626755,-0.038167938590049744,-0.0509798601269722,0.004732522018995877
66,72,1.0,0.08851795643568039,0.05343511328101158,0.4515923857688904,0.00472996702954423
44,59,1.0,0.06882374733686447,0.06870228797197342,2.3106229305267334,0.004728348908847602
54,70,1.0,0.06877104192972183,-0.06870228797197342,-2.218217372894287,0.004724727926788408
24,66,1.0,0.047597143799066544,0.09923664480447769,1.69618821144104,0.0047233808528956145
15,73,1.0,0.12372748553752899,-0.038167938590049744,-3.024331569671631,0.004722423069897674
28,48,1.0,0.12362930923700333,-0.038167938590049744,-0.2211533635854721,0.0047186758828882125
54,103,1.0,0.06863293796777725,-0.06870228797197342,-0.7972753047943115,0.004715239868624821
111,119,1.0,0.08824169635772705,-0.05343511328101158,-0.8059742450714111,0.004715205040983772
24,95,1.0,0.08815053105354309,0.05343511328101158,0.7317466139793396,0.004710333612627404
49,58,1.0,0.08810233324766159,-0.05343511328101158,0.3314378559589386,0.00470775815741023
44,60,1.0,0.08805219829082489,0.05343511328101158,2.5945067405700684,0.004705079190312322
13,123,1.0,0.06846342980861664,0.06870228797197342,1.9544880390167236,0.004703594270260569
2,80,1.0,0.08799750357866287,-0.05343511328101158,-0.44028547406196594,0.004702156572172073
62,122,1.0,0.05599517747759819,-0.08396946638822556,-1.3978062868118286,0.004701885173107906
15,126,1.0,0.06839563697576523,-0.06870228797197342,-2.1406030654907227,0.004698936747535576
78,102,1.0,0.06837251782417297,0.06870228797197342,1.469222068786621,0.004697348408925217
46,101,1.0,0.08790215104818344,-0.05343511328101158,-2.346471071243286,0.004697061398904273
23,126,1.0,0.08787889778614044,-0.05343511328101158,-1.601108193397522,0.004695818858212852
87,103,1.0,0.08783408254384995,-0.05343511328101158,-2.637559413909912,0.004693424150664344
10,32,1.0,0.0878136157989502,0.05343511328101158,0.07879026234149933,0.004692330507832132
75,106,1.0,0.12287966907024384,-0.038167938590049744,-0.5586750507354736,0.004690063663038702
93,97,1.0,0.08775879442691803,0.05343511328101158,0.09482232481241226,0.004689401121607373
14,84,1.0,0.05578216537833214,-0.08396946638822556,-1.4160418510437012,0.0046839986607983
22,122,1.0,0.055738698691129684,0.08396946638822556,0.7546268701553345,0.004680348786268246
35,64,1.0,0.06810188293457031,0.06870228797197342,1.0483579635620117,0.004678755172804472
37,100,1.0,0.06808140873908997,0.06870228797197342,2.3244524002075195,0.004677348548730587
87,116,1.0,0.03603256493806839,-0.12977099418640137,-1.3968806266784668,0.004675981775099203
55,99,1.0,0.08749349415302277,0.05343511328101158,0.4213748276233673,0.004675224771418296
14,39,1.0,0.0556480772793293,0.08396946638822556,1.260071039199829,0.00467273935467602
69,86,1.0,0.08744531869888306,-0.05343511328101158,-2.531722068786621,0.004672650510568976
10,73,1.0,0.12237197905778885,-0.038167938590049744,-2.9322633743286133,0.004670686181820538
7,58,1.0,0.0679837018251419,0.06870228797197342,1.3718483448028564,0.004670635860191674
3,79,1.0,0.06797045469284058,-0.06870228797197342,-0.36676788330078125,0.004669725751893505
31,60,1.0,0.06796582043170929,-0.06870228797197342,-0.9166886806488037,0.004669407367550726
52,92,1.0,0.06795309484004974,-0.06870228797197342,-2.74483323097229,0.0046685330902879185
79,104,1.0,0.08723565191030502,-0.05343511328101158,-0.7727261781692505,0.004661446941970043
30,90,1.0,0.06781768798828125,0.06870228797197342,3.0223655700683594,0.004659230329764341
38,59,1.0,0.055484335869550705,0.08396946638822556,1.6187405586242676,0.0046589900758712555
69,111,1.0,0.12193319201469421,-0.038167938590049744,-0.5150066018104553,0.0046539385849055925
4,8,1.0,0.06766170263290405,-0.06870228797197342,-0.5559312105178833,0.004648513778959806
3,108,1.0,0.12167070806026459,0.038167938590049744,0.09046076238155365,0.004643920113452049
19,73,1.0,0.08670666813850403,0.05343511328101158,2.8964929580688477,0.00463318063420004
23,73,1.0,0.06743112206459045,-0.06870228797197342,-0.6781420111656189,0.004632672366354784
8,51,1.0,0.06742849946022034,0.06870228797197342,0.9472907781600952,0.004632492187434112
83,85,1.0,0.055155880749225616,0.08396946638822556,2.707392930984497,0.004631409874685077
63,76,1.0,0.12129463255405426,-0.038167938590049744,-0.19324474036693573,0.0046295660866257915
80,96,1.0,0.0673682913184166,-0.06870228797197342,-2.1943159103393555,0.004628355750337654
43,121,1.0,0.0866042822599411,-0.05343511328101158,-2.3143084049224854,0.004627709633180654
73,103,1.0,0.06733361631631851,-0.06870228797197342,-1.7507445812225342,0.0046259734983580825
87,94,1.0,0.08655925840139389,-0.05343511328101158,-0.37860560417175293,0.004625303778198836
49,103,1.0,0.0865514948964119,-0.05343511328101158,-2.533262252807617,0.004624888934430665
61,68,1.0,0.12116948515176773,0.038167938590049744,0.3333292603492737,0.004624789468260615
7,15,1.0,0.06731168180704117,0.06870228797197342,2.4209508895874023,0.0046244665473851865
64,73,1.0,0.0465988889336586,-0.09923664480447769,-1.2269058227539062,0.004624317389392785
22,26,1.0,0.08646957576274872,-0.05343511328101158,-1.2441444396972656,0.004620511576243491
47,114,1.0,0.06722818315029144,-0.06870228797197342,-2.043872356414795,0.004618729998623894
17,19,1.0,0.0672236829996109,-0.06870228797197342,-1.0379984378814697,0.004618420827975922
59,99,1.0,0.08642835170030594,0.05343511328101158,0.8502370119094849,0.004618308763796958
12,99,1.0,0.12097036838531494,-0.038167938590049744,-0.3485352098941803,0.004617189591746396
114,126,1.0,0.06720442324876785,-0.06870228797197342,-2.156062126159668,0.0046170976390272345
28,98,1.0,0.1209256574511528,0.038167938590049744,-0.04800767824053764,0.004615483067556991
40,64,1.0,0.05485638603568077,0.08396946638822556,0.4255914092063904,0.004606261463402622
8,91,1.0,0.08613694459199905,0.05343511328101158,2.9504480361938477,0.004602737391953687
3,6,1.0,0.040176086127758026,-0.11450381577014923,-0.8007818460464478,0.004600315164338453
72,117,1.0,0.12049437314271927,-0.038167938590049744,-0.937358558177948,0.004599021834557848
82,96,1.0,0.06688343733549118,-0.06870228797197342,-2.415618896484375,0.004595045172378354
42,49,1.0,0.1203787624835968,-0.038167938590049744,-0.30681872367858887,0.004594609214020107
36,83,1.0,0.05471540242433548,0.08396946638822556,1.0141561031341553,0.004594423144788473
37,71,1.0,0.06685364246368408,-0.06870228797197342,-3.0830461978912354,0.004592998196515374
25,40,1.0,0.2004852145910263,0.022900763899087906,0.032239820808172226,0.004591264564607067
13,77,1.0,0.0859159454703331,0.05343511328101158,1.3120160102844238,0.004590928278852463
1,117,1.0,0.06681641191244125,-0.06870228797197342,-0.9623327851295471,0.004590440372462534
54,65,1.0,0.0858655646443367,0.05343511328101158,2.959974765777588,0.0045882361737081545
83,107,1.0,0.12010867148637772,-0.038167938590049744,-0.33223968744277954,0.004584300397424523
61,100,1.0,0.08578354865312576,-0.05343511328101158,-2.7495548725128174,0.004583853639926944
70,77,1.0,0.08577847480773926,-0.05343511328101158,-2.215212821960449,0.004583582518423945
51,118,1.0,0.06671162694692612,0.06870228797197342,1.1760724782943726,0.00458324140558658
8,26,1.0,0.06666220724582672,0.06870228797197342,2.684471368789673,0.0045798461590501605
34,59,1.0,0.11992151290178299,0.038167938590049744,2.83150053024292,0.004577156940061111
47,67,1.0,0.0856185182929039,-0.05343511328101158,-0.30987513065338135,0.004575035223933682
18,83,1.0,0.054393425583839417,-0.08396946638822556,-2.2527263164520264,0.004567386921302652
46,123,1.0,0.11955653876066208,0.038167938590049744,0.3177337348461151,0.004563226629455852
64,111,1.0,0.06641241908073425,-0.06870228797197342,-0.6867571473121643,0.004562685140599987
100,102,1.0,0.11943548917770386,-0.038167938590049744,-2.8968300819396973,0.004558606416407152
30,98,1.0,0.03978915140032768,0.11450381577014923,1.6565253734588623,0.004556009661593696
86,98,1.0,0.06631181389093399,-0.06870228797197342,0.09021368622779846,0.004555773333878854
63,112,1.0,0.1989281177520752,0.022900763899087906,0.0012691832380369306,0.004555605857530232
10,17,1.0,0.08523889631032944,0.05343511328101158,1.8087748289108276,0.004554750080290854
25,56,1.0,0.08520433306694031,0.05343511328101158,-0.010130930691957474,0.004552903189464996
80,114,1.0,0.085194893181324,-0.05343511328101158,-0.33830535411834717,0.004552398768107729
7,67,1.0,0.05410910025238991,-0.08396946638822556,-2.2607293128967285,0.004543512274940181
23,102,1.0,0.11893841624259949,-0.038167938590049744,-2.4461750984191895,0.004539634167145312
98,112,1.0,0.06605910509824753,-0.06870228797197342,-1.6839326620101929,0.004538411661630659
40,78,1.0,0.08489977568387985,0.05343511328101158,2.9205169677734375,0.004536629131200592
66,100,1.0,0.084858737885952,-0.05343511328101158,-0.016839055344462395,0.004534436271819514
11,101,1.0,0.11868429183959961,-0.038167938590049744,-0.11234451830387115,0.00452993476253738
65,111,1.0,0.06592812389135361,-0.06870228797197342,-0.9349247813224792,0.004529412953035716
5,60,1.0,0.05393814668059349,-0.08396946638822556,-1.7260487079620361,0.004529157394739275
44,98,1.0,0.0659133717417717,0.06870228797197342,2.2117745876312256,0.004528399446606934
36,37,1.0,0.03952303156256676,0.11450381577014923,1.0504069328308105,0.004525537924717937
32,51,1.0,0.1185193657875061,0.038167938590049744,-3.0825984477996826,0.0045236398751091755
21,25,1.0,0.08445875346660614,-0.05343511328101158,-2.3314473628997803,0.004513063059061129
76,79,1.0,0.05374181643128395,0.08396946638822556,2.313565254211426,0.004512671648468886
20,50,1.0,0.08443900942802429,-0.05343511328101158,-2.8116466999053955,0.004512008034122883
12,112,1.0,0.08435934036970139,0.05343511328101158,-3.138017177581787,0.004507750908966407
102,123,1.0,0.06557503342628479,0.06870228797197342,0.39574405550956726,0.0045051548302244004
1,72,1.0,0.06556730717420578,-0.06870228797197342,-0.6778932213783264,0.004504624019029124
43,49,1.0,0.08426011353731155,-0.05343511328101158,-0.30430877208709717,0.00450244871193714
65,91,1.0,0.1178763210773468,0.038167938590049744,2.888603448867798,0.004499096184101159
12,53,1.0,0.08408576250076294,-0.05343511328101158,-0.3201623558998108,0.004493132244548503
2,16,1.0,0.053489457815885544,0.08396946638822556,1.5265629291534424,0.00449148123019541
12,114,1.0,0.05345664173364639,-0.08396946638822556,-2.8658289909362793,0.004488725681280836
53,62,1.0,0.06533011794090271,0.06870228797197342,0.6937740445137024,0.004488328576018885
25,31,1.0,0.1175379604101181,-0.038167938590049744,-2.6516799926757812,0.004486181654933086
94,99,1.0,0.11751072853803635,-0.038167938590049744,3.0009140968322754,0.004485142270511777
21,39,1.0,0.04512256383895874,-0.09923664480447769,-1.5381345748901367,0.004477811840354118
84,110,1.0,0.08378805965185165,0.05343511328101158,2.7616541385650635,0.004477224459092849
12,113,1.0,0.11726900935173035,-0.038167938590049744,-0.12180175632238388,0.004475916347452813
13,42,1.0,0.06514632701873779,0.06870228797197342,1.9960774183273315,0.0044757017191576765
55,87,1.0,0.1172146201133728,0.038167938590049744,0.39464864134788513,0.004473840422343223
43,78,1.0,0.06510413438081741,0.06870228797197342,2.958224296569824,0.004472802988396973
8,67,1.0,0.03446511551737785,0.12977099418640137,2.124494791030884,0.004472572305439293
54,84,1.0,0.08365854620933533,-0.05343511328101158,-0.2769419550895691,0.004470303893620575
64,101,1.0,0.08357879519462585,-0.05343511328101158,-0.7923436760902405,0.004466042389115299
53,119,1.0,0.08350536227226257,-0.05343511328101158,-2.284536600112915,0.004462118492590261
25,83,1.0,0.08348216116428375,0.05343511328101158,0.14705078303813934,0.004460878738757168
3,83,1.0,0.038944508880376816,-0.11450381577014923,0.30389779806137085,0.004459294870097608
9,22,1.0,0.06489422172307968,0.06870228797197342,0.5630735158920288,0.004458381508536113
19,67,1.0,0.038916777819395065,0.11450381577014923,1.9766874313354492,0.0044561195577998425
14,68,1.0,0.06485771387815475,0.06870228797197342,0.9859744906425476,0.004455873336060845
52,124,1.0,0.11665895581245422,-0.038167938590049744,-0.22608938813209534,0.004452631861429079
17,122,1.0,0.06478063762187958,0.06870228797197342,2.2737338542938232,0.004450578020906426
80,97,1.0,0.05297437682747841,-0.08396946638822556,-1.5368810892105103,0.004448230154452143
42,71,1.0,0.0832400843501091,0.05343511328101158,2.8965888023376465,0.004447943336769039
40,53,1.0,0.06470036506652832,0.06870228797197342,0.339205801486969,0.004445063112692438
25,78,1.0,0.11630212515592575,0.038167938590049744,3.1044669151306152,0.0044390123708436535
71,111,1.0,0.08304896205663681,0.05343511328101158,-3.0862245559692383,0.0044377306953668205
37,55,1.0,0.08298568427562714,-0.05343511328101158,-2.82787823677063,0.0044343494399703975
35,38,1.0,0.11615850031375885,0.038167938590049744,2.405870199203491,0.004433530506687822
72,89,1.0,0.11611510068178177,-0.038167938590049744,-3.105633020401001,0.00443187403219969
82,111,1.0,0.05273843929171562,-0.08396946638822556,-0.06444313377141953,0.004428418605473189
26,44,1.0,0.08284838497638702,-0.05343511328101158,3.1201400756835938,0.004427012836362099
49,60,1.0,0.06434076279401779,-0.06870228797197342,-2.5668492317199707,0.004420357613811043
12,63,1.0,0.04453744739294052,-0.09923664480447769,-1.7322866916656494,0.0044197468474313495
22,72,0.9999999403953552,0.08270122855901718,0.05343511328101158,1.510309100151062,0.0044191492531280765
20,92,1.0,0.1157570332288742,0.038167938590049744,0.6143723726272583,0.004418207335646018
92,101,1.0,0.06429154425859451,0.06870228797197342,1.0758424997329712,0.0044169761878168345
30,122,1.0,0.0825984850525856,-0.05343511328101158,0.09443896263837814,0.0044136594056248535
22,44,1.0,0.19271518290042877,0.022900763899087906,0.05321134999394417,0.004413324903372262
42,125,1.0,0.11556956171989441,0.038167938590049744,2.868427038192749,0.0044110519346038934
42,126,1.0,0.05251665413379669,0.08396946638822556,0.6568537354469299,0.004409795424109908
41,100,1.0,0.06410829722881317,0.06870228797197342,1.629080057144165,0.004404386697606788
89,118,1.0,0.06395306438207626,0.06870228797197342,0.39122286438941956,0.00439372184586756
102,105,1.0,0.11505448818206787,0.038167938590049744,0.5311113595962524,0.0043913926394427705
12,42,1.0,0.06387891620397568,-0.06870228797197342,2.814607620239258,0.004388627696383096
80,102,1.0,0.19159354269504547,-0.022900763899087906,0.016161657869815826,0.004387638485849055
82,119,1.0,0.05222824588418007,-0.08396946638822556,-0.5411562919616699,0.004385577937287638
30,86,1.0,0.11490210145711899,-0.038167938590049744,3.108135223388672,0.004385576352282983
83,123,1.0,0.11489443480968475,-0.038167938590049744,-2.6709766387939453,0.004385283732154521
35,102,1.0,0.19120608270168304,-0.022900763899087906,-0.10596176981925964,0.00437876535602072
25,84,1.0,0.06362306326627731,-0.06870228797197342,-0.6757014989852905,0.004371050014178868
78,84,1.0,0.11442861706018448,-0.038167938590049744,-0.05614062398672104,0.00436750442889744
6,98,1.0,0.1144091933965683,0.038167938590049744,0.006357738748192787,0.0043667630676973435
88,122,1.0,0.08167610317468643,-0.05343511328101158,-1.8308312892913818,0.004364371825490959
50,104,1.0,0.1142783835530281,-0.038167938590049744,-2.715618133544922,0.004361770325622127
7,72,1.0,0.06345842033624649,0.06870228797197342,1.162793755531311,0.004359738668187341
38,122,1.0,0.06344633549451828,0.06870228797197342,0.39636191725730896,0.0043589084119108334
5,89,1.0,0.1902863085269928,0.022900763899087906,0.3662068247795105,0.00435770182480566
114,116,1.0,0.11410672962665558,0.038167938590049744,0.07407741993665695,0.0043552186491016
39,71,1.0,0.06332936137914658,-0.06870228797197342,-0.4917382001876831,0.0043508720225513
42,86,1.0,0.11391343176364899,-0.038167938590049744,3.114582061767578,0.004347840868136776
13,104,1.0,0.0813484638929367,-0.05343511328101158,-0.5607500076293945,0.004346864383355353
42,82,1.0,0.11388576775789261,-0.038167938590049744,-2.77429461479187,0.004346784990063912
20,67,1.0,0.06326891481876373,-0.06870228797197342,-1.2385798692703247,0.004346719205552962
92,119,1.0,0.06318216770887375,-0.06870228797197342,-1.3351632356643677,0.004340759480628564
69,123,1.0,0.043735384941101074,0.09923664480447769,0.6022986173629761,0.00434015286078715
21,108,1.0,0.06316220015287399,-0.06870228797197342,-1.7527029514312744,0.004339387663846173
15,106,1.0,0.08115501701831818,0.05343511328101158,0.3825538754463196,0.0043365275276962545
30,53,1.0,0.043696481734514236,-0.09923664480447769,-1.0666629076004028,0.0043362922370933366
28,111,1.0,0.11358720064163208,0.038167938590049744,2.962925434112549,0.004335389298705472
42,83,1.0,0.06309517472982407,-0.06870228797197342,-1.9204511642456055,0.004334782863930353
19,25,1.0,0.08111655712127686,0.05343511328101158,2.459641933441162,0.0043344724187410755
59,69,1.0,0.18911297619342804,-0.022900763899087906,-2.949594259262085,0.004330831618059527
47,119,1.0,0.08104686439037323,-0.05343511328101158,-2.964904308319092,0.004330748379770377
18,54,1.0,0.1887563019990921,-0.022900763899087906,3.0480620861053467,0.004322663506546143
76,83,1.0,0.08086709678173065,-0.05343511328101158,-2.7106637954711914,0.0043211424772383045
74,103,1.0,0.06283143162727356,0.06870228797197342,0.6221107244491577,0.0043166631093483065
40,91,1.0,0.0627828985452652,-0.06870228797197342,-1.0849041938781738,0.004313328775572001
19,122,0.9999999403953552,0.043401822447776794,-0.09923664480447769,-0.7996496558189392,0.0043070509813967735
6,22,1.0,0.08059310168027878,-0.05343511328101158,-2.564955949783325,0.004306501517953781
3,23,1.0,0.18781769275665283,-0.022900763899087906,-0.2962450385093689,0.004301168637891539
14,33,1.0,0.0512080043554306,-0.08396946638822556,-1.089482307434082,0.004299908800531438
51,55,1.0,0.08046133816242218,0.05343511328101158,0.764439582824707,0.004299460719450809
67,82,1.0,0.08042502403259277,-0.05343511328101158,-2.112600564956665,0.004297520269809674
38,53,1.0,0.08041416853666306,-0.05343511328101158,-0.9870181679725647,0.004296940205154948
68,94,1.0,0.11252716928720474,-0.038167938590049744,-2.663877487182617,0.004294930087066162
57,58,1.0,0.11250247061252594,0.038167938590049744,2.8253395557403564,0.004293987389567766
11,25,1.0,0.06249292567372322,-0.06870228797197342,-1.0707805156707764,0.004293406975847264
49,121,1.0,0.04325908049941063,0.09923664480447769,2.5198240280151367,0.00429288600608832
11,35,1.0,0.051100537180900574,0.08396946638822556,1.4520320892333984,0.004290884839231901
9,112,1.0,0.08015130460262299,-0.05343511328101158,-2.757023572921753,0.004282894041062024
93,125,1.0,0.08013315498828888,0.05343511328101158,1.6455384492874146,0.0042819242143640746
40,113,1.0,0.11217455565929413,0.038167938590049744,0.43829700350761414,0.004281471551770055
29,65,1.0,0.11216853559017181,-0.038167938590049744,-0.26509758830070496,0.004281241778141487
31,118,1.0,0.04309016093611717,0.09923664480447769,1.3826193809509277,0.00427612299538524
52,88,1.0,0.043077848851680756,-0.09923664480447769,-1.1662272214889526,0.00427490118543522
27,84,1.0,0.07994113117456436,0.05343511328101158,1.868497610092163,0.004271663400125053
34,54,1.0,0.11187566816806793,-0.038167938590049744,3.1278162002563477,0.0042700636323596
18,68,1.0,0.07985825836658478,0.05343511328101158,0.3836985230445862,0.0042672350822427485
78,108,0.9999999403953552,0.07984146475791931,0.05343511328101158,1.7337146997451782,0.004266337459567769
9,52,1.0,0.11174327880144119,-0.038167938590049744,-2.6178719997406006,0.004265010603144215
37,122,1.0,0.11172771453857422,-0.038167938590049744,-2.8821005821228027,0.004264416547314909
45,95,1.0,0.06199239566922188,0.06870228797197342,2.3111572265625,0.004259019419339399
22,118,1.0,0.1115223839879036,-0.038167938590049744,0.059736218303442,0.004256579503466251
17,103,1.0,0.07957430928945541,-0.05343511328101158,-1.1965421438217163,0.004252062231140302
39,54,0.9999999403953552,0.11132330447435379,0.038167938590049744,0.6210132241249084,0.0042489807955595395
8,30,1.0,0.050600964576005936,-0.08396946638822556,-1.2408332824707031,0.004248935994176722
4,7,1.0,0.079446941614151,-0.05343511328101158,-0.41598793864250183,0.004245256324982072
75,85,1.0,0.0794440284371376,-0.05343511328101158,-0.6105669736862183,0.004245100659038353
18,45,1.0,0.11110582202672958,0.038167938590049744,0.585625410079956,0.004240680192113211
1,47,1.0,0.1110837534070015,0.038167938590049744,-0.0690435990691185,0.004239837878390662
14,37,1.0,0.061670515686273575,0.06870228797197342,2.9140090942382812,0.004236905528058471
22,84,1.0,0.07921450585126877,0.05343511328101158,0.25969111919403076,0.004232836093661901
115,116,1.0,0.032596100121736526,0.12977099418640137,1.830911636352539,0.004230028319397228
27,120,1.0,0.11080507934093475,-0.038167938590049744,-0.3891335129737854,0.004229201463750387
88,91,1.0,0.18457117676734924,-0.022900763899087906,-0.005158860702067614,0.004226820941725884
60,95,1.0,0.11067627370357513,-0.038167938590049744,-0.732915461063385,0.004224285218093593
23,69,1.0,0.11061999201774597,-0.038167938590049744,-2.6793057918548584,0.004222137062165121
20,64,1.0,0.11058929562568665,-0.038167938590049744,-0.2912207245826721,0.004220965444158065
5,123,1.0,0.18421749770641327,-0.022900763899087906,-0.08464633673429489,0.004218721421055338
9,114,1.0,0.05024059861898422,-0.08396946638822556,-0.6777083873748779,0.004218676257061127
35,101,1.0,0.11039135605096817,-0.038167938590049744,-0.5609138607978821,0.004213410498625669
50,83,0.9999999403953552,0.0788290947675705,0.05343511328101158,2.438612937927246,0.004212241357675562
30,119,1.0,0.06130814924836159,-0.06870228797197342,-0.7246295809745789,0.0042120101246896635
3,24,1.0,0.11023616045713425,0.038167938590049744,3.015930652618408,0.00420748700273077
57,65,1.0,0.11014924943447113,0.038167938590049744,2.41855525970459,0.0042041697881549656
5,16,1.0,0.07864053547382355,-0.05343511328101158,-0.9453970789909363,0.004202165921523171
75,120,1.0,0.06114686653017998,-0.06870228797197342,-0.5252358913421631,0.004200929632940248
11,92,1.0,0.04232876002788544,-0.09923664480447769,-0.2289385199546814,0.00420056412390124
17,45,1.0,0.10996045917272568,0.038167938590049744,-2.8830201625823975,0.004196964053038266
99,126,1.0,0.10983309894800186,-0.038167938590049744,-2.940809488296509,0.004192102975802192
50,94,0.9999999403953552,0.07839000970125198,-0.05343511328101158,-2.674988269805908,0.00418877879881531
12,37,1.0,0.07833541184663773,0.05343511328101158,0.5875805616378784,0.0041858616059397835
3,20,1.0,0.07829213887453079,0.05343511328101158,2.5346550941467285,0.0041835493097732435
12,69,1.0,0.10953078418970108,0.038167938590049744,0.43687453866004944,0.004180564244672502
34,92,1.0,0.07817623764276505,-0.05343511328101158,-2.208538293838501,0.004177356114324432
10,26,1.0,0.07811660319566727,-0.05343511328101158,-2.7914180755615234,0.004174169540888312
61,62,1.0,0.07810559868812561,-0.05343511328101158,-2.845881223678589,0.0041735815137812216
73,116,1.0,0.06072251498699188,0.06870228797197342,2.2278430461883545,0.004171775711018788
1,83,1.0,0.10929550975561142,-0.038167938590049744,-1.2780120372772217,0.004171584304520359
82,98,1.0,0.18213744461536407,0.022900763899087906,0.16886593401432037,0.0041710866163196525
37,106,1.0,0.07798387855291367,0.05343511328101158,0.15805642306804657,0.004167077384567591
93,120,1.0,0.07787777483463287,-0.05343511328101158,-0.9517568349838257,0.004161407720361721
69,70,1.0,0.060553763061761856,-0.06870228797197342,-0.6986249685287476,0.00416018206765581
27,78,1.0,0.06049874797463417,-0.06870228797197342,-1.2790305614471436,0.00415640240529716
110,121,1.0,0.049491625279188156,0.08396946638822556,0.7104454636573792,0.004155785365379444
7,18,1.0,0.10883953422307968,-0.038167938590049744,-2.176124095916748,0.004154180658396123
6,57,1.0,0.04946810379624367,0.08396946638822556,1.118247389793396,0.004153810279007936
26,70,1.0,0.049460213631391525,-0.08396946638822556,-1.9563831090927124,0.004153147746075586
42,114,1.0,0.06044676527380943,0.06870228797197342,2.7371742725372314,0.004152831074815538
54,83,1.0,0.04941262677311897,-0.08396946638822556,-2.1822800636291504,0.004149151902979348
2,63,1.0,0.10865171998739243,-0.038167938590049744,-0.42196938395500183,0.004147012176182074
33,117,1.0,0.06032547354698181,0.06870228797197342,2.6358752250671387,0.004144498055670409
64,94,1.0,0.060301851481199265,0.06870228797197342,2.2098348140716553,0.004142875165704524
2,79,1.0,0.07745306938886642,-0.05343511328101158,-1.608119010925293,0.004138713536756128
56,71,1.0,0.07738813757896423,0.05343511328101158,0.9386467337608337,0.004135243898138463
82,92,1.0,0.06018776446580887,0.06870228797197342,1.8741153478622437,0.00413503712671931
44,50,1.0,0.10829398781061172,0.038167938590049744,0.1578930765390396,0.004133358276427024
3,90,1.0,0.18042872846126556,0.022900763899087906,0.015553347766399384,0.004131955711104085
24,27,1.0,0.10819794237613678,0.038167938590049744,-0.48913586139678955,0.0041296924201821295
48,64,1.0,0.06010202318429947,0.06870228797197342,1.1705232858657837,0.004129146504505965
106,115,1.0,0.041584357619285583,0.09923664480447769,2.657547950744629,0.004126692126487419
67,124,1.0,0.049139901995658875,-0.08396946638822556,-1.5152130126953125,0.004126251348945176
80,111,1.0,0.10810684412717819,0.038167938590049744,0.23390765488147736,0.004126215387810217
64,104,1.0,0.10808905959129333,0.038167938590049744,2.6774637699127197,0.004125536588736711
103,109,1.0,0.10786939412355423,0.038167938590049744,0.33988046646118164,0.0041171524106536905
81,99,1.0,0.17976073920726776,-0.022900763899087906,-0.41409802436828613,0.0041166582469111535
73,77,1.0,0.04898335784673691,0.08396946638822556,0.6274737119674683,0.004113106420293999
19,71,1.0,0.07695277035236359,-0.05343511328101158,-2.9184296131134033,0.004111980001066218
47,80,1.0,0.10772109031677246,-0.038167938590049744,-0.47249922156333923,0.004111491960063773
26,32,1.0,0.05968789383769035,-0.06870228797197342,-1.6366344690322876,0.00410069487087758
20,41,1.0,0.05965818837285042,-0.06870228797197342,-1.4759036302566528,0.004098654037477806
6,39,0.9999999403953552,0.059623949229717255,-0.06870228797197342,-1.962340235710144,0.004096301485847748
88,112,1.0,0.07662093639373779,-0.05343511328101158,-0.29778093099594116,0.004094248415896562
42,100,1.0,0.07661650329828262,0.05343511328101158,1.254079818725586,0.0040940115329387294
50,81,1.0,0.059589188545942307,-0.06870228797197342,-1.5576790571212769,0.004093913591499548
59,116,1.0,0.17848101258277893,-0.022900763899087906,3.0336620807647705,0.004087351529628358
73,99,1.0,0.07647034525871277,-0.05343511328101158,-1.6585376262664795,0.004086201561537384
106,113,1.0,0.059469033032655716,0.06870228797197342,1.6062321662902832,0.004085658632824313
6,8,1.0,0.04861832037568092,0.08396946638822556,0.31730449199676514,0.004082454418637721
38,65,1.0,0.059400446712970734,-0.06870228797197342,-1.4943044185638428,0.004080946595738377
112,113,1.0,0.059398338198661804,0.06870228797197342,0.6073708534240723,0.004080801735981132
13,115,1.0,0.07631456106901169,-0.05343511328101158,-2.8636581897735596,0.004077877215713316
10,49,1.0,0.05930024012923241,0.06870228797197342,0.917751669883728,0.004074062174165699
81,114,1.0,0.10655897110700607,0.038167938590049744,0.3970041275024414,0.004067136265431093
73,96,1.0,0.05917849764227867,0.06870228797197342,2.6916239261627197,0.004065698186768579
31,112,1.0,0.07604528218507767,0.05343511328101158,2.3573453426361084,0.004063488268046117
13,43,1.0,0.04838384687900543,-0.08396946638822556,-1.4902344942092896,0.004062765804239699
92,121,1.0,0.076029933989048,0.05343511328101158,0.22444313764572144,0.004062668135452613
88,115,1.0,0.07599640637636185,0.05343511328101158,1.124999761581421,0.004060876583670686
36,77,1.0,0.05909659340977669,0.06870228797197342,0.5420205593109131,0.0040600711786011046
19,54,1.0,0.0483105406165123,-0.08396946638822556,-0.6035528182983398,0.004056610316495235
42,63,1.0,0.07585863769054413,-0.05343511328101158,-0.35041871666908264,0.00405351489833744
6,61,0.9999999403953552,0.040819406509399414,-0.09923664480447769,-2.6820313930511475,0.004050780703457495
64,103,1.0,0.10612849146127701,-0.038167938590049744,-2.625690460205078,0.004050705744748639
30,76,1.0,0.05891018733382225,0.06870228797197342,1.5840604305267334,0.004047264654691157
23,66,1.0,0.040782488882541656,0.09923664480447769,1.1885499954223633,0.004047117363479347
11,77,1.0,0.0756780132651329,-0.05343511328101158,-1.8087961673736572,0.004043863211704274
17,114,1.0,0.10582844167947769,-0.038167938590049744,-2.1915042400360107,0.004039253463102965
51,84,1.0,0.17637519538402557,0.022900763899087906,0.02624225988984108,0.004039126707145069
44,100,1.0,0.05872032046318054,-0.06870228797197342,-2.219728708267212,0.004034220366267993
62,118,1.0,0.07544676959514618,0.05343511328101158,0.34900733828544617,0.004031506680003016
9,66,1.0,0.10548098385334015,0.038167938590049744,0.591357946395874,0.004025991714132315
73,85,1.0,0.058592092245817184,0.06870228797197342,1.9392156600952148,0.004025410794352563
12,64,1.0,0.10544980317354202,-0.038167938590049744,-0.725683331489563,0.0040248016118605845
1,71,1.0,0.047911275178194046,-0.08396946638822556,-1.5334725379943848,0.00402308421069239
60,84,1.0,0.10537302494049072,0.038167938590049744,0.8140649199485779,0.00402187114497643
24,98,1.0,0.10536334663629532,0.038167938590049744,0.5668034553527832,0.004021501744056244
98,126,1.0,0.04051657021045685,-0.09923664480447769,-1.955737590789795,0.004020728486670788
10,60,1.0,0.10531441867351532,-0.038167938590049744,-3.053341865539551,0.004019634264577521
53,69,1.0,0.07522021234035492,0.05343511328101158,0.9320767521858215,0.00401940056742861
13,54,1.0,0.10528543591499329,-0.038167938590049744,-2.8571996688842773,0.0040185280524300815
14,22,1.0,0.10519758611917496,0.038167938590049744,0.11820588260889053,0.004015175006818139
6,69,1.0,0.10517016053199768,-0.038167938590049744,3.0858523845672607,0.004014128228690961
12,95,1.0,0.17527812719345093,-0.022900763899087906,0.019316574558615685,0.004014003007531519
53,116,1.0,0.17524129152297974,0.022900763899087906,0.08317510783672333,0.004013159442538994
81,87,1.0,0.05838872864842415,-0.06870228797197342,0.5630304217338562,0.00401143924992145
60,108,1.0,0.05838761106133461,0.06870228797197342,1.8566277027130127,0.004011362469131391
29,93,1.0,0.04041061922907829,-0.09923664480447769,-1.736340045928955,0.004010214266765039
5,36,1.0,0.04774098843336105,0.08396946638822556,1.863942265510559,0.004008785323595776
71,79,1.0,0.07497045397758484,0.05343511328101158,1.027455449104309,0.004006054701021111
66,76,1.0,0.07488412410020828,0.05343511328101158,0.8682708740234375,0.004001441654243959
22,24,1.0,0.07485349476337433,0.05343511328101158,0.9439588785171509,0.0039998049721605144
33,36,1.0,0.07483668625354767,0.05343511328101158,-0.07179035246372223,0.003998906807533842
69,122,1.0,0.05817822739481926,-0.06870228797197342,-2.77384352684021,0.003996977332177826
57,95,1.0,0.047582484781742096,0.08396946638822556,2.3181214332580566,0.003995475856548747
7,34,1.0,0.04752209037542343,0.08396946638822556,1.1671994924545288,0.003990404570477335
46,79,1.0,0.10450487583875656,-0.038167938590049744,-0.11642682552337646,0.003988735683374434
36,68,1.0,0.07459589838981628,0.05343511328101158,3.040797472000122,0.003986040280758663
52,93,1.0,0.058001503348350525,-0.06870228797197342,-2.9152486324310303,0.003984835985845758
73,123,1.0,0.07455410063266754,0.05343511328101158,2.203859329223633,0.003983806812870527
37,48,1.0,0.1739368736743927,0.022900763899087906,3.1197731494903564,0.003983287277362746
1,4,1.0,0.17392194271087646,-0.022900763899087906,3.073788642883301,0.003982945346892475
2,5,1.0,0.10432768613100052,0.038167938590049744,2.746622085571289,0.003981972717490012
14,66,1.0,0.0745081976056099,0.05343511328101158,2.2135238647460938,0.0039813539794197605
5,95,1.0,0.104159876704216,-0.038167938590049744,-0.24885642528533936,0.003975567777593669
11,85,0.9999999403953552,0.034649550914764404,-0.11450381577014923,-0.23734599351882935,0.003967505557980816
26,71,1.0,0.03463982790708542,-0.11450381577014923,-2.8391878604888916,0.003966392472982583
97,124,1.0,0.07420813292264938,0.05343511328101158,1.6029019355773926,0.003965319989094135
26,92,1.0,0.04718971252441406,0.08396946638822556,2.491588592529297,0.003962494979688813
113,119,1.0,0.17294108867645264,0.022900763899087906,-3.1241884231567383,0.003960483040230667
50,96,1.0,0.07410287857055664,-0.05343511328101158,-0.6045019626617432,0.00395969571086674
13,45,1.0,0.1036684513092041,-0.038167938590049744,-2.5520875453948975,0.003956811083295264
1,27,1.0,0.17268699407577515,-0.022900763899087906,-3.022594928741455,0.0039546640797725185
68,84,1.0,0.10357388854026794,0.038167938590049744,-0.25756868720054626,0.003953201817337604
109,110,1.0,0.10354938358068466,-0.038167938590049744,-2.9141132831573486,0.003952266513545077
18,115,1.0,0.047064606100320816,0.08396946638822556,2.473926305770874,0.003951989860015964
38,89,1.0,0.0739225298166275,-0.05343511328101158,-1.4607473611831665,0.003950058754770447
72,118,1.0,0.07386729121208191,0.05343511328101158,0.6386889219284058,0.003947107073679068
7,79,1.0,0.10339777916669846,-0.038167938590049744,-0.2779746949672699,0.003946480085582071
18,84,1.0,0.046988457441329956,-0.08396946638822556,-0.36358416080474854,0.003945595697754323
38,85,1.0,0.07377211004495621,-0.05343511328101158,-0.7514623999595642,0.003942021057231487
25,30,1.0,0.05736334249377251,0.06870228797197342,1.2793315649032593,0.003940992875042099
78,99,1.0,0.057293377816677094,0.06870228797197342,2.1296732425689697,0.003936186141648423
47,49,1.0,0.07364913076162338,0.05343511328101158,1.2642712593078613,0.00393544964529538
63,66,1.0,0.10304847359657288,0.038167938590049744,0.8129019141197205,0.003933147812032356
68,81,1.0,0.07357261329889297,-0.05343511328101158,-3.1146955490112305,0.003931360926006405
58,118,1.0,0.17166727781295776,0.022900763899087906,0.013392264023423195,0.003931311798393677
33,94,1.0,0.030285540968179703,0.12977099418640137,0.9762724041938782,0.003930184760913669
40,119,1.0,0.10278457403182983,0.038167938590049744,2.8033175468444824,0.003923075309651303
19,43,1.0,0.0395251139998436,0.09923664480447769,2.43835186958313,0.003922339698858968
45,78,1.0,0.03950886055827141,-0.09923664480447769,-1.6955735683441162,0.003920726761850818
43,105,1.0,0.10271046310663223,0.038167938590049744,0.2036709487438202,0.003920246648409509
22,92,1.0,0.0733555406332016,0.05343511328101158,1.4119378328323364,0.0039197616235249755
85,101,1.0,0.10262870043516159,0.038167938590049744,2.4784934520721436,0.003917125935785859
60,72,1.0,0.07327142357826233,-0.05343511328101158,-2.0494353771209717,0.0039152668191654305
101,116,1.0,0.07325270771980286,0.05343511328101158,0.842487633228302,0.003914266735148497
46,67,1.0,0.07323285192251205,-0.05343511328101158,-0.7183239459991455,0.003913205738370978
51,66,1.0,0.17069897055625916,-0.022900763899087906,-2.932124137878418,0.003909136822526249
54,57,1.0,0.03938724473118782,-0.09923664480447769,-1.208113670349121,0.003908658015215921
58,88,1.0,0.0730995312333107,-0.05343511328101158,-0.6829148530960083,0.0039060817322408015
31,90,1.0,0.170545756816864,-0.022900763899087906,0.2160263955593109,0.0039056281108542645
20,51,1.0,0.07305212318897247,-0.05343511328101158,0.06468454748392105,0.003903548478021157
36,63,1.0,0.04647386446595192,-0.08396946638822556,-2.1171913146972656,0.0039023856002046997
18,93,1.0,0.05678940191864967,-0.06870228797197342,-2.333768129348755,0.0039015618443712097
64,100,1.0,0.07300583273172379,0.05343511328101158,-0.08604443073272705,0.0039010749421942437
2,71,1.0,0.07299958169460297,0.05343511328101158,0.5892722010612488,0.003900740917317569
23,106,1.0,0.03930572047829628,-0.09923664480447769,-0.9123935103416443,0.003900567821888773
34,111,1.0,0.07299484312534332,-0.05343511328101158,-1.8285250663757324,0.00390048771133239
8,56,1.0,0.07294677197933197,-0.05343511328101158,-1.2075023651123047,0.0038979190241997252
25,68,1.0,0.17019625008106232,-0.022900763899087906,0.025570472702383995,0.003897624139616529
82,85,1.0,0.1021113395690918,-0.038167938590049744,-0.11409568041563034,0.003897379338020812
42,72,1.0,0.07289280742406845,0.05343511328101158,0.4736984372138977,0.0038950354220760597
53,91,1.0,0.05662645027041435,-0.06870228797197342,-1.2619616985321045,0.003890366693308639
66,81,1.0,0.04630516469478607,0.08396946638822556,0.7644972801208496,0.0038882199704400877
21,114,1.0,0.04629931598901749,-0.08396946638822556,-2.1414313316345215,0.003887728857737638
77,95,1.0,0.04628767818212509,-0.08396946638822556,-0.8902121186256409,0.0038867516373029543
1,25,0.9999999403953552,0.07269349694252014,-0.05343511328101158,-2.739692211151123,0.00388438501238903
34,35,1.0,0.03912641108036041,-0.09923664480447769,-1.795329213142395,0.0038827737588557065
43,57,1.0,0.07263854146003723,0.05343511328101158,0.19260390102863312,0.003881448691484546
15,90,1.0,0.0725926086306572,-0.05343511328101158,-1.9431878328323364,0.0038789942655433063
56,87,1.0,0.07259130477905273,0.05343511328101158,2.5426461696624756,0.0038789245940851202
37,116,1.0,0.056449469178915024,-0.06870228797197342,-2.8889145851135254,0.003878207687394858
72,104,1.0,0.16933713853359222,-0.022900763899087906,-3.0548722743988037,0.0038779498289049363
16,62,1.0,0.10160019993782043,0.038167938590049744,0.1251542568206787,0.003877870191963506
33,100,1.0,0.1015908271074295,0.038167938590049744,2.3133933544158936,0.00387751245034873
94,111,1.0,0.16929590702056885,0.022900763899087906,0.2028408944606781,0.003877005595759986
5,32,1.0,0.07254870980978012,-0.05343511328101158,-2.581420421600342,0.003876648527076837
48,98,1.0,0.10156352818012238,-0.038167938590049744,-0.28204381465911865,0.0038764705065676974
27,101,1.0,0.10155502706766129,0.038167938590049744,-3.0306687355041504,0.0038761460366293354
42,89,1.0,0.10155262798070908,-0.038167938590049744,-0.34232038259506226,0.0038760544684258713
16,82,1.0,0.16911058127880096,-0.022900763899087906,-0.1944011151790619,0.003872761494703336
11,91,1.0,0.07245684415102005,-0.05343511328101158,-0.41936665773391724,0.003871739675194358
25,75,1.0,0.056283384561538696,0.06870228797197342,0.9333608150482178,0.0038667972941841544
15,77,1.0,0.07235878705978394,-0.05343511328101158,-2.125164031982422,0.0038664999834161495
7,57,1.0,0.10127583891153336,-0.038167938590049744,-1.6630959510803223,0.0038654900002311754
9,14,1.0,0.03891443461179733,0.09923664480447769,0.8829948306083679,0.0038617379253380046
5,19,1.0,0.05618784949183464,0.06870228797197342,0.3735596537590027,0.003860233816313924
50,112,1.0,0.16856248676776886,-0.022900763899087906,-0.17986780405044556,0.003860209711711804
8,12,1.0,0.07220974564552307,-0.05343511328101158,-0.8541585206985474,0.003858535938561558
21,87,1.0,0.10107660293579102,-0.038167938590049744,-0.1746615767478943,0.003857885573744113
64,65,1.0,0.10099891573190689,0.038167938590049744,0.4255661368370056,0.003854920413317031
8,13,1.0,0.05609691143035889,-0.06870228797197342,-2.8161427974700928,0.0038539861634268036
9,106,1.0,0.10095743834972382,0.038167938590049744,-0.06565960496664047,0.0038533373071409915
42,110,1.0,0.10095509886741638,0.038167938590049744,1.0734213590621948,0.003853248013923949
1,13,1.0,0.10093452036380768,-0.038167938590049744,-2.595946788787842,0.0038524625748619368
16,41,1.0,0.045828066766262054,-0.08396946638822556,-1.7494912147521973,0.003848158311966998
26,78,1.0,0.05600268393754959,0.06870228797197342,0.8738072514533997,0.0038475125190809423
41,94,1.0,0.10078036785125732,-0.038167938590049744,-1.4391705989837646,0.003846578891229413
95,105,1.0,0.07192927598953247,0.05343511328101158,0.0635172426700592,0.003843549010721814
31,65,1.0,0.10068659484386444,-0.038167938590049744,-0.4436764717102051,0.003842999768841837
26,74,1.0,0.1005922257900238,0.038167938590049744,-3.013113498687744,0.0038393978965900466
56,102,1.0,0.10056591778993607,0.038167938590049744,-0.14437487721443176,0.003838393774458271
79,108,1.0,0.05579300597310066,0.06870228797197342,0.9060586094856262,0.0038331071631859948
103,115,1.0,0.10036931186914444,0.038167938590049744,0.28216317296028137,0.003830889731747056
99,116,1.0,0.05573732778429985,-0.06870228797197342,-2.4543652534484863,0.0038292819442252435
63,64,1.0,0.05570800229907036,0.06870228797197342,0.9049901366233826,0.003827267216294089
9,64,1.0,0.1669975370168686,0.022900763899087906,-0.1420622020959854,0.0038243711669525005
6,58,1.0,0.04554349556565285,-0.08396946638822556,-2.726249933242798,0.0038242630201023864
124,126,1.0,0.03850706294178963,-0.09923664480447769,-0.8716778755187988,0.003821311727618043
4,105,1.0,0.03849555924534798,-0.09923664480447769,-2.1435697078704834,0.0038201701393803245
3,78,1.0,0.055587753653526306,-0.06870228797197342,-0.6674842238426208,0.003819005859219682
21,76,1.0,0.10000556707382202,-0.038167938590049744,-0.36897578835487366,0.0038170063427367396
60,96,1.0,0.05555715784430504,0.06870228797197342,2.6809308528900146,0.0038169038571238267
37,50,1.0,0.09976255148649216,0.038167938590049744,0.24270480871200562,0.0038077309387231084
78,116,1.0,0.099695585668087,-0.038167938590049744,-2.4974558353424072,0.003805174991478588
12,97,1.0,0.07120512425899506,-0.05343511328101158,-0.9488232731819153,0.0038048538809679067
17,48,1.0,0.16613437235355377,0.022900763899087906,0.23879683017730713,0.003804604036791892
44,93,1.0,0.07119785994291306,-0.05343511328101158,0.06714971363544464,0.003804465711415156
60,76,1.0,0.07119251787662506,0.05343511328101158,0.9509122967720032,0.0038041802574979022
41,108,1.0,0.04530340060591698,0.08396946638822556,1.213510274887085,0.003804102374450863
43,90,1.0,0.07112257927656174,0.05343511328101158,2.459955930709839,0.003800443080480803
62,96,1.0,0.07097944617271423,0.05343511328101158,0.801650881767273,0.003792794746862449
84,118,1.0,0.09924312680959702,0.038167938590049744,0.363067090511322,0.0037879055695532182
75,113,1.0,0.07088430225849152,-0.05343511328101158,-0.9262152314186096,0.0037877107210279592
20,47,1.0,0.09907323867082596,0.038167938590049744,2.7483160495758057,0.0037814212895054267
7,87,1.0,0.07075052708387375,0.05343511328101158,0.6459624171257019,0.0037805624294180717
12,65,1.0,0.054985858500003815,-0.06870228797197342,-0.7276764512062073,0.0037776542850534445
1,122,1.0,0.09893571585416794,0.038167938590049744,1.235234022140503,0.0037761723270844927
6,55,1.0,0.04494926705956459,-0.08396946638822556,-2.388857126235962,0.003774365969533483
4,112,1.0,0.07057694345712662,0.05343511328101158,1.931730031967163,0.00377128696865911
14,49,1.0,0.07053999602794647,-0.05343511328101158,-2.6380698680877686,0.0037693126785954267
28,71,1.0,0.16448436677455902,0.022900763899087906,-0.05200354754924774,0.0037668176485951554
24,105,1.0,0.05480674281716347,0.06870228797197342,1.9132977724075317,0.0037653486278306503
51,111,1.0,0.054777685552835464,-0.06870228797197342,-0.5984547734260559,0.00376335232728911
36,52,1.0,0.07042481750249863,-0.05343511328101158,-0.7285242676734924,0.0037631581010405812
16,67,1.0,0.07039432972669601,0.05343511328101158,0.591372013092041,0.0037615289832868826
43,59,1.0,0.09853000193834305,0.038167938590049744,-0.06317033618688583,0.0037606870632601597
109,115,1.0,0.07033906131982803,0.05343511328101158,1.0512189865112305,0.003758575709705031
64,85,1.0,0.07020371407270432,-0.05343511328101158,-2.3591766357421875,0.003751343414222702
86,100,1.0,0.07015806436538696,-0.05343511328101158,-1.0744637250900269,0.0037489041169409543
25,47,1.0,0.07015733420848846,-0.05343511328101158,-3.0806360244750977,0.00374886510092437
19,49,1.0,0.0701155737042427,0.05343511328101158,1.7857723236083984,0.003746633623649326
16,21,1.0,0.07010628283023834,0.05343511328101158,1.7083255052566528,0.003746137164744423
30,77,1.0,0.03773299232125282,-0.09923664480447769,-1.3388128280639648,0.0037444955563942506
39,53,0.9999999403953552,0.05445648357272148,0.06870228797197342,1.2765412330627441,0.003741284793356187
71,74,1.0,0.07000049948692322,-0.05343511328101158,-2.155503988265991,0.0037404846198111352
8,24,1.0,0.03768223151564598,-0.09923664480447769,-2.878690242767334,0.0037394582243582553
26,83,1.0,0.06991951167583466,0.05343511328101158,1.6760777235031128,0.0037361570269512367
113,121,1.0,0.09787201136350632,0.038167938590049744,2.2900354862213135,0.00373557291940696
13,51,1.0,0.09785161912441254,-0.038167938590049744,-0.38997340202331543,0.0037347945896775148
52,62,1.0,0.04446304216980934,-0.08396946638822556,-1.3042960166931152,0.003733537924996061
105,112,1.0,0.09780273586511612,-0.038167938590049744,-1.3609460592269897,0.0037329288164386076
69,90,1.0,0.0698273703455925,-0.05343511328101158,-1.5162607431411743,0.003731233444531884
110,120,1.0,0.06981461495161057,0.05343511328101158,2.630180597305298,0.0037305518586095154
74,80,1.0,0.04442216455936432,0.08396946638822556,2.3308024406433105,0.0037301054538597667
37,95,1.0,0.09769640862941742,-0.038167938590049744,-0.026106221601366997,0.00372887052503601
5,71,1.0,0.054257746785879135,-0.06870228797197342,-1.916639804840088,0.0037276313443938836
40,120,1.0,0.05423114076256752,-0.06870228797197342,-1.7881261110305786,0.00372580344971854
99,122,1.0,0.09760162234306335,0.038167938590049744,0.41053512692451477,0.003725252727879269
47,69,1.0,0.06971251219511032,-0.05343511328101158,-0.6486252546310425,0.0037250959862496213
24,117,1.0,0.04434647783637047,0.08396946638822556,0.9925075173377991,0.0037237500801172996
39,100,1.0,0.06968699395656586,0.05343511328101158,0.8398637771606445,0.003723732416282266
1,50,1.0,0.06967766582965851,-0.05343511328101158,-2.2044668197631836,0.003723233966764272
14,63,1.0,0.06964113563299179,-0.05343511328101158,-0.8693668246269226,0.0037212819715672085
7,112,1.0,0.09741955995559692,-0.038167938590049744,-2.924053430557251,0.0037183037818548925
9,102,1.0,0.06957342475652695,-0.05343511328101158,-0.7552686333656311,0.003717663833212953
2,109,1.0,0.09728697687387466,-0.038167938590049744,-0.603742241859436,0.0037132433589336378
51,88,1.0,0.09728109836578369,-0.038167938590049744,-1.1074424982070923,0.0037130189883978204
84,109,1.0,0.04418189823627472,-0.08396946638822556,-1.1947271823883057,0.003709930418918872
70,85,1.0,0.053974997252225876,-0.06870228797197342,-1.6894941329956055,0.003708205804508896
2,82,1.0,0.06937603652477264,0.05343511328101158,0.5778650045394897,0.0037071163706888233
25,38,1.0,0.05394108220934868,0.06870228797197342,1.527302622795105,0.003705875763466565
90,120,1.0,0.0441034659743309,0.08396946638822556,0.9574582576751709,0.003703344503735828
8,38,1.0,0.05384303629398346,0.06870228797197342,3.0588769912719727,0.003699139784754668
15,113,1.0,0.1612880825996399,0.022900763899087906,2.887791633605957,0.0036936202993509415
3,38,1.0,0.09674419462680817,-0.038167938590049744,2.300333261489868,0.0036925264794598345
28,90,1.0,0.096738301217556,-0.038167938590049744,-2.883943796157837,0.0036923015401774117
23,98,1.0,0.09670436382293701,-0.038167938590049744,3.078329086303711,0.003691006219783688
11,13,1.0,0.16113345324993134,-0.022900763899087906,0.06629906594753265,0.0036900791691213963
73,89,1.0,0.037184104323387146,-0.09923664480447769,-2.5834264755249023,0.0036900257531126135
73,112,1.0,0.06904608756303787,0.05343511328101158,2.303995132446289,0.0036894855105415736
42,68,1.0,0.05369173362851143,-0.06870228797197342,-1.6368904113769531,0.0036887449454604815
62,113,1.0,0.053669773042201996,-0.06870228797197342,-1.9937852621078491,0.0036872362029358174
5,106,1.0,0.06899330765008926,0.05343511328101158,0.699600338935852,0.0036866652099142028
17,30,1.0,0.05363800376653671,-0.06870228797197342,-0.9673188328742981,0.0036850535810104
79,88,1.0,0.06893914192914963,0.05343511328101158,0.28260135650634766,0.0036837708584798456
7,56,1.0,0.06888167560100555,0.05343511328101158,1.9314347505569458,0.0036807001387256233
34,86,1.0,0.05353778228163719,-0.06870228797197342,-2.63183331489563,0.0036781681356938545
22,49,1.0,0.09629907459020615,0.038167938590049744,0.7456236481666565,0.003675537165237608
55,124,1.0,0.09628419578075409,0.038167938590049744,0.7768689393997192,0.0036749692717521487
68,126,1.0,0.04372689500451088,0.08396946638822556,1.456880807876587,0.0036717240403427442
11,115,1.0,0.09619344770908356,-0.038167938590049744,-0.5296969413757324,0.0036715056049254624
99,107,1.0,0.06869451701641083,-0.05343511328101158,-0.3492591679096222,0.0036706992985562903
5,25,1.0,0.06866757571697235,-0.05343511328101158,-2.3009681701660156,0.0036692596871688576
66,83,1.0,0.09612143784761429,-0.038167938590049744,-0.6497862935066223,0.0036687571369550254
94,104,1.0,0.0959961786866188,-0.038167938590049744,-0.2867721617221832,0.0036639762529903086
47,65,1.0,0.09593205153942108,0.038167938590049744,0.3276759684085846,0.003661528651974111
13,105,1.0,0.0958952009677887,-0.038167938590049744,-0.8404253721237183,0.0036601221416190377
62,63,1.0,0.09587439149618149,0.038167938590049744,-0.09893567115068436,0.0036593278869846424
18,124,1.0,0.06842777878046036,0.05343511328101158,1.7712455987930298,0.0036564461107018997
2,120,1.0,0.1596083790063858,0.022900763899087906,-0.1081792339682579,0.00365515380394138
24,54,1.0,0.09571690112352371,0.038167938590049744,2.8971638679504395,0.0036533168041125164
93,100,1.0,0.06836236268281937,0.05343511328101158,0.8283306956291199,0.0036529505941140517
65,71,1.0,0.053112179040908813,-0.06870228797197342,-2.8257291316986084,0.0036489282192875283
13,80,1.0,0.06822071224451065,-0.05343511328101158,-0.42536213994026184,0.0036453814868967205
7,33,1.0,0.05299307033419609,-0.06870228797197342,-1.7164286375045776,0.0036407451786189815
40,59,1.0,0.15889161825180054,0.022900763899087906,0.09249814599752426,0.0036387394351284907
17,44,1.0,0.06804856657981873,-0.05343511328101158,-2.8772008419036865,0.0036361828638030724
54,104,1.0,0.09521334618330002,-0.038167938590049744,-2.980699300765991,0.0036340971500773422
12,72,1.0,0.06799355894327164,0.05343511328101158,1.3212205171585083,0.003633243524512858
13,79,1.0,0.06792832911014557,0.05343511328101158,1.3341492414474487,0.003629757960990465
54,109,1.0,0.1584370732307434,0.022900763899087906,2.9995625019073486,0.0036283300069197555
56,64,1.0,0.0678950771689415,-0.05343511328101158,-2.339038610458374,0.003627981139745412
54,95,1.0,0.1582777500152588,0.022900763899087906,3.0127058029174805,0.0036246813835782987
57,88,1.0,0.06782302260398865,-0.05343511328101158,-1.6577969789505005,0.0036241308959047425
68,115,1.0,0.06778929382562637,0.05343511328101158,2.1664774417877197,0.003622328594812124
2,38,1.0,0.15811049938201904,0.022900763899087906,0.54465252161026,0.0036208512163145024
45,104,1.0,0.09484463185071945,0.038167938590049744,0.02477158047258854,0.003620024084074136
57,70,1.0,0.09483657777309418,0.038167938590049744,0.33364686369895935,0.003619716676533935
51,57,1.0,0.09482157230377197,0.038167938590049744,-3.0152251720428467,0.0036191439487023302
9,79,1.0,0.06770092248916626,-0.05343511328101158,-2.0682027339935303,0.0036176064624375837
31,63,1.0,0.06770050525665283,-0.05343511328101158,0.11123392730951309,0.003617584167570964
52,108,1.0,0.09477251768112183,0.038167938590049744,-2.786902666091919,0.0036172716348774614
59,70,1.0,0.09475219249725342,-0.038167938590049744,-1.3891973495483398,0.0036164958645077405
15,103,1.0,0.052612628787755966,-0.06870228797197342,-0.5222036838531494,0.003614607973938949
33,91,1.0,0.052609771490097046,-0.06870228797197342,-1.214473009109497,0.0036144116710523644
39,42,1.0,0.15773965418338776,0.022900763899087906,3.0006465911865234,0.003612358577977537
15,25,1.0,0.043007656931877136,-0.08396946638822556,-2.542790651321411,0.003611330003177593
2,68,1.0,0.05254116654396057,0.06870228797197342,2.632850170135498,0.0036096983542865946
7,9,1.0,0.052515048533678055,-0.06870228797197342,-2.608323335647583,0.00360790398722291
60,90,1.0,0.06749380379915237,0.05343511328101158,2.30527400970459,0.003606539051774077
47,50,1.0,0.06745075434446335,0.05343511328101158,2.844308376312256,0.003604238699286083
18,35,1.0,0.04291447997093201,0.08396946638822556,1.1617975234985352,0.003603505983487354
4,86,1.0,0.05244796350598335,-0.06870228797197342,-3.135119676589966,0.003603295092331621
45,122,1.0,0.06735346466302872,0.05343511328101158,0.6296164989471436,0.00359904001413755
104,105,1.0,0.1571209728717804,0.022900763899087906,-3.017287492752075,0.0035981903033316387
15,69,1.0,0.09421397000551224,-0.038167938590049744,-1.0488156080245972,0.0035959530214951796
8,53,1.0,0.15696777403354645,0.022900763899087906,3.074122190475464,0.0035946819329076285
118,126,1.0,0.09413941204547882,0.038167938590049744,3.0452353954315186,0.0035931072978552248
6,70,1.0,0.09412412345409393,0.038167938590049744,0.8812775611877441,0.003592523763838118
44,74,1.0,0.052258193492889404,0.06870228797197342,-0.07004058361053467,0.0035902574582435953
55,91,1.0,0.05224202945828438,-0.06870228797197342,-0.6535325646400452,0.003589146952083372
72,75,1.0,0.0671364814043045,0.05343511328101158,0.4886643886566162,0.0035874454891275387
99,112,1.0,0.09396018087863922,0.038167938590049744,2.602623462677002,0.003586266413685868
1,16,1.0,0.06710352748632431,-0.05343511328101158,-1.1067754030227661,0.003585684592787214
39,113,1.0,0.09384609758853912,-0.038167938590049744,-3.101114273071289,0.0035819120896751766
37,120,1.0,0.09374129772186279,-0.038167938590049744,-2.597689151763916,0.003577912094799629
120,125,1.0,0.042574550956487656,0.08396946638822556,2.43629789352417,0.0035749623255345864
47,108,1.0,0.1559552699327469,0.022900763899087906,0.09015777707099915,0.0035714948155483595
10,88,1.0,0.06680046766996384,-0.05343511328101158,-1.9784349203109741,0.0035694905571690694
2,8,1.0,0.042508963495492935,0.08396946638822556,2.5796430110931396,0.003569454981433101
94,97,1.0,0.06676498055458069,-0.05343511328101158,-0.18297654390335083,0.0035675942991385545
37,115,1.0,0.09346821159124374,0.038167938590049744,0.07893051952123642,0.003567488960136367
40,121,1.0,0.04247809574007988,-0.08396946638822556,-1.7382124662399292,0.0035668630324824646
13,89,1.0,0.06670931726694107,0.05343511328101158,0.182243213057518,0.003564619925057938
48,117,1.0,0.09336238354444504,0.038167938590049744,2.3029778003692627,0.003563449721745049
2,24,1.0,0.09335087984800339,0.038167938590049744,2.8462164402008057,0.0035630106493657054
26,58,1.0,0.06662676483392715,0.05343511328101158,-3.0240390300750732,0.0035602087264482163
73,94,1.0,0.09324835240840912,0.038167938590049744,-0.05283857509493828,0.0035590973883474764
59,98,1.0,0.06655675917863846,-0.05343511328101158,-1.5393049716949463,0.0035564679663275534
29,85,0.9999999403953552,0.15529681742191315,0.022900763899087906,0.5030951499938965,0.003556415538080097
7,84,1.0,0.051759082823991776,0.06870228797197342,0.7555704116821289,0.003555967413339106
14,72,1.0,0.06647612899541855,-0.05343511328101158,-0.2554962635040283,0.0035521594833533288
90,116,1.0,0.15477928519248962,0.022900763899087906,0.009838211350142956,0.0035445638666627977
32,89,1.0,0.0928601324558258,0.038167938590049744,2.2170095443725586,0.0035442798330378444
35,82,1.0,0.05146080628037453,0.06870228797197342,2.7437262535095215,0.003535475132344229
17,18,1.0,0.15436771512031555,0.022900763899087906,-2.9933979511260986,0.0035351385976120087
12,25,1.0,0.04209807887673378,-0.08396946638822556,-1.6939692497253418,0.0035349532192487654
39,43,1.0,0.05142444744706154,0.06870228797197342,1.6653804779052734,0.003532977197307635
1,14,1.0,0.0924798771739006,0.038167938590049744,3.0303432941436768,0.0035297662727887813
42,96,1.0,0.09242865443229675,0.038167938590049744,2.785285472869873,0.0035278112063328315
52,76,1.0,0.042004261165857315,-0.08396946638822556,-2.2326457500457764,0.003527075396128704
26,49,1.0,0.0924031063914299,0.038167938590049744,0.21599380671977997,0.0035268360902779294
42,106,1.0,0.04199371859431267,-0.08396946638822556,-1.4990499019622803,0.00352619014202174
27,116,1.0,0.051312703639268875,-0.06870228797197342,-1.539055585861206,0.0035253001420455787
66,90,1.0,0.15393435955047607,-0.022900763899087906,-2.819145679473877,0.00352521442402276
21,64,1.0,0.03551814332604408,-0.09923664480447769,-1.8890362977981567,0.0035247013733611665
26,59,1.0,0.09223785996437073,-0.038167938590049744,-3.10284423828125,0.0035205289747977098
9,96,1.0,0.06587720662355423,-0.05343511328101158,0.12915483117103577,0.0035201559985662267
39,47,1.0,0.041917987167835236,-0.08396946638822556,-1.8002240657806396,0.003519831014551611
26,60,1.0,0.06586652994155884,0.05343511328101158,1.0914137363433838,0.0035195854888543376
116,118,1.0,0.06584425270557404,0.05343511328101158,2.540916919708252,0.003518395102225902
71,94,1.0,0.06581902503967285,0.05343511328101158,2.603433609008789,0.0035170470590406566
97,115,1.0,0.15357282757759094,-0.022900763899087906,-0.1859855204820633,0.0035169350656697462
60,77,1.0,0.09210469573736191,0.038167938590049744,0.29949042201042175,0.0035154463707588457
3,9,1.0,0.041839417070150375,0.08396946638822556,0.7524963021278381,0.0035132335253749425
28,42,1.0,0.05112595856189728,0.06870228797197342,0.5445570945739746,0.003512470327962647
5,15,1.0,0.153310164809227,0.022900763899087906,0.023435521870851517,0.0035109198876263625
23,113,1.0,0.09192553162574768,-0.038167938590049744,-2.801396131515503,0.003508608045949213
36,116,1.0,0.15308158099651337,0.022900763899087906,0.24147124588489532,0.0035056851437002545
64,126,1.0,0.06559010595083237,-0.05343511328101158,-1.2025117874145508,0.0035048147415962794
34,117,1.0,0.05100064352154732,-0.06870228797197342,-1.3573755025863647,0.0035038608979733044
45,90,1.0,0.15296486020088196,-0.022900763899087906,-0.0990825667977333,0.003503012148317386
31,75,1.0,0.15288683772087097,-0.022900763899087906,-0.1173439621925354,0.003501225373923833
26,88,1.0,0.1528751254081726,-0.022900763899087906,3.097658157348633,0.0035009571530160155
20,21,1.0,0.06545398384332657,-0.05343511328101158,-2.0179834365844727,0.003497541041361657
20,107,1.0,0.09159151464700699,0.038167938590049744,2.71416974067688,0.0034958593064166044
33,38,1.0,0.04162486642599106,0.08396946638822556,2.446427345275879,0.0034952178222716346
20,101,1.0,0.09152991324663162,-0.038167938590049744,-2.358983039855957,0.0034935081079500163
99,103,1.0,0.03518745303153992,-0.09923664480447769,-2.1265408992767334,0.0034918847780651685
12,103,1.0,0.05080752819776535,-0.06870228797197342,2.9946229457855225,0.0034905934333870348
51,115,1.0,0.06525937467813492,-0.05343511328101158,-1.2862706184387207,0.003487142078574118
31,88,1.0,0.06518208235502243,-0.05343511328101158,-2.5101382732391357,0.0034830119545328497
42,124,1.0,0.15189406275749207,-0.022900763899087906,-2.985217571258545,0.003478490068882567
5,49,1.0,0.04140837490558624,-0.08396946638822556,-2.7679128646850586,0.0034770391448256666
10,107,1.0,0.06506288796663284,0.05343511328101158,2.932971715927124,0.0034766427888867912
20,56,1.0,0.15173423290252686,-0.022900763899087906,0.08369514346122742,0.0034748298431099833
59,83,1.0,0.06502596288919449,-0.05343511328101158,-0.445125013589859,0.0034746696931909626
87,123,1.0,0.09100431203842163,-0.038167938590049744,-2.0597879886627197,0.0034734469933122014
11,58,1.0,0.1516386866569519,-0.022900763899087906,-0.37410736083984375,0.003472641761098627
26,124,1.0,0.05053165182471275,0.06870228797197342,-2.9996495246887207,0.0034716400953609117
21,38,1.0,0.15154297649860382,0.022900763899087906,0.013751265592873096,0.0034704499253595533
47,115,1.0,0.050505366176366806,-0.06870228797197342,-1.8350163698196411,0.0034698342111787184
91,112,1.0,0.09090396016836166,0.038167938590049744,0.012852110899984837,0.003469616769298356
120,122,1.0,0.0648338794708252,0.05343511328101158,1.481935977935791,0.0034644056939709955
1,10,1.0,0.06480900198221207,0.05343511328101158,2.609673500061035,0.003463076362548806
33,73,1.0,0.09065861999988556,-0.038167938590049744,-2.240565299987793,0.0034602526408142875
64,106,1.0,0.06465587764978409,-0.05343511328101158,0.0247793011367321,0.0034548941464994376
87,102,1.0,0.04113994166254997,-0.08396946638822556,0.5084265470504761,0.00345449894864705
19,58,1.0,0.06458843499422073,-0.05343511328101158,-2.064581871032715,0.0034512903405594375
41,53,1.0,0.09040101617574692,-0.038167938590049744,-2.4572601318359375,0.003450420433874002
19,38,1.0,0.05019991844892502,0.06870228797197342,1.6905903816223145,0.003448849253447628
19,66,1.0,0.09034193307161331,-0.038167938590049744,-0.4753401577472687,0.003448165353583721
31,111,1.0,0.09029650688171387,-0.038167938590049744,-0.21111685037612915,0.003446431529557259
22,34,1.0,0.06442417949438095,-0.05343511328101158,-2.101365804672241,0.0034425133293184695
33,51,1.0,0.06437496840953827,0.05343511328101158,2.2991719245910645,0.0034398837294252194
29,49,1.0,0.09007324278354645,0.038167938590049744,0.12391161918640137,0.003437909999169042
88,97,1.0,0.034630291163921356,0.09923664480447769,2.0685484409332275,0.003436593903709706
24,101,1.0,0.06428787112236023,-0.05343511328101158,-1.3022195100784302,0.003435229676018392
81,104,1.0,0.14982007443904877,-0.022900763899087906,2.971646308898926,0.0034309941520724307
17,78,1.0,0.049937110394239426,-0.06870228797197342,-2.544572114944458,0.003430793738793264
67,96,0.9999999403953552,0.08987288922071457,-0.038167938590049744,-2.4436264038085938,0.0034302627122269748
43,46,1.0,0.049897462129592896,-0.06870228797197342,-1.9437031745910645,0.003428069812297929
83,111,1.0,0.08979282528162003,0.038167938590049744,2.448277711868286,0.0034272070411759392
80,121,1.0,0.06411466002464294,-0.05343511328101158,-2.3677687644958496,0.0034259741213903405
6,67,1.0,0.06405170261859894,0.05343511328101158,0.6640008091926575,0.0034226099852665004
31,115,1.0,0.04981621354818344,-0.06870228797197342,-1.6834818124771118,0.0034224878488606225
68,119,1.0,0.04972345009446144,-0.06870228797197342,-2.6079113483428955,0.003416114787349739
6,93,1.0,0.1491667628288269,-0.022900763899087906,0.049120090901851654,0.003416032817134207
84,125,1.0,0.06382455676794052,-0.05343511328101158,-1.5321928262710571,0.003410472421005256
56,88,1.0,0.04959602281451225,-0.06870228797197342,-1.993299961090088,0.0034073602416671844
40,84,1.0,0.06375060230493546,-0.05343511328101158,-2.1815268993377686,0.003406520655896944
49,69,1.0,0.040564168244600296,0.08396946638822556,2.7772841453552246,0.003406151561981291
53,120,1.0,0.0891055166721344,-0.038167938590049744,-0.6405484676361084,0.0034009738883766794
75,97,1.0,0.08908945322036743,0.038167938590049744,0.11586561799049377,0.0034003607795360935
6,12,1.0,0.08903960883617401,0.038167938590049744,0.4341057240962982,0.00339845832214114
36,122,1.0,0.08903206139802933,-0.038167938590049744,2.9818239212036133,0.0033981702519855217
38,60,1.0,0.03420872613787651,-0.09923664480447769,-2.3358476161956787,0.0033947592049581032
52,79,1.0,0.08889464288949966,-0.038167938590049744,2.8011515140533447,0.0033929252707908253
115,122,1.0,0.08887878060340881,0.038167938590049744,0.6617692112922668,0.003392319840029412
21,85,1.0,0.06347744911909103,-0.05343511328101158,-1.1394810676574707,0.0033919246844682782
19,81,1.0,0.06342503428459167,0.05343511328101158,0.9039453268051147,0.0033891238918491995
92,97,1.0,0.04033544659614563,0.08396946638822556,2.1959054470062256,0.0033869459272091174
20,87,1.0,0.08867690712213516,-0.038167938590049744,-2.538799524307251,0.0033846147453931996
24,31,1.0,0.14773394167423248,0.022900763899087906,0.28880318999290466,0.0033832201181632215
50,120,1.0,0.06325323134660721,-0.05343511328101158,-0.5285437703132629,0.003379943582395989
43,95,1.0,0.08850166201591492,0.038167938590049744,2.7923898696899414,0.0033779260009407786
24,45,1.0,0.14738838374614716,-0.022900763899087906,-3.1035945415496826,0.0033753065776386815
54,60,1.0,0.06314656883478165,0.05343511328101158,0.5039543509483337,0.003374244058993753
7,12,1.0,0.06314358860254288,-0.05343511328101158,-1.0843546390533447,0.0033740848099464704
36,38,1.0,0.049071747809648514,-0.06870228797197342,-2.523653030395508,0.003371341349306528
17,88,1.0,0.08832775056362152,0.038167938590049744,0.8915993571281433,0.003371288159309538
16,27,1.0,0.08826597779989243,0.038167938590049744,2.9748034477233887,0.003368930420256988
72,102,0.9999999403953552,0.0630456730723381,-0.05343511328101158,-0.6334683299064636,0.0033688524816987407
103,117,1.0,0.0630161315202713,-0.05343511328101158,-2.485644578933716,0.0033672741263168215
12,26,1.0,0.06298839300870895,0.05343511328101158,1.454618215560913,0.003365791915809241
35,49,1.0,0.04898444935679436,0.06870228797197342,1.3898025751113892,0.003365343745859034
15,78,1.0,0.14694762229919434,0.022900763899087906,2.9953746795654297,0.0033652128038061946
4,38,1.0,0.06291458755731583,0.05343511328101158,1.1374033689498901,0.003361848113153293
10,116,1.0,0.04888713359832764,0.06870228797197342,2.4624900817871094,0.0033586579305966424
14,62,1.0,0.1466488540172577,-0.022900763899087906,-0.007468043826520443,0.0033583707819210273
9,75,1.0,0.03992330655455589,0.08396946638822556,-0.25848111510276794,0.003352338747839606
98,105,1.0,0.06266898661851883,0.05343511328101158,2.2910969257354736,0.0033487243991667526
27,119,1.0,0.0876687690615654,-0.038167938590049744,-0.5466289520263672,0.003346136193807081
62,97,1.0,0.08756966143846512,-0.038167938590049744,-0.5029247403144836,0.0033423534601347837
24,84,1.0,0.08737913519144058,-0.038167938590049744,-2.847383737564087,0.0033350814660385586
25,32,0.9999999403953552,0.062335412949323654,-0.05343511328101158,-1.6943117380142212,0.003330899653828643
56,73,1.0,0.087212935090065,-0.038167938590049744,-1.2236384153366089,0.0033287379507755954
4,60,1.0,0.048447441309690475,-0.06870228797197342,-1.106924295425415,0.003328450064363636
31,76,1.0,0.08719891309738159,-0.038167938590049744,-1.5669524669647217,0.003328202760219945
6,76,1.0,0.0870891809463501,0.038167938590049744,0.8254269957542419,0.0033240145102180207
84,124,1.0,0.14501623809337616,-0.022900763899087906,-0.007842150516808033,0.003320982630110325
26,48,1.0,0.06214357912540436,-0.05343511328101158,-3.0307581424713135,0.0033206491902534885
53,65,1.0,0.06214176118373871,0.05343511328101158,1.29277503490448,0.0033205520483346462
32,85,1.0,0.04832618683576584,0.06870228797197342,0.43240049481391907,0.0033201196045781756
5,26,1.0,0.04831954836845398,-0.06870228797197342,-2.3476128578186035,0.0033196635266852237
5,105,1.0,0.08690918236970901,-0.038167938590049744,-0.4326876103878021,0.0033171443355984875
10,106,1.0,0.0867873951792717,-0.038167938590049744,-0.36573925614356995,0.0033124959695928213
7,39,1.0,0.06197621300816536,-0.05343511328101158,-2.7458252906799316,0.0033117059628194195
46,121,1.0,0.14452870190143585,0.022900763899087906,2.610229969024658,0.0033098176788864397
18,120,1.0,0.04809543490409851,0.06870228797197342,0.6583427786827087,0.0033042664189186777
8,122,1.0,0.061829183250665665,-0.05343511328101158,-2.527156352996826,0.0033038494110717437
41,121,1.0,0.08654675632715225,0.038167938590049744,-0.560846745967865,0.0033033112806627463
97,101,1.0,0.06179792061448097,-0.05343511328101158,-2.2029199600219727,0.0033021788885657516
9,74,1.0,0.06178482249379158,-0.05343511328101158,-0.5907455682754517,0.0033014789890029456
101,125,1.0,0.08647672086954117,0.038167938590049744,-0.3027375638484955,0.0033006381716175204
4,31,1.0,0.04801194369792938,0.06870228797197342,1.868074655532837,0.003298530382029319
49,119,1.0,0.047906238585710526,-0.06870228797197342,-2.466543674468994,0.003291268198969549
1,57,1.0,0.061575278639793396,-0.05343511328101158,-2.2619593143463135,0.003290281989427213
42,50,1.0,0.14358040690422058,-0.022900763899087906,-2.8666024208068848,0.0032881009990485266
107,109,1.0,0.08604592829942703,-0.038167938590049744,-2.876783609390259,0.0032841957072563543
87,113,1.0,0.06145687401294708,-0.05343511328101158,-0.8183457255363464,0.003283955024778684
48,88,1.0,0.08602005243301392,-0.038167938590049744,-1.3799877166748047,0.003283208078776134
54,85,1.0,0.08594615012407303,0.038167938590049744,0.5177070498466492,0.0032803873799868155
73,102,1.0,0.04773722216486931,0.06870228797197342,1.817665457725525,0.0032796563841529236
10,115,1.0,0.06134103983640671,-0.05343511328101158,-0.43248164653778076,0.0032777654124334366
45,89,1.0,0.08586767315864563,-0.038167938590049744,-2.98721981048584,0.003277392075989649
90,95,1.0,0.08583226799964905,0.038167938590049744,0.33746954798698425,0.0032760407340552966
12,55,1.0,0.14304697513580322,0.022900763899087906,0.3922894597053528,0.0032758850040637277
12,89,1.0,0.08560182899236679,0.038167938590049744,2.8411660194396973,0.0032672453521765954
36,100,1.0,0.061127230525016785,0.05343511328101158,2.9915170669555664,0.003266340487658781
32,38,1.0,0.06112539395689964,0.05343511328101158,2.6252195835113525,0.003266242350433393
24,29,1.0,0.028507011011242867,-0.11450381577014923,-1.1058261394500732,0.0032641615369889687
28,65,1.0,0.061045702546834946,-0.05343511328101158,0.3238503038883209,0.0032619840309090625
29,73,1.0,0.03882865607738495,0.08396946638822556,2.146042823791504,0.0032604215313899454
22,94,1.0,0.06095447391271591,0.05343511328101158,1.1960028409957886,0.00325710921851044
74,87,1.0,0.06093452498316765,-0.05343511328101158,-1.2689138650894165,0.0032560432452001936
21,86,1.0,0.14211980998516083,0.022900763899087906,0.2305975705385208,0.003254652213853404
48,99,1.0,0.04736956208944321,0.06870228797197342,2.1122467517852783,0.003254397295775202
36,61,1.0,0.06084160506725311,-0.05343511328101158,-2.3492887020111084,0.0032510780589672383
16,97,1.0,0.047313570976257324,0.06870228797197342,2.3275411128997803,0.0032505505781932342
75,95,1.0,0.08516392111778259,0.038167938590049744,0.28246256709098816,0.0032505313113113665
70,105,1.0,0.06076434999704361,0.05343511328101158,0.5705711841583252,0.003246949925539061
15,107,1.0,0.14159390330314636,-0.022900763899087906,3.0317673683166504,0.003242608549095638
20,65,1.0,0.038591787219047546,-0.08396946638822556,-1.1719416379928589,0.0032405317797513655
5,114,1.0,0.14122512936592102,-0.022900763899087906,-0.00689033605158329,0.0032341633442271034
87,92,1.0,0.03849584981799126,0.08396946638822556,2.080773115158081,0.0032324759673779957
70,102,1.0,0.028215641155838966,-0.11450381577014923,-1.2652400732040405,0.0032307985767448255
79,106,1.0,0.14107593894004822,0.022900763899087906,0.16082586348056793,0.003230746769508186
37,38,1.0,0.04700269550085068,0.06870228797197342,-0.20217777788639069,0.0032291927217584226
34,75,1.0,0.0604204423725605,0.05343511328101158,2.3445377349853516,0.0032285731826666025
10,52,1.0,0.06038336083292961,-0.05343511328101158,-1.7423226833343506,0.0032265917263957916
21,49,1.0,0.08447232842445374,0.038167938590049744,2.4769411087036133,0.0032241346438630636
23,109,1.0,0.08442303538322449,0.038167938590049744,0.3244180679321289,0.003222253230092509
56,86,1.0,0.14067889750003815,-0.022900763899087906,-0.15165148675441742,0.0032216542172323615
21,81,1.0,0.14066052436828613,-0.022900763899087906,2.991551399230957,0.0032212334584800217
64,95,1.0,0.060252148658037186,0.05343511328101158,1.9882174730300903,0.003219580388966567
54,90,1.0,0.038334958255290985,-0.08396946638822556,-2.503654718399048,0.003218965988711686
25,109,1.0,0.08421628177165985,0.038167938590049744,-0.044065363705158234,0.003214361870943039
75,122,1.0,0.08421024680137634,0.038167938590049744,2.7116305828094482,0.003214131528567865
24,28,1.0,0.060137975960969925,-0.05343511328101158,-1.7043781280517578,0.0032134795579651793
13,84,1.0,0.06012396886944771,0.05343511328101158,1.0842043161392212,0.003212731087442952
63,124,1.0,0.03237392008304596,-0.09923664480447769,-2.922109365463257,0.003212679208209779
13,30,1.0,0.0840899795293808,0.038167938590049744,2.86055850982666,0.0032095411747159464
83,98,1.0,0.04671071842312813,0.06870228797197342,1.0046311616897583,0.003209133228483513
31,50,1.0,0.08406757563352585,-0.038167938590049744,-0.18543632328510284,0.0032086860641947768
34,122,1.0,0.05999224632978439,0.05343511328101158,2.3901686668395996,0.0032056924786143803
29,121,1.0,0.13997679948806763,0.022900763899087906,-0.13606463372707367,0.0032055756364262056
74,78,1.0,0.1399610936641693,0.022900763899087906,-0.13581731915473938,0.0032052159610612696
94,118,1.0,0.05996037274599075,0.05343511328101158,2.8817522525787354,0.0032039893100536954
6,116,1.0,0.05991695448756218,-0.05343511328101158,-2.9138987064361572,0.0032016692504961003
33,95,1.0,0.059884387999773026,0.05343511328101158,1.5883914232254028,0.003199929056531922
1,66,1.0,0.08383302390575409,0.038167938590049744,0.6699099540710449,0.003199733708252994
15,29,1.0,0.08380556106567383,0.038167938590049744,2.731417179107666,0.0031986855082593024
16,84,1.0,0.059848446398973465,-0.05343511328101158,-2.372030735015869,0.0031980085130216968
89,112,1.0,0.08377523720264435,0.038167938590049744,1.8408498764038086,0.00319752810891738
117,126,1.0,0.0380726084113121,-0.08396946638822556,-1.1029659509658813,0.0031969366123057452
31,54,1.0,0.027917582541704178,0.11450381577014923,1.2478396892547607,0.0031966697281032297
4,30,1.0,0.08370725065469742,0.038167938590049744,0.11682355403900146,0.0031949332025303923
71,92,1.0,0.13933683931827545,-0.022900763899087906,2.9030096530914307,0.0031909200596729748
87,106,1.0,0.046440113335847855,-0.06870228797197342,2.8418333530426025,0.0031905420398505024
19,92,1.0,0.059683069586753845,0.05343511328101158,1.44061279296875,0.003189171584326689
10,35,1.0,0.046389177441596985,0.06870228797197342,1.4107062816619873,0.003187042627375569
46,68,1.0,0.13912351429462433,-0.022900763899087906,-3.0029520988464355,0.003186034753672573
26,51,1.0,0.04635058343410492,0.06870228797197342,2.829460859298706,0.003184391130758857
8,108,1.0,0.059518612921237946,0.05343511328101158,2.229351758956909,0.0031803838237750293
56,79,1.0,0.05950218439102173,0.05343511328101158,3.0390684604644775,0.003179505963401885
52,110,1.0,0.059389397501945496,-0.05343511328101158,-1.6806254386901855,0.003173479183207484
88,94,1.0,0.05934245139360428,0.05343511328101158,1.450779914855957,0.003170970612590168
69,75,1.0,0.046152565628290176,-0.06870228797197342,-1.128638505935669,0.003170786854440194
61,95,1.0,0.04613041132688522,-0.06870228797197342,-2.0857555866241455,0.003169264803245253
10,58,1.0,0.08297218382358551,0.038167938590049744,1.4237909317016602,0.0031668772168609305
5,33,1.0,0.027647173032164574,-0.11450381577014923,-2.361480951309204,0.0031657068074404104
58,126,1.0,0.08288758993148804,-0.038167938590049744,-2.2661619186401367,0.003163648442382261
13,92,1.0,0.08283005654811859,0.038167938590049744,2.4427876472473145,0.003161452511738938
59,109,1.0,0.13793767988681793,0.022900763899087906,0.23473484814167023,0.003158878239875984
99,110,1.0,0.03757746145129204,0.08396946638822556,1.4020580053329468,0.0031553593862891083
114,121,1.0,0.13760241866111755,-0.022900763899087906,2.8352763652801514,0.003151200501701701
48,51,1.0,0.05897238850593567,0.05343511328101158,1.3751572370529175,0.003151196260266498
9,35,1.0,0.08255480974912643,-0.038167938590049744,0.2464532107114792,0.0031509469088178976
17,111,1.0,0.08253873884677887,0.038167938590049744,2.933500289916992,0.003150333515604009
101,109,1.0,0.05891275778412819,-0.05343511328101158,-2.133455991744995,0.0031480098858916866
60,61,1.0,0.0588977187871933,-0.05343511328101158,-1.584364652633667,0.003147206275386838
78,96,1.0,0.058877140283584595,-0.05343511328101158,-2.836557626724243,0.003146106660715353
32,87,1.0,0.08232202380895615,-0.038167938590049744,-0.21842427551746368,0.003142061949348851
43,123,1.0,0.03741278126835823,-0.08396946638822556,-1.682412028312683,0.003141531279203441
59,75,1.0,0.05872533842921257,0.05343511328101158,1.3302123546600342,0.0031379951114307164
49,86,1.0,0.03736242651939392,0.08396946638822556,1.0382494926452637,0.003137303017802795
48,61,1.0,0.04565946012735367,0.06870228797197342,1.9259554147720337,0.00313690937831429
96,118,1.0,0.08209647238254547,0.038167938590049744,-1.8695627450942993,0.0031334531163567103
46,73,1.0,0.08208797872066498,-0.038167938590049744,-1.8372174501419067,0.003133128930791651
46,97,1.0,0.08208562433719635,-0.038167938590049744,-0.007370518054813147,0.003133039068828003
41,103,1.0,0.08204847574234009,-0.038167938590049744,-2.142141819000244,0.0031316211835408225
28,57,1.0,0.05855662375688553,0.05343511328101158,2.5275535583496094,0.003128979823802752
2,125,1.0,0.05854644253849983,-0.05343511328101158,-2.7351865768432617,0.003128435789244974
71,99,1.0,0.05854061618447304,0.05343511328101158,1.3740167617797852,0.0031281244573575367
60,91,1.0,0.04546301066875458,-0.06870228797197342,-0.2642550766468048,0.003123412851037677
92,118,1.0,0.037175774574279785,0.08396946638822556,1.483145833015442,0.0031216299535712366
111,116,1.0,0.13621200621128082,0.022900763899087906,0.1976098269224167,0.0031193589944656375
96,108,1.0,0.08171239495277405,-0.038167938590049744,-3.0510096549987793,0.0031187936726033705
46,120,1.0,0.08165997266769409,-0.038167938590049744,-2.026052236557007,0.0031167928220456886
92,102,1.0,0.08149540424346924,0.038167938590049744,0.3326573371887207,0.003110511584536013
45,79,1.0,0.058203890919685364,-0.05343511328101158,-0.5920162796974182,0.0031101315046890288
68,109,1.0,0.08125481009483337,-0.038167938590049744,-0.9304819107055664,0.003101328601845754
44,51,1.0,0.1353709101676941,-0.022900763899087906,-0.2461097091436386,0.003100097252555001
17,28,1.0,0.08120223879814148,0.038167938590049744,-0.00212861318141222,0.0030993220638220187
46,69,1.0,0.058000385761260986,-0.05343511328101158,-0.761855959892273,0.003099257183495352
80,108,1.0,0.05789444223046303,-0.05343511328101158,-0.9137495160102844,0.0030935960789257727
65,101,1.0,0.13506387174129486,-0.022900763899087906,-0.23323754966259003,0.0030930658380440845
63,91,1.0,0.13504581153392792,0.022900763899087906,-0.07460116595029831,0.0030926522454992056
65,117,1.0,0.08097542077302933,-0.038167938590049744,-0.20875848829746246,0.0030906648873684217
4,120,1.0,0.08089389652013779,0.038167938590049744,0.5201209187507629,0.0030875532746904577
14,65,1.0,0.08088359236717224,0.038167938590049744,2.214379072189331,0.0030871599864128463
30,39,1.0,0.057741306722164154,0.05343511328101158,0.8972477912902832,0.003085413265692477
47,72,1.0,0.08079437911510468,-0.038167938590049744,-2.81939697265625,0.003083754900486513
86,124,1.0,0.08079013973474503,0.038167938590049744,-3.063568353652954,0.003083593092077286
76,85,1.0,0.05769001692533493,0.05343511328101158,1.3953014612197876,0.0030826725895887475
3,44,1.0,0.031032981351017952,0.09923664480447769,2.8432531356811523,0.0030796089475549487
36,70,1.0,0.0576203316450119,0.05343511328101158,2.545198440551758,0.0030789489487406674
16,125,1.0,0.057549264281988144,0.05343511328101158,0.9571936726570129,0.00307515145614691
95,115,1.0,0.05753577873110771,-0.05343511328101158,-0.6726430058479309,0.0030744308542079574
27,125,1.0,0.04466770216822624,0.06870228797197342,1.5829015970230103,0.0030687733374078208
1,34,1.0,0.04458693414926529,0.06870228797197342,1.541472315788269,0.0030632243897102396
19,72,1.0,0.08017771691083908,-0.038167938590049744,-2.8571150302886963,0.003060218175343299
29,99,1.0,0.13360051810741425,-0.022900763899087906,-0.34596219658851624,0.0030595539219737122
39,123,1.0,0.057162120938301086,-0.05343511328101158,-1.815179467201233,0.0030544644077210026
15,94,1.0,0.08001742511987686,0.038167938590049744,0.08229774981737137,0.003054100168109364
31,109,1.0,0.05712028965353966,0.05343511328101158,1.7027925252914429,0.0030522291482810854
13,37,1.0,0.0799393281340599,0.038167938590049744,2.7237377166748047,0.0030511193671506343
75,77,1.0,0.057090695947408676,-0.05343511328101158,-0.9784484505653381,0.0030506478052415714
25,115,1.0,0.1330862194299698,0.022900763899087906,0.09108638763427734,0.0030477760893879435
4,82,1.0,0.03627432882785797,-0.08396946638822556,-2.543875217437744,0.0030459360352662612
38,51,1.0,0.04431025683879852,-0.06870228797197342,-2.2060272693634033,0.0030442160254512407
57,74,1.0,0.02345467545092106,-0.12977099418640137,-2.0311238765716553,0.0030437365515854076
98,103,1.0,0.05693066120147705,-0.05343511328101158,-2.940155267715454,0.003042096330463817
35,60,1.0,0.04424406215548515,0.06870228797197342,0.7657716274261475,0.003039668299256032
58,116,1.0,0.05687546730041504,-0.05343511328101158,-1.8649266958236694,0.0030391470381081476
5,50,1.0,0.07961644977331161,0.038167938590049744,0.9474826455116272,0.0030387957657055376
54,66,1.0,0.05684710666537285,0.05343511328101158,-2.664795398712158,0.0030376315843619467
84,106,1.0,0.07946871966123581,-0.038167938590049744,-1.1508029699325562,0.003033157211859927
6,20,1.0,0.03609693795442581,0.08396946638822556,2.442431926727295,0.0030310406182820215
20,109,1.0,0.05669483169913292,-0.05343511328101158,-1.1207668781280518,0.003029494754291054
108,120,1.0,0.07935384660959244,0.038167938590049744,3.0592570304870605,0.0030287727442791512
41,109,1.0,0.05667085200548172,-0.05343511328101158,-1.9664621353149414,0.003028213396644358
38,49,1.0,0.05664343386888504,-0.05343511328101158,-0.9928371906280518,0.0030267483054093602
53,108,1.0,0.056605204939842224,-0.05343511328101158,-0.9237414002418518,0.0030247055382553456
58,78,1.0,0.04402032122015953,0.06870228797197342,0.14647790789604187,0.0030242967850861724
34,66,1.0,0.13170857727527618,0.022900763899087906,-0.22863969206809998,0.0030162270316658746
4,107,1.0,0.05640972778201103,-0.05343511328101158,-0.835114598274231,0.0030142601941827857
26,64,1.0,0.0789315328001976,0.038167938590049744,0.19462932646274567,0.003012653896736439
89,121,1.0,0.07884735614061356,0.038167938590049744,0.5495656132698059,0.0030094410471627198
66,116,1.0,0.07882510870695114,0.038167938590049744,1.8005832433700562,0.0030085919084809065
25,54,1.0,0.05623603239655495,-0.05343511328101158,0.0614338181912899,0.003004978761584551
27,43,1.0,0.04371439293026924,0.06870228797197342,1.8213083744049072,0.0030032788116153564
82,109,1.0,0.13102760910987854,0.022900763899087906,-2.8568549156188965,0.003000632340487308
26,33,1.0,0.1310167908668518,0.022900763899087906,-0.14376437664031982,0.00300038459445795
15,63,1.0,0.05612674355506897,0.05343511328101158,0.25833556056022644,0.002999138899959397
3,28,1.0,0.0561213456094265,0.05343511328101158,-2.925952672958374,0.002998850460122507
62,88,1.0,0.03570602834224701,-0.08396946638822556,-2.332062244415283,0.0029982161467413393
27,79,1.0,0.07819873094558716,0.038167938590049744,0.09923219680786133,0.002984684360550993
12,91,1.0,0.0558529831469059,-0.05343511328101158,-1.2611674070358276,0.0029845104815373474
100,125,1.0,0.05577109754085541,-0.05343511328101158,-0.7108543515205383,0.002980134914901955
49,87,1.0,0.0354744978249073,0.08396946638822556,1.9758896827697754,0.0029787746527477343
8,117,1.0,0.07801619917154312,-0.038167938590049744,-2.7321457862854004,0.0029777174990085475
2,30,1.0,0.025985265150666237,0.11450381577014923,1.7070505619049072,0.002975412013550366
27,90,1.0,0.03543310984969139,-0.08396946638822556,-1.9515740871429443,0.002975299326553965
45,69,1.0,0.07785028219223022,-0.038167938590049744,-0.664575457572937,0.0029713847899310863
44,62,1.0,0.1296040117740631,-0.022900763899087906,-2.7153892517089844,0.0029680308740124284
4,9,1.0,0.04316313564777374,-0.06870228797197342,-2.9837284088134766,0.002965406175046703
88,116,1.0,0.12947697937488556,0.022900763899087906,2.669128656387329,0.0029651217350313286
37,83,1.0,0.03529536724090576,0.08396946638822556,2.4786839485168457,0.0029637331531953137
79,103,1.0,0.05543392151594162,-0.05343511328101158,-0.8771741986274719,0.0029621178758150457
103,106,1.0,0.043096527457237244,0.06870228797197342,0.37375226616859436,0.0029608300399591725
70,110,1.0,0.05538943409919739,0.05343511328101158,2.758833646774292,0.002959740685661738
27,61,1.0,0.1291879117488861,-0.022900763899087906,-0.06481082737445831,0.0029585018655774453
15,41,1.0,0.029810409992933273,-0.09923664480447769,-1.118086576461792,0.0029582850679445716
59,118,1.0,0.12914474308490753,0.022900763899087906,0.5059447288513184,0.002957513270195833
50,78,1.0,0.035213109105825424,-0.08396946638822556,-0.9188491702079773,0.002956825981486527
35,92,1.0,0.05532721057534218,-0.05343511328101158,-1.0593295097351074,0.0029564157646157913
39,108,1.0,0.0774269700050354,0.038167938590049744,3.0185985565185547,0.0029552278363658147
10,110,1.0,0.07742052525281906,0.038167938590049744,0.7460000514984131,0.0029549818534589933
41,86,1.0,0.0773649662733078,-0.038167938590049744,-2.7637135982513428,0.0029528612817408817
83,106,1.0,0.12887237966060638,0.022900763899087906,-2.6628825664520264,0.002951275939721165
38,47,1.0,0.0773170217871666,0.038167938590049744,0.6462042927742004,0.0029510313395381127
61,123,1.0,0.07731515914201736,0.038167938590049744,0.3293934166431427,0.002950960246212442
38,92,1.0,0.12884806096553802,-0.022900763899087906,0.16161185503005981,0.002950719023027071
66,80,1.0,0.0772966593503952,-0.038167938590049744,-0.05735429748892784,0.0029502541473018784
33,76,1.0,0.055205270648002625,-0.05343511328101158,-2.2413787841796875,0.002949899890784924
65,105,1.0,0.12876208126544952,-0.022900763899087906,-0.13508886098861694,0.0029487500222152296
33,99,1.0,0.04291025921702385,0.06870228797197342,2.135833978652954,0.002948032985679999
24,62,1.0,0.03504227101802826,-0.08396946638822556,-2.9987735748291016,0.0029424807984154144
9,10,1.0,0.12835463881492615,0.022900763899087906,0.029046345502138138,0.002939419278853328
8,40,1.0,0.07700585573911667,-0.038167938590049744,-0.04603404179215431,0.0029391547729248346
70,123,1.0,0.05496300384402275,0.05343511328101158,0.39206045866012573,0.0029369543366700307
13,70,1.0,0.0769248828291893,0.038167938590049744,2.138599157333374,0.002936064203871269
24,60,1.0,0.03494786098599434,-0.08396946638822556,-2.218005657196045,0.002934553238403831
32,77,0.9999999403953552,0.07682648301124573,0.038167938590049744,0.2047892063856125,0.002932308310883521
57,71,1.0,0.07668749988079071,0.038167938590049744,2.8675918579101562,0.002927003786074467
16,45,1.0,0.0425475649535656,-0.06870228797197342,-3.096771001815796,0.0029231150599461075
8,97,1.0,0.07657475024461746,-0.038167938590049744,-1.454247236251831,0.002922700364884956
41,91,1.0,0.05466441437602043,-0.05343511328101158,-1.435317039489746,0.0029209991746228098
60,116,1.0,0.05464973300695419,-0.05343511328101158,2.9337754249572754,0.002920214674003635
7,102,1.0,0.07646443694829941,-0.038167938590049744,-2.4285624027252197,0.0029184899337654224
39,83,1.0,0.07645717263221741,0.038167938590049744,2.8096306324005127,0.002918212669795306
38,86,1.0,0.05461115762591362,0.05343511328101158,1.3448461294174194,0.0029181533941478738
51,61,1.0,0.04246891662478447,-0.06870228797197342,-2.3920226097106934,0.002917711739813672
22,29,1.0,0.07644375413656235,0.038167938590049744,0.4020959138870239,0.0029177005134771727
23,37,1.0,0.12732993066310883,-0.022900763899087906,2.4926862716674805,0.0029159526794030888
51,83,1.0,0.05455584451556206,-0.05343511328101158,-0.33819839358329773,0.002915197731830313
120,123,1.0,0.025458088144659996,-0.11450381577014923,-1.2242324352264404,0.0029150482347763684
87,93,1.0,0.07634550333023071,-0.038167938590049744,-0.48339006304740906,0.002913950482734684
5,78,1.0,0.042382802814245224,-0.06870228797197342,-1.9927629232406616,0.002911795524003641
40,62,1.0,0.07628274708986282,-0.038167938590049744,-0.2564694583415985,0.00291155520640618
13,25,1.0,0.05446464568376541,0.05343511328101158,1.815149188041687,0.0029103245119221632
40,99,1.0,0.07623524218797684,0.038167938590049744,0.4964367151260376,0.0029097420422282694
24,71,1.0,0.12704604864120483,-0.022900763899087906,-2.6063435077667236,0.0029094515642442698
104,123,1.0,0.0762099102139473,-0.038167938590049744,3.068326950073242,0.002908775172999145
16,55,1.0,0.07615086436271667,0.038167938590049744,1.1644819974899292,0.0029065215145753776
10,44,1.0,0.12684674561023712,-0.022900763899087906,-0.06208090856671333,0.0029048873725877056
56,99,1.0,0.12665262818336487,-0.022900763899087906,-0.2029898762702942,0.0029004419352262056
1,96,1.0,0.07598984986543655,0.038167938590049744,2.810765266418457,0.002900375923131082
10,94,1.0,0.07598328590393066,0.038167938590049744,0.3868761956691742,0.002900125390251418
22,126,1.0,0.12660787999629974,-0.022900763899087906,2.980081796646118,0.002899417167559315
6,85,0.9999999403953552,0.07588022202253342,0.038167938590049744,0.12969523668289185,0.002896191481728921
57,118,1.0,0.12645263969898224,-0.022900763899087906,-3.098026990890503,0.0028958620461628226
42,70,1.0,0.04214929789304733,0.06870228797197342,0.6706854701042175,0.0028957532016646303
54,97,1.0,0.07583180069923401,0.038167938590049744,0.6319718956947327,0.002894343512261255
65,67,1.0,0.126337930560112,-0.022900763899087906,0.39534175395965576,0.0028932351192564876
57,111,1.0,0.0541352741420269,-0.05343511328101158,2.5731310844421387,0.0028927245062778245
71,117,1.0,0.07575817406177521,-0.038167938590049744,-1.1586120128631592,0.0028915333352841355
11,97,1.0,0.07575588673353195,0.038167938590049744,2.8382034301757812,0.0028914460326802116
74,77,1.0,0.042084626853466034,0.06870228797197342,1.0126827955245972,0.002891310153279869
7,125,1.0,0.05409060791134834,0.05343511328101158,2.8617327213287354,0.00289033776118168
5,22,1.0,0.0757029578089714,0.038167938590049744,2.3804268836975098,0.0028894258447379473
42,74,1.0,0.07566088438034058,-0.038167938590049744,-2.46467924118042,0.002887819988697693
56,120,1.0,0.12606866657733917,-0.022900763899087906,-0.33578500151634216,0.002887068768360479
48,50,1.0,0.05401744320988655,-0.05343511328101158,-2.2683889865875244,0.0028864281970708977
7,32,1.0,0.07553400099277496,-0.038167938590049744,-1.808695912361145,0.002882977111352991
38,81,1.0,0.053893160074949265,-0.05343511328101158,-2.34955096244812,0.0028797871136766046
52,89,1.0,0.12566423416137695,0.022900763899087906,-2.9578778743743896,0.0028778069570893905
15,16,1.0,0.07536067068576813,0.038167938590049744,0.6651970148086548,0.00287636145083936
12,111,1.0,0.07527994364500046,-0.038167938590049744,-0.031646691262722015,0.002873280266104783
1,63,1.0,0.053747229278087616,0.05343511328101158,0.48791229724884033,0.002871989285015114
9,77,1.0,0.12540896236896515,0.022900763899087906,3.092646598815918,0.002871961038041271
47,121,1.0,0.12526534497737885,-0.022900763899087906,0.00575445918366313,0.00286867209006475
14,59,1.0,0.07510159909725189,-0.038167938590049744,2.8789806365966797,0.0028664732223584455
105,111,1.0,0.034125715494155884,-0.08396946638822556,-2.8967552185058594,0.0028655181201606705
119,120,1.0,0.04170757159590721,0.06870228797197342,3.0588619709014893,0.0028654055943937162
14,95,1.0,0.07507124543190002,-0.038167938590049744,-1.9986753463745117,0.0028653146855233125
21,55,1.0,0.12510183453559875,0.022900763899087906,2.842071056365967,0.0028649275760425086
87,88,1.0,0.04167861491441727,0.06870228797197342,2.4329211711883545,0.0028634162041232814
51,52,1.0,0.12489540129899979,-0.022900763899087906,-2.527137279510498,0.002860200097230231
6,21,1.0,0.034060038626194,0.08396946638822556,2.7034709453582764,0.0028600032686038612
54,108,1.0,0.04159598797559738,0.06870228797197342,1.940401315689087,0.002857739544378235
8,59,1.0,0.1247575655579567,-0.022900763899087906,-0.07334517687559128,0.0028570435534677474
43,75,1.0,0.12467397004365921,-0.022900763899087906,-3.044980525970459,0.002855129152331798
49,91,1.0,0.0747520700097084,-0.038167938590049744,-0.17036223411560059,0.0028531324176096495
20,74,1.0,0.07472826540470123,-0.038167938590049744,0.29216867685317993,0.0028522238449075754
15,53,1.0,0.04147733375430107,0.06870228797197342,2.0230634212493896,0.0028495877278976456
7,114,1.0,0.041463397443294525,-0.06870228797197342,-1.2480498552322388,0.002848630271445607
41,95,1.0,0.05328995734453201,-0.05343511328101158,-2.7723634243011475,0.0028475549074453432
25,98,1.0,0.02869383804500103,0.09923664480447769,1.688430905342102,0.002847480214148976
10,67,1.0,0.12432189285755157,-0.022900763899087906,0.12400311231613159,0.0028470663158184917
51,121,1.0,0.04143637418746948,0.06870228797197342,2.3792192935943604,0.0028467737119419745
42,121,1.0,0.07455722242593765,-0.038167938590049744,-0.3310927748680115,0.002845695486997868
97,103,1.0,0.07454680651426315,-0.038167938590049744,-0.986402153968811,0.002845297933120716
49,97,1.0,0.07454193383455276,-0.038167938590049744,-2.333405017852783,0.002845111952980761
24,96,1.0,0.12419211119413376,-0.022900763899087906,0.3852544128894806,0.0028440942165861294
68,86,1.0,0.05319170281291008,0.05343511328101158,1.0322247743606567,0.0028423046654177525
70,90,1.0,0.05318432301282883,-0.05343511328101158,-0.6399024724960327,0.0028419103249644195
61,92,1.0,0.12398708611726761,0.022900763899087906,0.32348424196243286,0.0028393989857074253
30,111,1.0,0.03373398259282112,0.08396946638822556,2.5071260929107666,0.002832624517468879
24,83,1.0,0.04122880846261978,-0.06870228797197342,-0.8172103762626648,0.002832513471740239
17,104,1.0,0.04122622683644295,0.06870228797197342,1.5816296339035034,0.002832336108115202
70,75,1.0,0.07420168817043304,-0.038167938590049744,-0.7726808190345764,0.002832125477367109
38,77,1.0,0.12360206991434097,0.022900763899087906,0.031060896813869476,0.002830581820546879
26,80,1.0,0.0741533488035202,-0.038167938590049744,-2.944666624069214,0.0028302804633792977
17,52,1.0,0.0529501773416996,0.05343511328101158,2.142198324203491,0.002829398724503371
38,96,1.0,0.04117888584733009,-0.06870228797197342,-2.499695301055908,0.0028290836738482927
90,121,1.0,0.052933648228645325,-0.05343511328101158,-1.8973932266235352,0.002828515489474881
9,18,1.0,0.07402209937572479,-0.038167938590049744,-0.1011970117688179,0.0028252709432792233
3,91,1.0,0.03363247588276863,0.08396946638822556,0.20839674770832062,0.002824101053190947
54,120,1.0,0.04109068959951401,0.06870228797197342,0.7765305042266846,0.0028230243898327845
5,24,1.0,0.052744291722774506,-0.05343511328101158,-2.028233051300049,0.002818397203133177
1,3,1.0,0.07379262149333954,-0.038167938590049744,-1.0916317701339722,0.0028165122455565683
29,120,1.0,0.033535584807395935,-0.08396946638822556,-2.1477177143096924,0.0028159651612941206
84,87,1.0,0.12291138619184494,-0.022900763899087906,-2.8583171367645264,0.0028147646356890543
15,64,1.0,0.07371259480714798,0.038167938590049744,2.707606315612793,0.0028134577919124437
92,111,1.0,0.12275832891464233,-0.022900763899087906,-0.17832012474536896,0.0028112595071208
97,123,1.0,0.05259713903069496,0.05343511328101158,3.005031108856201,0.002810534082362301
28,102,1.0,0.05256645381450653,0.05343511328101158,0.5247144103050232,0.00280889441435922
16,40,1.0,0.0525374598801136,-0.05343511328101158,-2.1322154998779297,0.0028073451201904714
20,28,1.0,0.040855877101421356,0.06870228797197342,1.0788288116455078,0.0028068922339694047
39,78,1.0,0.0524563267827034,0.05343511328101158,0.12324884533882141,0.002803009763939518
59,101,1.0,0.07335589081048965,0.038167938590049744,0.22060154378414154,0.0027998431356731635
13,60,1.0,0.05232219025492668,0.05343511328101158,2.7366974353790283,0.0027958421633826475
41,102,1.0,0.1220158189535141,-0.022900763899087906,-0.16813862323760986,0.0027942554618082815
26,81,1.0,0.052284397184848785,0.05343511328101158,2.9997901916503906,0.002793822686401798
48,91,1.0,0.05221642553806305,-0.05343511328101158,-2.0408027172088623,0.002790190613755905
50,116,1.0,0.052176084369421005,-0.05343511328101158,-1.6607191562652588,0.002788034978839629
59,79,1.0,0.12166230380535126,0.022900763899087906,0.32535672187805176,0.0027861596948654532
85,86,1.0,0.12156940996646881,-0.022900763899087906,-0.09512617439031601,0.0027840323549935264
61,75,1.0,0.05209197476506233,-0.05343511328101158,-0.8721573948860168,0.0027835405726027024
46,85,1.0,0.052050936967134476,0.05343511328101158,0.7071282863616943,0.002781347713221624
41,65,1.0,0.07286201417446136,0.038167938590049744,2.7985055446624756,0.0027809928825581753
4,124,1.0,0.12136373668909073,-0.022900763899087906,3.0532138347625732,0.0027793222798279393
23,112,1.0,0.040443602949380875,0.06870228797197342,0.9806480407714844,0.0027785680564525184
70,78,1.0,0.07273871451616287,0.038167938590049744,2.3963658809661865,0.0027762867887720644
53,90,1.0,0.04040437936782837,-0.06870228797197342,-2.310511827468872,0.002775873306657406
5,63,1.0,0.12116198986768723,-0.022900763899087906,-2.68518328666687,0.0027747021235035862
21,94,1.0,0.05190616846084595,0.05343511328101158,1.940688133239746,0.0027736119916885738
86,113,1.0,0.12103559821844101,0.022900763899087906,2.9622151851654053,0.0027718076581853823
18,51,1.0,0.07260674983263016,-0.038167938590049744,-2.981048583984375,0.0027712499688349324
42,85,1.0,0.07257834821939468,-0.038167938590049744,-2.3313939571380615,0.0027701659378051025
95,96,1.0,0.051779892295598984,0.05343511328101158,1.3016221523284912,0.0027668644104939105
47,126,1.0,0.12077312171459198,0.022900763899087906,2.9881651401519775,0.0027657967457416777
20,77,1.0,0.07245741039514542,0.038167938590049744,0.3743644654750824,0.002765549990355942
53,68,1.0,0.12074809521436691,-0.022900763899087906,-2.071134328842163,0.002765223619768803
32,33,1.0,0.12074679136276245,0.022900763899087906,2.683598041534424,0.0027651937605710497
58,95,1.0,0.12069099396467209,-0.022900763899087906,-0.2869812548160553,0.002763915957531199
19,39,1.0,0.05171860009431839,-0.05343511328101158,-0.3911873698234558,0.0027635892547752394
20,98,1.0,0.12059983611106873,-0.022900763899087906,-0.15446831285953522,0.0027618283730482807
9,126,1.0,0.04019800201058388,0.06870228797197342,0.9952608942985535,0.0027616947100291
68,69,1.0,0.05157623440027237,-0.05343511328101158,-0.8262960910797119,0.0027559819277865605
61,114,1.0,0.05155695229768753,0.05343511328101158,-0.19707244634628296,0.0027549515864506435
31,86,1.0,0.07213886827230453,-0.038167938590049744,-0.6270909905433655,0.0027533918941730073
91,117,1.0,0.07202883809804916,0.038167938590049744,0.489871621131897,0.002749192269238976
27,42,1.0,0.0719708576798439,0.038167938590049744,1.9744246006011963,0.002746979276197492
59,103,1.0,0.11990436166524887,0.022900763899087906,0.2161167860031128,0.002745901476966711
23,65,1.0,0.07186415046453476,0.038167938590049744,0.02127082087099552,0.0027429064817564575
35,108,1.0,0.05132964625954628,-0.05343511328101158,-0.038618896156549454,0.002742805462553108
40,90,1.0,0.1196712926030159,-0.022900763899087906,-3.1170058250427246,0.002740564017400332
37,76,1.0,0.07176052033901215,-0.038167938590049744,-1.0483735799789429,0.002738951133489431
4,111,1.0,0.07175768911838531,0.038167938590049744,1.6339473724365234,0.0027388430716344114
79,124,1.0,0.11953850090503693,-0.022900763899087906,0.17887133359909058,0.0027375229860771566
25,55,1.0,0.07172118127346039,-0.038167938590049744,-0.7760732769966125,0.0027374496424512618
71,103,1.0,0.07164772599935532,-0.038167938590049744,-1.447567343711853,0.002734646006060104
84,114,1.0,0.07162889838218689,-0.038167938590049744,-1.238620638847351,0.0027339273947242226
50,69,1.0,0.05111074820160866,-0.05343511328101158,-0.9580205082893372,0.0027311086200302176
28,114,1.0,0.11924782395362854,-0.022900763899087906,-3.0953269004821777,0.0027308662618420465
83,90,1.0,0.07148972153663635,-0.038167938590049744,-1.259536623954773,0.002728615301430093
75,78,1.0,0.07141594588756561,-0.038167938590049744,-0.6039281487464905,0.00272579943698692
68,121,1.0,0.07140757143497467,-0.038167938590049744,-2.5636730194091797,0.0027254798013947035
31,126,1.0,0.07124583423137665,-0.038167938590049744,-2.777312755584717,0.0027193066257400478
53,102,1.0,0.05088566243648529,-0.05343511328101158,-1.8463914394378662,0.0027190811366729073
43,120,1.0,0.03946344181895256,0.06870228797197342,0.41670265793800354,0.0027112287442108973
2,42,1.0,0.05064714699983597,-0.05343511328101158,-2.093329906463623,0.002706336037296281
29,59,1.0,0.039356838911771774,-0.06870228797197342,-0.4292694926261902,0.0027039048805831134
71,121,1.0,0.07077135145664215,0.038167938590049744,-2.6197280883789062,0.002701196596331945
21,121,1.0,0.11780483275651932,0.022900763899087906,2.9007279872894287,0.002697820661128586
21,56,1.0,0.07067711651325226,0.038167938590049744,-0.07440875470638275,0.002697599842799603
37,103,1.0,0.03925970196723938,-0.06870228797197342,-2.585416793823242,0.0026972313502471312
8,32,1.0,0.0706387311220169,0.038167938590049744,3.063389539718628,0.002696134751544177
32,36,1.0,0.039241790771484375,0.06870228797197342,2.800652265548706,0.0026960008101184485
47,125,1.0,0.1175667941570282,-0.022900763899087906,-3.0825655460357666,0.0026923693953627703
70,126,1.0,0.050367653369903564,-0.05343511328101158,-2.3024098873138428,0.0026914012635195217
9,44,1.0,0.03915620222687721,0.06870228797197342,0.7414711117744446,0.002690120681279745
30,88,1.0,0.03912784531712532,-0.06870228797197342,-1.9792929887771606,0.0026881724966999754
61,87,1.0,0.05029800534248352,-0.05343511328101158,-1.41802179813385,0.0026876796132845326
30,94,1.0,0.07034199684858322,0.038167938590049744,1.435394287109375,0.002684809016018197
33,35,1.0,0.05021345615386963,-0.05343511328101158,-0.3380575180053711,0.0026831617178131317
13,34,1.0,0.11711374670267105,0.022900763899087906,-0.10425868630409241,0.0026819942625754545
15,36,1.0,0.07015921175479889,0.038167938590049744,1.8975422382354736,0.00267783248578346
55,104,1.0,0.05010514706373215,0.05343511328101158,0.5926846861839294,0.002677374209312272
108,124,1.0,0.1167958676815033,0.022900763899087906,-0.7053420543670654,0.0026747145901632186
76,77,1.0,0.11668381094932556,-0.022900763899087906,-0.17805656790733337,0.002672148405396313
64,107,1.0,0.04994918406009674,-0.05343511328101158,-1.3725435733795166,0.0026690403085453673
62,105,1.0,0.04992988705635071,0.05343511328101158,2.896038770675659,0.002668009170964214
54,96,1.0,0.03175632655620575,-0.08396946638822556,0.2576330304145813,0.0026665617953748333
51,97,1.0,0.03876475244760513,0.06870228797197342,-2.8180911540985107,0.0026632271858176293
10,53,1.0,0.049833331257104874,0.05343511328101158,1.460801601409912,0.002662849700893574
57,121,1.0,0.04982329159975052,-0.05343511328101158,-0.07303658872842789,0.0026623132306655417
26,122,1.0,0.06974492222070694,0.038167938590049744,0.9477238655090332,0.0026620199082877383
86,94,1.0,0.04970158264040947,-0.05343511328101158,-0.7544243931770325,0.0026558096986358387
61,83,1.0,0.04965730383992195,0.05343511328101158,2.940866708755493,0.002653443655915841
68,90,1.0,0.04959607124328613,-0.05343511328101158,-1.8865022659301758,0.0026501716851781154
63,88,1.0,0.04958230257034302,-0.05343511328101158,-2.2679171562194824,0.002649435954579671
27,83,1.0,0.04953308403491974,-0.05343511328101158,-2.35752010345459,0.0026468059565638025
68,103,1.0,0.04952012374997139,-0.05343511328101158,-0.07237783074378967,0.0026461134222694332
7,25,1.0,0.04951706528663635,0.05343511328101158,1.249600887298584,0.0026459499929346597
10,55,1.0,0.0314507819712162,0.08396946638822556,-0.21936696767807007,0.002640905379615449
36,54,1.0,0.06916162371635437,-0.038167938590049744,-2.3004708290100098,0.0026397566067939415
29,94,1.0,0.0314362496137619,-0.08396946638822556,-1.127721905708313,0.0026396851053146486
37,105,1.0,0.04932510107755661,0.05343511328101158,1.1884593963623047,0.002635692363676584
49,126,1.0,0.06903581321239471,-0.038167938590049744,-0.326127827167511,0.002634954679204826
48,111,1.0,0.049282006919384,0.05343511328101158,2.878075361251831,0.0026333896224528808
105,124,1.0,0.06884122639894485,-0.038167938590049744,-0.7850643992424011,0.0026275277016586385
41,76,1.0,0.049162644892930984,-0.05343511328101158,-1.4408913850784302,0.0026270114990479126
66,106,1.0,0.04914582893252373,-0.05343511328101158,2.5661869049072266,0.002626112936298622
58,112,1.0,0.06879964470863342,0.038167938590049744,-3.1251049041748047,0.0026259406142563613
95,122,1.0,0.04908242076635361,-0.05343511328101158,-1.3623132705688477,0.0026227247137563803
105,114,1.0,0.038114890456199646,-0.06870228797197342,1.5319832563400269,0.0026185801801420494
99,119,1.0,0.03810462728142738,0.06870228797197342,1.6156253814697266,0.0026178750765533387
108,119,1.0,0.020163284614682198,0.12977099418640137,1.8084523677825928,0.0026166094905106796
4,6,1.0,0.06844864040613174,0.038167938590049744,2.382822036743164,0.002612543503593634
1,18,1.0,0.11400073021650314,0.022900763899087906,0.6287506818771362,0.002610703807011755
10,108,1.0,0.048846285790205,-0.05343511328101158,-2.4202301502227783,0.0026101068145562706
82,91,1.0,0.11393119394779205,0.022900763899087906,0.4436006546020508,0.0026091113733395788
75,124,1.0,0.11381261795759201,0.022900763899087906,0.2568362057209015,0.002606395892583907
71,97,1.0,0.026182256639003754,-0.09923664480447769,-1.8300400972366333,0.0025982393022644934
11,36,1.0,0.11339859664440155,0.022900763899087906,2.7763614654541016,0.002596914488241342
29,52,1.0,0.04855593666434288,0.05343511328101158,2.963200807571411,0.0025945919761247854
2,117,1.0,0.06793194264173508,-0.038167938590049744,-2.207214593887329,0.002592822215052526
27,114,1.0,0.06790946424007416,0.038167938590049744,0.1924031674861908,0.0025919642607983295
8,125,1.0,0.1130661889910698,-0.022900763899087906,-1.8159774541854858,0.0025893020990541415
7,78,1.0,0.04844113439321518,-0.05343511328101158,-2.4596803188323975,0.0025884575037621593
32,109,1.0,0.11301278322935104,0.022900763899087906,1.4466266632080078,0.0025880790663141695
32,70,1.0,0.048429545015096664,0.05343511328101158,0.7926488518714905,0.00258783822402954
5,23,1.0,0.0677804946899414,-0.038167938590049744,-0.9239510297775269,0.0025870417589288763
85,126,1.0,0.04841272532939911,0.05343511328101158,2.2155628204345703,0.00258693946221894
101,117,1.0,0.11292854696512222,0.022900763899087906,3.045860767364502,0.002586149991515324
54,59,1.0,0.06763693690299988,0.038167938590049744,1.529598593711853,0.0025815624541327686
58,72,1.0,0.04821590706706047,-0.05343511328101158,-1.7647589445114136,0.002576422456075103
75,117,1.0,0.037459854036569595,-0.06870228797197342,-1.9278379678726196,0.0025735776794084952
5,27,1.0,0.06739766895771027,-0.038167938590049744,-0.5675052404403687,0.0025724300898903874
17,46,1.0,0.06730341166257858,0.038167938590049744,1.94577956199646,0.002568832483238137
64,122,1.0,0.04805532097816467,0.05343511328101158,-2.1877102851867676,0.0025678415202236016
17,115,1.0,0.1120632141828537,0.022900763899087906,3.0309159755706787,0.002566333209774452
100,116,1.0,0.0671914592385292,-0.038167938590049744,-2.579724073410034,0.0025645594899920132
24,119,1.0,0.03732434660196304,-0.06870228797197342,-1.853812336921692,0.0025642680086138125
112,123,1.0,0.11191287636756897,-0.022900763899087906,-3.090484857559204,0.0025628903589615115
105,109,1.0,0.04791085422039032,0.05343511328101158,2.375825881958008,0.0025601219226565886
52,75,1.0,0.04781797155737877,0.05343511328101158,2.3317513465881348,0.0025551587270367243
29,81,1.0,0.0669175535440445,-0.038167938590049744,3.1363701820373535,0.002554105074265456
17,55,1.0,0.11151983588933945,0.022900763899087906,3.07318115234375,0.0025538894317667926
44,45,1.0,0.030410422012209892,0.08396946638822556,1.5226786136627197,0.002553546909006013
14,108,1.0,0.06683913618326187,-0.038167938590049744,2.4722821712493896,0.002551112045254711
7,98,1.0,0.04773622751235962,-0.05343511328101158,-2.3789353370666504,0.002550790724731078
4,63,1.0,0.04771862179040909,0.05343511328101158,1.1281057596206665,0.0025498499609842573
63,114,1.0,0.06679919362068176,-0.038167938590049744,-2.9063429832458496,0.002549587519979024
33,65,1.0,0.04764740541577339,0.05343511328101158,1.7583272457122803,0.002546044505938136
12,104,1.0,0.04763709753751755,-0.05343511328101158,-2.2649013996124268,0.002545493703295848
53,118,1.0,0.04758978635072708,0.05343511328101158,2.768986225128174,0.0025429656246702403
94,119,1.0,0.04758197441697121,0.05343511328101158,0.6742196083068848,0.0025425481931050514
22,106,1.0,0.11095081269741058,-0.022900763899087906,-0.18305844068527222,0.0025408583659953243
8,110,1.0,0.11082286387681961,0.022900763899087906,-0.21390466392040253,0.0025379282402638037
81,100,1.0,0.1108071431517601,-0.022900763899087906,0.03070678748190403,0.0025375682236508934
81,101,1.0,0.11077141016721725,0.022900763899087906,-0.17392945289611816,0.002536749911008468
30,62,1.0,0.11073380708694458,-0.022900763899087906,0.1964074969291687,0.002535888771745265
24,55,1.0,0.036897219717502594,0.06870228797197342,2.1476893424987793,0.002534923414397039
50,95,1.0,0.047407813370227814,-0.05343511328101158,-1.0647677183151245,0.0025332418778431787
11,98,1.0,0.06635763496160507,0.038167938590049744,1.9903877973556519,0.0025327341361954803
11,65,1.0,0.06632411479949951,-0.038167938590049744,0.0020231592934578657,0.0025314547407067067
7,96,1.0,0.11042006313800812,0.022900763899087906,2.960899829864502,0.0025287037956459035
48,122,1.0,0.04727686569094658,0.05343511328101158,1.5102497339248657,0.0025262446737669003
47,83,1.0,0.03668472543358803,-0.06870228797197342,-1.1627775430679321,0.002520324570911142
42,119,1.0,0.03668433800339699,-0.06870228797197342,-2.00701642036438,0.0025202979535705883
43,79,1.0,0.06593398749828339,0.038167938590049744,-0.009140761569142342,0.002516564385831588
71,90,1.0,0.047095417976379395,0.05343511328101158,1.16053307056427,0.002516548994584422
10,105,1.0,0.04707953333854675,0.05343511328101158,1.2706317901611328,0.002515700197162407
4,36,1.0,0.10981278866529465,0.022900763899087906,0.43743908405303955,0.0025147967463243492
56,76,1.0,0.02993673086166382,-0.08396946638822556,-1.6382949352264404,0.0025137713158618347
7,59,1.0,0.047042958438396454,0.05343511328101158,1.1100879907608032,0.002513745813229634
15,82,1.0,0.04697621986269951,0.05343511328101158,1.1521117687225342,0.0025101796298770546
93,126,1.0,0.03653020039200783,0.06870228797197342,0.18516908586025238,0.002509708347005618
109,123,1.0,0.10953651368618011,0.022900763899087906,-3.0240840911865234,0.002508469838256422
3,56,1.0,0.04694363847374916,0.05343511328101158,2.031721830368042,0.00250843863966764
22,45,1.0,0.1095106452703476,0.022900763899087906,0.10828914493322372,0.002507877431772998
12,82,1.0,0.06562618911266327,-0.038167938590049744,-0.299051433801651,0.0025048163559511227
7,110,1.0,0.10931787639856339,0.022900763899087906,3.024263858795166,0.002503462877353174
4,5,1.0,0.06557781994342804,0.038167938590049744,1.3396202325820923,0.0025029702044701008
36,71,1.0,0.06554581224918365,-0.038167938590049744,-0.802422821521759,0.002501748536761772
67,108,1.0,0.10922418534755707,0.022900763899087906,0.29374101758003235,0.002501317280714621
31,85,1.0,0.1092032641172409,0.022900763899087906,2.6563830375671387,0.0025008381685586722
24,104,1.0,0.1091790646314621,0.022900763899087906,-0.1802518665790558,0.0025002839818483724
49,76,1.0,0.1091313436627388,0.022900763899087906,0.4575011432170868,0.0024991911352106044
22,81,1.0,0.04673060402274132,-0.05343511328101158,-2.0149381160736084,0.002497055119645278
7,121,1.0,0.0466858372092247,0.05343511328101158,0.7561976909637451,0.0024946629998937875
15,114,1.0,0.04667811840772629,0.05343511328101158,3.1279819011688232,0.002494250544861326
25,108,1.0,0.04667758569121361,0.05343511328101158,1.8548579216003418,0.0024942220790941244
2,99,1.0,0.06531774252653122,0.038167938590049744,1.8696691989898682,0.002493043585593324
43,48,1.0,0.046617571264505386,0.05343511328101158,0.6521517038345337,0.0024910152014044756
3,22,1.0,0.06525868922472,0.038167938590049744,-0.1828813999891281,0.002490789642796254
15,125,1.0,0.04661162570118904,-0.05343511328101158,-3.139582872390747,0.0024906974995551473
45,47,1.0,0.0652385950088501,0.038167938590049744,-0.7431732416152954,0.0024900226879989162
14,74,1.0,0.06522166728973389,-0.038167938590049744,-0.3187621831893921,0.002489376591855219
33,57,1.0,0.036198005080223083,0.06870228797197342,1.367061972618103,0.002486885769032443
100,111,1.0,0.10849177092313766,0.022900763899087906,-0.07978412508964539,0.002484544430904706
22,108,1.0,0.10847102105617523,0.022900763899087906,-3.03314208984375,0.002484069243100462
85,123,1.0,0.1082138866186142,-0.022900763899087906,-2.8487255573272705,0.002478180668055552
16,57,1.0,0.03602979704737663,0.06870228797197342,-0.13382144272327423,0.002475329492320627
11,84,1.0,0.03602309897542,0.06870228797197342,-1.6892156600952148,0.0024748693194522053
54,56,1.0,0.04630235582590103,-0.05343511328101158,-2.074491500854492,0.002474171628734728
69,106,1.0,0.046271782368421555,-0.05343511328101158,-0.7421460747718811,0.00247253793257092
56,78,1.0,0.03598595783114433,0.06870228797197342,2.0986249446868896,0.00247231763786257
9,95,1.0,0.06475355476140976,-0.038167938590049744,0.2140357494354248,0.002471509701620911
21,103,1.0,0.06474093347787857,-0.038167938590049744,-0.3992883563041687,0.002471027973246165
28,69,1.0,0.10785696655511856,0.022900763899087906,0.1322910487651825,0.002470006925950591
35,65,1.0,0.0646759644150734,0.038167938590049744,3.1316471099853516,0.002468548238046764
26,114,1.0,0.10769287496805191,-0.022900763899087906,3.0516109466552734,0.002466249103257351
27,49,1.0,0.06459790468215942,-0.038167938590049744,-2.7014570236206055,0.0024655688589545477
15,118,1.0,0.10742613673210144,0.022900763899087906,2.9215779304504395,0.00246014059389299
9,65,1.0,0.1073969230055809,0.022900763899087906,0.02355632558465004,0.0024594715772393305
10,59,1.0,0.1073218360543251,0.022900763899087906,-0.0032184412702918053,0.002457752028696719
56,125,1.0,0.045988596975803375,-0.05343511328101158,-1.515377163887024,0.00245740588903684
32,69,1.0,0.10725194215774536,0.022900763899087906,0.28445103764533997,0.002456151405073159
65,70,1.0,0.06433374434709549,-0.038167938590049744,0.30062609910964966,0.0024554864035079005
7,101,1.0,0.10716206580400467,0.022900763899087906,-2.9595389366149902,0.0024540931679160327
68,117,1.0,0.04592122510075569,0.05343511328101158,1.9305222034454346,0.002453805865261713
35,107,1.0,0.10686365514993668,0.022900763899087906,-0.2970750331878662,0.002447259335982249
27,110,1.0,0.06408964097499847,0.038167938590049744,0.24023112654685974,0.0024461694809920775
58,120,1.0,0.02906963601708412,-0.08396946638822556,-1.5000008344650269,0.002440961824454496
2,98,1.0,0.03546962887048721,-0.06870228797197342,-1.3284779787063599,0.002436844656919235
27,57,1.0,0.04557739570736885,-0.05343511328101158,-1.9141583442687988,0.0024354333026767455
16,103,1.0,0.03539862111210823,0.06870228797197342,1.0739117860794067,0.0024319662614548376
3,49,1.0,0.06370609253644943,0.038167938590049744,2.2909162044525146,0.0024315302277432282
66,75,1.0,0.06370507180690765,0.038167938590049744,1.4889955520629883,0.0024314912686007606
13,28,1.0,0.06369312107563019,0.038167938590049744,-0.09040740132331848,0.002431035133823256
29,83,1.0,0.10610264539718628,-0.022900763899087906,2.9874320030212402,0.002429831631309609
5,122,1.0,0.1060459166765213,-0.022900763899087906,-0.32916930317878723,0.002428532500271363
62,111,1.0,0.10601489245891571,0.022900763899087906,-0.31843218207359314,0.0024278220219888236
13,57,1.0,0.10601293295621872,0.022900763899087906,3.1377735137939453,0.0024277771478802
36,58,1.0,0.06355800479650497,-0.038167938590049744,-2.121464729309082,0.002425878023979089
62,123,1.0,0.06348683685064316,0.038167938590049744,1.7203712463378906,0.002423161690191855
83,103,1.0,0.10570695251226425,0.022900763899087906,0.6240259408950806,0.002420769961975461
59,97,1.0,0.06341593712568283,0.038167938590049744,1.434528112411499,0.002420455593843518
2,44,1.0,0.10555648803710938,0.022900763899087906,-3.06532621383667,0.002417324210554739
14,50,1.0,0.06331546604633331,0.038167938590049744,1.7229833602905273,0.0024166208198568295
72,124,1.0,0.04508699104189873,0.05343511328101158,2.0897204875946045,0.002409228473823813
7,104,1.0,0.06310814619064331,-0.038167938590049744,-2.2859606742858887,0.0024087078483363555
8,43,1.0,0.06304806470870972,0.038167938590049744,1.0163285732269287,0.002406414662023515
11,38,1.0,0.0630270391702652,-0.038167938590049744,-2.163923978805542,0.002405612160563342
87,104,1.0,0.035005826503038406,-0.06870228797197342,-1.8534064292907715,0.002404980373108684
102,107,1.0,0.044977426528930664,-0.05343511328101158,0.20951828360557556,0.0024033738816617856
20,81,1.0,0.10487905144691467,0.022900763899087906,-2.9760427474975586,0.0024018103951460867
71,93,1.0,0.06287258863449097,0.038167938590049744,0.4192344546318054,0.0023997171019987107
54,92,1.0,0.03492068126797676,0.06870228797197342,0.6851959228515625,0.0023991307006500373
36,74,1.0,0.06281021237373352,0.038167938590049744,2.7178726196289062,0.0023973363287086435
62,115,1.0,0.10462889820337296,0.022900763899087906,-0.11603019386529922,0.002396081694777147
76,94,1.0,0.04483567178249359,-0.05343511328101158,-0.9454241991043091,0.0023957992007277995
73,111,1.0,0.06275641918182373,0.038167938590049744,2.695143461227417,0.002395283153463268
34,45,1.0,0.10430699586868286,-0.022900763899087906,-0.18226002156734467,0.002388709885411844
20,26,1.0,0.044664088636636734,-0.05343511328101158,-1.9326891899108887,0.002386630635891826
17,91,1.0,0.06249205768108368,-0.038167938590049744,-2.883390188217163,0.0023851930199374483
76,112,1.0,0.06248975172638893,-0.038167938590049744,-2.2614755630493164,0.0023851050064002677
90,114,1.0,0.04460666701197624,-0.05343511328101158,3.0820538997650146,0.002383562304873313
20,102,1.0,0.044595737010240555,0.05343511328101158,2.0015854835510254,0.002382978258992405
28,62,1.0,0.04455948248505592,-0.05343511328101158,-2.6049907207489014,0.0023810409943322147
31,125,1.0,0.10397175699472427,-0.022900763899087906,-2.8695068359375,0.002381032659109522
3,47,1.0,0.04455780237913132,-0.05343511328101158,-1.5981090068817139,0.0023809512176818093
68,79,1.0,0.10393373668193817,-0.022900763899087906,-0.2657696604728699,0.002380161964903038
60,117,1.0,0.06235761195421219,0.038167938590049744,2.096059799194336,0.0023800615036905226
13,33,1.0,0.023983167484402657,-0.09923664480447769,-1.5593972206115723,0.002380009072935965
61,81,1.0,0.0622309148311615,0.038167938590049744,1.7471420764923096,0.002375225735678388
2,83,1.0,0.0444364920258522,0.05343511328101158,-0.1754850149154663,0.0023744689852121803
9,54,1.0,0.06215875595808029,-0.038167938590049744,-2.5896809101104736,0.002372471580241897
37,89,1.0,0.10350486636161804,-0.022900763899087906,-2.439862012863159,0.0023703405069540606
51,67,1.0,0.06204443424940109,0.038167938590049744,-3.0253312587738037,0.00236810815628552
97,111,1.0,0.062043070793151855,0.038167938590049744,0.4329400062561035,0.002368056115971129
8,118,1.0,0.03446079045534134,-0.06870228797197342,-1.3241596221923828,0.0023675351496046937
13,68,1.0,0.10332335531711578,0.022900763899087906,0.09638632088899612,0.0023661837653788376
14,115,1.0,0.06197994947433472,-0.038167938590049744,-2.6306774616241455,0.0023656469053507934
25,118,1.0,0.1032828763127327,-0.022900763899087906,-0.3095805048942566,0.0023652567652565903
17,83,1.0,0.061916008591651917,-0.038167938590049744,-2.2421071529388428,0.0023632064136671627
3,109,1.0,0.044201601296663284,0.05343511328101158,1.3326836824417114,0.002361917572489311
25,67,1.0,0.1031043529510498,-0.022900763899087906,0.24356745183467865,0.002361168443900219
69,109,1.0,0.06181399151682854,-0.038167938590049744,-2.6997063159942627,0.0023593126322201674
11,40,1.0,0.06161339208483696,-0.038167938590049744,-1.3876620531082153,0.002351656165418714
2,10,1.0,0.06150800734758377,0.038167938590049744,0.2566142678260803,0.0023476338472389058
75,76,1.0,0.034158751368522644,-0.06870228797197342,-1.9436125755310059,0.002346784373283284
7,48,1.0,0.10241109877824783,-0.022900763899087906,-2.7004191875457764,0.0023452923937668235
4,58,1.0,0.061444252729415894,-0.038167938590049744,-0.5779746174812317,0.002345200464887842
96,116,1.0,0.06144064664840698,0.038167938590049744,1.7639949321746826,0.0023450628282093433
10,75,1.0,0.10235673189163208,-0.022900763899087906,-0.45345693826675415,0.0023440473505325077
63,110,1.0,0.04382256045937538,0.05343511328101158,1.3838932514190674,0.0023416634824107024
36,42,1.0,0.061330392956733704,0.038167938590049744,2.880685567855835,0.0023408546720762313
51,107,1.0,0.06131942942738533,-0.038167938590049744,-2.258441925048828,0.0023404362167613324
29,82,1.0,0.06129468232393265,0.038167938590049744,0.13706882297992706,0.002339491670836469
77,82,1.0,0.10206599533557892,0.022900763899087906,2.9225881099700928,0.0023373892613055003
68,71,1.0,0.04372561350464821,0.05343511328101158,2.3736350536346436,0.002336483110902607
27,126,1.0,0.06120648607611656,-0.038167938590049744,-0.45490434765815735,0.0023361254018659516
41,116,1.0,0.027805306017398834,0.08396946638822556,1.7896417379379272,0.002334796709042297
3,113,1.0,0.043692734092473984,0.05343511328101158,-2.6143970489501953,0.002334726195788464
16,105,1.0,0.061068397015333176,0.038167938590049744,3.1235404014587402,0.0023308548270740137
48,92,1.0,0.04357678070664406,0.05343511328101158,0.5688859224319458,0.002328530213481325
96,123,1.0,0.06099541485309601,0.038167938590049744,2.73577618598938,0.0023280692483875765
12,66,1.0,0.06093709543347359,0.038167938590049744,2.500795841217041,0.0023258433163608205
47,79,1.0,0.02767830714583397,0.08396946638822556,0.7812108993530273,0.0023241326815650887
23,88,1.0,0.04346823692321777,-0.05343511328101158,-2.485985517501831,0.002322730164117992
19,108,1.0,0.06072979047894478,-0.038167938590049744,-0.5661063194274902,0.002317930913586952
41,43,1.0,0.10120551288127899,0.022900763899087906,-0.24021731317043304,0.00231768355578027
9,82,1.0,0.043305814266204834,0.05343511328101158,1.6024302244186401,0.0023140510910411027
100,107,1.0,0.060610417276620865,0.038167938590049744,0.0522557832300663,0.002313374684531355
17,93,1.0,0.10097326338291168,-0.022900763899087906,3.1137733459472656,0.0023123648648524786
83,97,1.0,0.043186187744140625,0.05343511328101158,1.7901231050491333,0.0023076588342831883
13,103,1.0,0.10075693577528,0.022900763899087906,-2.8038315773010254,0.002307410797385251
67,113,1.0,0.06045069172978401,-0.038167938590049744,-1.9679231643676758,0.002307278289668424
71,125,1.0,0.06040215864777565,0.038167938590049744,2.1988604068756104,0.002305425881974743
100,110,1.0,0.10066071152687073,-0.022900763899087906,-0.7075539827346802,0.002305207188591063
18,113,1.0,0.027429526671767235,0.08396946638822556,2.3722474575042725,0.002303242717909895
37,46,1.0,0.04300403594970703,0.05343511328101158,0.060055144131183624,0.0022979255325132897
1,110,1.0,0.06011395528912544,-0.038167938590049744,-0.46738770604133606,0.002294425753880336
82,94,1.0,0.04293260723352432,-0.05343511328101158,2.976968288421631,0.0022941087309725494
24,25,1.0,0.060038547962903976,-0.038167938590049744,-2.207881450653076,0.002291547611683875
48,71,1.0,0.09994879364967346,-0.022900763899087906,-2.8059306144714355,0.0022889037253698286
29,97,1.0,0.09993714839220047,-0.022900763899087906,-0.14267906546592712,0.0022886370400778955
27,51,1.0,0.09981773793697357,0.022900763899087906,0.46289899945259094,0.0022859024494356617
69,124,1.0,0.042699240148067474,0.05343511328101158,0.445916086435318,0.0022816387343251032
95,99,1.0,0.033189620822668076,-0.06870228797197342,-1.6230162382125854,0.0022802028874395475
110,117,1.0,0.059664975851774216,-0.038167938590049744,-1.2434018850326538,0.002277289134287319
5,87,1.0,0.059635229408741,0.038167938590049744,2.016969919204712,0.002276153773876355
23,97,1.0,0.0331023745238781,-0.06870228797197342,-1.513911247253418,0.0022742088670955896
7,89,1.0,0.05956937372684479,-0.038167938590049744,-2.169313430786133,0.0022736401982539345
106,121,1.0,0.0425473153591156,-0.05343511328101158,-1.4304243326187134,0.002273520616017266
50,89,1.0,0.042409781366586685,-0.05343511328101158,-1.634984016418457,0.0022661714715464937
22,121,1.0,0.059331443160772324,-0.038167938590049744,-2.2883760929107666,0.002264558879019385
34,57,1.0,0.09887838363647461,-0.022900763899087906,-0.14850661158561707,0.002264390518382342
104,121,1.0,0.05930909514427185,0.038167938590049744,1.4910290241241455,0.0022637059012979854
30,93,1.0,0.09879959374666214,0.022900763899087906,0.41677117347717285,0.0022625861697181116
19,56,1.0,0.03292599692940712,0.06870228797197342,2.7414674758911133,0.0022620913228084405
19,55,1.0,0.09869562089443207,0.022900763899087906,2.8209128379821777,0.002260205111977276
28,45,1.0,0.03288937732577324,-0.06870228797197342,-1.7248979806900024,0.002259575472254166
40,123,1.0,0.059164922684431076,0.038167938590049744,-0.021505288779735565,0.0022582031357044063
84,93,1.0,0.04219385236501694,-0.05343511328101158,-0.5580489635467529,0.0022546332808869585
69,112,1.0,0.09838898479938507,0.022900763899087906,0.24108023941516876,0.0022531829111616664
29,68,1.0,0.058993931859731674,-0.038167938590049744,-2.4671506881713867,0.0022516767684078176
34,126,1.0,0.09832294285297394,0.022900763899087906,-2.6234054565429688,0.002251670500139469
13,27,1.0,0.09826336055994034,0.022900763899087906,-0.30776891112327576,0.00225030602011414
3,104,1.0,0.03271690383553505,0.06870228797197342,2.450080394744873,0.0022477261488602907
22,79,1.0,0.09802927821874619,0.022900763899087906,-0.18757621943950653,0.002244945355685507
53,54,1.0,0.058720558881759644,0.038167938590049744,2.6563165187835693,0.002241242685372402
21,42,1.0,0.04191633313894272,-0.05343511328101158,0.7656683325767517,0.002239804009604024
43,58,1.0,0.058663997799158096,0.038167938590049744,0.48289725184440613,0.0022390838654450795
21,113,1.0,0.05859670788049698,-0.038167938590049744,-0.9010469317436218,0.0022365155479618926
71,101,1.0,0.097486712038517,-0.022900763899087906,-0.4404764175415039,0.0022325201756924484
47,70,1.0,0.026562850922346115,-0.08396946638822556,-1.5469938516616821,0.0022304684176993883
81,118,1.0,0.09739647805690765,0.022900763899087906,0.20196208357810974,0.002230453748583938
2,70,1.0,0.05835818871855736,-0.038167938590049744,-0.8844257593154907,0.002227411763236431
29,54,1.0,0.04167872294783592,-0.05343511328101158,-2.3441779613494873,0.0022271072821255095
56,75,1.0,0.05831948667764664,0.038167938590049744,1.642775058746338,0.002225934586115641
73,106,1.0,0.04165186360478401,0.05343511328101158,2.2623190879821777,0.002225672050086877
46,107,1.0,0.04164978116750717,-0.05343511328101158,-2.2703399658203125,0.0022255607748150885
13,121,1.0,0.09690911322832108,0.022900763899087906,2.4990482330322266,0.0022192927217117575
64,121,1.0,0.03228023648262024,-0.06870228797197342,-0.9160424470901489,0.002217726102632378
14,100,1.0,0.05809476599097252,0.038167938590049744,0.3759390115737915,0.0022173574607467494
75,104,1.0,0.05795401334762573,0.038167938590049744,2.280345916748047,0.002211985222499102
43,94,1.0,0.041384194046258926,-0.05343511328101158,-0.36757779121398926,0.0022113690969052108
21,59,1.0,0.09652362763881683,-0.022900763899087906,-2.6253833770751953,0.00221046480724002
60,82,1.0,0.05786236748099327,-0.038167938590049744,-2.62187123298645,0.0022084872886894424
14,107,1.0,0.04127044975757599,0.05343511328101158,1.871693730354309,0.00220529115795437
1,39,1.0,0.05777134746313095,-0.038167938590049744,-0.8163713216781616,0.002205013242237208
3,119,1.0,0.041244830936193466,0.05343511328101158,1.7036081552505493,0.002203922213331669
29,63,1.0,0.05760810151696205,-0.038167938590049744,-0.9450303316116333,0.002198782480988759
53,93,1.0,0.09600423276424408,-0.022900763899087906,-0.6573357582092285,0.002198570267847033
44,88,1.0,0.09596534818410873,0.022900763899087906,2.55033540725708,0.0021976797812580384
39,102,1.0,0.04107213020324707,-0.05343511328101158,3.0304365158081055,0.0021946939301029644
96,102,1.0,0.057476550340652466,-0.038167938590049744,-0.14446169137954712,0.002193761443769926
37,41,1.0,0.09575966745615005,-0.022900763899087906,2.8160510063171387,0.002192969535468464
50,91,1.0,0.057443972676992416,-0.038167938590049744,-0.842956006526947,0.002192518021503942
30,33,1.0,0.09567680209875107,0.022900763899087906,2.68194580078125,0.0021910718554832564
61,103,1.0,0.09566739201545715,0.022900763899087906,-0.20454363524913788,0.0021908563573874718
58,113,1.0,0.04099434241652489,0.05343511328101158,-2.938283920288086,0.0021905373309075854
73,75,1.0,0.057369034737348557,-0.038167938590049744,-3.070829391479492,0.0021896577948255502
66,92,1.0,0.03183988854289055,0.06870228797197342,0.2931504249572754,0.0021874731916692036
97,108,1.0,0.031833089888095856,-0.06870228797197342,-1.9699409008026123,0.0021870061085296766
76,120,1.0,0.09548576921224594,0.022900763899087906,-3.020094156265259,0.0021866970564524413
34,102,1.0,0.09539546817541122,0.022900763899087906,0.44296780228614807,0.0021846290937280466
51,112,1.0,0.05721614137291908,-0.038167938590049744,-3.0745675563812256,0.00218382217028118
12,60,1.0,0.0408623032271862,-0.05343511328101158,-0.8601334691047668,0.00218348180186774
9,99,1.0,0.09525249153375626,-0.022900763899087906,-0.0759848952293396,0.0021813548194144217
14,88,1.0,0.09520675241947174,0.022900763899087906,1.9312050342559814,0.0021803073587572386
70,80,1.0,0.09519146382808685,0.022900763899087906,0.20638947188854218,0.0021799572383355836
14,89,1.0,0.0951763391494751,-0.022900763899087906,0.31076905131340027,0.0021796108716416462
3,40,1.0,0.05701702460646629,0.038167938590049744,0.019837984815239906,0.0021762222937669606
76,81,1.0,0.05701597407460213,0.038167938590049744,0.8494230508804321,0.0021761821971312822
26,76,1.0,0.0316607803106308,0.06870228797197342,0.04071131721138954,0.002175168046318343
104,116,1.0,0.09492506086826324,0.022900763899087906,2.598667621612549,0.002173856407050645
14,28,1.0,0.04067229479551315,0.05343511328101158,1.632786750793457,0.002173328679796943
44,119,1.0,0.09478707611560822,0.022900763899087906,0.5033602118492126,0.002170696450808418
14,117,1.0,0.09474541246891022,0.022900763899087906,2.8146750926971436,0.0021697423214722122
46,95,1.0,0.04055780544877052,-0.05343511328101158,-0.32684144377708435,0.0021672109285842817
24,114,1.0,0.09453834593296051,-0.022900763899087906,-2.805152416229248,0.002165000339621026
4,44,1.0,0.09448454529047012,-0.022900763899087906,-2.5477371215820312,0.0021637682638097344
73,97,1.0,0.05665704235434532,-0.038167938590049744,2.4277091026306152,0.0021624825132744996
81,109,1.0,0.09433379769325256,-0.022900763899087906,-2.8745718002319336,0.0021603160286775003
71,86,1.0,0.09425687044858932,-0.022900763899087906,-0.9059743285179138,0.00215855433601006
55,114,1.0,0.05653950199484825,0.038167938590049744,1.4491608142852783,0.002157996240051363
78,93,1.0,0.0942266508936882,0.022900763899087906,0.19354592263698578,0.002157862285118134
75,115,1.0,0.05651379004120827,-0.038167938590049744,-0.18706181645393372,0.002157014867783802
39,101,1.0,0.05648385360836983,0.038167938590049744,2.5636942386627197,0.002155872255853619
57,87,1.0,0.04034554958343506,0.05343511328101158,2.029391050338745,0.002155869012375522
95,109,1.0,0.05644070357084274,-0.038167938590049744,-0.7148194313049316,0.002154225307871127
27,47,1.0,0.09400873631238937,-0.022900763899087906,3.136780261993408,0.002152871874741641
4,45,1.0,0.09400646388530731,-0.022900763899087906,3.049779176712036,0.0021528198344255567
16,73,1.0,0.09389408677816391,-0.022900763899087906,0.0707491934299469,0.002150246312827203
58,124,1.0,0.056244608014822006,-0.038167938590049744,-2.7122015953063965,0.002146740744731146
5,6,1.0,0.09359581768512726,0.022900763899087906,0.014612379483878613,0.0021434157227491757
12,58,1.0,0.04010377451777458,0.05343511328101158,0.18437638878822327,0.0021429497343534304
75,86,1.0,0.09350750595331192,-0.022900763899087906,-2.8876943588256836,0.002141393316629353
3,48,1.0,0.056051112711429596,0.038167938590049744,0.06576204299926758,0.0021393554278738014
61,70,1.0,0.05599964037537575,0.038167938590049744,0.9776201248168945,0.0021373908349122117
27,97,1.0,0.09332257509231567,0.022900763899087906,2.8938941955566406,0.002137158258644023
21,73,1.0,0.05596418306231499,-0.038167938590049744,-2.20286226272583,0.0021360375023647404
28,82,1.0,0.09325914829969406,-0.022900763899087906,0.24598883092403412,0.002135705736641319
66,69,1.0,0.09314458072185516,0.022900763899087906,0.00048779131611809134,0.00213308205159074
29,101,1.0,0.0930284783244133,-0.022900763899087906,-1.1014909744262695,0.002130423217998806
32,101,1.0,0.09296564012765884,0.022900763899087906,0.4021218717098236,0.0021289841752910876
32,108,1.0,0.055773306638002396,-0.038167938590049744,-0.6543100476264954,0.002128752142723289
72,91,1.0,0.05574314668774605,0.038167938590049744,0.39866867661476135,0.002127600999594026
54,93,1.0,0.09285113960504532,-0.022900763899087906,-3.130446672439575,0.002126362025856393
25,80,1.0,0.09271781146526337,-0.022900763899087906,3.0636990070343018,0.002123308709606142
33,48,1.0,0.09270574897527695,0.022900763899087906,-2.9403457641601562,0.002123032469370928
49,82,1.0,0.055622030049562454,0.038167938590049744,1.311628818511963,0.0021229782271856013
10,24,1.0,0.0925835371017456,-0.022900763899087906,-0.5531937479972839,0.0021202337241095215
84,91,1.0,0.055515240877866745,-0.038167938590049744,0.4067353308200836,0.002118902304638237
110,111,1.0,0.0924752801656723,-0.022900763899087906,-0.5535788536071777,0.002117754557576068
107,117,1.0,0.055437300354242325,-0.038167938590049744,-0.8370301127433777,0.002115927475518864
29,46,1.0,0.09238415211439133,-0.022900763899087906,-1.3531179428100586,0.0021156676555890985
15,75,1.0,0.09228241443634033,-0.022900763899087906,-0.5644954442977905,0.0021133377850444113
51,96,1.0,0.09226234257221222,0.022900763899087906,0.3541034758090973,0.002112878124022999
36,106,1.0,0.09224773943424225,0.022900763899087906,0.22074797749519348,0.0021125437010081627
55,101,1.0,0.03951811417937279,0.05343511328101158,1.9696036577224731,0.002111654907826735
50,58,1.0,0.09218524396419525,0.022900763899087906,0.7025365829467773,0.002111112507003854
31,103,1.0,0.039505183696746826,0.05343511328101158,0.9532323479652405,0.0021109639660228385
44,54,1.0,0.0552896112203598,-0.038167938590049744,-1.0973916053771973,0.002110290485726418
17,108,1.0,0.055278293788433075,0.038167938590049744,2.5323169231414795,0.002109858522679642
31,70,1.0,0.025102045387029648,0.08396946638822556,0.2966183125972748,0.0021078053564018984
58,103,1.0,0.09203578531742096,-0.022900763899087906,-2.5650529861450195,0.0021076897898213987
24,106,1.0,0.05516653135418892,0.038167938590049744,1.8843660354614258,0.0021055927809527364
38,107,1.0,0.055151015520095825,-0.038167938590049744,-2.4060561656951904,0.0021050005735498978
1,103,1.0,0.09189952909946442,0.022900763899087906,0.4685911536216736,0.002104569418344193
39,82,0.9999999403953552,0.05505608022212982,-0.038167938590049744,0.009127364493906498,0.0021013769636752683
31,35,1.0,0.09162507951259613,-0.022900763899087906,3.001803159713745,0.0020982843131531204
8,63,1.0,0.054892104119062424,-0.038167938590049744,-2.311615228652954,0.002095118459094991
62,106,1.0,0.054888732731342316,0.038167938590049744,2.545142650604248,0.002094989780175527
37,78,1.0,0.03920329734683037,0.05343511328101158,0.2826229929924011,0.0020948326347170615
17,92,1.0,0.09146478027105331,-0.022900763899087906,-2.692225217819214,0.0020946133380693455
84,115,1.0,0.05485668033361435,0.038167938590049744,1.6021562814712524,0.002093766406227382
54,99,1.0,0.05485145375132561,0.038167938590049744,2.289921760559082,0.0020935669183555494
28,72,1.0,0.05480804666876793,0.038167938590049744,2.0489070415496826,0.0020919101594941147
26,40,1.0,0.030442485585808754,0.06870228797197342,1.8733471632003784,0.002091468411298883
17,51,1.0,0.0912681519985199,0.022900763899087906,2.5323426723480225,0.002090110400424172
23,62,1.0,0.03908780217170715,-0.05343511328101158,-1.8634517192840576,0.0020886611369509422
21,60,1.0,0.03908625990152359,-0.05343511328101158,-0.8401687145233154,0.0020885787255689736
48,101,1.0,0.05471300333738327,0.038167938590049744,-0.11203523725271225,0.0020882825514584313
52,96,1.0,0.03906748816370964,0.05343511328101158,1.2324659824371338,0.0020875756556324038
42,122,1.0,0.09110721200704575,0.022900763899087906,2.8956148624420166,0.0020864247516775014
21,93,1.0,0.054643575102090836,-0.038167938590049744,-2.6511776447296143,0.002085632618837374
11,83,1.0,0.09083818644285202,-0.022900763899087906,3.1309351921081543,0.002080263860749082
32,49,1.0,0.03893012925982475,0.05343511328101158,-3.0904781818389893,0.002080235867043159
43,102,1.0,0.09069034457206726,-0.022900763899087906,0.0706905797123909,0.0020768781689718407
18,25,1.0,0.05437838286161423,0.038167938590049744,1.3748551607131958,0.0020755107776883053
11,44,1.0,0.09062964469194412,0.022900763899087906,-0.23648206889629364,0.002075488095348438
108,118,1.0,0.054273076355457306,0.038167938590049744,-0.019251272082328796,0.002071491445428175
8,76,1.0,0.09035346657037735,0.022900763899087906,-2.8354578018188477,0.0020691634053923436
39,89,1.0,0.038700684905052185,0.05343511328101158,2.7748641967773438,0.0020679754819541984
67,71,1.0,0.09021648019552231,-0.022900763899087906,-0.22177883982658386,0.0020660263127643963
43,122,1.0,0.038645677268505096,-0.05343511328101158,-0.4268149733543396,0.002065036142663984
84,96,1.0,0.03847477585077286,0.05343511328101158,0.47187358140945435,0.0020559040060475764
72,120,1.0,0.08973930031061172,-0.022900763899087906,-3.0423057079315186,0.002055098528882665
13,66,1.0,0.05383354797959328,-0.038167938590049744,-1.2304673194885254,0.0020547155533696126
13,24,1.0,0.05382683500647545,-0.038167938590049744,-2.1640396118164062,0.0020544593330238947
35,69,1.0,0.05372784286737442,0.038167938590049744,-2.7716000080108643,0.002050681007137789
78,95,1.0,0.05368907004594803,-0.038167938590049744,0.20956012606620789,0.0020492011284706235
59,63,1.0,0.0536683015525341,-0.038167938590049744,-2.296083688735962,0.002048408437889393
15,49,1.0,0.03827245160937309,-0.05343511328101158,-2.694807291030884,0.002045092787288885
94,122,1.0,0.03823614865541458,0.05343511328101158,0.9626526236534119,0.002043152934831677
71,85,1.0,0.024291053414344788,-0.08396946638822556,2.782864570617676,0.0020397067932104163
85,124,1.0,0.053349342197179794,0.038167938590049744,1.4573014974594116,0.002036234416801508
18,56,1.0,0.088908351957798,0.022900763899087906,0.7113332748413086,0.002036069176842542
37,80,1.0,0.0380997508764267,0.05343511328101158,1.434346318244934,0.002035864504060181
43,119,1.0,0.05333305150270462,0.038167938590049744,0.05491658300161362,0.00203561263457519
14,77,1.0,0.0380919948220253,0.05343511328101158,0.5792818665504456,0.0020354500584146284
17,20,1.0,0.038021720945835114,-0.05343511328101158,-2.3807218074798584,0.00203169496587971
12,59,1.0,0.053217243403196335,0.038167938590049744,2.672315835952759,0.0020311924781449275
92,96,1.0,0.08864662796258926,-0.022900763899087906,0.3577560782432556,0.0020300754974215407
17,66,1.0,0.08845572173595428,-0.022900763899087906,-2.8501148223876953,0.0020257035989985073
33,83,1.0,0.03788132220506668,-0.05343511328101158,-1.471260905265808,0.0020241927432622375
14,24,1.0,0.08807184547185898,0.022900763899087906,0.21707452833652496,0.0020169125393079967
28,101,1.0,0.05282460153102875,0.038167938590049744,0.3572322428226471,0.002016206147280153
77,125,1.0,0.05275091156363487,-0.038167938590049744,-0.507862389087677,0.0020133935531299607
18,46,1.0,0.08783887326717377,0.022900763899087906,0.35072124004364014,0.0020115772978534507
9,80,1.0,0.08774594217538834,-0.022900763899087906,-0.36100780963897705,0.002009449104861588
35,106,1.0,0.05263518542051315,0.038167938590049744,-0.4351709187030792,0.0020089765248060276
18,78,1.0,0.08768832683563232,0.022900763899087906,0.8481307029724121,0.00200812966956887
9,76,1.0,0.08766243606805801,-0.022900763899087906,-1.210170865058899,0.0020075367512134845
26,42,1.0,0.05256208777427673,-0.038167938590049744,-0.754028856754303,0.0020061865383333988
20,42,1.0,0.05249319225549698,0.038167938590049744,-0.6027328372001648,0.0020035569384034835
2,61,1.0,0.03748651593923569,-0.05343511328101158,-1.572045087814331,0.002003096225723505
19,75,1.0,0.0873652771115303,-0.022900763899087906,-0.4612134099006653,0.002000731584109544
10,97,1.0,0.052403129637241364,-0.038167938590049744,-2.0669310092926025,0.002000119433920644
25,117,1.0,0.0873274877667427,-0.022900763899087906,-1.3157626390457153,0.001999866179246662
72,98,0.9999999403953552,0.08718769997358322,-0.022900763899087906,-0.6536937355995178,0.001996664812989038
85,105,1.0,0.0871465653181076,0.022900763899087906,-2.766390085220337,0.001995722916966425
62,94,1.0,0.037343092262744904,-0.05343511328101158,-1.044047236442566,0.001995432365323041
19,68,1.0,0.052272576838731766,-0.038167938590049744,-0.8807528614997864,0.0019951365027243706
14,29,1.0,0.08704061061143875,-0.022900763899087906,-2.494127035140991,0.0019932964732450043
59,108,1.0,0.03728577122092247,0.05343511328101158,0.5441755652427673,0.0019923694089598737
3,95,1.0,0.05217459052801132,-0.038167938590049744,-2.0461254119873047,0.001991396567234127
34,100,1.0,0.023712076246738434,-0.08396946638822556,0.1675766259431839,0.0019910903893955445
45,120,1.0,0.05214284732937813,0.038167938590049744,-2.731727123260498,0.0019901849947780437
49,114,1.0,0.08689548075199127,-0.022900763899087906,-3.1229255199432373,0.0019899728885990897
75,114,1.0,0.0519353486597538,0.038167938590049744,2.708808183670044,0.0019822651982983053
70,91,1.0,0.08640255779027939,-0.022900763899087906,-2.142467975616455,0.0019786845762324867
22,68,1.0,0.08638911694288254,-0.022900763899087906,-0.0367940291762352,0.0019783767705596478
75,98,1.0,0.05175912007689476,0.038167938590049744,0.515319287776947,0.00197553891656993
24,43,1.0,0.05175510421395302,-0.038167938590049744,-2.0925817489624023,0.0019753856393597835
17,124,1.0,0.05175218731164932,0.038167938590049744,0.24919839203357697,0.001975274307211783
27,91,1.0,0.08624070882797241,0.022900763899087906,0.46081268787384033,0.0019749781113593823
35,46,1.0,0.05171705037355423,0.038167938590049744,1.962587594985962,0.001973933202716327
34,94,1.0,0.0861181989312172,-0.022900763899087906,-2.0193839073181152,0.0019721725411384894
13,39,1.0,0.03682494908571243,-0.05343511328101158,0.5208024382591248,0.0019677453259625277
85,89,1.0,0.036797914654016495,-0.05343511328101158,-0.016813697293400764,0.0019663007380423675
19,70,1.0,0.051454853266477585,-0.038167938590049744,-1.5264486074447632,0.001963925679634937
79,89,1.0,0.05143114924430847,0.038167938590049744,1.506886601448059,0.001963020945972449
63,125,1.0,0.08559803664684296,0.022900763899087906,3.0774970054626465,0.0019602604274748248
13,44,1.0,0.051338694989681244,0.038167938590049744,-0.013787186704576015,0.001959492157659448
40,98,1.0,0.08540826290845871,0.022900763899087906,-0.13973821699619293,0.00195591446389784
36,48,1.0,0.08534040302038193,0.022900763899087906,0.5272024869918823,0.001954360420622775
78,81,1.0,0.05120314285159111,0.038167938590049744,-3.122921943664551,0.001954318411977074
102,119,1.0,0.08521730452775955,0.022900763899087906,3.0949301719665527,0.0019515413711068963
22,64,1.0,0.03644782677292824,-0.05343511328101158,3.072073459625244,0.0019475937524581072
12,110,1.0,0.08489098399877548,0.022900763899087906,2.48103928565979,0.0019440683817172066
63,81,1.0,0.028280198574066162,0.06870228797197342,-3.0939526557922363,0.0019429143463400855
49,71,1.0,0.05089568719267845,-0.038167938590049744,-2.0373427867889404,0.0019425834632685324
20,69,1.0,0.0363445021212101,0.05343511328101158,2.666926383972168,0.0019420725879888273
1,116,1.0,0.08477190136909485,-0.022900763899087906,-2.4990522861480713,0.001941341298530408
43,85,1.0,0.08465632796287537,-0.022900763899087906,-2.8796706199645996,0.0019386945792415622
88,102,0.9999999403953552,0.036250803619623184,-0.05343511328101158,-1.0704643726348877,0.0019370656824841508
26,97,1.0,0.08439470827579498,-0.022900763899087906,3.0360324382781982,0.001932703288556381
39,61,1.0,0.03616445139050484,0.05343511328101158,1.2096766233444214,0.0019324515567972628
44,115,1.0,0.05054977163672447,0.038167938590049744,2.579368829727173,0.001929380579571538
39,75,1.0,0.05031595006585121,-0.038167938590049744,3.058878183364868,0.0019204560922134184
70,117,1.0,0.08384855836629868,0.022900763899087906,0.5060935020446777,0.001920196038425498
31,117,1.0,0.0837647020816803,0.022900763899087906,-0.3211921155452728,0.0019182756654499977
59,110,1.0,0.027881545946002007,0.06870228797197342,0.46070653200149536,0.001915525998686038
21,89,1.0,0.027848131954669952,-0.06870228797197342,-1.5642033815383911,0.00191323038103125
36,85,1.0,0.050115909427404404,0.038167938590049744,1.3978735208511353,0.0019128209534096663
13,76,1.0,0.08341952413320541,-0.022900763899087906,-0.4224710762500763,0.0019103708267488029
28,97,1.0,0.08338234573602676,0.022900763899087906,2.427284002304077,0.001909519413052868
71,100,1.0,0.035727765411138535,-0.05343511328101158,-0.7832242250442505,0.001909117192021595
58,125,1.0,0.03569281846284866,-0.05343511328101158,-0.03157193586230278,0.0019072497978809
9,28,1.0,0.04992355406284332,-0.038167938590049744,-1.6744416952133179,0.0019054791456676323
59,77,1.0,0.08319670706987381,-0.022900763899087906,-0.6516274809837341,0.0019052681457887577
37,96,1.0,0.04991409555077553,-0.038167938590049744,-2.3224198818206787,0.0019051181337598755
3,72,1.0,0.04988212138414383,0.038167938590049744,1.4418994188308716,0.0019038977457314088
4,108,1.0,0.03555494546890259,-0.05343511328101158,-1.7315846681594849,0.0018998825388309992
59,80,1.0,0.035481471568346024,0.05343511328101158,0.6981782913208008,0.0018959564526315614
85,95,1.0,0.0827576294541359,0.022900763899087906,-1.4700145721435547,0.0018952129329773693
2,67,1.0,0.08263339847326279,0.022900763899087906,0.8699101805686951,0.001892367948615442
57,62,1.0,0.03539556637406349,0.05343511328101158,-0.5784383416175842,0.001891366098843647
115,126,1.0,0.035383302718400955,-0.05343511328101158,-2.9908034801483154,0.00189071078901408
18,52,1.0,0.0824769139289856,0.022900763899087906,2.47265887260437,0.0018887843330130938
1,20,1.0,0.08247282356023788,0.022900763899087906,0.38168126344680786,0.0018886906604441422
19,77,1.0,0.04943370819091797,0.038167938590049744,2.502645254135132,0.001886782738509396
29,88,0.9999999403953552,0.04940232262015343,-0.038167938590049744,0.02491248957812786,0.0018855847035822281
76,100,1.0,0.049400873482227325,0.038167938590049744,1.71776282787323,0.0018855295053644694
53,89,1.0,0.02742983214557171,-0.06870228797197342,-1.6781542301177979,0.001884492227087961
50,77,1.0,0.08219759911298752,0.022900763899087906,0.2012936770915985,0.0018823878103584046
71,73,1.0,0.049314241856336594,0.038167938590049744,1.2399946451187134,0.0018822229547875158
39,116,1.0,0.04930626600980759,-0.038167938590049744,-0.5151269435882568,0.001881918533166993
53,88,1.0,0.08213914185762405,0.022900763899087906,-3.077671527862549,0.0018810490945551372
13,75,1.0,0.08206966519355774,0.022900763899087906,1.2685081958770752,0.0018794580258748583
7,30,1.0,0.08203370124101639,0.022900763899087906,2.5978009700775146,0.0018786344238888308
72,90,1.0,0.04921843484044075,-0.038167938590049744,-2.2492640018463135,0.0018785661984883073
36,119,1.0,0.049105603247880936,0.038167938590049744,-0.09801686555147171,0.0018742596491924668
33,50,1.0,0.03504011034965515,0.05343511328101158,1.9773674011230469,0.0018723722659129693
53,107,1.0,0.08173688501119614,0.022900763899087906,2.1173980236053467,0.0018718371054882998
69,73,1.0,0.08172501623630524,0.022900763899087906,-0.03625144809484482,0.001871565301476752
41,82,1.0,0.08166391402482986,-0.022900763899087906,-2.46983003616333,0.0018701660141580423
45,107,1.0,0.034988775849342346,-0.05343511328101158,1.9503368139266968,0.0018696292010735305
38,75,1.0,0.04894830659031868,-0.038167938590049744,-0.4023233652114868,0.0018682559600262105
37,62,1.0,0.08157690614461899,-0.022900763899087906,-1.67130446434021,0.0018681734672359729
18,105,1.0,0.08154570311307907,-0.022900763899087906,3.0389201641082764,0.0018674588939777415
113,122,1.0,0.08154504001140594,-0.022900763899087906,-2.327310562133789,0.001867443708442884
86,122,1.0,0.08149708807468414,-0.022900763899087906,-0.5434015989303589,0.0018663455724615141
31,58,1.0,0.03488634154200554,0.05343511328101158,2.4760406017303467,0.0018641556122571262
65,107,1.0,0.08136685937643051,-0.022900763899087906,-0.7058521509170532,0.0018633632357899221
24,39,1.0,0.24366062879562378,0.007633587811142206,0.14761784672737122,0.0018600048060295193
16,22,1.0,0.02703554928302765,-0.06870228797197342,-2.9367682933807373,0.001857404092323045
13,29,1.0,0.04866202920675278,0.038167938590049744,1.099004864692688,0.001857329342430547
22,40,1.0,0.08101002126932144,0.022900763899087906,1.787510871887207,0.0018551913705488199
10,19,1.0,0.03471279516816139,0.05343511328101158,1.1608549356460571,0.0018548821421112555
31,91,1.0,0.04852712154388428,-0.038167938590049744,-2.8455913066864014,0.001852180195038855
92,106,1.0,0.08086372911930084,0.022900763899087906,-0.0030562570318579674,0.0018518411685609082
116,125,1.0,0.08078711479902267,0.022900763899087906,2.6090946197509766,0.0018500866421009288
55,74,1.0,0.04843997210264206,-0.038167938590049744,-0.18077141046524048,0.0018488538805173649
10,23,1.0,0.08068462461233139,-0.022900763899087906,-0.05323684960603714,0.0018477395385335382
18,27,1.0,0.08068068325519562,0.022900763899087906,0.4348171055316925,0.00184764927844433
77,126,1.0,0.08066828548908234,-0.022900763899087906,-0.48693427443504333,0.0018473653601296935
76,119,1.0,0.026880279183387756,0.06870228797197342,2.8255491256713867,0.0018467366812241481
35,99,1.0,0.04829864948987961,0.038167938590049744,1.4045345783233643,0.0018434598877120623
11,61,1.0,0.04821855574846268,-0.038167938590049744,-2.868882656097412,0.0018404028747082135
107,114,1.0,0.048212576657533646,-0.038167938590049744,-1.6378852128982544,0.00184017466513281
11,67,1.0,0.04818268492817879,0.038167938590049744,0.8466215133666992,0.0018390337594424433
33,105,1.0,0.08014366030693054,0.022900763899087906,0.08663508296012878,0.0018353510426977193
7,88,1.0,0.08012338727712631,0.022900763899087906,2.5965685844421387,0.0018348867748286535
22,73,1.0,0.04799840226769447,0.038167938590049744,1.5797734260559082,0.001832000070173867
90,113,1.0,0.07991009950637817,-0.022900763899087906,-0.41970932483673096,0.0018300023219481876
46,74,1.0,0.04794515296816826,0.038167938590049744,2.360616683959961,0.0018299676541795873
123,126,1.0,0.07990193367004395,-0.022900763899087906,-0.1113942563533783,0.0018298153180582588
80,89,1.0,0.04793369770050049,-0.038167938590049744,-1.5766173601150513,0.0018295304302267112
3,45,1.0,0.07968924939632416,0.022900763899087906,1.1466903686523438,0.001824944685720753
35,105,1.0,0.0796048492193222,-0.022900763899087906,-0.7702478170394897,0.00182301185719419
2,96,1.0,0.07958429306745529,-0.022900763899087906,-2.2541708946228027,0.001822541105613612
32,102,1.0,0.04769567772746086,-0.038167938590049744,-1.05778169631958,0.0018204456985125295
22,32,1.0,0.04760035127401352,-0.038167938590049744,-2.0512595176696777,0.001816807284291344
92,100,1.0,0.04759631305932999,0.038167938590049744,-0.08491441607475281,0.0018166531539612896
29,80,1.0,0.07925296574831009,0.022900763899087906,3.034115791320801,0.00181495345690455
90,93,1.0,0.07923755049705505,-0.022900763899087906,-0.6983436346054077,0.0018146004358751133
70,107,1.0,0.0791148766875267,0.022900763899087906,1.882181167602539,0.0018117911119265029
111,120,1.0,0.07909183204174042,-0.022900763899087906,-2.060328245162964,0.001811263371934213
27,80,1.0,0.07904526591300964,-0.022900763899087906,-0.4647323489189148,0.001810196972014455
9,103,1.0,0.047421980649232864,0.038167938590049744,0.6238828897476196,0.0018099992452384472
40,46,1.0,0.07892518490552902,0.022900763899087906,0.6738978028297424,0.0018074470252133767
10,112,1.0,0.07891528308391571,0.022900763899087906,2.3498075008392334,0.0018072202659344394
20,63,1.0,0.033790018409490585,-0.05343511328101158,-2.238462209701538,0.0018055734614785962
5,68,1.0,0.033775702118873596,-0.05343511328101158,2.5871834754943848,0.0018048084688677135
16,66,1.0,0.07875227183103561,0.022900763899087906,0.32324114441871643,0.0018034871837193378
40,112,1.0,0.07874341309070587,-0.022900763899087906,-2.086378335952759,0.001803284311798603
22,74,1.0,0.07862720638513565,-0.022900763899087906,0.3598974347114563,0.0018006230894708486
21,30,1.0,0.047176066786050797,0.038167938590049744,0.40413933992385864,0.0018006132200100722
9,85,1.0,0.047116126865148544,-0.038167938590049744,-1.8331788778305054,0.0017983254367899826
42,73,1.0,0.047100797295570374,0.038167938590049744,-0.24269737303256989,0.001797740338719711
15,33,1.0,0.026162659749388695,-0.06870228797197342,3.0073492527008057,0.00179743458421526
10,74,1.0,0.04704728722572327,-0.038167938590049744,-0.8866595029830933,0.0017956979696598374
70,98,1.0,0.04697544500231743,-0.038167938590049744,-2.1576004028320312,0.0017929559000887108
29,33,1.0,0.07829060405492783,0.022900763899087906,-0.7148232460021973,0.0017929146389788764
32,98,1.0,0.07829046994447708,0.022900763899087906,2.6172995567321777,0.0017929115677471075
68,118,1.0,0.046966563910245895,-0.038167938590049744,-1.4484516382217407,0.001792616927111912
56,98,1.0,0.046937502920627594,-0.038167938590049744,-2.7439424991607666,0.0017915077290447945
29,40,1.0,0.04685905575752258,0.038167938590049744,1.641769289970398,0.0017885135625408388
9,117,1.0,0.033416569232940674,0.05343511328101158,2.6858394145965576,0.0017856181624249512
52,114,1.0,0.046776045113801956,0.038167938590049744,2.6754226684570312,0.0017853452173889894
63,103,1.0,0.07794619351625443,0.022900763899087906,0.0394786037504673,0.0017850273745483591
9,36,1.0,0.0467149056494236,-0.038167938590049744,-0.7642671465873718,0.0017830116500671678
82,101,1.0,0.03335050120949745,0.05343511328101158,2.1480143070220947,0.00178208781010801
1,32,1.0,0.046660684049129486,0.038167938590049744,2.3508543968200684,0.0017809421233568878
35,72,1.0,0.04663189500570297,0.038167938590049744,1.506134271621704,0.0017798433049153184
15,123,1.0,0.07768521457910538,-0.022900763899087906,-2.4109246730804443,0.0017790507575260739
79,121,1.0,0.04659603536128998,-0.038167938590049744,-0.6568561792373657,0.0017784746162095022
13,41,1.0,0.025872688740491867,0.06870228797197342,1.3108245134353638,0.0017775129124585065
93,121,1.0,0.046567387878894806,-0.038167938590049744,-1.0484943389892578,0.0017773812008606837
37,49,1.0,0.046544816344976425,-0.038167938590049744,-1.8401652574539185,0.0017765196919402038
7,64,1.0,0.013681517913937569,0.12977099418640137,1.9025415182113647,0.0017754641816707384
23,87,1.0,0.0774785503745079,0.022900763899087906,0.03917592391371727,0.0017743179893701944
8,47,1.0,0.025802502408623695,-0.06870228797197342,-1.808509111404419,0.0017726909508748029
77,120,1.0,0.07737156003713608,0.022900763899087906,0.6776204109191895,0.0017718678289145584
51,122,1.0,0.046387288719415665,0.038167938590049744,2.4891886711120605,0.0017705071872015643
37,111,1.0,0.04634647071361542,-0.038167938590049744,-0.35318517684936523,0.0017689492480628122
61,72,1.0,0.07717445492744446,0.022900763899087906,0.31255218386650085,0.0017673539713342068
61,109,1.0,0.07712946087121964,-0.022900763899087906,-0.06832495331764221,0.0017663235730757398
45,71,1.0,0.046265777200460434,0.038167938590049744,2.0861330032348633,0.0017658693430080974
3,29,1.0,0.03304590284824371,0.05343511328101158,-2.351078748703003,0.001765811562169206
48,100,1.0,0.04624466598033905,0.038167938590049744,0.5653977394104004,0.0017650635712549434
17,106,1.0,0.07703841477632523,-0.022900763899087906,0.20550036430358887,0.001764238547952629
48,58,1.0,0.07702842354774475,-0.022900763899087906,-2.8314645290374756,0.0017640097411858457
31,97,1.0,0.03298789635300636,-0.05343511328101158,1.516418695449829,0.0017627119785251638
78,85,1.0,0.03298378735780716,0.05343511328101158,0.4460560083389282,0.0017624924139012232
37,101,1.0,0.07691366970539093,-0.022900763899087906,3.093250274658203,0.0017613817905355877
63,118,1.0,0.046068981289863586,-0.038167938590049744,-1.8657310009002686,0.001758358048777664
118,119,1.0,0.07655370980501175,-0.022900763899087906,3.0341527462005615,0.001753138433843865
74,102,1.0,0.032806120812892914,0.05343511328101158,1.8363443613052368,0.0017529987819474846
8,119,1.0,0.07648160308599472,0.022900763899087906,2.7217767238616943,0.001751487134896118
57,85,1.0,0.04586813226342201,0.038167938590049744,2.79964280128479,0.0017506920554705707
10,27,1.0,0.07642289996147156,-0.022900763899087906,-0.09826387465000153,0.0017501427885012744
32,75,1.0,0.04576690122485161,-0.038167938590049744,-2.6704742908477783,0.0017468282754070086
46,60,1.0,0.04573224112391472,0.038167938590049744,1.745643973350525,0.0017455053708029244
78,117,1.0,0.04558255895972252,0.038167938590049744,1.7767091989517212,0.0017397923111520108
16,59,1.0,0.0758812204003334,-0.022900763899087906,-3.015748977661133,0.001737737912762688
2,112,1.0,0.045520178973674774,-0.038167938590049744,-0.17949338257312775,0.0017374113956752923
114,124,1.0,0.0325135737657547,-0.05343511328101158,0.3738563060760498,0.0017373664973436287
45,60,1.0,0.0455089807510376,-0.038167938590049744,-1.2724556922912598,0.0017369839826013589
90,119,1.0,0.07577041536569595,0.022900763899087906,0.4636220932006836,0.0017352003928256254
77,115,1.0,0.025240281596779823,-0.06870228797197342,-1.5053062438964844,0.0017340650947556685
55,72,1.0,0.075527623295784,0.022900763899087906,1.0678410530090332,0.0017296402689560009
31,104,1.0,0.032365672290325165,-0.05343511328101158,-2.574002742767334,0.0017294633652496227
44,107,1.0,0.02516772411763668,-0.06870228797197342,2.445430040359497,0.0017290802299290559
39,96,1.0,0.03232964128255844,-0.05343511328101158,-0.8511882424354553,0.0017275380442679789
2,86,1.0,0.03223508596420288,0.05343511328101158,1.1089985370635986,0.0017224854701203274
70,125,1.0,0.07514724880456924,0.022900763899087906,2.781144618988037,0.0017209294025394561
38,115,1.0,0.02503986470401287,-0.06870228797197342,-1.0297685861587524,0.0017202959956743452
3,75,1.0,0.07511778175830841,0.022900763899087906,0.6885196566581726,0.0017202545846702333
85,115,1.0,0.045050010085105896,-0.038167938590049744,-1.065492033958435,0.0017194660184094435
23,118,1.0,0.03213300183415413,-0.05343511328101158,-2.5515778064727783,0.0017170305930669788
53,80,1.0,0.07488434761762619,-0.022900763899087906,-2.7905807495117188,0.0017149087645284833
24,38,1.0,0.03208169341087341,0.05343511328101158,1.9235750436782837,0.0017142889216567037
96,106,1.0,0.07481487840414047,0.022900763899087906,0.3054645359516144,0.0017133178664721915
93,115,1.0,0.032008569687604904,-0.05343511328101158,-1.8822534084320068,0.0017103815472203215
31,73,1.0,0.032007649540901184,0.05343511328101158,2.5727527141571045,0.001710332379076973
15,68,1.0,0.07467929273843765,0.022900763899087906,0.8831773996353149,0.0017102128511538306
49,57,1.0,0.03196461498737335,0.05343511328101158,0.9799216985702515,0.0017080328228342156
5,93,1.0,0.044708721339702606,0.038167938590049744,2.3346364498138428,0.0017064397305334156
53,78,1.0,0.07440879940986633,-0.022900763899087906,-0.3418063819408417,0.0017040183472999404
34,125,1.0,0.04462242126464844,0.038167938590049744,2.759826183319092,0.0017031458345684314
53,73,1.0,0.0743638351559639,0.022900763899087906,2.754570722579956,0.001702988631537422
6,125,1.0,0.07435015588998795,0.022900763899087906,0.417397677898407,0.001702675365896994
29,39,0.9999999403953552,0.04459778219461441,0.038167938590049744,2.9134199619293213,0.0017022053105971077
32,119,1.0,0.07427537441253662,-0.022900763899087906,-1.8232907056808472,0.0017009628129378562
47,105,1.0,0.04450676590204239,-0.038167938590049744,-2.6076266765594482,0.0016987315077908738
18,76,1.0,0.07411549985408783,-0.022900763899087906,0.8309500813484192,0.0016973015634213495
79,115,1.0,0.031759969890117645,0.05343511328101158,2.0808041095733643,0.0016970975888799533
61,99,1.0,0.07406479120254517,0.022900763899087906,-0.2852851152420044,0.0016961402965647299
12,120,1.0,0.07387050986289978,0.022900763899087906,2.8550004959106445,0.0016916911054755124
38,121,1.0,0.03164586424827576,-0.05343511328101158,-2.3107802867889404,0.0016910003409821295
97,114,1.0,0.07382857799530029,-0.022900763899087906,-0.6903507113456726,0.0016907308336757687
20,94,1.0,0.04423973709344864,0.038167938590049744,2.4226667881011963,0.0016885395686226934
31,49,1.0,0.04423043876886368,0.038167938590049744,2.891509771347046,0.0016881846707409442
36,98,1.0,0.04422985762357712,-0.038167938590049744,0.03330943360924721,0.001688162489623335
96,113,1.0,0.07366113364696503,-0.022900763899087906,-2.928800106048584,0.0016868962301883061
12,87,1.0,0.0736522376537323,-0.022900763899087906,-0.21382597088813782,0.0016866925051476356
1,73,1.0,0.03155745938420296,-0.05343511328101158,-1.8645724058151245,0.001686276417055807
30,101,1.0,0.07343454658985138,-0.022900763899087906,-3.006605625152588,0.0016817072134907574
63,73,1.0,0.02000453695654869,0.08396946638822556,2.1055190563201904,0.0016797702935849312
45,97,1.0,0.04396504536271095,0.038167938590049744,-0.7792335748672485,0.001678055151512703
23,84,1.0,0.07325363904237747,-0.022900763899087906,-0.2546176314353943,0.0016775642924584944
12,121,1.0,0.04393269866704941,0.038167938590049744,2.560190200805664,0.001676820544819102
26,106,1.0,0.07321291416883469,0.022900763899087906,-2.9749021530151367,0.0016766316617446708
23,120,1.0,0.07310545444488525,0.022900763899087906,-0.051470398902893066,0.0016741707519778437
41,56,1.0,0.04382645711302757,-0.038167938590049744,-1.103352427482605,0.0016727655237094852
13,94,1.0,0.07302209734916687,-0.022900763899087906,-2.838592290878296,0.0016722618108094833
89,96,1.0,0.024294042959809303,0.06870228797197342,-2.8897769451141357,0.0016690563354283122
49,54,1.0,0.21823103725910187,-0.007633587811142206,-3.0774660110473633,0.0016658857860340007
15,88,1.0,0.0434923879802227,-0.038167938590049744,-2.352879524230957,0.0016600147935637577
19,63,1.0,0.04346786066889763,0.038167938590049744,0.6713032126426697,0.0016590786366513233
18,39,1.0,0.043453626334667206,-0.038167938590049744,-0.24080930650234222,0.0016585353414565462
52,125,1.0,0.21717937290668488,0.007633587811142206,0.1692100465297699,0.0016578578138519776
12,85,1.0,0.031013350933790207,0.05343511328101158,0.554181694984436,0.001657201920370846
2,75,1.0,0.07211752235889435,0.022900763899087906,3.136794090270996,0.0016515463525282326
94,126,1.0,0.0720202848315239,0.022900763899087906,-0.6108447909355164,0.0016493195388717907
23,74,1.0,0.07200970500707626,-0.022900763899087906,-0.8781797289848328,0.0016490772528100217
49,116,1.0,0.043130237609148026,0.038167938590049744,1.2929255962371826,0.0016461922604402157
40,97,1.0,0.07187934219837189,0.022900763899087906,2.3032472133636475,0.0016460918449066608
28,56,1.0,0.02395234815776348,0.06870228797197342,1.150629997253418,0.0016455811207396337
40,85,1.0,0.04310566931962967,0.038167938590049744,1.3849774599075317,0.0016452545394746165
1,24,1.0,0.07176356017589569,0.022900763899087906,0.36422446370124817,0.0016434403481461746
40,47,1.0,0.07170387357473373,0.022900763899087906,-0.19776007533073425,0.0016420734793850256
103,114,1.0,0.043012890964746475,-0.038167938590049744,-1.5719114542007446,0.001641713380922949
17,61,1.0,0.043008167296648026,-0.038167938590049744,-1.2507718801498413,0.0016415330882490475
3,16,1.0,0.07146095484495163,0.022900763899087906,0.28382235765457153,0.0016365104549076193
102,112,1.0,0.07144472748041153,-0.022900763899087906,3.0109143257141113,0.001636138835863582
44,67,1.0,0.04285876825451851,-0.038167938590049744,-2.2184243202209473,0.0016358308347836359
42,120,1.0,0.03060239367187023,-0.05343511328101158,-2.0062367916107178,0.0016352423725264978
27,54,1.0,0.042818333953619,0.038167938590049744,2.9599835872650146,0.001634287540869972
23,54,1.0,0.07135704904794693,-0.022900763899087906,-0.3534746468067169,0.001634130932782668
107,113,1.0,0.04279864579439163,0.038167938590049744,0.2588239908218384,0.0016335360844176305
2,104,1.0,0.030517878010869026,-0.05343511328101158,-0.8091270327568054,0.0016307262686068788
24,115,1.0,0.04269900545477867,0.038167938590049744,1.4247777462005615,0.0016297330180541914
80,100,1.0,0.07110219448804855,0.022900763899087906,0.5859333276748657,0.0016282945686778294
75,94,1.0,0.07105916738510132,0.022900763899087906,0.27464091777801514,0.001627309215151973
39,62,1.0,0.07105127722024918,-0.022900763899087906,-1.6318265199661255,0.0016271285243495692
78,97,1.0,0.07102709263563156,-0.022900763899087906,-3.033400535583496,0.0016265746788872437
121,126,1.0,0.07098016142845154,-0.022900763899087906,-2.6295583248138428,0.0016254999183921148
4,37,1.0,0.07096707820892334,-0.022900763899087906,-0.5806173086166382,0.0016252003026706596
10,86,1.0,0.07093017548322678,-0.022900763899087906,0.48989203572273254,0.0016243552020622498
46,81,1.0,0.07092637568712234,0.022900763899087906,0.15101921558380127,0.0016242681838287976
36,51,1.0,0.07081617414951324,-0.022900763899087906,-0.4407062530517578,0.001621744484434695
28,54,1.0,0.023557230830192566,-0.06870228797197342,-0.9817067384719849,0.0016184356563181401
98,120,1.0,0.042317796498537064,-0.038167938590049744,1.1298518180847168,0.0016151830580223847
2,111,1.0,0.0423084981739521,0.038167938590049744,0.4393173158168793,0.0016148281601406356
14,70,1.0,0.042275093495845795,0.038167938590049744,2.4522624015808105,0.0016135531724380536
8,58,1.0,0.04227115958929062,-0.038167938590049744,-1.144391655921936,0.0016134030233342367
4,74,1.0,0.0703674703836441,-0.022900763899087906,-0.2159733772277832,0.0016114688254318943
35,41,1.0,0.04222032427787781,0.038167938590049744,2.0929057598114014,0.0016114627442900264
3,62,1.0,0.04221242666244507,-0.038167938590049744,-1.165383219718933,0.0016111613085891818
49,62,1.0,0.042209744453430176,0.038167938590049744,0.6693770289421082,0.0016110589342002157
54,98,1.0,0.07031970471143723,-0.022900763899087906,-2.5469651222229004,0.0016103749550502033
35,95,1.0,0.030134987086057663,-0.05343511328101158,-0.4983005225658417,0.0016102664486653123
41,90,1.0,0.21043559908866882,-0.007633587811142206,-0.24223272502422333,0.0016063786242336703
15,117,1.0,0.023368269205093384,-0.06870228797197342,-2.619110107421875,0.001605453560334924
66,112,1.0,0.04202406480908394,0.038167938590049744,-0.3569234311580658,0.0016039719249373863
80,104,1.0,0.029984578490257263,-0.05343511328101158,-2.0153963565826416,0.00160222934831028
7,119,1.0,0.06986922025680542,0.022900763899087906,0.5535008907318115,0.001600058516914471
51,80,1.0,0.0419180765748024,0.038167938590049744,-2.8829610347747803,0.0015999265725200607
1,26,1.0,0.06980139762163162,0.022900763899087906,1.7568728923797607,0.0015985053267593419
55,125,1.0,0.06977182626724243,0.022900763899087906,2.146296977996826,0.0015978281201542988
60,85,1.0,0.041860416531562805,-0.038167938590049744,-1.2867517471313477,0.0015977258075305922
28,117,1.0,0.20908765494823456,-0.007633587811142206,-0.3771567642688751,0.0015960889742731507
17,117,1.0,0.06966834515333176,-0.022900763899087906,-0.48732149600982666,0.0015954583235966158
49,53,1.0,0.06938561052083969,-0.022900763899087906,-0.6728656888008118,0.0015889834845318196
108,113,1.0,0.06938289850950241,0.022900763899087906,-0.3726828098297119,0.0015889213774004929
63,69,1.0,0.02968914806842804,0.05343511328101158,2.250852346420288,0.0015864429902531785
78,115,1.0,0.06914599239826202,-0.022900763899087906,3.1382391452789307,0.0015834960464807257
30,61,1.0,0.02962820790708065,-0.05343511328101158,-1.1392472982406616,0.0015831866458282176
91,97,1.0,0.041413914412260056,0.038167938590049744,3.005469799041748,0.0015806837420607178
55,76,1.0,0.06891227513551712,0.022900763899087906,-3.108247995376587,0.0015781437426274636
77,96,1.0,0.068900927901268,0.022900763899087906,0.553651750087738,0.001577883882295017
43,52,1.0,0.029513146728277206,0.05343511328101158,2.0669620037078857,0.0015770383387046089
80,81,1.0,0.029493993148207664,0.05343511328101158,2.6504764556884766,0.001576014864983856
14,21,1.0,0.04126161336898804,0.038167938590049744,-0.004867836833000183,0.001574870725193911
51,85,1.0,0.029445812106132507,-0.05343511328101158,-1.084236979484558,0.0015734403055425727
30,113,1.0,0.04119197279214859,0.038167938590049744,1.66434645652771,0.0015722126879337273
49,75,1.0,0.02941860258579254,-0.05343511328101158,-1.0237529277801514,0.0015719863617408847
4,17,1.0,0.06859893351793289,0.022900763899087906,-0.18719956278800964,0.0015709679802234089
79,86,1.0,0.20572061836719513,-0.007633587811142206,0.035651568323373795,0.0015703864048684582
68,88,1.0,0.06854285299777985,-0.022900763899087906,0.20144343376159668,0.001569683693472046
106,111,1.0,0.04110022634267807,-0.038167938590049744,-1.0179990530014038,0.0015687109150844813
55,103,1.0,0.06848711520433426,-0.022900763899087906,-0.492080956697464,0.0015684072554240924
14,18,1.0,0.06845570355653763,-0.022900763899087906,-2.8786466121673584,0.0015676879046942205
37,72,1.0,0.06844305992126465,0.022900763899087906,-2.867288589477539,0.0015673983557880078
24,34,1.0,0.04096326231956482,-0.038167938590049744,-2.7092654705047607,0.0015634832806612486
83,94,1.0,0.06822033226490021,-0.022900763899087906,-2.922076940536499,0.0015622977223158085
86,114,1.0,0.040928494185209274,-0.038167938590049744,0.2703268527984619,0.0015621562526442756
24,59,1.0,0.06817617267370224,0.022900763899087906,0.3081350028514862,0.0015612864339439037
6,13,1.0,0.022708198055624962,0.06870228797197342,1.9318057298660278,0.001560105162142153
3,21,1.0,0.04086902365088463,0.038167938590049744,1.9147554636001587,0.001559886384942255
35,57,1.0,0.029174072667956352,0.05343511328101158,-2.460293769836426,0.0015589198778807115
29,108,1.0,0.04083319753408432,-0.038167938590049744,-2.1763224601745605,0.001558518975916301
93,116,1.0,0.02267896756529808,0.06870228797197342,0.5435649752616882,0.0015580969605781536
12,16,1.0,0.04082060977816582,-0.038167938590049744,-1.0475280284881592,0.001558038527221417
11,105,1.0,0.0679343119263649,-0.022900763899087906,-3.1410210132598877,0.0015557476380726742
10,104,1.0,0.04073752090334892,-0.038167938590049744,-0.5508807897567749,0.0015548671961498894
41,72,1.0,0.06782616674900055,0.022900763899087906,-0.2862565517425537,0.0015532710308990283
35,66,1.0,0.04065237566828728,-0.038167938590049744,-1.8472517728805542,0.0015516173780468212
60,124,1.0,0.040540989488363266,0.038167938590049744,1.899335265159607,0.0015473659971717013
37,39,1.0,0.06754225492477417,0.022900763899087906,1.718090295791626,0.0015467692332442606
54,102,1.0,0.06751628965139389,-0.022900763899087906,-0.6818730235099792,0.0015461746086490036
20,105,1.0,0.06750278174877167,-0.022900763899087906,-2.9532504081726074,0.0015458652673602802
47,74,1.0,0.20249229669570923,0.007633587811142206,0.22316497564315796,0.0015457427279065572
88,95,1.0,0.040480248630046844,-0.038167938590049744,0.9195502996444702,0.0015450476438215732
103,105,1.0,0.04047514498233795,-0.038167938590049744,2.9186692237854004,0.001544852848109235
98,109,1.0,0.040456242859363556,-0.038167938590049744,-0.15486843883991241,0.0015441313930403266
102,120,1.0,0.2020016312599182,0.007633587811142206,0.12037947028875351,0.0015419971902165541
37,57,1.0,0.040363989770412445,-0.038167938590049744,0.5659828782081604,0.0015406102828064983
32,68,1.0,0.06723228842020035,0.022900763899087906,-2.0572986602783203,0.00153967076350639
75,107,1.0,0.040255460888147354,0.038167938590049744,0.9624208807945251,0.0015364679590929575
52,63,1.0,0.20120850205421448,-0.007633587811142206,-3.095425605773926,0.0015359427687792332
34,109,1.0,0.06692083925008774,0.022900763899087906,3.048814535140991,0.0015325383395950742
49,93,1.0,0.04014775529503822,0.038167938590049744,1.9996178150177002,0.0015323570586293633
44,108,1.0,0.06688687205314636,0.022900763899087906,3.1352667808532715,0.001531760464837606
69,74,1.0,0.06661495566368103,-0.022900763899087906,-2.6675429344177246,0.001525533371802168
51,77,1.0,0.066549152135849,0.022900763899087906,-0.20127202570438385,0.0015240264207475596
102,104,1.0,0.03992699459195137,0.038167938590049744,2.4163613319396973,0.0015239310776708481
51,58,1.0,0.06654267758131027,0.022900763899087906,-2.8425121307373047,0.0015238781485027164
3,97,1.0,0.06647888571023941,0.022900763899087906,-2.9995248317718506,0.0015224172659246415
38,119,1.0,0.06645771116018295,-0.022900763899087906,3.0851876735687256,0.0015219323525531292
88,96,1.0,0.039754435420036316,-0.038167938590049744,-2.159263849258423,0.0015173448497940445
14,124,1.0,0.19844548404216766,0.007633587811142206,3.002366065979004,0.0015148510281605063
36,92,1.0,0.03967219963669777,-0.038167938590049744,3.042121171951294,0.0015142060794656742
67,115,1.0,0.06608497351408005,0.022900763899087906,0.5279229283332825,0.0015133963757234248
27,38,1.0,0.01800261251628399,-0.08396946638822556,-0.6815440654754639,0.001511669766586357
91,125,1.0,0.06600349396467209,-0.022900763899087906,-2.3929331302642822,0.001511530431799829
24,87,1.0,0.06598440557718277,0.022900763899087906,0.6272546052932739,0.0015110932931447218
30,50,1.0,0.06590238213539124,0.022900763899087906,-3.010941505432129,0.0015092148936700633
8,79,1.0,0.028200218454003334,-0.05343511328101158,-2.6609110832214355,0.0015068818676389414
8,25,1.0,0.03947962075471878,0.038167938590049744,-0.42851245403289795,0.0015068557405245597
26,125,1.0,0.06576812267303467,0.022900763899087906,0.8273265957832336,0.0015061402494214171
28,89,1.0,0.03944156691431999,-0.038167938590049744,3.1134302616119385,0.0015054033038811032
2,118,1.0,0.03939751908183098,-0.038167938590049744,2.9799437522888184,0.0015037220889156377
103,120,1.0,0.0656622126698494,-0.022900763899087906,-2.7257564067840576,0.0015037148294439195
13,16,1.0,0.0655912458896637,0.022900763899087906,2.7054383754730225,0.0015020896359662084
20,38,1.0,0.028103629127144814,0.05343511328101158,0.8271178603172302,0.0015017206060165197
34,73,1.0,0.03932332247495651,0.038167938590049744,-2.6008567810058594,0.001500890157380863
115,120,1.0,0.03931610286235809,-0.038167938590049744,1.6902050971984863,0.0015006145996505627
69,104,1.0,0.19652964174747467,-0.007633587811142206,0.0817086398601532,0.0015002262777716671
122,123,1.0,0.19601325690746307,0.007633587811142206,-3.136772632598877,0.001496284408751096
44,82,1.0,0.06533266603946686,0.022900763899087906,1.1313689947128296,0.001496167959867789
9,21,1.0,0.03918113559484482,0.038167938590049744,-1.1595948934555054,0.0014954631772724492
16,50,1.0,0.039174921810626984,-0.038167938590049744,2.9568471908569336,0.001495226009938011
25,35,1.0,0.03916933760046959,0.038167938590049744,0.3619200885295868,0.0014950128721476497
13,18,1.0,0.0651150718331337,0.022900763899087906,0.335843563079834,0.001491184886322744
67,79,1.0,0.0390685610473156,-0.038167938590049744,-1.127951741218567,0.0014911664388555512
77,89,1.0,0.19529670476913452,-0.007633587811142206,-0.09054023027420044,0.0014908145450819033
23,64,1.0,0.06508924067020416,0.022900763899087906,-2.714146375656128,0.0014905933329592558
45,64,1.0,0.017745135352015495,0.08396946638822556,2.2274811267852783,0.0014900495464955782
2,69,1.0,0.06496602296829224,0.022900763899087906,0.27776333689689636,0.0014877715534595826
32,79,1.0,0.06493332237005234,-0.022900763899087906,-1.1428059339523315,0.0014870226847799317
28,41,1.0,0.03895978629589081,0.038167938590049744,2.4597201347351074,0.001487014730823022
11,123,1.0,0.06476965546607971,-0.022900763899087906,-2.9624438285827637,0.00148327458765396
87,89,1.0,0.03885572776198387,0.038167938590049744,0.023110125213861465,0.0014830430310910914
43,54,1.0,0.06467996537685394,0.022900763899087906,1.9358359575271606,0.0014812206160965125
4,48,1.0,0.038801535964012146,-0.038167938590049744,-2.6135544776916504,0.0014809746418740222
18,90,1.0,0.027671964839100838,-0.05343511328101158,-1.4333410263061523,0.0014786545758855227
30,87,1.0,0.02766168676316738,-0.05343511328101158,-1.3027877807617188,0.0014781053657337076
38,95,1.0,0.038704827427864075,-0.038167938590049744,-1.1944671869277954,0.001477283476405189
39,72,1.0,0.06444818526506424,-0.022900763899087906,-1.6836599111557007,0.0014759126744799123
17,26,1.0,0.06444801390171051,0.022900763899087906,-2.8102893829345703,0.0014759087501282075
3,82,1.0,0.06442925333976746,0.022900763899087906,1.6520888805389404,0.0014754791189285354
1,75,1.0,0.19278091192245483,-0.007633587811142206,-3.0552597045898438,0.0014716100194721304
97,104,1.0,0.02134329080581665,-0.06870228797197342,-0.9982724785804749,0.0014663329112107881
7,47,1.0,0.02741840109229088,0.05343511328101158,1.3854176998138428,0.0014651053683507748
92,109,1.0,0.06390341371297836,-0.022900763899087906,0.4567480981349945,0.001463436989786654
6,52,1.0,0.03830970823764801,-0.038167938590049744,-2.216726303100586,0.001462202591417272
12,115,1.0,0.03818795830011368,-0.038167938590049744,2.600242853164673,0.0014575556472781193
91,101,1.0,0.06361576169729233,-0.022900763899087906,3.1173465251922607,0.0014568495388903313
10,83,1.0,0.027151744812726974,-0.05343511328101158,-2.3951117992401123,0.0014508565598451845
73,92,1.0,0.06332585960626602,0.022900763899087906,0.2967948019504547,0.001450210559549886
7,71,1.0,0.06330244243144989,0.022900763899087906,1.6899574995040894,0.001449674288358238
31,39,1.0,0.0632152184844017,-0.022900763899087906,-0.021098798140883446,0.001447676793340541
22,71,1.0,0.06320147961378098,0.022900763899087906,0.7889063954353333,0.0014473621627082156
10,12,1.0,0.06315293908119202,0.022900763899087906,2.9659671783447266,0.0014462505474318599
2,107,1.0,0.06314177066087723,-0.022900763899087906,2.8422369956970215,0.0014459947820751051
45,73,1.0,0.06312578171491623,0.022900763899087906,2.9113640785217285,0.001445628622998657
104,109,1.0,0.06308148801326752,-0.022900763899087906,0.019627423956990242,0.0014446142633949832
24,35,1.0,0.03783934563398361,0.038167938590049744,2.8787693977355957,0.0014442498204455534
46,86,1.0,0.06305728852748871,-0.022900763899087906,0.5596052408218384,0.0014440600766846834
69,103,1.0,0.03779983147978783,0.038167938590049744,1.1015604734420776,0.0014427416466347709
4,117,1.0,0.18899361789226532,-0.007633587811142206,3.1400763988494873,0.0014426993779260641
68,77,1.0,0.03779222443699837,-0.038167938590049744,-1.4363510608673096,0.001442451301492731
73,98,1.0,0.03778328001499176,-0.038167938590049744,-2.06614351272583,0.0014421099113428593
4,43,1.0,0.06292559951543808,0.022900763899087906,-2.9646549224853516,0.0014410442977116078
51,90,1.0,0.03769468516111374,-0.038167938590049744,-0.815339207649231,0.0014387284284006485
84,98,0.9999999403953552,0.0627957135438919,0.022900763899087906,2.9443306922912598,0.0014380697240277851
28,96,1.0,0.03760749101638794,-0.038167938590049744,-0.7358790040016174,0.0014354004076393423
33,119,1.0,0.18798524141311646,0.007633587811142206,0.1199035570025444,0.0014350018475257909
82,84,1.0,0.03742766007781029,0.038167938590049744,-3.1235737800598145,0.0014285366314191195
33,60,1.0,0.03742482513189316,0.038167938590049744,-2.288501024246216,0.0014284284273774484
30,34,1.0,0.06228463351726532,0.022900763899087906,-0.3442915081977844,0.0014263656867201102
4,64,1.0,0.06214001774787903,0.022900763899087906,-0.23304224014282227,0.0014230538751293098
18,110,1.0,0.06207653135061264,0.022900763899087906,-2.8109357357025146,0.0014215999881347086
55,106,1.0,0.061964910477399826,0.022900763899087906,2.8335914611816406,0.0014190437848710519
15,46,1.0,0.026536470279097557,-0.05343511328101158,1.8327364921569824,0.001417979295441775
30,38,1.0,0.1856345534324646,0.007633587811142206,0.07105118781328201,0.0014170576644088884
29,98,1.0,0.037120599299669266,-0.038167938590049744,-1.7409690618515015,0.00141681675449562
67,81,1.0,0.037024617195129395,-0.038167938590049744,-0.522449791431427,0.0014131533154237985
20,103,1.0,0.06167210638523102,-0.022900763899087906,-0.09058735519647598,0.0014123383474876072
35,59,1.0,0.06157247722148895,0.022900763899087906,2.3329567909240723,0.0014100567635312866
46,50,1.0,0.061486873775720596,0.022900763899087906,-2.619886636734009,0.0014080963792307971
53,60,1.0,0.036878280341625214,-0.038167938590049744,-1.3521777391433716,0.0014075679393857898
15,50,1.0,0.061455365270376205,-0.022900763899087906,-1.9073258638381958,0.001407374810389092
58,64,1.0,0.02631165273487568,-0.05343511328101158,-1.3098349571228027,0.00140596614449872
47,102,1.0,0.036834847182035446,-0.038167938590049744,0.6687741875648499,0.0014059101852177958
50,103,1.0,0.03681832179427147,-0.038167938590049744,-2.2679498195648193,0.0014052794452324435
12,44,1.0,0.06130063161253929,-0.022900763899087906,-0.2964111566543579,0.0014038312914237266
65,118,1.0,0.06126929819583893,-0.022900763899087906,-2.0524399280548096,0.0014031137322457199
69,118,1.0,0.061112772673368454,0.022900763899087906,2.4007279872894287,0.0013995291782114422
13,78,1.0,0.061072781682014465,0.022900763899087906,0.2371881902217865,0.001398613353960354
27,75,1.0,0.06105288118124008,0.022900763899087906,0.3704211413860321,0.0013981576172906462
45,57,1.0,0.03661814704537392,-0.038167938590049744,-1.781800627708435,0.0013976391877092431
18,21,1.0,0.03661585971713066,0.038167938590049744,1.9702974557876587,0.0013975518851053192
17,62,1.0,0.06100406497716904,0.022900763899087906,-0.5397294759750366,0.0013970396889267656
34,74,1.0,0.03657323867082596,0.038167938590049744,2.1593265533447266,0.0013959251276273177
80,123,1.0,0.020306359976530075,0.06870228797197342,0.7565968632698059,0.0013950933907701246
43,68,1.0,0.036512427031993866,-0.038167938590049744,-1.7825380563735962,0.001393604072730814
67,106,1.0,0.06079500541090965,-0.022900763899087906,0.36988702416419983,0.0013922520651590137
11,70,1.0,0.060787711292505264,-0.022900763899087906,0.2262701392173767,0.0013920850242755828
13,48,1.0,0.06068648025393486,-0.022900763899087906,-0.7455354928970337,0.0013897667561620225
42,56,1.0,0.060676973313093185,-0.022900763899087906,-2.565868616104126,0.0013895490399544047
22,97,1.0,0.060640644282102585,0.022900763899087906,-3.1174938678741455,0.0013887170773930063
2,91,1.0,0.02598695084452629,-0.05343511328101158,-2.4534573554992676,0.001388615662205342
16,39,1.0,0.036344800144433975,0.038167938590049744,-0.5620908737182617,0.001387206099980387
2,25,1.0,0.03634290397167206,-0.038167938590049744,-2.8715994358062744,0.001387133726974854
17,65,1.0,0.06056302413344383,-0.022900763899087906,-2.47548770904541,0.0013869395166947601
87,120,1.0,0.18115228414535522,0.007633587811142206,-3.0378096103668213,0.0013828418682125532
109,113,1.0,0.020120535045862198,-0.06870228797197342,-0.49856239557266235,0.0013823267928710081
15,23,1.0,0.036204151809215546,0.038167938590049744,1.739250898361206,0.0013818378429589773
95,121,1.0,0.060247521847486496,-0.022900763899087906,-0.49544957280158997,0.0013797142733344286
34,106,1.0,0.03613944351673126,-0.038167938590049744,-1.832706093788147,0.0013793680608251702
58,77,1.0,0.03610499948263168,0.038167938590049744,0.8464704155921936,0.0013780534030468639
61,126,1.0,0.0257814172655344,-0.05343511328101158,-2.9076147079467773,0.0013776329521288586
60,119,1.0,0.03609393537044525,0.038167938590049744,0.5843687057495117,0.0013776311086923787
84,121,1.0,0.06015279144048691,0.022900763899087906,2.7739481925964355,0.0013775448746496666
62,103,1.0,0.0600786916911602,0.022900763899087906,-2.7071971893310547,0.001375847933785354
31,102,1.0,0.025710050016641617,0.05343511328101158,-3.0625908374786377,0.0013738194350997185
17,57,1.0,0.059920407831668854,0.022900763899087906,2.7664835453033447,0.0013722231124901063
10,20,1.0,0.05989471822977066,0.022900763899087906,2.7376174926757812,0.0013716348009823742
28,49,1.0,0.05987314134836197,-0.022900763899087906,-2.1908297538757324,0.0013711406739155552
28,103,1.0,0.035921789705753326,0.038167938590049744,0.8994713425636292,0.001371060663533874
21,23,1.0,0.03591608628630638,0.038167938590049744,-0.081427201628685,0.0013708429757706697
4,52,1.0,0.05979657173156738,-0.022900763899087906,-2.7073895931243896,0.0013693871711994987
16,43,1.0,0.059683527797460556,0.022900763899087906,-2.2411141395568848,0.0013667983787542942
2,93,1.0,0.05965156853199005,-0.022900763899087906,-1.4615504741668701,0.001366066487161366
28,74,1.0,0.17887933552265167,-0.007633587811142206,-3.0598151683807373,0.0013654911153109309
6,74,1.0,0.059580665081739426,0.022900763899087906,2.8204965591430664,0.0013644427439875456
49,66,1.0,0.03566206991672516,0.038167938590049744,2.875438690185547,0.0013611476945756262
55,58,1.0,0.059129465371370316,-0.022900763899087906,-1.4753469228744507,0.0013541099259490458
99,109,1.0,0.05912387743592262,-0.022900763899087906,-2.0239908695220947,0.0013539819579586748
19,82,1.0,0.17735420167446136,0.007633587811142206,0.08373409509658813,0.001353848872157025
40,74,1.0,0.17728528380393982,0.007633587811142206,-2.995840072631836,0.0013533227815406418
63,94,1.0,0.05908440798521042,-0.022900763899087906,-1.8791886568069458,0.001353078077386688
30,70,1.0,0.17724736034870148,0.007633587811142206,-3.017605781555176,0.001353033289514978
23,76,1.0,0.05903797596693039,-0.022900763899087906,-2.504140853881836,0.0013520147486986989
47,124,1.0,0.059005532413721085,-0.022900763899087906,2.653299331665039,0.001351271766546605
38,105,1.0,0.058854106813669205,0.022900763899087906,1.0765787363052368,0.0013478040046315393
25,43,1.0,0.058727819472551346,-0.022900763899087906,0.09373659640550613,0.0013449119280491556
3,69,1.0,0.035214174538850784,0.038167938590049744,1.7329517602920532,0.00134405245129815
59,76,1.0,0.03514350578188896,-0.038167938590049744,-1.6142234802246094,0.001341355170522196
80,110,0.9999999403953552,0.058405954390764236,0.022900763899087906,-0.4476902484893799,0.0013375408920801338
51,100,1.0,0.025024546310305595,0.05343511328101158,0.21885085105895996,0.0013371894668970999
75,111,1.0,0.05839012563228607,-0.022900763899087906,0.6966668367385864,0.0013371784811430643
11,108,1.0,0.05833926424384117,0.022900763899087906,0.6386456489562988,0.0013360137164947078
45,113,1.0,0.02495446614921093,0.05343511328101158,0.5157596468925476,0.001333444725550255
29,112,1.0,0.034933388233184814,-0.038167938590049744,-0.42904791235923767,0.0013333354168265643
54,119,1.0,0.05821160972118378,-0.022900763899087906,-3.0610814094543457,0.00133309033041068
23,103,1.0,0.01940196193754673,0.06870228797197342,1.8936787843704224,0.0013329591762546028
78,92,1.0,0.02493147924542427,-0.05343511328101158,2.8108720779418945,0.001332216417742435
13,73,1.0,0.05802970752120018,-0.022900763899087906,-2.828265428543091,0.001328924631076131
50,124,1.0,0.02479701116681099,0.05343511328101158,1.664345622062683,0.0013250311007290544
16,36,1.0,0.05784812197089195,0.022900763899087906,0.1930398941040039,0.0013247661832610363
57,113,1.0,0.05780266970396042,-0.022900763899087906,-0.0485466793179512,0.001323725291627359
66,68,1.0,0.034647464752197266,-0.038167938590049744,0.23874805867671967,0.0013224223069627783
67,117,1.0,0.034626562148332596,0.038167938590049744,-0.791985273361206,0.0013216244976620994
65,96,1.0,0.02472226321697235,0.05343511328101158,2.8814268112182617,0.0013210369355619034
50,111,1.0,0.034569162875413895,0.038167938590049744,0.3623303174972534,0.001319433685738225
54,86,1.0,0.034562744200229645,0.038167938590049744,0.30818068981170654,0.001319188698137963
57,126,1.0,0.03444633632898331,-0.038167938590049744,-1.6711143255233765,0.0013147456496568344
58,74,1.0,0.17213384807109833,-0.007633587811142206,-0.17856058478355408,0.0013139988445205406
1,56,1.0,0.03442341834306717,0.038167938590049744,0.6918836832046509,0.0013138709173777796
10,121,1.0,0.17206834256649017,0.007633587811142206,2.900712013244629,0.001313498802499001
19,95,1.0,0.0343463271856308,-0.038167938590049744,-2.3505032062530518,0.0013109285068149124
82,87,1.0,0.03428322821855545,-0.038167938590049744,-0.7177100777626038,0.001308520149314485
90,99,1.0,0.057101402431726456,0.022900763899087906,1.565727949142456,0.0013076657353957716
77,97,1.0,0.17125894129276276,0.007633587811142206,2.971389055252075,0.0013073201668015524
7,14,1.0,0.02442358247935772,0.05343511328101158,-0.7373268604278564,0.0013050768965126094
63,84,1.0,0.056899797171354294,0.022900763899087906,-2.133650302886963,0.0013030488209271746
19,101,1.0,0.056886348873376846,0.022900763899087906,0.3036721646785736,0.0013027408446303484
17,37,1.0,0.056863222271203995,0.022900763899087906,2.656247615814209,0.0013022112277741998
62,112,1.0,0.034115683287382126,-0.038167938590049744,-1.9879193305969238,0.0013021253046703873
105,118,1.0,0.17045044898986816,-0.007633587811142206,-3.027373790740967,0.001301148469812774
17,27,1.0,0.05671889707446098,-0.022900763899087906,-2.0389645099639893,0.0012989060705188987
13,107,1.0,0.056522246450185776,-0.022900763899087906,2.3445041179656982,0.001294402621001764
7,117,1.0,0.1694955974817276,0.007633587811142206,-0.1744299679994583,0.0012938595269787814
67,70,1.0,0.05646975338459015,0.022900763899087906,1.3697099685668945,0.0012932004897002192
61,88,1.0,0.033873844891786575,-0.038167938590049744,-2.6535263061523438,0.0012928948316385802
7,100,1.0,0.03381648659706116,-0.038167938590049744,-2.5474977493286133,0.0012907055837678705
19,120,1.0,0.024147609248757362,-0.05343511328101158,0.271051824092865,0.0012903302356729526
17,94,1.0,0.03377267345786095,0.038167938590049744,2.053093194961548,0.0012890333265614395
8,61,1.0,0.0561787448823452,0.022900763899087906,2.522341012954712,0.0012865361726976804
74,94,1.0,0.033697839826345444,0.038167938590049744,0.7520650625228882,0.0012861770811092854
69,99,1.0,0.16841785609722137,-0.007633587811142206,-3.106625556945801,0.0012856324934824512
84,103,1.0,0.033662013709545135,0.038167938590049744,1.265547275543213,0.0012848096720833313
1,78,1.0,0.02404354140162468,-0.05343511328101158,-1.194048285484314,0.0012847693584725067
40,114,1.0,0.16821716725826263,0.007633587811142206,-3.0811657905578613,0.0012841005176075435
7,51,1.0,0.056022826582193375,0.022900763899087906,-0.8721489906311035,0.0012829655245183563
98,114,1.0,0.05602175369858742,-0.022900763899087906,-2.183556318283081,0.001282940954664205
60,68,1.0,0.055935829877853394,0.022900763899087906,0.24356883764266968,0.0012809732335322677
23,81,1.0,0.033450283110141754,0.038167938590049744,1.735295057296753,0.0012767283515676686
62,80,1.0,0.03343037888407707,0.038167938590049744,2.8164539337158203,0.0012759686482895494
83,116,1.0,0.0556570328772068,-0.022900763899087906,2.3999359607696533,0.0012745885692446862
46,52,1.0,0.03336426243185997,-0.038167938590049744,0.0070458329282701015,0.001273445119601535
11,124,1.0,0.05554797500371933,-0.022900763899087906,-0.5377265810966492,0.001272091060632613
19,100,1.0,0.05553830787539482,0.022900763899087906,2.528748035430908,0.0012718696760092713
18,77,1.0,0.16660761833190918,0.007633587811142206,0.1707746982574463,0.0012718138845418947
33,113,1.0,0.055312033742666245,-0.022900763899087906,-2.842654228210449,0.0012666878255191832
77,113,1.0,0.05528443679213524,-0.022900763899087906,-0.63443922996521,0.0012660558342707379
20,118,1.0,0.16578002274036407,0.007633587811142206,-0.24094417691230774,0.001265496360921721
2,28,1.0,0.1657658964395523,-0.007633587811142206,0.2714065611362457,0.0012653885265640277
28,38,1.0,0.05525476485490799,0.022900763899087906,-0.29666009545326233,0.001265376324241868
48,69,1.0,0.03315107151865959,0.038167938590049744,2.4800751209259033,0.0012653080619185464
10,85,1.0,0.16548770666122437,-0.007633587811142206,3.00331711769104,0.0012632649404629992
14,67,1.0,0.16530629992485046,0.007633587811142206,0.22902700304985046,0.0012618801562113563
8,33,1.0,0.05474568530917168,0.022900763899087906,1.7692151069641113,0.0012537180137591059
80,86,1.0,0.02344755083322525,-0.05343511328101158,-2.3424298763275146,0.0012529225349356687
4,41,1.0,0.03282426670193672,0.038167938590049744,0.9621704816818237,0.0012528345957429354
27,56,1.0,0.03271521255373955,0.038167938590049744,0.5711034536361694,0.0012486722237115555
6,75,1.0,0.1631324142217636,-0.007633587811142206,-0.3597228229045868,0.0012452856088054562
55,88,1.0,0.1631118208169937,0.007633587811142206,-0.030413491651415825,0.0012451284072418148
38,64,1.0,0.05434147268533707,0.022900763899087906,-2.6766815185546875,0.0012444612358956386
4,47,1.0,0.02328597567975521,-0.05343511328101158,-1.921950101852417,0.0012442887483066004
35,115,1.0,0.032584298402071,0.038167938590049744,-0.5580364465713501,0.0012436755004101019
30,78,1.0,0.05426684394478798,-0.022900763899087906,-0.20763693749904633,0.0012427521807282377
17,69,1.0,0.054216641932725906,0.022900763899087906,-0.41905677318573,0.001241602516302745
69,101,1.0,0.05414609983563423,-0.022900763899087906,2.764854907989502,0.001239987048392302
80,85,1.0,0.018027782440185547,-0.06870228797197342,-1.6314022541046143,0.0012385499007017131
11,100,1.0,0.03244708478450775,-0.038167938590049744,-1.683577299118042,0.0012384383394812293
4,122,1.0,0.054022934287786484,0.022900763899087906,0.835098385810852,0.001237166463260539
42,53,1.0,0.1618022918701172,0.007633587811142206,0.252522349357605,0.0012351320030346002
54,77,1.0,0.023105869069695473,-0.05343511328101158,-1.7712650299072266,0.0012346647311953993
93,104,1.0,0.05366087704896927,-0.022900763899087906,2.8095805644989014,0.0012288750759164302
107,126,1.0,0.16082395613193512,0.007633587811142206,0.18665409088134766,0.0012276637912684088
78,103,1.0,0.03215659409761429,0.038167938590049744,0.16315186023712158,0.0012273509087828982
98,118,1.0,0.032130707055330276,0.038167938590049744,1.9862841367721558,0.001226362853742724
93,110,1.0,0.053482506424188614,-0.022900763899087906,0.29859215021133423,0.0012247902523517956
83,92,1.0,0.16037212312221527,-0.007633587811142206,-0.0642625242471695,0.0012242146843127397
123,125,1.0,0.1603534072637558,-0.007633587811142206,-2.8388123512268066,0.0012240718151637284
1,95,1.0,0.05344735458493233,-0.022900763899087906,-1.2900056838989258,0.0012239852483803687
95,100,1.0,0.05334087833762169,-0.022900763899087906,-2.7632455825805664,0.0012215468609798469
5,66,1.0,0.05332312360405922,0.022900763899087906,0.7614191174507141,0.0012211402640184416
76,123,1.0,0.05332159996032715,0.022900763899087906,-1.1154533624649048,0.001221105371413067
59,84,1.0,0.05327197164297104,0.022900763899087906,0.610783040523529,0.0012199688450345858
7,85,1.0,0.053136035799980164,-0.022900763899087906,0.1584324687719345,0.0012168558103888283
77,101,1.0,0.022725118324160576,0.05343511328101158,1.3499383926391602,0.0012143192719759124
55,122,1.0,0.052797142416238785,-0.022900763899087906,-2.0361268520355225,0.001209094893020804
24,77,1.0,0.15802842378616333,0.007633587811142206,-0.2211422473192215,0.0012063238496280715
90,104,1.0,0.0525393933057785,-0.022900763899087906,-2.7868685722351074,0.0012031922414969531
8,57,1.0,0.15722572803497314,0.007633587811142206,-0.018117755651474,0.0012001964011257304
49,63,1.0,0.15719163417816162,-0.007633587811142206,-0.12093973159790039,0.0011999361426759392
93,99,1.0,0.05230884626507759,-0.022900763899087906,-0.25680267810821533,0.0011979125381502281
11,59,1.0,0.05230875313282013,-0.022900763899087906,2.9696381092071533,0.0011979104053503886
69,89,1.0,0.15691107511520386,0.007633587811142206,-0.0015798229724168777,0.0011977944704326393
7,63,1.0,0.05204123258590698,-0.022900763899087906,-2.504472255706787,0.0011917839804673758
46,56,1.0,0.052030351012945175,0.022900763899087906,2.5071074962615967,0.0011915347841341267
64,116,1.0,0.051860079169273376,-0.022900763899087906,0.14776955544948578,0.0011876354288435365
35,100,1.0,0.031106023117899895,-0.038167938590049744,-1.7411237955093384,0.0011872527801446708
9,50,1.0,0.05180324614048004,-0.022900763899087906,-3.119734287261963,0.0011863339090694702
42,115,1.0,0.05175187438726425,-0.022900763899087906,2.0414679050445557,0.0011851574566779932
38,76,1.0,0.05174621567130089,0.022900763899087906,2.6045782566070557,0.0011850278677597442
34,115,1.0,0.02213788777589798,0.05343511328101158,-2.846440076828003,0.00118294054110743
77,111,1.0,0.030987828969955444,0.038167938590049744,2.435325860977173,0.0011827415531642238
81,94,1.0,0.017205076292157173,-0.06870228797197342,2.9376184940338135,0.0011820281060035548
68,73,1.0,0.051538702100515366,0.022900763899087906,2.930370330810547,0.0011802756484693283
19,98,1.0,0.15430848300457,0.007633587811142206,2.965902328491211,0.0011779273550195299
28,126,1.0,0.022029532119631767,0.05343511328101158,1.3206888437271118,0.0011771505443402067
67,114,1.0,0.05138089507818222,0.022900763899087906,0.059544071555137634,0.0011766617471092589
101,120,1.0,0.030828382819890976,0.038167938590049744,0.5744453072547913,0.0011766558223001433
20,27,1.0,0.153906911611557,0.007633587811142206,0.11874547600746155,0.0011748619245285224
43,101,1.0,0.03077361173927784,-0.038167938590049744,-1.491597294807434,0.0011745653230587905
59,73,1.0,0.05125008150935173,0.022900763899087906,1.8950141668319702,0.0011736660164546747
19,76,1.0,0.05116908252239227,0.022900763899087906,2.9804139137268066,0.0011718110777782509
24,94,1.0,0.030699150636792183,0.038167938590049744,-1.0575056076049805,0.0011717232962717705
69,83,1.0,0.030698763206601143,-0.038167938590049744,-0.16101603209972382,0.001171708508860031
82,123,1.0,0.05115574970841408,0.022900763899087906,2.580887794494629,0.0011715057461532258
70,103,1.0,0.030682623386383057,-0.038167938590049744,-1.1798700094223022,0.0011710924851930926
23,67,1.0,0.1532503217458725,0.007633587811142206,-2.9970109462738037,0.0011698497881329137
32,118,1.0,0.15305709838867188,-0.007633587811142206,3.003295660018921,0.001168374800668559
21,32,1.0,0.05094459652900696,0.022900763899087906,-0.9609963297843933,0.0011666701770450816
37,54,1.0,0.05090944096446037,-0.022900763899087906,2.2468347549438477,0.001165865087761661
7,42,1.0,0.1525498777627945,-0.007633587811142206,0.25932690501213074,0.0011645028874813015
16,80,1.0,0.013866121880710125,0.08396946638822556,2.7058849334716797,0.0011643308551973278
88,117,1.0,0.15244966745376587,0.007633587811142206,3.0325231552124023,0.0011637379232877498
13,91,1.0,0.151752308011055,0.007633587811142206,0.04492229223251343,0.0011584145687458872
26,82,1.0,0.05057145282626152,0.022900763899087906,2.954702854156494,0.0011581249012080769
50,119,1.0,0.05054492875933647,-0.022900763899087906,-1.4364168643951416,0.0011575174798137827
23,52,1.0,0.03030395694077015,-0.038167938590049744,-1.6960372924804688,0.0011566395675508268
67,83,1.0,0.05045028775930405,-0.022900763899087906,-2.3099277019500732,0.0011553501286168666
48,54,1.0,0.021610936149954796,-0.05343511328101158,-1.3076742887496948,0.0011547828212815428
86,117,1.0,0.15125873684883118,-0.007633587811142206,-0.09197715669870377,0.0011546468499380041
78,111,1.0,0.05032011866569519,-0.022900763899087906,-0.8726586103439331,0.001152369156937172
64,68,1.0,0.0502789169549942,0.022900763899087906,-2.575955390930176,0.00115142560628817
27,88,1.0,0.05025026202201843,0.022900763899087906,1.241152286529541,0.0011507693864335478
65,109,1.0,0.03013039007782936,0.038167938590049744,-1.1206382513046265,0.0011500148781848352
18,95,1.0,0.15058296918869019,0.007633587811142206,0.3738771975040436,0.0011494883181643878
78,94,1.0,0.15016786754131317,-0.007633587811142206,-0.14337573945522308,0.0011463196032885856
48,62,1.0,0.05004862695932388,0.022900763899087906,2.987612009048462,0.001146151789469002
97,100,1.0,0.05002760514616966,0.022900763899087906,0.2684987783432007,0.0011456703738892265
25,123,1.0,0.1500319391489029,0.007633587811142206,-0.02621804177761078,0.0011452819819690943
32,110,1.0,0.029999878257513046,0.038167938590049744,2.1359572410583496,0.0011450335110417265
22,39,1.0,0.04994938522577286,-0.022900763899087906,-0.5302443504333496,0.0011438790779600139
74,122,1.0,0.02994554303586483,-0.038167938590049744,-1.4152846336364746,0.0011429596476385806
33,80,1.0,0.04988700896501541,0.022900763899087906,0.09543117880821228,0.0011424506139394996
53,86,1.0,0.029919153079390526,-0.038167938590049744,-1.7567696571350098,0.0011419523974004753
66,104,1.0,0.02987932786345482,-0.038167938590049744,-1.4941093921661377,0.0011404323510043057
49,96,1.0,0.029868220910429955,0.038167938590049744,1.9044857025146484,0.0011400084215033301
50,52,1.0,0.04977793991565704,-0.022900763899087906,0.15783916413784027,0.0011399528493914457
53,101,1.0,0.04967573285102844,0.022900763899087906,1.708870768547058,0.0011376122295355673
16,117,1.0,0.04958730936050415,0.022900763899087906,-1.827376127243042,0.0011355872640559372
25,36,1.0,0.04947604984045029,0.022900763899087906,2.7974183559417725,0.0011330393360556579
29,30,1.0,0.14835096895694733,-0.007633587811142206,-3.026641845703125,0.001132450148400889
12,61,1.0,0.02965414710342884,0.038167938590049744,-0.33439117670059204,0.0011318376655839735
9,34,1.0,0.1481936275959015,0.007633587811142206,-0.13804255425930023,0.001131249069305021
1,28,1.0,0.14817343652248383,0.007633587811142206,-0.1745375394821167,0.001131094938973086
12,35,1.0,0.0493706651031971,-0.022900763899087906,-1.0659455060958862,0.0011306259450692552
8,54,1.0,0.029600484296679497,0.038167938590049744,3.0947346687316895,0.0011297894668713948
2,95,1.0,0.02955971099436283,0.038167938590049744,1.6477301120758057,0.0011282332339724588
98,119,1.0,0.14774945378303528,-0.007633587811142206,-0.17695847153663635,0.0011278584295010968
3,84,1.0,0.029534731060266495,0.038167938590049744,-1.5456792116165161,0.0011272798013818863
55,89,1.0,0.049164194613695145,0.022900763899087906,1.3629660606384277,0.0011258976131370418
47,109,1.0,0.04915726184844971,0.022900763899087906,2.5467450618743896,0.0011257388475169883
25,97,1.0,0.14723822474479675,0.007633587811142206,-3.0231289863586426,0.0011239559177460973
20,57,1.0,0.029430024325847626,0.038167938590049744,1.236723780632019,0.0011232833611726223
55,64,1.0,0.02938714623451233,-0.038167938590049744,2.187620162963867,0.0011216467928156781
64,120,1.0,0.029115408658981323,0.038167938590049744,1.899090051651001,0.0011112751297202017
33,37,1.0,0.04851386696100235,0.022900763899087906,0.08989342302083969,0.0011110046131056761
2,32,1.0,0.14541678130626678,0.007633587811142206,3.091432809829712,0.00111005176931505
29,64,1.0,0.1454039365053177,0.007633587811142206,3.0743911266326904,0.0011099537173990884
55,57,1.0,0.02904263511300087,-0.038167938590049744,0.4592612683773041,0.0011084975134862396
58,60,1.0,0.04839472100138664,-0.022900763899087906,-0.7497485876083374,0.0011082760796149865
111,123,1.0,0.04838098585605621,-0.022900763899087906,0.21852248907089233,0.0011079615342946547
14,105,1.0,0.029027406126260757,0.038167938590049744,-3.0515244007110596,0.0011079162544555543
18,101,1.0,0.020723585039377213,-0.05343511328101158,2.5991523265838623,0.0011073671141677982
32,105,1.0,0.02899971604347229,-0.038167938590049744,-1.576438069343567,0.0011068593810761307
47,55,1.0,0.04820960760116577,0.022900763899087906,0.34249016642570496,0.001104036841341971
60,125,1.0,0.04811198264360428,0.022900763899087906,0.10626931488513947,0.0011018011552381968
46,72,1.0,0.04806726425886154,-0.022900763899087906,-0.5894667506217957,0.0011007770700672548
87,98,1.0,0.14388680458068848,0.007633587811142206,0.01201647985726595,0.0010983725576313441
37,84,1.0,0.04794294387102127,0.022900763899087906,3.0627238750457764,0.0010979300382174817
6,78,1.0,0.04788955673575401,0.022900763899087906,1.518953561782837,0.0010967074320374776
32,122,1.0,0.047804806381464005,-0.022900763899087906,-0.33616915345191956,0.001094766584183518
16,61,1.0,0.047629520297050476,-0.022900763899087906,-2.9004828929901123,0.0010907523989495682
94,110,1.0,0.047600287944078445,0.022900763899087906,1.9595273733139038,0.001090082955735941
4,119,1.0,0.04748063534498215,0.022900763899087906,-0.018556809052824974,0.0010873428198141244
61,79,1.0,0.14233805239200592,0.007633587811142206,0.023473000153899193,0.0010865500218013371
13,59,1.0,0.04743656888604164,-0.022900763899087906,-2.5720932483673096,0.001086333664242059
48,56,1.0,0.14223623275756836,-0.007633587811142206,2.86521315574646,0.0010857727726809596
57,123,1.0,0.04740767925977707,0.022900763899087906,-2.660048246383667,0.0010856720697318412
48,84,1.0,0.047375522553920746,-0.022900763899087906,-2.8186073303222656,0.001084935656603253
31,59,1.0,0.04737341031432152,-0.022900763899087906,-0.2417876124382019,0.0010848872847028929
28,91,1.0,0.02839820832014084,-0.038167938590049744,-1.52980637550354,0.0010839010712305752
42,60,1.0,0.02838846668601036,0.038167938590049744,2.343104839324951,0.0010835292531373164
28,32,1.0,0.047217488288879395,0.022900763899087906,0.5702723860740662,0.0010813165512115752
53,83,1.0,0.14163747429847717,0.007633587811142206,0.0584457591176033,0.0010812020974058228
98,116,1.0,0.012873106636106968,0.08396946638822556,1.3272701501846313,0.0010809478949926274
82,107,1.0,0.028317078948020935,0.038167938590049744,1.3441985845565796,0.0010808045303376534
6,35,1.0,0.04716696962714195,-0.022900763899087906,-0.38214144110679626,0.0010801596352666282
52,56,1.0,0.1414669007062912,0.007633587811142206,-0.10050353407859802,0.0010799000089116093
58,79,1.0,0.04702302813529968,-0.022900763899087906,0.10297442972660065,0.0010768632651466659
103,121,1.0,0.04694326967000961,0.022900763899087906,-0.37713873386383057,0.0010750367353641044
4,95,1.0,0.028154386207461357,0.038167938590049744,2.749908685684204,0.0010745948838069286
2,3,1.0,0.020109938457608223,-0.05343511328101158,-1.372306227684021,0.0010745768395564667
25,63,1.0,0.02010534517467022,0.05343511328101158,0.6500417590141296,0.0010743313969623428
32,71,1.0,0.028089813888072968,0.038167938590049744,1.9009525775909424,0.0010721302914858954
27,34,1.0,0.04673805087804794,0.022900763899087906,-0.21222451329231262,0.0010703370682617341
14,75,1.0,0.046709246933460236,0.022900763899087906,2.311533212661743,0.0010696774359273686
71,76,1.0,0.14004391431808472,-0.007633587811142206,3.0990536212921143,0.001069037517363175
20,54,1.0,0.019996369257569313,0.05343511328101158,2.980449676513672,0.0010685082564871537
45,85,1.0,0.027963459491729736,0.038167938590049744,0.8431600332260132,0.0010673076046456842
9,121,1.0,0.046567872166633606,-0.022900763899087906,2.1238324642181396,0.0010664398457709834
18,44,1.0,0.04646788537502289,-0.022900763899087906,-2.3764991760253906,0.001064150071863279
59,91,1.0,0.13926969468593597,-0.007633587811142206,-2.9611666202545166,0.0010631274438160573
35,56,1.0,0.02783951908349991,0.038167938590049744,-2.43247389793396,0.0010625770547555424
13,17,1.0,0.027810707688331604,-0.038167938590049744,-2.191528558731079,0.001061477383194065
27,108,1.0,0.13869509100914001,0.007633587811142206,-0.09909091889858246,0.0010587411561926302
31,79,1.0,0.13865357637405396,-0.007633587811142206,-2.5279014110565186,0.0010584242505802532
107,124,1.0,0.13815201818943024,0.007633587811142206,0.080195352435112,0.001054595562135531
38,56,1.0,0.13751718401908875,0.007633587811142206,-2.9988527297973633,0.0010497494997507156
103,110,1.0,0.13743360340595245,-0.007633587811142206,-0.07226944714784622,0.0010491114798010306
67,73,1.0,0.027429407462477684,-0.038167938590049744,-2.2306132316589355,0.0010469239395893004
1,7,1.0,0.13704171776771545,0.007633587811142206,-0.05997101590037346,0.001046119986369623
33,44,1.0,0.045634925365448,-0.022900763899087906,1.1589329242706299,0.0010450746513466225
37,73,1.0,0.027366895228624344,-0.038167938590049744,1.2675944566726685,0.0010445379764864593
17,113,1.0,0.045604508370161057,0.022900763899087906,2.9951064586639404,0.0010443780789190366
62,91,1.0,0.045596975833177567,0.022900763899087906,1.471299171447754,0.0010442055780680165
68,100,1.0,0.04558837041258812,-0.022900763899087906,-1.778029441833496,0.0010440085073628452
54,55,1.0,0.045514654368162155,0.022900763899087906,-2.767752170562744,0.0010423203536338715
10,126,1.0,0.04545240476727486,-0.022900763899087906,-0.6519892811775208,0.001040894790221139
2,57,1.0,0.13606403768062592,-0.007633587811142206,-3.10785174369812,0.0010386567795736198
8,78,1.0,0.015104830265045166,0.06870228797197342,-0.22849586606025696,0.0010377363986369126
72,80,0.9999999403953552,0.027150051668286324,-0.038167938590049744,-2.4619905948638916,0.0010362614430258312
37,69,1.0,0.045179471373558044,-0.022900763899087906,-1.746636152267456,0.0010346444070114535
62,71,1.0,0.13534694910049438,0.007633587811142206,0.21231113374233246,0.0010331828209288185
9,13,1.0,0.1353454738855362,0.007633587811142206,0.44975095987319946,0.0010331715597458949
18,102,1.0,0.04506640508770943,0.022900763899087906,-0.14298078417778015,0.0010320551026942876
41,78,1.0,0.01499891560524702,-0.06870228797197342,-2.689608573913574,0.0010304598191790068
28,53,1.0,0.044994741678237915,0.022900763899087906,1.1660772562026978,0.0010304139558737768
69,110,1.0,0.044917892664670944,0.022900763899087906,2.0271835327148438,0.0010286540547582018
19,28,1.0,0.13470344245433807,-0.007633587811142206,0.2620963752269745,0.0010282705564383307
59,96,1.0,0.02690310589969158,-0.038167938590049744,-1.988515853881836,0.0010268360938610333
14,73,1.0,0.0448186956346035,0.022900763899087906,0.4311733543872833,0.0010263823669931366
4,88,1.0,0.019179023802280426,0.05343511328101158,2.804779291152954,0.001024833309494072
68,124,1.0,0.01913369633257389,0.05343511328101158,1.408867597579956,0.0010224112310155617
45,103,1.0,0.019104521721601486,0.05343511328101158,-0.6784806847572327,0.0010208522823733218
53,84,1.0,0.13361680507659912,-0.007633587811142206,-0.2038658857345581,0.0010199756145964911
44,95,1.0,0.014820543117821217,-0.06870228797197342,-1.692353367805481,0.001018205221181602
48,125,1.0,0.02666800282895565,0.038167938590049744,2.0650761127471924,0.001017862694294852
6,14,1.0,0.1333121657371521,-0.007633587811142206,-2.668794631958008,0.001017650123448094
27,70,1.0,0.13325178623199463,-0.007633587811142206,2.8138585090637207,0.001017189211193481
69,82,1.0,0.014777599833905697,0.06870228797197342,-0.8107046484947205,0.0010152549193235758
83,114,1.0,0.04432360455393791,0.022900763899087906,1.3956152200698853,0.0010150444030462696
24,40,1.0,0.044212471693754196,0.022900763899087906,0.3151758909225464,0.001012499375653772
18,47,1.0,0.04417905956506729,0.022900763899087906,-3.0952627658843994,0.0010117342123833473
49,72,1.0,0.018933307379484177,0.05343511328101158,1.4288703203201294,0.0010117034246069495
102,118,1.0,0.02650313824415207,-0.038167938590049744,-0.37539204955101013,0.001011570152946395
26,111,1.0,0.04415952041745186,-0.022900763899087906,0.5813344120979309,0.0010112867509770168
7,106,1.0,0.018899453803896904,0.05343511328101158,-0.042195118963718414,0.0010098944549604763
65,81,1.0,0.13222146034240723,0.007633587811142206,0.1830211579799652,0.0010093241280412224
21,80,0.9999999403953552,0.04398232325911522,0.022900763899087906,2.0362205505371094,0.0010072287406548452
63,82,1.0,0.04395012930035591,0.022900763899087906,0.5506504774093628,0.0010064915344418363
13,110,1.0,0.131766214966774,0.007633587811142206,-2.8389554023742676,0.0010058489724907096
33,89,1.0,0.04385833814740181,0.022900763899087906,1.8444777727127075,0.0010043894469200093
27,63,1.0,0.026307957246899605,-0.038167938590049744,1.6290234327316284,0.0010041204966293182
6,24,1.0,0.04375377669930458,0.022900763899087906,2.3195812702178955,0.001001994909884188
68,125,1.0,0.13123156130313873,0.007633587811142206,-0.3034093677997589,0.001001767646800801
53,106,1.0,0.13118143379688263,-0.007633587811142206,-0.1200580969452858,0.0010013849940800415
15,47,1.0,0.04369112476706505,0.022900763899087906,0.09513810276985168,0.0010005601327761487
85,103,1.0,0.13100798428058624,-0.007633587811142206,0.11348536610603333,0.001000060951966593
27,65,1.0,0.043646324425935745,0.022900763899087906,0.9749943017959595,0.000999534170741348
53,79,1.0,0.026151316240429878,0.038167938590049744,0.6321971416473389,0.0009981418323136981
82,86,1.0,0.043574441224336624,-0.022900763899087906,-2.5489938259124756,0.000997887990513216
27,113,1.0,0.043484121561050415,0.022900763899087906,0.569479763507843,0.0009958196012288534
43,73,1.0,0.13020382821559906,0.007633587811142206,-0.046368688344955444,0.0009939223560306507
15,111,1.0,0.02601041831076145,-0.038167938590049744,-0.49253711104393005,0.0009927640487866485
5,86,1.0,0.12985111773014069,-0.007633587811142206,0.022878272458910942,0.0009912299095679936
9,115,1.0,0.018533814698457718,0.05343511328101158,-0.2768833041191101,0.0009903564879413657
3,34,1.0,0.12960636615753174,0.007633587811142206,-3.140913963317871,0.000989361576946568
29,110,1.0,0.04315640404820442,-0.022900763899087906,-1.79631507396698,0.000988314619841571
1,79,1.0,0.04313243180513382,-0.022900763899087906,0.4588716924190521,0.0009877656371628796
28,86,1.0,0.12928128242492676,-0.007633587811142206,0.05566751956939697,0.000986880021727754
12,119,1.0,0.043037738651037216,0.022900763899087906,1.5305941104888916,0.0009855970915980533
25,103,1.0,0.04301794618368149,-0.022900763899087906,-0.6984935402870178,0.0009851438289761594
70,108,1.0,0.025798311457037926,0.038167938590049744,2.895479440689087,0.0009846683674192003
8,52,1.0,0.1288994401693344,-0.007633587811142206,-0.1667163223028183,0.0009839651953396852
34,80,1.0,0.04292502626776695,0.022900763899087906,-2.7698638439178467,0.0009830158919202775
3,122,1.0,0.12872202694416046,-0.007633587811142206,0.004442389123141766,0.000982610895906462
56,60,1.0,0.042894408106803894,-0.022900763899087906,-0.853696882724762,0.0009823147126450382
7,22,1.0,0.02571083977818489,-0.038167938590049744,-0.35832279920578003,0.000981329753752369
6,47,1.0,0.12846757471561432,-0.007633587811142206,-2.933164596557617,0.0009806685124761141
91,121,1.0,0.042760126292705536,0.022900763899087906,0.21145734190940857,0.0009792395565244305
96,114,1.0,0.04266638308763504,-0.022900763899087906,-0.7422733306884766,0.0009770927655179673
16,51,1.0,0.01825833134353161,-0.05343511328101158,2.8671467304229736,0.0009756360036638559
8,120,1.0,0.04259034991264343,-0.022900763899087906,-2.820089817047119,0.0009753515477289865
13,46,1.0,0.02553291618824005,0.038167938590049744,1.2665258646011353,0.0009745387770976333
39,121,1.0,0.01417642179876566,0.06870228797197342,0.5183623433113098,0.0009739526128309597
20,112,1.0,0.1275574117898941,0.007633587811142206,-2.7850589752197266,0.0009737207038601828
72,105,1.0,0.1275123506784439,0.007633587811142206,-0.21969154477119446,0.00097337672590906
64,96,1.0,0.04247955605387688,-0.022900763899087906,-0.799644947052002,0.0009728142837279047
1,5,1.0,0.025481795892119408,0.038167938590049744,2.1082000732421875,0.0009725876207745954
24,100,1.0,0.12726718187332153,0.007633587811142206,2.8522136211395264,0.0009715052083066056
76,101,1.0,0.04241877794265747,0.022900763899087906,2.2241737842559814,0.0009714224185526366
17,43,1.0,0.04237646982073784,0.022900763899087906,1.9230515956878662,0.0009704535302415412
74,88,1.0,0.12707440555095673,0.007633587811142206,-0.061077143996953964,0.0009700336333219248
71,95,1.0,0.042306892573833466,-0.022900763899087906,-1.4790934324264526,0.0009688601581374356
11,51,1.0,0.04228641092777252,0.022900763899087906,1.5341241359710693,0.0009683911127967293
56,103,1.0,0.04227152466773987,0.022900763899087906,1.8900784254074097,0.0009680502060703811
21,28,1.0,0.042169906198978424,-0.022900763899087906,-2.4569315910339355,0.0009657230655094884
25,66,1.0,0.04211106896400452,-0.022900763899087906,-0.059092335402965546,0.0009643756478828758
46,117,1.0,0.025241011753678322,-0.038167938590049744,-2.7245657444000244,0.000963397386565118
35,93,1.0,0.04205343499779701,-0.022900763899087906,-2.9976565837860107,0.0009630557860301897
23,32,1.0,0.12605585157871246,-0.007633587811142206,0.5406961441040039,0.0009622584121344105
97,119,1.0,0.025181332603096962,-0.038167938590049744,-0.9472367167472839,0.0009611195564106223
31,81,1.0,0.04189002886414528,-0.022900763899087906,-0.8003878593444824,0.0009593136607437686
20,39,1.0,0.12546801567077637,-0.007633587811142206,-0.12450763583183289,0.0009577711151126378
15,124,1.0,0.04181480035185814,0.022900763899087906,1.9837653636932373,0.0009575908703454011
46,125,1.0,0.1252061426639557,-0.007633587811142206,-2.8139100074768066,0.0009557720845197043
23,83,1.0,0.017885304987430573,0.05343511328101158,1.973576545715332,0.0009557032980687941
94,123,1.0,0.04171242192387581,0.022900763899087906,-2.826124668121338,0.000955246326137818
11,47,1.0,0.04166639596223831,-0.022900763899087906,0.1792563945055008,0.0009541922964571292
44,110,1.0,0.041580233722925186,0.022900763899087906,1.421680212020874,0.0009522191153576026
32,72,0.9999999403953552,0.024937495589256287,0.038167938590049744,0.9844330549240112,0.0009518127435079064
11,41,1.0,0.017795352265238762,0.05343511328101158,0.014142002910375595,0.0009508966641685393
17,101,1.0,0.12445873022079468,0.007633587811142206,-2.782717704772949,0.0009500666460036944
85,110,1.0,0.12396295368671417,0.007633587811142206,0.3229875862598419,0.0009462820922960871
8,44,1.0,0.0411786288022995,-0.022900763899087906,-2.7926089763641357,0.0009430220558896418
85,121,1.0,0.12311780452728271,0.007633587811142206,-0.1764080822467804,0.0009398305719740541
27,115,1.0,0.017587190493941307,0.05343511328101158,1.1692754030227661,0.0009397735163384838
65,78,1.0,0.040895894169807434,-0.022900763899087906,-0.38278037309646606,0.0009365472168248457
7,26,1.0,0.02453707903623581,0.038167938590049744,1.8462721109390259,0.0009365297258342453
64,91,1.0,0.12264358252286911,0.007633587811142206,-0.27287009358406067,0.0009362105566613869
28,70,1.0,0.12257847934961319,0.007633587811142206,2.776129961013794,0.0009357135858715539
24,74,1.0,0.04081125184893608,0.022900763899087906,0.768571138381958,0.0009346088430187
69,105,1.0,0.04081112518906593,0.022900763899087906,2.7848126888275146,0.0009346059424109182
64,90,1.0,0.024484829977154732,-0.038167938590049744,3.07081937789917,0.0009345354869558509
3,25,1.0,0.1219722107052803,-0.007633587811142206,0.18264923989772797,0.0009310855809378966
83,102,1.0,0.12186756730079651,0.007633587811142206,0.0932370275259018,0.0009302867763209127
117,124,1.0,0.024358047172427177,0.038167938590049744,0.7192177772521973,0.0009296964486507353
87,126,1.0,0.02434549294412136,-0.038167938590049744,-2.476261615753174,0.0009292172796357134
2,74,1.0,0.04057067260146141,0.022900763899087906,2.7325775623321533,0.0009290993944732623
84,86,1.0,0.1216939240694046,0.007633587811142206,0.19717372953891754,0.0009289612554662721
27,46,1.0,0.12158535420894623,0.007633587811142206,0.3108603358268738,0.0009281324779028197
30,105,1.0,0.12150570750236511,0.007633587811142206,2.9680933952331543,0.0009275244877742644
35,89,1.0,0.12146967649459839,0.007633587811142206,2.777050256729126,0.0009272494419125532
12,98,1.0,0.12145073711872101,0.007633587811142206,0.22993993759155273,0.000927104866523705
17,85,1.0,0.024268580600619316,0.038167938590049744,1.4074517488479614,0.0009262816940321106
36,107,1.0,0.024086227640509605,0.038167938590049744,2.859755516052246,0.0009193216574489294
68,111,1.0,0.024033477529883385,-0.038167938590049744,0.6427479982376099,0.0009173082944659294
47,64,1.0,0.024015748873353004,-0.038167938590049744,-0.7378318905830383,0.0009166316281921938
40,103,1.0,0.11984483897686005,0.007633587811142206,0.15177394449710846,0.0009148461020420592
16,118,1.0,0.11962351202964783,0.007633587811142206,2.6386444568634033,0.0009131565833555427
25,87,1.0,0.03985957056283951,-0.022900763899087906,-0.27496016025543213,0.000912814614578622
3,110,1.0,0.1192404180765152,-0.007633587811142206,-2.55619478225708,0.0009102322020243872
16,65,1.0,0.11917998641729355,0.007633587811142206,-2.808781862258911,0.0009097708916471457
64,113,1.0,0.1191568523645401,0.007633587811142206,3.1079635620117188,0.0009095942958240247
66,86,1.0,0.03960765525698662,-0.022900763899087906,0.16799287497997284,0.0009070455616367185
12,46,1.0,0.11866636574268341,0.007633587811142206,0.3454930782318115,0.0009058501231258911
91,118,1.0,0.11862611025571823,0.007633587811142206,0.17630325257778168,0.0009055428293312622
82,108,1.0,0.039463676512241364,-0.022900763899087906,1.3711436986923218,0.0009037483383968203
89,90,1.0,0.039422545582056046,-0.022900763899087906,-0.01731840707361698,0.0009028064086756965
102,110,1.0,0.11815084517002106,-0.007633587811142206,2.9270966053009033,0.0009019148515660227
36,45,1.0,0.1181328073143959,-0.007633587811142206,2.751268148422241,0.0009017771580111834
13,72,1.0,0.11810126900672913,0.007633587811142206,2.8955509662628174,0.0009015364075701943
55,105,1.0,0.11771104484796524,-0.007633587811142206,-2.969359874725342,0.000898557597188241
30,59,1.0,0.039202943444252014,0.022900763899087906,0.2975215017795563,0.0008977773519661114
78,120,1.0,0.11755041033029556,0.007633587811142206,-0.09297429025173187,0.0008973313794921091
39,40,1.0,0.03916823863983154,-0.022900763899087906,2.82038950920105,0.0008969825854339142
29,50,1.0,0.023445868864655495,-0.038167938590049744,-1.4592407941818237,0.0008948804830165302
7,113,1.0,0.03905997425317764,-0.022900763899087906,0.18334418535232544,0.0008945032482764737
9,51,1.0,0.03904865309596062,-0.022900763899087906,2.861557722091675,0.0008942439851279821
18,74,1.0,0.023416485637426376,0.038167938590049744,0.18554696440696716,0.0008937589858040718
82,106,1.0,0.11703958362340927,-0.007633587811142206,2.940617322921753,0.000893431938968816
59,74,1.0,0.03898775205016136,0.022900763899087906,3.0301530361175537,0.0008928493046569258
2,20,1.0,0.023351222276687622,0.038167938590049744,1.6736711263656616,0.0008912680178592147
35,96,1.0,0.01296185702085495,0.06870228797197342,1.2256004810333252,0.0008905092336983222
96,100,1.0,0.1165541559457779,0.007633587811142206,3.123183012008667,0.000889726384165658
33,70,1.0,0.11653441190719604,-0.007633587811142206,-0.2582851052284241,0.0008895756663133969
13,47,1.0,0.03884075582027435,0.022900763899087906,1.2644585371017456,0.0008894829787022274
3,46,1.0,0.038825877010822296,0.022900763899087906,2.029679536819458,0.0008891422425998663
83,124,1.0,0.11642608046531677,0.007633587811142206,-0.27293872833251953,0.0008887487087391038
45,80,1.0,0.023270761594176292,0.038167938590049744,1.1625728607177734,0.0008881969994702088
2,103,1.0,0.038618288934230804,0.022900763899087906,-2.1833503246307373,0.0008843883170695788
37,107,1.0,0.11584298312664032,0.007633587811142206,-0.021992234513163567,0.0008842975840018738
23,121,1.0,0.11570289731025696,-0.007633587811142206,0.2049751728773117,0.0008832282266214159
63,72,1.0,0.11557737737894058,0.007633587811142206,2.8407344818115234,0.0008822700592036638
25,93,1.0,0.03847116231918335,-0.022900763899087906,-1.222684621810913,0.000881019005195105
20,76,1.0,0.11540839821100235,0.007633587811142206,0.16634906828403473,0.0008809801418869535
56,59,1.0,0.03843865171074867,0.022900763899087906,2.738921642303467,0.0008802744874271268
64,114,1.0,0.11528405547142029,0.007633587811142206,-0.17066141963005066,0.0008800309606656759
19,112,1.0,0.03841480612754822,0.022900763899087906,2.90036678314209,0.0008797284053562171
33,61,1.0,0.023045549169182777,-0.038167938590049744,-1.620408296585083,0.0008796011054633401
10,71,1.0,0.11496099829673767,0.007633587811142206,2.9714317321777344,0.0008775648753547166
98,108,1.0,0.11475944519042969,0.007633587811142206,0.6199750900268555,0.0008760263020191061
49,84,1.0,0.03811093419790268,-0.022900763899087906,2.44431471824646,0.0008727695060398444
6,68,1.0,0.11416732519865036,0.007633587811142206,-3.021219491958618,0.0008715063020671258
32,67,1.0,0.038022033870220184,0.022900763899087906,1.231718897819519,0.000870733620625036
17,87,1.0,0.03800792247056961,0.022900763899087906,1.7341394424438477,0.0008704104587933525
25,96,1.0,0.11399028450250626,0.007633587811142206,-3.0647592544555664,0.0008701548463669641
27,39,1.0,0.11398699879646301,0.007633587811142206,0.13921499252319336,0.0008701297646413614
2,110,1.0,0.037984296679496765,-0.022900763899087906,2.341139793395996,0.0008698694101300641
1,54,1.0,0.11384696513414383,-0.007633587811142206,-0.41638174653053284,0.0008690608053835321
52,65,1.0,0.03787197917699814,0.022900763899087906,2.7486226558685303,0.0008672972535236079
6,84,1.0,0.016209041699767113,-0.05343511328101158,2.451658010482788,0.0008661319794036962
35,42,1.0,0.022673603147268295,0.038167938590049744,2.162355661392212,0.0008654046925400949
95,108,1.0,0.11332157999277115,-0.007633587811142206,-0.41495832800865173,0.0008650502317721943
41,47,1.0,0.03776497021317482,-0.022900763899087906,2.2504518032073975,0.000864846666508004
102,121,1.0,0.11323615908622742,-0.007633587811142206,-2.0522549152374268,0.0008643981637811854
46,51,1.0,0.11304333060979843,0.007633587811142206,-3.1380534172058105,0.000862926190673876
10,30,1.0,0.11299631744623184,0.007633587811142206,-0.5535997748374939,0.0008625673115615108
47,68,1.0,0.11276155710220337,0.007633587811142206,-2.8371028900146484,0.0008607752478607955
31,53,1.0,0.03755716606974602,0.022900763899087906,-0.24448800086975098,0.0008600877928820888
24,82,1.0,0.11261871457099915,0.007633587811142206,0.5582756996154785,0.0008596848468556822
53,121,1.0,0.03753753751516342,-0.022900763899087906,2.787656784057617,0.0008596382839879124
16,78,1.0,0.11220183223485947,0.007633587811142206,-0.037088148295879364,0.0008565025389358459
19,22,1.0,0.01018196064978838,0.08396946638822556,1.991355061531067,0.0008549738025486406
70,109,1.0,0.11188886314630508,0.007633587811142206,-3.0889906883239746,0.0008541134619161929
8,77,1.0,0.11131224781274796,0.007633587811142206,3.0540616512298584,0.0008497118181342335
26,105,1.0,0.03705175966024399,0.022900763899087906,-0.8256980180740356,0.0008485136000249971
29,75,1.0,0.1110888347029686,0.007633587811142206,-0.20318572223186493,0.0008480063745425724
30,36,1.0,0.03701185807585716,0.022900763899087906,0.46152445673942566,0.0008475998232617549
64,72,1.0,0.1109195426106453,-0.007633587811142206,-0.2969003915786743,0.0008467140684900905
19,65,1.0,0.11068720370531082,0.007633587811142206,2.659029245376587,0.0008449404890542751
35,71,1.0,0.012294614687561989,-0.06870228797197342,2.052110195159912,0.0008446681587693378
90,122,1.0,0.03683975338935852,-0.022900763899087906,-0.9199526309967041,0.0008436584944703229
21,52,1.0,0.11047457903623581,-0.007633587811142206,2.885315418243408,0.000843317399972076
6,109,1.0,0.03681892901659012,-0.022900763899087906,0.8458948731422424,0.0008431816004262072
71,110,1.0,0.03677774965763092,0.022900763899087906,1.338521122932434,0.0008422385616491668
96,109,1.0,0.11032278835773468,0.007633587811142206,-0.05051441490650177,0.0008421586924988247
11,86,1.0,0.022023120895028114,-0.038167938590049744,-1.5327540636062622,0.0008405771258826744
4,55,1.0,0.11005919426679611,-0.007633587811142206,-0.07994735985994339,0.000840146523859147
106,116,1.0,0.02199990674853325,-0.038167938590049744,-2.8019189834594727,0.000839691089764838
34,119,1.0,0.036632124334573746,-0.022900763899087906,-1.6697152853012085,0.000838903630508106
33,107,1.0,0.036511097103357315,0.022900763899087906,1.3538414239883423,0.0008361320144606582
45,62,1.0,0.10951705276966095,-0.007633587811142206,-0.39769068360328674,0.0008360080391347016
74,75,1.0,0.012164942920207977,-0.06870228797197342,-0.07283676415681839,0.0008357594116667477
23,91,1.0,0.1092267706990242,0.007633587811142206,-3.015378952026367,0.0008337921454584958
9,43,1.0,0.10912580788135529,-0.007633587811142206,0.07793490588665009,0.0008330214369241598
50,70,1.0,0.036313895136117935,0.022900763899087906,1.7397626638412476,0.0008316159387684735
46,61,1.0,0.03629869222640991,-0.022900763899087906,-1.214296817779541,0.0008312677805226709
10,56,1.0,0.10884220153093338,-0.007633587811142206,0.012387731112539768,0.0008308565029444166
107,112,1.0,0.03623349592089653,-0.022900763899087906,-1.0175268650054932,0.0008297747353230162
25,101,1.0,0.03622522950172424,0.022900763899087906,2.2969887256622314,0.0008295854280092607
15,93,1.0,0.10866847634315491,-0.007633587811142206,-0.050220489501953125,0.0008295303564685025
5,67,1.0,0.036206770688295364,-0.022900763899087906,-1.6384342908859253,0.0008291627070810687
16,79,1.0,0.1084970086812973,0.007633587811142206,3.0680534839630127,0.0008282214430149412
9,91,1.0,0.036156877875328064,0.022900763899087906,2.304262161254883,0.0008280201235510432
8,20,1.0,0.03615427017211914,0.022900763899087906,0.6499649882316589,0.0008279604051555367
26,38,1.0,0.10842911154031754,-0.007633587811142206,2.3936729431152344,0.0008277031442271467
26,66,1.0,0.10828609019517899,-0.007633587811142206,-0.36276763677597046,0.0008266113782301639
4,99,1.0,0.02157527767121792,-0.038167938590049744,-2.300096273422241,0.000823483873218317
73,125,1.0,0.10781785100698471,0.007633587811142206,0.14064741134643555,0.0008230370332704649
39,95,1.0,0.011978737078607082,-0.06870228797197342,0.29147809743881226,0.0008229666443150194
12,39,0.9999999403953552,0.035924602299928665,0.022900763899087906,0.659710168838501,0.0008227007864025057
37,124,1.0,0.03591107577085495,0.022900763899087906,1.2195805311203003,0.0008223910675906054
3,63,1.0,0.035829219967126846,0.022900763899087906,2.103440046310425,0.000820516507155658
80,99,1.0,0.10723304748535156,0.007633587811142206,2.7272889614105225,0.0008185728842358131
9,119,1.0,0.10711986571550369,-0.007633587811142206,-0.3843420147895813,0.0008177089012570589
90,106,1.0,0.03563946112990379,0.022900763899087906,2.1671125888824463,0.0008161708848266475
82,117,1.0,0.02134663239121437,-0.038167938590049744,-3.05582594871521,0.0008147569542122368
60,123,1.0,0.10666552186012268,0.007633587811142206,-3.1342949867248535,0.000814240627540555
17,64,1.0,0.10648095607757568,0.007633587811142206,-0.05565183237195015,0.0008128317284325504
42,61,1.0,0.035421501845121384,0.022900763899087906,1.8961642980575562,0.0008111794507062314
9,47,1.0,0.10615015029907227,0.007633587811142206,0.3822089731693268,0.0008103064934739113
105,121,1.0,0.10601360350847244,0.007633587811142206,-2.8239023685455322,0.0008092641515575379
47,85,1.0,0.015143238008022308,-0.05343511328101158,-1.9758155345916748,0.0008091806383999922
18,114,1.0,0.035219691693782806,0.022900763899087906,-2.972125291824341,0.0008065578440779875
5,70,1.0,0.0211099274456501,0.038167938590049744,2.3528146743774414,0.0008057224143859787
88,110,1.0,0.02102149836719036,-0.038167938590049744,0.07704898715019226,0.0008023472587497527
103,118,1.0,0.10500138998031616,0.007633587811142206,0.2492082566022873,0.0008015373307067308
73,100,1.0,0.034963831305503845,-0.022900763899087906,2.8284480571746826,0.000800698445734882
2,51,1.0,0.034936193376779556,0.022900763899087906,-0.5078874230384827,0.0008000655160545073
56,63,1.0,0.02090248093008995,-0.038167938590049744,-2.024188280105591,0.0007978046085193591
37,123,1.0,0.10427691787481308,0.007633587811142206,0.37160176038742065,0.00079600700927265
2,7,1.0,0.0347152017056942,-0.022900763899087906,2.289020538330078,0.0007950046379713166
77,98,1.0,0.03466949239373207,-0.022900763899087906,0.43164727091789246,0.0007939578598100822
50,67,1.0,0.10393831133842468,0.007633587811142206,0.9251697659492493,0.0007934222265437024
56,123,1.0,0.03458381071686745,-0.022900763899087906,-0.3005128800868988,0.0007919956839577275
5,54,1.0,0.10348642617464066,0.007633587811142206,-2.8359897136688232,0.0007899727214654047
2,72,1.0,0.10327141731977463,0.007633587811142206,3.054255247116089,0.0007883314324916117
32,55,1.0,0.10323421657085419,-0.007633587811142206,-3.130642890930176,0.0007880474573080873
34,43,1.0,0.10313592106103897,0.007633587811142206,0.22173890471458435,0.0007872971099024718
44,126,1.0,0.03436893969774246,0.022900763899087906,2.7685928344726562,0.0007870749734799898
21,91,1.0,0.03433368355035782,-0.022900763899087906,-2.9307966232299805,0.0007862675807727426
13,102,1.0,0.1029655709862709,-0.007633587811142206,0.013875978998839855,0.0007859967276480952
75,108,1.0,0.10294418781995773,0.007633587811142206,0.12669600546360016,0.0007858334973703633
79,116,1.0,0.034255463629961014,-0.022900763899087906,-1.68350350856781,0.0007844762848435299
100,106,1.0,0.10263219475746155,-0.007633587811142206,-0.5668424367904663,0.0007834518709313315
31,114,1.0,0.10257959365844727,0.007633587811142206,3.132514715194702,0.0007830503358230434
37,93,1.0,0.10247019678354263,0.007633587811142206,-3.007556438446045,0.0007822152451721943
61,80,1.0,0.034124281257390976,0.022900763899087906,1.4177671670913696,0.0007814721083015813
42,79,1.0,0.10237225145101547,-0.007633587811142206,2.9010844230651855,0.0007814675708756567
32,121,1.0,0.034117549657821655,0.022900763899087906,-2.787902355194092,0.0007813179495291811
49,74,1.0,0.020461739972233772,0.038167938590049744,0.92118901014328,0.0007809824347057848
67,76,1.0,0.03404800221323967,-0.022900763899087906,-1.9551478624343872,0.0007797252599210241
63,95,1.0,0.02042623609304428,0.038167938590049744,-3.01064133644104,0.0007796273248251717
5,102,1.0,0.10193094611167908,0.007633587811142206,-0.15823222696781158,0.0007780988278163065
34,60,1.0,0.10191555321216583,0.007633587811142206,-2.86393141746521,0.000777981324766204
3,55,1.0,0.03387255594134331,-0.022900763899087906,-1.684466004371643,0.0007757074062713504
46,115,1.0,0.03386559709906578,-0.022900763899087906,-2.534566879272461,0.0007755480434673417
65,104,1.0,0.0202903151512146,0.038167938590049744,1.035488486289978,0.0007744395026643147
52,72,1.0,0.033797673881053925,-0.022900763899087906,-1.0522328615188599,0.000773992549888386
14,103,1.0,0.0201673936098814,0.038167938590049744,-0.3634312152862549,0.0007697478408233149
2,85,1.0,0.1005120575428009,-0.007633587811142206,3.0449726581573486,0.000767267617331549
79,84,1.0,0.10050717741250992,-0.007633587811142206,-0.4568602740764618,0.000767230364428443
47,107,1.0,0.10035605728626251,0.007633587811142206,-2.8726704120635986,0.0007660767756747025
47,94,1.0,0.10024511814117432,-0.007633587811142206,0.09265386313199997,0.0007652299119689787
81,98,1.0,0.10022762417793274,0.007633587811142206,-0.012745709158480167,0.0007650963702644092
111,114,1.0,0.03339865803718567,-0.022900763899087906,-1.2306394577026367,0.0007648547822559637
14,101,1.0,0.03337004408240318,-0.022900763899087906,-2.7589263916015625,0.0007641995008332708
85,94,1.0,0.10002614557743073,0.007633587811142206,0.3145185112953186,0.0007635583656754111
51,123,1.0,0.099896639585495,-0.007633587811142206,2.993492364883423,0.0007625697703139006
94,115,1.0,0.014258256182074547,-0.05343511328101158,0.7984156012535095,0.0007618915342788371
79,119,1.0,0.09969722479581833,0.007633587811142206,-0.26191389560699463,0.0007610475200060633
57,107,1.0,0.03322124853730202,-0.022900763899087906,1.2001925706863403,0.0007607919691856729
15,30,1.0,0.0331241711974144,0.022900763899087906,1.3953862190246582,0.0007585688239449551
30,104,1.0,0.09914732724428177,-0.007633587811142206,-0.5535441040992737,0.0007568498287592769
44,99,1.0,0.03304362669587135,0.022900763899087906,0.2970291078090668,0.0007567242933317481
4,103,1.0,0.03304164111614227,-0.022900763899087906,0.3493294417858124,0.0007566788220391696
40,41,1.0,0.09898418933153152,0.007633587811142206,2.8625094890594482,0.0007556045011769714
5,40,1.0,0.032983385026454926,-0.022900763899087906,-1.6165614128112793,0.0007553447130835556
55,84,1.0,0.032964132726192474,-0.022900763899087906,-1.4269884824752808,0.0007549038207007308
19,88,1.0,0.09885046631097794,-0.007633587811142206,-1.0054701566696167,0.0007545837147572045
3,116,1.0,0.032877907156944275,0.022900763899087906,2.966550827026367,0.0007529291892973133
112,122,1.0,0.09862546622753143,0.007633587811142206,-0.24956050515174866,0.0007528661568627013
11,78,1.0,0.09850849956274033,0.007633587811142206,-0.2768072783946991,0.0007519732815560419
41,113,1.0,0.03280720114707947,-0.022900763899087906,-2.5296218395233154,0.0007513099676591528
20,99,1.0,0.09806060791015625,0.007633587811142206,0.3990207016468048,0.0007485542612961638
70,115,1.0,0.09787611663341522,0.007633587811142206,0.4157043993473053,0.0007471459309347714
27,45,1.0,0.03259928524494171,0.022900763899087906,3.1211202144622803,0.0007465485346734302
89,111,1.0,0.03252565115690231,0.022900763899087906,-0.569122314453125,0.0007448622578083153
52,69,1.0,0.019515039399266243,-0.038167938590049744,-2.145340919494629,0.0007448488253735952
49,92,1.0,0.010840876959264278,-0.06870228797197342,-1.8959252834320068,0.000744793050724106
67,80,1.0,0.09755478799343109,0.007633587811142206,-0.4220494031906128,0.0007446930405452176
93,95,1.0,0.09754280000925064,-0.007633587811142206,0.1719035804271698,0.0007446015292152976
100,119,1.0,0.09753113240003586,-0.007633587811142206,-1.9658485651016235,0.0007445124634958104
84,95,1.0,0.09746585041284561,0.007633587811142206,0.11483883857727051,0.0007440141277141078
49,101,1.0,0.09737493097782135,-0.007633587811142206,0.06732764840126038,0.0007433200862231107
71,82,1.0,0.03241362422704697,0.022900763899087906,-2.6626245975494385,0.0007422967555373583
18,53,1.0,0.09697390347719193,0.007633587811142206,0.3096122443675995,0.0007402588075823731
3,58,1.0,0.03227398544549942,0.022900763899087906,-2.4801907539367676,0.0007390989207699816
34,112,1.0,0.03226962313055992,0.022900763899087906,0.8937013745307922,0.0007389990204254987
2,47,1.0,0.09678468853235245,0.007633587811142206,0.23143735527992249,0.0007388144186857605
44,112,1.0,0.03222079575061798,-0.022900763899087906,-2.7326948642730713,0.0007378808361256373
57,66,1.0,0.09663423895835876,-0.007633587811142206,0.24796640872955322,0.0007376659486515308
19,109,1.0,0.01926591619849205,0.038167938590049744,-1.2314400672912598,0.0007353403063450892
12,105,1.0,0.019251640886068344,-0.038167938590049744,-0.8000666499137878,0.0007347954470971474
23,93,1.0,0.09623008221387863,0.007633587811142206,2.6216654777526855,0.0007345807826530763
34,93,1.0,0.09615717828273773,-0.007633587811142206,0.11320485174655914,0.0007340242640929348
34,96,1.0,0.09611210227012634,-0.007633587811142206,-0.32877129316329956,0.0007336801723924896
21,125,1.0,0.01370331086218357,0.05343511328101158,1.538236141204834,0.0007322379682456956
31,96,1.0,0.031954843550920486,0.022900763899087906,1.878308653831482,0.0007317903275919219
41,57,1.0,0.09586212784051895,-0.007633587811142206,-0.3432365357875824,0.0007317719706335414
69,102,1.0,0.09583953768014908,-0.007633587811142206,-2.2873406410217285,0.0007315995266606902
23,27,1.0,0.03191094100475311,0.022900763899087906,1.1612770557403564,0.000730784925747574
23,31,1.0,0.013667851686477661,0.05343511328101158,-2.265023946762085,0.000730343203174999
19,91,1.0,0.03181621432304382,-0.022900763899087906,-2.1061041355133057,0.0007286156123748055
70,87,1.0,0.09520392119884491,-0.007633587811142206,-2.3543951511383057,0.0007267474924364456
24,30,1.0,0.03163965418934822,0.022900763899087906,-0.011920277029275894,0.0007245722504390512
63,68,1.0,0.031582530587911606,-0.022900763899087906,-2.978745460510254,0.0007232640763294856
70,104,1.0,0.09473666548728943,0.007633587811142206,3.039438009262085,0.0007231806549320291
65,66,1.0,0.09443877637386322,-0.007633587811142206,-0.3318236172199249,0.0007209066922267068
18,103,1.0,0.01885533332824707,0.038167938590049744,0.732052743434906,0.0007196692045674524
4,73,1.0,0.09420841932296753,-0.007633587811142206,-2.78399395942688,0.0007191482414507788
3,60,1.0,0.09405162185430527,0.007633587811142206,-0.12419161200523376,0.0007179513142051806
75,125,1.0,0.09377442300319672,0.007633587811142206,2.989218235015869,0.0007158352924340958
88,126,1.0,0.09375917911529541,-0.007633587811142206,-2.7683258056640625,0.0007157189268772179
121,124,1.0,0.09374509006738663,-0.007633587811142206,2.4594717025756836,0.0007156113768928309
41,50,1.0,0.09370490908622742,-0.007633587811142206,0.1415805220603943,0.0007153046518448142
2,27,1.0,0.03121252730488777,0.022900763899087906,1.413378357887268,0.0007147907185030694
54,115,1.0,0.0936145931482315,-0.007633587811142206,-2.786938428878784,0.0007146152172013767
44,56,1.0,0.09343159943819046,0.007633587811142206,-0.1964309960603714,0.0007132183186468917
52,82,1.0,0.09342589974403381,0.007633587811142206,-2.2052323818206787,0.0007131748095310503
69,125,1.0,0.03102664276957512,-0.022900763899087906,-2.890380859375,0.0007105338206473827
15,62,1.0,0.09303417056798935,0.007633587811142206,2.5010933876037598,0.0007101845104675285
62,73,1.0,0.03096749074757099,0.022900763899087906,1.4528162479400635,0.0007091791941573125
27,95,1.0,0.09277483820915222,0.007633587811142206,0.2029951810836792,0.0007082048741340746
79,87,1.0,0.01854085922241211,0.038167938590049744,1.2713457345962524,0.0007076663762077828
34,63,1.0,0.018521472811698914,-0.038167938590049744,-0.9159427285194397,0.0007069264368742001
21,99,1.0,0.09240870922803879,0.007633587811142206,0.04310235753655434,0.0007054099964065412
21,43,1.0,0.030795400962233543,0.022900763899087906,1.6381038427352905,0.0007052382066138549
3,19,1.0,0.03077208250761032,-0.022900763899087906,2.965008497238159,0.0007047041961900369
116,123,1.0,0.09230406582355499,-0.007633587811142206,-0.06572273373603821,0.0007046111917895573
45,125,1.0,0.030711879953742027,0.022900763899087906,0.4714186489582062,0.000703325511717777
61,101,1.0,0.09195603430271149,0.007633587811142206,-3.1327271461486816,0.000701954462614153
82,116,1.0,0.09171162545681,-0.007633587811142206,-0.2146674245595932,0.0007000887462271441
1,8,1.0,0.09165231138467789,-0.007633587811142206,-2.906128406524658,0.0006996359670490872
20,120,1.0,0.09159958362579346,0.007633587811142206,0.7484382390975952,0.0006992334650715581
29,84,1.0,0.030494870617985725,0.022900763899087906,-2.9471447467803955,0.000698355832155724
9,26,1.0,0.09143900126218796,-0.007633587811142206,0.5287668704986572,0.0006980076454980548
7,82,1.0,0.030461981892585754,-0.022900763899087906,-2.865065813064575,0.0006976026552203973
10,120,1.0,0.030444247648119926,0.022900763899087906,-0.25167861580848694,0.0006971965274749567
38,109,1.0,0.01822848431766033,0.038167938590049744,-2.105365753173828,0.0006957436700261443
31,62,1.0,0.09082074463367462,-0.007633587811142206,0.6447591185569763,0.0006932881292344775
10,93,1.0,0.01296910084784031,-0.05343511328101158,-1.5779099464416504,0.0006930053729572103
15,86,1.0,0.010074284859001637,0.06870228797197342,2.4966022968292236,0.0006921264194948221
26,104,1.0,0.030215276405215263,-0.022900763899087906,0.8233690857887268,0.0006919529111015163
26,112,1.0,0.03020383045077324,-0.022900763899087906,-0.6420395970344543,0.0006916907900012398
83,108,1.0,0.030197080224752426,-0.022900763899087906,2.4687387943267822,0.0006915362046688717
11,50,1.0,0.09050675481557846,0.007633587811142206,-3.1345107555389404,0.0006908912603862359
58,106,1.0,0.0903518870472908,-0.007633587811142206,-0.3185783922672272,0.0006897090636778964
29,57,1.0,0.018026631325483322,0.038167938590049744,1.0266942977905273,0.0006880393574165145
28,80,1.0,0.018018048256635666,0.038167938590049744,2.857923984527588,0.0006877117593718229
72,81,1.0,0.029969872906804085,-0.022900763899087906,-1.7965445518493652,0.0006863329835243917
14,109,1.0,0.0898374691605568,-0.007633587811142206,-0.259503573179245,0.0006857822095678902
4,100,1.0,0.08979611098766327,0.007633587811142206,-0.299038290977478,0.0006854664983233991
68,101,1.0,0.08957062661647797,0.007633587811142206,0.21439439058303833,0.0006837452435759159
34,114,1.0,0.08939765393733978,-0.007633587811142206,0.11404164135456085,0.000682424841440786
110,118,1.0,0.02973364293575287,0.022900763899087906,1.2162426710128784,0.0006809231367314594
44,80,1.0,0.02971082739531994,-0.022900763899087906,-1.3828977346420288,0.0006804006434267748
82,89,1.0,0.08898654580116272,-0.007633587811142206,-0.4504058063030243,0.0006792866113834034
102,122,1.0,0.029637331143021584,0.022900763899087906,1.0271198749542236,0.0006787175231054224
27,100,1.0,0.08890236169099808,0.007633587811142206,-0.07645992189645767,0.0006786439845861587
19,79,1.0,0.029598984867334366,-0.022900763899087906,-2.865062952041626,0.0006778393640995001
26,100,1.0,0.08867332339286804,-0.007633587811142206,3.099482774734497,0.0006768956006252685
77,103,1.0,0.029544245451688766,-0.022900763899087906,-2.6908352375030518,0.0006765857896658262
31,120,1.0,0.0886085256934166,-0.007633587811142206,-3.0254127979278564,0.0006764009616965459
17,126,1.0,0.08860664814710617,0.007633587811142206,-0.1665024608373642,0.0006763866292819158
14,85,1.0,0.08836442977190018,-0.007633587811142206,-2.5146408081054688,0.0006745376340453087
43,108,1.0,0.029453082010149956,-0.022900763899087906,-0.1790984869003296,0.0006744980772149176
36,72,1.0,0.02942344732582569,0.022900763899087906,2.9288086891174316,0.0006738194203059836
54,74,1.0,0.0882137343287468,0.007633587811142206,3.1376311779022217,0.0006733872871472583
28,50,1.0,0.02939598076045513,-0.022900763899087906,-2.1270861625671387,0.0006731904149773135
72,79,1.0,0.08792611211538315,0.007633587811142206,3.068351984024048,0.0006711916977251119
64,67,1.0,0.08770454674959183,0.007633587811142206,0.6443673968315125,0.000669500359049436
15,115,1.0,0.08768695592880249,0.007633587811142206,2.8114845752716064,0.0006693660779742705
5,109,1.0,0.08768520504236221,0.007633587811142206,-0.4124923050403595,0.0006693527124288813
3,51,1.0,0.08768245577812195,-0.007633587811142206,-0.07129423320293427,0.0006693317256788872
7,90,1.0,0.029225097969174385,0.022900763899087906,3.0468478202819824,0.000669277068519776
22,63,1.0,0.029210135340690613,0.022900763899087906,-3.0425021648406982,0.0006689344128975594
26,50,1.0,0.08762515336275101,-0.007633587811142206,-0.219816192984581,0.0006688943026593626
55,94,1.0,0.08760982006788254,0.007633587811142206,3.065103769302368,0.00066877725460655
7,115,1.0,0.08740894496440887,-0.007633587811142206,0.09779589623212814,0.0006672438568651115
87,91,1.0,0.0873788446187973,0.007633587811142206,-2.1243185997009277,0.0006670140832337398
5,96,1.0,0.01731330342590809,0.038167938590049744,-3.076756715774536,0.0006608131019509578
20,29,1.0,0.08644481003284454,0.007633587811142206,-0.5108073353767395,0.0006598840482032256
95,112,1.0,0.08639766275882721,-0.007633587811142206,0.18383195996284485,0.0006595241453469583
26,41,1.0,0.02871183305978775,-0.022900763899087906,-1.8464316129684448,0.000657522910012226
86,91,1.0,0.08596931397914886,0.007633587811142206,0.47980427742004395,0.000656254307323488
51,89,1.0,0.08592721819877625,0.007633587811142206,-0.2564569413661957,0.0006559329654875351
91,116,1.0,0.02858925051987171,-0.022900763899087906,0.8421654105186462,0.0006547156762074582
29,111,1.0,0.08572652190923691,0.007633587811142206,-0.09094049781560898,0.0006544009327379662
45,81,1.0,0.08557173609733582,0.007633587811142206,0.32469528913497925,0.0006532193616509002
16,42,1.0,0.08544512093067169,0.007633587811142206,2.659113645553589,0.0006522528336579472
13,97,1.0,0.08541101962327957,0.007633587811142206,-3.0458033084869385,0.0006519925183334947
60,104,1.0,0.028422711417078972,0.022900763899087906,-0.5639012455940247,0.0006509018035344358
55,79,1.0,0.08522504568099976,0.007633587811142206,0.2445085346698761,0.0006505728699145175
31,55,1.0,0.08520311862230301,0.007633587811142206,-2.1856191158294678,0.0006504054877865158
81,107,1.0,0.08508490771055222,-0.007633587811142206,-2.8099489212036133,0.0006495031144114309
76,124,1.0,0.08482705056667328,-0.007633587811142206,-2.704457998275757,0.0006475347392609007
22,53,1.0,0.08480691909790039,0.007633587811142206,-0.19521397352218628,0.0006473810639262556
93,124,1.0,0.08479481935501099,-0.007633587811142206,0.41964957118034363,0.0006472886994764171
89,108,1.0,0.08470425754785538,-0.007633587811142206,2.9336843490600586,0.000646597387969159
5,88,1.0,0.009391983970999718,0.06870228797197342,-0.8825598359107971,0.0006452507874037811
2,17,1.0,0.0844677984714508,0.007633587811142206,-2.7947418689727783,0.0006447923568456831
80,87,1.0,0.08440041542053223,0.007633587811142206,0.2087194174528122,0.0006442779824095135
62,76,1.0,0.08432886749505997,-0.007633587811142206,2.2825095653533936,0.000643731815037716
8,10,1.0,0.028073003515601158,0.022900763899087906,-0.036640848964452744,0.0006428932254490469
18,57,1.0,0.016833676025271416,-0.038167938590049744,-0.008686361834406853,0.000642506712777352
48,66,1.0,0.08410896360874176,-0.007633587811142206,0.2687956690788269,0.0006420531594114945
96,120,1.0,0.08406516164541245,-0.007633587811142206,-2.9109463691711426,0.0006417187932781197
8,114,1.0,0.028008246794342995,-0.022900763899087906,2.3062145709991455,0.0006414102470646346
47,99,1.0,0.02793019823729992,-0.022900763899087906,-1.4889708757400513,0.0006396228754871267
7,13,1.0,0.027923351153731346,0.022900763899087906,0.8588164448738098,0.0006394660720429254
38,46,1.0,0.0836954191327095,-0.007633587811142206,-0.556850790977478,0.0006388963313398895
23,61,1.0,0.08366283029317856,-0.007633587811142206,2.1990349292755127,0.0006386475615716668
32,112,1.0,0.027883298695087433,-0.022900763899087906,-2.8269031047821045,0.0006385488401439432
15,119,1.0,0.08348409831523895,-0.007633587811142206,0.26217254996299744,0.0006372831953234057
86,95,1.0,0.08342768996953964,0.007633587811142206,-0.0841548889875412,0.0006368525972632287
70,89,1.0,0.08307856321334839,-0.007633587811142206,-0.22777685523033142,0.0006341875075126235
6,59,1.0,0.08305399119853973,0.007633587811142206,-0.09896712750196457,0.000633999934879885
58,104,1.0,0.08301973342895508,0.007633587811142206,2.8715696334838867,0.0006337384251875466
62,100,1.0,0.027661293745040894,-0.022900763899087906,-1.7662527561187744,0.0006334647571984986
35,43,1.0,0.08294086158275604,-0.007633587811142206,-3.0544607639312744,0.0006331363500237594
5,52,1.0,0.08284462243318558,-0.007633587811142206,-0.2159067988395691,0.0006324017000246436
38,78,1.0,0.011826999485492706,0.05343511328101158,1.3274763822555542,0.0006319770572817685
22,41,1.0,0.08271829783916473,-0.007633587811142206,-0.29028084874153137,0.0006314373901434786
49,83,1.0,0.08266341686248779,0.007633587811142206,0.7402567863464355,0.0006310184513888539
1,35,1.0,0.011751838959753513,-0.05343511328101158,1.0773056745529175,0.0006279608460746343
65,100,1.0,0.08206933736801147,0.007633587811142206,2.767202854156494,0.00062648349340097
50,51,1.0,0.02722853608429432,0.022900763899087906,2.722018003463745,0.0006235542761842197
76,121,1.0,0.08143597096204758,0.007633587811142206,-2.746917247772217,0.000621648635324417
9,23,1.0,0.08142370730638504,0.007633587811142206,0.6669111847877502,0.0006215550196320314
12,50,1.0,0.08137359470129013,-0.007633587811142206,-0.41562971472740173,0.0006211724806605944
37,86,1.0,0.0810757651925087,-0.007633587811142206,0.0631483867764473,0.0006188989729525619
32,63,1.0,0.027004055678844452,0.022900763899087906,1.0033625364303589,0.0006184135034190408
35,86,1.0,0.08074159920215607,-0.007633587811142206,-2.3092942237854004,0.0006163480875217078
64,77,1.0,0.08069240301847458,0.007633587811142206,-2.6885504722595215,0.0006159725441336021
102,103,1.0,0.026881197467446327,0.022900763899087906,1.8957995176315308,0.0006155999565267481
22,51,1.0,0.0268138125538826,-0.022900763899087906,-1.2477660179138184,0.0006140567905308647
16,34,1.0,0.026789600029587746,-0.022900763899087906,3.0655200481414795,0.0006135023052285873
80,83,1.0,0.08024795353412628,-0.007633587811142206,2.8886022567749023,0.0006125797999672125
36,80,1.0,0.08019290864467621,-0.007633587811142206,-0.4843156635761261,0.0006121596099700408
39,59,1.0,0.08017616719007492,-0.007633587811142206,-0.17508581280708313,0.0006120318126062556
11,121,1.0,0.026724383234977722,-0.022900763899087906,-1.3310065269470215,0.0006120087908129679
10,28,1.0,0.08007820695638657,0.007633587811142206,2.797898054122925,0.0006112840245603955
47,118,1.0,0.026690447703003883,0.022900763899087906,2.287654161453247,0.000611231641207445
54,75,1.0,0.08002414554357529,-0.007633587811142206,3.077000617980957,0.0006108713420185062
96,107,1.0,0.026644526049494743,-0.022900763899087906,-0.7393190264701843,0.0006101800002625765
63,105,1.0,0.07980893552303314,0.007633587811142206,2.32108473777771,0.00060922851742886
15,45,1.0,0.02659178152680397,0.022900763899087906,1.9288735389709473,0.000608972110401465
69,80,1.0,0.015951503068208694,0.038167938590049744,3.1069700717926025,0.0006088359895263795
34,68,1.0,0.0797496810555458,0.007633587811142206,0.0790693387389183,0.000608776193248093
31,123,1.0,0.026544958353042603,-0.022900763899087906,-2.3003265857696533,0.00060789982395415
77,112,1.0,0.026522574946284294,-0.022900763899087906,1.2578277587890625,0.0006073872268407207
11,95,1.0,0.07942654937505722,0.007633587811142206,2.817518949508667,0.0006063095391905214
12,126,1.0,0.0792047455906868,-0.007633587811142206,2.7015457153320312,0.0006046163805256861
37,60,1.0,0.02639416791498661,-0.022900763899087906,0.864518940448761,0.0006044466077339897
66,77,1.0,0.02639368735253811,0.022900763899087906,1.5941200256347656,0.0006044356024868178
9,78,1.0,0.0791429951786995,-0.007633587811142206,0.2988688051700592,0.0006041450033334068
43,69,1.0,0.0791407972574234,0.007633587811142206,0.3232669532299042,0.0006041282253083438
84,116,1.0,0.0790855661034584,-0.007633587811142206,-0.5111793279647827,0.0006037066134446413
62,125,1.0,0.07904227077960968,0.007633587811142206,0.1728069931268692,0.0006033761147882302
35,85,1.0,0.02634469047188759,0.022900763899087906,-1.4343724250793457,0.0006033135364912484
33,59,1.0,0.01576513610780239,0.038167938590049744,-0.9038112163543701,0.0006017227468263775
65,79,1.0,0.07872696965932846,-0.007633587811142206,-0.8657926321029663,0.000600969235999612
31,66,1.0,0.07861559092998505,0.007633587811142206,-0.5960555076599121,0.0006001190166888756
97,121,1.0,0.07833842188119888,0.007633587811142206,-2.954063653945923,0.0005980032224164357
37,58,1.0,0.07832300662994385,0.007633587811142206,-0.12496961653232574,0.0005978855487423496
24,70,1.0,0.07818353921175003,0.007633587811142206,-1.224915623664856,0.0005968209119587738
97,106,1.0,0.07813703268766403,0.007633587811142206,0.4398210346698761,0.0005964659003233723
50,66,1.0,0.07810407876968384,-0.007633587811142206,-3.054361581802368,0.0005962143436967493
52,78,1.0,0.07798492908477783,0.007633587811142206,-0.9450937509536743,0.0005953048041143494
104,112,1.0,0.07787178456783295,0.007633587811142206,0.5794729590415955,0.0005944411055089013
42,108,1.0,0.07784071564674377,-0.007633587811142206,2.5760960578918457,0.0005942039381715697
24,37,1.0,0.011117186397314072,-0.05343511328101158,-1.2449979782104492,0.0005940481145065984
11,54,1.0,0.07776237279176712,0.007633587811142206,2.5173518657684326,0.0005936059011087298
14,23,1.0,0.0777420923113823,0.007633587811142206,2.9597904682159424,0.0005934510882808601
15,87,1.0,0.07773516327142715,0.007633587811142206,2.1158957481384277,0.0005933981948459156
7,76,1.0,0.07742920517921448,0.007633587811142206,-3.1290605068206787,0.0005910626368824806
26,68,1.0,0.07741931080818176,-0.007633587811142206,-0.49826106429100037,0.0005909871073323664
9,37,1.0,0.07734691351652145,-0.007633587811142206,3.1285665035247803,0.0005904344562491885
13,36,1.0,0.07722964137792587,0.007633587811142206,0.6691449284553528,0.0005895392490814187
45,111,1.0,0.015440845862030983,-0.038167938590049744,-1.255825400352478,0.0005893452566404223
42,75,1.0,0.07688149809837341,-0.007633587811142206,-2.5627317428588867,0.000586881666786096
55,115,1.0,0.025623811408877373,-0.022900763899087906,0.5035918951034546,0.0005868048552694557
63,71,1.0,0.025620587170124054,0.022900763899087906,0.9634933471679688,0.0005867310177390117
22,124,1.0,0.07657165080308914,0.007633587811142206,0.41517359018325806,0.0005845164202494986
11,107,1.0,0.07654275745153427,-0.007633587811142206,-0.2695007026195526,0.0005842958603132463
8,84,1.0,0.015298474580049515,0.038167938590049744,0.49898067116737366,0.0005839112382927669
20,83,1.0,0.0762561783194542,0.007633587811142206,1.0581341981887817,0.0005821082333436721
26,45,1.0,0.07615046948194504,-0.007633587811142206,-0.3024759590625763,0.0005813012956501322
28,78,1.0,0.02536565251648426,-0.022900763899087906,2.4923501014709473,0.000580892819426311
28,35,1.0,0.025284115225076675,-0.022900763899087906,-0.7922120690345764,0.0005790255531668148
34,79,1.0,0.07581841945648193,-0.007633587811142206,1.1620010137557983,0.0005787665626230676
86,121,1.0,0.015145102515816689,-0.038167938590049744,0.6955898404121399,0.0005780573427636992
81,91,1.0,0.07565374672412872,0.007633587811142206,0.2632931172847748,0.0005775095188605486
10,18,1.0,0.02520447038114071,-0.022900763899087906,-1.5816534757614136,0.0005772016254000575
105,106,1.0,0.07560326904058456,0.007633587811142206,2.6631288528442383,0.0005771241930307112
80,126,0.9999999403953552,0.02519242651760578,-0.022900763899087906,-1.3064661026000977,0.0005769257773373533
23,105,1.0,0.010795045644044876,0.05343511328101158,0.49500560760498047,0.0005768344868632286
11,63,1.0,0.07551973313093185,-0.007633587811142206,0.43371737003326416,0.0005764865143289936
29,125,1.0,0.0754430964589119,0.007633587811142206,-3.0728495121002197,0.0005759015015635756
53,55,1.0,0.07540064305067062,-0.007633587811142206,-0.7239403128623962,0.0005755774297438836
88,109,1.0,0.07537432760000229,-0.007633587811142206,2.8523385524749756,0.000575376548440417
33,88,1.0,0.07533568143844604,0.007633587811142206,2.917105197906494,0.0005750815395726139
2,102,1.0,0.07519984990358353,-0.007633587811142206,-0.1962006837129593,0.0005740446576237186
29,47,1.0,0.0751820057630539,0.007633587811142206,0.6973608136177063,0.0005739084428100713
10,89,1.0,0.0250549279153347,-0.022900763899087906,-2.820613145828247,0.0005737769886977467
20,31,1.0,0.02503763511776924,0.022900763899087906,-2.6782467365264893,0.0005733809704235454
52,87,1.0,0.07499097287654877,0.007633587811142206,-0.07862350344657898,0.0005724501764961185
27,31,1.0,0.02494473196566105,0.022900763899087906,0.545159637928009,0.0005712534172716346
3,41,1.0,0.024894289672374725,-0.022900763899087906,-1.9568819999694824,0.000570098250222556
15,26,1.0,0.07468205690383911,0.007633587811142206,-0.5684766173362732,0.0005700920392921749
23,40,1.0,0.07427840679883957,0.007633587811142206,0.47846996784210205,0.0005670107407706841
100,101,1.0,0.07427417486906052,0.007633587811142206,0.2092319130897522,0.0005669784359631051
59,94,1.0,0.02475588396191597,-0.022900763899087906,-1.2727317810058594,0.0005669286537250545
2,33,1.0,0.07418770343065262,0.007633587811142206,-3.0686373710632324,0.0005663183486448627
14,114,1.0,0.024714691564440727,-0.022900763899087906,-0.7540609240531921,0.0005659853163560366
110,126,1.0,0.024701053276658058,-0.022900763899087906,-1.4713597297668457,0.0005656729891475379
3,14,1.0,0.07405486702919006,0.007633587811142206,2.9572594165802,0.0005653043303097821
10,61,1.0,0.0739022046327591,0.007633587811142206,1.9237433671951294,0.0005641389685011669
11,19,1.0,0.07381512969732285,-0.007633587811142206,0.43886512517929077,0.0005634742743353648
20,115,1.0,0.024593589827418327,0.022900763899087906,2.5826563835144043,0.0005632119940687172
3,101,1.0,0.07362175732851028,0.007633587811142206,0.726973295211792,0.0005619981493777855
72,99,1.0,0.014707180671393871,0.038167938590049744,-1.2202491760253906,0.0005613427686985278
53,57,1.0,0.07348836213350296,-0.007633587811142206,-2.83095121383667,0.0005609798654431127
8,65,1.0,0.07342714071273804,0.007633587811142206,2.7740981578826904,0.0005605125263517807
6,38,1.0,0.07334785163402557,0.007633587811142206,1.3962455987930298,0.0005599072662069646
101,102,1.0,0.07313118875026703,-0.007633587811142206,2.830575942993164,0.0005582533510583784
104,114,1.0,0.024366242811083794,-0.022900763899087906,-1.8701438903808594,0.000558005573724478
29,31,1.0,0.07284942269325256,0.007633587811142206,0.44466325640678406,0.0005561024651199592
48,55,1.0,0.07281194627285004,-0.007633587811142206,-2.705763339996338,0.0005558163855739692
25,90,1.0,0.008085922338068485,0.06870228797197342,0.045686665922403336,0.0005555213649889937
53,64,1.0,0.0727333128452301,-0.007633587811142206,2.8574442863464355,0.0005552161303993414
34,123,1.0,0.07270173728466034,0.007633587811142206,-0.333364874124527,0.000554975095585046
18,81,1.0,0.024228215217590332,0.022900763899087906,2.474177837371826,0.0005548446363943249
66,67,1.0,0.07266869395971298,-0.007633587811142206,-0.36415034532546997,0.0005547228564624883
41,83,1.0,0.072530597448349,-0.007633587811142206,0.015172812156379223,0.0005536686846165789
41,111,1.0,0.0722966194152832,-0.007633587811142206,0.04144236817955971,0.0005518825927552928
50,108,1.0,0.0722241997718811,-0.007633587811142206,-2.7374677658081055,0.0005513297710481313
32,82,1.0,0.024041302502155304,-0.022900763899087906,-2.9026732444763184,0.0005505641924284099
41,51,1.0,0.07185138761997223,0.007633587811142206,2.785428285598755,0.000548483876749474
38,42,1.0,0.07178623229265213,0.007633587811142206,2.466871500015259,0.0005479865078370123
46,77,1.0,0.014349124394357204,0.038167938590049744,0.9842478632926941,0.0005476764987048105
26,65,1.0,0.014344186522066593,-0.038167938590049744,1.4965739250183105,0.0005474880302984569
74,105,1.0,0.07169678807258606,0.007633587811142206,2.720144748687744,0.0005473037275289389
42,104,1.0,0.07168146967887878,-0.007633587811142206,-0.1606050282716751,0.0005471867932254487
69,81,1.0,0.0716453492641449,0.007633587811142206,2.524097204208374,0.0005469110648678027
55,97,1.0,0.07163424789905548,0.007633587811142206,-2.5161468982696533,0.0005468263216225691
76,116,1.0,0.02384592778980732,-0.022900763899087906,-1.8939635753631592,0.0005460899622690765
14,58,1.0,0.07130701839923859,0.007633587811142206,3.082404851913452,0.0005443283865013207
41,70,1.0,0.02376650646328926,0.022900763899087906,0.7695820331573486,0.0005442711532219341
42,43,1.0,0.07089132815599442,0.007633587811142206,0.10139621794223785,0.0005411551785272813
85,109,1.0,0.01008610986173153,-0.05343511328101158,-2.405925989151001,0.0005389524230263523
1,31,1.0,0.07056676596403122,0.007633587811142206,3.0278372764587402,0.0005386776045347534
30,60,1.0,0.07030899822711945,-0.007633587811142206,-0.3997148871421814,0.000536709911880158
9,61,1.0,0.07022146880626678,0.007633587811142206,2.9696359634399414,0.0005360417483600208
26,46,1.0,0.07017737627029419,-0.007633587811142206,-0.7422053217887878,0.000535705164114858
7,73,1.0,0.0700559914112091,-0.007633587811142206,0.2529565095901489,0.0005347785621340889
29,69,1.0,0.06968959420919418,0.007633587811142206,0.008069953881204128,0.0005319816369187512
45,108,1.0,0.06966789811849594,-0.007633587811142206,-3.018110513687134,0.0005318160179052477
6,112,1.0,0.06962215900421143,0.007633587811142206,0.35037028789520264,0.0005314668643599529
62,99,1.0,0.0696142315864563,-0.007633587811142206,2.851903200149536,0.0005314063497204036
15,37,1.0,0.02318485453724861,-0.022900763899087906,2.956374168395996,0.0005309508797922274
2,108,1.0,0.023144079372286797,-0.022900763899087906,-2.3258790969848633,0.0005300170973664906
83,110,1.0,0.00989184807986021,-0.05343511328101158,0.2780102491378784,0.0005285720227058872
8,107,1.0,0.06888549774885178,-0.007633587811142206,0.377858966588974,0.0005258434959800988
2,31,1.0,0.013770035468041897,-0.038167938590049744,1.2674472332000732,0.00052557386812703
31,78,1.0,0.06864286959171295,-0.007633587811142206,-1.8276699781417847,0.000523991372637124
20,34,1.0,0.0683935135602951,0.007633587811142206,2.327786684036255,0.0005220878914750579
34,90,1.0,0.06775930523872375,0.007633587811142206,-2.855778932571411,0.0005172466065617859
2,97,1.0,0.06774125248193741,0.007633587811142206,-0.12186697870492935,0.0005171087992576241
1,124,1.0,0.06769119203090668,0.007633587811142206,2.8881473541259766,0.0005167266584088157
6,53,1.0,0.06767204403877258,0.007633587811142206,-0.013931243680417538,0.000516580490529453
47,78,1.0,0.0676293671131134,-0.007633587811142206,0.3772084712982178,0.000516254712469924
46,49,1.0,0.06738866120576859,0.007633587811142206,2.0057120323181152,0.0005144172627895467
22,28,1.0,0.06735557317733765,0.007633587811142206,3.0199198722839355,0.0005141646824190216
48,121,1.0,0.022413453087210655,0.022900763899087906,-2.6503820419311523,0.0005132851973134941
3,81,1.0,0.06721089780330658,-0.007633587811142206,-0.44786515831947327,0.0005130602902472456
24,91,1.0,0.06683995574712753,0.007633587811142206,0.36502858996391296,0.0005102286714885572
38,124,1.0,0.06655314564704895,-0.007633587811142206,2.0641837120056152,0.0005080392814044848
51,63,1.0,0.06651380658149719,0.007633587811142206,2.5714659690856934,0.0005077389831931872
21,48,1.0,0.0664750188589096,0.007633587811142206,1.4225761890411377,0.0005074428937068207
40,63,1.0,0.06644902378320694,-0.007633587811142206,0.24281038343906403,0.0005072444580137871
21,70,1.0,0.013289352878928185,-0.038167938590049744,2.0741984844207764,0.0005072272045844317
38,106,1.0,0.022144204005599022,0.022900763899087906,-2.5097007751464844,0.0005071191876654599
60,64,1.0,0.06640135496854782,0.007633587811142206,0.1633543223142624,0.0005068805739312336
107,110,1.0,0.06630335003137589,-0.007633587811142206,-2.2021381855010986,0.0005061324446374062
49,102,1.0,0.06610473990440369,-0.007633587811142206,0.6733383536338806,0.0005046163367929818
52,105,1.0,0.06609227508306503,0.007633587811142206,2.470424175262451,0.000504521185484743
19,21,1.0,0.06601720303297043,0.007633587811142206,-3.0020480155944824,0.0005039481163981833
52,74,1.0,0.06598477065563202,0.007633587811142206,0.22136253118515015,0.0005037005409978465
35,53,1.0,0.06589450687170029,-0.007633587811142206,-2.0774197578430176,0.0005030115044770377
41,69,1.0,0.0658242404460907,-0.007633587811142206,-2.1418721675872803,0.0005024751195469718
35,44,1.0,0.06570330262184143,-0.007633587811142206,-2.7964696884155273,0.0005015519300458765
34,42,1.0,0.06555555015802383,0.007633587811142206,0.22534097731113434,0.0005004240486390123
27,64,1.0,0.06555445492267609,-0.007633587811142206,-0.14309613406658173,0.0005004156880638114
18,86,1.0,0.06546788662672043,-0.007633587811142206,-0.8614658117294312,0.0004997548613749729
56,68,1.0,0.009347544051706791,-0.05343511328101158,2.403559923171997,0.0004994870753021984
64,87,1.0,0.06537827104330063,0.007633587811142206,-0.5611544847488403,0.0004990707729496911
66,95,1.0,0.021775301545858383,0.022900763899087906,1.1623916625976562,0.0004986710395331467
107,123,1.0,0.06531982868909836,0.007633587811142206,-0.03251257166266441,0.0004986246481069982
15,55,1.0,0.06530766189098358,-0.007633587811142206,-3.092024326324463,0.0004985317717852086
53,72,0.9999999403953552,0.06508193165063858,-0.007633587811142206,0.6868783235549927,0.0004968086105618023
84,90,1.0,0.0647525042295456,0.007633587811142206,1.2936723232269287,0.0004942939270275934
73,126,1.0,0.021567806601524353,-0.022900763899087906,-0.39223700761795044,0.0004939192468026987
5,112,1.0,0.06463436782360077,-0.007633587811142206,2.720510959625244,0.0004933921223991208
34,56,1.0,0.06431235373020172,-0.007633587811142206,-0.1671750694513321,0.0004909339995407339
36,67,1.0,0.06402498483657837,0.007633587811142206,-3.1179683208465576,0.0004887403438570692
49,120,1.0,0.06401064991950989,0.007633587811142206,-2.3431901931762695,0.0004886309170088615
19,61,1.0,0.06400834023952484,0.007633587811142206,0.22864779829978943,0.00048861328586388
41,118,1.0,0.01280096173286438,0.038167938590049744,1.2260197401046753,0.0004885863213135444
59,126,1.0,0.06398936361074448,0.007633587811142206,-2.118985176086426,0.0004884684261017257
11,74,1.0,0.06397134810686111,-0.007633587811142206,-2.6130430698394775,0.00048833090317087
6,113,1.0,0.06397078186273575,0.007633587811142206,-0.29460155963897705,0.0004883265806966165
63,83,1.0,0.06394920498132706,0.007633587811142206,0.3312397003173828,0.0004881618716776927
43,100,1.0,0.063804991543293,-0.007633587811142206,-3.1394855976104736,0.000487061005734913
3,68,1.0,0.021234286949038506,0.022900763899087906,2.3822994232177734,0.0004862813919854145
79,112,1.0,0.06366357207298279,-0.007633587811142206,-2.6300408840179443,0.00048598146779009477
46,54,1.0,0.012717989273369312,0.038167938590049744,0.02546670101583004,0.0004854194335748713
79,97,1.0,0.0635136142373085,0.007633587811142206,-0.7264097332954407,0.0004848367514835063
65,77,1.0,0.06346336752176285,-0.007633587811142206,0.08962100744247437,0.00048445318876816704
12,22,1.0,0.06338947266340256,0.007633587811142206,0.6740078330039978,0.00048388910587808184
94,125,1.0,0.0632709264755249,0.007633587811142206,-1.56531822681427,0.0004829841731432416
91,115,1.0,0.06322724372148514,0.007633587811142206,2.7650904655456543,0.00048265071700444653
63,92,1.0,0.06310335546731949,0.007633587811142206,0.023119769990444183,0.00048170500513750394
3,85,1.0,0.06299705058336258,-0.007633587811142206,0.11814997345209122,0.0004808935174710656
14,86,1.0,0.012584064155817032,-0.038167938590049744,-1.3155288696289062,0.00048030778791247064
13,15,1.0,0.008988392539322376,0.05343511328101158,0.36816319823265076,0.0004802957735528905
24,58,1.0,0.062399253249168396,0.007633587811142206,-3.0076820850372314,0.0004763301790272276
12,47,1.0,0.062181003391742706,0.007633587811142206,-0.5206486582756042,0.0004746641495757993
84,112,1.0,0.06202767416834831,0.007633587811142206,0.2126556932926178,0.00047349369748500396
101,126,1.0,0.06186477094888687,-0.007633587811142206,-2.2455809116363525,0.0004722501614545273
23,45,1.0,0.06184824928641319,0.007633587811142206,-0.5633800625801086,0.0004721240418932484
23,34,1.0,0.0618070513010025,-0.007633587811142206,-2.5659148693084717,0.00047180955345397374
2,12,1.0,0.02058704011142254,-0.022900763899087906,-2.843295097351074,0.00047145894497273994
20,70,1.0,0.06175849214196205,-0.007633587811142206,0.26452547311782837,0.00047143887284940324
34,62,1.0,0.06138163059949875,-0.007633587811142206,-0.7208224534988403,0.0004685620671723671
2,58,1.0,0.06137726828455925,-0.007633587811142206,-0.8393146395683289,0.0004685287670582166
8,98,1.0,0.06117890402674675,0.007633587811142206,2.3511900901794434,0.0004670145360776128
118,120,1.0,0.06116320565342903,0.007633587811142206,3.1347615718841553,0.00046689470116639993
67,104,1.0,0.061018913984298706,-0.007633587811142206,-1.8103724718093872,0.0004657932380396773
20,80,1.0,0.06094299629330635,-0.007633587811142206,-2.5795774459838867,0.000465213713679068
116,124,1.0,0.06090245768427849,-0.007633587811142206,2.66788649559021,0.00046490425864731226
58,100,1.0,0.06076433137059212,-0.007633587811142206,2.81866455078125,0.000463849859302758
11,42,1.0,0.06074029579758644,0.007633587811142206,2.46291446685791,0.000463666381645628
29,55,1.0,0.06069040298461914,0.007633587811142206,2.906247854232788,0.00046328552047669724
7,41,1.0,0.060441821813583374,0.007633587811142206,2.294400930404663,0.00046138795427939916
11,89,1.0,0.06039324030280113,0.007633587811142206,-2.5247578620910645,0.00046101710305084496
72,119,0.9999999403953552,0.020124806091189384,-0.022900763899087906,-2.9699220657348633,0.000460873405339057
16,121,1.0,0.020118018612265587,0.022900763899087906,-0.2973926067352295,0.0004607179943569503
74,83,1.0,0.02011675015091896,0.022900763899087906,2.278723955154419,0.0004606889456231361
75,118,1.0,0.06027592718601227,0.007633587811142206,-2.9556679725646973,0.0004601215830724384
16,48,1.0,0.060191038995981216,-0.007633587811142206,0.01402994804084301,0.00045947358161970743
10,25,1.0,0.06011531129479408,0.007633587811142206,-0.8679336905479431,0.0004588955075629595
24,52,1.0,0.020015394315123558,0.022900763899087906,1.2196381092071533,0.0004583678195577909
60,115,1.0,0.05998152866959572,0.007633587811142206,-2.5599617958068848,0.00045787426614590267
66,115,1.0,0.05997489020228386,0.007633587811142206,2.718177080154419,0.0004578235908227462
100,123,1.0,0.059920355677604675,-0.007633587811142206,-0.15846458077430725,0.00045740729673986874
16,106,1.0,0.05991821363568306,-0.007633587811142206,-0.6843922138214111,0.00045739094527476494
57,116,1.0,0.011967232450842857,-0.038167938590049744,0.4426453709602356,0.00045676459327662067
72,125,1.0,0.059779465198516846,0.007633587811142206,-2.856060266494751,0.0004563317968959979
6,27,1.0,0.05975515395402908,-0.007633587811142206,-0.5103464722633362,0.0004561462148764024
5,85,1.0,0.01990879327058792,-0.022900763899087906,1.5674999952316284,0.0004559265742054841
19,29,1.0,0.01989307813346386,0.022900763899087906,-3.093857765197754,0.0004555666855605642
76,99,1.0,0.0595567487180233,0.007633587811142206,1.285376787185669,0.0004546316710851619
40,86,1.0,0.0594639778137207,0.007633587811142206,0.5119690299034119,0.00045392349624084893
74,117,1.0,0.05938423052430153,0.007633587811142206,-2.766613721847534,0.0004533147383043671
88,124,0.9999999403953552,0.059361737221479416,-0.007633587811142206,-0.04371427372097969,0.0004531430066926823
23,110,1.0,0.05935070291161537,0.007633587811142206,3.087193727493286,0.00045305880232882935
40,116,1.0,0.05910308286547661,0.007633587811142206,-3.1247336864471436,0.00045116857296283
43,93,1.0,0.059016674757003784,-0.007633587811142206,-1.1818701028823853,0.000450508969079208
34,97,1.0,0.05899845436215401,-0.007633587811142206,-3.1080973148345947,0.00045036988209516855
28,75,1.0,0.05893257260322571,-0.007633587811142206,2.6618638038635254,0.0004498669679032369
22,110,1.0,0.011775442399084568,-0.038167938590049744,-0.20669764280319214,0.0004494443623589278
79,100,1.0,0.05874215066432953,-0.007633587811142206,3.0694174766540527,0.00044841336531150494
40,50,1.0,0.05863868445158005,-0.007633587811142206,-0.6590832471847534,0.00044762354689099546
21,47,1.0,0.011721733026206493,-0.038167938590049744,-1.2039883136749268,0.0004473943863132074
6,124,1.0,0.05854596197605133,0.007633587811142206,0.17471465468406677,0.0004469157417319805
82,103,1.0,0.058536820113658905,0.007633587811142206,0.7802948355674744,0.00044684595652265055
59,72,1.0,0.05848275497555733,-0.007633587811142206,-2.6595559120178223,0.0004464332455434306
5,20,1.0,0.0584513358771801,0.007633587811142206,0.1685287058353424,0.00044619340509702114
88,99,1.0,0.058364976197481155,0.007633587811142206,-0.28887394070625305,0.00044553417089869714
52,101,1.0,0.05811679735779762,0.007633587811142206,2.1083498001098633,0.0004436396759331055
79,107,1.0,0.019364096224308014,0.022900763899087906,0.8031747341156006,0.0004434525957520974
27,50,1.0,0.019308295100927353,0.022900763899087906,-2.0497524738311768,0.000442174707400253
17,116,1.0,0.057879239320755005,0.007633587811142206,2.836561918258667,0.0004418262557970981
19,33,1.0,0.011568082496523857,-0.038167938590049744,-0.9822015762329102,0.0004415298623319519
21,75,1.0,0.05778465420007706,-0.007633587811142206,-0.9500249028205872,0.0004411042319727755
58,108,1.0,0.05774896964430809,0.007633587811142206,-2.6748900413513184,0.0004408318307828115
48,87,1.0,0.057654522359371185,0.007633587811142206,2.3255066871643066,0.00044011085913972167
36,89,1.0,0.05764318257570267,0.007633587811142206,-1.894534945487976,0.0004400242959053287
22,47,1.0,0.05757104232907295,-0.007633587811142206,-0.48602095246315,0.0004394736069979633
46,96,1.0,0.019126340746879578,0.022900763899087906,-0.3463050425052643,0.00043800781369779385
29,122,1.0,0.05729714781045914,-0.007633587811142206,-0.668217658996582,0.0004373828091391342
109,116,1.0,0.05729222297668457,-0.007633587811142206,2.003058910369873,0.0004373452149880608
24,97,1.0,0.05719109624624252,-0.007633587811142206,1.9224977493286133,0.0004365732552111777
4,72,1.0,0.05710282549262047,-0.007633587811142206,3.0392673015594482,0.00043589943266224805
6,36,1.0,0.019014745950698853,-0.022900763899087906,2.0237083435058594,0.0004354522076180922
99,114,1.0,0.01889384351670742,-0.022900763899087906,-2.18717098236084,0.0004326834495224294
48,104,1.0,0.05658334121108055,-0.007633587811142206,2.7214081287384033,0.000431933903782605
94,113,1.0,0.011315290816128254,-0.038167938590049744,-1.785040259361267,0.00043188132499853704
53,59,1.0,0.056529898196458817,0.007633587811142206,3.1097593307495117,0.0004315259418375978
36,84,1.0,0.018831249326467514,-0.022900763899087906,-0.9498816132545471,0.0004312499947502907
82,124,1.0,0.005129772238433361,-0.08396946638822556,0.24364902079105377,0.0004307442375543827
34,95,1.0,0.056402694433927536,-0.007633587811142206,-0.17708314955234528,0.0004305549207464076
10,76,1.0,0.056250110268592834,0.007633587811142206,-2.9807229042053223,0.0004293901561217353
38,114,1.0,0.05616036057472229,0.007633587811142206,-3.047488212585449,0.0004287050439525514
9,116,1.0,0.05610032379627228,0.007633587811142206,0.34318503737449646,0.0004282467479323551
68,74,1.0,0.056074511259794235,0.007633587811142206,-0.37997305393218994,0.00042804970566852167
117,121,1.0,0.01867350935935974,-0.022900763899087906,-0.9114025831222534,0.0004276376290061057
1,15,1.0,0.055835478007793427,0.007633587811142206,3.076343059539795,0.0004262250243495906
16,33,1.0,0.055779095739126205,-0.007633587811142206,3.104701519012451,0.00042579462535072797
29,66,1.0,0.055642303079366684,0.007633587811142206,0.47641056776046753,0.00042475040657053396
71,124,1.0,0.05550070479512215,-0.007633587811142206,0.021489277482032776,0.0004236695036338462
52,54,1.0,0.055429697036743164,-0.007633587811142206,-0.21892030537128448,0.0004231274596749879
32,104,1.0,0.05537845566868782,0.007633587811142206,-2.456198215484619,0.00042273630419237436
26,107,1.0,0.05537332594394684,-0.007633587811142206,-2.9917144775390625,0.0004226971459881171
11,26,1.0,0.05527930334210396,-0.007633587811142206,0.07151709496974945,0.0004219794162007174
25,110,1.0,0.05519440770149231,0.007633587811142206,3.115760326385498,0.0004213313578733252
11,18,1.0,0.055134836584329605,-0.007633587811142206,0.6139819622039795,0.00042087661651945586
16,120,1.0,0.018365928903222084,-0.022900763899087906,1.354689598083496,0.00042059380160012344
12,75,1.0,0.054893530905246735,-0.007633587811142206,-0.13329027593135834,0.00041903458842884947
60,93,1.0,0.054637376219034195,-0.007633587811142206,-2.302360773086548,0.00041707920913841047
6,81,1.0,0.05448107048869133,0.007633587811142206,-0.11115141212940216,0.0004158860356204535
51,70,1.0,0.05411837622523308,0.007633587811142206,-0.9395483732223511,0.0004131173771117474
62,87,1.0,0.05403575301170349,0.007633587811142206,0.5027231574058533,0.00041248666555603053
91,103,1.0,0.017969103530049324,0.022900763899087906,3.033277988433838,0.0004115061974199266
32,114,1.0,0.05360216647386551,0.007633587811142206,1.754562258720398,0.00040917684464571516
69,88,1.0,0.017844127491116524,0.022900763899087906,1.7546310424804688,0.00040864415065928333
31,95,1.0,0.017816072329878807,-0.022900763899087906,-1.5424565076828003,0.00040800166603562754
38,54,1.0,0.01776161976158619,-0.022900763899087906,2.902172803878784,0.00040675466062545934
59,107,1.0,0.05326640233397484,0.007633587811142206,-1.3496602773666382,0.0004066137596000271
92,107,1.0,0.05324631556868553,-0.007633587811142206,-0.12793464958667755,0.00040646042551334936
40,48,1.0,0.05324508622288704,-0.007633587811142206,2.9934823513031006,0.0004064510411942463
67,107,1.0,0.05319542437791824,0.007633587811142206,-2.660707950592041,0.0004060719431398137
37,94,1.0,0.017728004604578018,0.022900763899087906,1.0138576030731201,0.00040598484785138444
24,93,1.0,0.05286826938390732,0.007633587811142206,3.021223783493042,0.0004035745767651776
6,32,1.0,0.05286622419953346,0.007633587811142206,-2.8721883296966553,0.0004035589646706698
23,25,1.0,0.017578236758708954,-0.022900763899087906,-0.38435131311416626,0.000402555049773462
13,53,1.0,0.05256685987114906,-0.007633587811142206,2.4089324474334717,0.00040127374078242385
58,90,1.0,0.0525033101439476,0.007633587811142206,2.1794984340667725,0.00040078862835945736
46,82,1.0,0.052400846034288406,-0.007633587811142206,2.776236057281494,0.0004000064595808834
15,95,1.0,0.05236203968524933,0.007633587811142206,-3.038660764694214,0.00039971022790786376
50,82,1.0,0.05230361223220825,-0.007633587811142206,2.7911956310272217,0.0003992642168144933
20,40,1.0,0.05228407308459282,0.007633587811142206,1.894357442855835,0.00039911506301541604
105,125,1.0,0.05214255675673485,-0.007633587811142206,-3.091432571411133,0.0003980347857000018
97,118,1.0,0.05214198678731918,-0.007633587811142206,-1.0297703742980957,0.0003980304347884177
27,104,1.0,0.051923517137765884,-0.007633587811142206,-0.002099156379699707,0.0003963627275344831
94,124,1.0,0.051919784396886826,0.007633587811142206,1.146745204925537,0.00039633423332920657
28,67,1.0,0.05188155546784401,0.007633587811142206,-0.5938131213188171,0.0003960424094424323
5,118,1.0,0.05183461308479309,0.007633587811142206,1.3003649711608887,0.00039568407063934885
20,90,1.0,0.05179741233587265,-0.007633587811142206,2.1694180965423584,0.0003954000954558244
5,29,1.0,0.05143251270055771,-0.007633587811142206,-0.9251677989959717,0.00039261460204739404
55,110,1.0,0.010267225094139576,-0.038167938590049744,-0.8361932039260864,0.00039187881688333703
13,23,1.0,0.05105500668287277,-0.007633587811142206,0.1321495622396469,0.0003897328767121615
45,70,1.0,0.051015809178352356,0.007633587811142206,0.19701683521270752,0.00038943365911942723
33,63,1.0,0.05093268305063248,-0.007633587811142206,0.7861260771751404,0.0003887991085240773
71,122,1.0,0.050374068319797516,0.007633587811142206,1.006743311882019,0.00038453487392365107
59,102,1.0,0.05029599368572235,-0.007633587811142206,-0.20196743309497833,0.0003839388843486155
79,120,1.0,0.05027994140982628,0.007633587811142206,-0.8411439657211304,0.00038381634789099416
45,112,1.0,0.050100699067115784,-0.007633587811142206,-0.1101524829864502,0.00038244808572843875
14,71,1.0,0.05009326711297035,-0.007633587811142206,0.572411298751831,0.0003823913532538612
36,57,1.0,0.016670767217874527,0.022900763899087906,0.6267495155334473,0.0003817733040731991
74,113,1.0,0.04974732547998428,-0.007633587811142206,-0.23831048607826233,0.00037975057742093213
68,120,1.0,0.04968857765197754,0.007633587811142206,2.593564748764038,0.00037930212071712877
22,82,1.0,0.04966587573289871,0.007633587811142206,3.029541015625,0.0003791288236243591
7,81,1.0,0.0496416911482811,0.007633587811142206,-2.888908863067627,0.00037894420847400453
13,106,1.0,0.049529533833265305,-0.007633587811142206,-0.2396937608718872,0.00037808804576116954
8,92,1.0,0.04941660165786743,0.007633587811142206,1.8492176532745361,0.00037722596808356657
27,59,1.0,0.049347780644893646,-0.007633587811142206,-2.1367197036743164,0.0003767006168377794
15,80,1.0,0.01643216423690319,0.022900763899087906,1.2295284271240234,0.00037630911354035596
103,125,1.0,0.04921555891633034,-0.007633587811142206,-0.46434998512268066,0.0003756912906622504
4,85,1.0,0.049184590578079224,-0.007633587811142206,-2.602360725402832,0.00037545489113284536
97,117,1.0,0.049155332148075104,0.007633587811142206,2.716034173965454,0.00037523154433819275
82,126,1.0,0.016361737623810768,0.022900763899087906,-3.1277225017547607,0.000374696290301714
18,80,1.0,0.016360586509108543,0.022900763899087906,2.1821699142456055,0.00037466992889569756
41,105,1.0,0.049011167138814926,0.007633587811142206,2.933896780014038,0.00037413104808071106
71,113,1.0,0.048995040357112885,0.007633587811142206,-2.9237396717071533,0.0003740079428764774
54,100,1.0,0.04890460893511772,0.007633587811142206,0.7529593706130981,0.00037331762667579087
22,54,1.0,0.04875639081001282,-0.007633587811142206,-0.20600704848766327,0.0003721861906025997
76,90,1.0,0.048428114503622055,-0.007633587811142206,0.11137433350086212,0.0003696802645914484
29,79,1.0,0.04835404455661774,0.007633587811142206,-0.7953096032142639,0.0003691148451468243
28,85,1.0,0.048336613923311234,-0.007633587811142206,0.44771263003349304,0.0003689817868768753
45,58,1.0,0.016080860048532486,-0.022900763899087906,-2.1563727855682373,0.00036826397926571774
41,60,1.0,0.01606183685362339,0.022900763899087906,1.7747583389282227,0.0003678283335704982
76,110,1.0,0.01605219580233097,0.022900763899087906,-2.3262600898742676,0.0003676075461311115
121,122,1.0,0.04815373197197914,0.007633587811142206,1.3037731647491455,0.0003675857414423087
51,98,1.0,0.048100657761096954,0.007633587811142206,0.6354726552963257,0.00036718059479303247
120,124,1.0,0.04809673875570297,-0.007633587811142206,2.2359492778778076,0.00036715067872122517
77,116,1.0,0.048078764230012894,0.007633587811142206,2.3457603454589844,0.0003670134686010063
91,94,1.0,0.048071131110191345,0.007633587811142206,-2.970224380493164,0.00036695520051057556
72,88,1.0,0.048062704503536224,-0.007633587811142206,-0.04189487174153328,0.00036689087526872374
76,95,1.0,0.047991227358579636,-0.007633587811142206,-2.4321110248565674,0.0003663452482062079
88,108,1.0,0.0479704886674881,0.007633587811142206,0.5024298429489136,0.0003661869375866725
3,52,1.0,0.04795609042048454,-0.007633587811142206,0.616489827632904,0.0003660770273038443
35,79,1.0,0.047745876014232635,-0.007633587811142206,-1.6133085489273071,0.00036447233717455327
57,81,1.0,0.04758106917142868,-0.007633587811142206,-2.106870651245117,0.00036321426966813217
40,68,1.0,0.04755373299121857,-0.007633587811142206,2.2934024333953857,0.00036300559653607706
46,47,1.0,0.047532085329294205,0.007633587811142206,2.2155661582946777,0.0003628403472078715
70,79,1.0,0.015826571732759476,0.022900763899087906,-2.540130376815796,0.0003624405825839033
76,109,1.0,0.04747960716485977,-0.007633587811142206,-0.5294091105461121,0.0003624397505314937
12,125,1.0,0.04744831845164299,0.007633587811142206,-0.14518234133720398,0.00036220090539165577
28,100,1.0,0.04734691232442856,-0.007633587811142206,0.5340425372123718,0.00036142681281497654
3,59,1.0,0.04732951149344444,0.007633587811142206,0.8172304630279541,0.00036129398204367245
29,60,1.0,0.04723642021417618,-0.007633587811142206,1.6358294486999512,0.0003605833615889266
30,49,1.0,0.009435847401618958,-0.038167938590049744,1.4643926620483398,0.0003601468441700728
35,104,1.0,0.04711177200078964,0.007633587811142206,-0.5639673471450806,0.0003596318485065385
67,125,1.0,0.009417898021638393,0.038167938590049744,-3.054863214492798,0.00035946175333724517
48,126,1.0,0.04703401029109955,-0.007633587811142206,2.9633290767669678,0.0003590382476672746
12,33,1.0,0.04670974984765053,-0.007633587811142206,-1.4845212697982788,0.0003565629770985266
49,90,1.0,0.015525775030255318,0.022900763899087906,-2.3177297115325928,0.0003555521083182314
23,119,0.9999999403953552,0.04657662287354469,-0.007633587811142206,-2.783987283706665,0.00035554671945942085
50,101,1.0,0.04648574814200401,-0.007633587811142206,0.3631753623485565,0.0003548530404086283
25,29,1.0,0.046460963785648346,0.007633587811142206,-2.726011037826538,0.00035466384684804467
51,95,1.0,0.0464349240064621,0.007633587811142206,2.580366849899292,0.0003544650699070437
12,88,1.0,0.04609393700957298,0.007633587811142206,2.3894991874694824,0.00035186211572383295
4,80,1.0,0.045975472778081894,-0.007633587811142206,2.2088751792907715,0.00035095780861026625
34,84,1.0,0.045934099704027176,-0.007633587811142206,-2.733847141265869,0.00035064198361645267
36,102,1.0,0.04590538889169693,-0.007633587811142206,-0.8924360871315002,0.0003504228171094005
40,93,1.0,0.015264530666172504,-0.022900763899087906,-1.1841472387313843,0.00034956941281640355
39,58,1.0,0.04576907306909561,-0.007633587811142206,-2.4252984523773193,0.00034938223830752527
16,38,1.0,0.04567111283540726,0.007633587811142206,-0.5926471948623657,0.0003486344502616652
7,44,1.0,0.009076829068362713,0.038167938590049744,1.6853526830673218,0.00034644385447364645
92,120,1.0,0.045358624309301376,0.007633587811142206,-3.0503413677215576,0.00034624904165766156
24,121,1.0,0.04531795158982277,-0.007633587811142206,-0.12943539023399353,0.00034593856288200366
35,118,1.0,0.015099084936082363,-0.022900763899087906,2.6902999877929688,0.000345780579213497
23,90,1.0,0.04527660086750984,0.007633587811142206,-2.935655117034912,0.00034562290851217377
85,113,1.0,0.044819511473178864,-0.007633587811142206,-2.1335699558258057,0.00034213367648300644
73,105,1.0,0.04478808119893074,-0.007633587811142206,2.6266417503356934,0.0003418937507246051
38,103,1.0,0.044614654034376144,0.007633587811142206,2.4903979301452637,0.0003405698792351402
95,110,1.0,0.044597748667001724,0.007633587811142206,1.343383550643921,0.00034044083062880794
9,59,1.0,0.044366028159856796,0.007633587811142206,3.052827835083008,0.0003386719717898747
47,117,1.0,0.04428793117403984,-0.007633587811142206,-0.415505051612854,0.00033807581159085547
115,123,1.0,0.014746150001883507,-0.022900763899087906,0.8741722106933594,0.00033769809961366887
7,16,1.0,0.044224053621292114,-0.007633587811142206,1.9951030015945435,0.00033758819668279483
15,84,1.0,0.044142767786979675,-0.007633587811142206,-2.6786997318267822,0.00033696769412876887
52,81,1.0,0.01471144612878561,-0.022900763899087906,-2.6721670627593994,0.00033690335440947003
10,15,1.0,0.00880538672208786,0.038167938590049744,1.1797549724578857,0.00033608345967028885
35,70,1.0,0.043925635516643524,0.007633587811142206,2.7582077980041504,0.0003353101958765252
114,118,1.0,0.043923042714595795,0.007633587811142206,-2.0479516983032227,0.00033529040349441694
18,63,1.0,0.043889813125133514,0.007633587811142206,1.0286355018615723,0.0003350367425053284
62,81,1.0,0.014626709744334221,-0.022900763899087906,-0.23193687200546265,0.0003349628264754864
46,108,1.0,0.04368783161044121,-0.007633587811142206,-0.7270282506942749,0.0003334948988766972
54,87,1.0,0.04359007254242897,-0.007633587811142206,-2.8034815788269043,0.00033274864644669035
71,104,1.0,0.014486748725175858,-0.022900763899087906,-2.828671932220459,0.000331757612220665
29,43,1.0,0.04309491068124771,-0.007633587811142206,2.473618984222412,0.0003289687848986346
20,104,1.0,0.043079674243927,-0.007633587811142206,2.335815668106079,0.000328852476216418
7,124,1.0,0.04299437254667282,0.007633587811142206,-1.5347479581832886,0.00032820131821998874
98,113,1.0,0.04298991337418556,0.007633587811142206,-0.03533390164375305,0.0003281672787352422
9,94,1.0,0.04289853200316429,-0.007633587811142206,-1.1824437379837036,0.0003274697110152488
1,68,1.0,0.042842067778110504,0.007633587811142206,0.6076498031616211,0.0003270386863951126
80,120,1.0,0.04268491268157959,-0.007633587811142206,-0.08751019835472107,0.00032583902916577534
76,87,1.0,0.04254872351884842,0.007633587811142206,-0.18898986279964447,0.000324799417233141
54,80,1.0,0.014177737757563591,0.022900763899087906,0.16782613098621368,0.0003246810250091478
8,93,1.0,0.04247112572193146,-0.007633587811142206,-0.6481677293777466,0.0003242070676364242
1,98,1.0,0.04244363680481911,0.007633587811142206,-0.6439832448959351,0.00032399722857381387
1,89,1.0,0.04236745834350586,0.007633587811142206,2.6919171810150146,0.0003234157136000615
1,125,1.0,0.04236018657684326,-0.007633587811142206,-2.1440889835357666,0.0003233602039307004
2,41,1.0,0.0421861931681633,0.007633587811142206,0.656622588634491,0.000322032009966982
42,118,1.0,0.04215095564723015,0.007633587811142206,0.12322958558797836,0.0003217630212566918
57,75,1.0,0.042050428688526154,0.007633587811142206,0.04459584504365921,0.0003209956398900378
16,116,1.0,0.04203527793288231,0.007633587811142206,-0.053053658455610275,0.00032087998526642535
37,77,1.0,0.041792742908000946,0.007633587811142206,2.5610642433166504,0.0003190285728567159
63,86,1.0,0.005936707369983196,-0.05343511328101158,1.1458425521850586,0.0003172286308312684
78,109,1.0,0.0414479561150074,-0.007633587811142206,-3.0781514644622803,0.00031639661259627756
47,98,1.0,0.008275670930743217,0.038167938590049744,-2.4646108150482178,0.00031586529987606693
97,105,1.0,0.04121274873614311,0.007633587811142206,-0.7174273729324341,0.0003146011364158884
30,69,1.0,0.041168004274368286,0.007633587811142206,0.6423801183700562,0.000314259575637868
32,66,1.0,0.04109911248087883,0.007633587811142206,1.6246545314788818,0.00031373368408279916
118,122,1.0,0.04108571633696556,-0.007633587811142206,-0.9244726300239563,0.0003136314234419065
20,44,1.0,0.013684759847819805,-0.022900763899087906,-1.3121380805969238,0.0003133914542906395
20,82,1.0,0.01357388123869896,-0.022900763899087906,-0.6640309691429138,0.00031085224944170375
91,124,1.0,0.040709372609853745,0.007633587811142206,0.831640362739563,0.00031075857055382593
60,67,1.0,0.04065465182065964,-0.007633587811142206,1.243221402168274,0.0003103408546044177
68,113,1.0,0.040634818375110626,0.007633587811142206,-0.19788040220737457,0.0003101894542562218
39,122,1.0,0.01353314146399498,-0.022900763899087906,-1.9596549272537231,0.0003099192774799059
40,80,1.0,0.040581680834293365,-0.007633587811142206,0.10457172989845276,0.0003097838241723251
17,119,1.0,0.04047219082713127,-0.007633587811142206,-2.439087152481079,0.0003089480225882107
26,84,1.0,0.013474076986312866,-0.022900763899087906,0.8428328037261963,0.00030856665582168485
65,97,1.0,0.040414515882730484,-0.007633587811142206,-1.647845983505249,0.0003085077558356245
29,34,1.0,0.0403362512588501,0.007633587811142206,-2.0554871559143066,0.0003079103159567276
3,50,1.0,0.04026513919234276,0.007633587811142206,-2.820139169692993,0.000307367475752612
3,87,1.0,0.0400882363319397,-0.007633587811142206,-2.0835399627685547,0.000306017072233683
6,80,0.9999999403953552,0.01334964856505394,-0.022900763899087906,2.432100772857666,0.0003057171317019358
36,60,1.0,0.039884936064481735,0.007633587811142206,-2.038160800933838,0.00030446516179001397
105,126,1.0,0.039878953248262405,-0.007633587811142206,-1.1254500150680542,0.0003044194914370458
59,67,1.0,0.0398498997092247,-0.007633587811142206,-1.296140432357788,0.000304197708695577
3,107,1.0,0.03966887295246124,-0.007633587811142206,-3.0531232357025146,0.0003028158250516569
10,64,1.0,0.03965342789888382,-0.007633587811142206,-2.287135124206543,0.00030269792387892583
72,76,1.0,0.03962795436382294,0.007633587811142206,2.9719200134277344,0.00030250346941217837
21,110,1.0,0.039601121097803116,-0.007633587811142206,0.35572579503059387,0.00030229863531975633
48,49,1.0,0.03959154337644577,0.007633587811142206,-2.8554275035858154,0.0003022255229427444
22,36,1.0,0.03958037123084068,-0.007633587811142206,2.7608585357666016,0.0003021402393882291
18,85,1.0,0.013147028163075447,0.022900763899087906,0.8687057495117188,0.0003010769879372502
4,26,1.0,0.03942340984940529,0.007633587811142206,-0.861336886882782,0.0003009420609000838
39,103,1.0,0.039395496249198914,0.007633587811142206,0.12385179847478867,0.00030072897998178333
67,89,1.0,0.03932931274175644,-0.007633587811142206,-2.157773494720459,0.0003002237623660718
31,87,1.0,0.039043597877025604,-0.007633587811142206,-1.2347612380981445,0.00029804273285720037
100,105,1.0,0.03892351686954498,0.007633587811142206,2.38222599029541,0.0002971260839421466
99,121,1.0,0.03882536292076111,-0.007633587811142206,-2.659839153289795,0.00029637681715509456
93,118,1.0,0.03878751024603844,0.007633587811142206,-2.238429546356201,0.00029608786543871245
7,11,1.0,0.03876277059316635,0.007633587811142206,1.856478214263916,0.0002958990131260962
24,124,1.0,0.00774060282856226,0.038167938590049744,0.9795477986335754,0.00029544285341052967
55,63,1.0,0.01288888044655323,0.022900763899087906,-0.9958130121231079,0.0002951652080300862
42,76,1.0,0.03863975405693054,0.007633587811142206,-1.3429291248321533,0.0002949599555945176
11,114,1.0,0.012798766605556011,0.022900763899087906,0.2882205545902252,0.00029310153223336896
92,117,1.0,0.03830035403370857,-0.007633587811142206,2.253558874130249,0.000292369115714149
36,93,1.0,0.0382651649415493,-0.007633587811142206,-0.5183359980583191,0.0002921004966891568
73,95,1.0,0.03823012858629227,-0.007633587811142206,-0.8050528168678284,0.00029183304359471987
52,85,1.0,0.03806741163134575,0.007633587811142206,-0.655339241027832,0.00029059092943077396
86,105,1.0,0.007603039965033531,0.038167938590049744,2.1789608001708984,0.00029019236248309377
24,42,1.0,0.03796564042568207,-0.007633587811142206,-2.448931932449341,0.00028981404999569443
46,58,1.0,0.03785879164934158,-0.007633587811142206,-2.098242998123169,0.00028899841047898625
83,93,1.0,0.03753470256924629,-0.007633587811142206,3.131873369216919,0.00028652444802744655
27,28,1.0,0.03737787902355194,0.007633587811142206,0.27279314398765564,0.00028532732172053404
26,43,1.0,0.037361517548561096,0.007633587811142206,0.2176680564880371,0.0002852024249644716
69,97,1.0,0.03723577782511711,-0.007633587811142206,2.135680913925171,0.00028424257974421323
65,83,1.0,0.037111055105924606,-0.007633587811142206,-2.9338297843933105,0.0002832904979152128
53,112,1.0,0.03699149936437607,-0.007633587811142206,-2.9978742599487305,0.0002823778586637758
77,93,1.0,0.0040967268869280815,0.06870228797197342,-2.0314595699310303,0.00028145451032825924
41,115,1.0,0.03668595850467682,0.007633587811142206,0.6537811756134033,0.0002800454856813697
98,121,1.0,0.03648673743009567,-0.007633587811142206,0.5957880616188049,0.00027852471411472443
44,103,1.0,0.0364653654396534,0.007633587811142206,2.3028032779693604,0.0002783615691489844
47,53,1.0,0.03634776175022125,0.007633587811142206,-0.5732614398002625,0.00027746383105878986
71,118,1.0,0.03603115305304527,-0.007633587811142206,-3.0272343158721924,0.0002750469707671257
21,44,1.0,0.011928081512451172,0.022900763899087906,2.36305570602417,0.00027316217848571966
54,111,1.0,0.03554527834057808,-0.007633587811142206,-1.7873274087905884,0.0002713380034842939
101,123,1.0,0.035389143973588943,-0.007633587811142206,0.8902074694633484,0.0002701461380835452
36,44,1.0,0.03522862493991852,0.007633587811142206,2.1918303966522217,0.00026892080194466234
11,72,1.0,0.03522009402513504,-0.007633587811142206,2.797168016433716,0.0002688556804575533
42,77,1.0,0.03509804233908653,-0.007633587811142206,-2.5780704021453857,0.00026792398819460404
12,94,1.0,0.034984003752470016,0.007633587811142206,-3.140378952026367,0.0002670534646298083
101,121,1.0,0.034691955894231796,0.007633587811142206,-0.11483055353164673,0.00026482409165889086
15,110,1.0,0.03456270322203636,-0.007633587811142206,0.3668728470802307,0.00026383743003586223
1,19,1.0,0.03439730405807495,-0.007633587811142206,-2.9849963188171387,0.0002625748409938733
16,93,1.0,0.011412112042307854,0.022900763899087906,2.21185564994812,0.00026134608347083005
7,91,1.0,0.01139144692569971,0.022900763899087906,2.977586269378662,0.00026087283651443985
27,112,1.0,0.03415202349424362,0.007633587811142206,-3.107292652130127,0.00026070247027150037
12,83,1.0,0.034071262925863266,-0.007633587811142206,2.6839635372161865,0.00026008597738109117
35,74,1.0,0.03403892368078232,0.007633587811142206,-0.8675752878189087,0.0002598391129140197
60,65,1.0,0.033686891198158264,-0.007633587811142206,2.0593152046203613,0.0002571518420455346
2,100,1.0,0.03357037156820297,-0.007633587811142206,0.437792032957077,0.0002562623792185491
37,66,1.0,0.033530429005622864,-0.007633587811142206,-2.185404062271118,0.0002559574741596918
26,75,1.0,0.033490534871816635,-0.007633587811142206,1.1984730958938599,0.0002556529387861325
73,93,1.0,0.03322531655430794,0.007633587811142206,-3.123133659362793,0.00025362837147030644
77,85,1.0,0.004722202196717262,0.05343511328101158,-2.9455296993255615,0.00025233140931742865
52,111,1.0,0.03279444947838783,0.007633587811142206,2.7374489307403564,0.00025033930981134024
49,108,1.0,0.03276488929986954,-0.007633587811142206,-2.1063129901885986,0.0002501136595929078
74,97,1.0,0.03271860256791115,0.007633587811142206,0.6226969361305237,0.00024976032576001263
34,113,1.0,0.010898230597376823,0.022900763899087906,-0.8014719486236572,0.0002495778058283424
34,71,1.0,0.03263161703944206,-0.007633587811142206,2.108445167541504,0.00024909631409014525
4,49,1.0,0.03261438384652138,-0.007633587811142206,-2.129169464111328,0.00024896476299871885
67,92,1.0,0.032607659697532654,-0.007633587811142206,0.1559891253709793,0.0002489134336169582
25,120,1.0,0.03246237710118294,0.007633587811142206,-1.3664796352386475,0.00024780440616029194
29,123,1.0,0.010789794847369194,-0.022900763899087906,2.526643753051758,0.00024709454431919714
20,84,1.0,0.03235609084367752,-0.007633587811142206,0.13749855756759644,0.00024699306068050667
47,60,1.0,0.03223990648984909,0.007633587811142206,1.7171841859817505,0.00024610615721327653
52,117,1.0,0.03211421146988869,0.007633587811142206,-0.726553738117218,0.0002451466532409855
18,104,1.0,0.03202274814248085,0.007633587811142206,0.013159441761672497,0.00024444845989971854
50,93,1.0,0.010669447481632233,0.022900763899087906,1.055056095123291,0.0002443384977105778
19,57,1.0,0.0063782655633986,0.038167938590049744,2.362478733062744,0.00024344524833482678
38,40,1.0,0.03188294172286987,0.007633587811142206,-0.4293145537376404,0.00024338123531905675
27,105,1.0,0.031806692481040955,-0.007633587811142206,-0.5404227375984192,0.0002427991800360227
8,88,1.0,0.03157845512032509,-0.007633587811142206,0.36698785424232483,0.00024105691010121479
4,125,1.0,0.01048592384904623,0.022900763899087906,0.6439518928527832,0.0002401356663308228
36,86,1.0,0.002854376332834363,-0.08396946638822556,-0.4775873124599457,0.00023968045753928156
9,41,1.0,0.03138584643602371,0.007633587811142206,-0.6286447048187256,0.00023958661479641166
30,126,1.0,0.031379278749227524,0.007633587811142206,2.8022396564483643,0.00023953647978253688
3,35,1.0,0.03124842792749405,0.007633587811142206,0.49943819642066956,0.00023853761854467428
88,93,1.0,0.010363137349486351,-0.022900763899087906,2.43721342086792,0.00023732376169440655
58,94,1.0,0.010319307446479797,-0.022900763899087906,-0.7350578308105469,0.00023632002343393355
4,109,1.0,0.03061029128730297,0.007633587811142206,-0.4004516899585724,0.00023366634646626843
23,63,1.0,0.03047032095491886,0.007633587811142206,-1.9380775690078735,0.00023259787064305957
85,125,1.0,0.03015824221074581,-0.007633587811142206,0.2900611460208893,0.0002302155901454236
48,78,1.0,0.02988944761455059,0.007633587811142206,-1.574649453163147,0.00022816372299220688
20,110,1.0,0.005954049993306398,0.038167938590049744,-2.5655171871185303,0.0002272538145066047
42,97,1.0,0.02975592017173767,0.007633587811142206,-2.121591806411743,0.0002271444295322972
95,106,1.0,0.02964714728295803,0.007633587811142206,-2.9238157272338867,0.0002263141021343262
4,34,1.0,0.029451947659254074,-0.007633587811142206,0.9715667963027954,0.00022482402866608013
7,20,1.0,0.029117204248905182,-0.007633587811142206,1.406396508216858,0.00022226873544898065
23,28,1.0,0.028913350775837898,0.007633587811142206,1.980521559715271,0.00022071260206171523
11,48,1.0,0.028846029192209244,-0.007633587811142206,-2.900205135345459,0.00022019869684150074
66,121,1.0,0.028612565249204636,-0.007633587811142206,-1.6672590970993042,0.00021841652933183957
5,73,1.0,0.028610587120056152,-0.007633587811142206,-1.3133567571640015,0.00021840142910928284
48,68,1.0,0.028588350862264633,-0.007633587811142206,0.6461176872253418,0.00021823168668284008
44,76,1.0,0.028519263491034508,0.007633587811142206,-1.4583423137664795,0.00021770430216791394
20,24,1.0,0.028425782918930054,-0.007633587811142206,0.4576636850833893,0.00021699071001211878
38,45,0.9999999403953552,0.02826320193707943,0.007633587811142206,2.5646421909332275,0.00021574962095106004
65,95,1.0,0.028027476742863655,0.007633587811142206,-1.7182667255401611,0.00021395020484139566
107,116,1.0,0.027962306514382362,0.007633587811142206,1.1017166376113892,0.0002134527221796115
43,80,1.0,0.027914656326174736,0.007633587811142206,-2.5778648853302,0.00021308898028371114
108,123,1.0,0.027890631929039955,0.007633587811142206,1.9586374759674072,0.00021290558793857304
67,105,1.0,0.027780277654528618,-0.007633587811142206,2.0404863357543945,0.00021206318889375585
4,61,1.0,0.027683604508638382,0.007633587811142206,-0.9981157779693604,0.00021132522594562338
71,102,1.0,0.027564439922571182,0.007633587811142206,1.416198492050171,0.000210415572613901
112,119,1.0,0.027510859072208405,-0.007633587811142206,-2.2581775188446045,0.00021000655848766106
66,118,1.0,0.027504121884703636,-0.007633587811142206,-0.3465701937675476,0.00020995512957524328
49,79,1.0,0.027186647057533264,0.007633587811142206,0.07102138549089432,0.00020753165760421105
6,65,1.0,0.027148693799972534,-0.007633587811142206,1.390667200088501,0.00020724193807990232
29,126,1.0,0.02714797481894493,-0.007633587811142206,2.68168306350708,0.00020723644967509357
21,83,1.0,0.00901948381215334,-0.022900763899087906,-1.4934253692626953,0.00020655306927376896
27,53,1.0,0.02700485847890377,-0.007633587811142206,2.8244218826293945,0.00020614395852618008
33,90,1.0,0.026896683499217033,0.007633587811142206,-2.7936453819274902,0.00020531819531977285
33,41,1.0,0.008927511982619762,-0.022900763899087906,-1.8219382762908936,0.00020444684412025335
22,37,1.0,0.008920004591345787,-0.022900763899087906,-3.0737032890319824,0.00020427491912518997
23,26,1.0,0.026344457641243935,-0.007633587811142206,-0.21790456771850586,0.00020110273074135186
55,107,1.0,0.00878137443214655,-0.022900763899087906,1.4522596597671509,0.00020110018258007525
38,87,1.0,0.026254910975694656,0.007633587811142206,1.4448682069778442,0.00020041916840668646
32,115,1.0,0.026105385273694992,-0.007633587811142206,-2.346677541732788,0.00019927775083044934
19,62,1.0,0.008682613261044025,-0.022900763899087906,-2.7682902812957764,0.00019883847631825893
61,65,1.0,0.026001067832112312,0.007633587811142206,-0.56112140417099,0.00019848143447989425
12,21,1.0,0.025959232822060585,0.007633587811142206,-2.9152369499206543,0.00019816208325708438
59,61,1.0,0.02594033069908619,0.007633587811142206,-1.8699871301651,0.00019801779224154232
3,103,1.0,0.025791242718696594,-0.007633587811142206,-0.6804742217063904,0.0001968797160516525
55,123,1.0,0.025772953405976295,0.007633587811142206,2.3746180534362793,0.00019674010297699666
10,117,1.0,0.00852467492222786,0.022900763899087906,-1.2963709831237793,0.00019522156771041577
75,116,1.0,0.02545267902314663,-0.007633587811142206,-2.1563422679901123,0.00019429526035200703
19,41,1.0,0.02529451809823513,0.007633587811142206,2.944485664367676,0.00019308792504340363
14,48,1.0,0.025052526965737343,0.007633587811142206,1.6154329776763916,0.00019124066448396402
43,77,1.0,0.025003822520375252,-0.007633587811142206,2.5696487426757812,0.00019086887482349952
93,113,1.0,0.0249484833329916,0.007633587811142206,-0.20301643013954163,0.00019044643827720916
47,103,1.0,0.024930303916335106,-0.007633587811142206,0.499884694814682,0.00019030766410380647
32,116,1.0,0.008303621783852577,-0.022900763899087906,-1.9860599040985107,0.00019015928197933102
9,93,1.0,0.024894576519727707,0.007633587811142206,-0.04265323653817177,0.0001900349358845404
57,104,1.0,0.02482970617711544,-0.007633587811142206,-1.6972625255584717,0.00018953974242787077
63,115,1.0,0.024793092161417007,-0.007633587811142206,-0.38934630155563354,0.00018926024612391824
95,114,1.0,0.024616416543722153,0.007633587811142206,0.9015753269195557,0.00018791157728215678
44,73,1.0,0.024611173197627068,-0.007633587811142206,2.0343682765960693,0.00018787155173931574
65,110,1.0,0.024570981040596962,0.007633587811142206,2.804840326309204,0.0001875647413793072
6,18,1.0,0.02451060712337494,0.007633587811142206,0.3733145296573639,0.00018710387178069027
104,117,1.0,0.024377206340432167,0.007633587811142206,2.167802333831787,0.0001860855451900215
54,67,1.0,0.02421485260128975,-0.007633587811142206,-2.546854257583618,0.00018484620366581057
4,98,1.0,0.024186773225665092,0.007633587811142206,0.12488310784101486,0.0001846318572862977
11,99,1.0,0.008053234778344631,0.022900763899087906,1.7334284782409668,0.00018442522828279392
25,73,1.0,0.023988962173461914,0.007633587811142206,0.5993049740791321,0.00018312184924929031
51,120,1.0,0.023545876145362854,0.007633587811142206,1.9206382036209106,0.00017973951314590592
32,57,1.0,0.02347031980752945,-0.007633587811142206,-0.5512253642082214,0.0001791627472063663
60,89,1.0,0.007820888422429562,-0.022900763899087906,-0.6438298225402832,0.00017910431924316947
77,102,1.0,0.023454800248146057,-0.007633587811142206,-1.589108943939209,0.00017904427728702293
112,116,1.0,0.007740126922726631,-0.022900763899087906,-2.4717273712158203,0.0001772548192063364
77,84,1.0,0.022753749042749405,0.007633587811142206,-0.7614611983299255,0.0001736927413505205
19,74,1.0,0.022452788427472115,-0.007633587811142206,0.8732396960258484,0.00017139533206610592
45,72,1.0,0.02239326573908329,0.007633587811142206,0.8372501134872437,0.00017094096039753457
19,114,1.0,0.02210739254951477,0.007633587811142206,-1.880954623222351,0.00016875872230211197
3,57,1.0,0.021913347765803337,0.007633587811142206,-0.10165957361459732,0.00016727746440635665
7,45,1.0,0.021766722202301025,-0.007633587811142206,-1.9213507175445557,0.00016615818529200355
7,23,1.0,0.021739624440670013,-0.007633587811142206,-0.567272424697876,0.00016595133214910782
5,99,1.0,0.021507056429982185,-0.007633587811142206,-0.6288034319877625,0.00016417600381745962
57,125,1.0,0.02146807499229908,-0.007633587811142206,-0.9805024862289429,0.00016387843558990107
72,85,1.0,0.021298961713910103,-0.007633587811142206,-1.7620785236358643,0.00016258749452928867
35,55,1.0,0.021119065582752228,0.007633587811142206,2.867530107498169,0.00016121424161521028
32,59,1.0,0.007030506152659655,-0.022900763899087906,-2.9099538326263428,0.00016100396149314362
76,105,1.0,0.02080858126282692,0.007633587811142206,-3.0683441162109375,0.00015884413229507767
30,55,1.0,0.0069270567037165165,-0.022900763899087906,-1.9699056148529053,0.00015863489008740607
45,121,1.0,0.020740512758493423,-0.007633587811142206,-2.2520198822021484,0.0001583245253900748
41,55,1.0,0.020671706646680832,0.007633587811142206,0.07867979258298874,0.00015779928789361013
26,118,1.0,0.020402980968356133,-0.007633587811142206,2.859266996383667,0.00015574794683100978
61,78,1.0,0.020322401076555252,0.007633587811142206,0.29300978779792786,0.00015513283315113542
27,123,1.0,0.020213298499584198,-0.007633587811142206,-2.403656005859375,0.00015429998904940498
13,117,1.0,0.019454052671790123,0.007633587811142206,0.7190679907798767,0.00014850421935269555
48,109,1.0,0.019328266382217407,-0.007633587811142206,-2.8771679401397705,0.00014754401866580447
38,102,1.0,0.01922038197517395,-0.007633587811142206,1.5693340301513672,0.00014672047357118523
2,78,1.0,0.006384814158082008,-0.022900763899087906,0.2650289833545685,0.0001462171215737898
22,60,1.0,0.018887050449848175,0.007633587811142206,-1.2197349071502686,0.00014417595810238895
56,124,1.0,0.01887759007513523,-0.007633587811142206,-0.7666630148887634,0.00014410374150129138
39,67,0.9999999403953552,0.018690181896090508,-0.007633587811142206,0.5235111117362976,0.00014267313620604512
73,110,1.0,0.018569044768810272,-0.007633587811142206,-1.5057811737060547,0.00014174843381174404
35,39,1.0,0.01839074119925499,-0.007633587811142206,0.6146949529647827,0.0001403873378565037
20,88,1.0,0.018332017585635185,-0.007633587811142206,-2.5507493019104004,0.00013993906599534933
40,66,1.0,0.018323581665754318,-0.007633587811142206,2.3840954303741455,0.00013987466966017097
16,89,1.0,0.018242517486214638,-0.007633587811142206,0.09942008554935455,0.00013925585912731662
6,62,1.0,0.018184145912528038,-0.007633587811142206,-1.432807445526123,0.0001388102745939054
30,63,1.0,0.01810048148036003,-0.007633587811142206,0.10400406271219254,0.00013817161480428157
38,90,1.0,0.018061446025967598,-0.007633587811142206,2.3108770847320557,0.0001378736342354291
56,65,1.0,0.01783917285501957,0.007633587811142206,1.082297682762146,0.0001361768924669363
16,96,1.0,0.01760156638920307,0.007633587811142206,2.8145370483398438,0.0001343631026456309
6,114,1.0,0.017592046409845352,0.007633587811142206,0.17327137291431427,0.0001342904310472435
9,100,1.0,0.01749536767601967,-0.007633587811142206,-3.0357701778411865,0.0001335524254431151
70,111,1.0,0.017175624147057533,0.007633587811142206,0.2116871476173401,0.00013111163513773814
35,111,1.0,0.016970518976449966,-0.007633587811142206,-1.1221013069152832,0.00012954594680738597
44,84,1.0,0.01696922443807125,-0.007633587811142206,-1.8945707082748413,0.00012953606483499715
10,111,1.0,0.016692746430635452,0.007633587811142206,-3.062865972518921,0.00012742554568738636
87,105,1.0,0.016515806317329407,0.007633587811142206,0.12368661910295486,0.0001260748577951512
30,71,1.0,0.01629810407757759,-0.007633587811142206,0.28576695919036865,0.0001244130086313234
31,74,1.0,0.016039084643125534,-0.007633587811142206,-0.7951322793960571,0.00012243576103364122
25,81,1.0,0.015951119363307953,-0.007633587811142206,-2.138519287109375,0.00012176427034582202
57,97,1.0,0.01588834822177887,0.007633587811142206,-1.642219066619873,0.00012128510132495413
85,96,1.0,0.015813587233424187,-0.007633587811142206,-2.122406244277954,0.00012071440675550087
9,48,1.0,0.015547259710729122,-0.007633587811142206,-0.7725720405578613,0.00011868137222448413
61,64,1.0,0.01550864428281784,-0.007633587811142206,-0.22271797060966492,0.00011838659796465853
71,109,1.0,0.015106313861906528,-0.007633587811142206,-1.3930165767669678,0.00011531537336753822
1,84,1.0,0.004994979128241539,0.022900763899087906,2.0023128986358643,0.00011438883769673142
52,99,1.0,0.014959216117858887,0.007633587811142206,3.1063389778137207,0.00011419248982152963
5,61,1.0,0.004722777288407087,0.022900763899087906,-2.9921674728393555,0.0001081552076297853
53,77,1.0,0.013914335519075394,0.007633587811142206,2.3312911987304688,0.00010621630201855699
84,102,1.0,0.013913021422922611,0.007633587811142206,-1.6484284400939941,0.00010620627075018244
5,65,1.0,0.013736980967223644,-0.007633587811142206,1.2455146312713623,0.00010486245047329089
23,58,1.0,0.013694176450371742,-0.007633587811142206,0.3889872431755066,0.00010453569843518837
109,125,1.0,0.013601577840745449,0.007633587811142206,1.1285432577133179,0.00010382883881741639
4,94,1.0,0.013067313469946384,-0.007633587811142206,1.536171555519104,9.975048482855709e-05
64,69,1.0,0.01304871030151844,-0.007633587811142206,0.10218749195337296,9.960847590879691e-05
32,48,1.0,0.004271328914910555,-0.022900763899087906,-1.9012272357940674,9.781669501571395e-05
43,103,1.0,0.012633662670850754,0.007633587811142206,-0.5118793845176697,9.64401733742886e-05
42,95,1.0,0.012460979633033276,0.007633587811142206,0.9206498265266418,9.51219822416141e-05
66,110,1.0,0.012263201177120209,-0.007633587811142206,-0.08649241179227829,9.361222303124958e-05
14,51,1.0,0.01209320966154337,0.007633587811142206,1.283038854598999,9.231457786994463e-05
97,109,1.0,0.011926611885428429,0.007633587811142206,0.822986900806427,9.104283911683022e-05
28,125,1.0,0.011739629320800304,-0.007633587811142206,-0.07260953634977341,8.961549129058886e-05
84,126,1.0,0.011278467252850533,-0.007633587811142206,-2.8324506282806396,8.609517014972635e-05
3,126,1.0,0.011023028753697872,-0.007633587811142206,0.09531044214963913,8.414525793609814e-05
8,124,1.0,0.0035668187774717808,0.022900763899087906,-1.2815245389938354,8.168287469371462e-05
95,125,1.0,0.01059708371758461,-0.007633587811142206,1.8280794620513916,8.089376910020742e-05
95,102,1.0,0.009802650660276413,0.007633587811142206,-3.124027729034424,7.482939459717113e-05
16,17,1.0,0.009693726897239685,0.007633587811142206,0.19211140275001526,7.399791548731022e-05
81,89,1.0,0.009358694776892662,0.007633587811142206,-0.20545350015163422,7.144041837708805e-05
14,43,1.0,0.009221124462783337,-0.007633587811142206,2.791762351989746,7.03902633041281e-05
73,101,1.0,0.009037576615810394,-0.007633587811142206,2.9482901096343994,6.898913469671406e-05
35,109,1.0,0.009024908766150475,-0.007633587811142206,1.0746278762817383,6.889243355395671e-05
73,87,1.0,0.008736525662243366,0.007633587811142206,-1.2986173629760742,6.669103580703205e-05
13,49,1.0,0.008432489819824696,-0.007633587811142206,-0.913379430770874,6.437015150619453e-05
30,73,1.0,0.008414068259298801,-0.007633587811142206,0.7583001255989075,6.422952890630185e-05
95,107,1.0,0.008367078378796577,-0.007633587811142206,-2.299194574356079,6.387082752725304e-05
56,126,1.0,0.008172338828444481,0.007633587811142206,1.5156556367874146,6.238426606933797e-05
34,70,1.0,0.007855800911784172,0.007633587811142206,-0.9915271401405334,5.9967946086955486e-05
6,123,1.0,0.00782511755824089,0.007633587811142206,-2.6866509914398193,5.9733722013342525e-05
77,122,1.0,0.007681772578507662,0.007633587811142206,0.2398933321237564,5.8639485523262523e-05
30,112,1.0,0.007350114174187183,0.007633587811142206,-0.7479055523872375,5.6107741970578846e-05
80,88,1.0,0.002321769017726183,-0.022900763899087906,-1.7269853353500366,5.317028410316456e-05
30,107,1.0,0.006796864792704582,-0.007633587811142206,2.956902265548706,5.18844642355713e-05
63,65,1.0,0.005932649131864309,-0.007633587811142206,2.4104831218719482,4.528739810078278e-05
22,113,1.0,0.005430026911199093,-0.007633587811142206,-2.6534526348114014,4.145058724350356e-05
41,117,1.0,0.005304514896124601,0.007633587811142206,-2.7200300693511963,4.049248025507902e-05
3,105,1.0,0.004212672356516123,-0.007633587811142206,-0.09406918287277222,3.215780435303719e-05
72,83,1.0,0.0040291594341397285,0.007633587811142206,-1.2696136236190796,3.075694234559766e-05
74,79,1.0,0.003092555794864893,-0.007633587811142206,-2.7820115089416504,2.3607296220957844e-05
81,111,1.0,0.0029030221048742533,0.007633587811142206,1.6127959489822388,2.216047415524449e-05
48,94,1.0,0.0009538548765704036,-0.022900763899087906,-1.1626489162445068,2.184400532233245e-05
44,125,1.0,0.001018388895317912,-0.007633587811142206,0.3110850751399994,7.77396105830139e-06
