10.29565192439249,15.678702800082387,18.071514717365663,9.083291274241557,20.232745823062604,12.42244557490504,13.040518592584668,19.919588152732384,8.93704282171118,18.60502021582391,15.021135719212747,10.752881545596537,20.767606989802328,9.946997228459363,16.23533563675873,17.581508665070377,9.264934757927819,20.449075494983436,11.914865149373135,13.588943982554259,19.60087372536685,8.86881418355662,19.02653253248926,14.454285340123477,11.185424418882189,20.682758967631973,9.642292134532898,16.77927299973631,17.0666808716667,9.496671832345655,20.61475250996023,11.433507858199263,14.148512478409291,19.239147205278503,8.854247372838902,19.41020639662717,13.890783110044197,11.650761196531906,20.545153278077652,9.384281412692612,17.305615125181685,16.531668883265983,9.776415020124748,20.728284456731597,10.982709746683323,14.714183511759085,18.837667009044896,8.893473606748053,19.75258569095052,13.33570503227033,12.144700145326606,20.35602946713642,9.175289212168831,17.80962074638718,15.981292064320202,10.101644406937826,20.78864864451622,10.566531584379568,15.280861542824077,18.40004965260925,8.986139537094918,20.050586277840107,12.794051225703939,12.662791884948195,20.117091153776155,9.017198125508553,18.286749802892313,15.420508184998592,10.469430340777919,20.795301315366462,10.188722285862756,15.843441960832909,17.930237173863905,9.131410433256079,20.301523781120853,12.270700884002704,13.200369467801263,19.83049068381064,8.911432230264694,18.73270433714899,14.85436876181259,10.876459822135189,20.748182542316005,9.852685140670996,16.396857066133197,17.43246162294641,9.327977701390598,20.503137766803984,11.770368324018257,13.75259041867201,19.498809741663404,8.858944260968016,19.143467210333878,14.287973553777057,11.319066347350091,20.647716769199395,9.561447156623103,16.93612171980558,16.911206940118287,9.574070672195756,20.65361210497716,11.297560519436832,14.314480355531796,19.125036094667895,8.860207026936607,19.51533828855823,13.72642462400568,11.793262936317454,20.494808987280404,9.317631792665452,17.456378249576527,16.371168564627634,9.867472551018125,20.75159132942274,10.856536502159361,14.88097779855146,18.712536679390826,8.915209153230201,19.844967773511012,13.174780380550121,12.29477804702757,20.290836583131057,9.123435326868897,17.95294020751616,15.817211138400708,10.205540386642763,20.796192847597833,10.451268997129525
10.103610302090717,15.747422154533512,18.256144544733647,8.83252155246411,20.5220680910418,12.333428204550065,12.981441367236053,20.193740714558185,8.679188662091496,18.815493643427825,15.058001792272373,10.582988635127299,21.082838528098126,9.73806638456922,16.33101890545409,17.742402053797523,9.022964048703036,20.74887701308555,11.8012600181742,13.556433093594995,19.85958740554277,8.607654952753597,19.25742448593387,14.463692549810363,11.036484366695385,20.99388037328225,9.418601036699647,16.90130519979752,17.20263542898251,9.265926724972035,20.92257960709708,11.296585243975882,14.143107710292808,19.480338450152612,8.592382509509148,19.659683939150828,13.8728936444235,11.524362575860637,20.849608910945246,9.148091988279612,17.453143923715917,16.641706864296044,9.559220984173225,21.04161116775217,10.823949970116162,14.73618047819489,19.05941010629149,8.633508905854937,20.01864846762289,13.290926966657368,12.042228477180656,20.651323732072125,8.928975972915358,17.981564138264385,16.064669179569005,9.900204844524184,21.10489946398962,10.387611674346894,15.330309023902467,18.600594077960785,8.730663677022177,20.33108453467135,12.72303484673971,12.585417157401752,20.400810980830006,8.763226778032541,18.481805857399802,15.476720304876542,10.285806738413479,21.11187439762151,9.991500872838072,15.920141463616046,18.108023359756544,8.882971657106848,20.594177729951017,12.174332831900424,13.149035596791824,20.10032726505986,8.652337465086001,18.949362925726017,14.883156457813184,10.712553180947035,21.062473138752555,9.639185714261531,16.50036461267078,17.586135007036052,9.089060862525647,20.80555812153442,11.649763605747351,13.728006745247134,19.75257932885258,8.597306920127744,19.38002360974328,14.289324435397445,11.176600058946539,20.95714069174912,9.33383983806444,17.065751846468675,17.039630167118556,9.347074850783747,20.96332160415457,11.154052464789187,14.317115256136171,19.360699670317185,8.598630855885544,19.76990853695833,13.700573450359785,11.673767258552273,20.79682588665924,9.078213786464937,17.61121018168378,16.473431731556214,9.654689443227005,21.06604705130135,10.691664753173226,14.911054465912477,18.928218324175706,8.656297346404374,20.115505641101006,13.122206945668834,12.199576319504567,20.582972832193764,8.874610227688501,18.131826153631604,15.892639990945453,10.009133661141531,21.112809116666607,10.266765639061814
9.890097474350453,15.79459600691966,18.419195844554018,8.560297358195426,20.789782002258704,12.22291027484613,12.900855051922433,20.4462892418098,8.399882048495153,19.004381180065195,15.073331438978341,10.391618208556865,21.37645432750182,9.50766914735704,16.405148989463058,17.881723678018584,8.759536359951815,21.027067188652943,11.666161333228542,13.502405545328118,20.096701450026714,8.325044209662513,19.466724730717864,14.451571156787077,10.86606082847007,21.283387211109,9.173447751070382,17.001776707773278,17.317025327422325,9.013721439647279,21.20879307503249,11.138175719677497,14.11617855972946,19.69993505186793,8.309066334941802,19.887564477564418,13.833483353525109,11.376474046593545,21.132451875216873,8.890443937122994,17.579104765614318,16.73018757066155,9.320562909267649,21.333322682608475,10.643709505369293,14.736645254817626,19.25956410159094,8.352092352325505,20.26310951468154,13.224635736929416,11.918260083115689,20.925007938690214,8.66120699141924,18.131932617242803,16.126496616429396,9.677296754355092,21.399534254154943,10.187216820206823,15.358216493903052,18.77955544134028,8.453734685342114,20.58997694889817,12.630512779542007,12.486538553257367,20.66292404738212,8.487801870279965,18.655280413694687,15.511390486280002,10.080709532128646,21.40683135874861,9.772809730212968,15.975293190611703,18.26423296800788,8.613077744327912,20.865222372748605,12.056466314822591,13.07619042956278,20.348561041454154,8.371790599406884,19.144433861045982,14.890410029170182,10.52716731803586,21.35514826439234,9.404221196221231,16.582316745210452,17.718238683760198,8.828686174018378,21.086366387565093,11.50766732806842,13.681904153873885,19.984750689032296,8.314218203223641,19.594986686564887,14.269149009735466,11.012648439984579,21.244950530126182,9.084771447528523,17.173819116227325,17.14649088108705,9.098617783165286,21.25141693779215,10.989059376405601,14.298223483612494,19.57477017776411,8.315603291342013,20.00288033022271,13.65320371990464,11.532779705388657,21.077230812291752,8.817338073415877,17.744472076329327,16.554139839038434,9.420441039709877,21.358887255335276,10.50531405744484,14.91959664137317,19.122312594056627,8.375933386949198,20.364440504023932,13.048122567747376,12.082875794694084,20.853499922728112,8.60433010195045,18.289135208759497,15.946521429739354,9.791256973917205,21.40780925230255,10.060788927735755
9.679983101935404,15.839981807980736,18.578153646712565,8.292639714579268,21.051320094884368,12.113741659623882,12.821022544956419,20.69296367422819,8.12528289422732,19.188661192723764,15.08750659256196,10.203205701911587,21.663378975826745,9.281006290197686,16.476954712909702,18.017423919686443,8.50050021047799,21.29887311451671,11.53290101057656,13.448603403950647,20.328248477305948,8.047206663395956,19.671011329328778,14.438841424361465,10.69817846016315,21.56628464793542,8.932322425293306,17.099399777890106,17.428289873875226,8.76568441763517,21.488462665395275,10.982068339801083,14.088935678344944,19.914313155656053,8.030537392150988,20.11006170451774,13.794007651041953,11.230678340694228,21.408818019962958,8.637072436135758,17.70171004516305,16.816058402842586,9.0858035683804,21.61838093318738,10.466205523759987,14.73625128318501,19.454886420443394,8.075425236554358,20.50185737182848,13.158813906861903,11.795908608010025,21.192397544365832,8.397915921636892,18.278459930341782,16.186244460742543,9.457974043488482,21.687457619852935,9.989959432003166,15.384719227983561,18.95410676748478,8.18146584887869,20.842869053128133,12.538981989121416,12.388777692731937,20.91897272726613,8.21700719315682,18.824454095836565,15.544521383854574,9.878843347694394,21.695070485637707,9.557620068370975,16.028498142024887,18.416485197860585,8.347704019953769,21.130024930195617,11.940095316463909,13.003945056229961,20.591006567385968,8.095975868562023,19.33477425022747,14.896669785420615,10.344620308823663,21.64115095418167,9.173081926828873,16.661788893177004,17.846864583015513,8.572642283648763,21.360738315524635,11.367548633686825,13.635869297960065,20.211453369463605,8.035912192699213,19.804823452016983,14.24852548413496,10.851109228503732,21.526184730251842,8.83980891003682,17.278886826217086,17.25037604038591,8.854254405981218,21.532930953091153,10.82649941611716,14.27885807215637,19.783732132006214,8.037357216517895,20.230367518676783,13.605926935346494,11.393747676830808,21.351207424534934,8.560803126666693,17.874233150115607,16.632392712518715,9.190003637343525,21.64505173919217,10.32182141130154,14.927119364231169,19.311695749101784,8.100297923307119,20.607573167977527,12.974662638508855,11.967647590537377,21.117795224902345,8.338577848539066,18.442465011380975,15.99848136604185,9.576865563432309,21.6960906947196,9.85806073650278
9.460112106872646,15.881387337354429,18.735698814335134,8.013924509355792,21.31376468940081,11.997098604632974,12.734378829306063,20.94020857073063,7.839469244596803,19.372101055682467,15.096995863768871,10.005527208657998,21.951784065595586,9.04421268205073,16.545377466588445,18.151185719614176,8.230601414238944,21.571817677567207,11.391621582547852,13.388578548703613,20.560023968113956,7.758081408161903,19.874910087372946,14.420817543576302,10.521494250859618,21.85057147896031,8.680739380866132,17.194223557119567,17.537063536099993,8.507033417262292,21.769448674765297,10.817425328006518,14.056070535156621,20.12853156774649,7.740705109291831,20.33258279700645,13.748633126990121,11.076580129324665,21.686425899378488,8.372966354823646,17.822080831912338,16.89886424940125,8.84073043110515,21.904877429667767,10.279682175606109,14.730842050219543,19.649618234185727,7.787496872922272,20.74099648895147,13.086497621659984,11.665784654882696,21.46082594300884,8.123666009800388,18.4232935802603,16.242336730612948,9.228686527748945,21.976884006009083,9.783236092003744,15.406814781773832,19.127597997669017,7.898035200905216,21.09647219064041,12.440375515085027,12.283800299091695,21.17580380433237,7.935084032335521,18.99244610417861,15.57339495073801,9.667407015744391,21.984819771717735,9.332559041677559,16.077899597194836,18.567173193518872,8.07132436884569,21.395807792592908,11.81608704677297,12.925060004220207,20.833926950233685,7.808919160584779,19.52441150277359,14.898064707897305,10.152939920238875,21.928613241765365,8.931710703667914,16.738051393992365,17.973392103713312,8.305803395543332,21.6363068928768,11.219255779778877,13.583787331058812,20.438274992372538,7.746307882161769,20.014397855140288,14.22242934720493,10.680911582191229,21.808770722100856,8.584301902166946,17.381323553826263,17.351603482184096,8.599360104242336,21.81580308617829,10.65525794389588,14.254048492830261,19.99241194617729,7.747814196707786,20.457991385775184,13.552574962263353,11.246566056100473,21.626371748868326,8.293462080373224,18.00192150938366,16.707408373475722,8.949350149026646,21.93267947868564,10.129174006814669,14.929805806479504,19.50035412635083,7.813424535407702,20.851196223671597,12.894535571899038,11.844807951353317,21.383059363993613,8.061811110604769,18.594254941586012,16.04660965878468,9.35262083497216,21.985883252997528,9.645742909494093
9.246263605537361,15.922345706747688,18.889921005855427,7.742688881167504,21.5702888185548,11.883921942982465,12.650458672034496,21.181909372395396,7.561310941628226,19.551576745584605,15.106828276146349,9.813321684822618,22.233625863729195,8.813860600480538,16.61268406759489,18.282213460309702,7.967963885666497,21.838581778072168,11.25441858660113,13.33061812331519,20.786638413032627,7.47669350060966,20.07433807511943,14.403818076671474,10.349763156589002,22.128396993481516,8.435964074758147,17.287277449120158,17.643721888129015,8.25536516988889,22.044055101622497,10.657437270595803,14.024597300894516,20.338023677251336,7.45862768132799,20.550171998339607,13.704960265534353,10.926875765041554,21.957737844557798,8.115978103647013,17.94004914382358,16.980197793302914,8.60230383571158,22.184857894547754,10.098355576394784,14.726144870874656,19.840106266853077,7.507276219888422,20.97479222420069,13.016550123149173,11.539460905195241,21.72318570706279,7.856785106696084,18.565119013000356,16.297618171683773,9.00565467489757,22.259721811484333,9.582209687300875,15.42894132361248,19.297371399963204,7.622200892396074,21.34437379239064,12.344788817789624,12.182000437060488,21.426853416331205,7.660719883017831,19.156856454770875,15.602131670470559,9.461784320834106,22.267972481562353,9.113649022773316,16.126655899583092,18.714708008383216,7.802366462457496,21.655587528404283,11.695727545737995,12.84870639280484,21.071410320599725,7.529548579520623,19.709931124295153,14.900003201466035,9.966583977739802,22.20953558310878,8.696894356662344,16.81300361658496,18.09736469830824,8.046150006544565,21.905630032600442,11.075213022375475,13.533573114512915,20.660058235635837,7.464452781534967,20.219360949284486,14.197557507026502,10.515506432515494,22.084937513133795,8.335699796663778,17.481801884581298,17.450902471113537,8.35135553321821,22.092248933102788,10.488834815226532,14.23043135288858,20.196502602922074,7.466018869145061,20.68055700828944,13.501122187061217,11.103607015840236,21.895300645569492,8.033318967482192,18.127026198200014,16.781144630097813,8.715233764522587,22.213763175066504,9.941874993381514,14.933003839580945,19.684919111202237,7.534232735102646,21.089364867502262,12.816970700289808,11.725588143534708,21.642333220975388,7.792475702322357,18.742864405212657,16.094124324425497,9.1345069013605,22.269078163546418,9.439260546850743
9.033419285672293,15.962433454329455,19.042439209553272,7.472879674138043,21.824356248596207,11.771008745352608,12.566586716964844,21.42126254117073,7.284629995075279,19.729162638931957,15.116019083481747,9.621961099007203,22.512824681867162,8.584634129470354,16.678926183292546,18.411707871973885,7.7066895156519495,22.102813836394557,11.11765583425034,13.272514895112261,21.011016226586495,7.196806712071187,20.271729462446036,14.386374426776763,10.178726354762626,22.40360907878676,8.192420501578917,17.37907741388084,17.749026214807607,8.004979371929513,22.316071784481093,10.49805710339073,13.992786377892324,20.545405137122298,7.178056445691387,20.76559097372412,13.661039477051093,10.777703626200536,22.226484285685576,7.8603114451012255,18.056580214614577,17.060363645265216,8.36506226106963,22.46220907464244,9.917793870879942,14.720912991478775,20.02862347698586,7.228548097510434,21.206298490001732,12.946548019618382,11.413497352413733,21.983045834906623,7.59129858380581,18.70533167007396,16.35192360547328,8.783694572249987,22.539909308598627,9.38209312238593,15.450335803373127,19.465326392634182,7.3478268409503125,21.589882137362576,12.249336162090733,12.080380331490561,21.6754866093037,7.387805173711098,19.319487855692103,15.630087692139847,9.25710528403045,22.54847256606084,8.895780426681023,16.17448420497869,18.860588039418957,7.534818218338178,21.912886611188373,11.575684358204581,12.772345310897153,21.306577088848844,7.2516642745018745,19.89351647957082,14.90135817141273,9.781029933548878,22.487821709582636,8.463236467131248,16.88683509935569,18.21985587381846,7.787837819573835,22.17240230139051,10.931660833769948,13.483159100544336,20.879640394270933,7.184102237408159,20.422246717122523,14.172299406751739,10.350749030614098,22.358503079410692,8.088357580693012,17.580971660989622,17.54890158298946,8.104606455221797,22.36609150204991,10.323066924358587,14.206418721089603,20.398522352530225,7.18572765828753,20.900915789630613,13.449478727431773,10.961130570666446,22.161681572075626,7.77452065988138,18.25064113827416,16.853769093662248,8.482270687349326,22.492209469369033,9.75538481712937,14.9356090816931,19.867556853778314,7.256525895420251,21.32521186715046,12.739407270328579,11.60667626364872,21.89913014705593,7.524552733870462,18.889811178022086,16.14072012871683,8.917428533170385,22.54962013824726,9.233728167527635
8.820049109844284,16.0018857080543,19.194273184417444,7.202569303587063,22.07769543148936,11.65752637484118,12.482133000571569,21.659893840955526,7.00745086367828,19.906053437410623,15.124587789787373,9.430065344723001,22.791284359210643,8.354888903631409,16.7445214680582,18.540528034875706,7.444910282539298,22.366313241530158,10.980334247030786,13.21381873567368,21.23467866248334,6.9164231283177715,20.468417169861056,14.368320221030505,10.007145574762564,22.67808375141764,7.9483643795729835,17.470219469206217,17.853666778345534,7.754083991027202,22.587352439769212,10.338127905236796,13.960371126788122,20.752078586707412,6.896988711525585,20.980298454819028,13.616519609701957,10.627978031559579,22.494496116787204,7.604137492695263,18.1724426558334,17.139876630804903,8.127305405887853,22.738821914834155,9.736692315929975,14.715065262822673,20.216440853876676,6.949322677673096,21.437086288191615,12.875958142630644,11.286970283658725,22.24217520465453,7.325309023649855,18.844865432371492,16.405587382497433,8.561212565037302,22.819357236357988,9.181445184436754,15.471102892205575,19.632590465121318,7.072953604695869,21.834665945273606,12.153306764928455,11.978186157847862,21.923393910694458,7.114390647017932,19.48143064403482,15.657413478664143,9.051896851876982,22.82823294570784,8.677388152487495,16.221673661235197,19.00578671905479,7.266767830642839,22.16945604600697,11.455075088410268,12.695399211944562,21.541023802777033,6.97328230625616,20.076404139404545,14.902094436912446,9.594938203940636,22.765369090884413,8.229061743648405,16.960016461448557,18.34167583624333,7.5290194854941825,22.438440815894467,10.787552753297305,13.43214882231371,21.098509254010757,6.903255099089503,20.62442642341223,14.146434137937646,10.185444928621664,22.6313319467261,7.840504462484682,17.679480333386977,17.646240098299728,7.857346217881639,22.63919725196383,10.15675277141398,14.181798380880881,20.599836415981017,6.904939827519091,21.120560935435613,13.397239536465325,10.818097767325455,22.427328913929912,7.515216415889257,18.37358437814726,16.92574395975272,8.248790475045567,22.7699169490719,9.568357361242974,14.937595077405614,20.049497311671995,6.978321315585387,21.560338517619364,12.661259344501548,11.487197811116452,22.155197642839717,7.256127784273457,19.036076137033447,16.186677618118548,8.699826144340726,22.829422389938557,9.027666762751181
8.617178118617163,16.039672499810607,19.339034408407016,6.945497816585454,22.319077902133078,11.54973704949744,12.40197560470269,21.88727610383486,6.743841108849842,20.074665866494367,15.132977007658647,9.247635525146373,23.056578642238083,8.136430754101744,16.807193409054925,18.66338276514693,7.1959594540799925,22.617367071490417,10.849852737883628,13.158179562190165,21.447812294007353,6.64976310456685,20.655873972139748,14.351367498306159,9.844053266819033,22.93958476973746,7.716283908043862,17.557208988260246,17.953505319797458,7.5154933341234615,22.845813122095603,10.186126558883574,13.929748345820604,20.949040663404798,6.629677455517451,21.184908002569454,13.574374630666318,10.485689338487228,22.74984525563593,7.360522244746984,18.282963130088415,17.215796617152783,7.901221109583385,23.002358221976056,9.564537328714751,14.709731697938677,20.395454124930463,6.683765092344539,21.657002442514045,12.808997522304482,11.166763910648205,22.48906926512827,7.072350449621189,18.977918273162043,16.456901904748527,8.34966816162981,23.085592219759743,8.990684295813752,15.491103562826838,19.792039361766072,6.811538795995356,22.06790468602978,12.062130656537436,11.881141893522296,22.15960585686332,6.854364361517891,19.635814292129098,15.683657272763684,8.856794898948673,23.0947653472568,8.469736703052186,16.26682537710467,19.14423190754895,7.011847586569245,22.41391334378621,11.340501777231099,12.622388201671127,21.764422822726782,6.708527589527725,20.250724888597066,14.903028074821796,9.418033146203252,23.02979497333833,8.006387223424904,17.02990947280022,18.457867183324222,7.282887091293971,22.69191158501801,10.650611285579982,13.383825720964511,21.307079954102814,6.636153824876113,20.81711097496802,14.122046184391516,10.02832729395569,22.891266348274062,7.604809688657773,17.773482021953676,17.739127932329005,7.6222157982362715,22.899395213799625,9.998673684778419,14.158595455730657,20.791696975429634,6.637895007250772,21.329870570295977,13.347746651980165,10.682179839374973,22.680427331823378,7.268621491515314,18.490844955758227,16.994488526112267,8.026777049333782,23.034495226731938,9.390561600050281,14.93971831428714,20.22291643390313,6.713735452157503,21.784384758706683,12.587104333707101,11.373700907500188,22.399177152570143,7.000851000485393,19.175536300468757,16.230656643683187,8.492926574637037,23.095994648842623,8.8317528782994
8.41191008594075,16.078742992166326,19.48671545415517,6.685200318294544,22.56485796882944,11.441004909870216,12.321298011277882,22.118841836496866,6.476905343151709,20.246562909750278,15.14220030474171,9.06312130175505,23.326636240690338,7.915337165227348,16.87152965673021,18.788822268164115,6.9439068157970025,22.872966416172158,10.718081348698181,13.102395185264669,21.664911469527826,6.379730417588088,20.84690360398069,14.33486126231606,9.679172312759992,23.205791087370013,7.481359650476366,17.64623473935078,18.055576612743682,7.273959321108204,23.10893260329583,10.032506197200014,13.899362974791394,21.149720948146705,6.358983576005424,21.39335272266086,13.532290835234662,10.341930180324194,23.009805603836252,7.113886792046329,18.395879730729416,17.293583532496204,7.672384735782059,23.270630957168994,9.390455086176136,14.705022329075131,20.57791108590251,6.414851705039861,21.8809878761726,12.741718542592952,11.04542481073679,22.74044521870164,6.816228769277802,19.113711861767136,16.50970702756229,8.135594061213247,23.356604906134397,8.797711583785588,15.512115904100536,19.954632720875683,6.546831547043175,22.305416468508138,11.970265824819165,11.783319155319845,22.400136318464146,6.591066872543432,19.793264932210878,15.711008223008871,8.659414728178565,23.366080000642466,8.259615097418,16.31337343645397,19.285500317155158,6.753734233405491,22.66281526558198,11.22488189405236,12.548966294283378,21.991944390723962,6.44042935030227,20.428417557901295,14.904681762526046,9.23912818315755,23.29897088945877,7.781012776547295,17.101577233538602,18.57654138999293,7.033695993831443,22.94996483475499,10.512281135945422,13.335469311886829,21.519546410406445,6.365673138726776,21.01344831193185,14.09799099939281,9.869512392854045,23.15588208850421,7.366215849822164,17.86962719022973,17.834142210212068,7.384194945100961,23.164278545342167,9.838882626773692,14.135743423552462,20.987197717733576,6.367471638481734,21.543087263010616,13.298202568510636,10.544888884042965,22.93810253540195,7.018960789708262,18.610604746310404,17.06499027695903,7.802073808082258,23.30382586886798,9.210752310679407,14.942579795292893,20.399693686306467,6.445808648760507,22.012563446769388,12.512520928874828,11.25917389500692,22.647593978784652,6.742375654508158,19.317835208557046,16.27601407700805,8.283568348363982,23.367349769181967,8.633548357913778
8.213408449483344,16.116049525693597,19.628840725673616,6.433590406831859,22.80165742487954,11.33566890202079,12.243037108342316,22.341923209834665,6.218888919703407,20.412058749032877,15.150701669311305,8.88464891687426,23.58686565046693,7.701562474937988,16.933219866652365,18.909482494461646,6.700253919504125,23.119242339234564,10.59051043836896,13.048158425991923,21.874031342668,6.118725192682153,21.030864074253078,14.318531364162164,9.519647759832639,23.46230367237626,7.254237148278279,17.73175249188995,18.153684460729494,7.040457823473447,23.362466119610172,9.883849106457175,13.869638490441515,21.342995147391772,6.097340242142846,21.59412028501961,13.491276342280193,10.202790018423071,23.26029027891138,6.875461956365133,18.50445425465219,17.368254819911066,7.451137576941268,23.529137816894195,9.222050480471252,14.700077445414136,20.753598174688253,6.15492670277903,22.096753594168273,12.676388480504704,10.927921977237196,22.982645197832323,6.568648889461849,19.244364691457964,16.560268687653412,7.928593794757586,23.617756059770766,8.611076013316167,15.53199473334172,20.11114968655509,6.290965838287019,22.534236302965187,11.881208252840851,11.68851167949485,22.63186944381361,6.336561706175826,19.94481872164725,15.73700436748562,8.468525572319423,23.62752257900711,8.056429336109998,16.35789647989699,19.421436830706718,6.504232214119651,22.90262758641816,11.11289860779281,12.477707766622677,22.211122789413768,6.181291037642684,20.59950668613492,14.905877788181597,9.06606922793094,23.558349398227644,7.563106681717575,17.170342998485907,18.690672510202383,6.792804736146796,23.19860899205438,10.378380444839022,13.288401194991165,21.724195301983524,6.104235555212825,21.202531184542064,14.074375701399513,9.71584211463317,23.4108596264014,7.135551878904274,17.962015806615085,17.925439417889,7.154083955786757,23.41951433239458,9.68427027127335,14.113289273866746,21.17547320290564,6.106089371281716,21.748460198719126,13.249988241352623,10.411991106851639,23.186381844903497,6.777616322522232,18.7257835504612,17.132630739792425,7.584815485724559,23.563353701852453,9.036820600999606,14.944941447728377,20.569899356705736,6.186835786755812,22.23237602412623,12.440141454008609,11.148245325093628,22.886938139713283,6.492524280314474,19.45476624379199,16.31938806160363,8.081119315290424,23.628831401716592,8.441863632161452
8.022794724501438,16.151438981667336,19.764690518586914,6.192076668135251,23.028244815476267,11.23434694509978,12.16766446367642,22.5553629205618,5.971235054107578,20.570307353046662,15.158483685675023,8.713231619941347,23.835908768836685,7.496310755228621,16.991979116933894,19.02475976650089,6.4663663404075225,23.354912161916413,10.467878114258394,12.995810992402838,22.074090077427332,5.868206801074725,21.20680954321914,14.302514610690984,9.366390437144766,23.707784512894452,7.0361926235089145,17.813348526945095,18.247347090507215,6.816299544205738,23.605091762190558,9.741007372944072,13.840784102514863,21.527867077109907,5.846210274380067,21.78617400110188,13.45160138839173,10.069069496406993,23.499993852174423,6.64658505322834,18.608148352194316,17.43945538978628,7.23872409662656,23.77653000946695,9.060282340813355,14.694972313413874,20.921614272363396,5.9054436177682605,22.303181837149385,12.613409007645007,10.814939095678806,23.2144085558059,6.330997612237941,19.369219070825846,16.608362117232456,7.729834815887764,23.867682595557095,8.431834959005041,15.550681135279351,20.260792761778877,6.045373259888252,22.753175867521914,11.795487868537503,11.597280474427219,22.853601163573348,6.092273098320825,20.089704991291978,15.761553724477924,8.285207798238133,23.877728421976055,7.861326253883619,16.400202380693077,19.551355196448636,6.264738720680488,23.132102565793023,11.005205768703114,12.409046335934093,22.42082181259096,5.932561931394905,20.763116008121354,14.906658224266568,8.899840268288482,23.80657699636146,7.353895342763477,17.235883599654525,18.79969215874708,6.561563965725875,23.436548576936755,10.249681534526253,13.242924329035333,21.919968960210856,5.8533027826247315,21.383386064503345,14.05137647765029,9.568195643791263,23.65486924762474,6.914113140965864,18.05019701251165,18.01257459624613,6.933175206276869,23.663771464679844,9.535720895066117,14.091402917458346,21.355554266890575,5.85520961493521,21.94492779506093,13.203412824971874,10.284253408930478,23.423971752491465,6.545941187214976,18.83580731986987,17.1970928293162,7.376224984628721,23.81172441524694,8.869755176349901,14.94683904341002,20.732661955354228,5.938265251664828,22.442682856592025,12.370405685504895,11.041563346862887,23.115964425438964,6.252695958270938,19.58563777864585,16.360592681834905,7.88672232787193,23.879074674969015,8.257783368270989
-0.935624930124738,6.596287920152723,9.944287269271477,-2.6319482551150957,12.968260981080757,2.040164226638713,2.904966029886455,12.530093790059947,-2.836577678909193,10.690763015521295,5.6762264047232,-0.2958736554290652,13.716633565310708,-1.423459216898359,7.375123214907693,9.258675528415775,-2.3777944452144277,13.270947370911326,1.3299625923056366,3.6723175443937377,12.084151638206212,-2.9320425311538605,11.280538982302424,4.883094823201607,0.30933615975377726,13.597915031292835,-1.8497996445644125,8.136195125347669,8.538333446878202,-2.053550166458712,13.50276105183616,0.6564521145688688,4.455260385148663,11.578027381189905,-2.952424272171359,11.817371751367713,4.094647939472275,0.9604308895314223,13.40537847807056,-2.2108057573088216,8.87264794918918,7.789749834435299,-1.6621361970447763,13.66161385641692,0.02569974617841176,5.2467418374897585,11.016280164049537,-2.8975393041353756,12.296425556753213,3.3179880483735333,1.6515455012250273,13.140758266443981,-2.5032256279516174,9.577847751797997,7.019667899331673,-1.2070783767875346,13.746074845579187,-0.5566127232832062,6.039632271318571,10.403970181001188,-2.7678820284231103,12.71338510285749,2.5601112680326397,2.376454464820566,12.80643808363665,-2.724425151164051,10.24544212437974,6.235024505756173,-0.69247584651023,13.755383198448726,-1.085239848712038,6.826789364492456,9.746613093431531,-2.5646203920694814,13.064494436434899,1.8278445191415758,3.1286278322686707,12.405429471145656,-2.872411771373401,10.869417406199243,5.442887686875221,-0.12296412316362748,13.68945506579244,-1.5554197802208511,7.601122440550314,9.050130345062758,-2.28958536695158,13.346590780056736,1.1277840283560225,3.901290058969761,11.941344696908644,-2.945852431616081,11.444152855371765,4.6503929763005845,0.4963266567057979,13.548884325328629,-1.9629171576737638,8.355656341212153,8.320795821848307,-1.945254456474582,13.557133022271437,0.4662359097750518,4.687481037581574,11.418364216152973,-2.944085581655835,11.964471280258572,3.8646791315168842,1.15981794900076,13.334937232102341,-2.3040612626237964,9.083594258299062,7.5651793370831095,-1.5347293783302005,13.694224607824637,-0.1508406402561554,5.480118794359652,10.841199014039013,-2.8671271371993337,12.425685675381306,3.0928238282671208,1.8615330533525745,13.0495410121163,-2.5757790839836145,9.778378959081792,6.790087450816945,-1.061708124359538,13.756630621745476,-0.7178870233247344
-1.0812015412129659,6.442231117811733,9.786460949762805,-2.775614973390119,12.807029965324368,1.8912371703609436,2.755065292044249,12.369356107359103,-2.980014004628671,10.532096237921884,5.523205500934175,-0.4421705633756684,13.554559955811037,-1.5684865746782,7.220189520814873,9.101621140128714,-2.5217473156208423,13.10937556012366,1.1818351530450715,3.521552844404003,11.923916042400233,-3.075371372862166,11.121208175113981,4.730966907373759,0.16235784522655583,13.435975087157296,-1.9943469850581719,7.9804045393223575,8.382090092752087,-2.19786810395381,13.340928241699679,0.5090829817007808,4.3036141687152885,11.418361631395488,-3.095730166048838,11.657436523410876,3.943407737097781,0.8127195065338245,13.243655311110604,-2.3549466405133965,8.716028189895543,7.634349311649423,-1.806894828077574,13.499602193684737,-0.12095922171254404,5.094204490977969,10.857246886235576,-3.040906993075422,12.135950961444312,3.1676222884608394,1.5030559913158152,12.979333035751818,-2.647037275213289,9.420434007056517,6.865134412877712,-1.3523493580590509,13.583968088100725,-0.7026160647472409,5.886202208354135,10.245626303856813,-2.9113956986719187,12.55244105221023,2.410598802650974,2.2271487788914865,12.645389264507685,-2.8679877495719768,10.087276734196884,6.081374450400659,-0.8383262194930762,13.5932659606827,-1.2306480081533715,6.672473040251667,9.589009335554962,-2.7083629148800337,12.903155071296016,1.6791565139205693,2.978475273289146,12.244832148176503,-3.015807751437865,10.710549481370542,5.290129499476226,-0.2694557101953695,13.52741205660353,-1.7002985634171812,7.445934293612044,8.893310758090426,-2.4336375520830553,13.184933802248516,0.9798842222244616,3.7502675585043925,11.781269887638366,-3.0891657247380677,11.284637835093925,4.498527059808868,0.3491378093155312,13.386999584933768,-2.1073371390007014,8.19961866349578,8.164797393639631,-2.0896943242615964,13.395238994657106,0.3190809415989978,4.535573363589595,11.258878231340233,-3.0874008640766717,11.804370432735631,3.713697851346137,1.0118820758329703,13.17329337504012,-2.448097149324011,8.926736994259834,7.410031658535495,-1.6796314568790647,13.53217622860166,-0.2973008410781649,5.327318688404471,10.682362860337662,-3.010529067240833,12.265065545923363,2.9427115810659683,1.7128071181636015,12.88821848305885,-2.719509043207276,9.620739435972492,6.63581244931229,-1.2071427782023603,13.594511979503807,-0.8637087858279276
-1.193379070339255,6.620322850987305,10.093579839860409,-2.9531664028732405,13.230688522833917,1.8937423440845413,2.7908987034222146,12.776128321408398,-3.1654515625191046,10.86798324688881,5.665839365349859,-0.5296929837329096,14.007059733641311,-1.6994645468476013,7.428296464064852,9.382317523991881,-2.689504016941602,13.544699222744155,1.156970160838529,3.5869588972171456,12.313502277001676,-3.2644880110589782,11.479824315206558,4.843034603054752,0.09815935467082818,13.8838996206936,-2.1417555139650344,8.217842116953468,8.635025512200324,-2.3531288896325617,13.785185675526916,0.4582618488150465,4.39919373061279,11.788442553384106,-3.2856322877008055,12.036741438712836,4.025089805667342,0.7736132854530715,13.684159758357948,-2.5162678341198927,8.981847617150516,7.8584353780482505,-1.9470710732929768,13.94998158979657,-0.1960886582533203,5.220286627966763,11.205678865444215,-3.2286939257309215,12.533717932462574,3.2193729839343397,1.4905843493240822,13.409639394526037,-2.8196279168101133,9.713430836725427,7.059542611295592,-1.4749883188665636,14.037602491208089,-0.8001869997891018,6.042841220586807,10.57046072284236,-3.0941858234087385,12.966277054066117,2.4331419995356973,2.2426141024862765,13.06281139655688,-3.0491031077581643,10.406001706224616,6.245543602835051,-0.9411331270344943,14.04725909453674,-1.3485914845112572,6.859447972893038,9.888510142658538,-2.8833196238018446,13.330522329988076,1.6734791865860106,3.0229282940111317,12.646799975796222,-3.2026263045404844,11.053321577727607,5.423770819920337,-0.35031444187572847,13.97886441352461,-1.8363621089502122,7.6627509271906415,9.165970105714353,-2.59799480035853,13.62317265480908,0.9472275542806279,3.824497887993935,12.165352544818505,-3.2788145769553148,11.649559422312917,4.601626755623299,0.29214566788872665,13.833034544449065,-2.2591050567821243,8.445513965811072,8.40934922087225,-2.2407815465345515,13.84159184727926,0.26092914536904876,4.64010238079983,11.622805960899077,-3.2769816243968486,12.189344355709997,3.7865172475023825,0.9804599498572961,13.611083116354292,-2.6130122781328198,9.200685993742715,7.625463095772121,-1.8148976236036973,13.983812396922941,-0.3792338942772191,5.462394843042629,11.024047459794735,-3.1971439580210466,12.667814018988325,2.985784766142538,1.7084280992624836,13.315009457939334,-2.8948957923239953,9.921464454584084,6.821372942140107,-1.3241793752051252,14.04855318728639,-0.967495004162608
-1.3373602801314588,6.676794324570982,10.239154236806616,-3.142293191103051,13.456742295609331,1.8289581368986676,2.7491301425263694,12.990520808272336,-3.3600243135358676,11.033424186290468,5.697824522734067,-0.6566479928434132,14.253030530903843,-1.856428871788693,7.505495690059484,9.509645199827464,-2.8718668111904,13.778808624981693,1.0732848024882804,3.5656124619131893,12.516026556844842,-3.4616014428006663,11.660961423361353,4.853911529774778,-0.012688732616443803,14.12671086882387,-2.310066369921034,8.31529634452902,8.743182161224645,-2.526862317472337,14.025464516432741,0.35665182972750115,4.398684365051811,11.977496952805488,-3.4832881546458827,12.23216569692132,4.014983179246939,0.6800932910832573,13.921846880717183,-2.694186427904678,9.098901639313883,7.946669386326687,-2.1103874952486583,14.194488104544746,-0.31448538309582036,5.240841576892401,11.379783047132982,-3.4248890961253986,12.741891624006236,3.188596500820702,1.4154575282673632,13.640283972374931,-3.0053289091579147,9.84925289239623,7.1272818271648015,-1.6261939313937495,14.284356832272728,-0.9340812614973535,6.084497982324604,10.728269020391235,-3.2869303233888916,13.185547615891899,2.382195549335676,2.1867798502423517,13.28455845008724,-3.2406910558993767,10.559590972702392,6.292400490819973,-1.0786432202272662,14.294261166071394,-1.4965545130658482,6.922053961567152,10.028823682267586,-3.070654562991211,13.559137238923682,1.6030443490825261,2.9871122194686768,12.857874673707428,-3.3981527362667263,11.223517186058679,5.449545951636709,-0.4726676744637404,14.224111888137656,-1.9968384034989723,7.745964847210748,9.287747605593413,-2.77801001746625,13.85929521421457,0.8581614597919769,3.8092452771776584,12.364076191919786,-3.4762955423713633,11.835050914346844,4.606310606219762,0.18627410484236237,14.074540900080752,-2.4304263975233757,8.548808886247976,8.511716371061507,-2.41163281600421,14.083317731929593,0.15425675375669187,4.645773284957952,11.807611119721937,-3.4744155672539927,12.388683488648933,3.770290281459924,0.8922463991354066,13.846895530780046,-2.793412753565941,9.323354094899013,7.707720433887723,-1.9748232683160145,14.229186807085803,-0.5023290264019691,5.489160835321077,11.193492070000698,-3.392529745647722,12.879427811094427,2.9490158116583762,1.6388898410497879,13.543226399706448,-3.0825277065025363,10.06262340400282,6.883002154100585,-1.471516135587911,14.295588457472181,-1.1056813848644707
-1.4959901389024504,6.494810158256722,10.046788882073393,-3.2956632364093688,13.255000463283729,1.6611012070592137,2.578591709637357,12.790137607085718,-3.5127598615251445,10.838744223767954,5.518693204031989,-0.8172615373417171,14.048968209236897,-2.0135460959620817,7.321096578251189,9.319405731010544,-3.026024914770585,13.576128248732687,0.9076300047918364,3.3926946914482086,12.317026094727026,-3.6140409815870767,11.464452734247914,4.677239485263114,-0.17517885965532448,13.923016659376174,-2.4658616343660293,8.128537366400938,8.555176267177242,-2.682025809823707,13.822065352260314,0.19308539539151243,4.223338912767448,11.780065837251875,-3.635664495482785,12.033992442930767,3.8407558830177058,0.5155843055072049,13.718749672053569,-2.8488623156455573,8.90985913161224,7.760984635958766,-2.266764650370713,13.990596383258861,-0.4760960347391671,5.063041966996258,11.184093749034176,-3.577435619550509,12.542232961179554,3.0167774047809557,1.2488055939464173,13.438007275303441,-3.1590980865150593,9.658023761801175,6.943984880626192,-1.7839820906651491,14.080203221616177,-1.0938863287203278,5.90423984596807,10.534478320422835,-3.4398788769426547,12.984596080767517,2.212726412431123,2.0178801805568023,13.083318384283587,-3.393774356800402,10.366291822896898,6.111536499028666,-1.2380270147633796,14.090078692874883,-1.6547204587657243,6.73935507619981,9.83707125861677,-3.224233372744366,13.357097014176802,1.4358457619303744,2.8158802753000804,12.657878020918467,-3.550777172984197,11.02828326736769,5.271138149561376,-0.6338173619676732,14.020133839224378,-2.153546455707592,7.560864976441866,9.098154775743978,-2.9324416321694153,13.656380289388608,0.6931335599971673,3.6356175284334986,12.165518533282665,-3.628692260606214,11.638034905408286,4.430360103580187,0.02320417375366107,13.870998720828958,-2.585870916913003,8.361369421657692,8.324384998971297,-2.567132102378543,13.879749975827792,-0.00871987453204154,4.469707782847917,11.61067507397778,-3.6268177639852324,12.190054121091286,3.5967760527306902,0.7271191713147109,13.644016740273251,-2.947799482656884,9.133657503025656,7.522732012402591,-2.131595475543228,14.025193969186823,-0.6633922767993718,5.310637590229919,10.998345648473041,-3.5451705685043047,12.679368349609618,2.777894885465872,1.4715867953883217,13.341232541251546,-3.2360719163435663,9.870772483487993,6.700417070870421,-1.6297550464346857,14.091402116372802,-1.2649863866091424
-1.6053296881705161,6.781960187264912,10.51018190225644,-3.4942994269311645,13.877579348405403,1.7084110257881158,2.6714258074011155,13.389650807800814,-3.7221680080634045,11.341432687181355,5.75741001169357,-0.8929237568068433,14.710942389579477,-2.1485658694276997,7.649245498736552,9.746707267476664,-3.2112821219042353,14.214640934661608,0.9175538961892162,3.5259231597290692,12.89306432709891,-3.82847452071273,11.998187762988726,4.874204826527483,-0.21898205616565636,14.578741343419209,-2.62332451620633,8.496750090969899,8.944558070130649,-2.8502143811542227,14.472781008459284,0.1675548291244422,4.3977824990291134,12.32946103787222,-3.8511709556659732,12.595987038987706,3.9962163664010464,0.5060555728627041,14.364338984338145,-3.0253290235048884,9.31683967988677,8.110960034894761,-2.4143486870034256,14.649674255371407,-0.5348302168089158,5.27915015473305,11.703917853752413,-3.790052864435689,13.129445565602309,3.131353512733097,1.2756580232162993,14.069666639353509,-3.350958152409126,10.102126934553043,7.253422176193642,-1.9076112984473859,14.743727228812785,-1.183274188020733,6.162086805777418,11.022069640219213,-3.645670796098566,13.593757971895984,2.2874069120569334,2.0828927498838126,13.6973787039839,-3.597278650053019,10.845538021929903,6.379669157327972,-1.3345668835867837,14.754092703736832,-1.7719359297489905,7.038638997656709,10.290058455979926,-3.4193253379736164,13.984741752141955,1.4719787982191843,2.92048821796431,13.25082873157095,-3.762071672231452,11.540376327651126,5.497571707048114,-0.7003774012973298,14.680677308401497,-2.295512802924247,7.9009107867939905,9.514478225574889,-3.1130553999888027,14.29887494165033,0.6924145117920368,3.780899404334144,12.73403922461875,-3.84385277065136,12.180382778830518,4.615075720375359,-0.010755602532358518,14.524142365457868,-2.749288450109463,8.741134866850986,8.702315341595588,-2.7296198482701173,14.53332784247137,-0.044263666432388105,4.656375762883173,12.151665400268035,-3.841885264776352,12.75979222551508,3.7401306823295477,0.728086429887081,14.285897934784513,-3.129175280240068,9.55174253628302,7.860885731566339,-2.2724726533970565,14.685988513190017,-0.7314197718372337,5.539031041092842,11.508953256305068,-3.75618687781274,13.273385372902,2.8806180593164696,1.5094932394405494,13.968090111730865,-3.431751289464954,10.325431876869027,6.9977689563937675,-1.7457317771868712,14.755481793201247,-1.362863932458153
-1.7440718381328906,6.627373488140329,10.348552166211931,-3.6294730971657336,13.709588213723595,1.5634088408880058,2.5246043775151024,13.222581425897804,-3.856911208505005,11.17823262340006,5.604758804946986,-1.0330117229947908,14.541376936867419,-2.2862817841569476,7.493020398536132,9.586519822275147,-3.3469904441741902,14.046013052120433,0.7740457307943704,3.377487486683583,12.72693305381306,-3.963016896002111,11.83374701380837,4.723222095317636,-0.3603431752512463,14.409425633592672,-2.7601435575914137,8.33892395773303,8.785885976440948,-2.9866048016530633,14.303665469815744,0.02546349768504938,4.247699784046455,12.16439447561422,-3.985670454795739,12.430416978652207,3.846892255738114,0.36332477483097175,14.195428305072067,-3.161388632430391,9.157464303687991,7.953862703165953,-2.551562507613823,14.480224545167236,-0.6755946626206089,5.127402435516821,11.540033014062857,-3.9246678226250054,12.962867741140801,2.9836632268463466,1.1314733581976033,13.901312629825352,-3.4864026106938133,9.94126806097933,7.097944831488348,-2.045782403900034,14.574099841792421,-1.3228136490598241,6.008671118316098,10.85947288973379,-3.7805585085164704,13.426303008232491,2.141310937753936,1.9371831262071848,13.529727988914626,-3.732257780765566,10.683274759847315,6.225842431936979,-1.4738205354326328,14.58444573514966,-1.9103633414795147,6.883567402923347,10.12884455828345,-3.554640642831053,13.816548175431844,1.3274232608189096,2.7731962807192763,13.084021600435985,-3.896739490090828,11.376800436595616,5.345411364556053,-0.8408291095570557,14.511169029886798,-2.432951118101483,7.744210262101479,9.354729487575096,-3.2489492837628364,14.130087931442805,0.5493316604256102,3.6319820520212382,12.568208367926548,-3.9783660946690182,12.015597842442073,4.464582513663029,-0.1525100851871666,14.354929799340841,-2.885869531226923,8.58284706284162,8.544100872106132,-2.8662380856243863,14.364097923938456,-0.18595484852483637,4.505804535670341,11.98693471428982,-3.976402305637476,12.593912718460857,3.5912903467919866,0.5849361901904122,14.1171354396261,-3.2650387117179576,9.391923401741344,7.704260818777634,-2.409954494050021,14.516470201202452,-0.8718128375111589,5.386792377180363,11.34543672702269,-3.890865812721349,13.10653562969355,2.733401441357904,1.3648668329732616,13.799927991872618,-3.5670431202798567,10.164151154737645,6.842774569839406,-1.8842086915564713,14.585832200465319,-1.5020641279446028
-1.8555377250648633,6.6893769668052006,10.487664253892225,-3.7800074301727804,13.918346195056225,1.520479097089277,2.5015920999906758,13.42124786924232,-4.012158412868056,11.334536980389553,5.645572117107774,-1.1297433385713607,14.767370874058413,-2.4089831043613454,7.572961427352103,9.709841414752402,-3.491671297322414,14.261742279278982,0.7147591558157541,3.372148273499837,12.915328892105089,-4.120462775215081,12.003634648357695,4.745768595976974,-0.44313605245156384,14.632685334582314,-2.892664030643921,8.436393423760373,8.892617190566655,-3.1238179038524567,14.524733655744276,-0.049334865283986576,4.260392722931401,12.341133639762104,-4.1435857509754666,12.612668542754692,3.851279839340638,0.29552742293254586,14.414253648627467,-3.302223527409865,9.271895198595791,8.043353101189824,-2.679760856946359,14.704951309704105,-0.764920040886876,5.158324181366021,11.703834437782747,-4.081319049400948,13.156152513056343,2.9701633625625803,1.0795932394945638,14.114043439210294,-3.633972300732216,10.071940588631604,7.16969928017299,-2.163500202944869,14.80077184846086,-1.4255504112155002,6.057854121734019,11.009172049338387,-3.934223566199659,13.629190879570457,2.110356224097945,1.90199856685674,13.734758986688538,-3.884921972257283,10.829322820194912,6.279525562696284,-1.5796863951047957,14.811332124817364,-2.0252750469607825,6.950879617909736,10.263403962660115,-3.7036243310123176,14.027522533504529,1.279603528819921,2.755335214014563,13.279816868722515,-4.052811998385307,11.537219427467369,5.380850594440682,-0.9335784025199717,14.736537012268832,-2.558691654990726,7.8293563355159375,9.47324802386017,-3.391598571603506,14.34755932084578,0.4853886604560548,3.6319163619958434,12.753315183894214,-4.136130033147909,12.189253708956953,4.481769599980012,-0.23099633756007332,14.577060261898302,-3.020995241969647,8.685370994931686,8.64582192286995,-3.000957002285359,14.586418364294934,-0.2651341284040586,4.523845806387692,12.159996636215348,-4.134125551353742,12.779552168544436,3.5903814613545606,0.5217309714461945,14.334338433256212,-3.4080213975265323,9.511212653768206,7.7885790776010335,-2.53521850512686,14.741948032098,-0.965204161500086,5.423089085998187,11.50520581305838,-4.046816609286575,13.302797423677871,2.7147157636966597,1.3178229900178184,14.010557953895903,-3.7162838070809556,10.29944216669814,6.909241493887352,-1.998578432018233,14.812747319850454,-1.6085152387752295
-1.9719344115523347,6.841496924170636,10.75914214419152,-3.956878932974544,14.297630334356997,1.5101708549414885,2.5221144957461745,13.784911118349841,-4.196325061963064,11.632627122594181,5.764891398845075,-1.2233325565449606,15.17333488853347,-2.542771339057714,7.75284727150075,9.956876886863876,-3.6594820834890354,14.651817347146364,0.6791318528794539,3.420027153249087,13.26309406958743,-4.308032796367124,12.322750613135314,4.836812320808955,-0.5151492230610819,15.034416971047785,-3.0416515252164147,8.643411880723905,9.113972089627767,-3.2800692114044563,14.923073002930666,-0.10897317003040485,4.336183925633305,12.670855222002688,-4.331882391885689,12.950922877336252,3.914215019200874,0.24672612096058955,14.809121255978694,-3.464081079261494,9.505168585023446,8.238020601810176,-2.8220580511790154,15.108953842697412,-0.847044998417154,5.26233211300241,12.013529437077056,-4.267659012411686,13.51148536707966,3.0054102099210254,1.0554305359422427,14.499477197214867,-3.8062547743562747,10.33035471792317,7.336912955873133,-2.2895743471922896,15.207785460020423,-1.5284351137244736,6.190129013233991,11.297037876559928,-4.11594117932167,13.99938856012164,2.1185843667054853,1.903679248095626,14.108274054813899,-4.065090324910422,11.111537039044622,6.418766289843726,-1.6874146892215711,15.218677584039265,-2.147005583773924,7.111217072671613,10.527834664903994,-3.8780955601807876,14.410237445966347,1.2617259777310623,2.7838312703430943,13.639035769470128,-4.238256151672848,11.841678692409877,5.491851228492729,-1.021003304971469,15.141532098980024,-2.6971843529872737,8.017299170602906,9.712848750796175,-3.5562646578614427,14.740331115926695,0.4425535856655196,3.687958231993482,13.095989219012269,-4.324192384495186,12.51420259413045,4.5645173819100595,-0.29634319887047256,14.977043927977897,-3.1740154352184136,8.900213359355549,8.859421491492979,-3.1533475109716975,14.986696100747261,-0.3315537406261433,4.607915797156336,12.48402614287369,-4.322124913573164,13.123050678489586,3.645118132584846,0.48003792272950974,14.72669477323988,-3.573203557058275,9.752006386764029,7.975240522196033,-2.6729735794431986,15.147113155484428,-1.0536228764081008,5.535417028561016,11.808659077518884,-4.232072362593842,13.662738468731542,2.7419353885021365,1.3011464528443477,14.392739768937192,-3.8911528494692704,10.565005338714707,7.0682705061753115,-2.119470050515029,15.220137250367204,-1.717149454674454
-2.089423271755919,6.573699914650145,10.424531883365063,-4.04051567291455,13.902673133617622,1.3332966340995414,2.3279821412592945,13.398698057496691,-4.275878181898738,11.283120063283835,5.515455295297734,-1.3535884033074927,14.763443035684968,-2.650524894262972,7.469507690776322,9.635948811953067,-3.748190760607205,14.250819684709771,0.516430538100076,3.2105813998536057,12.885780307077209,-4.38568080327893,11.961473883113076,4.603204087625105,-0.6574827410708599,14.626894285699304,-3.140896957460704,8.344884217950558,8.807419285289427,-3.375248563162012,14.517449226775188,-0.2582337937839372,4.111113630138872,12.303641762285235,-4.409123657265418,12.578933020168908,3.6963411677449898,0.09139924444968964,14.405440863227856,-3.5561222113794617,9.19194414293105,7.946406660896297,-2.9250485274847318,14.700159972630207,-0.9837182193349625,5.02146687740645,11.657526301519042,-4.345995571660952,13.129935429711967,2.8030355169392642,0.8863116572780354,14.101077610956626,-3.892460325201128,10.003057187183064,7.060666902611267,-2.4016460356886817,14.797306071915127,-1.6534876067675948,5.933440719659409,10.953254104421244,-4.1968652014831065,13.609517706280162,1.9313339932064044,1.7200939613745,13.716546219670679,-4.146881579994721,10.770916880091495,6.158178715205615,-1.8097558743913,14.80801243684185,-2.2615087029087952,6.8388201366514,10.197169223956475,-3.9630759065449546,14.013359793827153,1.0890888455187626,2.585235482428713,13.255310531223849,-4.317094160291143,11.48860637532718,5.247071672563624,-1.1547097641230055,14.73218262494618,-2.802304480476348,7.729449510430044,9.396082439461477,-3.6467336505289545,14.337823900596614,0.2838869811095497,3.4739430636838193,12.721525336404106,-4.4015647986562545,12.149660757494196,4.335552986838202,-0.44240833142431435,14.570499707837353,-3.2710034749000467,8.597306090782297,8.557209905444736,-3.250688030558763,14.579987268190667,-0.4770183770546803,4.378211266349547,12.119998948760717,-4.39953258729617,12.748125277803286,3.431833578245314,0.32073204373911657,14.324420118118713,-3.6633836662599997,9.434572263816609,7.688108148782895,-2.778506608153865,14.737668499648802,-1.1867730269861207,5.289894482242321,11.4561498915274,-4.311015832281365,13.278608994186811,2.5440541114545923,1.1278370264444868,13.996160529907645,-3.9759105110568402,10.23370597268438,6.796605999861953,-2.2344427727916223,14.809447209375751,-1.8389835300256172
-2.1709524542363523,6.8702384025289325,10.889124667602161,-4.207192549002657,14.519055605172884,1.4011384940544103,2.4392331071844042,13.99308653464043,-4.452826521701129,11.78518252514127,5.765810891706553,-1.4030049898456314,15.41739039747527,-2.756541132819083,7.805140158011322,10.066127014026396,-3.902110274690183,14.882395632414788,0.5486235153985667,3.3603499117465647,13.457784522238935,-4.567421043227642,12.493140408403953,4.8137480962905626,-0.6765205553829919,15.274882518583464,-3.268313540852419,8.718719023671895,9.201439600509538,-3.5128924934015098,15.160661163909023,-0.2598479704371951,4.300182301461814,12.850240848289708,-4.591886967647569,13.137546101853562,3.867308739128309,0.10504341578495258,15.043764639342168,-3.701659655002012,9.602745521284593,8.302851493227632,-3.043045261785559,15.35134559599113,-1.0169932878799992,5.2502643075145015,12.175928239476693,-4.526003906990208,13.712594827356334,2.9350183043074116,0.9346466297933197,14.726118659438754,-4.052675912538073,10.449256379054894,7.37845713431487,-2.4968009430322224,15.45273125168669,-1.7159921052233047,6.202037632996574,11.44092087411148,-4.37036533296719,14.213106571294016,2.025274823045492,1.804816057391748,14.324805919884366,-4.318200374456853,11.250626264420955,6.43658342748424,-1.8790800819311722,15.463904853470005,-2.350547871875489,7.1469287456678385,10.65183966620216,-4.1263732310054815,14.63457274589906,1.1462732245945437,2.7077132506623327,13.843441428179691,-4.495841208087994,11.999636472714354,5.485714729646111,-1.195447080820137,15.384765750027825,-2.9149445374098546,8.076426107959723,9.81579262455131,-3.796225471224303,14.973196802414364,0.3059315166790305,3.6352049514140807,13.28636129448682,-4.583998232618151,12.689539952933998,4.534416424193952,-0.4520600756945762,15.216026822922032,-3.40409804149579,8.98215684852876,8.940310824125692,-3.382896010117803,15.225928430237737,-0.4881805395702966,4.578936355214728,12.658583672139436,-4.581877333449056,13.31412208488469,3.5912577644079997,0.34438453601114916,14.959208064983567,-3.813602110890323,9.855962184714574,8.033280566462984,-2.890108101285972,15.390491033985523,-1.2289096176903227,5.5304063711011855,11.965763554338476,-4.489497615547067,13.867756660202243,2.664734681997337,1.1867124162767828,14.616622888284649,-4.13976795095419,10.689970916494552,7.102872340217448,-2.322300756529235,15.46540224096363,-1.909583262735567
-2.2623889652225584,6.78978891095909,10.813558999648704,-4.301103535952481,14.447901095254133,1.3140428528969297,2.3533989774639865,13.921292857549803,-4.547036007517987,11.710705762978533,5.684019279757039,-1.4935082771187593,15.347327560319735,-2.848689261808219,7.725826776042813,9.989561224369643,-3.995650520116624,14.811682659899377,0.46049188254799583,3.2756351399046375,13.385340336415874,-4.661769786389354,12.419523969525239,4.730799520332149,-0.7661410055704313,15.204646503263996,-3.3610835849711984,8.640515839341552,9.123823026995671,-3.605959754307663,15.090286344723845,-0.3489620725280628,4.216609631017538,12.777058364354405,-4.6862654422452055,13.064712756483006,3.783210032865351,0.01637273633705147,14.973247765376213,-3.794956309193025,9.52561662201777,8.224142939117575,-3.135541555798272,15.28120249999274,-1.1070274867186898,5.167846193987892,12.101926318606248,-4.620302319295372,13.640460291646205,2.8497866617674363,0.8469840992457797,14.65521577630608,-4.146399128063551,10.373156175164356,7.29862523938272,-2.5886334310229975,15.38271136137938,-1.8068757401263182,6.120776131709737,11.366025758934848,-4.464474610449099,14.141580266549903,1.938937643696165,1.7182109725444485,14.253415354218346,-4.412246260133293,11.175499899776783,6.355606950508787,-1.9701619043069476,15.393898541526612,-2.4422026304766353,7.066815493230711,10.575985645203305,-4.220186004851514,14.56355861450878,1.0588678665304654,2.6222053828908143,13.771465899636494,-4.590102966133368,11.925420318885545,5.403582739750839,-1.2856981399506884,15.314663266807893,-3.0072851610945923,7.997442397607117,9.73892262399565,-3.8896370435135426,14.902594173130689,0.2175049601016684,3.5508241884107425,13.21370879204247,-4.678367120681632,12.61616218235057,4.451128399311881,-0.5414077574284332,15.145719285091731,-3.4970330934070875,8.904273798630106,8.8623769221778,-3.4758052969353086,15.155632925020571,-0.5775721155481993,4.4957024317618055,12.58516828292108,-4.676243644157329,13.241503317857271,3.5068235959844474,0.2560047082416093,14.888588436331974,-3.9070347995878363,9.779140998938344,7.954244424864357,-2.98241854328223,15.320395508234691,-1.3192013411037236,5.448328691300703,11.891506237523751,-4.583751664743516,13.79581067997083,2.5791745858882154,1.0993562006532587,14.545586943901222,-4.233597002307298,10.61416323328393,7.02270554963587,-2.413921188722532,15.39539774867273,-2.0007021531309297
-2.5135290743587344,6.535034340015063,10.557197769676531,-4.551429602760525,14.190088701718793,1.0614747033055387,2.1004158213329127,13.663690734447599,-4.797263875468479,11.453986309520648,5.429706233731647,-1.7449553941286169,15.089156033032118,-3.0995952659523223,7.470698452708991,9.733529010080684,-4.246098551856745,14.55372501131163,0.20826454899287927,3.022283742292611,13.127952214844019,-4.911951842064889,12.162521490659401,4.4768670872887455,-1.0178785544806832,14.946531947374698,-3.6117849941838998,8.385022288022757,8.868136495004695,-3.8565633864357967,14.832217451925903,-0.6008661976303814,3.9628825098606573,12.519913124880812,-4.936437717002407,12.807452658924607,3.5296559646816323,-0.23567726401559608,14.715225605141523,-4.04548447651713,9.269769657076434,7.968815642148424,-3.386333022128902,15.02305737590978,-1.3586289223992,4.913739251723417,11.845050653927583,-4.870500932596945,13.382970302728477,2.5966053020270934,0.5946024424575781,14.397320603686293,-4.396786967097178,10.116970794497284,7.043667494185968,-2.839643273368374,15.124525705624631,-2.058197732029006,5.866288692186746,11.109443933429876,-4.7147354445012954,13.88389018445734,1.6861199786416279,1.4654814418741182,13.995680617274907,-4.662527948545632,10.918994149714738,6.101025744928894,-2.2214186973577963,15.13570841882083,-2.6932709414627425,6.811950307800856,10.319719276360455,-4.470544381378801,14.30570003985638,0.8064016062584364,2.3691148945244027,13.51392360123334,-4.840313637793727,11.668615131632706,5.149381669779967,-1.537228233876636,15.056504782109915,-3.258127839171898,7.742205620340556,9.482990487683619,-4.140127405582071,14.64460022430702,-0.03462535072996797,3.297362910025342,12.956389201565631,-4.9285425491751,12.35908118742816,4.197307636697353,-0.793235040516855,14.887628258366622,-3.7476802190746827,8.648674930879906,8.606794783513337,-3.726460898691272,14.897537939858783,-0.8293849584993397,4.241863871094685,12.32809966361339,-4.926419920537892,12.984172629249862,3.2533798866816497,0.0038590247702411417,14.630600079886346,-4.157518214872315,9.523192803752725,7.6990248962008145,-3.233271150399995,15.062234734698823,-1.5707180574709625,5.194109754631324,11.634714591890788,-4.83396487242743,13.538258660892726,2.326101279372896,0.8468737737151119,14.28773554519233,-4.483950023931184,10.357881620437276,6.76785797695166,-2.6650007922608303,15.137207027345593,-2.2519467517060967
-10.906618441068222,-1.8817697638497544,2.1298522633633796,-12.939177980722231,5.753222009597239,-7.3409841368810245,-6.304765905836433,5.228203641369704,-13.184367963845855,3.0242904738201206,-2.984200994208172,-10.140059061006703,6.649933039200488,-11.491148653407116,-0.9485578667708419,1.308342198716372,-12.634647150282845,6.115905290614468,-8.191958173301686,-5.385314043032746,4.693869200799949,-13.298755352896617,3.730968705428155,-3.934542912210004,-9.414887765405307,6.507682746878925,-12.001996019959556,-0.0366303178548568,0.44521772941642634,-12.246132889909216,6.3936678501717745,-8.998968326621704,-4.4471804239661825,4.087423677300095,-13.323177054543685,4.374209619402344,-4.879271556463974,-8.63473649074455,6.27698261900898,-12.434558850124159,0.8457982796607171,-0.4517461572931607,-11.777134918964816,6.584007615353774,-9.754745084887215,-3.498815715001135,3.4143299054631493,-13.25741307917314,4.948218929891184,-5.809876852909075,-7.806632805381327,5.959910792192049,-12.784940636958805,1.6907790477951314,-1.3744696501856426,-11.231877950536774,6.685210013930328,-10.452480444312531,-2.548762743709049,2.6806510843708447,-13.102055825781598,5.447825986281143,-6.7179759499800324,-6.9380362308779455,5.55932343549354,-13.049985156743915,2.4907004369666597,-2.314640896635633,-10.615273635406478,6.696363419147787,-11.085889235479366,-1.6055795454552628,1.8929961605629186,-12.858504745672146,5.868530350190292,-7.595388730965296,-6.036771046960831,5.078829022197291,-13.227304900106741,3.23835679049687,-3.2637908754209626,-9.932876318114674,6.617367361622688,-11.649265739865722,-0.6777622729904307,1.0584602949375155,-12.528953736258568,6.206542335218761,-8.434211500138225,-5.110955810752525,4.52275582483736,-13.31530257860096,3.92701325284881,-4.213369685293768,-9.190833003671345,6.448933434365586,-12.137535086707732,0.22633133651723106,0.18456094985425245,-12.116371378533959,6.458817144277387,-9.226888178901431,-4.168930225166447,3.8961129263092653,-13.313185513010382,4.550466436909365,-5.154823562114341,-8.395827985604313,6.192578882782205,-12.546298967211971,1.0985572476119083,-0.7208298278372967,-11.624474196223911,6.62308229698584,-9.966278370609041,-3.219180015230264,3.204545098271688,-13.220972773768654,5.103100303827273,-6.07967193078354,-7.555022634137669,5.850612937394335,-12.871875254328135,1.9310584876627237,-1.649556317846307,-11.057693177503534,6.697858100075909,-10.645721680945469
-10.440220539905349,-1.6544972909129472,2.250831448794991,-12.418924697857321,5.7781951706423476,-6.9690624823990115,-5.960300238384948,5.267087865815339,-12.657618044659584,3.1215703233684478,-2.7277181323243793,-9.693972175194219,6.651146642981195,-11.009262842991044,-0.7460120903688993,1.4510883913330046,-12.12246281880331,6.13126867337015,-7.797488824321256,-5.065210481616478,4.74691133043459,-12.7689745869484,3.809524170690918,-3.652879470991177,-8.988015262326538,6.51266546228502,-11.50657462577316,0.141752719265246,0.6108335584907599,-11.744242763042584,6.401671542657303,-8.5831161649873,-4.151933966687166,4.156534391648932,-12.792749202968524,4.435721556899938,-4.572576267100709,-8.228535138430367,6.288078042654493,-11.927676125593363,1.0008001916443403,-0.2623640711674299,-11.287671520196389,6.5869680013545695,-9.318867607878852,-3.2286974482610047,3.5012751389472596,-12.728727732024899,4.994521723492231,-5.478523932378695,-7.422373167046009,5.979407457684132,-12.26877407866901,1.8233920649341249,-1.1606387718126632,-10.756861863931901,6.6854889071147126,-9.998115536370038,-2.3038174002746734,2.7870361188476265,-12.577486876710928,5.480891023153304,-6.362561730116519,-6.576791219741653,5.589434198422437,-12.526795889646536,2.6021184677325655,-2.075898924464405,-10.15659530427819,6.696346787953408,-10.614741315007004,-1.3856251015079222,2.020251165017746,-12.340389007996933,5.890448262631401,-7.216726286728364,-5.699406261494523,5.121671126830532,-12.699417309405158,3.3299646668659326,-2.999899905937376,-9.492279015993512,6.619443836557784,-11.1631904059062,-0.4823915877884034,1.207827442584441,-12.019569893052376,6.2195041683330805,-8.033323325469867,-4.798121737405012,4.58033183207657,-12.785083371790849,4.000374255796465,-3.9243183560449895,-8.769897130974089,6.455472791330471,-11.638522403787668,0.3977468531328078,0.35708322869434916,-11.617919456349162,6.46509461913769,-8.804996976145462,-3.881056378811084,3.970292674709655,-12.783022400682741,4.607308214443997,-4.840827154061295,-7.995956833456558,6.205910696232244,-12.036455538928205,1.2468619729045392,-0.5243180102059356,-11.13905574734931,6.6250073470699595,-9.524796036462188,-2.9564710701138637,3.29704886061863,-12.693252961217857,5.145299308412976,-5.741170429059454,-7.177429743589109,5.87300559563571,-12.353405247155191,2.057304979887312,-1.4284366505355477,-10.587292349273815,6.697801865312566,-10.186236588154069
-10.762459572654395,-1.7469613839885259,2.2605042715019996,-12.792913212765072,5.880119907440416,-7.200519560076565,-6.165374936696092,5.355645501601345,-13.037849158817004,3.154015770104949,-2.848250404547292,-9.996694411417424,6.775901870361529,-11.346384163419497,-0.8147163715048975,1.4398453591269107,-12.488697901415897,6.242427418626071,-8.050611917117248,-5.2468757019558,4.821864675640378,-13.152118033085955,3.8599618247035563,-3.7976076898374673,-9.272274453167016,6.633798961090647,-11.85670224991153,0.0962663451582799,0.5776151580588558,-12.100586173901716,6.5199021932324746,-8.856785941270969,-4.309714066794965,4.216047479786568,-13.176514431833233,4.502536287968396,-4.74135751719496,-8.492931479656107,6.4033378576056945,-12.288816909260596,0.9777806737708883,-0.31841939998775426,-11.632074123587719,6.710044750698414,-9.611779652398601,-3.362331941989721,3.5436510886851336,-13.110818593372333,5.075950877406638,-5.670998629698301,-7.665685778100403,6.086594543386929,-12.638835671627577,1.8218859720462277,-1.2401868751378806,-11.08738208640937,6.811142295232176,-10.308792100368626,-2.4132633040366374,2.8107324194428225,-12.955622302925583,5.5750402996258,-6.578156861108738,-6.7979891413818185,5.686422228272728,-12.903605583401312,2.6209785765965465,-2.1793840265318947,-10.471416624272218,6.822284144600721,-10.941544627717333,-1.4710573214696392,2.0238935711849573,-12.712323561848951,5.995308779069801,-7.454660569991196,-5.897657742626815,5.206425646870595,-13.080741608865951,3.3678602963988125,-3.127550607553033,-9.789726326957355,6.743369933515161,-11.50433742751833,-0.5442013443234746,1.1902223536370304,-12.38311399449731,6.332970555766841,-8.292614249500536,-4.972801727462275,4.6509285872667965,-13.168648114497904,4.055803253782616,-4.076145575357226,-9.048451830669919,6.575110517716921,-11.99210088699297,0.3589555495395793,0.31722844044681797,-11.970959106168683,6.584983987288999,-9.084469649760825,-4.031752158180659,4.024934942533288,-13.166533242362117,4.678610488856195,-5.016624028210833,-8.25427050345761,6.319021570620186,-12.400441254358977,1.2302777625570187,-0.5872242776267569,-11.479571569963158,6.7490789477333015,-9.823093772166805,-3.0829859678977094,3.3340836358791384,-13.074416043133693,5.23067178144835,-5.940514177590886,-7.414336295773542,5.977409930193217,-12.725680217553759,2.061916462570486,-1.514988530292636,-10.913377783186155,6.823777276915965,-10.501833123121457
-10.833557257752153,-1.7459085730865302,2.2936285917864856,-12.880260497626786,5.9422117964600085,-7.243111251023944,-6.199682426765668,5.413540053132917,-13.12715665149264,3.194290809790247,-2.856011144201192,-10.061663723457325,6.845162649172889,-11.42215496230071,-0.806202859193351,1.4664019949268132,-12.573610569227586,6.307418833117187,-8.100006846656942,-5.273832497257867,4.875487410956997,-13.242340012768665,3.9058865086927463,-3.8129660794028037,-9.331446275350439,6.701922498767645,-11.93655709409867,0.1120703979900482,0.5972714168223314,-12.182392806632766,6.587114221847881,-8.91263263359599,-4.329170813248506,4.264821896102803,-13.266931654444662,4.553603457183708,-4.76426868051928,-8.545866266357294,6.469617028773251,-12.372129941375722,1.0006394333653121,-0.3059340525198157,-11.710131282234848,6.778778478896556,-9.673668514506655,-3.3742068456237577,3.587044356659793,-13.200710056094415,5.131607049489642,-5.7013496555754415,-7.712000166634804,6.150338836642335,-12.724949883088037,1.8515000561576231,-1.2350783779711394,-11.161080107066883,6.880685101068601,-10.376259111657859,-2.4175428677867137,2.848260182882215,-13.044271738962205,5.634690654682147,-6.615767820378003,-6.837359405320281,5.746963966281972,-12.991838732724165,2.6569877513131965,-2.181791868329074,-10.540185109957633,6.89191611799522,-11.014075519863503,-1.4677964667588048,2.0551243101021717,-12.79902589252573,6.058322517780646,-7.499286136331315,-5.929822707909014,5.263126000776421,-13.170392367269216,3.4098467211142074,-3.137546570126176,-9.853039285722327,6.812370361170076,-11.58137231698123,-0.5335229163324966,1.2147812713649921,-12.46718168057928,6.398686581601372,-8.343945909318377,-4.997565125041165,4.703183331230933,-13.25900238343938,4.103295245085243,-4.093733087060287,-9.105832413712566,6.642764375270837,-12.073039318422733,0.3768618884561841,0.334800839790181,-12.051728341183466,6.65271686163289,-9.142138481268265,-4.048984392005406,4.072179896576221,-13.256870586107627,4.731086769432962,-5.041738133057218,-8.305295300555542,6.3846259635559095,-12.484647609471452,1.255157241341128,-0.5768901596131348,-11.556408259740461,6.818125064289583,-9.886673768611974,-3.0926252823092204,3.3757997479885384,-13.164016178410481,5.28756617572768,-5.973022120374133,-7.458639149344521,6.040280425480657,-12.812489440752042,2.0934514964268596,-1.5120792544341422,-10.985683257750162,6.893421199759609,-10.570845030238793
-10.564931311270504,-1.6269699347193567,2.346029948044754,-12.57792225557599,5.9345154731875045,-7.033625376559424,-6.007383401983821,5.414551752461284,-12.8207516566504,3.231856898135826,-2.7187874387757485,-9.805752030057942,6.822593360715194,-11.14383392207001,-0.7027425941230906,1.5324290234333466,-12.27632331494143,6.2937069980089415,-7.876406606695232,-5.096783620063686,4.8853616504677415,-12.934037773888145,3.931731540433852,-3.65997987993653,-9.08756236690821,6.68171259206777,-11.649763073334833,0.2004053147165464,0.6776143394782451,-11.891549500148882,6.568795380980072,-8.675647218791797,-4.167681941669072,4.284754719549687,-12.95822435406008,4.568779611880375,-4.595613089497004,-8.314922047920156,6.453233544250372,-12.078161377530497,1.0743382751735935,-0.21071397075802314,-11.427066836792592,6.757302638050545,-9.42414768858074,-3.228447673840187,3.618141200515043,-12.893093525516202,5.137262611476915,-5.517258924671697,-7.494790983092445,6.139214346473006,-12.425169841581583,1.9111839375921262,-1.1245538849416314,-10.887059364267609,6.857530704142656,-10.115165556762836,-2.2875413975364514,2.89152591861342,-12.739231983894358,5.6320596693753,-6.416615240328259,-6.634556876972381,5.742483669853007,-12.687662628511719,2.7034040330647806,-2.0556735733333364,-10.276391446127183,6.868576729246913,-10.742476164785353,-1.3534387550971816,2.1114541923343073,-12.49802570719183,6.048713675448392,-7.28558067434545,-5.741968680539133,5.266615246869749,-12.863275214845457,3.4438622778279133,-2.9956855507477083,-9.600563952109182,6.790341211255187,-11.300428726291747,-0.4345541020257905,1.2849528734661588,-12.17164747093648,6.383471428741489,-8.116327624326452,-4.825066788993754,4.715895679340093,-12.950425690131864,4.125888656591648,-3.936122230651177,-8.865664706544587,6.623528892271375,-11.783997229156972,0.4608352891519857,0.41946704952490454,-11.763037275920384,6.633317446141723,-8.901372758297828,-3.892110614233116,4.095285824897589,-12.948329006723975,4.743339505744116,-4.86851220080856,-8.078313649503094,6.369642410325225,-12.188825709583321,1.3246637901960752,-0.4772070212681353,-11.275875864802233,6.79600112571716,-9.633644424233418,-2.9515041844312067,3.410376109805244,-12.857004051453638,5.29065285520282,-5.784456533393133,-7.245603204664634,6.030968763675828,-12.511267490431225,2.1491500719758663,-1.3969921383343704,-10.714551566138603,6.8700570200399955,-10.30654635118459
-11.103272537664866,-1.8252677043577643,2.2988843882794443,-13.192847433308057,6.023893329789778,-7.437618575891119,-6.372333372798298,5.484147663994146,-13.444915244067248,3.2184124974499033,-2.958623248531448,-10.31521038974421,6.94575801298831,-11.704199415140865,-0.8658782673410288,1.4543301333537526,-12.879774204297584,6.396750244580136,-8.31246329687354,-5.427089952970117,4.9348246005811225,-13.562511315363313,3.9449137699868126,-3.9356232209268738,-9.569697304017994,6.799517455733276,-12.229376568295809,0.0716297739656655,0.5669941475299245,-12.48036172498871,6.682304325568746,-9.142110903257423,-4.462640734673626,4.311367665245197,-13.58761807050382,4.606198243808346,-4.906852461554263,-8.767661995073167,6.562345955359528,-12.674073224441084,0.9788113883748784,-0.35513048567316563,-11.998207885421563,6.877983314157997,-9.919087965907712,-3.4876734340332467,3.619392930628723,-13.520009348943134,5.196309097469789,-5.8635621801464595,-7.916329161684605,6.236379942307255,-13.034283575664011,1.8474947238187829,-1.3037373081313826,-11.437655906168994,6.9820245426282055,-10.636395509629605,-2.5109705135957503,2.8651336746954206,-13.360294167070379,5.7099306383651465,-6.797134377652038,-7.023367572557976,5.824555704080143,-13.306762862969435,2.6698547190321973,-2.270281311325445,-10.803755214796945,6.9934908121709425,-11.287572059629818,-1.541330070295845,2.0553842316365687,-13.109911232216662,6.1424361862526835,-7.699159476791508,-6.096820986399412,5.330582935296422,-13.489056604925912,3.4384835913607263,-3.246055909400785,-10.102215960842328,6.912278835134674,-11.86675184619653,-0.587486582583467,1.1974387888076015,-12.771115982842709,6.489929750186479,-8.561512075159191,-5.145035694090507,4.758911320923375,-13.579522707526626,4.146457565740842,-4.222271367710417,-9.339357579038376,6.739120165435415,-12.368717643295314,0.3419677693713252,0.299025681009609,-12.346960271648447,6.7492811234317704,-9.376424138491599,-4.176585335667393,4.114690453710655,-13.577346256099645,4.787399243761011,-5.190133980357472,-8.522051864123862,6.475574608750917,-12.78894776511145,1.2386605016605818,-0.6317622260118823,-11.841264874618325,6.918154080229388,-10.136554974776976,-3.200193669348817,3.4037234468854605,-13.482546856023617,5.355535050985853,-6.140925283512449,-7.657661070018897,6.124016171860542,-13.123656797197398,2.0945142456045973,-1.5865404357424504,-11.258585073638537,6.995027420414625,-10.835057358885921
-10.669138872083229,-1.6392975526397735,2.3745437465235173,-12.702822845281272,5.999917979418464,-7.101532021095233,-6.064740543109928,5.474609165448524,-12.948148470109999,3.2694767697064218,-2.742338659673988,-9.902155423223913,6.897125079095585,-11.253992452749314,-0.7055693928190832,1.5525792137758585,-12.398123545149236,6.362801900682176,-7.952976825398942,-5.144780029761699,4.939979125386119,-13.062599139480357,3.976545943224376,-3.693206316927267,-9.176582955153012,6.7547960924001496,-11.76512242549539,0.20686264411101393,0.6889772548442337,-12.009394354556749,6.640718121440128,-8.760433425314528,-4.206127425204436,4.3331981097759735,-13.087034351472385,4.62014270491001,-4.638457595109977,-8.396000092513876,6.523968338767056,-12.197924554015906,1.0897794105072065,-0.20848284182246826,-11.540136928949238,6.831163184603594,-9.516628287316838,-3.2572380708009967,3.6597319753092648,-13.021233994771576,5.194469563451299,-5.569577712297676,-7.56743829138893,6.206721104444964,-12.54850017577969,1.9352276309849414,-1.131716795160035,-10.994578318570023,6.932421569422847,-10.214749641360115,-2.3066595201058537,2.925647275293915,-12.865790796095965,5.694353007775818,-6.478179179442489,-6.698361200027099,5.805912138562374,-12.813691321010642,2.735591545172356,-2.0724081543378543,-10.377632891377914,6.943581144822638,-10.848508841003543,-1.3629545428804826,2.13755661240914,-12.62210498093998,6.1152901098112915,-7.356077354505346,-5.796597426629533,5.3251519106488905,-12.99110915954046,3.4836615101451414,-3.0220832129811863,-9.694858064636104,6.864541385838767,-11.41219701126098,-0.4346239920375585,1.302559072671515,-12.29237166040477,6.453489086663045,-8.195364169351109,-4.870270019590873,4.768771087684962,-13.079155519285862,4.172698944572674,-3.972187339945911,-8.952404243943091,6.696014279142607,-11.900736473896107,0.4699697716656597,0.4281762771807478,-11.879561057733994,6.705903456827795,-8.988479365279389,-3.927723295436843,4.141781523644005,-13.077037282512094,4.796497029562135,-4.914162039059069,-8.15695942064893,6.439517909496165,-12.30972648692432,1.3426782074063701,-0.47771537231358474,-11.387391752673684,6.870259482764912,-9.728278595500985,-2.977447673588404,3.449831112932395,-12.984773530202771,5.349436619409883,-5.8395220436772215,-7.31568892672385,6.097362784912108,-12.635482886303487,2.175639995992911,-1.4069556436895003,-10.820297184668707,6.9450766526241425,-10.408097781099368
-8.620983601352602,1.4389944278921547,5.910740259738805,-10.886673037638337,9.949702168425045,-4.646379256906117,-3.491309181977801,9.364465402887742,-11.159985746962874,6.907768472347588,0.21011687516878827,-7.7665016263809035,10.949263887300365,-9.272558082418739,2.479243579652689,4.995004883253859,-10.547213222519076,10.35398438623307,-5.594958054848697,-2.466398308723793,8.768844032972734,-11.287493106014574,7.695501069091076,-0.8492270714507519,-6.958154853807933,10.790697814162655,-9.841998465035662,3.4957671175504252,4.032882025772643,-10.114137271531318,10.663605671468236,-6.494530413582034,-1.4206629248021816,8.092840605043488,-11.314715920578374,8.41252023401363,-1.9023139147552879,-6.088522025239174,10.533536913107977,-10.324175255291275,4.4794082422811705,3.033038447663417,-9.59134631378695,10.875776969215995,-7.336993024878492,-0.36352296854089344,7.342544528235681,-11.241408968738448,9.052367090025342,-2.939657494794343,-5.1654367549321005,10.180097678218342,-10.714745025873896,5.421306357872233,2.0044806958865404,-8.983549627231392,10.988587049761382,-8.114757022602301,0.695498889846963,6.524714436597446,-11.068232596291566,9.609277924799326,-3.951913466240333,-4.197214154387132,9.73356387457098,-11.010189541474537,6.312976887540184,0.9564739734148642,-8.296222217675302,11.001019724862314,-8.820816342882534,1.7468630280554596,5.6467173076110875,-10.796746768381258,10.078236110039267,-4.929963471840069,-3.1925759301899106,9.19795785902226,-11.207847450895704,7.1463877023858196,-0.10154132130600328,-7.5355555001822685,10.912963001528492,-9.448810834427434,2.781098804186696,4.716462100784078,-10.429397017400412,10.45501729104582,-5.8649972801754275,-2.160571819261577,8.578104346994518,-11.305938260386066,7.914031474457701,-1.1600346330521507,-6.708401527075587,10.725210090849426,-9.993083550487889,3.7888898678736354,3.742328514090124,-9.969492413743076,10.736227439518235,-6.748592147841432,-1.1104980692268906,7.8795869516515715,-11.303578372249499,8.608993302432076,-2.209471100643018,-5.822211264951584,10.439452262783487,-10.448731706384603,4.761158081555735,2.733091500016993,-9.421175757844127,10.91933342681185,-7.572788691146815,-0.05181369822496511,7.108697886957049,-11.200789044254455,9.225013000739551,-3.240397446552959,-4.88496747670085,10.058263611273357,-10.8116508435774,5.689145295942076,1.6978422211838975,-8.789386262014343,11.00268584224948,-8.330162583892067
-8.864796405368393,1.4485483459178807,6.032917841546316,-11.18754862091339,10.173603485242664,-4.7900892106734405,-3.6059279868616896,9.57362717251437,-11.467744878596832,7.055056821721114,0.18872075767566893,-7.988793777328392,11.198339779594525,-9.532781189712898,2.5149968111283885,5.094119107475202,-10.839539301971003,10.588067798877132,-5.762558547932719,-2.5552041041173856,8.963004712772472,-11.598463588757372,7.862628947467745,-0.8973034165238181,-7.160088295079886,11.035780122568154,-10.116563277920262,3.55712211832686,4.107764595223711,-10.395556067311471,10.905487086243744,-6.684787188728386,-1.4831312326210666,8.269975723542265,-11.62637202661684,8.597706680205187,-1.9769128984203546,-6.268553229894542,10.772142466360732,-10.610883986625439,4.565536848597673,3.082739342840111,-9.859598298378096,11.123002048367836,-7.548467738040832,-0.3993665576299365,7.500782979466519,-11.551218794194934,9.253668472059198,-3.0403826133019747,-5.322219490413619,10.409801647379707,-11.011290496633668,5.531157246419437,2.0282767326986795,-9.23649387917217,11.238653320040877,-8.34582019948219,0.6863274163480364,6.6623553349407,-11.373680868502673,9.824605448069862,-4.078132872767944,-4.32961160932495,9.95202161578016,-11.314175963720016,6.445285045734125,0.9538753175966415,-8.53185570688655,11.25139911969609,-9.069662057162228,1.7641708057631975,5.762245309297261,-11.095357503363317,10.305374633077731,-5.080815668140294,-3.299670954748408,9.402926033945027,-11.516812008923393,7.2996858235456346,-0.13078674179050415,-7.752031131173845,11.161124633730983,-9.713472975474692,2.824454444787839,4.808561054043843,-10.718755823404274,10.691645279417218,-6.039398876914424,-2.2416751867847244,8.767461130716248,-11.617373295664374,8.086663175239662,-1.2159388573551455,-6.90404477750128,10.968643050743273,-10.271453533994045,3.857627345052035,3.809893314991533,-10.24726823998876,10.979937878101365,-6.945247623722355,-1.1651546847616432,8.051351145982698,-11.614953972296455,8.799128043457861,-2.2918060265848608,-5.995535269632728,10.675688236363419,-10.738577468399242,4.854382730528116,2.7752380471930644,-9.685141892523683,11.167655502085628,-7.790202062908641,-0.07980669799658542,7.261046766979185,-11.50957583197804,9.430662576014425,-3.3486968853565706,-5.034686421242445,10.284899114670173,-11.110636946842225,5.80574187255903,1.7139153797788724,-9.037440390413837,11.253107199272408,-8.566650882060973
-8.41046454881588,1.5108714698213705,5.920989748282647,-10.644929290778657,9.904288533435263,-4.490636381422812,-3.3514849533459192,9.327117233013254,-10.914475329496637,6.90427737461712,0.29892974481101714,-7.567758653145107,10.890074750413032,-9.053059328748182,2.5367843841156215,5.017874617429573,-10.310147755388412,10.302999118843413,-5.426142300738411,-2.3406989324274083,8.739704444075837,-11.040225440513126,7.68115380142504,-0.745814808623241,-6.7705521456394955,10.73369396228589,-9.614651944765853,3.5392986600930736,4.069011296601904,-9.883040258846199,10.608353345304984,-6.313317165149278,-1.3093753947115077,8.07301738583977,-11.067073082712279,8.388291336548804,-1.784388491275179,-5.912904198498168,10.480077135012312,-10.090183595293032,4.509383693264528,3.0829471048451214,-9.367454166688853,10.817600595383109,-7.144169342511163,-0.2668044572496168,7.333061545992436,-10.994776413714428,9.01932011618495,-2.807435877106917,-5.002540466694013,10.13150883781362,-10.475370712144334,5.43830100033361,2.068564465013592,-8.768033855749591,10.92885597905559,-7.911214552966344,0.7776224468254784,6.526502414182389,-10.82398667873295,9.568555860850616,-3.8057414002792886,-4.047661466668345,9.69112895857463,-10.76674354671876,6.317682935068923,1.0350008912954496,-8.090178877816061,10.94111731272136,-8.607543287007992,1.8144971659141613,5.660605439581694,-10.5562423441861,10.031051079123479,-4.770312368563353,-3.0568687064404245,9.162904419871413,-10.961677425342348,7.139608063693736,-0.008433321112198713,-7.33999532070458,10.854274146826231,-9.226883046037065,2.834479578168437,4.743170584039518,-10.19395523925916,10.402639634426286,-5.692459969116074,-2.0390872036011314,8.551593445107656,-11.05841639221334,7.896672520812746,-1.052338962733375,-6.524240804890958,10.669108760787708,-9.763654844754154,3.828381726895955,3.782462060369253,-9.740388830253277,10.679974273402145,-6.563877536925203,-1.003485089147333,7.862702696647347,-11.056089026974448,8.582056703105813,-2.0873125774781767,-5.650263611161787,10.387289116256042,-10.21302346641337,4.787250585271035,2.7871338886816495,-9.199628823424776,10.860556777825433,-7.376715380880804,0.040608978638445176,7.102437672042566,-10.954716294429295,9.189586700014452,-3.104031168563035,-4.725936487624906,10.011353832189904,-10.570941018242651,5.702448704805821,1.7661519413556532,-8.576546361122094,10.942760468441627,-8.123651493447353
-8.816977424620037,1.4701354900429124,6.042844711092115,-11.133821754982872,10.17299858338613,-4.752634186138782,-3.571484858516658,9.574548301348452,-11.413305337716405,7.062383896207126,0.21351225424554743,-7.9432028960351095,11.19512847644882,-9.483263199753432,2.5338714596876053,5.106433797423427,-10.786697592487597,10.58640871329809,-5.72263006232492,-2.523433476100139,8.965478950611319,-11.543691566811757,7.867901974447832,-0.8697496338679414,-7.116605213665638,11.032982287455132,-10.065560447035685,3.573346136905338,4.122588062977974,-10.343843622480412,10.90302064950093,-6.642513028500171,-1.454087405762086,8.274212670149131,-11.571529019981003,8.601110048073158,-1.9466131453514772,-6.227337754454679,10.770015189644829,-10.558623858483475,4.5791959795387305,3.1001699468439345,-9.809249054038313,11.119982365603763,-7.503996819378697,-0.37307926985484086,7.50697635620164,-11.496566938670803,9.25540341101589,-3.007377941073757,-5.283411000548644,10.40859597906483,-10.958011940580416,5.542360336461381,2.0483893464269625,-9.187729491512545,11.235339480013861,-8.299321226875954,0.7098532578964112,6.6706812397277835,-11.31948057801137,9.824888217450328,-4.042488698426823,-4.293327802615214,9.951980304062287,-11.26012702305539,6.454163065523622,0.9767206550986853,-8.48488355577673,11.248052860920138,-9.021322003722403,1.7849551689281271,5.772860630341156,-11.041865124148023,10.30443457329668,-5.042621185251604,-3.26600678653948,9.404281338547142,-11.462247666537989,7.3063906878598806,-0.10518258272091739,-7.70704245209548,11.158007986746762,-9.663495398686937,2.8425419925292545,4.821602056588488,-10.666221324874538,10.689722746080639,-5.998766252110688,-2.210702014833817,8.77043273070297,-11.562553177164816,8.091366374544767,-1.187574630267528,-6.861212938907236,10.966015977758532,-10.220056742082287,3.8730870331245506,3.8254744138486303,-10.19593296300706,10.977282076893813,-6.902310986311191,-1.1369196264500778,8.056144160900933,-11.560140007309347,8.802019099130254,-2.260705347599996,-5.9550142112516875,10.673806289524867,-10.685992553814806,4.86730718633062,2.7934507760984997,-9.635236375417561,11.164522243936373,-7.7451162966418625,-0.05433220589848941,7.267849909150285,-11.455029894699415,9.431947333140661,-3.3149080204335273,-4.9966092673965985,10.284011134060973,-11.057105704593193,5.816246560751153,1.7348275668608388,-8.989182292296777,11.249756596021848,-8.51959022994857
-9.472772198686803,-2.162036838535971,1.087647234277326,-11.119282343025343,4.022820806058134,-6.584368224137022,-5.744961655287441,3.5975205615212102,-11.317902745836255,1.8122024358689748,-3.0550803970679583,-8.85180746388548,4.749217144260032,-9.946281045789101,-1.4060723389083742,0.4221687433752814,-10.87259185657217,4.316618694743108,-7.27371451692697,-5.00014371032582,3.164673670838087,-11.410564236327472,2.384659406710731,-3.8249213675551097,-8.264369865479841,4.633984825219357,-10.36010182438258,-0.667349595048413,-0.27702021852400543,-10.5578691345828,4.541625078618284,-7.927447102911533,-4.240192284351326,2.6734119454368335,-11.43034745975558,2.905727877006256,-4.590215208185303,-7.63239478047631,4.447102181229149,-10.71050685510116,0.047477011069676445,-1.0036213880149907,-10.17794918548965,4.695813110077638,-8.539677187719425,-3.471952986372669,2.128160649325097,-11.37707420971437,3.3707140849013166,-5.344068185713755,-6.961575012634836,4.190252642923915,-10.99433970484534,0.7319683528293934,-1.7510895737319894,-9.7362543114783,4.777793870117782,-9.104889829683673,-2.702346082184431,1.5338313821881302,-11.251224369296269,3.7754294550937244,-6.079689625687179,-6.257953276908967,3.865749899643819,-11.209043619792796,1.3799585623405504,-2.512691615145658,-9.236763280540151,4.786828879659297,-9.617993618194062,-1.938304156918675,0.8957778359147914,-11.053931588326575,4.1162283293357165,-6.790453082540425,-5.527867766936024,3.476517057822643,-11.352684556524274,1.9856105723063697,-3.2815670345760664,-8.683975485904812,4.722836751733751,-10.074366536899324,-1.1867096666210353,0.21974756877660345,-10.78697307149571,4.390040806362648,-7.469956030326386,-4.777895060867281,3.0260603097739507,-11.423968603801745,2.543468696068774,-4.050789836074239,-8.082870415704747,4.586393924614007,-10.469897598627421,-0.4543329413914235,-0.4881697683240534,-10.452753569377547,4.594400395428756,-8.11207753638882,-4.01479087984144,2.5184373500648105,-11.422253638063664,3.048507772193749,-4.81343089448859,-7.438862797964685,4.378729469283344,-10.80102387697693,0.25222880145266385,-1.22159728716242,-10.054283716542189,4.72746623434722,-8.711033398453372,-3.245429232746086,1.9582208239817076,-11.347555107645904,3.4961784309043233,-5.562620372720553,-6.757753824970162,4.101714018018732,-11.064762601001755,0.926610884819044,-1.973928304917533,-9.595152911891573,4.7880396718957305,-9.261428248467125
-9.112771462209137,-0.6706565507901436,3.0819353591886554,-11.014088793033194,6.471344407285082,-5.777369883229604,-4.808060181464952,5.980226433598611,-11.243446878325377,3.918619765089085,-1.7019038837361438,-8.395708760732356,7.310154876579359,-9.659558604936278,0.20229792785177897,2.3134701344869857,-10.72922149424636,6.810609257512086,-6.573396593376223,-3.9479772527726418,5.480393925624755,-11.350448282705864,4.579667839135254,-2.5908822992038827,-7.717361718373257,7.177089674390098,-10.137420597405793,1.055342387009423,1.5060775439517735,-10.36579356895842,7.070436710552036,-7.328298164879275,-3.0704188473428164,4.913106541646217,-11.373293077007775,5.181374738133357,-3.4746098895660076,-6.987584749857257,6.961285835543082,-10.54205287981473,1.8807926397271009,0.6670305445145279,-9.927078759930145,7.2484862521399425,-8.035274477597202,-2.183289972680628,4.283474381458101,-11.31177547632918,5.71832031281137,-4.345126075571029,-6.212951654007881,6.664687311523609,-10.869810542366263,2.671213066447031,-0.19611276537031958,-9.417028990858539,7.343154019839043,-8.687957120010681,-1.2945818466564243,3.5971691438566413,-11.166449628510303,6.185667781057203,-5.1945892857166935,-5.400440291669726,6.2899658487862755,-11.117741158456921,3.419483594742392,-1.0755772287444698,-8.840238767622226,7.353587250563132,-9.280466755594011,-0.41229991296839524,2.8603730362258464,-10.938624622394203,6.579207297439558,-6.015347592780993,-4.557369729445687,5.840496921780177,-11.283611380005468,4.118863836616972,-1.9634406684167092,-8.201903791173956,7.279691962228894,-9.807466083619206,0.4556082715444079,2.0797230854854476,-10.630352695612043,6.8953938753098765,-6.800007642045677,-3.6913343098665594,5.320329326823943,-11.365927055354305,4.763053805623544,-2.851705249586999,-7.50777415489605,7.122133800342427,-10.264207917326512,1.3013246281421595,1.2622513520446412,-10.244410748116822,7.131379319886394,-7.541501250311188,-2.810135241887779,4.734148710726416,-11.363946688521585,5.346250666864595,-3.7323695239900774,-6.764102548011537,6.882332041893532,-10.646577946373682,2.1172309810947585,0.4153215853101136,-9.784275327990917,7.2850378846673305,-8.233149075778728,-1.9217103279426573,4.087235362686428,-11.277688118564566,5.863201008673622,-4.5975005065906815,-5.9775879316351475,6.562446810571716,-10.951131798363024,2.8959776818731147,-0.45343710864190195,-9.254091314853175,7.354985420061864,-8.868720785267259
-9.41313997116661,-0.7908596303258888,3.0418173460136315,-11.35503382303654,6.503560678000243,-6.006556696122038,-5.016560697085494,6.001961624447604,-11.589286700494146,3.8963576573194234,-1.8441150880758903,-8.680774243032475,7.3602724255866985,-9.971596244367023,0.10072480303240613,2.2569520996755847,-11.064087095131214,6.850065870021952,-6.819571624928264,-4.138122508862596,5.491462057403487,-11.69857165042823,4.571513334896059,-2.75206542937619,-7.987950415239163,7.2243674433725165,-10.459656417266554,0.9719743118621496,1.4323287281912849,-10.69290315740914,7.115438370143552,-7.590583752521594,-3.241835895084997,4.912068041827013,-11.721903981587747,5.1860614215564365,-3.65465288630967,-7.242599081496635,7.00395807715414,-10.872924065301644,1.8150407189211994,0.5753754026089,-10.244825618449847,7.297287714559909,-8.312647835580046,-2.335774566134637,4.268998733518041,-11.659073517360202,5.73446609517506,-4.543746990776571,-6.451434333825129,6.7010297648047885,-11.207676491681847,2.6223297191085506,-0.3061884792190706,-9.723890741009606,7.393975812377574,-8.979259552612906,-1.4281002825970879,3.5680468725118692,-11.510646231802903,6.2117873505807655,-5.4113388222025325,-5.621582949461489,6.318311271233833,-11.460898261278878,3.3865692886297807,-1.2044218286327395,-9.134791083544313,7.4046317014655205,-9.584414094603158,-0.5269893344829575,2.8155266023317114,-11.277959151373599,6.613725498906346,-6.249613151542679,-4.7605201931640835,5.859250107792258,-11.63030836353352,4.100875191067919,-2.111233399141249,-8.482833229848643,7.329159394043687,-10.122660256062256,0.35944111043521837,2.018216592461703,-10.963108311054945,6.936659898996227,-7.051018840520774,-3.8760024803562954,5.327981477242465,-11.714380759698523,4.758812990282092,-3.0184546720156757,-7.7738899875837815,7.168238741336731,-10.589149539249723,1.223206125710824,1.1832989763906736,-10.568929873363617,7.177681571982989,-7.8083368619515126,-2.975997507677772,4.7292910240335,-11.712358129328223,5.354456011525153,-3.917913437945941,-7.014347486283715,6.923319309503812,-10.979679829227257,2.0565249540904964,0.3182946552684311,-10.098974580323283,7.334619405240909,-8.514745328418552,-2.0686124803239374,4.068571725426478,-11.624258692187958,5.882438728668918,-4.8015074119440495,-6.211047651381783,6.596607322011119,-11.290733246325747,2.8518910962326163,-0.5690044500380902,-9.557475768535943,7.406059709673007,-9.163880943536157
-8.910154618551228,-0.6186165755893586,3.0670426351391793,-10.777559308689536,6.395996855773797,-5.634244568658838,-4.682223854427322,5.913638654643927,-11.002826473329609,3.8888036102347296,-1.6314701771506162,-8.205881728301692,7.219845972963691,-9.447189051616347,0.23876754502276232,2.3122840572040975,-10.497773014630457,6.729210445237259,-6.416073034588242,-3.837481701757943,5.422721355073827,-11.107919358747585,4.538060971890234,-2.504592425374523,-7.5396339495083415,7.08915417384422,-9.916527710402807,1.076596769057165,1.519292437180889,-10.140827332177864,6.984403514046663,-7.157509885956233,-2.975575771799532,4.865552331090507,-11.130356684349694,5.129035590940617,-3.372557504266222,-6.822873568866861,6.877199496800332,-10.31394281292245,1.8873239677267097,0.6952110086923079,-9.709937612334278,7.159277294266259,-7.851876292227798,-2.104270075246877,4.247150536747421,-11.069936335694127,5.656403994019419,-4.227546822584028,-6.062057132349908,6.58589122023715,-10.635854461417352,2.6636461460966867,-0.15253693901186505,-9.208985290737614,7.252256530577961,-8.492917431366072,-1.231413295478113,3.57308650819939,-10.92720257662316,6.1154156697549364,-5.061858674166657,-5.264038040942729,6.21785343629295,-10.879362889921454,3.3985702281411125,-1.0163149297184741,-8.64248292385992,7.262503670112013,-9.074858832994645,-0.3648680879617866,2.8494321845578643,-10.703441146558456,6.501935861168041,-5.867977614563398,-4.436004815509306,5.776401413132335,-11.042274585224723,4.085476050064381,-1.888342089291923,-8.015533540096515,7.189926407086341,-9.592458394572015,0.48755974620000775,2.0827062121306117,-10.400667678616902,6.812482811380663,-6.638642159826842,-3.585416342912241,5.265511731156819,-11.123122045943813,4.718175994445337,-2.760763235446529,-7.333784671911759,7.035178514293067,-10.041053602021014,1.3181915745822987,1.2798152247428174,-10.021609542876183,7.044259127128841,-7.366910197641686,-2.719934686688198,4.68978646214333,-11.12117700170966,5.290970728022746,-3.6257196368825726,-6.603377483114434,6.799653953941638,-10.416603529450294,2.1195451022214566,0.4479916290822584,-9.569681278345262,7.195176977558093,-8.046221521565851,-1.8473560675169356,4.054411713984187,-11.036456973395108,5.79870054103843,-4.4754198043933435,-5.830891449524749,6.485474320909292,-10.715725239637457,2.884401771798519,-0.4052715444992322,-9.0489538349465,7.2638769013118765,-8.670456925081423
-9.096155207458295,-0.7147307520124612,3.0108837338862933,-10.98380394729915,6.375926283449243,-5.784731866728997,-4.822390542959263,5.8883389622204065,-11.211513174820077,3.841553206487125,-1.738564436658918,-8.384247477546175,7.2087065351510455,-9.63901149146572,0.1519480473821998,2.247943014048159,-10.700984562623484,6.712752154975768,-6.575035932193265,-3.9684907598015458,5.392099755586021,-11.317745344939983,4.497848998734834,-2.621151976623166,-7.710777079457,7.076597940148461,-10.113438128870833,0.9988599606393341,1.4463547776331052,-10.340169324645599,6.970711705628131,-7.3245105080832404,-3.0972411312987647,4.828890606784655,-11.340425907767038,5.0952302202877044,-3.4985264397206293,-6.986246485509776,6.8623455174474985,-10.515161505397947,1.8183760425069047,0.6133396962061054,-9.904608441153933,7.147481247123861,-8.02640436039506,-2.2164898357710876,4.203784879048375,-11.279350557789213,5.628315687385816,-4.362784475390693,-6.217182235416741,6.567879243445067,-10.84056291454643,2.6031141281770522,-0.24359846703044907,-9.398225425423018,7.241468447210711,-8.674394860189128,-1.3341706421366222,3.522413497269047,-11.135069459071879,6.092303389596318,-5.206140885273968,-5.410512026104942,6.195851657381419,-11.086711154739803,3.3460053315011193,-1.1167404508062482,-8.825581753378723,7.251826673325579,-9.262644937554008,-0.4582314428716915,2.790914224874514,-10.90888228940415,6.483013746112534,-6.020998751936525,-4.5735023073278125,5.749613967383106,-11.25138893346048,4.040357721205555,-1.9982210305481256,-8.191835774023097,7.178462619023372,-9.78585566167473,0.4034373402572621,2.0158763751257474,-10.602826532858531,6.7969272552335065,-6.8000178715676425,-3.7136928258050443,5.233185862927958,-11.3331128405234,4.679916601514264,-2.8800998679774596,-7.502696243254559,7.022037144477406,-10.239313973368825,1.2430738327635595,1.2042814548731375,-10.219659126224036,7.03121619788075,-7.5361808742137075,-2.8388287075159933,4.651219305658921,-11.331146710569392,5.258920854172959,-3.754433037327644,-6.764370899645266,6.783959323479743,-10.618935140115866,2.053114626065328,0.363440275448743,-9.762831624641038,7.183770109567221,-8.222856435936805,-1.9567906899458911,4.008956624718308,-11.24550825441054,5.772154834348787,-4.6133445838791705,-5.983510545405593,6.466373750567187,-10.921299551148818,2.8262629083367403,-0.4990729027978086,-9.236459110143699,7.253214791368568,-8.853859013488936
-8.99136714414903,-0.7118678747267259,2.9684399987285492,-10.856060484227218,6.292560794517478,-5.72021350241907,-4.76957506029729,5.810902946098804,-11.081000575606943,3.7890078303769426,-1.7232508787854761,-8.288116812294795,7.115213736413815,-9.527621838173081,0.14427137994966852,2.214777281121157,-10.576680421655734,6.625290579538025,-6.500906804305405,-3.926059418249055,5.320698426493721,-11.185940872995822,4.437322512603688,-2.5951054103367635,-7.622836381909973,6.984711693279892,-9.996279047776383,0.9808841304853401,1.4229370333141493,-10.220253001100355,6.880113124622114,-7.241267137625567,-3.065404919599217,4.7643383756669175,-11.208345621061609,5.027439074973935,-3.4618102604300307,-6.907116690687026,6.7730647606308745,-10.39311712943504,1.7904342060329044,0.6000521174200136,-9.789988905083234,7.054732999495415,-7.934625369071753,-2.195364302204394,4.146834460477252,-11.148012998819508,5.55404177345804,-4.315558189909162,-6.147404910114115,6.482179444723919,-10.71456138316966,2.5656292151309423,-0.24646495544427208,-9.289763933650384,7.147577236008044,-8.57473575820157,-1.3237748536653338,3.473749129023631,-11.005486479876128,6.012386994117606,-5.148658674988913,-5.350544490484347,6.114676027686312,-10.957716253285612,3.299486235244679,-1.1089887967319565,-8.72408409133558,7.1578094973624795,-9.155832218793726,-0.45848781338662137,2.751145504357146,-10.782049936843176,6.3983459833715,-5.953607183154733,-4.523713515397309,5.673864964129074,-11.120391411411276,3.9853947146254325,-1.9797498296302254,-8.098044997269067,7.085337611798644,-9.672680259498403,0.39270235104476525,1.9855327681354233,-10.479716076269453,6.708442039626008,-6.723152773661252,-3.6743600418973847,5.163717060717816,-11.201121486879787,4.617176019869784,-2.850904277066783,-7.417285984065666,6.930814402873119,-10.12062413590539,1.2221281560783344,1.1838075262008911,-10.101208308268816,6.939881831250113,-7.450363413688385,-2.8101350087037065,4.588827707320797,-11.199179266723258,5.189139092777428,-3.7146048181082247,-6.687939298964041,6.695631808852952,-10.495628789284707,2.0223181705557125,0.35319168425757097,-9.649936214161842,7.090580558783835,-8.128688421786801,-1.9388233168910651,3.954375481939238,-11.114582246375365,5.696131715152906,-4.56307127628302,-5.916574864813771,6.381908344197719,-10.794316194218604,2.7860643180333082,-0.4988326067350476,-9.129964833116581,7.159180734720025,-8.752017476128145
-8.688598176157624,-0.6413759465930337,2.9356828062580127,-10.500978515753358,6.166547124396553,-5.509215046157394,-4.585246270415862,5.698401936057225,-10.719608030023188,3.7332300347593423,-1.6243851272235035,-8.005077166095267,6.966120966463793,-9.209808524034107,0.19074476718963101,2.2031637036689182,-10.229436315330014,6.489942348591358,-6.268006404061608,-3.7653950203837288,5.221949848940328,-10.821604282024044,4.363356586232811,-2.4717802339731985,-7.358460831692163,6.8392800901816475,-9.665317799709007,1.003886782735408,1.433538121606261,-9.88300828042305,6.737615979890316,-6.987596313826472,-2.928885735445657,4.68119818957488,-10.843380476551735,4.936917735791486,-3.314170130896112,-6.662820283643866,6.633570801997701,-10.05102279566876,1.7907253525450293,0.6337388134509127,-9.464815019528656,6.907336985119935,-7.6615027412057035,-2.083253654435492,4.081018025116192,-10.784740454604076,5.448746869835928,-4.143966606864468,-5.9244218214002675,6.350846122129022,-10.363449098280116,2.544172669401488,-0.18902966381893765,-8.978623599141152,6.997576524932528,-8.283655166752098,-1.2361161939321765,3.4268157520788107,-10.646212442918694,5.8942334540461925,-4.9536948917324235,-5.149916905820721,5.993652822052519,-10.599782385155388,3.2574417130248654,-1.0273558479607474,-8.428813610183942,7.007521725523853,-8.848449268790203,-0.39510433090789693,2.72448439575443,-10.429044295729849,6.269364564872527,-5.7360609887365985,-4.3462822431079315,5.565208483299248,-10.757893776444647,3.924107387252865,-1.8736881335926179,-7.82033771684649,6.9370830009645505,-9.350797406898772,0.4322061367789885,1.9803505260993979,-10.135192254152376,6.570761037773687,-6.484017378497783,-3.520756938945016,5.069372513621905,-10.836359011691895,4.5381643970242305,-2.720402796722802,-7.158677043204195,6.786894860186331,-9.78617445115222,1.2383628328356013,1.2011172682711417,-9.767303324447798,6.795707906582729,-7.190826502766303,-2.6807772889501167,4.510611381619379,-10.834471279510305,5.094081343812443,-3.559872668919628,-6.449791799493247,6.5583101913531205,-10.150658544291678,2.0161039332134343,0.39380392117048185,-9.32869143390853,6.942178859802711,-7.85012145604915,-1.8339097928529218,3.893958382984182,-10.752247584508277,5.586850552220122,-4.384535842510385,-5.700067592799442,6.253388075104686,-10.440966429643147,2.758423580299396,-0.4343172720913934,-8.823307579145926,7.008854493531503,-8.455963338414476
-9.002223343136674,-0.8169294556470729,2.8215033239689875,-10.84569992329096,6.107801775801172,-5.768289377156648,-4.828467441517421,5.631624302474589,-11.068080612642754,3.632734612009286,-1.816804792505528,-8.306974698818216,6.9210944493929185,-9.532376450987472,0.029468518445816695,2.076415893568014,-10.569498688888002,6.436745711525966,-6.540099833802799,-3.994549446698752,5.146997403265595,-11.171826883620861,4.273672672744284,-2.6787392327008215,-7.64926392874706,6.792077278038843,-9.995701208713008,0.8565621638847524,1.2935853226203105,-10.217126752872456,6.688668847551182,-7.272036236436013,-3.1436876037541737,4.59696770037104,-11.193976707109698,4.857074800541388,-3.5355825852845113,-6.941687803297157,6.582838495868047,-10.388024007281281,1.6569010575022383,0.4800633144656274,-9.791758266140178,6.861301871351714,-7.957505334145476,-2.28354643872857,3.9864898371541324,-11.134330558473835,5.37768573470217,-4.379616443036157,-6.1906201370744895,6.29526291662413,-10.705810820184304,2.4232757817583996,-0.3568219604400234,-9.29722492930414,6.953089712244712,-8.590332451458384,-1.4218740653913133,3.3210629713467457,-10.99342572759584,5.83081583483763,-5.203237786101232,-5.4028265145704255,5.931941008472145,-10.946199037793544,3.1487828668562434,-1.209531876362118,-8.737981476904086,6.963205549397931,-9.16481710954553,-0.5664323905698961,2.606681238878388,-10.772531478992683,6.212383324942864,-5.999027469659389,-4.58540334607497,5.496145559175052,-11.10702325362143,3.8268869768943263,-2.0703852598957395,-8.119065549353106,6.891558259795368,-9.67578437588314,0.27507280476755475,1.8497797589635134,-10.473637618336795,6.518951061855266,-6.7598170552543495,-3.7457139435246543,4.991802194965884,-11.186834770207877,4.451479779884887,-2.931627581638147,-7.446052314095459,6.738793239069467,-10.118631479817765,1.095061278846024,1.0571766668310183,-10.09943656837413,6.747757496889212,-7.478753383773022,-2.8913221921127006,4.423454018679156,-11.184914648922994,5.016934971339645,-3.7855008086480764,-6.725004244742869,6.506286587805335,-10.489369274121604,1.886146611569161,0.23601169626087706,-9.653299115698665,6.896741551745014,-8.14936030840008,-2.0299244151442553,3.796220685680482,-11.101280186134792,5.518158955772933,-4.624313288466397,-5.962416510579371,6.196132715687932,-10.784658169055724,2.6412027410660217,-0.6063181348209444,-9.139244046854357,6.964561184611584,-8.765597031463512
-8.540510234205774,-0.6859429170582515,2.8054790879707445,-10.309501194754855,5.9589947428704795,-5.437243279573505,-4.535394822929489,5.502057207021054,-10.52289659857988,3.5839325985316277,-1.6454183189266811,-7.873353091894577,6.7394263487573225,-9.049242520577744,0.12625637058990763,2.0904968943332465,-10.044459863494525,6.274647708082493,-6.177868756328968,-3.735171261342405,5.0370116441054185,-10.622451004383933,4.1989735748684,-2.4725263221993856,-7.242217107072749,6.615622112599428,-9.493846654440114,0.9199313204428695,1.3392965706860298,-9.706325505687547,6.516391896850265,-6.880231289107444,-2.9186884673385247,4.509205875955909,-10.64370586487488,4.7588033560266725,-3.2947489431128876,-6.563230575160061,6.414837617563715,-9.870317661316973,1.6879325434726151,0.5586448964928462,-9.298144020751694,6.682049688157728,-7.538004027116564,-2.09330128200249,3.9233943537093685,-10.5864697172046,5.258379019969396,-4.104679636474377,-5.842509776961804,6.138881521547254,-10.175264306942438,2.4233419184531106,-0.2444260523123873,-8.823592289543962,6.770128843909432,-8.14526178247312,-1.2664447567837602,3.284854041783489,-10.451258142073005,5.693200411096181,-4.895022582233673,-5.0865469337174,5.790239624921418,-10.40593964534986,3.1195349100912173,-1.0626822479568727,-8.286945053179744,6.779835950945713,-8.696534404035381,-0.4455671788817927,2.5993368832133763,-10.239289119399789,6.059350677447305,-5.658658405909161,-4.302151725457782,5.372052478551235,-10.560265763240174,3.7702402425496038,-1.8887528746320499,-7.6930364063522925,6.711083568073472,-9.186856052283312,0.36193702259954713,1.8730179864018044,-9.952472056814905,6.353531553533425,-6.388708309599682,-3.4963899497068542,4.888087093851712,-10.636852497733608,4.3695963908234505,-2.715196724478578,-7.047216252021376,6.564491013732694,-9.611809931382838,1.1487938853419226,1.1124400000146426,-9.593390589798641,6.573093070966226,-7.078596035894221,-2.6765198730883872,4.342703009714538,-10.635009958895479,4.91220438109979,-3.5345692276589658,-6.355302109722186,6.341378787202884,-9.967568075488202,1.9079154373461609,0.3244541770884009,-9.16527930840702,6.716057429257016,-7.722107106508204,-1.849926849179876,3.7408130219736213,-10.554754744234534,5.393176424475935,-4.339489512716333,-5.6235267116056935,6.043756673604313,-10.25092583089037,2.632463545071695,-0.4838413407531476,-8.671994620226219,6.781136811756514,-8.313444802030414
-8.542382280693067,-0.744877963130054,2.721179053048776,-10.298521619202262,5.851784590148331,-5.461660389817042,-4.566363812611938,5.398166680366839,-10.51036671715452,3.4939771416677385,-1.6973828289718038,-7.88007199832938,6.626546403339501,-9.047418654983094,0.06142074136154868,2.0113911657264585,-10.035405798637166,6.165144353927926,-6.196905263215766,-3.7719538311902023,4.936499647889856,-10.609197865675563,4.104549879136592,-2.518481938088868,-7.253521181726943,6.503641598148477,-9.488792764264675,0.8493296863532583,1.2656482711170693,-9.69972796834341,6.40513228445941,-6.8941651708211635,-2.9614027397809752,4.412528359618425,-10.630298310773988,4.660312527723488,-3.334731156880888,-6.5794674496266445,6.304315791426736,-9.862528729981202,1.6117514227351557,0.49066798840370446,-9.294511899447022,6.5695865810236365,-7.5471592260639175,-2.1420119469529104,3.8309727258633584,-10.573477980568741,5.156258801942639,-4.138777748298548,-5.863982648390097,6.030364501271184,-10.165259954997229,2.3418180890514404,-0.30656869412463855,-8.823407760467775,6.65702584655286,-8.150005287224927,-1.3211624889155895,3.1970713741860703,-10.439248710094299,5.587921239576585,-4.923378896023084,-5.113511833626471,5.684255468850211,-10.394259449757483,3.0329532768935477,-1.1188803035090813,-8.290659236761966,6.666662431990379,-8.697272943509661,-0.506248541471597,2.5165344600718496,-10.228819630713225,5.9514114443796915,-5.6814669474369515,-4.334815213415784,5.269106429099534,-10.547464396888738,3.6789312708982114,-1.938949572512548,-7.701065303590753,6.59840953139856,-9.184032431949099,0.29538918639597306,1.7954922301005358,-9.944086278314055,6.243455112579999,-6.406213078727429,-3.534907252651521,4.7886570263033965,-10.623494732968087,4.273933129717405,-2.75938935324155,-7.059936997163133,6.452881963902976,-9.60589904448799,1.0765295773049854,1.040439800955268,-9.5876135184074,6.461421527663789,-7.091088808631924,-2.7209934870496135,4.247235127543203,-10.621665580073282,4.812599102785986,-3.5728091602490415,-6.373049573054814,6.231390635428487,-9.959072625241921,1.8301361529830253,0.25817865169603543,-9.162612441930422,6.603347257754156,-7.729924806708823,-1.900405615999984,3.6497178374613175,-10.541993415133085,5.2900769107188355,-4.371881743703352,-5.646590482960473,5.935930730117005,-10.240371802134808,2.54942045855362,-0.5442446436619045,-8.672911439880268,6.667953842118934,-8.316966466394632
-8.59360873434493,-0.8334179345978691,2.6160529054203385,-10.341344392160142,5.7316775075019875,-5.527629069504264,-4.636616768834776,5.280230302508708,-10.552175744493963,3.3851529114126775,-1.7813647641970087,-7.934467815602498,6.5027318410250095,-9.096228350274549,-0.030977623747328403,1.9096615770354122,-10.079487663794096,6.04353774596522,-6.259355564257033,-3.846008289764015,4.8207724924110655,-10.650533954793888,3.992803865732763,-2.5985346550682165,-7.3109152422976305,6.380415174096103,-9.53549034521551,0.7531609284034221,1.167487297414982,-9.74541615780501,6.2823772585469575,-6.953278863259833,-3.0393359410086287,4.299308572036302,-10.67153342760656,4.545907014735573,-3.4108778638694446,-6.640087069929948,6.1820432042351525,-9.907437866444251,1.5119342362772796,0.3962155398153381,-9.342139175620254,6.446044589426417,-7.60314813596683,-2.2238661915941025,3.7205358654355303,-10.614985000604836,5.039480029590549,-4.211076838717513,-5.9280260891609124,5.909402857418601,-10.208720427054585,2.23850730330192,-0.3972061137055761,-8.873289418551819,6.533065430488118,-8.203109388562517,-1.40694475714347,3.089667931684807,-10.481398059531093,5.469076826296173,-4.991923422454428,-5.181146513975567,5.564950065894915,-10.43662408699647,2.926335191257489,-1.205630555802327,-8.343090264582932,6.542655901824534,-8.747758196481005,-0.595930429995671,2.4123876013742036,-10.271975949672923,5.830827615809407,-5.746383783409853,-4.4061762027258125,5.151787645254674,-10.589095900128504,3.5692219767925755,-2.021775534669735,-7.756317724364337,6.474729612891845,-9.232188387224118,0.20187120847425097,1.6947957859199425,-9.988605136181697,6.12147376293468,-6.4676617758471036,-3.6100960538779683,4.673637344404596,-10.664762407066592,4.161376564029044,-2.8382892522471996,-7.118257419121442,6.329898440712159,-9.652036234947776,0.9792735962086719,0.9433565208230014,-9.633838210877496,6.338397139966644,-7.149260159345782,-2.8000771223866403,4.134806320216902,-10.662942007245379,4.697464850498892,-3.6478165888918,-6.434656968010278,6.109467018111977,-10.003519768712199,1.7292739267033062,0.16483873792059986,-9.210870898614434,6.479643710669261,-7.785039125656501,-1.9834160231474476,3.5401483388498063,-10.583651098746326,5.172657776504468,-4.443065357973633,-5.711674213817379,5.815420981647722,-10.28347284031022,2.4451162299796314,-0.6337447088514495,-8.723513270331107,6.543941132148258,-8.369271605823412
-8.166588511687783,-0.7297800467657061,2.5759445938430576,-9.841492604884817,5.5617350224798745,-5.228374218617924,-4.374492143942065,5.129100505855767,-10.043538202237686,3.3129946977041445,-1.6382240771481416,-7.534915284756298,6.300658013219458,-8.64826298475655,0.03922100621388378,1.8989899742927496,-9.590547958759249,5.860599434596082,-5.929608238580748,-3.6168298671609,4.6887892017161725,-10.137797633459003,3.8953236477800774,-2.421340899727882,-6.937347367273041,6.183438521135887,-9.06922007287376,0.7906829705893619,1.1877435491006556,-9.270397866095307,6.0894860373563695,-6.594614395929209,-2.843773133576699,4.1890557032407365,-10.157922017150351,4.425377906318825,-3.199832177523764,-6.294473917443071,5.993333099409234,-9.425667813111135,1.5178367100485983,0.4486121947711579,-8.883926224841643,6.246333030313711,-7.217402344457185,-2.062285604232511,3.634401587796208,-10.103730073748888,4.898382767881024,-3.9666852953576766,-5.6120859110171875,5.732054209314068,-9.714395339907687,2.214132055700325,-0.3117460259763425,-8.434614354538551,6.329727542656546,-7.792362037725849,-1.279406884408152,3.0298231552506816,-9.975709961896403,5.310077425485053,-4.714992474084449,-4.896330269133121,5.401955439596591,-9.932801808405571,2.873296809706653,-1.0864818397440905,-7.926509636744902,6.3389183602869075,-8.314314264115687,-0.502189111167006,2.3807664215240716,-9.775014881127788,5.656753351769227,-5.438012995562392,-4.153654487120993,5.006010305450513,-10.078919822746055,3.4893932449656577,-1.868616460408653,-7.364189056402507,6.273822692723961,-8.778557300936333,0.2623665719864545,1.6930780611163632,-9.503452683900358,5.935287705242686,-6.129233922745547,-3.3907485557486567,4.5477854632233345,-10.151433158284995,4.056871591895753,-2.6511044537197193,-6.7527179725580515,6.135026918877063,-9.180909267338032,1.0073730810973414,0.9729527405211653,-9.163469590538446,6.143171460704391,-6.782428767934842,-2.6144846980793077,4.031408582132695,-10.14968861808627,4.570620030515908,-3.426897202261497,-6.097604489831085,5.923781304970088,-9.517745794510171,1.7261194303106444,0.22687731694141863,-8.758128153788489,6.278532010431686,-7.391713580704274,-1.8318554647887348,3.46153116240373,-10.073701916891201,5.026010737494989,-4.189006399089415,-5.404749841650311,5.641988742198894,-9.786032673836509,2.4121311841361037,-0.5384275950324737,-8.291079671477984,6.340150032548262,-7.951599950267422
12.274931370681244,21.25002385146315,25.23952882599715,10.253577828528257,28.84292204926604,15.82090746150605,16.85141276819046,28.320798235617378,10.009739637706193,26.12903577999835,20.15367059391263,13.037264521532858,29.73468929180631,11.693623816262551,22.178090723275854,24.422547947114158,10.556429706071892,29.203605768714976,14.9746250529268,17.76579546815986,27.789409711410176,9.895982894287616,26.831817921802898,19.208568143168943,13.758437770549254,29.593223260112378,11.185592876093349,23.084990592738965,23.56418209396166,10.942801992374939,29.479836955396085,14.172064143815852,18.69875692730403,27.186307670297072,9.871695835450414,27.471512491409836,18.26904801882306,14.534287880563312,29.36379503843064,10.755414870530092,23.962554145730298,22.67216338837807,11.409214262882106,29.66912733093348,13.420454167531009,19.64189306984758,26.516924828928833,9.937097237951978,28.042357148281692,17.343573376817815,15.357826027920034,29.048471306087524,10.406964824119807,24.80287632837612,21.754527095616144,11.951465096382034,29.769771775952744,12.72656559366919,20.586708166915354,25.7872909584888,10.091597968836158,28.53920974886547,16.44048085200904,16.221633817222596,28.650092485390307,10.14338155954933,25.598387555427824,20.819539243026316,12.56466992122451,29.78086368972134,12.096648939973594,21.52469136568256,25.00397856877922,10.333806292316918,28.95759466679596,15.567905462125616,17.11793010591096,28.17224715522772,9.967039423268726,26.34192189675331,19.87562216004692,13.24330501532772,29.702303156768064,11.53637846794551,22.44739335476513,24.174043703342132,10.661540406473112,29.29374310914061,14.733707327887984,18.038641096452185,27.619239725309495,9.879526897482737,27.0267816277202,18.931278610230642,13.981257263622641,29.534797846917296,11.050801069345997,23.34650247524249,23.304962378929897,11.071848096824187,29.544627065520768,13.945400869385509,18.975473064753245,26.996051662232926,9.8816322911733,27.646797562004654,17.995015198724936,14.771879224725314,29.27985664063002,10.644290804017142,24.213919591716714,22.404563241873877,11.561033329748156,29.707986584295828,13.210087116512241,19.919987069662465,26.308296616650967,9.973336639046732,28.19638462335016,17.07526574514577,15.608049010795934,28.939776037075777,10.320509498542911,25.041831048967264,21.480957047985658,12.124689546190666,29.782350130108203,12.534389743202098
12.513950070727594,21.306907871886132,25.215452431588922,10.533616560467754,28.745720740358884,15.987966432932621,16.997559336286923,28.234192567226046,10.294726663032124,26.086908310970372,20.232803293081325,13.260812929268136,29.619391039456346,11.944439193102307,22.216141159228414,24.415050830407232,10.830322559313442,29.099084979387115,15.15885792820868,17.893386149454187,27.713587695534883,10.183278424853127,26.775428649844564,19.306880135748383,13.967351158206041,29.480795827245935,11.4467179018559,23.104636993576698,23.57410409466197,11.208854058155874,29.36971051032753,14.372583667326952,18.8074146965614,27.12272461432927,10.15948423176519,27.40214167461042,18.386426020718154,14.727456671545943,29.256023472424857,11.025269648480938,23.964391843547368,22.700187435548372,11.665801261908227,29.555159550304523,13.636226374234562,19.731411448671796,26.466925792247636,10.223558420812738,27.961401981915216,17.479732358160433,15.534282472266947,28.947098714475693,10.683890820300837,24.787661075279942,21.80117305588103,12.197048010264021,29.653761582525398,12.956419123029336,20.657053083697114,25.752098636225256,10.374923814520011,28.448171779517168,16.594966604694513,16.380560709055406,28.556804334025955,10.425656542779736,25.567028715757345,20.885159237636564,12.79780885588786,29.664628404222242,12.339285587519532,21.576001462515073,24.984682277832377,10.612216920080316,28.858066266496706,15.740098691299382,17.25866814478906,28.088656085682302,10.252892978927699,26.295474255565047,19.960397392986756,13.462672171515214,29.587662127543332,11.790384879440262,22.47997873856218,24.17158956986033,10.933300211639272,29.187393131349715,14.922829230526352,18.160694826322104,27.546871028268114,10.167156375326487,26.96643588933086,19.035217735940215,14.185648897651634,29.42355606132267,11.314661472219187,23.360841924309035,23.320144815648057,11.335281385033655,29.433185812167437,14.150520149719073,19.078515336994975,26.93632953774292,10.169219043529141,27.573869624179032,18.1179542441415,14.960226491757867,29.173788465784178,10.916400661377603,24.210656242934967,22.438017792078554,11.814539411539878,29.593230219295542,13.430128375097171,20.00386199002985,26.26253134499057,10.259062403111278,28.112303723751978,17.216869586765842,15.779427592946094,28.840609236439406,10.599189962776434,25.02176660444799,21.533154660569046,12.366757155942205,29.666084679756302,12.768143164071008
12.709749764328327,21.306328968489016,25.127581570889692,10.773644274391911,28.579006201209285,16.106178757802034,17.093223794740606,28.07890230500764,10.54008965365796,25.97957468395195,20.256213035482883,13.439932469998046,29.433164277974367,12.152958127446846,22.195255783157396,24.34505583662666,11.063723753573592,28.92447853684632,15.295587249133193,17.96904355036238,27.569924425803517,10.431130458318288,26.652717869744077,19.35096909607373,14.130691141105492,29.297664398863457,11.666352755448687,23.063908287271023,23.522890487514896,11.43380127295392,29.189060019438084,14.526873340490061,18.86265852927605,26.992257457388266,10.407867675747832,27.265434122626456,18.45107205544305,14.873820745126194,29.0779120248818,11.254316968114908,23.904461697291975,22.668491552845186,11.880543190521093,29.370367310630552,13.806961572939434,19.766019087068976,26.351104998396902,10.470510856068456,27.81220412155167,17.564628146538926,15.662627203283497,28.77588667574545,10.92056236568896,24.709344345086006,21.789555420629082,12.399925274737589,29.466767202321872,13.142336880008637,20.670987791583347,25.65224252197041,10.618495712268048,28.288102586426273,16.69962241709069,16.490004981708736,28.394308982510875,10.66809539494484,25.47130588317516,20.89399950887358,12.98726895464055,29.477391328529105,12.538986171688991,21.569412724545355,24.901965350547645,10.850489203273055,28.68884264481756,15.863846800650391,17.348501097777007,27.93661618024984,10.499190267246922,26.183482595549396,19.98989094582892,13.637283464203916,29.402143987590836,12.002344404614709,22.45320091368877,24.107031947877818,11.164401541923821,29.01081444791137,15.064829927198394,18.230382256247182,27.406931145587425,10.41536847255385,26.839459225718247,19.085373901651714,14.344113501324943,29.241703004243536,11.537245624212245,23.314391233890742,23.27460303907667,11.557405019685417,29.251117687871666,14.309769305574855,19.127704510445078,26.8100252580106,10.417385073904269,27.43332676505904,18.188596226078918,15.101391972128608,28.997513623805876,11.147879419831979,24.145226120637854,22.412177107128425,12.025959478521512,29.407587723685825,13.605466488637978,20.032384820985314,26.151275419491785,10.505221905841983,27.959735680906437,17.307636052954553,15.902297345468662,28.671775493473195,10.837753185111188,24.938221449825424,21.527522846883773,12.565844200483005,29.47881508015566,12.958265805175165
12.891891838488188,21.284405863896065,25.01494975800134,11.00174552644162,28.384444638427258,16.207696565819035,17.171311175710244,27.89621218417359,10.77373501392755,25.84671830001223,20.25921753179848,13.604741502628716,29.218326752337962,12.34831729438395,22.152231377101916,24.250999581532707,11.284939113064656,28.72171616857508,15.416346838931478,18.026340764599222,27.399316397094058,10.667362286663806,26.503882445621908,19.375462228964796,14.279102978020642,29.086043362762613,11.873262937023195,23.00026385035022,23.44835075346337,11.646231750301606,28.980017028810263,14.665880623638408,18.89874315463568,26.835362059059992,10.644651714893808,27.102054069914264,18.496926900486617,15.004592207669223,28.871507459939185,11.471008035155364,23.82086424443383,22.61423349912125,12.082368929972507,29.157020456348636,13.96305808658779,19.780659783474285,26.209429245935272,10.705807874448826,27.635844869216296,17.631525353948827,15.774674016514002,28.57665157384105,11.145176083237967,24.606640627108167,21.756161510033866,12.589421947552196,29.25113201210276,13.314210222270496,20.664146384925726,25.527156332960555,10.850279873334376,28.100446479493687,16.787053088406402,16.582411541503465,28.204131753317096,10.8987021611578,25.350514759290835,20.881864260924903,13.16282329176764,29.261503943319173,12.72518182369986,21.541244550555422,24.794689204517024,11.076766314141025,28.4916737898829,15.971117072871959,17.420528718551516,27.757303640520224,10.733806495160561,26.045785855528376,19.999217382946828,13.7974077885392,29.188042820097802,12.201278832774033,22.40405341867893,24.01862589227036,11.383227016975017,28.806002641985234,15.191067223073809,18.281475825003085,27.24019224343085,10.65197445815031,26.686190944376666,19.116171720341452,14.48745912864047,29.031410377004537,11.747220544584398,23.24480084497409,23.20595714039202,11.766901397308985,29.040601575330914,14.453930193737566,19.15749748720351,26.65745567876191,10.653943189516017,27.265961284972118,18.24068170958523,15.226761359960943,28.793017552195007,11.367097096213257,24.055913413616334,22.364003433242086,12.22433333320578,29.19335733305032,13.766346082790715,20.040702540562936,26.0143432118485,10.739694955012215,27.779874331595455,17.380633726174153,16.00865488052872,28.475011777746484,11.064332622958425,24.830084658274732,21.500349052770996,12.75140229791354,29.262893897998904,13.134508617652681
13.078133140269111,21.25846577382723,24.894693233856668,11.235773924446102,28.178999801055472,16.31010696067301,17.249359253323583,27.70311094746498,11.013528024032185,25.705432820014,20.25919647940466,13.772960381872236,28.991799523321372,12.54830136775786,22.10435073087586,24.150057414356194,11.511807748310241,28.507744357941004,15.538764312234486,18.082771795438024,27.218777789341164,10.909844635535984,26.345982396655774,19.397784473185332,14.43027250160919,28.862860551596707,12.085257439506185,22.930943059971543,23.367701331105724,11.863966105353926,28.759514798819755,14.807271549427165,18.933117915707097,26.669081469348118,10.887708237453785,26.92903091392405,18.541460468777785,15.137419752435596,28.65374859281734,11.693172434846547,23.73079685378234,22.554672413280695,12.28907676859127,28.932043186637774,14.122217926873839,19.792737733693084,26.058973627750543,10.947318233485541,27.449326296428485,17.697938195136942,15.888032183029212,28.366347318307344,11.37557823824986,24.496707064526102,21.71829438960113,12.783310359872006,29.023775393268554,13.489774377465379,20.653887831897816,25.39395008914185,11.088137659409751,27.90218174625552,16.874816063790163,16.675348309641183,28.0032456261024,11.135335724265447,25.22177440672311,20.866101316504835,13.34221484475116,29.033885099030822,12.915637924868188,21.508811008125203,24.680001356297883,11.308898020033519,28.28351796143814,16.079508722680604,17.492276023243495,27.567714320269896,10.97460898688904,25.899467505656627,20.00576971169928,13.960755636220158,28.962281236139884,12.404980364986306,22.34980615201965,23.92355864799153,11.607610715741432,28.589899882128062,15.319180265344984,18.331456474935493,27.063676647650173,10.894845845499118,26.523681731708844,19.14504940442739,14.633360946044062,28.809608809042277,11.962401678651053,23.169297616327096,23.13143596685722,11.981584955713421,28.81856763346403,14.600679697073337,19.18533036413089,26.495672957421345,10.896764802963935,27.088794190595866,18.291693725347045,15.35397197518551,28.577243084243765,11.591888595196304,23.959903457993338,22.310768719153803,12.427451996449927,28.967461386403,13.93047923937184,20.04620603240461,25.868819801833776,10.980348573399118,27.589714374151935,17.453389664868393,16.116097491199458,28.26727720196993,11.296778680175558,24.714501934381776,21.468949439341547,12.941195487265842,29.035239912569576,13.314616028476332
13.2642597426075,21.226260834146768,24.76543806602012,11.471072748326332,27.96208710761446,16.409972788592693,17.324156613910052,27.49889963817157,11.254758549264718,25.5545391648505,20.253661849565677,13.94054217559568,28.753193357907495,12.748569080621316,22.049569280518387,24.040676436726418,11.739739281260714,28.282057534003062,15.659217130610717,18.13532553176022,27.02749324109781,11.153842450939486,26.17799259356377,19.4152407680503,14.580310758276315,28.627695743128083,12.297883707871762,22.854100015554675,23.279201290439698,12.082498597877514,28.527108269088142,14.947247772294826,18.96297607374358,26.492468212672282,11.132296869165682,26.74547965538159,18.581771890533698,15.26858438175486,28.424164943264866,11.916263378367095,23.632605861792296,22.487871961773973,12.496263137333472,28.695031906629897,14.280478102299138,19.799652800193055,25.898644034810747,11.190315885595954,27.25188845181965,17.760763067993327,15.999163107513818,28.144434354807967,11.607145711244865,24.378074072821565,21.673816710504855,12.97730572686213,28.784315797889693,13.664914352474344,20.63781896396956,25.251369849580133,11.327376867483046,27.69265727472069,16.959609911779605,16.765465914536026,27.791023778590596,11.373315224849833,25.083789503796776,20.84436851051844,13.521293155981922,28.794155677503408,13.106101493994899,21.469924401147114,24.556476274361994,11.542245175532582,28.06381569792124,16.18552917427429,17.56058998085179,27.36711672153373,11.216878253915329,25.743395101166026,20.00699899470597,14.12332520986622,28.72446290826841,12.609073288503229,22.28847354255951,23.820222879907742,11.832985285479499,28.362020342675404,15.445493740702755,18.377372863855893,26.876531719756162,11.139243975792471,26.35094916672978,19.169251150822998,14.777978810261892,28.57586527958367,12.178306944205982,23.086092933555467,23.049241804400896,12.196978223205484,28.584584994663754,14.746169817689836,19.208457019275325,26.323687941368977,11.141111716642865,26.900978880196806,18.33867137458795,15.479356866340257,28.34970135235015,11.817682785379677,23.855597653754838,22.250478011447033,12.630945156342445,28.729504801293647,14.093856884364968,20.04635607760415,25.713565378803676,11.222464651939141,27.388529598108473,17.522741492080268,16.22114139543142,28.04800840127381,11.530449298579857,24.59005603849479,21.43112673014973,13.130976929850942,28.795474331323195,13.49443094693141
13.454897317998284,21.192085406228237,24.631331345252747,11.712342287848337,27.73772063137804,16.51178882411095,17.400159991406355,27.28761160351077,11.502135880557962,25.398151589571413,20.246948474995975,14.112084415140938,28.50648941022132,12.953767564151494,21.9921471282713,23.927033897851466,11.9734228220541,28.048656455573095,15.782231308691625,18.18842495351518,26.829515715527243,11.404069223081319,26.004001348538708,19.432200834265934,14.733788657608379,28.384535313630657,12.515807627009213,22.773961341579096,23.187059566826385,12.306504075267622,28.286788001488993,15.090364933013763,18.992706168881448,26.309597515410715,11.38313199678134,26.55546499246953,18.622265568383526,15.402628365088443,28.186751356785564,12.144962630415645,23.530485498116562,22.41807400839364,12.708585666214965,28.449970190637515,14.44242199894839,19.805758707704022,25.732540403432225,11.43951280327132,27.047574961122898,17.824438538588055,16.112578658923887,27.914919168867108,11.844573129783559,24.254904861567653,21.627004210629664,13.176045661615806,28.53673308503855,13.84423914793728,20.620258628486532,25.103542484666953,11.572703766727084,27.4758983495531,17.045906535660855,16.857244338104692,27.571487402263962,11.61734502051802,24.94069389417954,20.820976095466726,13.704673202398872,28.546295128356746,13.3012047847831,21.428868951778625,24.42826974469225,11.781505108809991,27.836576839522806,16.29368254163016,17.62991748695677,27.159549675219147,11.465325163429657,25.58167503852004,20.007250328702405,14.289706434935855,28.47857018612661,12.818210539136622,22.22430575136621,23.712805010638938,12.064035956217477,28.12636145506356,15.574542557137793,18.423637899751597,26.682816704653348,11.389882946702404,26.17207436464306,19.193156916241122,14.925875405608402,28.33416832164803,12.399607201911675,22.999403767556267,22.963593157352307,12.417751283506998,28.342641829108615,14.894964563522656,19.231255777933114,26.14558288018995,11.391697950505268,26.706573581395475,18.386029175723806,15.607449532319091,28.114390300562604,12.049165533552216,23.747180951521997,22.187383052242012,12.839464838573072,28.48346971756456,14.261070169450957,20.045496135188273,25.552687580482328,11.470753825363886,27.18035794334974,17.59313767832402,16.32828922532243,27.821215873614676,11.770042297187693,24.460901359290986,21.39116676178383,13.325377844266782,28.54757654900837,13.678569467734729
13.650553567002323,21.156902976862877,24.493539159203376,11.959987592250634,27.507249452762768,16.616242844715874,17.478109495923327,27.070569408646467,11.756052684203954,25.237481354064425,20.239964165877378,14.28813351498227,28.253082047703554,13.164374998101593,21.933094891370654,23.81025439626615,12.21327879979447,27.80890851983413,15.908451646818289,18.242856606329042,26.626140792046638,11.660911841292744,25.825255611175532,19.449524486443615,14.891289237750915,28.134766446410882,12.739481577103913,22.69158371079215,23.092357168014484,12.536422587949023,28.03993542118013,15.237227075106993,19.023142125755726,26.12173432937355,11.640599276251184,26.360266360685014,18.663753604858066,15.540174140933207,27.942883365527468,12.37970072525096,23.42553700121415,22.34631426109409,12.926508091688387,28.19824907663826,14.608615490991088,19.81193727657552,25.56189369184983,11.695297963771441,26.837694249300913,17.889729710649483,16.228943097871042,27.679161279403335,12.088273332626489,24.128343343689483,21.57884599718601,13.380021437957993,28.282423403765673,14.028279399962546,20.602136626775884,24.95166189930627,11.824515180483,27.253238627608514,17.134425177001127,16.951391708105234,27.345975784987022,11.867824564360948,24.79367188960735,20.796865696643973,13.892877398488327,28.29170016392713,13.501446443995352,21.38662209537709,24.2965358928809,12.027086943383065,27.603156290131412,16.40464375391994,17.70101218634124,26.946328202552518,11.720340213259515,25.41552938869948,20.007417403609512,14.460456189352051,28.225995792475263,13.032862311177158,22.158327071794634,23.60241701881515,12.30118849494426,27.884295193961353,15.706959280356063,18.47105198429318,26.4838185399386,11.647148811867755,25.988314175974754,19.217612433571865,15.077645085773458,28.085902151497283,12.626747986759462,22.91030007155447,22.875557869386714,12.644350740450133,28.094122852222267,15.047656467349977,19.254574617341582,25.962613063836425,11.648909665109162,26.50686663127099,18.434565314951243,15.738884477328877,27.87268119834707,12.28676173070835,23.635767354960326,22.1225059598324,13.053482489491614,28.23074914660062,14.43267428563303,20.04452214808142,25.387406770242553,11.725606911295241,26.966515656886205,17.665329701738703,16.438217948672403,27.588253617989484,12.015966124259222,24.328193944642454,21.350044748621304,13.524898301274856,28.292943353447978,13.867552467640458
13.849242173578068,21.119746885826064,24.351548093333992,12.211792700515685,27.2705695369522,16.72175139095545,17.5565387432071,26.847609700534033,12.014265296848931,25.072116100236546,20.231617705834037,14.466789767370289,27.99296854877303,13.378339024366364,21.87155134681004,23.68973170063897,12.457125660316267,27.562750669068645,16.03619853981291,18.29725798851413,26.41714474682401,11.922113718372644,25.641422866112737,19.466013135585584,15.050994723090598,27.87837034800172,12.966795482906816,22.60620893263295,22.99439034415254,12.770116477320483,27.78651885293252,15.386063414848847,19.053027435968612,25.928586412604236,11.902439361133355,26.159623920050127,18.70493067254299,15.679492077623033,27.692516110796763,12.618318715313594,23.317101880085314,22.271787628219993,13.147945744019827,27.93985839458902,14.777202404663969,19.817039147640347,25.386335609853536,11.955419450875434,26.622051329754857,17.955226114047015,16.346620354450707,27.437080003949585,12.336047784976804,23.997826496774803,21.528432726313273,13.587209991003741,28.021388018193566,14.215100102449265,20.5824109396462,24.795276909944985,12.080576745281531,27.024539569466274,17.223652765774826,17.046370091408697,27.114362984671967,12.122525376017473,24.64225084530494,20.77102174668214,14.083952345262135,28.0303733084839,13.704819901011346,21.342248376558306,24.160734543641748,12.276783832950352,27.36346304282998,16.516800608259633,17.772437973654235,26.727272073674452,11.979674888900897,25.244569979497765,20.0063774141064,14.633698173523998,27.96673332636043,13.250958381953362,22.08970687617713,23.488424440660662,12.542273289068964,27.635768742109942,15.841036934636202,18.518283613649835,26.27929416885198,11.908783114529749,25.79935823509354,19.241387611090783,15.231495389556118,27.83104133798211,12.857603909869825,22.818053365224817,22.784402740829062,12.87465359629775,27.839003749548038,15.202448994343642,19.277188466686408,25.774464635460905,11.9104886428885,26.30161810389561,18.4829433321228,15.871959062338567,27.624519650809884,12.528299804538404,23.52072693057408,22.05501124064259,13.270930687453253,27.97133733313927,14.606789159451322,20.042316351238124,25.217330955726343,11.984776110652769,26.746825251104294,17.737876609896414,16.549319923286063,27.349028603115425,12.266012422850823,24.191397919664528,21.306820266643765,13.727534915934262,28.031577437785113,14.059423107544413
-10.06066203784245,-5.412802854287325,-3.3467898997209464,-11.107444190140557,-1.4807295420597064,-8.224335830207526,-7.690676309302158,-1.7511176152094918,-11.233718719003694,-2.8861480652392095,-5.9805625255595745,-9.665878681158253,-1.018917190074524,-10.361699120308204,-4.932192304329831,-3.7698732371724692,-10.950608716488093,-1.2939451561172521,-8.662593315912401,-7.2171522717017735,-2.0263035297346925,-11.292629011652096,-2.522203912148964,-6.469995154192143,-9.292410472830317,-1.0921770696777287,-10.624789030061406,-4.462543340168759,-4.214388279437237,-10.75052119839175,-1.150895526205441,-9.078209099232852,-6.734007001046197,-2.3386271482835457,-11.305206356086126,-2.1909304142563912,-6.9565369082104205,-8.89062719687939,-1.2109892233567574,-10.847561864770563,-4.008086539009571,-4.67633085457251,-10.508984015411029,-1.0528692370965629,-9.467439331479198,-6.24559264867599,-2.685275073441922,-11.271337456140504,-1.895311668655,-7.435805040901207,-8.464148099377494,-1.3742833964588257,-11.028010896542229,-3.572915627721622,-5.151539804186078,-10.228172923862978,-1.0007493052899281,-9.826777843844772,-5.756308829587654,-3.0631247159519135,-11.19132740137576,-1.638010595998488,-7.903482326012233,-8.016814885270426,-1.5805886422572601,-11.164510648437664,-3.160950606727058,-5.635734466968375,-9.910617457705138,-0.995005224838059,-10.152987730820591,-5.270562990896221,-3.4687724228585517,-11.065896918844903,-1.4213449530284474,-8.355355947136248,-7.552657112468995,-1.828046572175064,-11.25583153669754,-2.7759024388092173,-6.1245532387007575,-9.559178142604553,-1.0356887381649382,-10.443130508097425,-4.792730709744241,-3.898564137465853,-10.896175880815838,-1.2472664543238607,-8.78735544657574,-7.075855893768421,-2.1144280960672526,-11.301150946778437,-2.4212396209232163,-6.61359286139468,-9.177020728448985,-1.122433369972488,-10.694592582303367,-4.327116278296642,-4.348628314918625,-10.68369312693168,-1.1173431913418905,-9.195589391847282,-6.590706233568288,-2.437153501766917,-11.300060643428287,-2.100156940127994,-7.0984480876457114,-8.76758767241085,-1.254457728434107,-10.905108794137826,-3.877913930865637,-4.814910796908867,-10.430362692490613,-1.0327455071190694,-9.576380429533465,-6.1015783386620415,-2.793315693018903,-11.252570448051678,-1.8155466950851202,-7.574751362909044,-8.334567129444695,-1.430572543937475,-11.072782822827138,-3.449170062432844,-5.293211331353917,-10.138466566899714,-0.9942354538727247,-9.926298410720666
-9.986371549802866,-5.482848473307215,-3.4809941464487597,-11.000646594024932,-1.6728830245379918,-8.207071204104357,-7.689984116807829,-1.9348743799016965,-11.122999753243015,-3.034657230965659,-6.0329767539842525,-9.60384792186374,-1.2254119411767306,-10.278060130335215,-5.0171629572315615,-3.890938918492461,-10.84868153938084,-1.4918991007140576,-8.631718901543675,-7.231165046265858,-2.201514582938758,-11.180080626803875,-2.682015116119164,-6.5072103850794925,-9.241977514839952,-1.2963967850251983,-10.532979961804903,-4.562098622357746,-4.321649848326954,-10.654807603127812,-1.353291779805673,-9.034428019272966,-6.763023523520149,-2.504139203849392,-11.192267390357317,-2.3610290914845953,-6.9786429157062,-8.852671345367968,-1.4115193080471578,-10.748834737586137,-4.1217546681923105,-4.769247110846913,-10.420771193153486,-1.2583096304610812,-9.411570971278321,-6.289776546810227,-2.840022213363458,-11.159450266073454,-2.074590585048984,-7.443027702370712,-8.439436266293622,-1.5697424916204454,-10.923680047355912,-3.700097693699835,-5.229698769604999,-10.1486804991417,-1.2078082477025305,-9.759750470441665,-5.815687104079996,-3.2061379921095323,-11.081924869163926,-1.8252798222755402,-7.896181587346917,-8.005994681027431,-1.7696410682689532,-11.05594089225673,-3.300925966354402,-5.698857096318372,-9.84098650209266,-1.2022425457639336,-10.075830131153964,-5.345025772170765,-3.599188585261162,-10.960389544993104,-1.6153425835459903,-8.334022580376978,-7.556251012298818,-2.0094143604094974,-11.144425872416964,-2.9278352075130423,-6.172495933422123,-9.500460895993573,-1.2416626602434722,-10.356962721738451,-4.882032247651698,-4.015633410368814,-10.795939078413769,-1.4466699742699554,-8.752606629059839,-7.094256531287704,-2.2869025007760797,-11.188337919028575,-2.5841862023160163,-6.646348763110953,-9.1301711205217,-1.3257134964843011,-10.600615812188515,-4.43087715582085,-4.451721150770675,-10.590054831993312,-1.3207813898904757,-9.148163146702226,-6.624172863952045,-2.5996058884093003,-11.187281474307712,-2.2730745258821496,-7.116147139943627,-8.733452729682353,-1.4536379282517569,-10.804594586185658,-3.9956244818953532,-4.903523547288744,-10.344591401965003,-1.2388108292367548,-9.517128977597027,-6.150234503284433,-2.9447077049517913,-11.14126605466192,-1.9973026585044344,-7.577659140812411,-8.313879345285383,-1.624283617892793,-10.96706161190861,-3.580194962811646,-5.36697078381321,-10.061759912106313,-1.2014966795125925,-9.856180493773115
-9.907603348170092,-5.552909122917931,-3.6172104867848316,-10.888359436873898,-1.8688523841489098,-8.187103906112897,-7.687105101897859,-2.122185657430611,-11.006669166132118,-3.185623758937187,-6.084857201415693,-9.537721057058302,-1.4361689695017053,-10.189652436326341,-5.102613211651897,-4.013607729825081,-10.74141640257425,-1.6938494731939546,-8.597718183956134,-7.243448719330943,-2.380014146962649,-11.06186367635127,-2.844635480423094,-6.543418736390166,-9.187809455632172,-1.5048079626492428,-10.436147879815243,-4.662587481233031,-4.4300848671783415,-10.553949458076007,-1.5598227368622066,-8.987118890834877,-6.790777965551258,-2.6726378699266973,-11.073647701428806,-2.534257146811784,-6.9992717394380835,-8.811368767029357,-1.6161260080294586,-10.644869258527278,-4.2367956640806135,-4.862890291115693,-10.32764729736698,-1.4679794820975876,-9.351798322314606,-6.3331704787921685,-2.997420884701293,-11.041915091385311,-2.2572846324762703,-7.448309906764737,-8.411789952410084,-1.7691203575873946,-10.813936419466383,-3.8290732741492888,-5.308125309420933,-10.06454844035391,-1.419147028898075,-9.68847146212177,-5.874748367160218,-3.3514375601792454,-10.966951692175863,-2.0162128936394104,-7.886488322315789,-7.992672400155515,-1.9624128449536944,-10.941826413085497,-3.443093056788508,-5.761779264638911,-9.76702286996495,-1.4137652578535385,-9.994105573426149,-5.41964107686751,-3.731498929723997,-10.849432770802276,-1.813213493917819,-8.309859894203086,-7.557791502735934,-2.194262299906773,-11.027387211949032,-3.082331904813763,-6.219765661900985,-9.437750683447353,-1.4518826477207611,-10.265947517600459,-4.971948194360689,-4.134181417240766,-10.690416932537646,-1.6501150429725808,-8.7146109099346,-7.111064648141253,-2.46258023275738,-11.069848088145404,-2.7500395388091445,-6.677958979891266,-9.079697950169916,-1.5331558387288908,-10.501548554372176,-4.5357025174277625,-4.5558576765992385,-10.491336585056624,-1.5283867244737526,-9.097095390169242,-6.6565159322224146,-2.7649496473719437,-11.068826555970016,-2.4492092337873053,-7.1322318333609145,-8.696089993400271,-1.6568527255493042,-10.698786399968066,-4.11483372793245,-4.992729266608559,-10.25398503537019,-1.4491250617585252,-9.453867931537724,-6.198239909813158,-3.0986468133673744,-11.02433181733974,-2.1825508558999203,-7.578492152433536,-8.290382336735007,-1.8218590520678373,-10.855884344553301,-3.713132993413111,-5.440860867207035,-9.980500335794611,-1.4130440403972575,-9.781714742684498
-12.06509962569515,-8.790485696251743,-7.334891941739849,-12.802602050281564,-6.020173272551241,-10.771329926346429,-10.395344159195854,-6.210673138344162,-12.89156781168246,-7.010350231652049,-9.19049646566198,-11.786958006541864,-5.694806883235852,-12.277193018500427,-8.45187517915676,-7.632972097661106,-12.692104807062508,-5.888575750368599,-11.080100913309574,-10.061726390624292,-6.40455328688205,-12.933072611478588,-6.753936139446869,-9.535322511363823,-11.523833813467776,-5.746421575666036,-12.462551018635637,-8.120987564180833,-7.946151798629143,-12.551134664037463,-5.787791218778586,-11.37291986061612,-9.721330055289688,-6.624598523065808,-12.941933884088739,-6.520539909523934,-9.878111813286136,-11.240760454296005,-5.8301297772400185,-12.619503929391037,-7.800803472401212,-8.271609935677063,-12.380961474052345,-5.718727540407407,-11.647149068072329,-9.377221428403919,-6.86882668908955,-12.918071807559127,-6.312263964853325,-10.215776540479343,-10.940287841391253,-5.945177448161057,-12.746637925852198,-7.494207108028978,-8.606414796225891,-12.183118149715204,-5.682006837831151,-11.900318291043005,-9.032500225337607,-7.135037788379356,-12.86170133042523,-6.130984445980881,-10.545275023937577,-10.625122618830176,-6.090528244071371,-12.842807790572682,-7.20396027762471,-8.947550472822762,-11.959386854986958,-5.677959889522975,-12.130146992306738,-8.690271679521064,-7.4208338030656735,-12.773330235464865,-5.9783343108365505,-10.86363915581924,-10.298103781070894,-6.264872851396642,-12.907147229642394,-6.9326775118663075,-9.291944030302254,-11.711782951526578,-5.706623150215178,-12.334564885034585,-8.353618570637254,-7.723640295222761,-12.653754565613253,-5.855688625121387,-11.168001126031749,-9.962177099415658,-6.466640781584938,-12.939076676225055,-6.682802513971725,-9.63649318665134,-11.442536844402332,-5.767738422516558,-12.511730581842908,-8.025573455078927,-8.04072959729216,-12.504051453243282,-5.764152175776106,-11.455619255339037,-9.620368586632592,-6.694014517998583,-12.938308511270671,-6.456586146927911,-9.97809425822912,-11.154073890700808,-5.860755182743267,-12.660048181929813,-7.709091348813582,-8.369245382792522,-12.32556941740455,-5.704549519108954,-11.723902692287014,-9.27575723876594,-6.944945888024029,-12.904849654375337,-6.256066157816103,-10.313670117613015,-10.848992552017153,-5.984835540011654,-12.77818164687957,-7.407023108729858,-8.706228395981828,-12.119916216422803,-5.677417553228775,-11.97043475147945
-11.969523102624413,-8.82486218169358,-7.427033645203308,-12.677757753688402,-6.164489568223116,-10.727096635905667,-10.36603185872579,-6.3474294494760475,-12.763192910078216,-7.1153713683929745,-9.208998529250634,-11.70241952978142,-5.852035339568937,-12.17319957206878,-8.499689418287618,-7.713284494258321,-12.571645592038672,-6.038114491888722,-11.023614050520491,-10.045653706687128,-6.533615466999947,-12.803050592468312,-6.869133065891573,-9.540140158096637,-11.449737416671315,-5.901601703643696,-12.35120164253153,-8.181933073736898,-8.014035663123709,-12.436269847190411,-5.941329593041333,-11.304812481951922,-9.71876599521369,-6.744928211028272,-12.81156020559745,-6.644999162126011,-9.869325871311839,-11.177897819844281,-5.98198794639563,-12.501925879193756,-7.874455483212434,-8.326577998502923,-12.272849977896906,-5.875006705791385,-11.568158907101939,-9.388313314427966,-6.979464185660253,-12.78864509524498,-6.444988645439868,-10.1935903784752,-10.889349458428082,-6.092469952086906,-12.624014564763211,-7.58002639132107,-8.648096132790146,-12.082858063150548,-5.839743263789138,-11.811281112959541,-9.057272367538955,-7.235110701155586,-12.73451167971672,-6.270903201767364,-10.510012719173298,-10.58669156336662,-6.2320525036712535,-12.716367929731984,-7.301298002368215,-8.97569384477808,-11.868005541760107,-5.8358569185686155,-12.031989065391414,-8.728625156831221,-7.509564904950717,-12.64964759043797,-6.124310985125576,-10.81574257488319,-10.272650463662197,-6.399478247665446,-12.77815405905182,-7.040781089417965,-9.306420148690854,-11.630227795784984,-5.863382678156569,-12.2282946368728,-8.405332121918635,-7.8003545256533915,-12.53481727939107,-6.006532491752223,-11.108025944516163,-9.950055027723662,-6.593239020334023,-12.808816385988331,-6.800822377359863,-9.637295876534234,-11.371666716699156,-5.922072591721697,-12.398429515452916,-8.09030547223543,-8.104860143154491,-12.391055132965588,-5.918628665133554,-11.384229952338726,-9.62181118104428,-6.811589433161939,-12.80807870564954,-6.583583403714336,-9.965340514309696,-11.094651411326764,-6.011397983104933,-12.540861133631129,-7.786382953981295,-8.42033878424959,-12.219656154251284,-5.861391339072124,-11.641866564800921,-9.290875729752848,-7.0525625952375,-12.77594766302747,-6.391021047597883,-10.287599050353874,-10.801677221350474,-6.130554213110756,-12.65430647365776,-7.496302287828661,-8.743948631219869,-12.022164297706974,-5.835336104882753,-11.878615002633051
-11.835940282889974,-8.828038889220833,-7.491001126251137,-12.513374209009287,-6.283364378059753,-10.647546241452735,-10.302183967493253,-6.458348307206389,-12.595093838703795,-7.192892865823998,-9.195469363993237,-11.580452893562596,-5.98449860732714,-12.030758977720186,-8.517007705629018,-7.764803087562974,-12.411876805334684,-6.162485282415077,-10.93116828118702,-9.995738880328503,-6.636437199991075,-12.633218132999442,-6.957363328016324,-9.51220983043848,-11.338759782829953,-6.03190935822471,-12.201019838678898,-8.213070405025428,-8.052474757966806,-12.28238847516599,-6.069909504151831,-11.200137551663982,-9.683067330792019,-6.838560072136765,-12.641357667860056,-6.742976881128632,-9.82707944291895,-11.078742336526567,-6.108799648683688,-12.345189163421812,-7.918964841241209,-8.351424803712748,-12.126075643684093,-6.006470961807423,-11.452031189529412,-9.36698585044505,-7.062896209704267,-12.619439122713741,-6.551664708841818,-10.137241869819146,-10.802742780368435,-6.214476854350678,-12.461968281014844,-7.637340304254681,-8.658960295941961,-11.94434636999748,-5.9727411069801075,-11.684580147976268,-9.050341687355356,-7.3074248026367785,-12.567659938850786,-6.385150142786461,-10.439903181644187,-10.513247306213826,-6.347989039606624,-12.550305250304806,-7.370733655504049,-8.972310968471595,-11.738837663407791,-5.969023776718113,-11.895689636218703,-8.735987158212462,-7.56994314812802,-12.486486540881234,-6.244933138847173,-10.73233701861375,-10.212863676556637,-6.508133532561101,-12.609404335759,-7.121546475951003,-9.288654172230368,-11.511400737301821,-5.99535245656888,-12.083457989275063,-8.42675395478357,-7.8480864924721825,-12.376650135202498,-6.132276765626147,-11.011909149590943,-9.904297733916437,-6.693467758667649,-12.638733175415952,-6.892023432745132,-9.605140301557405,-11.26408433350314,-6.051489978942713,-12.246193798082514,-8.12542763615951,-8.139349332661173,-12.23914012332431,-6.048195826776664,-11.2761012011208,-9.590329026728133,-6.902322235371901,-12.638027576378436,-6.684232059360999,-9.9189184633245,-10.999116267295651,-6.136930659508089,-12.382431145635389,-7.8347225365605855,-8.44110798584592,-12.075195189383509,-5.993447719696456,-11.522533342827145,-9.273785771292067,-7.13281561073696,-12.607293894651518,-6.500044131347621,-10.227162157656458,-10.71888335936168,-6.250904852373623,-12.490942811901261,-7.557257314733517,-8.750644223355062,-11.886292142131566,-5.968525612925278,-11.74898572481988
-11.721020075730785,-8.847528300716304,-7.570236756896572,-12.368182518926798,-6.416563877048542,-10.585730032402408,-10.255800449035211,-6.583728559448328,-12.446250464996648,-7.285449617197042,-9.198539956008718,-11.476949271615554,-6.131053076780603,-11.907133197122306,-8.550395705311015,-7.831803736940644,-12.271220578865147,-6.301086325877073,-10.856678275620963,-9.963049017982692,-6.753859458591268,-12.4826711556208,-7.060444837755874,-9.501126712030803,-11.246056341671222,-6.176345253923832,-12.069785864061943,-8.260039999089154,-8.106620651002359,-12.147518501236126,-6.212647343813067,-11.11362851610222,-9.664349357227474,-6.94695036638345,-12.490446971185648,-6.85563835935769,-9.801926214158417,-10.997657908502626,-6.2497996622622765,-12.207512908482379,-7.979076693477245,-8.392211960411373,-11.99819058891233,-6.152043585315784,-11.354266157385354,-9.362392140171401,-7.161261928423186,-12.469507867486708,-6.672875069748741,-10.09822887371105,-10.733991534266664,-6.350754627717507,-12.31907369122722,-7.710036693570232,-8.686005071218009,-11.824581981157788,-6.11982096637531,-11.576423546185291,-9.05989738413996,-7.394863635588965,-12.42004246304881,-6.513801292600578,-10.387365609368288,-10.457432314061492,-6.478300752402528,-12.403463277673993,-7.455343499850005,-8.985353508006625,-11.628256536672726,-6.116269746925317,-11.778099498518346,-8.759589948586434,-7.645651213980728,-12.342496340058736,-6.379849957498722,-10.666731890136864,-10.170471481174605,-6.631289106438036,-12.459921490140974,-7.217291377399512,-9.287560753229425,-11.410982746422949,-6.141421916194365,-11.957477326279284,-8.464174989677034,-7.911365580126564,-12.237568030580476,-6.272227692176155,-10.933811196851199,-9.875693966162842,-6.808341577462097,-12.487939755534367,-6.998024689263888,-9.58990453731806,-11.174717803151395,-6.195050904548311,-12.112941201887958,-8.176313592363929,-8.189613190707139,-12.10620272420914,-6.191903953263701,-11.186197690867616,-9.575755111911706,-7.007863284605745,-12.487265686552242,-6.7995185801224824,-9.889661360768,-10.921589971071784,-6.27667362441971,-12.243090713593007,-7.898598799448694,-8.477887603489034,-11.949583753844713,-6.13960229346737,-11.421617885752593,-9.273356754423563,-7.228056945109654,-12.457905355178315,-6.6235611842725515,-10.184131027302685,-10.653879414558363,-6.385554821939129,-12.34675348031946,-7.6335322535669885,-8.77359205524517,-11.76912193628111,-6.115793843837427,-11.637951126748504
-10.376186901941121,-7.627255286904542,-6.405331794046361,-10.995296138875293,-5.3016683416571295,-9.290109426627694,-8.974481635262478,-5.4615867671636735,-11.069979994572533,-6.132889611095645,-7.963051284258589,-10.142696082314059,-5.028533867386021,-10.554232389252014,-7.343002799227469,-6.655560365133597,-10.902537306291057,-5.191196512921633,-9.549312601767582,-8.69442039716709,-5.6243428298102325,-11.104821920611347,-5.917638341849522,-8.252521505524935,-9.921811902191704,-5.071862718627377,-10.709834386205053,-7.065233436050669,-6.918464511921083,-10.784197467981127,-5.106591185037521,-9.79512455978045,-8.40866877330988,-5.8090636303433625,-11.112260670018866,-5.721709817422047,-8.540281946802583,-9.684181047633484,-5.1421330242886265,-10.841591236857939,-6.796449331576289,-7.191676005421938,-10.641342624002244,-5.048614479075876,-10.025331037363879,-8.11980080174601,-6.014085211919295,-11.092229234867725,-5.546868953340717,-8.823740474697466,-9.43194408692193,-5.238711792548163,-10.948316081297062,-6.539071681191298,-7.472733768523501,-10.475259604503593,-5.017788646653125,-10.23785834469645,-7.830418592453481,-6.237560749151794,-11.044908057444406,-5.394690708416504,-9.100343707262017,-9.167373159501047,-5.360729046110786,-11.029047546819433,-6.295418931446211,-7.759106045261915,-10.287444478017498,-5.014391365511449,-10.43079204514463,-7.543128887641471,-6.477477184234024,-10.970723404833087,-5.266545897584046,-9.367600014747378,-8.892851508644393,-5.507085658924997,-11.083058407935663,-6.067685895590411,-8.048213206768189,-10.079589074939678,-5.038453238209898,-10.602394200423511,-7.26051958033044,-6.731673360474693,-10.870343529120488,-5.163588843661186,-9.623101964094486,-8.610852013304381,-5.676463257062003,-11.109862137185242,-5.85792398279101,-8.337450988451714,-9.853565747595812,-5.0897575164578654,-10.751119025868556,-6.985136402726388,-6.997859489902356,-10.744672647810479,-5.086746979259721,-9.864548004985442,-8.323914912527526,-5.867336094570117,-11.109217287754388,-5.668022719129324,-8.624213949100985,-9.611410504173964,-5.167842053574257,-10.875626814795767,-6.719459994376765,-7.2736377795751235,-10.594842798672635,-5.036712492513263,-10.089763202107113,-8.034624923092947,-6.077984797327159,-11.08112966841839,-5.499692726833123,-8.905918940583827,-9.35530466845252,-5.272003467484226,-10.97479600652073,-6.465883556678735,-7.556524030793087,-10.422203642395582,-5.0139360918769915,-10.29671882687273
-10.200304410095779,-7.59558267358135,-6.437761698772204,-10.786934967908998,-5.391996802872261,-9.171202924990283,-8.872133073881571,-5.543525853907062,-10.857700883378568,-6.179611924513185,-7.913762699798914,-9.979062597519409,-5.133191055128721,-10.369009571166442,-7.326242167160307,-6.674863194728913,-10.699042294928608,-5.287320363485455,-9.416808214247883,-8.606763942677304,-5.697743678681635,-10.890714990240633,-5.975652809360647,-8.188047215747508,-9.769766075892695,-5.174246860238321,-10.516448634943677,-7.063044678344363,-6.92397530141478,-10.58691060440004,-5.207153459602057,-9.649724794139876,-8.336002945265129,-5.872773963794271,-10.897763500348438,-5.790002761324566,-8.460711647341562,-9.544601416012256,-5.240830761993526,-10.641293476828073,-6.808361078532563,-7.182854027933328,-10.451549973657968,-5.152218231165027,-9.867854562362574,-8.062289084796745,-6.06704004413774,-10.878782921033057,-5.624334107869342,-8.72929984537804,-9.305596891227461,-5.332342975536915,-10.74241949997689,-6.564485546386276,-7.449167406106261,-10.294179725308474,-5.123009532295078,-10.06923261556113,-7.788087963684175,-6.278791979407685,-10.833944228517844,-5.480139184936187,-8.991392379186472,-9.05490544378169,-5.447959162875256,-10.818915765622984,-6.333614901968992,-7.720516496740423,-10.116217443624713,-5.119790473666493,-10.252044949092697,-7.515869573562202,-6.506122317487929,-10.763651327772147,-5.3587168940464975,-9.244628330753947,-8.794785291203564,-5.58663785847996,-10.870093198771112,-6.117828817887695,-7.994456999166258,-9.919266205009936,-5.142590052417766,-10.414644797500232,-7.24808604571168,-6.7469832766952065,-10.668537414153112,-5.261161001854254,-9.486726561770642,-8.527579584382643,-5.747129850762638,-10.89549079535523,-5.919071085693554,-8.268521269390842,-9.70510013755611,-5.191202890946632,-10.555567468503405,-6.9871495623695346,-6.999205192106388,-10.549459269609763,-5.188350287544022,-9.715506262023627,-8.25569530056936,-5.927989434918193,-10.894879774942739,-5.739132106293163,-8.540240548526294,-9.4756484397759,-5.26519108694256,-10.673543536882155,-6.735410627896937,-7.260516059805027,-10.407489544828952,-5.140940626826759,-9.92890659403894,-7.981581561429929,-6.1275874357700735,-10.868265641578624,-5.579632762095987,-8.807167201261597,-9.232978002467492,-5.363888157991293,-10.767510279403371,-6.495136895539587,-7.5285620029918325,-10.24390709684493,-5.119359083840261,-10.125005257014868
-10.123319207388102,-7.6475535742137275,-6.547054684594599,-10.680906512797312,-5.553064135295509,-9.145167086892377,-8.860903762747686,-5.697091196505321,-10.748168907495232,-6.301685541947734,-7.9499809556222685,-9.913030765241205,-5.30707149548713,-10.2836720136256,-7.391547736787374,-6.772417619542642,-10.597365282222768,-5.453570078942409,-9.378612804316116,-8.60867268334646,-5.843673914055303,-10.779548532440668,-6.107824155225087,-8.210686031630159,-9.714096219518957,-5.346094685529945,-10.423811577084516,-7.14138078481949,-7.009196536804586,-10.490785073708107,-5.377372125521823,-9.59999801249761,-8.351316681436593,-6.010038696355025,-10.786248080743796,-5.931365379501903,-8.469851231377339,-9.500079144711053,-5.40938211212039,-10.542475526743141,-6.899306211206511,-7.255258542311646,-10.362125957082284,-5.325156662845576,-9.807328483222175,-8.091154008560096,-6.194686936765326,-10.768207203168274,-5.77389874766599,-8.725142006147308,-9.272907397210995,-5.496363684904291,-10.638594942963957,-6.667504613056587,-7.50838712034448,-10.212546888007074,-5.297394045504067,-9.998736592731683,-7.830528198627393,-6.395955332060797,-10.725588411145527,-5.636842712208685,-8.974258707873313,-9.034627330125012,-5.606255877701035,-10.711303986274745,-6.448064048967001,-7.766302099809488,-10.043395268155525,-5.2943343579328,-10.17249814519737,-7.571786957467445,-6.612030865392096,-10.658775612878937,-5.521431867867107,-9.214957304266928,-8.787385359813518,-5.7380687864730175,-10.759947696812425,-6.242961229884048,-8.026680193919445,-9.856194807876767,-5.316005161662795,-10.327047904199816,-7.317261014796239,-6.84096713786194,-10.568370655115643,-5.428705830449219,-9.445069592962119,-8.53340863106684,-5.890615046337556,-10.78408789417275,-6.054043712977842,-8.287175928258813,-9.652631800680528,-5.362211247047513,-10.460993692309863,-7.069243129106713,-7.080701901600667,-10.455187901737503,-5.359499872020288,-9.662522732587014,-8.274984955082967,-6.0625205272975755,-10.783507124520007,-5.883013258928614,-8.545442768713976,-9.434539933179192,-5.432536391702856,-10.573128931761579,-6.829967434600779,-7.329075636404674,-10.320246898007138,-5.314437396808895,-9.865357914827445,-8.014442200965028,-6.252236712344146,-10.758210619401662,-5.731410502541421,-8.799154258949653,-9.2038837673196,-5.526347109819873,-10.66244351325184,-6.601589316206876,-7.5838510025985855,-10.164763186548836,-5.293924325609073,-10.051748009286026
-9.980856565243636,-7.642871763696483,-6.603617626078433,-10.50741312944914,-5.664944447162432,-9.057140377945283,-8.788696821502738,-5.8009561421338525,-10.570932250327221,-6.371903719644777,-7.92846851479052,-9.78227105493017,-5.43264174231107,-10.13228544802848,-7.401113113770185,-6.8164387064264185,-10.42852111932967,-5.570987414848526,-9.277594419317193,-8.550502857495822,-5.939381266551598,-10.60056554243598,-6.188831069434644,-8.174664882178948,-9.59440757618685,-5.469493221306278,-10.26462599152423,-7.164868404774705,-7.040040449041861,-10.327872292027909,-5.4990300152388105,-9.486659140581633,-8.3074691821795,-6.0964875480661105,-10.606892248768784,-6.022192543472295,-8.4194070702034,-9.392300938358252,-5.529258588235528,-10.376686077937862,-6.9362657186543375,-7.272408659265417,-10.206373287751816,-5.449720437422961,-9.682451295927994,-8.061785032207986,-6.270859780205946,-10.589855378633358,-5.8734892142677655,-8.660490452002387,-9.17777170914561,-5.611399479303106,-10.467456274941412,-6.717364298347445,-7.511450174483158,-10.065118564186154,-5.423502859908407,-9.863207198235399,-7.815663519594413,-6.460927225576068,-10.549608399406278,-5.744060594867863,-8.895743359079933,-8.952752358406677,-5.715175972976318,-10.536118928594007,-6.510135998216885,-7.755011719243506,-9.905380537665874,-5.42061344947987,-10.027298606288884,-7.571321696095646,-6.664977764991238,-10.486513854105628,-5.635072572581453,-9.123046643599825,-8.719269850552456,-5.839653255166183,-10.582055528732583,-6.316447521672529,-8.000899301867534,-9.72859812130557,-5.441078233819362,-10.173247391904427,-7.330960582106942,-6.881173320170291,-10.401140095619414,-5.547506906718022,-9.340352767576016,-8.479427385740854,-5.983710039991514,-10.604852280484252,-6.138043605989114,-8.246897977829612,-9.536363763333721,-5.484712867049952,-10.299738854842708,-7.096745339967692,-7.1075664110643535,-10.294256167007777,-5.48215238494292,-9.54570424700497,-8.23538545434222,-6.14604867027287,-10.604303831712235,-5.9765313057896385,-8.490791801880137,-9.330409102388945,-5.551124290315401,-10.405633565570966,-6.870785770273999,-7.342117698671783,-10.166824873996978,-5.439597717912807,-9.737251284795107,-7.9893423753372215,-6.3252068067713045,-10.58041512281893,-5.833365516768062,-8.73038378918321,-9.112589368995431,-5.639714272436848,-10.48997762919424,-6.655117306887879,-7.582714355313401,-10.019994112067565,-5.420226236195958,-9.913268433657601
-9.863628885486076,-7.658908798603051,-6.6788919605694685,-10.360171819903682,-5.793722984618487,-8.992564355311195,-8.739422033474224,-5.921982037353159,-10.420070362275892,-6.4603857052737315,-7.92822658607065,-9.676362713669096,-5.574661492309325,-10.006426349091942,-7.4309303483934865,-6.879582277480361,-10.285776640221641,-5.705121486307075,-9.200452555835662,-8.514805082725518,-6.052516954488261,-10.448014562045461,-6.287748163314479,-8.160389804642348,-9.499207419544414,-5.609412443606494,-10.131223505327098,-7.208151545469919,-7.090438760841625,-10.19086477803735,-5.637265645578587,-9.39760062545754,-8.285624283344648,-6.200668206113734,-10.453980647251196,-6.130608003466284,-8.391181731813193,-9.308620823849594,-5.665771195332192,-10.236896186899061,-6.992579171487221,-7.309562024728505,-10.076291195229402,-5.5907667048607586,-9.5822326630399,-8.053944085888899,-6.365101252273368,-10.437914875660065,-5.9903807373751405,-8.618523404057674,-9.106319722253188,-5.743230070330574,-10.322492498941648,-6.786155092905332,-7.534978216420921,-9.94308796559068,-5.566043524565703,-9.752685511311663,-7.821851455383306,-6.544334887322128,-10.399961967035686,-5.868329526084256,-8.840366937594876,-8.894126434177403,-5.841091322463699,-10.387241393642073,-6.590738768741835,-7.764656796782115,-9.792454977953096,-5.56331881001374,-9.907423738515293,-7.591437072031939,-6.736754582561481,-10.340463799509086,-5.765553801534854,-9.054713975635442,-8.673952387425096,-5.958473421878115,-10.430559615805711,-6.408090500646794,-7.996528831265643,-9.625749127641596,-5.5826171053136715,-10.045053469508343,-7.364776498462,-6.940627029842859,-10.259956329955521,-5.682979362931729,-9.259633689491563,-8.44778090012212,-6.094318995786903,-10.45205695679327,-6.239855576182989,-8.22850562678686,-9.444472093621043,-5.623764572270511,-10.164334941729505,-7.143911483147587,-7.154115755131139,-10.159164766118534,-5.621350037184679,-9.453280171397076,-8.217649315074924,-6.247404353237274,-10.451539769502963,-6.087549448147928,-8.458497546578245,-9.250256811438007,-5.68639055631238,-10.264193672925176,-6.930831568428953,-7.375297661382273,-10.038997033970546,-5.581220978548446,-9.633909062363088,-7.985630647476274,-6.416350508064818,-10.429012712735137,-5.952544083441771,-8.684432833545786,-9.044852763809299,-5.769930925330396,-10.343730140038442,-6.727456168802778,-7.602180351716125,-9.900535599155445,-5.562953667817613,-9.799893265286999
-9.805213410763763,-7.725318271495344,-6.800787184780842,-10.273643503943228,-5.965733945385499,-8.983466063751912,-8.744655936396377,-6.086731337270817,-10.330150762107396,-6.594652128909933,-7.979388055866163,-9.628549714166253,-5.759075088433339,-9.939926090264768,-7.510247309303862,-6.990114989759176,-10.203460366625134,-5.882148810580319,-9.179584228753706,-8.532756155177433,-6.209875740621331,-10.356512841183676,-6.431788830973578,-8.198406856800146,-9.46142444627498,-5.791858540227494,-10.057657588332164,-7.300081605235802,-7.189033381910422,-10.113922142707054,-5.818134773541412,-9.365570338356587,-8.316550917386984,-6.349639091971748,-10.36214114370321,-6.28354549768305,-8.416132004931614,-9.281628318705883,-5.845026420570635,-10.157347384811372,-7.096714322706499,-7.395750513110185,-10.005835388570512,-5.774268469897909,-9.539749037868363,-8.097987790294413,-6.50476240920248,-10.34698497016454,-6.151257498462155,-8.63060224170573,-9.090780927065397,-5.9180997955359365,-10.23809747840188,-6.901977385249091,-7.608404284535786,-9.88017374494113,-5.750945045382989,-9.700551333227368,-7.879035580932057,-6.673848348297072,-10.31118084671205,-6.036116477787453,-8.839885628665971,-8.890601416260393,-6.010420423376803,-10.299180475813499,-6.71762497462812,-7.8250791203707015,-9.738069166375864,-5.748374596378493,-9.846528724432096,-7.661666601168474,-6.855373790555663,-10.255051295314482,-5.939159620907129,-9.042096950270722,-8.68289299451666,-6.121156683939624,-10.340046144093083,-6.545317729247258,-8.043823223227035,-9.580801724665974,-5.766580277375957,-9.976366253565311,-7.447838901209337,-7.047703562781208,-10.179101928501213,-5.861260310922037,-9.235414695831878,-8.469526690158437,-6.249311069861453,-10.360326367098823,-6.38660778519166,-8.262666155850638,-9.409788078006915,-5.805398092401959,-10.088894349877222,-7.239478631567876,-7.249105166847631,-10.084016894826853,-5.803120261389083,-9.4180974676032,-8.252424497467617,-6.393729172072488,-10.359838461474158,-6.242924794654402,-8.479636590733103,-9.226568709803475,-5.864478372286713,-10.183099365227276,-7.038462692385512,-7.4577643859670255,-9.97065271609119,-5.765263195316392,-9.588499667214306,-8.033542063443887,-6.55311007866217,-10.33858682225148,-6.115563047692464,-8.69278006774354,-9.032794052063137,-5.943288924468378,-10.25813270498214,-6.846601826398085,-7.671801627073977,-9.840030571828331,-5.748030127489501,-9.745086319148367
-9.644653335766511,-7.700627839142473,-6.836491964664346,-10.082483122150437,-6.055988775934339,-8.876586828848234,-8.653377029629949,-6.169081984533694,-10.13529903028997,-6.6438227301461,-7.938100454666915,-9.47953023699615,-5.862829957764549,-9.770565877569274,-7.499606438500724,-7.013451885935765,-10.01688471490216,-5.977863859859396,-9.059893528266125,-8.455319651812536,-6.284181950565712,-10.159939000306117,-6.491598515725408,-8.142811800550176,-9.323322466817393,-5.893471822804726,-9.880606537637968,-7.3031698588335585,-7.19937588700127,-9.933195596670744,-5.918031554953274,-9.23373005120405,-8.253238072394,-6.414815227882954,-10.165199632630367,-6.353039213296974,-8.346314001806675,-9.155271563870654,-5.943166498770398,-9.973784074548316,-7.1130875922077665,-7.392589172639634,-9.83216963535104,-5.877030827986038,-9.396530485911931,-8.048952633350526,-6.559805077671013,-10.151033539718204,-6.229392958960683,-8.546773919561245,-8.976891323295737,-6.011466338206959,-10.049259149147481,-6.931071891317749,-7.591351286074853,-9.71471686835764,-5.855231011702254,-9.546828333236837,-7.8443035289287035,-6.7178454377423025,-10.11756832911129,-6.121773552735391,-8.742385819694656,-8.789788586451255,-6.097756099165825,-10.106351885284253,-6.75876234558876,-7.793871786934365,-9.581895305047933,-5.852828477887846,-9.683269716782965,-7.64113422925709,-6.887512687486816,-10.065105453954361,-6.031150425497267,-8.93138763881711,-8.595648766558517,-6.201258487276916,-10.144547994103489,-6.597711111827393,-7.998326379456967,-9.434901396220203,-5.869844868461711,-9.804625578570507,-7.441274874447861,-7.067278471783935,-9.994117497518548,-5.958339906389219,-9.112076856857668,-8.39622066657328,-6.321041157582046,-10.163503406737533,-6.449368932461378,-8.202873345668879,-9.275059256537718,-5.906126900526236,-9.909802750335938,-7.246525788775717,-7.255523468358052,-9.905243916192072,-5.903997869363832,-9.282825833290353,-8.193300726045706,-6.45602511305735,-10.163047373663373,-6.315072067315634,-8.40567013549814,-9.103808736961946,-5.961347747132975,-9.997853800743593,-7.058641263435754,-7.4505519745626705,-9.799285279285266,-5.868613825099669,-9.442096468848128,-7.9887168388719845,-6.604994424170976,-10.143184002806864,-6.196030256642585,-8.604889964384867,-8.922692454638543,-6.035009981325256,-10.067985569805575,-6.879313753965676,-7.650607182194597,-9.67719605753728,-5.852506511510623,-9.588454060653396
-9.544382454709309,-7.727236710429572,-6.919499965456697,-9.953636620577031,-6.18993749301975,-8.826444965312136,-8.617803289863225,-6.295649503006316,-10.003005418914649,-6.739405578749086,-7.949210317994181,-9.390036363706947,-6.009385476075079,-9.662077124807857,-7.539335274301468,-7.084910330909647,-9.89231959218942,-6.1169115172728645,-8.99778787687561,-8.432672425145087,-6.4032372963789,-10.026037224172233,-6.59711650697958,-8.140560869529402,-9.2440237289464,-6.038027453637227,-9.764935815441703,-7.355719423900875,-7.25869972198623,-9.814092570321224,-6.060984257872503,-9.16027869729211,-8.243780004405023,-6.525344596077681,-10.030954513403694,-6.467600486137549,-8.330781193083277,-9.086940921317415,-6.084478731720359,-9.852031980051242,-7.1780431627294385,-7.439302651498095,-9.719660220543576,-6.022659505110634,-9.312453716400684,-8.052827562258141,-6.660871464919506,-10.017712991883984,-6.352024190840238,-8.518157792350602,-8.920202935839754,-6.148320879255288,-9.922581060217754,-7.007906990730274,-7.625092256202392,-9.609873185308402,-6.0022824866739155,-9.452942148324619,-7.8615351899016215,-6.808597082832797,-9.986431938656349,-6.251428727270544,-8.701002787169434,-8.745311740950351,-6.228978808985953,-9.975947552931137,-6.846843487055065,-7.814394951514434,-9.485720421398694,-6.000036757847869,-9.580478479450441,-7.671626040609241,-6.967190743951078,-9.937393132071946,-6.166720254938236,-8.877669117871328,-8.563842748837873,-6.325725957830178,-10.011650735173063,-6.696303504658389,-8.00550550708383,-9.34832029144916,-6.015942548058952,-9.693913868118742,-7.484810807641996,-7.135223843552855,-9.871038311542861,-6.098661824035067,-9.046565381922298,-8.377430624198928,-6.437690831727882,-10.029368994248799,-6.557643101078165,-8.196702407434564,-9.198910489785037,-6.049856578648759,-9.792226493339362,-7.30277231439895,-7.311182746870039,-9.787965198372918,-6.047866501912153,-9.20617016920703,-8.18775455925044,-6.5638648560212625,-10.028942724860151,-6.432111323129013,-8.386263359300566,-9.038836893325934,-6.1014733535219365,-9.87453075930989,-7.1271503556178395,-7.493482423843614,-9.688922111510504,-6.014791850596268,-9.355045766824006,-7.996523147640087,-6.703111460650935,-10.010375766823008,-6.320838955543539,-8.572480805967967,-8.869541437985829,-6.1703279110414195,-9.940085272823781,-6.95952692617634,-7.68048072700407,-9.574801226724245,-5.999735805091237,-9.491851109940042
-9.452758776174116,-7.759677177676667,-7.007088001134935,-9.834071447169425,-6.327335812337941,-8.7838378841674,-8.589441049189123,-6.425830420935983,-9.880069631007167,-6.839289412008449,-7.966495717963152,-9.308950538833368,-6.159110837306128,-9.56241793852384,-7.584604559070704,-7.161205108599055,-9.776940788957548,-6.259295625611817,-8.943482497987894,-8.4169498434865,-6.526072745337029,-9.90152895851821,-6.706715010731834,-8.14478196643082,-9.172906797796406,-6.18579730717664,-9.658254035824188,-7.413524931316945,-7.323129170536347,-9.704054653298243,-6.207186754299089,-9.09487938997521,-8.240953898935889,-6.639843268594734,-9.906110523832098,-6.58604159073317,-8.322015152312096,-9.026548690927898,-6.2290771620792045,-9.73940378072732,-7.247979372175005,-7.491401582121292,-9.616069595294663,-6.171478592819832,-9.23666478358757,-8.063038579262297,-6.766117150841324,-9.89377305641007,-6.478356172870364,-8.496598766866514,-8.871194605615022,-6.288560538985106,-9.8051361799016,-7.089459108757852,-7.664506552874004,-9.513778180478106,-6.152492798721557,-9.367561482237601,-7.884806537837286,-6.903756922501355,-9.864627691615834,-6.384628782649565,-8.666960168575562,-8.708243964622907,-6.363711614252333,-9.854859118787383,-6.9393920846237425,-7.840884760834327,-9.39810184541262,-6.150400395202157,-9.486390374223145,-7.707863281048228,-7.051522730567637,-9.818936969613103,-6.305703712278004,-8.831564749428265,-8.539164620156072,-6.453853430301424,-9.888124695338902,-6.799130096923375,-8.018947398865281,-9.27008259743484,-6.165220230540472,-9.592081054113454,-7.533802705966934,-7.208083507142562,-9.757112470415366,-6.24229191531703,-8.988929758602588,-8.365479631510262,-6.558173993619491,-9.904633254706235,-6.669936619470656,-8.197090486557947,-9.130873628297945,-6.196818808311811,-9.683681464914287,-7.364192742595411,-7.372028959639109,-9.67971110639122,-6.194964602443651,-9.137637659019784,-8.188753545421342,-6.675733589162096,-9.904236088512938,-6.552975421426181,-8.373709318816335,-8.981728926270954,-6.244911489917932,-9.760366474155399,-7.200561230021151,-7.541882274634669,-9.587430105622289,-6.164148096009908,-9.276348896455787,-8.010578302697201,-6.805473245265022,-9.886936774414595,-6.449300084115863,-8.547212920970562,-8.823991980267655,-6.3090650585988675,-9.821445306647623,-7.04438215370995,-7.716113420940826,-9.481100731303199,-6.150119989749883,-9.403813966186723
-9.32836431412451,-7.760336262985414,-7.063334452293955,-9.681512659074949,-6.433789780139459,-8.708850922926846,-8.528812529875315,-6.525009429153871,-9.724113348033498,-6.907929718744551,-7.95187887555214,-9.195177968980081,-6.277990154187495,-9.42992388619793,-7.598194770688673,-7.206068238945835,-9.628601757003976,-6.370775143700208,-8.856703946021513,-8.369061783451427,-6.617847705059604,-9.743987657414543,-6.7851474616760274,-8.1169966341869,-9.069182622791702,-6.302705521349938,-9.518681385548229,-7.439751340948253,-7.356032346699052,-9.561099100691164,-6.322515111812749,-8.99691843639343,-8.206065163449773,-6.723214966755186,-9.748230821439645,-6.67338716155067,-8.281139111018035,-8.93363474530895,-6.342788661227353,-9.593837288526457,-7.286433225208033,-7.511875905469155,-9.479612751094576,-6.2894444087209616,-9.128231348082554,-8.041290936251775,-6.840162070583262,-9.736804617873956,-6.573655550234731,-8.442827717836236,-8.789755345848326,-6.397878506659321,-9.654714594065311,-7.139621506308811,-7.672195083335569,-9.384876733666111,-6.271860933863242,-9.249459820157911,-7.876223380846161,-6.967635562178024,-9.709811973456459,-6.486851005694939,-8.600605970785315,-8.638840483709673,-6.46747881074204,-9.700764922075003,-7.000638657754978,-7.8355457321979,-9.277744426282569,-6.269923078407467,-9.35951183187694,-7.712349418509449,-7.104487165935806,-9.667496036740438,-6.413755459449227,-8.753052610304694,-8.48224959333115,-6.5509626169986515,-9.73157345322695,-6.870736630931292,-8.000456396598334,-9.159180872055153,-6.283648298470317,-9.45739603956016,-7.55114521868406,-7.249484128631207,-9.610237987821998,-6.355027352962105,-8.898794403772937,-8.321393238563546,-6.647577906975537,-9.74686266562808,-6.7510855775799055,-8.165441568527749,-9.030254086263772,-6.312912957873345,-9.54223070657151,-7.3940629017093515,-7.401320324003845,-9.538553604686536,-6.31119570643287,-9.036518515526971,-8.157720406373194,-6.7564543743915,-9.746494834725775,-6.642763309124958,-8.32901506881643,-8.89212543572227,-6.357453441852275,-9.613251645963112,-7.242517458185268,-7.558628018286488,-9.45308861710337,-6.282655353404935,-9.164984332827743,-7.992705454431178,-6.87661126481844,-9.730473273924606,-6.546745587794717,-8.48970343457089,-8.746039177237334,-6.416868531687084,-9.669819104237792,-7.097874002799367,-7.719990190690127,-9.354612889920245,-6.269663384122651,-9.283034641245179
-9.259097614997822,-7.808351601574897,-7.163482654571924,-9.58583191876973,-6.581025330076802,-8.685921272974333,-8.519349009938072,-6.665422125183472,-9.62524625171536,-7.019701554801375,-7.9855676159057145,-9.135873059722625,-6.436878874228389,-9.353060949520708,-7.658337624854863,-7.2955405420666954,-9.536878534172873,-6.522723928813523,-8.822715499117988,-8.37154696114983,-6.751316480558975,-9.643634044639818,-6.906102904680396,-8.138335246504345,-9.019301646309552,-6.459745633758074,-9.435179753613719,-7.511745110848506,-7.434287952434423,-9.474424798431265,-6.478073548472729,-8.952442523314662,-8.220741816753957,-6.848802705208533,-9.647559837478308,-6.802701814535339,-8.290200542359955,-8.893892191585072,-6.496830719921163,-9.504714304702684,-7.36989455847219,-7.578475055107188,-9.399033292048609,-6.447476397715986,-9.073933770238186,-8.068292022856019,-6.95700264750975,-9.636988266861673,-6.710429716836745,-8.439795507569288,-8.760774378399555,-6.547800071893185,-9.561038238610797,-7.234063751260488,-7.726803019008077,-9.311383138397295,-6.43120809433109,-9.186094852081663,-7.91557084049184,-7.074941647142987,-9.612014561032893,-6.630117794580882,-8.58577259726767,-8.621147326157171,-6.612194559994132,-9.603644191819571,-7.105476247148454,-7.877935712364501,-9.212263886204985,-6.429415182479153,-9.287915426754783,-7.763953975352791,-7.201557314788672,-9.57286368203527,-6.5624894940298155,-8.726816856253851,-8.47626878920118,-6.6894341215084605,-9.632148371777088,-6.985290356715488,-8.030511738524273,-9.102568397334283,-6.442113812631253,-9.378478299000808,-7.6148071854890365,-7.3357091020835306,-9.519888299264244,-6.508154007939387,-8.861657764048559,-8.327443827018062,-6.778822985864455,-9.646294014084445,-6.87458870917463,-8.183156699356841,-8.983284803922546,-6.4691895960856876,-9.456967682451166,-7.469473978621502,-7.476188575630028,-9.453565612636982,-6.467600787977629,-8.989080679687238,-8.17601304831911,-6.879555942104959,-9.645953695418113,-6.774368500096239,-8.334495575771104,-8.855487607330941,-6.51039863537642,-9.522676548193122,-7.329263509883229,-7.62173030251145,-9.374493053996563,-6.44119513576568,-9.107937783152204,-8.023340534896183,-6.990725592192243,-9.631130481353654,-6.685532508714193,-8.483165113827123,-8.720327999083542,-6.565369721290601,-9.575012993655207,-7.195438789007621,-7.771023249255473,-9.283382905472077,-6.429174912256863,-9.217158414884864
-9.12919439165366,-7.798203629765097,-7.206566911036755,-9.428957641656623,-6.672189900226845,-8.603332242726326,-8.450510080034293,-6.7496199628157765,-9.465118425523167,-7.074654561281437,-7.9607909301957935,-9.016141697941862,-6.539942353572871,-9.21540130109822,-7.660572910589497,-7.327723768724993,-9.384045229657046,-6.618701125645625,-8.728834466818133,-8.31490869998211,-6.828423966028873,-9.48198835470962,-6.970433179678401,-8.100947996395574,-8.909192946804497,-6.560921522501641,-9.29074141481478,-7.526081221417713,-7.455017946842146,-9.32674688484107,-6.577736516266353,-8.847852867816993,-8.176552121932591,-6.917862960325203,-9.485590083718538,-6.8755675764102175,-8.240277213202019,-8.794135711321951,-6.5949453327552705,-9.354536072373838,-7.3959400574684135,-7.587302785032482,-9.257578748177767,-6.54966507948794,-8.959315333203339,-8.036686655853368,-7.0171312831793236,-9.475891168333483,-6.79091229665719,-8.377523509160385,-8.672006422009146,-6.641707299347994,-9.40621061430695,-7.271321724620417,-7.7233866672938705,-9.177163883198917,-6.5347396815777925,-9.062217813993113,-7.896572203708971,-7.1253347299066006,-9.452978975957505,-6.717229911454658,-8.51145057567529,-8.54390521413068,-6.7007861925421786,-9.44529955861398,-7.153348779333038,-7.862043756002406,-9.086226663470153,-6.533094769863593,-9.155633369166932,-7.757470910319616,-7.241498608619689,-9.417059898611427,-6.655184148486601,-8.640852003624138,-8.410986017730902,-6.771649832267325,-9.471450793804454,-7.043083916706809,-8.002025034203667,-8.985586247465653,-6.544745161637688,-9.2387205155139,-7.620635794015822,-7.364576520210162,-9.368457493763604,-6.605333913255935,-8.76456215063738,-8.274446163082755,-6.853659881974664,-9.484428750702403,-6.941520397772796,-8.142069556702562,-8.876149199624798,-6.569585910683567,-9.310730807675428,-7.487299459504775,-7.493459784265597,-9.307609569738476,-6.568128254488289,-8.881466641153835,-8.13551559518938,-6.94607759874474,-9.484116524443087,-6.849573102240925,-8.280915808602108,-8.758901324059487,-6.607393252626803,-9.37101558010804,-7.358662994621171,-7.626987426014153,-9.235064241958478,-6.543902319120855,-8.990512404666532,-7.995445794493686,-7.048070487851114,-9.470516927546909,-6.768070287303845,-8.417313068974323,-8.634898784474137,-6.657826620594589,-9.419031790234142,-7.235885150980925,-7.763956634333794,-9.151474995544309,-6.532874333313523,-9.090717161735489
-9.03354214104131,-7.816146538015057,-7.2750038339539245,-9.307721701825537,-6.786233932654817,-8.552560389527342,-8.412781035505182,-6.857055624613115,-9.340796295986241,-7.154349717355006,-7.964857611239479,-8.93013807831158,-6.665273226977855,-9.112391608305364,-7.690262093762435,-7.3858204001161525,-9.26664239875659,-6.737310227959794,-8.667351461076622,-8.288752733756803,-6.929133996424175,-9.356226438856512,-7.05902324677543,-8.09305278810349,-8.832317009141246,-6.684461901114699,-9.181301720829286,-7.567248774865326,-7.502250489015325,-9.214234256613908,-6.699841797099122,-8.776212079950968,-8.162204380011472,-7.0109397020031885,-9.359520773561382,-6.972254073311559,-8.220490769470532,-8.727079484897232,-6.715581904488875,-9.2396517393514,-7.448214679887993,-7.623245303533383,-9.150969365636044,-6.674166154049445,-8.878161634485267,-8.034275916271827,-7.1017358391536245,-9.350649624878775,-6.894823809860247,-8.3460235996115,-8.615373480567667,-6.758352909479221,-9.28691604947216,-7.334232062720651,-7.747714927704694,-9.077417613177374,-6.660514583873669,-8.97228176757786,-7.906119716510538,-7.200704520266906,-9.329692903725707,-6.827429944827877,-8.468520484315723,-8.498205238924642,-6.812389636754629,-9.322668896365547,-7.2263276737637145,-7.874538144631218,-8.994241550187917,-6.6590100593152926,-9.057724649211012,-7.778890206136488,-7.306954239818024,-9.296839387324265,-6.770679559185421,-8.586877977035448,-8.376630206333678,-6.8772053258533425,-9.346588219959811,-7.125473511005293,-8.002572536354876,-8.902190422983423,-6.66966613306534,-9.1337206136663,-7.653733462981142,-7.419527905008076,-9.25238501870469,-6.7250838579098335,-8.700029918683756,-8.251743525339258,-6.95221611989974,-9.358458556040437,-7.0325780643060956,-8.130664774708322,-8.802093424067674,-6.6923868156803135,-9.19958509263961,-7.53177689348019,-7.537411457214049,-9.19673024086359,-6.691053565072069,-8.806957041548847,-8.124670169668969,-7.0367463249614,-9.35817297714228,-6.9484781317627435,-8.25766101044428,-8.694852222802801,-6.726967440250914,-9.254724781802263,-7.414119077045811,-7.659543006584462,-9.130376389591058,-6.668895224052734,-8.90669615081256,-7.996554810519708,-7.130034496670318,-9.34573405574748,-6.873931281867349,-8.382417267058978,-8.581432843211395,-6.77309650603246,-9.298642985260384,-7.301819870111725,-7.784822397496027,-9.053921177459834,-6.6588084362128,-8.998348800966923
-8.962818792936789,-7.85384573540283,-7.360897775353457,-9.212579630810987,-6.915658240623057,-8.524673787099289,-8.397343330816433,-6.980172477470542,-9.242708566484744,-7.250989242534585,-7.98931244248875,-8.868624005866945,-6.805470423875084,-9.034645842894399,-7.739172693466615,-7.461844900426727,-9.175158894106755,-6.871091733033693,-8.62924144388822,-8.284361121361487,-7.045831472928288,-9.256764484441481,-7.164152648678189,-8.106090420735582,-8.779514985019983,-6.822950134311577,-9.097418747602363,-7.627115071412114,-7.567905601939447,-9.127418276769903,-6.836960280423491,-8.728406820416627,-8.169083298417169,-7.120351475476486,-9.259765422198376,-7.085111229967028,-8.22217864012068,-8.683650026465774,-6.851298557130368,-9.150572051496987,-7.518682279368463,-7.6781244897589,-9.069787824180892,-6.813571337415835,-8.821276639335865,-8.05254827954055,-7.2030612122109465,-9.251684347440152,-7.014576988023155,-8.3365313830715,-8.581892677533089,-6.890260330985997,-9.193626951955439,-7.414851075155494,-7.7915087169930315,-9.002786668921,-6.801135590580266,-8.907014333403211,-7.9358058070542725,-7.293215637462253,-9.232594054132674,-6.9531852921946244,-8.448118565110876,-8.47515956394393,-6.939484489933814,-9.226195612328734,-7.316556765692372,-7.90703692351167,-8.927018354448892,-6.799765060577126,-8.98484758124285,-7.8199074920140985,-7.390002644134388,-9.202666506798117,-6.901489156176308,-8.555935013812652,-8.364412132889438,-6.998527624915813,-9.247984655557191,-7.224684781793952,-8.02366843631353,-8.843165398407606,-6.809472093080384,-9.05407526438276,-7.7058973413424905,-7.492550379129717,-9.162171291466105,-6.859954256486923,-8.659009523350635,-8.25064799235585,-7.066857877969872,-9.258797806898107,-7.140062702248976,-8.140352643862888,-8.75198314453579,-6.8301692475683335,-9.114073782899126,-7.594802353460473,-7.5999350969633035,-9.11147318725463,-6.828954737675405,-8.756413603078077,-8.134891924715657,-7.1438597331828975,-9.258537661959954,-7.063452799026753,-8.256038459952016,-8.654292958564454,-6.861670084984013,-9.164302672776973,-7.487623267130891,-7.711189480821749,-9.05102888045581,-6.80876984204328,-8.84726984133041,-8.01818665553312,-7.228839561231086,-9.247206564116881,-6.995545170764818,-8.369683791839673,-8.550974829390652,-6.90369084716993,-9.20430947438631,-7.385325546847729,-7.8253113561101335,-8.981382850725783,-6.799581394242301,-8.930759809110901
-8.85219400821725,-7.850689077038635,-7.405511613573731,-9.077751075674366,-7.003419257444048,-8.456508665876006,-8.341517522502265,-7.061681562280975,-9.104960282826369,-7.306254073592119,-7.97302800514458,-8.767127429637291,-6.903909498321229,-8.917060457619115,-7.747128745980858,-7.496676176014951,-9.043956699802907,-6.963171591540054,-8.55094290231164,-8.239484169089511,-7.120977689703037,-9.117654072860562,-7.227832621994977,-8.078489287790475,-8.686653766923445,-6.919695288678166,-8.97375017896296,-7.645930380248429,-7.592458769512269,-9.000842520107062,-6.932347742515788,-8.640498381518888,-8.13537766501357,-7.188276123615781,-9.120364196376434,-7.156450932359872,-8.183327654580427,-8.600078869483852,-6.9452965285381225,-9.021752513733182,-7.54800557026732,-7.691996588677748,-8.948796907220581,-6.911225370247059,-8.724368391681363,-8.03013579708266,-7.262970642687549,-9.113066240700594,-7.09275200780636,-8.286598726119097,-8.508182600185512,-6.980482603058857,-9.060635059010187,-7.454236418417282,-7.794393001215824,-8.888288685734423,-6.899994744133918,-8.80179743543764,-7.92470657941259,-7.344388401976974,-9.095825945496667,-7.037309645444181,-8.387372241137825,-8.411792756578947,-7.024936557629209,-9.09004756253689,-7.365467593092507,-7.89872562474766,-8.819862911045497,-6.898757029162262,-8.872088035368341,-7.820039713757495,-7.431795993890623,-9.068798610585311,-6.990623267634105,-8.484740436247188,-8.311777614134389,-7.07825795298232,-9.109725077775622,-7.2824987199658375,-8.004054635590926,-8.744135959521538,-6.907523374614099,-8.934607016841944,-7.717078034637949,-7.52440605468633,-9.032227697010248,-6.953113423213333,-8.577826223029655,-8.209038104854475,-7.139966472334899,-9.119490350534896,-7.206077178995906,-8.109431234650252,-8.661789976210029,-6.926214813635297,-8.988791211624072,-7.61674901632935,-7.621384357011107,-8.9864426339519,-6.925117999210032,-8.665791088813567,-8.104499701718428,-7.20950624805969,-9.119255415667352,-7.1368913720613465,-8.213906194157675,-8.573566730105556,-6.954662974565566,-9.034152530872129,-7.519956418214307,-7.721857324584586,-8.931855851243848,-6.906889177171874,-8.747842649958248,-7.999104082062213,-7.286250868916601,-9.109022389455932,-7.075564521866981,-8.316538408274774,-8.480260932327376,-6.9926115976228855,-9.070282361818187,-7.427572143757954,-7.824919901335391,-8.868959064222944,-6.89859116152574,-8.823241789610966
-8.780014572900113,-7.879552374072771,-7.47928926488545,-8.982814985160148,-7.117764367842655,-8.424250280267987,-8.320860696667904,-7.17014853639634,-9.007279030955317,-7.390045907294738,-7.989548417801498,-8.703530437864769,-7.028294237726508,-8.838336587939807,-7.786440337863593,-7.5612561527113,-8.952430154234355,-7.0815773251139404,-8.509156961741178,-8.229121579957164,-7.223462224245664,-9.018692133107686,-7.319536466410316,-8.084369616885079,-8.631175835287104,-7.042487385510919,-8.889306832361983,-7.695451966175881,-7.647375154290732,-8.91366580286579,-7.053863321912729,-8.589677108186281,-8.135518474616356,-7.283970858693814,-9.021128829827017,-7.255356539578409,-8.178630746653107,-8.553335557037089,-7.065505693278883,-8.932466168447498,-7.607406878258472,-7.736870513446624,-8.866871118626019,-7.0348720047604845,-8.66508539766689,-8.040894553300024,-7.351129380623966,-9.01456717145647,-7.198084256756106,-8.27148270699596,-8.470710784916365,-7.097141813126798,-8.967425818795832,-7.523098180389464,-7.828936059921325,-8.812467625971783,-7.024774446606531,-8.734702555629182,-7.946102184128048,-7.4243328290254365,-8.999066265125945,-7.148235524147195,-8.3620890915402,-8.384045799236818,-7.137110768279001,-8.993870868414813,-7.443285321609828,-7.9227424713229535,-8.750945389171267,-7.023661605810444,-8.797901473777296,-7.851995252591288,-7.5029217904558525,-8.974765742317652,-7.106259376941738,-8.449633721960387,-8.294121274376346,-7.185052520146064,-9.011563101461007,-7.368687252639819,-8.017444743624917,-8.682858597826657,-7.03154350679315,-8.854112859037194,-7.759421469788409,-7.5861883390084355,-8.941884501071868,-7.07253393442689,-8.533328000077491,-8.201747246498359,-7.240535211536519,-9.020343147077577,-7.299975949602524,-8.112189802925066,-8.608820574758695,-7.048349149737382,-8.90283036172366,-7.669214736281834,-7.673382413277389,-8.900718734163013,-7.047362993904962,-8.612418011516692,-8.107755816781678,-7.30305905680747,-9.020131914999906,-7.237770360892521,-8.20612418989782,-8.529498251221625,-7.073927150150936,-8.943615136715975,-7.582187630358041,-7.763718572878172,-8.85163926100819,-7.030973294100692,-8.686191316934773,-8.012993655889751,-7.372060843911661,-9.010931307997252,-7.182630831715978,-8.29840174771837,-8.445606159215846,-7.10804710253145,-8.976099796555504,-7.499124088358165,-7.856383073659638,-8.795088187342115,-7.023512472708802,-8.753983369642368
12.424811768056218,13.979370892822326,14.67038565113725,12.07469686951219,15.294522709039184,13.03900371092452,13.217495624078223,15.204086611527854,12.032462108664815,14.82445550109661,13.789473578210616,12.556854079409073,15.448984059384815,12.324124564559197,14.140119634638507,14.528877908153374,12.127153281598874,15.356996067216224,12.892420704320083,13.375874155865992,15.11204579068159,12.012758514093095,14.946183092606594,13.62577413535937,12.681767160493893,15.424480990376319,12.236129467528764,14.297202079230795,14.380201950522506,12.194076108802635,15.404841558805261,12.753410617559359,13.537470680077108,15.007583604560944,12.008551797670956,15.056983402728763,13.463041596911362,12.816150719276793,15.384742153561222,12.161619132927308,14.449203234849636,14.225697044729467,12.274862513240512,15.43762819372319,12.623225647387658,13.700829542331421,14.891641043942316,12.019879853314842,15.155858347144578,13.302741850412977,12.958794234572897,15.330125514633105,12.101264746570601,14.594753881773068,14.066754964167716,12.368784774535799,15.455060631405223,12.503038494288392,13.864479213185346,14.76526251431048,12.04664063839793,15.241917264705057,13.146318868927748,13.10841277987254,15.261123057872409,12.05560997811545,14.732542906177569,13.904807452105716,12.474996845091132,15.45698184121972,12.3939317988486,14.02694554360402,14.629586427899914,12.088593092945617,15.314384940467294,12.995181703790545,13.263658597902607,15.178356354373614,12.02506608370737,14.861329110593791,13.741313324606724,12.59254197124818,15.4433745169932,12.296888389380312,14.186765044031405,14.485834948927485,12.145359311093186,15.372608588796458,12.850691791935175,13.423133241164846,15.082570962960249,12.00990820140329,14.979952394558739,13.577745329577771,12.72036131168227,15.414361232903607,12.212782428646266,14.342498067439399,14.335302984390983,12.216427945245174,15.416063733630155,12.714150692130227,13.585400169089374,14.974629714223768,12.01027287274009,15.087344204749682,13.415576880321408,12.857303475398622,15.370203339337452,12.142371539440253,14.492741777605135,14.179346519603667,12.301158812272023,15.44435893293567,12.58678836059517,13.748997688328872,14.855504938183552,12.02615681277443,15.182537160465456,13.25626878309325,13.002134893411663,15.311298608657156,12.086289979954218,14.636142785797881,14.019370403538696,12.398788660251652,15.457239304802604,12.469752071608847
12.586365488869117,13.962345348990041,14.573980104683699,12.276469878306639,15.12641970504782,13.130002414716166,13.287990151419908,15.046372412654073,12.239086816191357,14.710351251472876,13.794262401076388,12.70323950042058,15.263137378796412,12.497244681576156,14.104628153005052,14.448727998607463,12.322900384175206,15.181716464930567,13.000258063594092,13.42817502219366,14.96490473878061,12.221646662986021,14.818095441880534,13.649367856450933,12.813803248752905,15.241449088573344,12.419357980855473,14.24366582400394,14.317131123245748,12.382135482376171,15.224065727673473,12.877216696630839,13.571208219990812,14.872442598257113,12.217923191178556,14.916167617325257,13.505329143529991,12.932749558012432,15.2062752323648,12.353406986680259,14.378205916763743,14.18037489746174,12.453641585751189,15.25308601298105,12.761986665046383,13.7158013080588,14.769818885977216,12.227949941639181,15.003684347965663,13.3634437567021,13.059006965078776,15.157932654719907,12.299985782704322,14.507036500048471,14.039691215320289,12.536774570467205,15.268515907400086,12.655605955895329,13.86065179822224,14.657958031825874,12.251636593840903,15.079857286942712,13.224989793289083,13.191438148784233,15.096856823451109,12.259575584782631,14.62899707363221,13.896347349240234,12.630785578255587,15.270216419120548,12.559032841925099,14.004454883638807,14.537867673455587,12.288769779462868,15.14400027177361,13.091214440501613,13.328850174852725,15.023597906959221,12.232540406200084,14.742989022034173,13.751634534460347,12.734827762094557,15.258172230007673,12.473137249497295,14.145915192442281,14.410629579530774,12.339015004402793,15.195535505273174,12.963322740831746,13.470005241799328,14.938815818340743,12.219123778655835,14.847985510798619,13.606856337649045,12.847963914569757,15.23249183358708,12.398692922329243,14.283758456394935,14.277389905203286,12.40191966188512,15.233998760325502,12.842466737083008,13.613631830991576,14.843274270919672,12.219446558540504,14.943040736174428,13.46331691443324,12.969174910197495,15.193406557739799,12.336370451644665,14.416742989439957,14.139348867597022,12.47691710952293,15.259043561621404,12.72973509481971,13.758436160433316,14.737833898751507,12.2335058382671,15.027298444873669,13.32230926162163,13.097368885662195,15.14126848091102,12.286731235517347,14.543670872754745,13.997749934305315,12.56333177360774,15.270444306692735,12.62614329571544
12.729086414999754,13.934895257754663,14.470887548286322,12.457516402692795,14.955005502707914,13.205490344616033,13.343939325945938,14.884857867699298,12.424756601351005,14.590393319744758,13.787599566309888,12.831506312776897,15.07481494523307,12.650987410340003,14.059581576374315,14.36112569678137,12.498204726826392,15.003463568101727,13.09179181572423,13.46678716819894,14.813465513492412,12.409473317370276,14.684812505166269,13.660624507851571,12.92839635404213,15.055808902417217,12.58273316099819,14.181424096040098,14.245803750153366,12.55011406596883,15.040575387089442,12.983967295461339,13.592131077444938,14.73243840699575,12.406210337030727,14.770755838936479,13.534399438159168,13.032632263065969,15.02498508872686,12.524938498249304,14.299325264695709,14.125960523423542,12.612776823077036,15.066006658038473,12.88298806236177,13.71884196126434,14.642506436819557,12.414997053115696,14.847449147286154,13.410061387106781,13.143275087366119,14.982621163719513,12.478124033872524,14.412223033801387,14.002675559105407,12.68562853479204,15.079528297179044,12.789763732914382,13.845778413590837,14.544479706194336,12.435754315273291,14.914201580268047,13.288730386387622,13.259328161249412,14.929098739767719,12.442711470503193,14.519100425220332,13.877059402733165,12.768012956100042,15.081018502180706,12.7051340677771,13.971796996446765,14.439241235596535,12.46829514299928,14.970411834902874,13.1714993803178,13.379746083732444,14.864899944511519,12.419019802954056,14.618994692113068,13.750243599116532,12.85918797175873,15.070463849342373,12.629861407249921,14.095762539982465,14.32773900853899,12.512326409949248,15.015573571690032,13.059424380642058,13.503444135467676,14.790603077873945,12.407262444723985,14.71100599131861,13.623370499434797,12.958332281238578,15.047959414512432,12.564623804147006,14.21655836803601,14.210977432177144,12.56745148440782,15.049279975691585,12.953514954026295,13.629308049847586,14.706877402760727,12.407545305578624,14.79430548910206,13.497582970987724,13.064552796961975,15.013707916649645,12.51000891592677,14.333096357103111,14.090008289653452,12.63317380212966,15.07122742110331,12.85472512792562,13.756204050269206,14.614477116369494,12.419865837519842,14.8681428272524,13.374014102297009,13.176892689196778,14.968017891739796,12.466508711099292,14.444326738105696,13.96592126568146,12.708901339368468,15.081218206302593,12.763944796747056
12.863382361183847,13.90883791110234,14.373551798561989,12.627926817576219,14.793289807041754,13.276432186795015,13.39646966767898,14.732470685690926,12.599523545919366,14.477165213548284,13.781130191072522,12.952182050451812,14.897166509699199,12.795669275187477,14.016942943324532,14.278386517999762,12.663204245286208,14.835303724677766,13.177853743983194,13.502980711490443,14.670572372889696,12.586272694298367,14.55902815725682,13.671040784808769,13.03618726569069,14.880687966633927,12.736491749488719,14.122582356375792,14.178400546049017,12.708210472454914,14.867480265230936,13.084368160589564,13.611655885301838,14.600320575774626,12.58344363816252,14.633542402038179,13.561601630798856,13.126561465751125,14.853963227231107,12.686382852635345,14.224804555071293,14.074494551945856,12.7625400849682,14.88952958383968,12.996817550636115,13.721516247928983,14.52234811944316,12.591061861525022,14.700036726853872,13.453798552126967,13.222490563815269,14.817233026767434,12.645793963365511,14.322688726342824,13.967604516313488,12.825703684066964,14.901253061212104,12.915990566165233,13.83157218205906,14.437357376351274,12.609058739765016,14.757912153751588,13.34860263418262,13.323110434788509,14.770828229272622,12.61509070460791,14.4153531338823,13.85869329988987,12.897132294829591,14.902545092779851,12.842615293096765,13.940832308679623,14.346113939373291,12.63727215779515,14.806647343432276,13.246961477166215,13.427514699300216,14.715166847120761,12.594549649966547,14.50196306078369,13.748741970120653,12.97618249147312,14.8933940399794,12.777352692662125,14.048312417377415,14.249439725374947,12.675447970387152,14.845803291451551,13.14979066014814,13.534762888329288,14.650750275593266,12.584355832357842,14.581738328636154,13.638740963746715,13.062142193304242,14.873882335091759,12.720790647494583,14.15304433206221,14.148205571422457,12.723242291500869,14.87502728275245,13.057965493572672,13.643888914907686,14.578158776332236,12.584601077242313,14.653960325336863,13.529681164993645,13.154237079110947,14.84418573869605,12.673438666008385,14.254084632254555,14.043323390320404,12.780224591994552,14.894056068907146,12.972313134500181,13.753909776589333,14.498046250369109,12.595283175464834,14.717978478317166,13.422544979730064,13.251637562213881,14.804571756426038,12.635723292769311,14.350523151375898,13.935737956141635,12.845881577812547,14.902718239447184,12.8936051356127
12.989284285000142,13.884629748688514,14.282618425569538,12.787636254258132,14.642089014117516,13.343027002868027,13.44582909138381,14.590002510381204,12.763311221564152,14.371354671785337,13.775258740217044,13.06533381094049,14.731050744259463,12.931293675658676,13.977212690363626,14.201117301721027,12.81784842815036,14.67807042965461,13.25860279028825,13.537046914960086,14.536991769196781,12.75196297257375,14.441463453836693,13.680976347717351,13.13727726984332,14.716938246810063,12.880613061651875,14.067684034907657,14.115487657853766,12.856392507175403,14.705626952381678,13.178540186939621,13.630118135343551,14.47682696556851,12.749540122001147,14.505278688305872,13.587250842027213,13.214675232927341,14.69405073696382,12.837698971720847,14.155228820429532,14.026500842032135,12.902921287965281,14.724510354354432,13.10356039323047,13.724204371075949,14.410050061400312,12.7560644947777,14.562225530368544,13.494926498378131,13.296830502746456,14.662594384402414,12.802937974099542,14.23905844735312,13.934958443577806,12.957015641309827,14.734550534718746,13.034338823843562,13.818458097485486,14.337262580106866,12.771477319640496,14.611791005376961,13.404834970395573,13.383003028244865,14.622852546565696,12.776643194325107,14.318417782087447,13.841685072388309,13.018188287654159,14.735657051971643,12.971499023630276,13.912030281151605,14.259120188117134,12.79563975854131,14.653528629713069,13.317787798599724,13.472416571104304,14.575183216180314,12.759051494616827,14.392591959236906,13.747520930887458,13.085888186491534,14.727819938654395,12.915607050746093,14.004078027960933,14.17632678866002,12.828334157293636,14.687062432693224,13.234569100084219,13.564265698064755,14.520015796477015,12.750321340231658,14.460912821077276,13.653314245518828,13.159505500111898,14.711109791138956,12.867166377623604,14.093772175860131,14.089628181035089,12.869266006192007,14.71209034329561,13.155928505223748,13.657723036231761,14.457847233145202,12.750531372016194,14.522764936291104,13.559913625959307,13.238377086993196,14.685677133698896,12.826613355714994,14.180304763911323,13.99980534248515,12.91806659294247,14.728386911202708,13.082574405036762,13.75194672601506,14.389237537868063,12.759679698013368,14.577591143745924,13.46816042088033,13.321792475351,14.65175106259348,12.794313284857317,14.262896310368607,13.907667393187914,12.974296324006765,14.735805337647836,13.015167570030346
13.106424525927762,13.862283718789689,14.19826956143442,12.936191332216174,14.501738065980335,13.405057507332431,13.491844012431768,14.457766141991415,12.915655907261128,14.27318154810599,13.769951668716876,13.17062626215816,14.576840408336198,13.057468299590449,13.94044312251197,14.129465534175827,12.961696738005253,14.5321139206743,13.333785780645306,13.568850970415289,14.413013967920408,12.906075607063991,14.332368051598808,13.690357572375182,13.231361617373983,14.564926503185633,13.014683241140363,14.016819895766039,14.057176170881425,12.994236017694524,14.555377400382744,13.26619616613358,13.64742258368724,14.362222265998087,12.904030213467324,14.386241482106248,13.61123360519755,13.296701717121453,14.545604648749991,12.978454756501543,14.09072603993886,13.982052650955156,13.033516058884219,14.57131894870401,13.202897508070935,13.726851082612276,14.305848565640614,12.909538151286656,14.434316550136645,13.533292512398992,13.366057980656892,14.51904889544389,12.949109190269626,14.161495811735497,13.904771683759213,13.079183028691562,14.57979496487222,13.144459997984173,13.80642097876684,14.244400678660456,12.922549805260443,14.476160197592398,13.457236383914159,13.438805649809956,14.485498456324711,12.926910886014069,14.228491720165346,13.826029412845847,13.130825561061778,14.580729097306664,13.091410038392985,13.885415510027252,14.178432124919935,12.942947966982187,14.511395498738286,13.3837503300021,13.514289416777684,14.445255552271865,12.912059805082924,14.291110269032986,13.746535145126922,13.187978462335499,14.57411293138347,13.04422550099927,13.963123097131612,14.108537146248628,12.970548890708587,14.539705055531877,13.313496309803204,13.591829327108387,14.39868268959444,12.904689725359786,14.348787393205322,13.66700496146843,13.250126901692665,14.560006065234179,13.003331422039823,14.038843753554266,14.035345353539169,13.005103948533103,14.560833856731145,13.247107168440328,13.670726904701437,14.34619939459031,12.904867036198533,14.401003539685513,13.588155266265604,13.31671104872598,14.538535572888373,12.969096173578654,14.11189539095374,13.9595160552399,13.046301870015208,14.574591575024526,13.185180936377856,13.750271443649213,14.288278434471687,12.912590140390938,14.44728834772348,13.510696334103494,13.387131116368538,14.509894859596455,12.941828145227573,14.18161996339447,13.881732318333627,13.093771546090872,14.580854281490945,13.128275442389603
13.214463774012161,13.841804579797644,14.12066290585595,13.073175251066369,14.37253280169133,13.462320328457414,13.53435056445174,14.336037403490641,13.056131454867147,14.182837642268948,13.76517170526292,13.267749318886077,14.434865527700142,13.173831552073606,13.90667457645032,14.06355759535723,13.094343984569525,14.397743863936908,13.40316690031648,13.598264065178713,14.298894420766496,13.048180088657547,14.231960692095496,13.699110956109758,13.318157869897403,14.424977338302183,13.138321217216093,13.970065042464347,14.003559558888137,13.121350625664485,14.417051865008391,13.347069516529997,13.663476183583013,14.256738808303124,13.046482472382982,14.27667404826571,13.633440400277506,13.37238822286894,14.40894076979128,13.108252644973623,14.031404959310928,13.941209256121367,13.153951899716505,14.430282879281654,13.294533499862917,13.72939949177127,14.209950302002815,13.051053898096166,14.316574934834525,13.56875159524371,13.429951873167154,14.386900278870995,13.083896691721987,14.090141779717987,13.87706833584094,13.19185413588333,14.437317722362257,13.246032092441888,13.795440155483865,14.158950370671706,13.061853186595405,14.3513039263713,13.50562725491791,13.490330289962879,14.35905440531379,13.06547275481646,14.145746404991614,13.811714576634637,13.234715912489191,14.438093024693258,13.202002192810964,13.861003283327713,14.104198419447316,13.078783058365053,14.380548185648296,13.4446360005804,13.552979587134166,14.325653983523493,13.053146796270061,14.19771795111385,13.745736682289932,13.282151132536297,14.432601802385369,13.162840420368783,13.925498285531914,14.046187651497279,13.101691009865094,14.40404428166464,13.386327238766752,13.617335422568564,14.286999883030033,13.047029847775052,14.245588260683894,13.679728978776167,13.333732501649523,14.420893520127537,13.128899542638452,13.988344193954264,13.985440625266927,13.130370687276331,14.42158056262121,13.33122621223786,13.682818081732025,14.243440298269933,13.04717701053434,14.288926120059353,13.614286060582385,13.388995377125388,14.403073645611185,13.100485297553229,14.048974895416814,13.922504547295722,13.164563745326484,14.432999062470712,13.279829268616341,13.748837699711915,14.195367612066166,13.053586958912268,14.32734114370975,13.549997434636234,13.44744195341307,14.379302699481935,13.07785363938264,14.10684423122842,13.857946343005016,13.203962174453116,14.4381969238689,13.232599389309003
13.313082151255118,13.823186259348587,14.049931875744933,13.198197458092414,14.254732627403092,13.514619569950705,13.573188881796506,14.225057445465312,13.184338786093795,14.100487471955814,13.7608744445349,13.356409757384851,14.305416688303525,13.280043230240134,13.875933428796793,14.003498337210997,13.215410204056829,14.275232276560727,13.466520663544125,13.6251583041309,14.194855698823455,13.177873361668878,14.140430465122387,13.707159048985956,13.39739801881593,14.297376391885715,13.25116902418891,13.927477560518346,13.954712661868063,13.237369876441116,14.290932021539541,13.42090669158681,13.678183660027942,14.160578076678602,13.176492993888504,14.176787842896521,13.653760927897897,13.44149386843869,14.284336718072547,13.226719630679133,13.977354347242551,13.904014308933123,13.263878663482627,14.301690439727535,13.378188542731197,13.731787299414728,14.122533350342872,13.180210117044899,14.209232099618896,13.60116108919606,13.488300092779872,14.266415127672,13.206915288771809,14.025114501069107,13.851859966938784,13.294697775194033,14.307410619767024,13.338751020182661,13.78548636306616,14.081064225037194,13.188991247456228,14.237470978852441,13.549833349913163,13.537395063430024,14.243773057581892,13.191934395107483,14.070327800633704,13.798719439903012,13.329549594373018,14.308041034527884,13.302949375409119,13.838797132179495,14.036544252817746,13.202757285086092,14.261250106015497,13.500240068066331,13.588336535053616,14.21661446657337,13.181911896917148,14.112586966523173,13.74507141535525,13.368120177365862,14.303576005261691,13.27110610805149,13.89123938569219,13.98937446763548,13.22138422607321,14.280355279776815,13.452827977756433,13.640665629115604,14.185183998039308,13.176938076423527,14.151511330030521,13.691399152340209,13.410062082057996,14.294055752755623,13.243508060861076,13.942340726091954,13.939979772839939,13.244704279752723,14.294614401571748,13.408024165006898,13.693910967439075,14.149764776257376,13.177057737582787,14.186750262201874,13.638186128241648,13.45499749761733,14.279566035025374,13.220403835832707,13.991640834752845,13.888805113668505,13.27250738010712,14.303899025858547,13.366232220591678,13.747592918359098,14.110675856018995,13.182269802492472,14.217986332286687,13.585911683639315,13.502521647797574,14.26023737481074,13.202001554808872,14.038695618465153,13.836311469199464,13.304543078031726,14.30812551715014,13.32782860450733
12.88069165837095,13.285150538294833,13.464935951860866,12.78960018590535,13.627321396927798,13.040489623796137,13.086928924894114,13.60379210034371,12.778611717345974,13.505021219736399,13.235743826163532,12.915045890706995,13.667508523783923,12.854495270661861,13.326973493130293,13.428119041962745,12.803248082173429,13.643575461550245,13.00235225242017,13.128135208109946,13.579845293359217,12.773485316127783,13.536691810152423,13.193153169915742,12.947545268864136,13.661133414797721,12.831601063669847,13.367842565643091,13.389437135088318,12.820659791577693,13.656023707248472,12.966185172575056,13.170178735526026,13.552666746001545,12.772390829732796,13.565519384873308,13.150814078928928,12.982508637448586,13.650794325616967,12.812215267404174,13.4073896090262,13.349238676152765,12.84167847020591,13.664554000772931,12.932314175724748,13.212680780897223,13.522501281429477,12.77533811724631,13.591244266374343,13.109107941871855,13.019621047974464,13.636584390302094,12.796512508264666,13.445258385252838,13.307885771105525,12.866114782725784,13.66908950161487,12.901044370318612,13.255258487668879,13.48962062882065,12.782300629632076,13.613634726054805,13.068410445792132,13.058548193480647,13.61863161132521,12.784634236014753,13.48110777405292,13.265750925095784,12.893748607909288,13.669589354182257,12.872657433387918,13.297528317731704,13.454320975647065,12.79321564888486,13.63248907163905,13.029088191943817,13.098939419953137,13.597097706529436,12.776687449608247,13.514614845709438,13.223213686962545,12.924331021475027,13.666049055825159,12.847409073211558,13.339109506316333,13.41692029963139,12.807984852991481,13.647637464011606,12.991495393459477,13.140430885001024,13.57217665238172,12.77274373334744,13.545477769995173,13.180657230275344,12.957586538387169,13.658500497395416,12.825526725907121,13.379627491905485,13.37775550441761,12.826475201611164,13.658943447120489,12.955970684613817,13.18264883533271,13.544092936641345,12.772838612054894,13.573418535046073,13.138464901723612,12.993215594412554,13.647011675975225,12.807207506696344,13.418717290267697,13.337179384757796,12.848520134497083,13.666305177167299,12.922834070421086,13.225212973509112,13.513099536184054,12.776971231067396,13.598185451679907,13.09701676794652,13.030897244582121,13.631686082362467,12.792616434299838,13.456026782219197,13.295557448552607,12.873921071863759,13.669656340011677,12.892384044044007
-8.596509851137835,-8.436133788038315,-8.364845263390603,-8.632629448113233,-8.300456175458105,-8.533146750812215,-8.514732635922247,-8.309786013770388,-8.636986596427983,-8.348950650194379,-8.455724540956881,-8.582887708550935,-8.284521173131838,-8.606897244607854,-8.419550147088305,-8.3794439070551,-8.62721778333911,-8.29401111262748,-8.548268983953427,-8.498393517645592,-8.319281403335577,-8.639019317394318,-8.336392625487601,-8.472612590924115,-8.570001052871609,-8.28704903178889,-8.615975257151073,-8.40334473962299,-8.394782059449899,-8.620313691119367,-8.289075133380459,-8.562609956960266,-8.481722415240629,-8.330058242817522,-8.639453303215515,-8.324961913561303,-8.48940089021663,-8.556137375537274,-8.29114868814742,-8.623662114429921,-8.387663543239807,-8.410721555173087,-8.611979363212951,-8.285692700800926,-8.57604048697887,-8.464869501264324,-8.342019454920337,-8.638284644566387,-8.314761481765583,-8.505938210573055,-8.541421559943377,-8.296783212683332,-8.629888573572241,-8.372647813465822,-8.427118811948493,-8.602289874878945,-8.283894283692737,-8.588439592385749,-8.447986586024266,-8.35505729357167,-8.635523868672628,-8.305883215141254,-8.522075584539236,-8.525986165509316,-8.303901849847511,-8.63459854690803,-8.358432811334177,-8.443826124008542,-8.591332508601948,-8.283696082118073,-8.59969558258494,-8.43122575007813,-8.369054314494598,-8.631195844482018,-8.29840708872344,-8.537667647360504,-8.509970233589021,-8.312440475269597,-8.637749607204713,-8.345146584958638,-8.460692992621292,-8.579205967855264,-8.285099881467998,-8.609707064111976,-8.414737974298658,-8.383884433140487,-8.625339558646042,-8.292400447129973,-8.552573946420983,-8.493518034992556,-8.322322173387468,-8.639313369849779,-8.33290881608182,-8.47756748177639,-8.566019487984398,-8.288093036379735,-8.618383853981745,-8.39867177984464,-8.399414060453076,-8.618007764329843,-8.287917397924048,-8.5666602064346,-8.476777770401009,-8.33345793029926,-8.639275748538122,-8.321829741987328,-8.494297586817973,-8.551891852219846,-8.292648584645532,-8.625647792052867,-8.383171890288834,-8.415503306232822,-8.609266506014036,-8.284998324215662,-8.579799538990923,-8.45990023538128,-8.345747435596664,-8.637637082160863,-8.312009162487143,-8.51073260369594,-8.536950321682983,-8.298725490087044,-8.631433445090801,-8.36837792795439,-8.432007239261623,-8.59919452456892,-8.283669520892348,-8.591873585560384
-8.551082342779464,-8.433014243282743,-8.380531968444402,-8.577673419322018,-8.333129026299602,-8.504434727860623,-8.490878343528982,-8.339997609159498,-8.580881131313479,-8.368830429349075,-8.447436862968637,-8.541053785803909,-8.321397752917672,-8.558729492747029,-8.42080544521237,-8.391279420896998,-8.573689377298255,-8.328384201511899,-8.515567644410778,-8.478849561894782,-8.34698807006916,-8.58237761087947,-8.359585270926386,-8.459869765518436,-8.531566690812792,-8.323258750510869,-8.565412682666214,-8.408875100845378,-8.402571296180914,-8.568606617244285,-8.324750356924447,-8.526125400943315,-8.466576375114736,-8.35492192834965,-8.582697109189422,-8.351170034843463,-8.472229232093065,-8.521360317097999,-8.32627689814142,-8.571071710656275,-8.39733067819891,-8.414305877580414,-8.562470924439042,-8.32226022604941,-8.536012893651913,-8.454169339515355,-8.363727716154656,-8.581836748216617,-8.343660525176677,-8.484403929161418,-8.510526603224895,-8.330425008468271,-8.575655600442069,-8.38627616892423,-8.426377460502552,-8.555337568933354,-8.320936239876145,-8.545141056437286,-8.441740217127428,-8.373326111335068,-8.579804278054842,-8.337124387258708,-8.496284187587968,-8.499163138811374,-8.335665715496102,-8.579123060546086,-8.375811151554501,-8.4386773046595,-8.547270807679762,-8.32079032481385,-8.55342766321069,-8.429400968938573,-8.383630651969415,-8.576618007105893,-8.331620498332335,-8.50776299052752,-8.487372285444904,-8.341951811166592,-8.581442856240272,-8.366029894505749,-8.45109461359626,-8.538343305708711,-8.321823795258984,-8.560798068582905,-8.417262746353558,-8.394548515209047,-8.572306637158283,-8.327198437186848,-8.518736937428239,-8.475260254613833,-8.349226670606516,-8.582594090907085,-8.35702050691111,-8.463517532740273,-8.528635481565162,-8.32402734175525,-8.567185880266624,-8.40543488994737,-8.405981353422264,-8.566909004842808,-8.323898037554482,-8.529107175459286,-8.462936150958976,-8.357424762202122,-8.582566394275291,-8.348864144937638,-8.475834156982474,-8.518234782901873,-8.327381114852765,-8.572533557135253,-8.394023944530113,-8.41782618010548,-8.560473731793882,-8.321749029289913,-8.538780289972753,-8.450510989463822,-8.366472237905022,-8.581360015834937,-8.341634280735125,-8.48793353871361,-8.507234898754794,-8.331854903911019,-8.576792927550853,-8.383132699396045,-8.42997629758107,-8.553058786667982,-8.320770770565035,-8.547669145978691
-8.521232190167813,-8.439056010337582,-8.402527999186399,-8.53973975569275,-8.369535237256821,-8.488765140993971,-8.479329807644545,-8.374315816453738,-8.541972344500206,-8.394383650415756,-8.449094249235158,-8.514252248041414,-8.361370193225618,-8.526554657232177,-8.430558605958087,-8.41000829732981,-8.53696683603713,-8.36623280775487,-8.49651372470422,-8.470957695897816,-8.379181223581126,-8.54301390419712,-8.387948958874688,-8.457747631817744,-8.50764916704511,-8.362665459885571,-8.531206201713536,-8.422255007201796,-8.41786751737237,-8.533429201349952,-8.363703627836108,-8.503861993229926,-8.462415476549607,-8.384703241531652,-8.543236277138549,-8.382091898782994,-8.466349902474866,-8.500545463289596,-8.364766110641362,-8.535144922703862,-8.414220012520964,-8.426034863805727,-8.529158718488823,-8.361970480241963,-8.510743753691518,-8.453780097535963,-8.390832128210572,-8.54263746019882,-8.376865230280282,-8.474823572330925,-8.49300512662575,-8.367653222923408,-8.538335340377772,-8.406526000794143,-8.434436765532558,-8.524193855775465,-8.361048977089707,-8.517097015493544,-8.445129345971095,-8.397512674876346,-8.541222847494582,-8.372316034966461,-8.483092310940686,-8.485096080074479,-8.3713007897513,-8.540748715593232,-8.399242279340447,-8.442997538591781,-8.518579336474753,-8.360947419239194,-8.522864548733228,-8.436541147444487,-8.404684703458543,-8.53900518179483,-8.368485291792757,-8.491081633870564,-8.476889567979129,-8.375675954003542,-8.542363308772485,-8.392434459602262,-8.451640067916335,-8.512365735929517,-8.36166672151907,-8.527994399724907,-8.42809286407059,-8.41228360863925,-8.536004439734615,-8.365407507925136,-8.498719573651123,-8.468459514239582,-8.380739304393048,-8.543164575731215,-8.386163866120253,-8.460286501982322,-8.50560902598008,-8.363200404486047,-8.532440358996553,-8.419860597614333,-8.420240939814937,-8.532247651866387,-8.363110407905257,-8.505937328056879,-8.459881856409018,-8.386445230482288,-8.54314529869191,-8.38048698412461,-8.468858954092104,-8.498370070772387,-8.365534652791439,-8.536162377542661,-8.411918503969746,-8.428485017696488,-8.527768659169974,-8.361614683909032,-8.512669879873714,-8.451233861651772,-8.3927423335401,-8.54230565130129,-8.375454950718582,-8.477280203974255,-8.490714078496442,-8.368648439629212,-8.539126927583931,-8.404338125166941,-8.436941579993066,-8.522607808214511,-8.36093380935241,-8.518856582571079
-8.496844916395343,-8.444155124974579,-8.420734064363737,-8.508711612671924,-8.399579737793,-8.476027666767148,-8.469977911872315,-8.402644953543797,-8.510143105822813,-8.415512064036275,-8.450591451350881,-8.492369511289768,-8.394344468061135,-8.50025758026028,-8.438706752157804,-8.425530288157004,-8.506933669737817,-8.397462283294638,-8.48099591012359,-8.46460987429016,-8.4057645593377,-8.510810933936703,-8.41138626315509,-8.456139834401815,-8.48813574231744,-8.395174968216876,-8.503240061424696,-8.433382643791917,-8.430569469409136,-8.50466540618291,-8.395840621607999,-8.48570747905662,-8.459132766974422,-8.409305171406015,-8.510953515204484,-8.407630828487676,-8.461655445465812,-8.483580983627437,-8.396521865217919,-8.505765493829482,-8.42823075921083,-8.43580621539713,-8.501927254425508,-8.394729360590201,-8.490119931960589,-8.453595927466816,-8.413234896071009,-8.510569565260367,-8.40427958882428,-8.467088600161086,-8.478746264285638,-8.398373026275339,-8.507811128490655,-8.42329750636417,-8.441193353743536,-8.498743879616166,-8.3941385104316,-8.494193521653878,-8.448049231374014,-8.417518334545802,-8.509662542708558,-8.401362731984344,-8.472390356869187,-8.473675135231153,-8.40071177621178,-8.50935853842119,-8.418627323776528,-8.446682357343153,-8.495143957455102,-8.39407339348443,-8.497891553419763,-8.442542643090379,-8.422116901805078,-8.508240617968296,-8.398906532885945,-8.477512957598963,-8.468413276971384,-8.403517047670718,-8.510393784620513,-8.41426228024717,-8.452223781493064,-8.491159915882752,-8.394534596319284,-8.501180715550802,-8.437125765720882,-8.426989174157294,-8.506316599675076,-8.396933116862492,-8.48241025818842,-8.463008088094021,-8.406763570890273,-8.510907541636415,-8.410241695896158,-8.457767709288339,-8.486827642970313,-8.395517964441316,-8.50403137941924,-8.431847394258538,-8.432091262387473,-8.503907819301032,-8.395460260358696,-8.487038143969327,-8.457508258302653,-8.41042210133213,-8.5108951815683,-8.406601787970423,-8.463264201271318,-8.482186163641561,-8.397014639713756,-8.506417866370372,-8.426755076041239,-8.437377207109325,-8.501035975033792,-8.394501230801142,-8.491354927150189,-8.451963329822059,-8.414459683115036,-8.510356815755113,-8.403375344600413,-8.468663745284065,-8.477277288138078,-8.399011140151593,-8.508318679034742,-8.421894682447435,-8.44279939276536,-8.497726936320156,-8.394064667085887,-8.495321722338039
-8.477924346306091,-8.44824370462634,-8.4350504068545,-8.484608964912663,-8.423133981110688,-8.466197799088656,-8.462789916794152,-8.424860645193377,-8.485415338104374,-8.432108806282708,-8.451869346173929,-8.475403309654997,-8.420184905761966,-8.479846731091026,-8.445174586359746,-8.437752163608234,-8.48360743338765,-8.421941199614608,-8.468996456036503,-8.459766052100383,-8.426617947685077,-8.485791531792328,-8.429784704890494,-8.454994801120632,-8.473018388849008,-8.420652734099729,-8.481526790024088,-8.442175467395503,-8.440590780521887,-8.482329699769942,-8.421027702746446,-8.471650525932775,-8.456680747427571,-8.428612406863847,-8.485871849125251,-8.427669234175776,-8.458101795307192,-8.470452651597629,-8.42141145350608,-8.482949389208327,-8.439273363665283,-8.4435406874592,-8.480787273827746,-8.420401719245799,-8.47413610103262,-8.453561795064461,-8.430826056729156,-8.485655566608145,-8.425781450205672,-8.461162341066679,-8.467729209949129,-8.422454229469986,-8.484101713932885,-8.436494417191799,-8.446575311788266,-8.478994049666086,-8.420068887944497,-8.4764307913849,-8.450437290396712,-8.433238956820416,-8.485144632504408,-8.424138358055128,-8.46414886913755,-8.46487259654605,-8.423771668711446,-8.484973384107342,-8.433863660602617,-8.449667317746652,-8.476966180569315,-8.42003220697226,-8.478513926519884,-8.447335378824897,-8.435829371839768,-8.484343649285965,-8.422754758625942,-8.467034477006344,-8.461908543636243,-8.42535190379574,-8.48555654776512,-8.431404791637341,-8.452788852680726,-8.47472193349303,-8.420292006749673,-8.48036674164793,-8.444284002231976,-8.43857396744269,-8.483259832174404,-8.421643115320895,-8.46979317124434,-8.458863751277903,-8.427180700034752,-8.485845951793648,-8.429139959679425,-8.455911797941145,-8.472281524516152,-8.420845947011768,-8.481972546691887,-8.441310647284045,-8.441448020432748,-8.481902944146583,-8.42081344177397,-8.472400101655225,-8.455765646826633,-8.429241583712427,-8.485838989254168,-8.427089566235498,-8.459008022174407,-8.46966693673537,-8.42168903788904,-8.483316876630571,-8.438442097831647,-8.444425641467065,-8.480285207990155,-8.42027321164797,-8.474831785124554,-8.452642137871015,-8.431515990479273,-8.485535722864933,-8.42527208115949,-8.46204963472885,-8.46690172224238,-8.42281368485596,-8.484387621799042,-8.435704193642044,-8.447480008266371,-8.47842119620124,-8.420027291312106,-8.477066317154627
-8.464514501422064,-8.451309479142271,-8.445439734380658,-8.467488511842193,-8.440138074492696,-8.45929731916091,-8.457781140295527,-8.440906273439593,-8.467847270122329,-8.444131005900058,-8.452922539868217,-8.463392883314711,-8.438826020457448,-8.465369777200442,-8.449944017589015,-8.446641755499762,-8.467042926930505,-8.439607401793614,-8.460542451518512,-8.456435812216602,-8.441688103522837,-8.468014640022364,-8.44309700498472,-8.454313065809368,-8.462331823627443,-8.439034158936728,-8.466117241351716,-8.448609698972529,-8.447904666187242,-8.466474458732561,-8.439200983811592,-8.461723256586358,-8.455063149274068,-8.442575445453512,-8.468050373487367,-8.442155824594433,-8.45569537849315,-8.461190318065194,-8.439371715879501,-8.466750160751701,-8.4473185427762,-8.449217090199188,-8.465788227984877,-8.43892248154193,-8.462829097724352,-8.453675516355316,-8.443560306094549,-8.467954148631856,-8.441315942840744,-8.457057026107726,-8.459978649259842,-8.439835650587678,-8.467262834090286,-8.446082179678237,-8.450567205277848,-8.464990416223836,-8.43877440372082,-8.46385001356418,-8.452285413196627,-8.444633813864623,-8.467726832245097,-8.440584925341533,-8.458385742991297,-8.458707731870676,-8.440421783957822,-8.467650643228598,-8.444911746783028,-8.451942849645995,-8.464088210102679,-8.438758084226759,-8.464776807740872,-8.450905361786091,-8.445786298652974,-8.467370471983097,-8.439969357070272,-8.459669560120632,-8.457389014265619,-8.44112483612632,-8.467910094798977,-8.443817787298597,-8.453331631559687,-8.463089736654448,-8.43887367006503,-8.465601131733262,-8.449547793566094,-8.447007378927339,-8.46688827792342,-8.439474783038865,-8.46089691292752,-8.456034375394836,-8.441938474030174,-8.468038851673098,-8.442810155563848,-8.454721040932549,-8.462003990084034,-8.43912012004349,-8.466315560067098,-8.448224937451432,-8.448286055250328,-8.46628459364894,-8.439105658348424,-8.462056745471878,-8.454656017785672,-8.442855368454945,-8.4680357540147,-8.441897928281112,-8.456098562026082,-8.460840750748773,-8.439495214151576,-8.466913657203381,-8.44694870967178,-8.449610809361886,-8.46556485712104,-8.438865308057922,-8.463138610033177,-8.453266357622825,-8.443867260055995,-8.467900829727355,-8.441089322753616,-8.457451786190886,-8.459610497057415,-8.439995573558063,-8.467390035509425,-8.445730606430828,-8.450969707935261,-8.464735551694694,-8.438755897232198,-8.464132761223047
-8.456646332751344,-8.4533430032442,-8.451874645171065,-8.457390302444633,-8.45054839753788,-8.455341217792636,-8.454961934950246,-8.450740567925394,-8.457480048360058,-8.451547257506341,-8.453746521767677,-8.45636575206687,-8.450220177962192,-8.456860286022728,-8.453001423401004,-8.45217533923631,-8.457278836234616,-8.450415646017406,-8.455652696438413,-8.454625391637729,-8.450936148237856,-8.457521917121632,-8.451288594880738,-8.454094371644379,-8.456100320498521,-8.450272245271554,-8.4570472694548,-8.452667634183205,-8.452491265256763,-8.457136629903392,-8.450313977691234,-8.45594808315872,-8.454282010316184,-8.451158123083518,-8.457530856100062,-8.451053151964482,-8.45444016691679,-8.455814764826865,-8.450356687522827,-8.457205598709026,-8.452344642349393,-8.45281957738473,-8.456964964439337,-8.450244308383173,-8.456224717122977,-8.453934884149453,-8.451404492922737,-8.457506784773425,-8.450843049617005,-8.454780792676312,-8.455511657324825,-8.450472744063925,-8.457333847562454,-8.452035357395797,-8.453157318199011,-8.456765386197395,-8.450207265671281,-8.456480106424605,-8.453587140034768,-8.451673038466842,-8.457449919975176,-8.450660180431008,-8.45511318058109,-8.455193728371446,-8.450619369462633,-8.457430860755055,-8.45174256534767,-8.45350144534521,-8.456539692969592,-8.450203183234681,-8.45671195052801,-8.453241910435818,-8.451961340669385,-8.45736077394091,-8.450506191684072,-8.455434336495504,-8.45486384185675,-8.450795242923808,-8.457495764396256,-8.451468903662898,-8.453848858941136,-8.45628991779059,-8.450232097847778,-8.456918160991712,-8.452902305165637,-8.452266802516812,-8.457240149694183,-8.450382470500056,-8.455741367461204,-8.454524969383945,-8.450998780187055,-8.457527973836916,-8.451216837473897,-8.4541964295004,-8.456018310624216,-8.450293749049013,-8.457096880280927,-8.452571383373556,-8.45258667242224,-8.457089133812904,-8.45029013135394,-8.456031507756764,-8.45418016350136,-8.451228147797659,-8.457527198935809,-8.450988637381808,-8.454541026122696,-8.455727318095871,-8.450387581487076,-8.45724649850016,-8.452252125988522,-8.452918069011636,-8.456909086641486,-8.450230006032692,-8.456302143811165,-8.453832530205212,-8.451481279622275,-8.45749344667321,-8.45078635900302,-8.454879544696816,-8.45541956145345,-8.450512749923496,-8.457365667895074,-8.451947408867012,-8.453258007079103,-8.456701630036928,-8.450202636142558,-8.456550837746736
-6.640878088676762,-6.640878088676762,-6.640878088676762,-6.640878088676762,-6.640878088676762,-6.640878088676762,-6.640878088676762,-6.640878088676762,-6.640878088676762,-6.640878088676762,-6.640878088676762,-6.640878088676762,-6.640878088676762,-6.640878088676762,-6.640878088676762,-6.640878088676762,-6.640878088676762,-6.640878088676762,-6.640878088676762,-6.640878088676762,-6.640878088676762,-6.640878088676762,-6.640878088676762,-6.640878088676762,-6.640878088676762,-6.640878088676762,-6.640878088676762,-6.640878088676762,-6.640878088676762,-6.640878088676762,-6.640878088676762,-6.640878088676762,-6.640878088676762,-6.640878088676762,-6.640878088676762,-6.640878088676762,-6.640878088676762,-6.640878088676762,-6.640878088676762,-6.640878088676762,-6.640878088676762,-6.640878088676762,-6.640878088676762,-6.640878088676762,-6.640878088676762,-6.640878088676762,-6.640878088676762,-6.640878088676762,-6.640878088676762,-6.640878088676762,-6.640878088676762,-6.640878088676762,-6.640878088676762,-6.640878088676762,-6.640878088676762,-6.640878088676762,-6.640878088676762,-6.640878088676762,-6.640878088676762,-6.640878088676762,-6.640878088676762,-6.640878088676762,-6.640878088676762,-6.640878088676762,-6.640878088676762,-6.640878088676762,-6.640878088676762,-6.640878088676762,-6.640878088676762,-6.640878088676762,-6.640878088676762,-6.640878088676762,-6.640878088676762,-6.640878088676762,-6.640878088676762,-6.640878088676762,-6.640878088676762,-6.640878088676762,-6.640878088676762,-6.640878088676762,-6.640878088676762,-6.640878088676762,-6.640878088676762,-6.640878088676762,-6.640878088676762,-6.640878088676762,-6.640878088676762,-6.640878088676762,-6.640878088676762,-6.640878088676762,-6.640878088676762,-6.640878088676762,-6.640878088676762,-6.640878088676762,-6.640878088676762,-6.640878088676762,-6.640878088676762,-6.640878088676762,-6.640878088676762,-6.640878088676762,-6.640878088676762,-6.640878088676762,-6.640878088676762,-6.640878088676762,-6.640878088676762,-6.640878088676762,-6.640878088676762,-6.640878088676762,-6.640878088676762,-6.640878088676762,-6.640878088676762,-6.640878088676762,-6.640878088676762,-6.640878088676762,-6.640878088676762,-6.640878088676762,-6.640878088676762,-6.640878088676762,-6.640878088676762,-6.640878088676762,-6.640878088676762,-6.640878088676762,-6.640878088676762,-6.640878088676762,-6.640878088676762,-6.640878088676762,-6.640878088676762,-6.640878088676762
-6.638543271348265,-6.635231676465922,-6.6337596443631845,-6.639289102553897,-6.632430078279849,-6.637234890816206,-6.636854658957074,-6.632622729503548,-6.639379073025686,-6.633431437530443,-6.635636204647077,-6.638261988613139,-6.632101037454592,-6.6387577599595415,-6.634889241943966,-6.634061090805466,-6.639177357440414,-6.632296994597199,-6.637547148823493,-6.636517273567876,-6.632818799184285,-6.639421046548537,-6.633172127696123,-6.635984924891004,-6.637995892899269,-6.632153235043373,-6.638945211249335,-6.634554617540602,-6.634377807315359,-6.639034795289803,-6.632195071883186,-6.637843274641146,-6.636173033060032,-6.633041329440899,-6.639430007893496,-6.632936095669989,-6.636331585389747,-6.637709622728874,-6.632237888580527,-6.639103936664674,-6.634230817537735,-6.6347069409244765,-6.638862700295642,-6.632125228253134,-6.6381206007808276,-6.635825038336893,-6.633288315730629,-6.63940587633716,-6.632725467618149,-6.6366730634407824,-6.637405756811053,-6.632354235510717,-6.639232506414001,-6.633920758711541,-6.63504552681175,-6.638662622682067,-6.63208809285539,-6.638376629100875,-6.635476424119612,-6.6335575332118415,-6.639348869255527,-6.632542140868827,-6.637006283024852,-6.637087032356624,-6.632501227785914,-6.639329762346672,-6.633627234058287,-6.6353905150104024,-6.63843636473942,-6.6320840002039825,-6.638609053309444,-6.635130330709722,-6.633846556785314,-6.63925950016588,-6.632387766821313,-6.637328242514605,-6.63675632042145,-6.632677541306171,-6.639394828385523,-6.633352887635133,-6.635738797881921,-6.63818596458929,-6.632112987165336,-6.638815779739491,-6.634789875701428,-6.6341527829394105,-6.639138574101048,-6.632263736070236,-6.6376360417131215,-6.636416600044092,-6.632881587847055,-6.63942711841854,-6.633100190742588,-6.636087238109522,-6.637913677825215,-6.632174792626177,-6.63899494620843,-6.63445812589847,-6.634473453202411,-6.638987180357701,-6.632171165879144,-6.637926907978766,-6.636070931410763,-6.633111529366302,-6.639426341578526,-6.632871419663143,-6.636432696958967,-6.637621957194384,-6.6322688598456345,-6.639144938792591,-6.634138069688472,-6.634805678990694,-6.6388066826840175,-6.632110890116246,-6.638198221201014,-6.635722428289301,-6.633365294560826,-6.639392504863221,-6.632668635156615,-6.636772062552138,-6.637313430503406,-6.6323943414703335,-6.639264406365377,-6.633832590123695,-6.635146467628976,-6.6385987069951025,-6.632083451742963,-6.638447537402296
-6.642566300182086,-6.629329027912572,-6.62344494775612,-6.645547573884581,-6.618130339879636,-6.637336376248049,-6.635816494492071,-6.618900414961812,-6.645907208342781,-6.6221330230310045,-6.6309460281390145,-6.641441942800865,-6.61681508147803,-6.643423664759291,-6.627960231558349,-6.624649904513493,-6.645100900742332,-6.617598371144189,-6.638584549532419,-6.634467880783193,-6.619684154471002,-6.64607498700226,-6.621096496825047,-6.6323399500946785,-6.640378291738644,-6.6170237282838915,-6.644172954406251,-6.626622654199791,-6.625915899546899,-6.644531044201895,-6.617190960587111,-6.639768238423594,-6.633091865452085,-6.620573663514124,-6.646110807737383,-6.6201530178352375,-6.633725638734131,-6.639233998332355,-6.617362109625724,-6.644807419554793,-6.625328344674889,-6.62723152882878,-6.643843137505918,-6.6169117781447735,-6.640876780304122,-6.631700843584311,-6.621560929432855,-6.646014347876543,-6.619311084878804,-6.635090611835075,-6.638019370326656,-6.617827177379287,-6.645321344970775,-6.624088962066898,-6.62858494122845,-6.64304337728765,-6.616763338680334,-6.64190018947752,-6.63030734544365,-6.622637058979236,-6.645786476325922,-6.618578282050775,-6.636422573779874,-6.636745349037182,-6.618414742234721,-6.645710101236659,-6.622915670679818,-6.629963945266562,-6.642138967751949,-6.616746979329959,-6.642829247118978,-6.628923923600043,-6.623792358425662,-6.645429245742425,-6.617961210406781,-6.637709526313934,-6.635423410791651,-6.619119511433659,-6.645970186453111,-6.621819039470844,-6.631356118935413,-6.641138055780119,-6.616862847457956,-6.643655584318141,-6.627563039856587,-6.625016420885551,-6.644945874043428,-6.617465428501045,-6.638939876625451,-6.634065463551616,-6.619935136446166,-6.646099257783941,-6.620808946845655,-6.632748921595846,-6.640049657543165,-6.617109899329324,-6.644371757465878,-6.626236952994168,-6.6262982200581195,-6.644340715419927,-6.617095402315156,-6.6401025417729524,-6.632683739646071,-6.620854270158016,-6.646096152560283,-6.619894491674174,-6.63412980694278,-6.638883577284519,-6.617485909511679,-6.644971315305981,-6.624957608344896,-6.62762620955282,-6.6436192211141805,-6.6168544650287195,-6.641187048519947,-6.63129068558316,-6.621868633053173,-6.6459608987538505,-6.619083911328355,-6.635486336021765,-6.637650319003842,-6.617987490921838,-6.64544885704781,-6.623736530189085,-6.628988426898712,-6.642787890315146,-6.616744786994208,-6.642183627677371
-6.652215289218715,-6.622465681079634,-6.609241727129807,-6.658915440322267,-6.597297612170233,-6.640461493990591,-6.6370456930810455,-6.599028288359854,-6.659723687216863,-6.606293291403357,-6.626099747231484,-6.649688394642661,-6.594341684298331,-6.654142140890636,-6.6193894313560335,-6.611949761732897,-6.657911581621045,-6.596102059106158,-6.643266653946785,-6.6340148020822625,-6.60078967415043,-6.660100755035064,-6.6039637896884065,-6.629232464540093,-6.647297932192879,-6.594810599690222,-6.655826103638087,-6.616383343586389,-6.614794974506575,-6.656630879039101,-6.59518643962066,-6.645926890886395,-6.630922328341426,-6.602788767689512,-6.660181258994751,-6.601843403428849,-6.632346678192812,-6.644726233149443,-6.595571082070286,-6.65725200839873,-6.613474496477066,-6.617751735899358,-6.655084869088947,-6.594559001573776,-6.6484182415121165,-6.627796128725928,-6.605007561230456,-6.659964473919796,-6.5999512329708185,-6.635414335490079,-6.641996463264185,-6.596616281046703,-6.6584070106852185,-6.610689092794839,-6.620793411534715,-6.653287478160189,-6.594225396899829,-6.650718263847126,-6.624664363904358,-6.607426067978668,-6.659452352600617,-6.59830432290255,-6.63840780310993,-6.6391332121841256,-6.59793678151308,-6.659280706287774,-6.6080522233335275,-6.623892602132351,-6.651254897071235,-6.594188630695042,-6.652806239391428,-6.621555244676437,-6.61002250213177,-6.658649508203526,-6.596917508517473,-6.641300116027756,-6.636162271949015,-6.599520688459316,-6.659865224994851,-6.605587640897219,-6.62702139031972,-6.649005435223101,-6.594449034147772,-6.6546633597531875,-6.618496777851373,-6.612773475125149,-6.657563172715525,-6.595803282178555,-6.644065220416046,-6.633110404657776,-6.60135373412133,-6.660155301487652,-6.603317546336061,-6.630151592110494,-6.646559355669142,-6.595004261555172,-6.6562728960738955,-6.615516513963758,-6.615654206315119,-6.656203131798897,-6.594971680787631,-6.646678208336134,-6.630005101396689,-6.6034194065044485,-6.660148322769894,-6.601262388561984,-6.633255010784662,-6.643938692586358,-6.595849311453184,-6.657620349721191,-6.612641299099566,-6.618638746201871,-6.654581636642376,-6.594430195373441,-6.649115542107802,-6.626874334600906,-6.605699098122729,-6.65984435170556,-6.59944068034579,-6.636303690883358,-6.641167052792495,-6.5969765716695115,-6.658693582891907,-6.60989703306779,-6.621700210181416,-6.652713293602989,-6.594183703612773,-6.651355266335672
-6.670198875613188,-6.617384371725317,-6.593907875361699,-6.682093659398356,-6.572703478213997,-6.649332353241839,-6.64326827906735,-6.575775949082118,-6.683528540777547,-6.588673514982576,-6.623835932364649,-6.665712877586346,-6.567455817022865,-6.673619616976982,-6.611923103051539,-6.598715451428072,-6.6803115082173825,-6.570581011872406,-6.654312356027754,-6.637887535775184,-6.57890293873017,-6.684197949586472,-6.584537948664998,-6.629397447988708,-6.6614690876259015,-6.568288282905183,-6.676609157432658,-6.606586392952536,-6.603766560013929,-6.678037875866428,-6.568955511843948,-6.659035076862693,-6.632397464590212,-6.582451931140371,-6.68434086833256,-6.580773625188009,-6.634926114057191,-6.65690354819113,-6.569638367902295,-6.6791405673313236,-6.601422314278077,-6.6090157009553705,-6.675293243125674,-6.567841620561361,-6.663457973685167,-6.626847519832114,-6.586390957145242,-6.6839560096100366,-6.577414453411865,-6.640372128589407,-6.652057385460381,-6.571493910507949,-6.681191043843992,-6.596477384821645,-6.614415590221748,-6.672102333526089,-6.567249371908309,-6.667541205235198,-6.621287695159081,-6.59068453417184,-6.683046840209339,-6.574490692608126,-6.645686434126063,-6.646974253454312,-6.573838196075993,-6.682742116368453,-6.591796148290219,-6.61991758584814,-6.6684938906409545,-6.5671841008346,-6.67124798994264,-6.615768073227148,-6.59529398586722,-6.681621549888426,-6.572028679885475,-6.650821159636706,-6.641699940802384,-6.576650107385176,-6.68377981291165,-6.587420773056506,-6.62547212610002,-6.664500419165011,-6.567646395299195,-6.67454493725394,-6.610338374547821,-6.600177790493319,-6.6796929775998,-6.570050592946189,-6.655730051739855,-6.636281958280904,-6.579904314862144,-6.684294785948781,-6.583390672308101,-6.631029175923189,-6.660157892113609,-6.568632090973897,-6.6774023484127785,-6.605047509607905,-6.605291954952942,-6.677278495837783,-6.568574250310387,-6.660368891351432,-6.630769110838043,-6.5835715047491234,-6.6842823966253855,-6.57974214901523,-6.63653867765734,-6.655505426779362,-6.570132308755436,-6.679794483985158,-6.59994313828599,-6.6105904110776565,-6.674399854147853,-6.567612950807575,-6.664695892008315,-6.625211057961012,-6.587618643160964,-6.683742756543941,-6.576508068915185,-6.641951001953267,-6.6505849323653035,-6.572133534748046,-6.681699795719093,-6.595071240534363,-6.616025430607809,-6.671082983207697,-6.56717535378138,-6.668672076278965
-6.6905603480117986,-6.608207722945348,-6.571601280385337,-6.709107652202825,-6.538537677785335,-6.658023586955844,-6.64856799445559,-6.543328521640787,-6.711345034731044,-6.563439444411645,-6.618267515527182,-6.683565418847309,-6.530355102115088,-6.695894243253528,-6.599692073296653,-6.5790976399102306,-6.706328778650779,-6.5352281574456885,-6.665788808099057,-6.640177906462728,-6.548204375565675,-6.712388830821123,-6.556990936571603,-6.626939478288806,-6.6769481599932785,-6.531653149917122,-6.700555775335509,-6.591370645402441,-6.586973734939432,-6.702783548103225,-6.532693546978207,-6.673152854517801,-6.631617345620501,-6.5537382501608334,-6.712611681232376,-6.551121300446885,-6.635560219379588,-6.669829203463909,-6.533758311101842,-6.704502953381846,-6.583318398319058,-6.595158617955455,-6.698503895840954,-6.530956678042461,-6.680049391205944,-6.622963425084327,-6.559880296527392,-6.712011578538108,-6.545883409461448,-6.6440520835430785,-6.662272676506397,-6.536651622469921,-6.707700221386366,-6.57560786633394,-6.60357855989221,-6.693528372783247,-6.5300331962774045,-6.6864162944644345,-6.614294098989632,-6.56657518738192,-6.710593928436982,-6.541324446306831,-6.6523385764405205,-6.6543466479831,-6.540307021199855,-6.7101187784995595,-6.568308505579963,-6.612157714283197,-6.687901798222892,-6.529931420366147,-6.692196211508852,-6.605687460244448,-6.573762615442163,-6.708371501058735,-6.537485477922542,-6.660345053708488,-6.646122515210223,-6.544691579620718,-6.711736838465363,-6.561486068377636,-6.620818800483129,-6.681674856095969,-6.530652267101617,-6.69733707710077,-6.597221037071908,-6.5813778366723925,-6.7053643159314085,-6.534401085566881,-6.6679993933520185,-6.637674360813936,-6.549765801823167,-6.712539825870797,-6.5552020109411036,-6.629483799808592,-6.6749036384231815,-6.53218924312814,-6.701792582549125,-6.588971094639444,-6.589352253494818,-6.701599461646317,-6.532099053310477,-6.675232645416387,-6.629078285397336,-6.555483979436859,-6.712520507440642,-6.5495129397832645,-6.638074658326904,-6.667649140035404,-6.534528503433292,-6.705522592856871,-6.581011948065502,-6.597614032713573,-6.697110851845215,-6.530600117758612,-6.681979653085248,-6.620411722029565,-6.561794603369443,-6.711679057194469,-6.544470101806802,-6.646513989962524,-6.659976709134929,-6.537648976063167,-6.708493508255273,-6.573415292992236,-6.6060887525849505,-6.691938919727695,-6.529917781256787,-6.688179639610373
-6.7195308328360985,-6.6012102824536525,-6.548615791048562,-6.74617876589497,-6.501111492866175,-6.672783476905473,-6.659198106579763,-6.507994761994708,-6.749393336553055,-6.53688923195273,-6.615663740300993,-6.7094808329974684,-6.489355135906474,-6.7271943337891615,-6.588975379771621,-6.55938622349239,-6.742186205270992,-6.496356522787531,-6.683940197638601,-6.647143605241506,-6.515000169770254,-6.75089301586219,-6.527624305714331,-6.628123226638235,-6.69997345288663,-6.491220112648084,-6.733891813573448,-6.577019526177197,-6.570702242841715,-6.737092577359549,-6.492714908385129,-6.694520528558287,-6.634844176175128,-6.522950992070312,-6.751213197317138,-6.519191076339299,-6.640509119980953,-6.689745256104513,-6.494244713622478,-6.7395629415857385,-6.565450419473522,-6.582461914892123,-6.730943765336753,-6.490219453161282,-6.704429162509121,-6.62241061209651,-6.531775608237426,-6.750350996737441,-6.5116655099867975,-6.652709848746872,-6.678888377797706,-6.498401693357157,-6.744156632554421,-6.55437227366476,-6.594559309035191,-6.72379515743077,-6.488892636066848,-6.713576842952439,-6.609954914003807,-6.541394526517433,-6.748314180787983,-6.50511539662742,-6.6646155093080806,-6.66750061624831,-6.5036536059615715,-6.747631506713362,-6.5438848802009355,-6.606885452476745,-6.715711147987091,-6.488746409011839,-6.721881167985293,-6.597589282277419,-6.551721100117681,-6.745121097017224,-6.499599739394109,-6.676118855998074,-6.65568455191132,-6.509953142438057,-6.749956262549028,-6.534082709060943,-6.6193293118589915,-6.706764557407097,-6.489782089203133,-6.729267332613161,-6.58542510598386,-6.562662307717532,-6.740800508583278,-6.495168223084547,-6.687116267175993,-6.643546623374397,-6.517243556839203,-6.751109958763137,-6.525054057771133,-6.631778793444127,-6.6970359761850995,-6.491990347279132,-6.735668802590054,-6.573571959487982,-6.574119591400318,-6.735391335156659,-6.4918607666026675,-6.697508678645821,-6.631196168563752,-6.525459177432849,-6.751082202910952,-6.516880256025077,-6.644121752849784,-6.686613038952706,-6.495351291348251,-6.741027913756075,-6.562136615411901,-6.585989744458737,-6.728942302333603,-6.489707163370938,-6.707202476022288,-6.618744439832924,-6.534525998270162,-6.749873245015968,-6.5096349330692735,-6.656247005240716,-6.675589635069916,-6.499834646174187,-6.7452963914736355,-6.551222082831923,-6.598165841076292,-6.721511502718026,-6.488726812952517,-6.7161103380051275
-6.755988978144693,-6.595347048861786,-6.52394034443337,-6.792168453004656,-6.459444514380326,-6.692520836547168,-6.674076195340792,-6.468789819392912,-6.796532824457138,-6.508019381668108,-6.6149702786887365,-6.742344253216082,-6.443483095529243,-6.766393591495309,-6.578735916095102,-6.538563189251073,-6.78674781694996,-6.452988767135684,-6.707668138831067,-6.657709990609139,-6.478300950103845,-6.7985689152017,-6.495440538679381,-6.631886325111942,-6.729436234461145,-6.446015144787562,-6.7754866532703195,-6.562503643836189,-6.553926768732426,-6.779832279352317,-6.448044605183974,-6.722032885833139,-6.641011251396765,-6.489095655077229,-6.799003620470372,-6.483990877293329,-6.648702455497029,-6.715549574376707,-6.450121597422097,-6.783186253569339,-6.546796451679366,-6.5698926884294355,-6.771484135070136,-6.444656565318522,-6.735485680544414,-6.624130399211782,-6.501076696085611,-6.797833024457221,-6.473773535555949,-6.6652671908813685,-6.700809363385821,-6.455765462688193,-6.789423034731642,-6.531755829320488,-6.586317128039939,-6.761778583819805,-6.4428551668533665,-6.747905340782034,-6.607219496027934,-6.514136148438734,-6.795067671839631,-6.464880550832069,-6.68143131685744,-6.685348380660539,-6.4628959008958535,-6.7941408161069266,-6.517517262024002,-6.60305213693458,-6.750803052779961,-6.442656636706626,-6.759179990793025,-6.590430874517063,-6.528156373164395,-6.790732472792307,-6.457392030736801,-6.6970492276896465,-6.669305898052999,-6.471448681371432,-6.797297100128137,-6.504209010177643,-6.619946966889546,-6.738656409051302,-6.444062763229125,-6.769208069026153,-6.5739157658430525,-6.543011076695132,-6.784866478597527,-6.451375431529682,-6.711980237924369,-6.6528264255406855,-6.481346761044713,-6.798863455127686,-6.491950953928498,-6.6368494300199465,-6.725448069066105,-6.447060880095015,-6.777899242993912,-6.557822937378209,-6.558566448515117,-6.777522529872904,-6.4468849504716506,-6.726089849678361,-6.636058409486919,-6.492500978449499,-6.7988257714486515,-6.480853513307929,-6.65360726968158,-6.711297012969811,-6.451623980399485,-6.785175222983596,-6.542297352613282,-6.574682366519424,-6.76876678058543,-6.443961037618502,-6.739250964189744,-6.619152895442554,-6.5048108568861736,-6.797184388543956,-6.471016653572777,-6.670069531992105,-6.6963307128531175,-6.4577109599357545,-6.790970467287595,-6.52747886533274,-6.591213659227721,-6.7586781021394415,-6.442630031448571,-6.751345026718053
16.719198591776454,17.13069297020257,17.31360572271615,16.62652259749687,17.47881583701959,16.881776217637384,16.929023323062417,17.454877252027973,16.615342986257907,17.354388267511784,17.08042683609674,16.754150410572194,17.519702012616737,16.692546522029858,17.17324342874906,17.276148388470087,16.640407896770594,17.49535263853566,16.842975452694077,16.9709463830836,17.430513894108305,16.61012741209808,17.386609762859056,17.03709532209279,16.78721511029278,17.513216009613988,16.66925407391372,17.214823412340152,17.236793615919108,16.658122480117093,17.508017419506846,16.806179252192425,17.013721251036003,17.402862580200757,16.60901388728467,17.41593878870103,16.994019749287897,16.82278666116601,17.502697073605642,16.649531064775832,17.2550583703131,17.195895911122797,16.679506775348994,17.516696096143395,16.771719074687574,17.056962612791125,17.372172392124398,16.612012442400196,17.442111150463354,16.951588140546647,16.8605446362267,17.488239958704444,16.633555158614733,17.29358586793677,17.153823678806546,16.704368153675723,17.521310491308004,16.7399053359423,17.100280952064846,17.338719785743095,16.619096066592114,17.464891088662814,16.910182717933655,16.900148913296803,17.46997489396534,16.62147026569021,17.330058851207703,17.11095590378793,16.732482664895162,17.52181903873206,16.711024612715462,17.143286059162886,17.302806100663283,16.63020095088537,17.484073402618385,16.87017645967405,16.94124273879099,17.44806641028786,16.61338524618601,17.364148773097348,17.067678737098216,16.763597054727256,17.51821715744274,16.68533706129119,17.185590545972698,17.264754845780008,16.645227062970847,17.49948529888995,16.831929740382034,16.983455941337272,17.422711858329038,16.609372929602095,17.395548553089224,17.02438201755082,16.797431046117374,17.51053729302823,16.6630740740025,17.22681333553841,17.22490878512308,16.664039048292,17.510987947793993,16.795787084822177,17.026408266264422,17.39413963077736,16.60946945870972,17.423975343346704,16.98145576009045,16.83367986395971,17.498848625369256,16.644436194859356,17.266583094785354,17.183626850253702,16.686467449312747,17.51847773397528,16.762074064445546,17.069712800919316,17.362607105001477,16.61367396397894,17.449173076593873,16.939286642555594,16.872016980498017,17.48325644546983,16.629591313057034,17.30454157947202,17.14128090702489,16.712310231983533,17.52188718976943,16.7310943646564
15.696300166315304,16.214847753763216,16.445346568576078,15.579513848524467,16.653537277090024,15.901173525668696,15.960712303879362,16.623370897802417,15.565425781370934,16.496738984420602,16.151504524942915,15.740344951040598,16.705060284031127,15.662714369784013,16.2684680187799,16.398144440615503,15.597011507828881,16.674376245931015,15.852278463895455,16.01354194815194,16.592669237867973,15.558853338247708,16.537343132502038,16.09690000729882,15.782011669150766,16.69688690090468,15.633362224506655,16.320865332832533,16.34855124218852,15.619334666876902,16.69033586035706,15.805909468356901,16.06744500428836,16.55782423665225,15.557450121980775,16.57430231442506,16.042618015789373,15.826837413691056,16.68363138837372,15.608508133316437,16.3715677032215,16.29701370664454,15.646282239634004,16.701272356863605,15.76248422892468,16.121935915930557,16.519149776393064,15.561228772680533,16.607283603505067,15.989147520205778,15.874418396326895,16.665413151511906,15.588375980773264,16.42011840522519,16.243996081836194,15.677611483550443,16.707087219971314,15.722393918244965,16.176523831344014,16.47699423492682,15.570155252427732,16.635989905741134,15.936970180419632,15.924326009660206,16.642396299395315,15.57314711642147,16.46608009625608,16.18997594819504,15.71304018617544,16.707728069649157,15.68599966807244,16.230717024988415,16.431737347516275,15.584149151885558,16.660162636025753,15.886556007612015,15.976110688105921,16.614788166815103,15.562958721201085,16.50903875542361,16.13543991670813,15.75224920731458,16.70318913315142,15.653629316211383,16.284027326959865,16.383786786212,15.603084414623403,16.679584047468076,15.838359130433453,16.029305957559046,16.582837446614853,15.557902571727976,16.548607413016114,16.080879245547607,15.794885353830562,16.69351129701839,15.625574453367108,16.335974520403752,16.333574487560483,15.62679047262765,16.69407919284835,15.792813704232959,16.08343263737286,16.546831949476335,15.558024213574143,16.58442963630695,16.02678541483872,15.840564561191488,16.678781738772116,15.60208779650976,16.38609066728712,16.281552761738673,15.655053782770807,16.703517500534737,15.750330000205825,16.138003156797048,16.5070960113336,15.563322550995185,16.616182740284827,15.973645699428404,15.888875353107245,16.65913314162524,15.583380912410917,16.433924323563872,16.228190218163974,15.687619750398678,16.70781395066689,15.711290709688747
15.652304313687111,16.28930887802452,16.572462826985674,15.508839337114651,16.828212607307133,15.903978929823204,15.977118742625969,16.791155022312257,15.491532992823934,16.63559532293732,16.211495526164214,15.706410686148232,16.891505526576893,15.611046179997523,16.355178152867193,16.51447784800755,15.530334160563719,16.85381202882431,15.843914283343207,16.042016787373573,16.753439877194666,15.483459141224415,16.685475079945164,16.144417156088437,15.75759574661253,16.881465016344748,15.574988832576828,16.419545105907734,16.453555582582393,15.557756820601544,16.8734174565238,15.786952757502984,16.10823345412083,16.71063488618506,15.481735374325439,16.730877214964277,16.07773498999637,15.812661481297592,16.86518141540002,15.544457074424127,16.48182992246518,16.39024481579667,15.590860295113057,16.886852285575497,15.73360745922108,16.175172266047085,16.663125634759098,15.486377219743385,16.771392747560025,16.012049697906264,15.87111186048817,16.842801405703565,15.519725934273513,16.541471543652435,16.32511584825203,15.629346389456355,16.893995495630406,15.684358920597326,16.24223024127974,16.611340084163302,15.497342863938965,16.806656715597402,15.947952970039225,15.932420365740253,16.814526585398053,15.501018189147338,16.597932720369965,16.258755358822523,15.672868422586909,16.894782740966647,15.639650770300776,16.308803324528288,16.555744716358962,15.514533528871738,16.836351462803886,15.886022186899726,15.996034732735993,16.780611652820735,15.488502357590583,16.650704852822095,16.191761119877196,15.721034349945203,16.88920693011287,15.599885737382223,16.37429182838798,16.496840331973154,15.537794361788347,16.860209500203162,15.826815218257458,16.06138192605642,16.74136211219208,15.482291181663232,16.699312571961585,16.124736612572825,15.773410294976799,16.877318289727917,15.5654220235086,16.43810583529742,16.435157539108744,15.566915830129314,16.87801591564405,15.7708653978809,16.127873301059275,16.697131521647147,15.482440611364765,16.743318021593087,16.058285590722264,15.829524457473308,16.85922391216129,15.53657007629814,16.499670511490077,16.37125197364986,15.60163560898912,16.88961030971971,15.718676719290311,16.19490990636402,16.648318308399496,15.488949300639003,16.782324802562478,15.993006642206545,15.888871363527873,16.83508679077,15.513589792821861,16.55843128507153,16.30569929411849,15.641640944127431,16.894888240638444,15.670719295806265
15.567872634923951,16.334756665707598,16.675643142616128,15.3951564478357,16.98353798887828,15.870861427899289,15.958913786694062,16.938924697635162,15.374321496548344,16.751647783209545,16.241077875532067,15.633010807124059,17.059735761652707,15.518202341117824,16.414056089642944,16.605835551127516,15.42103387128046,17.014356900794933,15.798550143523979,16.037043955506572,16.89351977571054,15.364601459667558,16.811697571311885,16.16032283278663,15.694632038245999,17.047648082240297,15.474793226839171,16.49154688195514,16.532491787064675,15.454047763553728,17.03795969779382,15.729974678006908,16.116761601412318,16.841987234374276,15.362526232296158,16.86635679081976,16.080044776431944,15.76092517794629,17.028044402412423,15.438036319479473,16.56653100899649,16.456272527827277,15.49390073696647,17.054133766918067,15.665752756124235,16.197348631364402,16.78479127649138,15.368114507991002,16.91513307388878,16.00096684766756,15.831293060539295,17.00110131125444,15.408262723642988,16.638333017049806,16.377864353149025,15.540233797687641,17.062733412864628,15.606462886122639,16.27807912094276,16.722447120733943,15.3813159478105,16.957587045907108,15.923801376996487,15.905101815234705,16.967061510946056,15.385740638571026,16.706306116785694,16.297973560417564,15.592629579544834,17.063681170401185,15.552639148542418,16.358225853449216,16.655516360513975,15.402011633765603,16.993336283362726,15.849243467583378,15.981686576017681,16.92623163051074,15.370672942214977,16.76983800951245,16.21731980237877,15.650616103640434,17.05696850216955,15.504766385243546,16.437066870643736,16.584601905174697,15.430015140027805,17.022058758697536,15.77796473379582,16.060357470732686,16.87897946371501,15.363195363720656,16.82835640273569,16.136629604536427,15.71367102991669,17.042655875589812,15.463275831971501,16.51389197611228,16.510342549009717,15.4650742122448,17.043495741117464,15.710607251331588,16.14040583542153,16.825730655998345,15.36337526078615,16.881334165343954,16.05662982064248,15.78122636237201,17.02087221817246,15.428541233804644,16.58800913268497,16.433407217032002,15.506873039836591,17.057454127228066,15.647777773429095,16.221110597937052,16.766964870277807,15.371211012906603,16.92829407598261,15.978041085230318,15.852673565543945,16.99181375614508,15.400875478474976,16.65875069627641,16.354488939327073,15.555035100803345,17.063808180501393,15.590042265260955
15.459282214493324,16.36728502237795,16.770899996452393,15.254783520364821,17.135452358631007,15.818025732073231,15.9222811159607,17.082629516986586,15.23011460888452,16.860890691656422,16.256367854847817,15.536406839448329,17.2256717253885,15.400471801922428,16.46117679311068,16.68824670529108,15.285422798541799,17.171942437225653,15.73240802898006,16.014788470155786,17.028869372108865,15.218605931657954,16.931990589452028,16.160752608447687,15.609367350605215,17.211359721999855,15.34907472482783,16.552927115428353,16.60140652993649,15.324511768555553,17.199888521755568,15.651213594434502,16.10917542230864,16.96785402904201,15.21614882966523,16.99670796887016,16.06570212146977,15.68785947532692,17.188148655379536,15.305553965818604,16.641709506464387,16.511161722867385,15.371698318684054,17.219038875120894,15.57517382433051,16.204591738907133,16.90013311131179,15.222765436372978,17.054459858604503,15.972072604518702,15.77117616000746,17.1562476097944,15.270301557977064,16.726724218346632,16.41832520533525,15.426557394559872,17.229220991781105,15.50497368157157,16.30017791396954,16.826316645965512,15.238396149679104,17.104726032173282,15.880707468163632,15.858566891617059,17.115943948459503,15.243635053441999,16.807205442290936,16.32373324460532,15.488594828041212,17.230343151677317,15.44124552595494,16.395072911436465,16.74706956847521,15.262900168805867,17.14705369409665,15.792429725532934,15.949244458290412,17.06760072498283,15.225794662912985,16.882428206973067,16.22823792089799,15.557251788656849,17.222395246442552,15.384563417902498,16.488421921346024,16.663105733028182,15.296056762627114,17.181061558658328,15.708034578648174,16.042392040496587,17.011653412994463,15.216941091842948,16.95171490903843,16.13269945188756,15.631909817526342,17.205448870457488,15.33543794734966,16.579384059924124,16.57518148215989,15.337567258004533,17.20644328451064,15.628282255279196,16.13717056891341,16.948605983419185,15.217154092810553,17.014441416923333,16.037978443899377,15.711896398410456,17.179656675931355,15.29431163437373,16.66713994422863,16.48408883365355,15.38705773022215,17.22297023418387,15.553891160845932,16.232726282726986,16.87902636472863,15.226431747112457,17.070042693004595,15.944928139605747,15.796491015707844,17.14525099781767,15.261554942992483,16.75089907311483,16.39064834607909,15.44408237128377,17.23049353364251,15.485531407054022
15.337882001508655,16.39772100645352,16.868828462057625,15.09918704306177,17.29434125720173,15.756614597268007,15.878303562720498,17.232685381866705,15.070392997086001,16.973867398095198,16.26825627413589,15.427903403490317,17.399647103241765,15.269237313850978,16.50731335573019,16.772353890504363,15.134949820239699,17.33693320543392,15.656679904925666,15.986279993375613,17.16993546748523,15.056959839265213,17.056856618257335,16.156652249652357,15.513064368713463,17.382941847158328,15.20924561936281,16.614406163664427,16.67099230413277,15.180575246421162,17.369552433219454,15.561908139939275,16.096450328291773,17.098717140932916,15.054091860765139,17.132396035547192,16.04570742364142,15.604681943723902,17.355849426807886,15.158447320588555,16.718034742954252,16.56565676365313,15.235652329774547,17.39190510798963,15.473153002198012,16.20782215793935,17.019671933761853,15.061814896209919,17.19980519421744,15.936421182214401,15.701930841436946,17.31861388952093,15.117300006368536,16.817265611916937,16.457296126979518,15.299684938356316,17.4037898778336,15.391213994077594,16.319392249777106,16.933511881720374,15.08005937683607,17.25847687553265,15.829777971025665,15.80393504806082,17.271570651379047,15.08617432989883,16.911204903250844,16.346886501959364,15.372096269245668,17.40509968526752,15.316829218557958,16.430155585326585,16.84101311076638,15.108660957164838,17.307882567569013,15.726738427429469,15.909775714190255,17.215143475801582,15.065350669903607,16.999006415952817,16.235422453637025,15.452234044359978,17.39582273160365,15.25066873042419,16.53911441333464,16.743008845758823,15.147361995419045,17.347577226026424,15.628230727100986,16.01849943176158,17.14984065630344,15.055016604995883,17.07987923785955,16.123908045255554,15.539376386146918,17.37604258323244,15.19332850044245,16.645287237472555,16.640381904804894,15.195813874348877,17.377203283168,15.535142223070542,16.129126822310564,17.07625043780944,15.055265223977669,17.153094870149587,16.013347793699232,15.6327383202258,17.345937418860093,15.145325046881547,16.747717657611926,16.534056746873205,15.253580141560724,17.396493868774506,15.448311452486708,16.24066135917054,16.99503571776993,15.066094287300126,17.217993789628604,15.904737620849511,15.731478846402174,17.30577842448274,15.107090782739052,16.845482985034874,16.424991144308393,15.320140441061211,17.40527521409955,15.368520583110564
15.203368749554599,16.42563665572615,16.968945139992584,14.928091857768795,17.459671213239012,15.686275503011164,15.826614286839508,17.388566076234888,14.894884891313694,17.090082142705384,16.276330405857415,15.30718665963093,17.581116032071357,15.124203708202383,16.552024919092425,16.85768505990397,14.969335569857336,17.508790722091426,15.571025010631406,15.95113897898326,17.31619922985007,14.879392993387423,17.185790132210506,16.1476221617851,15.405399231696304,17.561850560353577,15.05501780122253,16.675530566185138,16.740788990441914,15.021953461694501,17.546409110412995,15.461728705991131,16.078193808963974,17.2340661186228,14.876085473981291,17.272906576286935,16.019674143683986,15.511057941230543,17.53060600741643,14.996434252221032,16.795041063569307,16.619309926256882,15.08547155362572,17.57218751341685,15.359371125393668,16.206634272463354,17.142906594005282,14.884992127084583,17.350646733839405,15.893638901671629,15.62321101922695,17.48766382281805,14.948980779229725,16.909479865942806,16.4943421454142,15.15931767747357,17.585893720382956,15.264874301421493,16.335303383437427,17.04354181698441,14.90603272195802,17.41831032494911,15.77065175566274,15.74084819569352,17.433410827867938,14.913084841045436,17.017816113608937,16.367011352185287,15.242826630603513,17.587404266401997,15.179089457307214,16.46304209619567,16.936866861099702,14.939017725848739,17.47528783896444,15.651820568457332,15.862909800120466,17.368335731157536,14.889069786699974,17.119073918415353,16.238464536753227,15.335246168040058,17.576705544541902,15.102789339152235,16.588699746033953,16.82384264966025,14.983650011292976,17.52106602494606,15.53821576616141,15.98829630694562,17.293024726294824,14.877151942746249,17.212341154511535,16.109859643175568,15.43574377865626,17.553893928418468,15.03666125506382,16.71114441437122,16.70548729978985,15.039527532627197,17.555232515008797,15.430860695835563,16.115878240032302,17.208156211498043,14.877438664598234,17.296777674738323,15.982355138675308,15.543414184397417,17.519174904066034,14.98130088391392,16.829273125022446,16.582866951272585,15.106146947597718,17.577479538913444,15.330722407229842,16.244506346940625,17.114494678614413,14.889927369478112,17.371622878636572,15.857099578218879,15.657287494985901,17.47286121892843,14.937206909490051,16.94202177975953,16.457086162812956,15.182908151445698,17.5876066964475,15.238702941642178
15.059375989672963,16.454122185749245,17.07409873745313,14.745253860025828,17.634072799211605,15.610427321416394,15.770569777843685,17.552933779805766,14.707360948076962,17.212329785560225,16.28374683431986,15.17784399037266,17.77265510039477,14.969039706006585,16.598345517368042,16.947138377375612,14.792317609517324,17.690123725345817,15.478913448695904,15.912666563505903,17.470355007011666,14.68968293690317,17.321543447820655,16.136876141800567,15.289915665169483,17.7506710138796,14.890090745557734,16.73927945714239,16.81374671471701,14.852360587096038,17.733050569574562,15.3541939789524,16.057650523171322,17.37663181925738,14.685908682431743,17.420953183098636,15.990872953268035,15.4104842266617,17.715017438147836,14.823240277088493,16.875654478343645,16.675125335705527,14.92484192826173,17.762466648773742,15.237392379681866,16.20421564771031,17.272608470894543,14.696072182980894,17.50966351287266,15.847052459020668,15.538463598552186,17.666015539040966,14.769090486677529,17.006242120781135,16.53252293562422,15.009108724282234,17.778106984196175,15.129560794551479,16.351041684929694,17.159221999668343,14.72008188618486,17.5868753383952,15.706710187742788,15.67270094828987,17.60410672351014,14.728129153254363,17.129866056717415,16.387224070618696,15.104401903566574,17.77983068838854,15.03167056573564,16.496806032346203,17.037493785922774,14.757721513693562,17.651893138939183,15.571110336439231,15.811987071734526,17.529848663441772,14.700725254708251,17.245412687176806,16.240537586472048,15.209863069348549,17.7676222342993,14.944603484108539,16.640195651131815,16.908520352051415,14.808652009398488,17.704131237017958,15.441474382604413,15.95506728561452,17.44391027217372,14.687125644151548,17.351841173196004,16.093784828579498,15.324542232086896,17.741591595145753,14.869143846110658,16.77991889390937,16.773463485072003,14.872414593635186,17.743119074142424,15.318970081206631,16.100652729658517,17.34706567895339,14.687452826277797,17.44819281165562,15.948287739327307,15.447406366929352,17.701973253780064,14.805971388841007,16.914717139855522,16.633539771299883,14.948434895850275,17.768505449591178,15.20470094560289,16.247431976592043,17.2401872556155,14.70170385384481,17.533599671235702,15.805356950093698,15.577348719155042,17.64912409047815,14.75565516701513,17.043376132301642,16.490009637392465,15.03602812850624,17.780061684011113,15.09969630713916
14.907726672089701,16.484452847963617,17.185321049109874,14.552619351754839,17.818357915221334,15.530676611981512,15.711713709360225,17.72663225492427,14.509782349354012,17.341587839786264,16.29184771516013,15.041651825090405,17.975021788837225,14.805603731379307,16.64749376736159,17.04179549328061,14.605823759816158,17.88172210482545,15.382003422413188,15.872350621001544,17.63327898893057,14.489797793716917,17.465051191422212,16.12581401955633,15.168346089411248,17.95016932122796,14.716353878719424,16.806816110406075,16.890999508499405,14.673700865121837,17.930249843516215,15.241011137839187,16.036251411646766,17.527327236680414,14.485531092121853,17.577431445399917,15.960761015814192,15.30464587458151,17.90986383319155,14.640781072855955,16.96098470844082,16.734291458362378,14.755639233693763,17.963503995558646,15.108969810555497,16.20193967018509,17.409731406896363,14.497020678829053,17.677716285336096,15.7981754941294,15.449323398133327,17.854468394790864,14.579566070299045,17.108610817517942,16.57308296209031,14.850900768312993,17.98118500901427,14.987068863028725,16.367922884073693,17.281550797639092,14.524163056146989,17.765002349804952,15.639522017727781,15.601075411300155,17.784482005697704,14.533260293098365,17.248364628142156,16.408826178724652,14.958627357266991,17.983133614091813,14.876406373630708,16.532705883824725,17.143940054197053,14.566713726734996,17.838503369778216,15.486229730144277,15.758534938624209,17.70053510022572,14.502280861657574,17.378987244136297,16.243000726142967,15.077848604182318,17.969332257842474,14.777979185196994,16.694804311426743,16.99813876809253,14.62428939602458,17.897557251301883,15.339679481560871,15.920283591611312,17.6033838684059,14.486906837332022,17.499302022722667,16.077100352726056,15.207490569312267,17.93990526227612,14.692673925510366,16.85275799137591,16.84546031089578,14.69637142492001,17.941632039609466,15.201191390168745,16.08486434551203,17.493903444259963,14.487276708656417,17.60822517366941,15.912619481738368,15.346385443538985,17.89511770447404,14.621259020596806,17.005144083872956,16.68728000343149,14.782310501676466,17.970330710947096,15.072012950601916,16.250794664136464,17.37308002263167,14.503387143846147,17.704775522025216,15.751039749628728,15.49328206794653,17.835373028786393,14.564377772777576,17.15058990170136,16.525022726949814,14.881332490871785,17.98339474894606,14.95330779656048
14.745702107263082,16.513913375807817,17.299898329945215,14.347468872496869,18.009814190536623,15.444306037552654,15.647329137256222,17.90694893172776,14.29942954168926,17.475142899611953,16.297917363682302,14.895891764986096,18.185504066775245,14.631176873075884,16.69675475646391,17.13894235101578,14.407134675798535,18.080873627358677,15.277577271868601,15.827474556070602,17.80225840307967,14.277017966987788,17.613600225275356,16.111719749907003,15.03797238066937,18.157633397821904,14.531088095706732,16.875425959246513,16.969832987816652,14.483255098173824,18.13529480441718,15.119462216650824,16.01128023480974,17.683439368349724,14.272233096947986,17.73962846942191,15.926621927856683,15.190825057136614,18.11243302046997,14.446337370458405,17.04831752182217,16.79409357005099,14.575144450207162,18.17258749814362,14.971385165359901,16.197090460006663,17.551562144174902,14.285118033468642,17.852092375173378,15.744291250568384,15.353072904203447,18.05031009772989,14.377688128135063,17.213872044602198,16.613307150661818,14.6819749966584,18.192415777593723,14.834679989558751,16.38323146132823,17.407814674788206,14.3155567096085,17.949978872614956,15.566370144760874,15.523254400402184,17.971824230156415,14.325758758091101,17.370598219729487,16.42910224576063,14.802784412665442,18.194601030498625,14.710578123456138,16.568026488824295,17.25349183106922,14.363274935112145,18.032406204484566,15.394461315927028,15.69983655830275,17.877682414991362,14.29101703780707,17.517084264714192,16.243138165026096,14.936484452324386,18.17912357219629,14.600197471201664,16.74981091701799,17.089983746404208,14.42784286630376,18.098631869003384,15.230113311233325,15.881228733596092,17.768732677563683,14.273775919170696,17.652010639708237,16.05709006471536,15.081870751560526,18.146122822950154,14.504532336854272,16.9269472397783,16.918763294425794,14.508678878100056,18.14805930829923,15.074806570274905,16.065796953548137,17.6459564323145,14.274190709420083,17.774161933862203,15.872633857930257,15.237633676987105,18.09589605205739,14.424444467735068,17.09783982090351,16.74137282143184,14.60505480326339,18.180243282173663,14.929940089341088,16.25187863575419,17.51045964225908,14.292257672142927,17.882437813692782,15.69143111806558,15.40237012302514,18.02889570006038,14.360655291845287,17.26094926754179,16.559410252998383,14.716102491700369,18.194893878806056,14.796818819318364
14.578460538270212,16.546542797429392,17.421372107547388,14.135212732822163,18.211533801220778,15.356031649732111,15.58200360672283,18.097041096334802,14.081743242843094,17.616425569037286,16.306131525837838,14.745626988417952,18.407082904820644,14.450989864578952,16.750051780722767,17.24222235758717,14.20162290170042,18.29062549090921,15.170456582051225,15.782511888252545,17.980516800963773,14.056798360206932,17.77053351481067,16.09888693528021,14.903767785318765,18.37606185541679,14.3395874826434,16.94891920718617,17.053997599895286,14.286347648964254,18.351198203569016,14.994468881590413,15.9870941697335,17.84826697399887,14.051472629054077,17.910807449192927,15.892866452170148,15.07389827038674,18.325752221971886,14.245256900218495,17.141353687791817,16.858393354807408,14.388623777818063,18.39270630286965,14.829653837812236,16.193907582975353,17.701482916062606,14.065814023336427,18.035983790754972,15.689925899954966,15.254485915697822,18.256607191450453,14.168847843040345,17.325621781205275,16.657171616757086,14.507529989393111,18.41477588567891,14.67749609737949,16.401089161851164,17.541486851490628,14.099693356405295,18.144934956519545,15.491893358199965,15.443903995688656,18.169249619245175,14.111048600534131,17.500063608548547,16.45214498230718,14.64199518176717,18.41720815016586,14.53936629052326,16.60677262381392,17.369720017793032,14.152805444719023,18.236679519179145,15.300552695328173,15.640446240628743,18.064466418522866,14.072379825733288,17.66310780551606,16.24516032236001,14.790808098403657,18.399981186599025,14.416508684466242,16.809105181288142,17.18772968305031,14.22467185692293,18.310391047749913,15.11762749961211,15.842342206623202,17.943201471745358,14.053189845259835,17.813285677155225,16.0380821456254,14.952628239096994,18.36325017470826,14.310029975118267,17.006264231498353,16.99715520819061,14.314645223537886,18.36540555202569,14.94476555316628,16.047773223693444,17.806547128217755,14.053651521613569,17.949244427805883,15.832775803208337,15.125997935139642,18.30734598583255,14.220889318008277,17.196473774394914,16.79971327969832,14.421915068436066,18.401227463772496,14.783523988798626,16.254888778276257,17.65573436425399,14.073760696034215,18.069759347024107,15.631090685607989,15.30935547993757,18.23277220244565,14.149889688253408,17.378020410784277,16.597182445778426,14.545515109574433,18.417534100785414,14.635355263426751
14.40289266505071,16.579288153885237,17.546714467079312,13.912728943629292,18.420511452727318,15.26276640831423,15.512656546548504,18.293900176568187,13.853599933020535,17.762413517102527,16.313430360329207,14.587752980869753,18.636758606493242,14.261929756671625,16.804337707132177,17.34860246956259,13.986168349572173,18.507974665121576,15.05754900022002,15.734387786370599,18.16504227461571,13.826014739471743,17.93283314078128,16.08424980150049,14.762632316006217,18.60245410947984,14.138735901149785,17.024254414280378,17.14045491291391,14.079860854994395,18.574958744656744,14.862933741843113,15.96062424190414,18.018794359689366,13.820125302075576,18.087954481146923,15.856422916744256,14.950770397375523,18.546819412929512,14.034420823315381,17.23705727530778,16.924146781165387,14.192962481929433,18.62086030169156,14.68067371886819,16.18932798511167,17.856473826572124,13.83598467262498,18.22638021199053,15.632001960614401,15.150472485418424,18.470355671740936,13.949924188799871,17.440829371405297,16.701626568450667,14.32445441589814,18.645265857019844,14.512410721563105,16.41843886273707,17.679542851484477,13.873449990607826,18.346863400419142,15.413008507209588,15.359939672512462,18.37375166793048,13.886007139569257,17.633735132496874,16.474898727055287,14.473152183344707,18.647955566472998,14.35966045560424,16.645893054075017,17.489595220865343,13.932183770088143,18.448318739172485,15.201415239922733,15.577285087452468,18.25787760611403,13.843245437590772,17.814036871974142,16.246005611398918,14.63771632132252,18.62890520126662,14.22379888866662,16.86964166177772,17.288341974613957,14.011656939764562,18.529832323022923,14.999128181595866,15.80055089230351,18.123777274742164,13.822024278394364,17.98011043970087,16.017009080596477,14.816664443317185,18.58828636625231,14.106049855767525,17.087669168231496,17.077595993117804,14.111153608821324,18.590669881193595,14.807969525149973,16.02772591851881,17.97265864369969,13.822534821248398,18.130459852285938,15.789971925322027,15.008384592519198,18.526464954108675,14.007474035014583,17.29801159125106,16.859255666905533,14.229777515641215,18.63028339163725,14.629661219351663,16.256763783457487,17.805882982966065,13.844772467205322,18.263730768835867,15.566939286280816,15.211149762259852,18.443997849396336,13.928959393063876,17.498774175544515,16.635287796029306,14.366460101290981,18.648316017594738,14.46580945757445
14.21985122238956,16.612470261303486,17.676009782300184,13.680990037428268,18.6366179597811,15.165152891938694,15.439869461350595,18.49742793139074,13.615986596068256,17.91313839996588,16.32019965985759,14.423077296619818,18.874349134958443,14.064883735965902,16.85987834892365,17.458215479965176,13.761725603076568,18.73277058840612,14.939547260865771,15.683629563152879,18.355768076319503,13.585660830546514,18.100489108194324,16.06825015379784,14.615330785889904,18.836636507315298,13.929450646846325,17.101643645349537,17.229388591885318,13.864726401151556,18.806409494947772,14.725597096548396,15.932342471070099,18.194990521206293,13.579186281175845,18.271021658093808,15.817788808495147,14.822160269657116,18.77547453796119,13.81477193033877,17.335588339428174,16.9915903806004,13.989064604996036,18.856871343375932,14.525229652653257,16.18376779017065,18.016543543193603,13.596621270412113,18.423199899957996,15.571071768728123,15.041702637031802,18.69141417122502,13.721880607275873,17.559605067648555,16.746962921935005,14.133620181540453,18.883701575580183,14.34024983029916,16.435640692242487,17.82203458480801,13.637808744639388,18.555653018879738,15.330321450735847,15.271980260028217,18.585212619191857,13.651613438608722,17.7716758971792,16.49770980927351,14.297090980511447,18.88665850600932,14.172323919587013,16.685692317265552,17.61321577418857,13.70237768890201,18.66718788299155,15.097706522790174,15.510918807950217,18.457826540769684,13.604603387901035,17.969890503318467,16.246076303688078,14.478004464144432,18.865715498764136,14.022964589732075,16.931670211203684,17.391968141993672,13.78974646899099,18.756799791144836,14.875322369927433,15.756365932871018,18.31040342414817,13.581273919621198,18.15246337761537,15.994329108725564,14.674730971738699,18.821061207532452,13.893517263006116,17.17135861601084,17.16028467715966,13.899128070779371,18.82368152321373,14.665172218811941,16.00611065788861,18.144271250275462,13.581835184593034,18.317749911651145,15.744735952041802,14.88549839956947,18.75309787620492,13.785147995232839,17.402598429082403,16.920252374143857,14.029537189610808,18.86723061149844,14.4691490927587,16.25790329350831,17.960926530464267,13.606282126966383,18.464261211599496,15.49954515781029,15.108408163920204,18.662437715479943,13.698832972008192,17.62330665235634,16.674033433371086,14.179799105880784,18.887054767727786,14.289018759462666
14.03379508503927,16.649228806686544,17.81181135003285,13.444751993969358,18.861876980963448,15.067128776469957,15.367428560033197,18.709724762809056,13.373695051852376,18.071022771877924,16.329740256927813,14.255946760260027,19.121747074000865,13.864396119654735,16.919676982867472,17.573734768075955,13.533006127827914,18.96698390489943,14.820513429143507,15.633889028614632,18.554872713263734,13.340545173626744,18.275820674137197,16.054327738852997,14.466104019214878,19.08052242583683,13.7163507089357,17.183956878125407,17.32359818144437,13.645598962817719,19.04748049723688,14.586638973826272,15.905763537592428,18.37912261160193,13.333467676339836,18.462234212770603,15.780541967771292,14.692194674550134,19.01366469607317,13.590992439428142,17.439687870791698,17.063654809504854,13.781516267635087,19.102641648213748,14.36761214132163,16.180603053351696,18.18405760700667,13.352526313775819,18.628584182824028,15.510849193862509,14.93218211159012,18.92177613619796,13.48945053290824,17.684566347336226,16.796246210714813,13.939533705178363,19.131970468609023,14.165405915700006,16.455931833627083,17.971434836456837,13.397549406567219,18.77337211108633,15.247678797767975,15.1839045340611,18.805684474315633,13.412639674402254,17.916386453216493,16.523781189966527,14.118227861322602,19.13520276569901,13.981841761744999,16.72926972887968,17.743169596514477,13.468131388675111,18.89529375427019,14.993401406836643,15.445094437456792,18.666435459008543,13.361251772744058,18.133059963118423,16.24871410017893,14.31598906697161,19.112309423093734,13.818573217278946,16.99815452337567,17.5013180904177,13.56363646071016,18.993250847578135,14.750307540618312,15.71339903461934,18.505283439279875,13.335749727890782,18.33263509159811,15.973522733594322,14.531035897886028,19.063496663016135,13.677070998166851,17.260164114716645,17.24805890589244,13.683204317185542,19.066360997823605,14.520586977964001,15.98640144954246,18.32368006543291,13.336363261140434,18.513314074679176,15.700686001935019,14.761431221674677,18.989204188661255,13.55860975017264,17.512938332031794,16.985673390529676,13.825757896110865,19.113965631989906,14.306309031594783,16.261642488484096,18.12326121266902,13.363086845812504,18.67346936403156,15.432661606475193,15.005099647397813,18.89010122336942,13.464256567006053,17.754200196293116,16.716525101507578,13.990013081119436,19.135635929627,14.109403907823861
13.838137387789436,16.68390626418524,17.948874743681728,13.197218643969402,19.091417208414168,14.962474370090229,15.289220855990253,18.92586529887251,13.119903882499932,18.23091431156969,16.336281102154526,14.079853443505138,19.374173455131896,13.653819850168434,16.978172181185407,17.68983131179353,13.29324511379321,19.20578065427596,14.69414018365895,15.579147877272709,18.757375790079056,13.083834571727488,18.453748287967887,16.03661364523519,14.308518762657515,19.32931824824419,13.492736425025425,17.265726591131795,17.417665778714866,13.415753737455583,19.293366393969475,14.43966894991397,15.874965740876268,18.566147786404944,13.076133775742813,18.656578832665318,15.738716199126854,14.554520695289847,19.256572513977186,13.356338144766672,17.543979216551485,17.134829799592847,13.563640962664737,19.353385459005185,14.201352934532517,16.174009732501037,18.353903861293524,13.096870862977303,18.83757885703958,15.445272210917095,14.815643266816627,19.156591542704472,13.245853679099453,17.810423570037425,16.843871148483146,13.735574627802789,19.385297200285983,13.981338877695679,16.47358607702803,18.122555898683835,13.145859034661557,18.995117920834772,15.158925011140651,15.089534296602574,19.030275958616294,13.162278267229366,18.062659532576493,16.547410768113174,13.930005961978905,19.388814158250476,13.781608656347123,16.770996203926394,17.874187870844136,13.22265700750044,19.12777691909573,14.882254002774301,15.373726586302103,18.8787636069364,13.10636475278937,18.2984149737161,16.248119160545574,14.145183536289606,19.363904652296057,13.603961431532992,17.063561055858806,17.611037066041415,13.326572988733604,19.234360865402877,14.61775142608842,15.665660144273586,18.70341930426245,13.078616802257406,18.515566218815316,15.94869233141298,14.379169040612902,19.310793066156407,13.449997441638219,17.348645221511347,17.33547393514722,13.456670907774233,19.313909656257394,14.367799908655956,15.962705245871414,18.50582254435807,13.079284367951017,18.71215717901258,15.651827504418021,14.62985474382083,19.229957826662595,13.32110358750966,17.623680675263046,17.049980738720077,13.611778848291655,19.365706719651282,14.1346510027485,16.262186121889805,18.287753270142545,13.108361436467826,18.886416971588066,15.360198824860438,14.894982480128567,19.122127094095454,13.218440939314073,17.88618990984754,16.757129186912504,13.790499604782328,19.38928546991647,13.920404903452498
13.64003527750563,16.721667476143107,18.091479209278287,12.945995837392152,19.32871800151969,14.857559678561428,15.211387601866436,19.149444800796644,12.86227306554286,18.39689481098173,16.34523040802563,13.901785269361808,19.634909681904787,13.440441113897437,17.04032277254153,17.810965711793116,13.04998118342114,19.45256013080785,14.566985389215374,15.52534438572537,18.966990526404512,12.823214254273621,18.638197736990534,16.02072588069521,14.14940285210245,19.586336780933017,13.266006754977818,17.351710298036327,17.516242525714567,13.182643580012838,19.547405161203592,14.291423043291937,15.845680257332566,18.75991314275217,12.814875200087473,18.857839304719825,15.698138066402302,14.415793943387056,19.507561726890458,13.118303497777072,17.653025087498328,17.209964504535467,13.342788010135665,19.612398732846138,14.033354894278867,16.169509645250777,18.530077993800464,12.837331020817613,19.05384099259137,15.380372821984745,14.69855890398606,19.39929412199794,12.998661846737383,17.941552910561505,16.89489058719494,13.52897189980917,19.64695538650174,13.795105608707948,16.49391550860175,18.279555424458806,12.890379435418934,19.224437226024538,15.070292562783104,14.995150599575668,19.262509236076763,12.908159528587275,18.21469472129041,16.573858945677557,13.739518112746888,19.6507638373547,13.57882132566096,16.815975613641488,18.010602131009243,12.973542586106747,19.368091281654568,14.770690478129245,15.302897345211507,19.09843922136096,12.847611784226709,18.469990070271784,16.249761418885292,13.972530057926493,19.6237897790473,13.386450324443471,17.13278885711416,17.725640832885663,13.086071342878695,19.483509130068857,14.484265370419822,15.619026971749248,18.90856201332429,12.817564025072842,18.70513926823458,15.925517463079734,14.225908773997888,19.566276192709978,13.219725474570444,17.441501399261725,17.42723844892383,13.226952051644863,19.569651092367085,14.213597344422672,15.940691797422216,18.694588017502472,12.818286920018112,18.918024101549726,15.60404785354867,14.497371836634946,19.4787411581979,13.080148626153955,17.739332371087357,17.118082974668983,13.394915665179143,19.625741205542976,13.961124565807046,16.264994279633374,18.458444702235358,12.84977395725666,19.106726913005247,15.288248374390337,14.784473918513276,19.361973187250648,12.968977081303274,18.02359892430085,16.800959269031246,13.588449174641108,19.65127421232491,13.729121298254542
13.43731132170717,16.760309226990742,18.23741007045079,12.68891194857595,19.571554332303823,14.750197082742794,15.131738218149298,19.37823974053017,12.598631675802732,18.566747038421912,16.35438810850731,13.719562615365977,19.901728164529747,13.222084148305324,17.103922875273508,17.934925638674947,12.801041841035957,19.705096270369104,14.436863857819613,15.470285347678278,19.181494920728777,12.556513622880022,18.826949770604095,16.004467094230918,13.986574593343864,19.849350840508375,13.033987395696219,17.439699511890996,17.617118558903865,12.944094884867411,19.807369941273425,14.139718371514181,15.8157112005132,18.9581984116864,12.547521420759058,19.0637945406582,15.656612917590596,14.27383049582189,19.764405810505195,12.874715431151376,17.764614475674115,17.286851623329095,13.116782464545569,19.877454068289158,13.861437297293186,16.164904195769825,18.71036165853178,12.571736070800899,19.275147861316377,15.313959033704538,14.578742734269273,19.647658255613024,12.74570296951973,18.07574094692493,16.947099861975165,13.317549017950661,19.914717336683726,13.604527378829356,16.51471881831096,18.440217163832944,12.628939448503385,19.459105871165292,14.97959205368258,14.898564672657809,19.50015983266966,12.648112149379326,18.370276312079415,16.600923743759733,13.544586048802941,19.91882408057495,13.371302849364522,16.862003953407758,18.150198377312222,12.718616268357021,19.61401148454613,14.656523940569166,15.230415369038088,19.323239200979245,12.582822064544164,18.64556740952733,16.251441607924555,13.795848417517877,19.88973730659455,13.163864585198652,17.203631271843506,17.84291777543825,12.839958725514201,19.738469318509118,14.347664877712845,15.571305526938001,19.11849005380785,12.550420845225744,18.89913442917522,15.901801574172595,14.06907276373316,19.827719027122797,12.98408118108841,17.53652340976467,17.52114332835296,12.99187377245972,19.831358262361857,14.055797053962351,15.918164422813788,18.887756762464566,12.551200360182111,19.12869325046663,15.555153184544405,14.361797894559498,19.733327900092394,12.833572118027885,17.857681689439556,17.187773566117862,13.172992965134647,19.891841576585083,13.783549601832345,16.26786756699252,18.63311776228593,12.585153587576851,19.332176017639515,15.214619032481494,14.671386954897738,19.607414196622692,12.713693175034852,18.164213131215206,16.84581146888384,13.381684789820483,19.91937443014544,13.533374914393402
13.227007796197181,16.7972031903022,18.384185420885238,12.422935066974038,19.81757654375231,14.637559000452441,15.047482943565388,19.60988129842392,12.3259388535485,18.738021733658563,16.361085639558265,13.530255735956228,20.17231197503041,12.99576989443873,17.16637822423773,18.05919920184565,12.54340629115558,19.96105265351526,14.30091694760548,15.411214560913095,19.398500650740665,12.280687642792621,19.017580921611493,15.985134035290393,13.817130708832916,20.11603830700332,12.793680642819464,17.527133251977514,17.717750484526686,12.69710103691142,20.070934452784602,13.981666837667113,15.78233660911998,19.15859313625344,12.2710265116363,19.272044550920604,15.611403020507979,14.125755549771238,20.024774224535115,12.622560452426349,17.876218608104242,17.36291502395073,12.882634828734108,20.146232131147144,13.68268446158114,16.157506037104483,18.892319831297186,12.297042487123914,19.499120424409075,15.243259147748656,14.453350179782962,19.899341830465193,12.483950766405453,18.210489747089213,16.997889162334562,13.098336386390077,20.186267410429164,13.406663039436669,16.533343335166325,18.60207931408738,12.358501218492943,19.69676305259944,14.884018640820525,14.79696364085466,19.74087101428055,12.379100174709858,18.52693556921977,16.625961036578964,13.342262679738408,20.190679654596366,13.156088960059815,16.906462977460514,18.290486058432936,12.454849088195292,19.86319207939297,14.536917522403996,15.15350067804738,19.55078927412087,12.308953166856316,18.82270554445326,16.25048095887658,13.61221643146111,20.159429118347433,12.933219383732794,17.273503918666183,17.960346882671207,12.585218198859831,19.996908319438877,14.205082464101984,15.519749621417127,19.33080885793825,12.274141624005182,19.095135389866172,15.874831237246845,13.905765910040127,20.092797305137942,12.740061909793265,17.631159870134045,17.61463566597197,12.74843419127372,20.096707262730124,13.891502621519283,15.892411316596384,19.08291133964289,12.274979127002833,19.341771069397492,15.502395707854337,14.220266834688104,19.991384431409525,12.578356492267915,17.976209082789545,17.256466559764224,12.943026822958469,20.161689924776535,13.5990027080809,16.26812884343136,18.80932976917251,12.31145813165913,19.560390899697502,15.136529253560948,14.552886194913238,19.856104019866844,12.4495597664429,18.305543368506587,16.889065935598254,13.167243212049804,20.191270944617518,13.330217550137817
13.01888396662378,16.83909217245733,18.537207225150443,12.158503819549152,20.070975527800574,14.528212922159883,14.96684292370922,19.84873584819474,12.054715177875687,18.915821904842897,16.372434283421075,13.34336768249615,20.45055228925909,12.77145299092537,17.23411970970587,18.18946294683789,12.28741137456562,20.22449894916919,14.167996578024189,15.356045854060644,19.622552685736085,12.006295125869864,19.214957998513672,15.9701556277509,13.650331869173817,20.39033790191088,12.55521188025075,17.620137606525414,17.824103338249788,12.451869020189006,20.34207552549149,13.826390095725328,15.753156750642566,19.365844983687477,11.995957447270547,19.48724114760348,15.5702530644896,13.980569018609225,20.292682799526684,12.372108525010594,17.993668630685494,17.44441954266504,12.650395329183395,20.42264613214113,13.506470651425674,16.15459845597073,19.080925153734224,12.023795263431717,19.730218637485354,15.176328898332008,14.331104369090097,20.158466654972113,12.223792312172675,18.35134803115535,17.053831735008888,12.881201985292199,20.465484992638384,13.211120065403621,16.5567548008265,18.77035974116855,12.089557812530222,19.941701737621006,14.791931580834857,14.698780313602379,19.988898481372058,12.11159926765657,18.689953847632783,16.655858313067373,13.142209892312211,20.470206216412723,12.942998842743028,16.95600317854932,18.43694630556249,12.192652708417219,20.11978541754937,14.420523746121306,15.080284843414995,19.785505741373537,12.036540021470985,19.00643593382107,16.254084203915216,13.431067902501075,20.436767274888123,12.704522207620775,17.34874717731925,18.083688220474333,12.332151276806568,20.26286550731702,14.065451019625234,15.472181382508962,19.55012058782953,11.999290704003036,19.297943433012517,15.85212857105027,13.745173995612218,20.365469384578606,12.497838347073463,17.731448976475324,17.713767619191895,12.50679692073192,20.369653147770602,13.729911880844083,15.870939744102929,19.2848633598466,12.000186855465591,19.561850458480254,15.453612213128105,14.081698717779036,20.256954793743002,12.324809060223197,18.100661215049005,17.330516730215297,12.71501643991686,20.43918640054341,13.416928851576847,16.27296793042024,18.992123482863544,12.03922040336572,19.795779747350277,15.062124947966472,14.437610669110681,20.112200997041224,12.186992987272786,18.453058045439843,16.93738786069048,12.954934202094078,20.470838913153795,13.129321269180691
12.802101385762095,16.87764157969744,18.689253873658096,11.8842158458818,20.325534942341545,14.412309650003978,14.880256449042433,20.088441386671512,11.773490262870846,19.09317409526912,16.379793587883785,13.1482726819485,20.730481548562043,12.538132818513942,17.299071648171008,18.31826734436116,12.0217392198616,20.489319438051186,14.028017457029867,15.295472610251254,19.847140776829356,11.721833950568067,19.412303605370266,15.950627756596761,13.475753492809316,20.666242600664884,12.307438759276577,17.71088989715128,17.92848812558259,12.197188752668373,20.61475450254193,13.663578956795272,15.719125283945305,19.5732754528938,11.710805330562705,19.702785395486384,15.523996829062385,13.828062765900613,20.562060505484336,12.112097289985416,18.109386685970698,17.523427331375448,12.408984002630072,20.700710222271805,13.32227699527556,16.147398225479886,19.269312381653197,11.740503748178527,19.96200281843285,15.103743877904863,14.202026914791363,20.41887373074994,11.953868038001145,18.490972373088894,17.106733731552033,12.655217127453694,20.74641231189936,13.00718600552345,16.576433571041157,18.937989649079427,11.810661681376336,20.187620855068847,14.693654523217782,14.594277286882273,20.23797209662855,11.83417632546382,18.852209651425394,16.682160883725604,12.933670069984585,20.75144908901206,12.721144313311045,17.002366589112828,18.582291795769862,11.920647150580722,20.377607148047243,14.297422831864905,15.001280508079864,20.020985157080904,11.75410033005375,19.18984451147079,16.253533321428932,13.241834538368066,20.715775182543286,12.466728569616487,17.421360493808784,18.205422932336994,12.069469411524265,20.530250309199946,13.918618041488513,15.419370311275058,19.769867520911404,11.714361372814336,19.50083555326116,15.824712102884282,13.57693460063159,20.639711941472935,12.246230540265097,17.829641006470432,17.810777876921133,12.255787879828324,20.644175335647336,13.560652408973295,15.844780561915941,19.486881244737905,11.715317420523965,19.782381383175167,15.399560030761,13.93595169015814,20.52394454012983,12.061636461803774,18.223530354203394,17.40191157481738,12.477924206928053,20.718355995763684,13.226750472987073,16.273679183181958,19.17457545648524,11.756959861146955,20.031945848764416,14.981906856218403,14.3156517968013,20.36951580617183,11.914609149569314,18.599480399093654,16.98250707568612,12.73387739856278,20.75212407342649,12.919920007478366
12.584291226181803,16.917856189662064,18.84416268915393,11.60829383029561,20.584037643694767,14.2964426921908,14.794015469439666,20.331933560057582,11.490558147597346,19.27365532991342,16.388489158103138,12.952378824176366,21.014621650057588,12.303610658685768,17.365967235655862,18.44968879151536,11.754523887362717,20.758191429056712,13.887820741733838,15.235519202162726,20.075356071253903,11.435631444759023,19.61298911095302,15.93215259374883,13.30059263158043,20.94631569780316,12.0583112272431,17.80385793239304,18.03523242852695,11.941081229960348,20.891567858880148,13.500309432604793,15.685993567778661,19.78415217777118,11.423904596543446,19.921861468548567,15.478511419346665,13.675206805291579,20.835537774874513,11.850602578339425,18.22758377974377,17.60452700487105,12.166285357754587,20.98296548415357,13.137399449626377,16.14138071302205,19.460945031469382,11.455483237883369,20.197490094092746,15.031652014636224,14.072846837315362,20.683285763927326,11.682355742345246,18.633327873918493,17.161452296053728,12.428107641870879,21.03156099908986,12.802359869957906,16.597578530525023,19.10864606810183,11.530082909767023,20.437392137053795,14.59559966947406,14.489930803738934,20.490931144377424,11.55508627935662,19.017435289968883,16.70999949955731,12.724189598693554,21.036916657428588,12.498208715391732,17.05047761041914,18.730428781229957,11.647031621632339,20.639406570384086,14.17428232419981,14.922701630543708,20.260206638174356,11.469940627096522,19.37644600519126,16.254235282309534,13.051864134982855,20.998984215635073,12.2276857661461,17.495998257719858,18.329700135532978,11.805275904628383,20.801713656956448,13.771495186922548,15.367260937163026,19.99319060151853,11.427685773854185,19.70712606685878,15.79826514832648,13.408179572932946,20.91810536747607,11.993227881045241,17.930127242038342,17.91006987702006,12.003390301216418,20.92285134167629,13.390866546452662,15.819604152922741,19.692288303119884,11.428702349488509,20.00649672352532,15.346196456513274,13.789926238756058,20.795008666057154,11.796947046402442,18.348953948584796,17.475318016596457,12.239590205628607,21.001728421609496,13.035825088836487,16.27565659003751,19.36021025764317,11.47298119673093,20.271861257487362,14.902101421755086,14.193665375282565,20.63080296104881,11.640611351339968,18.74870560481423,17.029360779893015,12.511747939518644,21.0376343754905,12.709569011903296
12.367916134753198,16.96088795548392,19.00250301025195,11.33349561165302,20.846526742478073,14.182556852608432,14.709914297097143,20.579331728258918,11.208712280265427,19.45770504664541,16.399833055127374,12.758037427360232,21.30288547353388,12.07043405060309,17.435822893381975,18.584415936183326,11.488478988413963,21.031105359709326,13.749474824394504,15.177846408472696,20.307395531192487,11.150497669323155,19.817351321080213,15.916180219987883,13.127095285837981,21.230490732359673,11.810451014522645,17.899925692722213,18.14515024796354,11.68620363883969,21.172465692112585,13.338767118834966,15.655286134119251,19.998760195591313,11.138068852897412,20.14471275366382,15.435384120630683,13.524133834469737,21.113081651693268,11.590308942262006,18.349015735907862,17.688662831585052,11.924888467978722,21.269334372033196,12.954133372870974,16.137932717994655,19.656205894979006,11.171537789219702,20.4368404870149,14.961775747164584,13.945576567478394,20.951715847367492,11.411990863922234,18.779047639589255,17.219065705610017,12.202383413391914,21.320838810664487,12.599038350363006,16.62143850090723,19.282818343423685,11.250602991584227,20.691103047364503,14.49962134297978,14.387627147267935,20.747846895447918,11.277103060907315,19.18614769529866,16.740588980287573,12.516188812820204,21.32651505828937,12.27668073165011,17.101448084037603,18.88196099956132,11.374552244126818,20.905210048756214,14.053083974615134,14.846303601665042,20.503311238483487,11.186860596611982,19.566648763645983,16.257542752907305,12.86347792103265,21.28631198351898,11.9899642999785,17.57363756218092,18.457244768708353,11.54226901743414,21.077232824741802,13.626186031038088,15.317474193349518,20.220311642912986,11.142076371184036,19.91712330774897,15.774278282632217,13.241122373022538,21.20059173388203,11.741471784349624,18.033753473293487,18.012495475985634,11.752242526191502,21.205621801723918,13.222772990141326,15.796894638362204,19.9013973566418,11.143153798955726,20.23441426833464,15.295148794547849,13.645720364182079,21.0701264736156,11.533441594411066,18.477651113492342,17.55171940345337,12.00258133827042,21.289220457446806,12.846478778847757,16.280246338427986,19.549441145528963,11.190083174505123,20.515663502390243,14.824470266001526,14.073627293608414,20.89609142804405,11.367747656960631,18.90133187236522,17.07906720170008,12.291030412666434,21.32727573889792,12.50069303885671
12.142701586956639,16.99930712058695,19.158109603932445,11.04890597211879,21.107979146273806,14.061501548260237,14.61912898057867,20.825447305177356,10.916960155472042,19.639439952812427,16.406048019487457,12.555215598018199,21.59053258336708,11.828144217038043,17.501503027189116,18.716024593025946,11.212785297874843,21.303152460812562,13.603560882209083,15.11392010279119,20.537902140300403,10.855404062233182,20.019729698698942,15.89463381378899,12.945457146991524,21.513982429280468,11.553238317119542,17.992245037247983,18.25154532874804,11.421859219700023,21.45262678797625,13.169278810953587,15.61876457039367,20.21155132926581,10.842261839509915,20.365881472983013,15.38624031872188,13.365285460251835,21.389834140738998,11.32046022745215,18.467112568328695,17.768855819874975,11.674244408905428,21.55505566960241,12.76256732828386,16.12911476663418,19.849334625820436,10.877651871866282,20.67477715571203,14.88544712052125,13.810918742824969,21.219206040063526,11.131906802825766,18.92182803460481,17.272304112265235,11.967667390811235,21.609516430832038,12.38709007334124,16.64037347939978,19.454514862092005,10.961255367447942,20.943634228166793,14.39676534228242,14.278342749708772,21.003635137677612,10.989276524193388,19.352295379162776,16.76636312185337,12.299485024106458,21.61551849152417,12.046229328717759,17.147935312700046,19.030648557140758,11.092319229645105,21.170030837667987,13.924597007962563,14.76334694601506,20.74506328678512,10.89385419882945,19.754636971102663,16.25559034282051,12.666708310149994,21.573007785380163,11.743055553003726,17.647228171872868,18.58155387999228,11.269662840953691,21.351927613518257,13.473195389142743,15.261562435282888,20.445819691242185,10.846499386842359,20.125228535066647,15.744586793887018,13.066029317738296,21.482367246970597,11.480299722231637,18.133754448810734,18.111276255739043,11.491688697925861,21.487686037563904,13.046626691744086,15.768501314305594,20.10859992419124,10.847638658294988,20.46073179855196,15.237955572538526,13.493850980804476,21.34441336227733,11.260328729364312,18.603131536217337,17.624051924528445,11.756396801410697,21.576083203894278,12.648733427824459,16.279597099965265,19.73644164645675,10.897261750680245,20.75812456292264,14.740260390525554,13.946319500630944,21.160388813824106,11.085124063426965,19.051131305941013,17.124269781699546,12.061402672458984,21.616322834724386,12.283099802398953
11.924439816398646,17.04335690483227,19.31875910623152,10.771566883796694,21.373943627887844,13.946876648706226,14.534622260843786,21.076151876138514,10.63249450270597,19.826086730639535,16.418055111335175,12.359234243456605,21.8825604010876,11.592892795538294,17.572677062758633,18.85279651132873,10.944297544181744,21.579658505919507,13.464202014189294,15.056137692385462,20.773076024498398,10.567613685148181,20.226916418225752,15.87901876203943,12.77055324390323,21.801875674036427,11.303138871926514,18.089924684355115,18.36323012042649,11.164663819302454,21.73720613508188,13.006463805813869,15.588249463521997,20.429098583493346,10.55376163395475,20.5917642981502,15.343166275868452,13.213057028094664,21.67102197564275,11.057788136158472,18.590440425804335,17.854469926033882,11.430680659448289,21.84516733326331,12.577785309221209,16.12616433483093,20.047318086777434,10.591063127793355,20.917343836763248,14.81532458844108,13.682759541412278,21.491178030264347,10.859050696866962,19.06971566332933,17.331098817597496,11.739951796627519,21.90256959074068,12.182028041447555,16.66503679281912,19.631173596267406,10.679182156448714,21.200722227905953,14.300248474453497,14.175429724282385,21.263963864248385,10.708716772160997,19.523433106677725,16.797831299034502,12.089691330043738,21.908895830504232,11.822756966548237,17.200012698094117,19.184413723224086,10.817324947587785,21.43934681149918,13.802577716878002,14.686629625374302,20.99142621280522,10.608140563419912,19.94750568908265,16.2594710206893,12.476748821368112,21.864089066064526,11.503208382558665,17.726273011239652,18.71106286092716,11.00424711702605,21.631068067792963,13.326795312002275,15.211754378470943,20.676020083107876,10.558228056706792,20.338113383380307,15.720867508262263,12.897637673748584,21.768552914784248,11.226260769063806,18.239077202509353,18.215384933117694,11.23826487808547,21.77415898014603,12.877187086795512,15.746073682901041,20.320586639695318,10.559428861686083,20.69173761264656,15.186872478495822,13.348566538921322,21.62314796211059,10.99440885798085,18.733805954310785,17.70184498475992,11.517270209070734,21.867330591915657,12.45780309236838,16.2847744138793,19.92832761138732,10.611732161559388,21.00519294538297,14.662296135122734,13.825473469508836,21.42918400945982,10.809741161123537,19.20600277181485,17.175068961114352,11.838749842236368,21.909743617322423,12.072421121290834
