-7.999078322405722e-05,-7.999078322405722e-05,-7.999078322405722e-05,-7.999078322405722e-05,-7.999078322405722e-05,-7.999078322405722e-05,-7.999078322405722e-05,-7.999078322405722e-05,-7.999078322405722e-05,-7.999078322405722e-05,-7.999078322405722e-05,-7.999078322405722e-05,-7.999078322405722e-05,-7.999078322405722e-05,-7.999078322405722e-05,-7.999078322405722e-05,-7.999078322405722e-05,-7.999078322405722e-05,-7.999078322405722e-05,-7.999078322405722e-05,-7.999078322405722e-05,-7.999078322405722e-05,-7.999078322405722e-05,-7.999078322405722e-05,-7.999078322405722e-05,-7.999078322405722e-05,-7.999078322405722e-05,-7.999078322405722e-05,-7.999078322405722e-05,-7.999078322405722e-05,-7.999078322405722e-05,-7.999078322405722e-05,-7.999078322405722e-05,-7.999078322405722e-05,-7.999078322405722e-05,-7.999078322405722e-05,-7.999078322405722e-05,-7.999078322405722e-05,-7.999078322405722e-05,-7.999078322405722e-05,-7.999078322405722e-05,-7.999078322405722e-05,-7.999078322405722e-05,-7.999078322405722e-05,-7.999078322405722e-05,-7.999078322405722e-05,-7.999078322405722e-05,-7.999078322405722e-05,-7.999078322405722e-05,-7.999078322405722e-05,-7.999078322405722e-05,-7.999078322405722e-05,-7.999078322405722e-05,-7.999078322405722e-05,-7.999078322405722e-05,-7.999078322405722e-05,-7.999078322405722e-05,-7.999078322405722e-05,-7.999078322405722e-05,-7.999078322405722e-05,-7.999078322405722e-05,-7.999078322405722e-05,-7.999078322405722e-05,-7.999078322405722e-05,-7.999078322405722e-05,-7.999078322405722e-05,-7.999078322405722e-05,-7.999078322405722e-05,-7.999078322405722e-05,-7.999078322405722e-05,-7.999078322405722e-05,-7.999078322405722e-05,-7.999078322405722e-05,-7.999078322405722e-05,-7.999078322405722e-05,-7.999078322405722e-05,-7.999078322405722e-05,-7.999078322405722e-05,-7.999078322405722e-05,-7.999078322405722e-05,-7.999078322405722e-05,-7.999078322405722e-05,-7.999078322405722e-05,-7.999078322405722e-05,-7.999078322405722e-05,-7.999078322405722e-05,-7.999078322405722e-05,-7.999078322405722e-05,-7.999078322405722e-05,-7.999078322405722e-05,-7.999078322405722e-05,-7.999078322405722e-05,-7.999078322405722e-05,-7.999078322405722e-05,-7.999078322405722e-05,-7.999078322405722e-05,-7.999078322405722e-05,-7.999078322405722e-05,-7.999078322405722e-05,-7.999078322405722e-05,-7.999078322405722e-05,-7.999078322405722e-05,-7.999078322405722e-05,-7.999078322405722e-05,-7.999078322405722e-05,-7.999078322405722e-05,-7.999078322405722e-05,-7.999078322405722e-05,-7.999078322405722e-05,-7.999078322405722e-05,-7.999078322405722e-05,-7.999078322405722e-05,-7.999078322405722e-05,-7.999078322405722e-05,-7.999078322405722e-05,-7.999078322405722e-05,-7.999078322405722e-05,-7.999078322405722e-05,-7.999078322405722e-05,-7.999078322405722e-05,-7.999078322405722e-05,-7.999078322405722e-05,-7.999078322405722e-05,-7.999078322405722e-05,-7.999078322405722e-05,-7.999078322405722e-05,-7.999078322405722e-05,-7.999078322405722e-05
-0.029380272145070028,0.004648779473387814,0.019263213036676947,-0.03539659614551169,0.031515998215155216,-0.014757954226453433,-0.010973292522296924,0.028263137156357514,-0.033604833580077244,0.02013523504012552,0.0003865988440918622,-0.022406731092505204,0.030543855786192058,-0.025906175494343722,0.00650519761276316,0.013142361295240521,-0.02811678358397896,0.02665031936574394,-0.01459648507979237,-0.006496823518048955,0.02146664895272069,-0.027862283720802534,0.018204641167097475,-0.0023156039861248643,-0.01652733346307753,0.024441956923271866,-0.02255368133221948,0.007446575887589753,0.008496657630007823,-0.022138184451319577,0.022284979616849103,-0.013915994143477568,-0.0032751695109716275,0.01602838600970436,-0.02291819327030295,0.016141972290514065,-0.004048005374272279,-0.011958439596585525,0.019343976350098897,-0.019420124443546474,0.007739674828151935,0.005024753843293834,-0.01727235941338116,0.018432541889015643,-0.012917757776462938,-0.0010219518584472249,0.011718644034321777,-0.0187094074723821,0.014076187424467848,-0.0050631030803370706,-0.008450508645457325,0.015124497092282176,-0.016561335979293434,0.007588867585131514,0.002477614800240788,-0.0133479976532776,0.015080272428198982,-0.01174892802341478,0.0004934433752225221,0.00833797594326299,-0.015163603356217335,0.012093319994216286,-0.005558609088665577,-0.005793659091071877,0.011663829022049375,-0.014003202634111008,0.0071485597763896016,0.0006512994968657691,-0.010212246692638914,0.012199110170410163,-0.010514548047421128,0.0014549946124601575,0.005715296204139355,-0.012205326206478514,0.010247269122344601,-0.005687605672820921,-0.0038130634341398215,0.008851021356446331,-0.011750598731283405,0.0065335187159467675,-0.0006197031050676319,-0.007730838807243025,0.009750313385490726,-0.009287288630553591,0.002008044853673269,0.0037054511677367006,-0.009760139569519976,0.00856831028519388,-0.005567147005273748,-0.002364438160349225,0.0065855098485941765,-0.009794200791593467,0.005827385013072871,-0.001468494503301462,-0.005787410600535768,0.007690285590600777,-0.008115265986929633,0.0022662204742972024,0.002186533638052369,-0.007757347858880386,0.007069736586180429,-0.005285471378418,-0.0013297827305575262,0.004777786717623546,-0.008115611158768942,0.005089623173871235,-0.0020011105571808114,-0.004282313099395206,0.005973990042026094,-0.007028259804006539,0.002317345062719904,0.0010571375553188804,-0.006131656090054582,0.0057529815078377995,-0.004907991158881038,-0.000613459768944656,0.0033493920191194253,-0.006691144411100502,0.004361146383911282,-0.002301194862601474,-0.0031311314210917063,0.004557283534113551,-0.006042609775619644,0.0022284404965098436,0.00023368573698184217,-0.004824053303814263,0.004611519343872706,-0.0044822220904086945
-0.06347595844781038,0.008868744210249795,0.03993857426330498,-0.07626647567369797,0.0659876134904014,-0.03238936650117641,-0.024343293730225705,0.059072132309049355,-0.07245724432973988,0.04179246585153114,-0.00019251890570809828,-0.04865042761673864,0.06392086899945364,-0.05609013729651415,0.012815431288337259,0.026925834319412416,-0.060789821164618695,0.055643331976562856,-0.032046088130253225,-0.014826460210989986,0.0446230103139944,-0.0602487623912373,0.03768808347662156,-0.005937317863542151,-0.03615101158603337,0.05094842228430414,-0.04896283924421678,0.01481677214686848,0.017049213187943123,-0.048079505831311715,0.046362755789011736,-0.030599385618494238,-0.007977324248507356,0.03306143287128183,-0.04973778025848995,0.03330291376247292,-0.009620349195568891,-0.026437685691628732,0.04011027454930476,-0.04230099500844614,0.015439891355188173,0.009668053997159904,-0.03773491352522288,0.038172593305093656,-0.028477166228901733,-0.0031870537783379132,0.02389905581658612,-0.04079003288909532,0.02891111955188813,-0.011778415266217274,-0.018979933872688183,0.031139793217611487,-0.03622329987525303,0.015119279858948986,0.004252915815687436,-0.029391842791410286,0.031045772960769654,-0.02599227061998922,3.462923588438678e-05,0.016711860869884174,-0.033251763902235706,0.024695605224298357,-0.012831845589217048,-0.013331554565080384,0.02378252080971882,-0.03078478815027424,0.014183199187098068,0.0003702264282798652,-0.022725334027055448,0.024920511840171786,-0.023368017281060256,0.0020788571834747496,0.011136125524050963,-0.026962558925923537,0.02077095863365493,-0.013106088304801922,-0.00912086995673018,0.01780257942069733,-0.02599582249282245,0.012875641070606212,-0.002331885471442241,-0.017449938237154593,0.019714446233015173,-0.020758902028802456,0.003254624751261708,0.006863257646990875,-0.021764168380761336,0.017201544498618975,-0.012849996933699493,-0.006041137795211861,0.012986172597444074,-0.02183658147680367,0.011374422836726962,-0.004136389517351012,-0.013318270469039006,0.015334891376193491,-0.01826721843408547,0.003803498070360251,0.0036340863412726546,-0.017506295654339022,0.014015623542552357,-0.012251163334121636,-0.00384149261376263,0.00914300958883318,-0.018267952258652808,0.009805964171233163,-0.0052687146400385515,-0.01011848011307322,0.011686100556891352,-0.015956277183862992,0.003912187351196685,0.0012330254858412973,-0.014050125645605507,0.011216243304623017,-0.011448652157851059,-0.002318612333522464,0.0061062869995507085,-0.015239580370366913,0.00825724523090381,-0.005906684516232011,-0.007671103760771352,0.008674226696349228,-0.013860815957729944,0.003723179015627262,-0.0005176074033374035,-0.011270202895301895,0.008789530336733877,-0.010543480394470985
-0.10567855295246274,0.01328300693904383,0.06437334683780982,-0.12671091365207854,0.10720764190399022,-0.05456065027530933,-0.041329918339662465,0.0958360224417829,-0.12044712257940361,0.06742183314160356,-0.0016170749640729196,-0.08129987408470987,0.10380914637485103,-0.09353351989605843,0.019772826289495296,0.04297556945658639,-0.10126154563125547,0.09019780124351437,-0.05399617314040348,-0.02568070949534466,0.07207629949815825,-0.10037184405934271,0.060672704155363265,-0.011063658061071785,-0.06074619186455168,0.08247762602653014,-0.0818135948295266,0.023063773956123867,0.026734736153139267,-0.08036106662991326,0.07493708719812947,-0.05161725690777679,-0.014418186213480415,0.05306477222860351,-0.08308788566900345,0.05346185649938781,-0.017119929443623106,-0.044773876578462095,0.06465568587724019,-0.07085904870626294,0.024088413360206246,0.014597369091263973,-0.06335071491155009,0.061469418259645844,-0.04812754004196564,-0.006541202460751039,0.03799842145662599,-0.06837446581282663,0.0462401157109426,-0.020668591566497464,-0.03251056278950088,0.04990488294368252,-0.06086506065979857,0.023561208985726535,0.005692870746156058,-0.04963160802032916,0.049750278722442295,-0.04404144877415043,-0.00124355905679193,0.026180003650069998,-0.055978751895842616,0.03930824452024384,-0.022400822260061657,-0.023222529407597583,0.037806794624397136,-0.05192212752826481,0.022021944702147814,-0.000691712632164622,-0.03866939167967365,0.03967807452674318,-0.03972620164092163,0.0021179109124549278,0.017011423921190188,-0.04563696311282984,0.03285466791695667,-0.022851779137845224,-0.016298600069079672,0.02797355003895518,-0.04404728937224889,0.019871833533374607,-0.005134988155898223,-0.029994681726438772,0.03111736914307301,-0.0354358471444445,0.004051309472331316,0.009985242194133966,-0.0370888783815858,0.026985225403526665,-0.022430669811774814,-0.011234376587314595,0.02005358841475094,-0.03720795240560226,0.01740327320651907,-0.00810226299765784,-0.02320068542001082,0.023915754397893257,-0.03133859390691827,0.0049538610597144265,0.004675285257814545,-0.030087354251356103,0.021746388105154023,-0.02144596496810523,-0.007617342963859892,0.013734001083213957,-0.0313398005870484,0.014824144637086699,-0.009964226043327274,-0.01793904167712816,0.017915787135139836,-0.027538548211195658,0.005132586604456821,0.000727049460832858,-0.024404127140277877,0.017143167308082595,-0.020126338542784932,-0.0051131621875332,0.008740501311899752,-0.026360032469611272,0.012277475507131064,-0.011013285460911454,-0.013914646001780414,0.012963147902657965,-0.024092831704056437,0.004821786703348501,-0.002151641191590061,-0.01983290167934691,0.013152749911061528,-0.018637899984257775
-0.15871694637387085,0.019169471663867267,0.09556623015636323,-0.19016720065050016,0.15961750289894946,-0.0822789725180006,-0.06249470342976577,0.14261321466277346,-0.18080078549697415,0.10012471366577194,-0.003111021300680698,-0.12226285259574719,0.154535641187089,-0.14055615200194088,0.02887387297649864,0.06356955849380098,-0.15211207660305912,0.13418223095695164,-0.08143489468576483,-0.039094020814482246,0.1070846623147287,-0.15078168192855712,0.09003255968483986,-0.017236750917487338,-0.09152837911570562,0.12263804544672875,-0.12303103303361694,0.0337949154788003,0.0392842039226856,-0.12085902857466672,0.11136247505674729,-0.07787763730094466,-0.022252867029136664,0.07865621458344328,-0.12493651437716666,0.07924998536665567,-0.026292856300512257,-0.06764454675335994,0.0959884193109295,-0.10665040577155215,0.03532708632069887,0.021134872718426786,-0.09542299243407353,0.09122390769961225,-0.0726593698724478,-0.01047420150060462,0.056127095310196884,-0.10293514218864097,0.06845112225469616,-0.03159926615626756,-0.0493068840228054,0.07393114720198775,-0.09170612682027685,0.03453874344897163,0.0078197370016556,-0.07490844314788532,0.07369996335440693,-0.06654932777086617,-0.0025524929249017675,0.038454697500358105,-0.08439949798791073,0.05808570894356463,-0.034189517272461625,-0.03541823805659123,0.05584055055728515,-0.07833351853428602,0.032237040192314916,-0.0017273021332425771,-0.05851634640358904,0.05863872569283253,-0.06009662274432008,0.002474003472052773,0.02474467379226876,-0.06893514324684326,0.048435502384925916,-0.034863845212945596,-0.02506470041049238,0.041136635623851774,-0.06655806137419046,0.029021921169457288,-0.008371451453347086,-0.045544819445598635,0.04583767283200676,-0.053681140346590425,0.005365066305873993,0.014238235401177388,-0.05615296238681698,0.03965876723161506,-0.03423414911880166,-0.017492030918470104,0.029293704128914064,-0.05633101697548365,0.025330616561020043,-0.01280849728071775,-0.03538557415481477,0.035068904733503964,-0.047554407451680714,0.006714675953900469,0.006298114069564428,-0.04568339516302444,0.03182499300622725,-0.03276169349847738,-0.01208338332016002,0.019843855329780728,-0.047556211832913274,0.021473976287527164,-0.015592740670051624,-0.027517696839943588,0.026096992414194338,-0.041872096982582,0.0069819290648639,0.0003942109588958944,-0.03718511290607795,0.02494167321977983,-0.030788420634854378,-0.00833881449619723,0.012376940902956976,-0.040109830717220914,0.017665873486351347,-0.017161427414517632,-0.02149990981607584,0.018691177849364693,-0.03671962447307967,0.006517181618839619,-0.003910372549131836,-0.03034963660575436,0.01897469482878587,-0.028562718450996633
-0.22286745671092173,0.02858159792500292,0.13657125172820575,-0.26732355849290373,0.22711010318753586,-0.11481954346176867,-0.08685374475844093,0.2030739106051649,-0.2540837830133499,0.14301483736930348,-0.0029127058816509287,-0.1713382420624266,0.2199267030306632,-0.1971964997787829,0.042299129385730355,0.09134276868943597,-0.2135312281321233,0.19115640219803043,-0.1136264081156525,-0.05377601130157822,0.15285298312208084,-0.2116506658784878,0.12874920311943516,-0.022879949009989062,-0.1278939230045779,0.17483826748539896,-0.17242409362446764,0.049255205620648126,0.05701451858599236,-0.16935388470187193,0.15889983021561158,-0.10859809276489907,-0.029970415320636073,0.1126683170545342,-0.17511756223071231,0.113507634096027,-0.03568109011094616,-0.09413323944682218,0.1371680317688872,-0.14926946897788088,0.05142098597637147,0.03135976526684349,-0.1333991034892866,0.13043321775844685,-0.1012218780644906,-0.01332083439875922,0.08082257073209156,-0.14401780600129482,0.0982430402580145,-0.043181897403931045,-0.06821227252481601,0.10598925892708355,-0.12814517598258018,0.05030663406568916,0.012538326703608918,-0.1044010266198104,0.10566247197750901,-0.09258510676302754,-0.0021232052911833855,0.055841980468639134,-0.1178169849225731,0.08359114380214387,-0.04684331350090631,-0.04858015593659669,0.08041752908796079,-0.10924249780950249,0.04705309107841075,-0.000956767477966219,-0.08123018943436833,0.08437285350395904,-0.08346396869825815,0.004981933938035145,0.03646235307233152,-0.09595754549436974,0.06995021863777118,-0.04779650107430112,-0.03394504617404747,0.05963299955364574,-0.09259745203549792,0.04250840100168988,-0.010348519157657545,-0.06289445460564666,0.06627809013919063,-0.07439544620094019,0.009068558563323755,0.021611112431407196,-0.07788945840321723,0.05754397772610297,-0.046906402272340664,-0.023240796766791708,0.04289257630284786,-0.07814114517327925,0.03729060492482545,-0.016620448127703684,-0.048533984299025855,0.051056036719757704,-0.06573508184358355,0.010976281895252253,0.010387456209912766,-0.06309033652584374,0.046470647086620694,-0.04482503159880589,-0.015595472629872974,0.029534864268360717,-0.06573763240343031,0.03183910074852071,-0.020556079503314395,-0.03741244767672965,0.03837390563941737,-0.05770292508106126,0.011354054087427191,0.002042070023516245,-0.05107769911872526,0.03674081907528947,-0.04203573716267044,-0.010302385607316545,0.018980103571150757,-0.055211896303654424,0.026456206090936824,-0.022773476442704135,-0.02890608235191399,0.027905511865024088,-0.05041971394080942,0.010697116322102839,-0.00404261854143839,-0.04141549965087156,0.0283062736389419,-0.03888962451278046
-0.29252184132136505,0.04324902745166632,0.18745231319676953,-0.35188600930048675,0.30835278290117374,-0.14824075920192567,-0.11089681078205949,0.2762562085988199,-0.3342063607467612,0.19605671360645674,0.001193312563919378,-0.22371263782378598,0.2987604759628566,-0.25824229501796103,0.061566644364797425,0.1270567509020431,-0.28005476887400305,0.2603422408280231,-0.1466475136345112,-0.06672667335229339,0.20919401790576592,-0.2775435722318076,0.1770071911788935,-0.025469816402351037,-0.16569954736127548,0.23855192518277651,-0.22516262268403114,0.07085539577422938,0.08121674415642072,-0.22106283905689733,0.2172686360620054,-0.13993298525327771,-0.03493802473019303,0.15553368398090503,-0.22875932856642606,0.15665446056368482,-0.04256373737563924,-0.12061743693150148,0.18824921956420904,-0.19424324442287658,0.07374745656429965,0.04695883524282036,-0.17305085451484348,0.17925592923514178,-0.13008320466134576,-0.012705114533175448,0.11300867260277744,-0.18723047023406672,0.1362709839112152,-0.05257989188022172,-0.08600404140515562,0.1466148469095675,-0.16603505640038405,0.07225941394783228,0.021825748991667646,-0.1343284601224325,0.14617847407006243,-0.11855014796528804,0.0022475670710279338,0.07965100296521507,-0.15224337326960571,0.11670566874515338,-0.05746914018382342,-0.05978842149668427,0.11246780286303647,-0.14079348736167296,0.06791481636320171,0.003805162260561354,-0.10338743255237777,0.11774951973949029,-0.10637029524466134,0.011735368785782145,0.05377254286610053,-0.1230535122127542,0.09849034755438142,-0.05874197304488087,-0.04024552233297529,0.08471331578063158,-0.118566633145034,0.06184609386363132,-0.0087360526004628,-0.07890292764164741,0.09358679451458236,-0.09426070238172123,0.017192416547481614,0.033941034731855696,-0.0989264089772811,0.08192375399470452,-0.05755338536670951,-0.025951672120487868,0.062359099867243965,-0.09926249727781086,0.054878543620318646,-0.017111232384711073,-0.059726766499085336,0.07326012393491789,-0.08269614085107238,0.019739882559901844,0.018953597989420628,-0.07916449729684749,0.06713705354592589,-0.05477404049980049,-0.015742537983071757,0.044521965497684356,-0.0826995467246671,0.04759891277800751,-0.022366652287055023,-0.04487569450294525,0.05632512222292119,-0.07197045226903237,0.02024433821334835,0.0078096405221314575,-0.06312349963120217,0.054144390642073784,-0.05104937421524818,-0.008674448462399882,0.030427734067285887,-0.06864407310272543,0.040410899212764126,-0.025327638948275822,-0.03351677458435718,0.04234622030429758,-0.06224486337962244,0.01936710061739814,-0.00031550899822094117,-0.050221144065471436,0.04288137494703122,-0.04684823303680584
-0.3539765954653058,0.0606755900307622,0.2387559810081572,-0.4272869516693684,0.38805911791703407,-0.17580013172031167,-0.1296831178056321,0.34842222288191316,-0.40545389349373473,0.2493817790346435,0.008739893064175233,-0.26900231905837496,0.376213328404511,-0.3116438914863661,0.08329649193885413,0.1641719291179962,-0.3385806831995194,0.32876964986333057,-0.17383259129914758,-0.07513626540643062,0.2656053780596015,-0.3354795411031197,0.22585702795629783,-0.0241870989003985,-0.19736044364624233,0.30186022190143613,-0.270792943103379,0.09476741282762899,0.10756291163627028,-0.26573001359057136,0.2755769341918108,-0.1655406454313366,-0.035879635808731644,0.19933883499200505,-0.2752346088147953,0.2007229111663339,-0.045296826841276755,-0.14168737205194357,0.23974010142367155,-0.23260979810030927,0.09833889397360278,0.06525692823319032,-0.2064387641944741,0.2286340531134797,-0.15337689500228396,-0.008423636314735016,0.14682359157431274,-0.22394954072179907,0.17555082529467997,-0.057666036745542854,-0.09894238897796251,0.18832473094769822,-0.19777477249147063,0.09650127141484958,0.034219425842397164,-0.15861947146926939,0.18778584277001595,-0.1391344230989129,0.010041819395780666,0.1056293370851871,-0.18074306401496146,0.15138910833819536,-0.06370389673598707,-0.06656803759690261,0.1461556574546203,-0.16660330188266578,0.09113601477376274,0.011965334237369778,-0.12040959117113745,0.15267818710109013,-0.1240932059496015,0.021758552687600297,0.07367135312850234,-0.14469574482441058,0.12889453408026,-0.06527575116617423,-0.04243400274518092,0.11188091894589974,-0.13915478107646745,0.0836415913986455,-0.0035221384248718133,-0.09017303875930119,0.1228390087987533,-0.1091387545273136,0.028497603007878864,0.049180907546976224,-0.11490055704401757,0.10843601648804876,-0.06380793330511793,-0.02478215506875918,0.08427511586533888,-0.11531560123425234,0.07503718224754613,-0.013864865934709807,-0.06649189823557393,0.0977370742249894,-0.09485737648367898,0.03164353509361031,0.030672531811630356,-0.09049605793480173,0.0901755352266255,-0.06037564798649454,-0.012174629592915646,0.06224757435659504,-0.09486158248563126,0.06604737664172006,-0.020354920763377773,-0.04815192287481225,0.07682359981632711,-0.08161194447897635,0.03226650051032976,0.016910568673576785,-0.07068661239265948,0.07413055762573163,-0.055775960643823,-0.003446061871307968,0.04484224110997389,-0.07750411226548523,0.05717071159601508,-0.02401152026167982,-0.03412449701047632,0.059560689985663384,-0.06960156161590528,0.031183176969817504,0.006876610044563484,-0.05475315767418598,0.060221566383305475,-0.05058786205270855
-0.3901978732442969,0.07207072302600077,0.2706009014257642,-0.47192679362604883,0.43704920178875123,-0.1915605896007381,-0.140147747628104,0.39286062044441816,-0.4475865453211628,0.28244690853670973,0.01417101196010701,-0.29546561124808307,0.423843105978316,-0.3430039108604763,0.0972892867697602,0.18745202104504638,-0.37303397781494746,0.37095125240013516,-0.18936710749595076,-0.07933703018457786,0.3005335377890005,-0.3695767173593626,0.2562207024802167,-0.022537137393204926,-0.21559677095409607,0.3409516915018854,-0.29746186085844406,0.11007746607439302,0.12434233065185217,-0.2918175319467296,0.3116501734106173,-0.18012295948289597,-0.035572381900568224,0.22665730388733818,-0.3024135833992572,0.2282003198718619,-0.046070992137521,-0.15353050540393826,0.2716980328987275,-0.2548939703247485,0.11405907676813622,0.07717815729007509,-0.22571759665600882,0.2593166261630546,-0.16656238984669977,-0.004963484156296773,0.16811149439534928,-0.24523921590228231,0.2001376080181577,-0.0598606151020718,-0.10587692002715447,0.21437839979897408,-0.2160586790794538,0.1120104315893023,0.04257647625766196,-0.17240699539564608,0.21377762862217248,-0.15068438962269534,0.015622444458982122,0.12218671487366962,-0.19707114146379723,0.17320129037258172,-0.06659183022618868,-0.0697848735082634,0.16736685833961046,-0.18130764564459037,0.10602905793963026,0.01776684532512663,-0.12980929943043085,0.17463839995755187,-0.13391592057558155,0.028684663931437506,0.08655884915866918,-0.1568843434089698,0.1481235610619946,-0.06834418790426187,-0.04287941683040484,0.12915619452988597,-0.15070708540011127,0.09767401558207925,0.0005008751993839284,-0.09610054513374001,0.14137265206048408,-0.11724418096156491,0.036197590284455905,0.05925605347350444,-0.12366763766708529,0.12531569813512144,-0.06670781379134309,-0.023200526588467423,0.09838029056666871,-0.12413034328379496,0.08808152269492493,-0.011029555110199813,-0.06969999071513348,0.1133881472997037,-0.10132280682690706,0.039704784169116006,0.03862227613024549,-0.09646065808153115,0.10495828212430376,-0.06288138341972686,-0.009145221183076114,0.07382322551623191,-0.10132749582333925,0.07805937651191036,-0.01826489267818197,-0.04925395193323601,0.09007308278012027,-0.08655634116247946,0.040399287559631895,0.023279963695208458,-0.07437640312287534,0.08707078621280828,-0.05775349289954247,0.0005856879722455212,0.054419158085822615,-0.08197678775008714,0.06816336333804862,-0.022341396254741058,-0.03361569247046581,0.07082779389923649,-0.07316675099273623,0.03919156101218815,0.012093759612094551,-0.05661323677748789,0.07156456176235697,-0.05196962117062057
-0.39287743125954816,0.07137013368896578,0.2707502184157082,-0.4749562325868042,0.43791108280666147,-0.19338978277219912,-0.1417568427770239,0.393533330449803,-0.45051178384649165,0.28264693820154374,0.013222554358600553,-0.29773962110189817,0.4246484517909772,-0.345481431847662,0.09669665793049895,0.18724537825050613,-0.3756400573120279,0.3715301685517541,-0.1911869103856218,-0.08068579507076402,0.3008109961891489,-0.37216799634823367,0.25630845793747314,-0.023642742329381326,-0.21752886285245748,0.34140217973982606,-0.2997444166430983,0.10953958334269662,0.12386551570720762,-0.29407592439817026,0.31197522205133105,-0.1819031882385631,-0.03673379062874152,0.226618498638743,-0.30471733747401925,0.2281681202640739,-0.04727734534384264,-0.155196892046765,0.2718520467009542,-0.25699429326308,0.11353823928440897,0.07649943284396325,-0.22769301573952483,0.25941763524828393,-0.16828456589711,-0.005993856403949074,0.16782205493936858,-0.24729820690339802,0.19998527213411738,-0.061126001589372134,-0.10733930199904694,0.21428702864650895,-0.2179927484033199,0.11148082386966804,0.04174962225326029,-0.17415419216217506,0.21368368557243533,-0.15233859206345626,0.014680200430011175,0.12170067175271866,-0.1989239252698474,0.17293364029813962,-0.06788603299909535,-0.07109274567747861,0.16707423110180147,-0.18309294603355994,0.10547384400057958,0.016833781461500857,-0.13137413575378998,0.1743769021393495,-0.1354983373157917,0.02779833917410332,0.08592028338986687,-0.15856508780920717,0.1477485534010176,-0.06964589250832454,-0.04407210692480861,0.12869998770336294,-0.15236138500133897,0.0970830337642149,-0.0005061041634852433,-0.09752107451201772,0.14096874380454724,-0.11875522609926141,0.035343428313117375,0.05850060462433581,-0.12520618157871685,0.12484305016997178,-0.0680025130890937,-0.02430897148922174,0.09779233230715115,-0.12567086803498623,0.08744947548104873,-0.012085896165844842,-0.07100749950169567,0.112864437571541,-0.10276569267154136,0.038865636470653,0.037778494222320436,-0.09788272910085918,0.10439848420135928,-0.06415970179539908,-0.010193495418151533,0.07313013863029276,-0.10277040174153498,0.07738442455922058,-0.01935220816414496,-0.050473931368530504,0.08944956142125819,-0.08793601186926181,0.03956311302540247,0.02237050145337079,-0.07570393159876103,0.08643441204301038,-0.05900985881119995,-0.00042092830772691046,0.05364300252079818,-0.08333685342023825,0.0674460466210891,-0.02344616322445124,-0.03476872462465936,0.07012188359116657,-0.07448910095618043,0.038350216208923545,0.011136409307586774,-0.05786472126053677,0.0708618055524369,-0.05320122636722469
-0.3706211181006967,0.06412208849282336,0.25083095658264226,-0.4474835595575973,0.40736823472717515,-0.18381152225756245,-0.13546001415252218,0.36581082480694543,-0.42459263059827573,0.2619716032938691,0.009669966387373899,-0.28152960792592757,0.3949484846391705,-0.3262372799941616,0.08783903434660234,0.17263310543499993,-0.3544792321997385,0.3452060314144049,-0.1817486491756904,-0.07827021906379675,0.2789812796185211,-0.3512278313721316,0.23730701433028004,-0.02485242749084092,-0.20641648967289633,0.3169927688079251,-0.2834069925541967,0.09986575241104591,0.11328122778199398,-0.2780987503981311,0.28943598464427106,-0.1730549360793531,-0.03711149947103681,0.20950394311634166,-0.28806386899556274,0.21095508152883435,-0.046984978907047704,-0.14804590701972575,0.25186276029688776,-0.24337377079123734,0.10361028148866648,0.06892540493556734,-0.21593467943210487,0.2402185938753867,-0.16030181900750354,-0.008325182461830194,0.1544441939650537,-0.234293900494269,0.18456333994088595,-0.059953510521985894,-0.10322981377970958,0.1979561759093555,-0.20685089387251063,0.10168362114140411,0.03638405151695521,-0.165798412499088,0.19739117714037366,-0.14536926077756904,0.011034974574834785,0.11125396630857409,-0.18899395300534658,0.15923092237771663,-0.06628392117704643,-0.06928683741760668,0.1537438966287671,-0.17416908111299248,0.09605840328911477,0.01305168891859798,-0.12573716004363228,0.16058246049697683,-0.12959925593184973,0.02331941531881109,0.07774753149991165,-0.15120004359847375,0.13564642509078845,-0.0679319362103213,-0.04398344323212793,0.1178084542371898,-0.14539060515425722,0.08820085480961017,-0.003186193727932136,-0.09403556479910564,0.12929749321348294,-0.11392022084755471,0.03038499087372584,0.05207045751975359,-0.11996119829682042,0.11419663692785538,-0.06639299859964057,-0.025476315741729753,0.08886507525204244,-0.1203963525018436,0.07917953873788515,-0.01403005438953866,-0.06920700889806707,0.10297930194374866,-0.09894687136951875,0.03368335188692082,0.032665300866845354,-0.09437423512826429,0.09505138590732914,-0.06279440976409141,-0.012257921520509172,0.06577023971553961,-0.09895128116365377,0.06975415270970445,-0.02083456994709533,-0.049978412073851626,0.08105251307476878,-0.08505966232092334,0.03433650166481836,0.01823653335293105,-0.07360496831365033,0.07822898569837149,-0.05797185511557719,-0.0031064310593636292,0.04752157094652711,-0.08075279451434278,0.06044738920812154,-0.02466834159168049,-0.035271319445801065,0.06295316852184175,-0.07246734388888437,0.033200688165566934,0.007716402260446248,-0.05689949457272507,0.0636460661703352,-0.05253237910045364
-0.3436414857504449,0.05936909346434417,0.2324497717410938,-0.414893610180697,0.3775611344419711,-0.1704674320060836,-0.12564518063611527,0.3390370687668576,-0.3936735280753398,0.24277724417959182,0.008891522023625321,-0.26105291260173413,0.3660479225026996,-0.30249729756807625,0.08135490012163842,0.15995971138730675,-0.32867782286186836,0.31993625340324255,-0.1685551314503462,-0.07262976350176073,0.2585453560301895,-0.3256637471709319,0.2199129644541019,-0.02311102509322666,-0.19142242537462384,0.293782323607147,-0.26279326381360507,0.09250376809632802,0.10494002567939961,-0.25787247905266325,0.268236954804007,-0.16049598688559177,-0.034475287086155,0.19413928550077947,-0.2671102271232156,0.19548450291480643,-0.043628084889600585,-0.13731240831769576,0.2334062623916834,-0.22568213327532094,0.09597497778878784,0.06382180787685968,-0.2002458666837861,0.22261202298131308,-0.14867374097129135,-0.007790131078213353,0.14309843871963904,-0.21726501776419171,0.17101913829833112,-0.055650021882369324,-0.09576751602064354,0.1834344089664433,-0.1918251216915409,0.09418894757434366,0.0336557017922396,-0.15376912899151834,0.18291065039428017,-0.1348311349221732,0.010156896000534618,0.10306073738177551,-0.17527158854200808,0.1475357758898892,-0.06151836536898481,-0.06430209377482787,0.1424492572469005,-0.16152880862616495,0.08897432369873672,0.012026407020980989,-0.1166320137674532,0.1487886630012068,-0.1202122088740989,0.021544675049117997,0.07199999279770386,-0.14023631923854496,0.12567275015897433,-0.06304608905285546,-0.04084563627962316,0.1091368023702678,-0.13485092133742163,0.08169031070921517,-0.0030262456515620386,-0.08724437051561751,0.11978723734483056,-0.10567761255375026,0.02809452253077037,0.04819713101553029,-0.11127764904409237,0.10578861759411365,-0.06161948104967221,-0.023689374706383694,0.08230604860039108,-0.1116810406222801,0.07332747545335595,-0.013078594946221834,-0.06422809207127143,0.09539005448690911,-0.09179719267735448,0.031152130705496942,0.03020838891713029,-0.08755832073599368,0.08804081018510924,-0.0582835591790712,-0.011435812993194338,0.060896943396963096,-0.09180128059330492,0.06459006397704124,-0.019386437632515886,-0.0464030224069621,0.07506373828832112,-0.07892363403982036,0.031757605998295725,0.016832801064471693,-0.06830503713805092,0.07244630485604986,-0.053813010789318265,-0.0029523049924051344,0.04398027521455526,-0.07493113165448827,0.055962616572452197,-0.022940375929028707,-0.03276942485166322,0.058285494899912804,-0.06725044980603427,0.03070469740933811,0.007080551780995472,-0.05281892362027828,0.05892781680033757,-0.048770571146254334
-0.3712923115052685,0.04648671866842714,0.22590999349449,-0.4451554927157577,0.3763390082724009,-0.19177223943786062,-0.1453074623989263,0.33640321594790495,-0.42315779394701786,0.2366159194478675,-0.005840619445413337,-0.2856772538044916,0.3644038910168076,-0.3286403814502194,0.06927820220905004,0.15076351180449651,-0.3557803004270089,0.31660244512524877,-0.1897898620195478,-0.09034927842817712,0.2529618587764283,-0.352655772972958,0.21291377091383532,-0.039015910088195035,-0.2134951352086418,0.2894900962466347,-0.2874813807404982,0.08083562399950384,0.0937276122003318,-0.28238027225564105,0.2630086092722759,-0.181435387536886,-0.05079661907924865,0.1861956072911665,-0.29195654054473574,0.1875901206255309,-0.0602848240716577,-0.1574022393527307,0.22690153504943408,-0.24901030101067653,0.08443403727607562,0.051102604217946976,-0.22264191433319594,0.21571173729992202,-0.16917991165787924,-0.023133577035159003,0.13328435243275674,-0.24028473762236321,0.16222821493503678,-0.0727473087722675,-0.11433492125316609,0.17509844714872627,-0.21391258846027575,0.0825825574159062,0.01983105157358671,-0.17446202179403666,0.17455549527696704,-0.15483003890380723,-0.004528875436334981,0.09177945678483902,-0.19675244581927046,0.13788429723607362,-0.07883069957392112,-0.08171643859329375,0.13261138149830673,-0.18250605735890327,0.07717684198849409,-0.0025908555894543486,-0.13596400516135232,0.13918309679439597,-0.13967539765730433,0.007276212400363945,0.059580481328439586,-0.1604332979199938,0.1152200939679601,-0.08041440717848178,-0.05740041174667758,0.09807818110892619,-0.1548505503985407,0.06962590402437419,-0.018195117510640513,-0.10549944236807876,0.1091189046633057,-0.12460817642824286,0.01406608112788427,0.03490535609949354,-0.13041342803833902,0.09460730103587857,-0.07893552067091375,-0.03961545350702251,0.0702642058265697,-0.1308316020293143,0.0609566100085633,-0.02861583834499843,-0.08163972507375475,0.08382767927361076,-0.11021910414715594,0.017235736327450697,0.016257410820843896,-0.1058248973942151,0.07620911957501009,-0.07547735288149665,-0.026912856124383086,0.04807055714816166,-0.11022334186608759,0.05189901330746574,-0.03515483393440121,-0.06316145005764212,0.06275649874779109,-0.09687378985552593,0.01786339945508487,0.0023916702936986655,-0.08586607109025175,0.060043148634230686,-0.07084297982296672,-0.018118467272492517,0.030533972275410968,-0.09273498094941716,0.04295541034650527,-0.038839007431055166,-0.049028244980175474,0.04536341128967848,-0.08477283806976428,0.01677190669573021,-0.007717953269040063,-0.0698124640131862,0.04602927128060383,-0.06561575837410771
-0.39460427545930105,-0.0046143377264466455,0.1628743745436475,-0.46355435519176863,0.3032974160784541,-0.22702520453690903,-0.1836510900040396,0.2660180027113756,-0.443019860749766,0.17286818250043826,-0.05346105778383729,-0.31468400993558887,0.2921561780095928,-0.3547893916451494,0.016661141904858564,0.0927263546611291,-0.3801240651145965,0.2475343048173485,-0.2251746874211758,-0.13234851807803316,0.18812685131940718,-0.37720736949504063,0.15074261189178675,-0.08442965265722926,-0.24730317484456665,0.22222536758666436,-0.316368133121817,0.02744980739277798,0.03948426894438643,-0.31160633122010145,0.19750532969507903,-0.21737592121232757,-0.09542675311954718,0.1258016401938806,-0.3205456220988811,0.12710339573726032,-0.10428383834148314,-0.19494136780746568,0.16379996247732478,-0.28045600516721125,0.030808867729252672,-0.0003054835522895878,-0.2558415445654164,0.15335446805947162,-0.20593563357282302,-0.06960375276505233,0.07640984334132131,-0.2723108334933778,0.10342846878625919,-0.11591736535303938,-0.15473872600185082,0.1154426214773058,-0.24769286067332502,0.029080541357579783,-0.02949696993089815,-0.21086639757560613,0.11493578472541977,-0.1925402604744934,-0.05223656606100184,0.03766569751233996,-0.2316741462891441,0.0807038170878597,-0.12159611184004025,-0.1242899023350072,0.07578163590660855,-0.2183753740978574,0.024034393823412086,-0.050427456017599764,-0.17492912445977543,0.08191622537620055,-0.17839364906216332,-0.04121670834231503,0.007608477004929361,-0.19777081173963268,0.05954715152323925,-0.12307447716113566,-0.1015912862941791,0.04354545434438083,-0.19255940762161228,0.016985715900952807,-0.06499378102553621,-0.1464909499973861,0.053851790422828644,-0.16432864281595272,-0.03487847618844415,-0.015425351542152532,-0.16974775088608177,0.04030544418158426,-0.12169396063123558,-0.08498931669895836,0.01758156026391548,-0.17013810951330666,0.008893070772239092,-0.07472135463695723,-0.12421829151074959,0.030242842384402845,-0.1508966775959618,-0.03191965455156211,-0.03283290551881486,-0.14679475697717873,0.023131040671339306,-0.11846581717869364,-0.07313164839942345,-0.003135850235502561,-0.1509006334377416,0.00043795139489332877,-0.08082540079189793,-0.10696912196782588,0.010573237670624788,-0.13843904350299566,-0.031333741218474306,-0.045776349048168324,-0.1281635168590058,0.008040369418728762,-0.11413970521521027,-0.06492222927342908,-0.01950596732761112,-0.13457553262522262,-0.007910756677893888,-0.08426451690062112,-0.09377600462578192,-0.0056629269160737815,-0.12714300159424935,-0.0323526319777343,-0.05521351841039285,-0.11317773544779056,-0.005041357431622127,-0.10926017891033848
-0.40153667067803345,-0.05967858772132693,0.08713896974284407,-0.4619770559199721,0.21023125274149537,-0.25463990646347123,-0.21661894692192407,0.17755279733952553,-0.44397689174846267,0.09589935994523505,-0.10249673368329057,-0.3314800201907008,0.20046504618209907,-0.36663566801889935,-0.041028889416226975,0.025648491963713264,-0.38884358177931044,0.1613503241046099,-0.25301777683279214,-0.17164804589989083,0.10927483137726254,-0.3862868594729195,0.0765044873580912,-0.12964324042863315,-0.2724152062466606,0.13916497026278843,-0.3329562919305662,-0.031571741565689974,-0.021022551554876874,-0.32878218303174844,0.117495834865702,-0.24618152028452542,-0.13928309858493657,0.05464168540661051,-0.3366182027520966,0.05578278062851568,-0.1470470583223524,-0.2265157990006354,0.08795032328302568,-0.3014763740413329,-0.028627250397946703,-0.05590152455841435,-0.27989978577533753,0.07879399294798939,-0.23615317231316477,-0.11664712636294283,0.011345735044503182,-0.29433646476583414,0.03502977046456276,-0.15724479641096936,-0.1912748947420309,0.04556115809775795,-0.27275679775322403,-0.030142269845828802,-0.08149025033442103,-0.24047539031525597,0.04511687422372004,-0.2244110320043508,-0.10142336652054179,-0.022616678180536358,-0.25871508420891637,0.015109754295337223,-0.16222268224804723,-0.16458400997832115,0.010795059838423486,-0.2470576224974159,-0.03456563095195297,-0.09983753357600361,-0.20897343063524734,0.0161725293392845,-0.2120103698594074,-0.0917635597674083,-0.04896429074050208,-0.22899603806553834,-0.0034357937609095016,-0.16351859038741454,-0.14468681619276433,-0.017462590332685372,-0.22442781604510376,-0.040744373757368134,-0.11260610902152846,-0.18404504437734262,-0.00842824366577414,-0.19968124131815435,-0.08620758079509669,-0.06915532570933972,-0.20443153284351812,-0.02030272428448133,-0.1623084547179015,-0.13013383174367466,-0.04022206743108924,-0.20477371411297468,-0.04783823921921524,-0.12113312304130705,-0.16452123723284479,-0.029123417915550225,-0.18790702502134132,-0.08361393158846459,-0.08441447076836836,-0.1843113560475989,-0.03535749388717576,-0.15947872290838191,-0.11973961548060716,-0.05838257249009334,-0.18791049264026297,-0.055249843011643096,-0.12648381882832682,-0.14940092908638578,-0.04636543548928183,-0.1769868896610419,-0.08310033062226382,-0.09576045784056353,-0.16797954998375206,-0.04858570170950469,-0.15568653188137757,-0.11254338805762426,-0.07273231925386375,-0.17360020632804113,-0.06256816859081041,-0.12949848542928663,-0.13783608249318083,-0.06059776192427935,-0.16708498487249354,-0.0839934717215645,-0.10403290877984336,-0.15484328668776012,-0.060052905424610906,-0.15140922791292763
-0.3242220853094243,-0.03558034678423415,0.08838242357344994,-0.37525384013142393,0.19231318412903686,-0.20019243815322166,-0.16809012315879188,0.1647217166464996,-0.36005572448276946,0.09577910185675204,-0.07173308005879508,-0.26507100946817774,0.18406726285164737,-0.2947540499285539,-0.019833808644207,0.03646404195905173,-0.3135049034446732,0.15104144908492736,-0.19882282210476412,-0.13011974977526186,0.10707244116978906,-0.3113461808394913,0.07940338918203751,-0.09465374595059382,-0.21520069359024752,0.13230964363128592,-0.2663174730235951,-0.01184883554232935,-0.002941816236486927,-0.26279313906920143,0.11401369795916075,-0.1930507515483811,-0.10279298722084931,0.060943924629589113,-0.26940934172159103,0.06190738790600142,-0.10934834731959267,-0.17644635263629596,0.0890674753773186,-0.23973796918507015,-0.00936270725664208,-0.032391251272923374,-0.22152016402254657,0.08133649214720873,-0.1845834958732954,-0.08368071022317007,0.024387765782815096,-0.23370951489676517,0.044384956136813314,-0.1179586245008864,-0.1466913274386277,0.053276944324534864,-0.21548911024977807,-0.010641886744089071,-0.05399663275388805,-0.18823288309157707,0.05290182120709416,-0.17466923038795362,-0.07082680175391473,-0.0042877884501026226,-0.20363324136334618,0.027565847901003956,-0.12216161309126014,-0.12415535779198239,0.02392281305310097,-0.1937904727322927,-0.014376672327491749,-0.0694878321611437,-0.16163476866249785,0.02846318294042431,-0.1641989538058631,-0.06267071724385523,-0.026533922370708923,-0.17854049798883495,0.011907247154870862,-0.12325578987678693,-0.107355519226331,6.397314654704722e-05,-0.17468340169161425,-0.019593582952597263,-0.08026874973726282,-0.14058693300544156,0.0076919616551784364,-0.15378907533855038,-0.05797962608723479,-0.043581860467191695,-0.15779989875545966,-0.002334042996293778,-0.12223403353720136,-0.09506796792497045,-0.019152582977531786,-0.1580888133707072,-0.025583160972990772,-0.08746838102814929,-0.12410235675064503,-0.009781637397600462,-0.1438477270682679,-0.055789724916398414,-0.05646564580920416,-0.14081178848590142,-0.015045267588775418,-0.1198448002565502,-0.08629179792240668,-0.034486079577611566,-0.1438506548900863,-0.03184101565176165,-0.0919861450105805,-0.111335795864667,-0.024339625569534493,-0.1346275067123069,-0.055356075155918186,-0.0660454264172218,-0.12702232107078698,-0.026214267515253922,-0.11664293180462662,-0.08021579241676684,-0.046602030785983184,-0.13176802140595706,-0.03802011254481869,-0.09453152466417515,-0.10157122514699131,-0.03635643503013148,-0.1262670110699106,-0.056110182817848464,-0.07303012193861005,-0.11593095285539819,-0.03589639522077303,-0.11303146694477585
-0.2186526411735577,0.015344359085178056,0.11583889101140232,-0.2600232260629813,0.20009380968281926,-0.1181038933521541,-0.09207908679285594,0.17772587129442602,-0.24770236945526605,0.12183525362692403,-0.013964053414780457,-0.17069985936296472,0.19340898006275917,-0.19476340076822324,0.028109812577984547,0.07374953270123114,-0.20996440218084453,0.16663550858908416,-0.11699356866909615,-0.0612971440431771,0.13099057376758375,-0.20821436209106306,0.10855973892637857,-0.03254545155220041,-0.1302708334812042,0.15144994912017945,-0.1717103463922827,0.034583095903303065,0.041803866570300274,-0.1688532281617322,0.13661773384165185,-0.11231424819944921,-0.039143797485651305,0.09359496164321225,-0.17421687231684782,0.09437602510857195,-0.044458117606363465,-0.09885334141452057,0.11639425098098319,-0.15016278990111503,0.03659855826880029,0.017929705151198218,-0.1353939218187999,0.1101268729706528,-0.10544998650771574,-0.023649796138439066,0.063959498820567,-0.14527562345433603,0.08017088453473026,-0.05143832442646319,-0.07473144319407371,0.08737946972720534,-0.13050464801370956,0.03556154898391832,0.00041458595248895953,-0.10840848331494711,0.08707536372833861,-0.09741265831258977,-0.013229348843552724,0.0407127095462783,-0.12089329461395223,0.0665359165141128,-0.054845616550236606,-0.05646191182906389,0.06358256946665196,-0.11291392771547334,0.03253382115913758,-0.012143868726411806,-0.08684583953118964,0.06726337093052628,-0.08892458127769254,-0.006617348379024954,0.022678143127112638,-0.1005510298122681,0.05384175238675608,-0.05573264725783357,-0.04284256540578015,0.04424060944273876,-0.09742414674999762,0.02830455950373746,-0.020883777187808483,-0.06978271334973407,0.05042449136552615,-0.08048546797808705,-0.0028143597184169897,0.008857666589117257,-0.0837369750294221,0.04229657810872636,-0.05490432658709486,-0.032881254336443,0.028662070762527553,-0.08397119324624777,0.02344890939315783,-0.026720397122417618,-0.056418944776734925,0.036258938653137285,-0.0724261842249494,-0.001039043690121642,-0.0015870013837555718,-0.06996499990395241,0.03199180223170542,-0.052967415371664675,-0.025766560997726833,0.016231463095635792,-0.07242855776082921,0.018375771910098752,-0.030382872359600292,-0.0460693086977565,0.024457022618954903,-0.06495150673706032,-0.0006874911266089457,-0.009353168317431054,-0.0587861107149214,0.02293728193938835,-0.05037171449762835,-0.020840845579229918,0.0064092653340576036,-0.06263337011763512,0.01336648203860902,-0.03244636881199845,-0.038153335531765475,0.014715197403974452,-0.05817379360730711,-0.001298833518272145,-0.015015543440572985,-0.0497945251444251,0.01508814393603008,-0.04744396070823257
-0.1677420230239279,0.026541028301241113,0.10997963769594665,-0.2020911961267317,0.17993481947407602,-0.08425839925068708,-0.0626505204193474,0.1613631654907118,-0.19186143414670642,0.1149582982108574,0.0022068368214676996,-0.12792778284396533,0.17438453851005473,-0.14790726225923037,0.037139930224725885,0.07503368132993919,-0.16052835113804817,0.15215505810337693,-0.0833365187686825,-0.03709288610561008,0.12255977827606922,-0.15907532768814003,0.10393590261996428,-0.013220928167117823,-0.09436036744236798,0.13954679036303658,-0.12876677010945728,0.04251456851130482,0.048509830658051596,-0.12639456171698074,0.12723189727022846,-0.07945137213019525,-0.01869940344770853,0.09151094593350957,-0.13084788868923267,0.09215944738079694,-0.023111777656049062,-0.06827504918208953,0.11044074202358642,-0.11087626288467839,0.04418796679319251,0.028687589675457564,-0.09861396570788386,0.105237062821251,-0.07375211228887316,-0.005835042555713317,0.06690521108113649,-0.1068185458688007,0.08036520193261883,-0.02890730442942744,-0.04824711726483571,0.08635034672243629,-0.09455449899434974,0.0433269586268629,0.014145134864128224,-0.07620849329550625,0.08609785356517022,-0.06707887868107355,0.002816847401786433,0.04760386470178943,-0.08657438359199571,0.06904435940541738,-0.031736311253578814,-0.03307828904930188,0.06659225414180964,-0.07994927409501335,0.040813096484484626,0.0037180999352708485,-0.058305459392020594,0.06964835032651684,-0.06003139728430568,0.008306659767720524,0.032630123203532244,-0.06968460606422486,0.05850464762296561,-0.03247279519269131,-0.0217704168234001,0.050533009758761155,-0.06708841730196223,0.03730162472050848,-0.003538472081914306,-0.04413828538545637,0.055667363821698915,-0.053024569502268935,0.011464205549593636,0.021155256647120424,-0.0557242310818626,0.04891891924039535,-0.031785057028488856,-0.01349973853431911,0.03759845920199343,-0.055918697804899706,0.03327007509120681,-0.008384501428732129,-0.03304261436106362,0.04390598738684143,-0.046333106631703834,0.012938215108102166,0.012483256742830014,-0.044289634282792346,0.040363068958571564,-0.03017687820284739,-0.007592550281648219,0.02727757310225974,-0.04633507733129677,0.029057950025881275,-0.011425381712222678,-0.024449517546550423,0.034107091434888784,-0.040127030705888946,0.013230102203513266,0.006035162932624109,-0.0350080251182757,0.03284528100089731,-0.028021719437659937,-0.00350282682191645,0.01912239782339453,-0.03820232801605723,0.024898836361478837,-0.013138661740288372,-0.017877042603724826,0.026018647881552184,-0.03449963041272662,0.0127225167852155,0.001333805584216501,-0.027542490607338453,0.02632829796317199,-0.02559086374675924
-0.1688712822649559,0.023149392545102853,0.10561638064263151,-0.2028204680193462,0.17475695219467266,-0.08635980396983386,-0.0650035433690909,0.15640156037896605,-0.19270982900501926,0.11053706592733659,-0.0009014334895505207,-0.1295206687438075,0.1692713028350019,-0.1492674922238022,0.03362487296252163,0.07107736101372625,-0.1617416117459016,0.14730067905051597,-0.08544865855060496,-0.039743521179822425,0.11805002869851623,-0.16030550838298274,0.09964302331811119,-0.016149546094910913,-0.09634413732184467,0.1348392313680109,-0.1303498862168601,0.03893692495887179,0.04486237380903806,-0.12800530158528023,0.12266774206019189,-0.08160875345250283,-0.021564225929996312,0.08736275207908467,-0.1324067707022668,0.0880037018926379,-0.0259252191675484,-0.07056257593082836,0.10607211552813645,-0.11266770937969187,0.04059083694513284,0.0252709577603227,-0.10054820352187684,0.10092903184115472,-0.07597586003651002,-0.008849667235184227,0.06304354472505662,-0.10865724344217158,0.07634679742059437,-0.03165325851175912,-0.05076786416585631,0.08226224672786892,-0.09653600826148251,0.03973985499900894,0.010897846121301982,-0.07840363711365125,0.0820126937889355,-0.06938033452980907,-0.000298526326650181,0.04396695759496369,-0.08864881926496267,0.0651577832134142,-0.034449322273937814,-0.035775673080954785,0.06273423208936275,-0.08210085747609884,0.03725526613926829,0.000592231351250943,-0.060709079467750615,0.06575474081448952,-0.06241491925406395,0.0051273585763151296,0.029167581492338928,-0.07195571888305524,0.05474080368295258,-0.03517723004566855,-0.024599478139228095,0.046861993505815644,-0.06938976207589354,0.03378468456719568,-0.0065798397380359315,-0.046706878584365744,0.051936559326943216,-0.05548968419208887,0.008248135543957816,0.017826336826432643,-0.0581579089020495,0.04526669865931677,-0.034497500416748116,-0.016425109786590984,0.034078062486951735,-0.05835011110976132,0.0298000813037176,-0.011369438310728085,-0.035740413815350175,0.04031214111695456,-0.048876141697731794,0.00970498063760196,0.009255320146302464,-0.04685646506244495,0.03681047906896282,-0.03290804842282157,-0.010586709232497105,0.023877360470018365,-0.04887808944903127,0.025637005359051345,-0.0143749083199219,-0.02724738141866767,0.030627350805841377,-0.04274233394111534,0.009993468782331476,0.0028823127417502443,-0.03768293786623695,0.02938023383210241,-0.030777985931052916,-0.006544609557987377,0.01581715012454116,-0.04084004392256064,0.021526323511082898,-0.01606823763961203,-0.020751441268019657,0.02263309511199148,-0.03718046328719606,0.009491794066598527,-0.0017642985010056821,-0.030304337598071204,0.02293913939749176,-0.028375436933861246
-0.20239613988697142,0.010094217971588158,0.10135230687110439,-0.2399643581899893,0.17786336385062584,-0.11108881807012912,-0.08745594904672117,0.15755126058668467,-0.22877591036030542,0.10679754435967483,-0.016520461077700062,-0.15885069376595462,0.17179293629548864,-0.18070255733212764,0.02168639982825272,0.0631313775451887,-0.1945064361271755,0.14748021207993645,-0.11008054322480504,-0.05950317177509562,0.11511139988281129,-0.1929172420583058,0.09474218097315142,-0.033394044650852446,-0.12213749587030105,0.13369035596100298,-0.15976830702695277,0.027564724288804972,0.03412183459939987,-0.15717378626564987,0.12022136820096924,-0.10583129866170925,-0.03938593722692493,0.08115281496992234,-0.16204445838831072,0.08186209096525994,-0.04421181868256942,-0.09360758255993232,0.10185662375784255,-0.14020118443682117,0.029394945696863288,0.012441945122574715,-0.126789721638123,0.09616527987404315,-0.09959793061981788,-0.02531598809386027,0.05424114476250551,-0.13576319700090467,0.06896254353247581,-0.05055047534692714,-0.07170272574799486,0.07550858833437175,-0.12234982053100037,0.028453247838328463,-0.0034633611093589697,-0.10228451226230424,0.07523243268940762,-0.09229931250710448,-0.015853283134872255,0.033130965715363135,-0.11362184572294183,0.05658076414689646,-0.0536446035704031,-0.055112345301379775,0.05389885895024192,-0.10637586168952377,0.025703798194638208,-0.014867569393736324,-0.08270368905123313,0.05724135829596062,-0.08459137383830953,-0.0098489910143966,0.01675395460840385,-0.09514923657588475,0.045053319456773266,-0.054450107368658615,-0.04274475173358482,0.03633461666242298,-0.09230974504330505,0.021863247582280913,-0.022804193686183423,-0.06720883320062745,0.041950138576273305,-0.07692789865247684,-0.006395534685763761,0.004203716775921936,-0.07988055999494648,0.034569261066429074,-0.053697917573266835,-0.03369898383261422,0.022187900014725648,-0.08009325123737795,0.017453879819052498,-0.028104370428697865,-0.05507332734681022,0.02908654048829984,-0.06960934291503443,-0.004783387787524062,-0.005280982740804999,-0.06737436581470296,0.025211596176113085,-0.051939027686422425,-0.027238201292983058,0.010899788335445386,-0.0696114982994536,0.012847013927400319,-0.03143022790950549,-0.045674925351501375,0.018369337452589285,-0.06282166233569941,-0.004464146387231293,-0.012333361998236985,-0.05722292728509857,0.01698927599668925,-0.049581897436855635,-0.022765207917732476,0.0019803478511335477,-0.060716585436072334,0.008298127419311954,-0.033304068596031904,-0.038486508538549555,0.009522882481637343,-0.056666888185554515,-0.0050193003568761285,-0.017475308753603203,-0.04905775750310137,0.009861551532825958,-0.046923233224311994
-0.24209536995852599,-0.003574716634553436,0.09886258548481403,-0.28426573507136593,0.18474632854580775,-0.13960280383695153,-0.11307488315296801,0.1619459709685283,-0.27170669044970946,0.1049748703732537,-0.03344972225278296,-0.1932155602450784,0.1779322671408618,-0.21774430040381662,0.009437519862983967,0.055959551552634317,-0.2332391690735345,0.1506412082786092,-0.138471014247718,-0.08169786085304045,0.11430718206496632,-0.23145529703630213,0.0914427121144519,-0.052390337809861215,-0.15200495645141157,0.13516208007778527,-0.1942455821092126,0.01603594533937428,0.023396308656384167,-0.19133322978751102,0.12004312695204264,-0.1337012326936882,-0.059116243617047,0.07618863428233524,-0.19680056443992489,0.07698479734356717,-0.06453330069796431,-0.11998009833246076,0.09942868172804767,-0.17228146613282994,0.018090370821909202,-0.0009393904036451781,-0.1572270848375387,0.09304014214848316,-0.12670427041857943,-0.043322710709132704,0.04598025577235582,-0.1672998205027586,0.06250504159248849,-0.07164844956408523,-0.095391873198833,0.06985298386418212,-0.15224329110949752,0.017033313971353096,-0.018793113612506802,-0.12971996117759535,0.06954299885818108,-0.11851156380284983,-0.03270081430039222,0.022284057277259704,-0.14244613007878854,0.04860648102661331,-0.07512161179492335,-0.07676915345333801,0.045596039583031205,-0.1343125052732038,0.01394705381393508,-0.031594349574672005,-0.10774046623959596,0.04934799866348257,-0.10985939442636519,-0.025960989991389363,0.0039008448430935747,-0.12171060660959052,0.03566691206756282,-0.07602579066756066,-0.06288651648305546,0.025880158882130223,-0.11852327433586157,0.009636031655494398,-0.04050321880760665,-0.09034747402153345,0.03218358821956032,-0.10125713535692749,-0.02208448157927776,-0.010186810509096051,-0.10457150086295702,0.02389854534281905,-0.07518145681999899,-0.05273263236661617,0.010000454357165761,-0.1048102470094284,0.004686511638539219,-0.04645267285388654,-0.0767253557577198,0.017744185646372722,-0.09304204873617539,-0.020274844966597642,-0.020833395832356376,-0.090533284557379,0.013394556523191478,-0.073207101046104,-0.04548039707524968,-0.0026704630419572273,-0.09304446815748468,-0.0004847002382096649,-0.050185951423226106,-0.06617563949429035,0.005714113808549019,-0.08542287004659416,-0.019916496154287883,-0.028749699070411035,-0.07913828398106532,0.004164993352421688,-0.07056121982701075,-0.040459457240940896,-0.012682544498464825,-0.08305991898163115,-0.0055908301950712835,-0.05228933959236283,-0.05810663395507627,-0.00421604133137074,-0.07851412949879369,-0.02053965707730361,-0.03452153978735972,-0.06997287219235965,-0.00383588496021018,-0.0675768664128804
-0.2690444700873534,-0.00533012575075416,0.1079270936453662,-0.3156690706457901,0.2028822879854556,-0.15572614944107158,-0.12639622302883788,0.17767364770487853,-0.3017834797263502,0.11468498726711474,-0.038360672199755495,-0.21500174133307987,0.1953484928585661,-0.2421213242212689,0.009056525335766055,0.06049243628633189,-0.2592528349515628,0.1651748219675383,-0.15447481482793718,-0.09170500971985346,0.1250030223078037,-0.25728054182673993,0.09972349779881315,-0.059301886066808356,-0.1694382766699133,0.14806071428966794,-0.21614055902776214,0.016351908037056426,0.024489708094093815,-0.2129205901391497,0.1313448250991604,-0.14920122615701703,-0.06673821418051078,0.08285821138484298,-0.2189654107994878,0.08373846899252532,-0.07272744671203371,-0.13403080002745807,0.10855298367851562,-0.1918564881813797,0.01862333175473012,-0.0024164437722252064,-0.1752119912065683,0.10148965602527069,-0.14146521129619086,-0.04927649286821835,0.04945907960646974,-0.18634865733845826,0.06772929225736318,-0.08059413159628892,-0.10684544907712323,0.0758533592989325,-0.16970178537330627,0.01745462350919179,-0.0221559625282677,-0.14479943372159912,0.07551063219554535,-0.13240715186443716,-0.03753266101128646,0.02325997541017026,-0.15886980138547002,0.05236269931971127,-0.08443414581608927,-0.08625570869612179,0.0490342806675132,-0.14987706426693095,0.01404237780835437,-0.03630932619474731,-0.12049835951419607,0.05318253959222383,-0.12284109901990758,-0.030080944257104975,0.002935040247042822,-0.13594409285687384,0.038056391264285325,-0.08543382838125765,-0.07090672128030899,0.027235914448070372,-0.13242009931989646,0.009276004892254884,-0.04615919276103067,-0.10126823635749026,0.034205142108765324,-0.11333022824751762,-0.025794980505249962,-0.012640620571714794,-0.11699467287373305,0.02504499341894602,-0.08450031195864208,-0.05968033541006925,0.009678919660822549,-0.11725863652888063,0.003803692923197313,-0.05273705656909421,-0.08620728487863491,0.018240580846943327,-0.10424742492768338,-0.023794201427422078,-0.024411749104277278,-0.10147367308990096,0.013431523114030277,-0.08231741529479346,-0.051662084377359876,-0.004330360573347793,-0.10425009989983093,-0.0019137270590889894,-0.05686466185785732,-0.07454325717882548,0.004939835344100875,-0.09582347218185061,-0.023398002101430337,-0.0331642101130006,-0.08887507810946489,0.0032270893839799874,-0.07939206345979757,-0.046110808888608835,-0.015399965909206394,-0.09321093493565334,-0.00755919085815992,-0.059190219935026565,-0.06562196472231031,-0.006039190226182734,-0.08818499744867847,-0.02408698425848519,-0.0395457002232846,-0.078741571736956,-0.0056188799227817905,-0.07609248837936583
-0.284644309014231,0.000642861171200642,0.12316494735453283,-0.3350829773688233,0.22588783395305392,-0.16205612326852115,-0.130326898493349,0.19861703202546135,-0.3200614928541117,0.13047566210769787,-0.03508970828693431,-0.22618068165944918,0.21773774603154214,-0.25551874849173917,0.016206394460386627,0.07184995650442623,-0.27405168127376767,0.18509575530380012,-0.16070242477466698,-0.09279781337620767,0.14163775124637254,-0.2719180471486603,0.11429026649371148,-0.057743992260027605,-0.17688995410991748,0.16658164920937937,-0.2274126589274673,0.02409856692262621,0.03290206965072881,-0.22392928446549695,0.1484983373732727,-0.1549974367034513,-0.06578863999985897,0.0960453361790103,-0.23046859420537655,0.09699760217182778,-0.07226781429278185,-0.13858601262298895,0.12384203754791477,-0.20114205969337967,0.026555801648849905,0.003794893301139853,-0.18313598022489583,0.11620090310998392,-0.14662858671271817,-0.046898484167485543,0.05991402972439948,-0.1951836675589287,0.07967881452960773,-0.08077802360663376,-0.10917679765355313,0.08846746082989314,-0.17717501881695613,0.025291488670423353,-0.01755939237831404,-0.15023556108078445,0.08809669735960433,-0.13682954392967517,-0.03419396266704987,0.03157174020519325,-0.16545693777302398,0.06305517645788167,-0.08493216544140773,-0.0869027390204316,0.05945448063351652,-0.15572856091425538,0.021600108429359176,-0.03287055445852895,-0.12394656754675304,0.0639420827501334,-0.12648095196087117,-0.026132667438033504,0.009584148853355384,-0.14065582000647892,0.047578558562102385,-0.08601362580268632,-0.07029814666848909,0.03587292601973707,-0.13684355053571845,0.016443828270601844,-0.043526177179651765,-0.10314334794375869,0.04341226273158452,-0.11619205616538408,-0.021496095721163275,-0.007265659638972324,-0.12015626615306631,0.03350277940495586,-0.08500374422343594,-0.05815340018385155,0.016879702983597634,-0.12044182302862533,0.010523860587571137,-0.05064213500283482,-0.08685035395243251,0.026141740276333033,-0.10636624535109256,-0.019331645384888876,-0.019999710785835508,-0.1033655901740364,0.020939283522103582,-0.0826422783972095,-0.04947922604018665,0.0017244109027091635,-0.10636913914602897,0.004338734133371925,-0.05510739393835426,-0.0742321648895128,0.011752943734347165,-0.09725318156732289,-0.018903035462945122,-0.02946815604473251,-0.08973638270971505,0.009900088708813374,-0.07947762177262516,-0.04347383532437436,-0.010250729809795387,-0.09442692894217049,-0.0017685498510196622,-0.05762319141841349,-0.06458107713500179,-0.00012420744686376592,-0.08898985085377564,-0.019648378953413547,-0.03637167606261034,-0.07877391737874641,0.00033048582118229766,-0.07590812903274882
-0.3007539576271601,0.003029570730561395,0.13349527522869584,-0.3544627754070263,0.2428781153813245,-0.17021786805608705,-0.13643150518532784,0.21383923352300657,-0.3384673853441507,0.14127997413783286,-0.03501969037088966,-0.23849988925499063,0.23419962323737983,-0.26974006543155954,0.019602152852739172,0.07885331930772946,-0.289474565611437,0.19944131598701084,-0.168776403637872,-0.09646925281515578,0.15316574811142583,-0.28720259907915907,0.12404521176037822,-0.059142746144098424,-0.1860134380746475,0.17972686310749078,-0.23981174075217435,0.02800600780152095,0.03738027836164305,-0.23610252458251366,0.16047113467639865,-0.1627015373745692,-0.06770896197922516,0.10461738645004916,-0.2430658050711295,0.10563139182240829,-0.0746082081888231,-0.1452260921616028,0.13421626400582268,-0.21183790890331985,0.030622555312753808,0.006385962261619239,-0.19266442013664944,0.1260797229244219,-0.1537900999032348,-0.047594078487424044,0.06614353656811608,-0.2054932093335288,0.08718975488019302,-0.08367016989829748,-0.1139101550171495,0.09654820580826447,-0.186316984716644,0.029276271646070735,-0.016352810901740268,-0.15763092947687052,0.0961534041944475,-0.14335574427053602,-0.034065869823184686,0.03596369810470307,-0.1738391715615916,0.06948833695702357,-0.088093642089654,-0.09019197617995073,0.0656541929912869,-0.16348006342003227,0.025345563814339046,-0.03265665953594764,-0.12963751074882002,0.0704327450865857,-0.13233620988427428,-0.025481927172654264,0.01255055941848911,-0.14743009379815994,0.053008305316034746,-0.08924521804070251,-0.0725108387900846,0.04054374775087194,-0.14337065898331955,0.01985498048803633,-0.04400313075989859,-0.10748553157607818,0.04857189113465343,-0.1213802420234469,-0.02054474715604521,-0.005391692497796339,-0.1256014682931956,0.03801993463689504,-0.08816986162292619,-0.059578697692694194,0.020319114778231385,-0.12590553901305218,0.013551196587253716,-0.05158044583427157,-0.09013619476931217,0.030181648612960552,-0.11091738287629074,-0.01823996646898833,-0.018951345338712376,-0.10772218269789333,0.024641894869737422,-0.08565529210926398,-0.05034214062902009,0.00418124184608493,-0.110920464288033,0.006965062565264423,-0.056335206146770914,-0.07669991583490707,0.014859966325233693,-0.10121348112500235,-0.017783567976576032,-0.02903366942969793,-0.09320933681863491,0.012886982973665025,-0.0822854575848723,-0.043947395363642866,-0.008570297228947057,-0.09820399074399078,0.0004618178653531986,-0.059014113279640235,-0.0664231077728771,0.0022127698518656473,-0.09241440418608327,-0.018577235196962385,-0.036384773469027715,-0.08153612909752965,0.0026969427825928073,-0.07848453972984892
-0.3386903789669096,-0.0047703481278401245,0.13863805951353042,-0.3977273194697011,0.25887210101831026,-0.1952046037807833,-0.15806650286815316,0.22695244962021582,-0.38014512476693624,0.14719503070240575,-0.046594243284654016,-0.27026046591970343,0.24933266884432437,-0.30459978855741393,0.013446298321812437,0.07857540995225969,-0.3262920275813103,0.2111262029055596,-0.19362014050989462,-0.11413984030028337,0.16025991948444257,-0.32379467317034233,0.1282505131517147,-0.0731103996123831,-0.21256715551699018,0.18945599995185364,-0.27170245816584004,0.02268384822728266,0.03298808273088519,-0.2676252733873969,0.16829002868837056,-0.18694262398702177,-0.0825264172329018,0.1068953723320916,-0.2752793382673125,0.10800997096434663,-0.09011009538533418,-0.16773354693143921,0.13943057316953528,-0.24095351386278724,0.025559967384783226,-0.001080989558539868,-0.21987794075692768,0.1304868557023217,-0.1771471374070372,-0.0604160593994212,0.06460476754345879,-0.23397939552443398,0.08773885221818466,-0.10007103879082029,-0.13331094754442932,0.09802569772097212,-0.2129008151614235,0.0240801271645868,-0.026075537080584993,-0.1813689921488315,0.09759173025810881,-0.16567765328624667,-0.0455458000447377,0.03143097222643937,-0.19918515461832503,0.06828138508441813,-0.10493333655442447,-0.10723983351273707,0.06406687918871792,-0.18779838283120742,0.01975947789342016,-0.043996790639531186,-0.150598517872312,0.06931948215786014,-0.15356493841330687,-0.036110297040076296,0.005695159510044432,-0.170156194065822,0.05016647048211044,-0.10619915329954713,-0.08780465881971836,0.03646538053475379,-0.16569404759629883,0.013724207437661482,-0.05646887575059349,-0.12624897657724204,0.045289946832950345,-0.1415220961112998,-0.030683329645508444,-0.014027033281637593,-0.14616208437463107,0.033691195385851205,-0.1050171173605741,-0.07358959924291744,0.01423438564690559,-0.1464963200874779,0.006795063761137133,-0.06479788982515683,-0.10717851837013745,0.025075321032862686,-0.13002128081703165,-0.02814990578852741,-0.028931856197098597,-0.12650910440682459,0.01898600226440188,-0.10225309281293529,-0.06343673994793624,-0.003504426777557971,-0.13002466791675218,-0.00044444026208028883,-0.07002434077450702,-0.09240930853050575,0.00823366852562223,-0.11935471443153015,-0.02764823079816467,-0.040014385883918646,-0.1105565280121688,0.00606495758476772,-0.09854895765330157,-0.05640761118718168,-0.017520967911961626,-0.11604667094981144,-0.007592832021462454,-0.07296900586961172,-0.0811130013095319,-0.005668178816942832,-0.10968273498391728,-0.028520632880463522,-0.048094747912710706,-0.0977252928780758,-0.00513597405642181,-0.09437097402717282
-0.009034477955042832,-0.0090277785545012,-0.009024901367524988,-0.009035662406631994,-0.009022489125286163,-0.009031599215850148,-0.00903085411825075,-0.00902312952571176,-0.00903530965700982,-0.00902472968996113,-0.00902861766267079,-0.009033105053287341,-0.009022680513855793,-0.00903379399930864,-0.009027413075944,-0.009026106397801223,-0.00903422920829416,-0.009023447045944212,-0.009031567426939287,-0.009029972822491824,-0.009024467570546603,-0.009034179104149607,-0.009025109771715499,-0.009029149653374126,-0.009031947558799847,-0.0090238818128225,-0.009033133983817835,-0.00902722774400484,-0.009027021011290898,-0.009033052183711851,-0.009024306463356313,-0.009031433456665933,-0.009029338565891259,-0.009025538217537135,-0.009033205746366579,-0.009025515855468402,-0.00902949071638488,-0.009031048067083563,-0.00902488546741141,-0.009032517071158836,-0.00902717004074519,-0.009027704535309433,-0.009032094234273232,-0.009025064904222953,-0.009031236930905155,-0.00902889496823444,-0.009026386689250302,-0.009032377150196155,-0.009025922552675415,-0.009029690561687596,-0.009030357450290079,-0.009025716168835069,-0.009031954252976284,-0.009027199730615389,-0.009028205998144072,-0.009031321633508569,-0.009025724875476142,-0.00903100681991739,-0.009028596627870358,-0.00902705225142624,-0.009031679077200096,-0.009026312925680374,-0.00902978811342832,-0.009029834388420966,-0.009026397480844703,-0.009031450625660707,-0.009027286415322487,-0.00902856555026647,-0.009030704288896099,-0.00902629209845393,-0.009030763803862389,-0.009028407324420123,-0.009027568586182255,-0.009031096672384309,-0.009026676363202805,-0.009029813509369277,-0.009029444462666774,-0.009026951246650747,-0.009031007148834614,-0.009027407500284234,-0.0090288157763267,-0.00903021576674985,-0.009026774200355893,-0.009030522189653029,-0.009028298443775224,-0.009027964270348727,-0.009030615281222907,-0.009027006904819689,-0.00902978979431334,-0.009029159267503162,-0.009027397264635409,-0.00903062198695694,-0.009027546518925261,-0.009028982880412257,-0.00902983315826206,-0.009027179764151193,-0.009030291450071405,-0.00902824761597338,-0.009028263304157695,-0.009030220985665643,-0.009027301933478242,-0.009029734339995417,-0.009028955571813243,-0.009027753156461562,-0.009030291518026411,-0.009027691764291502,-0.009029087738117956,-0.009029536845243191,-0.009027517656357436,-0.009030077447933105,-0.009028237550923692,-0.009028485651721572,-0.009029900930894834,-0.009027561166964498,-0.009029660024342556,-0.00902881454718256,-0.00902803436877168,-0.009030011079023646,-0.0090278351816825,-0.009029146816607148,-0.009029310208684358,-0.009027796567578732,-0.009029883400082227,-0.009028255053829905,-0.009028647767128714,-0.009029643499247529,-0.009027785890013651,-0.009029576201920471
-0.01459900634590133,-0.014560544973887644,-0.014544026994710637,-0.014605806302542212,-0.014530178271148279,-0.014582479455423276,-0.01457820183748136,-0.014533854820841583,-0.014603781160984873,-0.014543041390907898,-0.014565362308105796,-0.014591124493662759,-0.014531277036169117,-0.014595079744443457,-0.014558446755298656,-0.014550945093942657,-0.014597578286602821,-0.014535677709875652,-0.014582296954747439,-0.01457314230359806,-0.01454153655890815,-0.014597290637860071,-0.014545223446699238,-0.014568416475746866,-0.01458447929819927,-0.014538173713889907,-0.01459129058432848,-0.014557382761495959,-0.014556195905482669,-0.014590820968534127,-0.014540611639799144,-0.014581527829138326,-0.014569501025708365,-0.014547683161420168,-0.014591702574336642,-0.01454755478040471,-0.014570374524270041,-0.014579315301016495,-0.0145439357118892,-0.014587748878301152,-0.014557051486104679,-0.014560120028453645,-0.014585321364577014,-0.014544965861664365,-0.014580399571416078,-0.014566954324044938,-0.014552554251900642,-0.0145869455896838,-0.014549889635960607,-0.014571521839538798,-0.01457535045830438,-0.014548704782836534,-0.014584517729579615,-0.014557221936152515,-0.014562998935083307,-0.014580885850497341,-0.014548754767810448,-0.014579078500336675,-0.014565241546960128,-0.014556375255628952,-0.014582937940786364,-0.014552130773995947,-0.014572081885735062,-0.01457234755125186,-0.014552616206626932,-0.014581626396628206,-0.014557719594524616,-0.014565063129909685,-0.014577341664617827,-0.014552011204536076,-0.014577683341047629,-0.014564154752645074,-0.014559339542211199,-0.014579594344871574,-0.014554217274969743,-0.01457222768426237,-0.014570108980890744,-0.01455579538550158,-0.014579080388656032,-0.01455841474534147,-0.014566499681960898,-0.014574537050699462,-0.014554778959723224,-0.014576296229778156,-0.014563529667018004,-0.014561611171714768,-0.014576830670058024,-0.014556114919992454,-0.014572091535724446,-0.014568471670624552,-0.014558355982308148,-0.014576869167790728,-0.01455921285371493,-0.014567459029347229,-0.014572340488888743,-0.014557107308343283,-0.014574971549930761,-0.014563237863746463,-0.014563327929878418,-0.014574567012583448,-0.014557808684519715,-0.01457177317154571,-0.014567302250217618,-0.014560399163311767,-0.014574971940061602,-0.014560046709823329,-0.014568061019212195,-0.014570639350827145,-0.014559047153224043,-0.01457374296002907,-0.014563180080125679,-0.014564604431009742,-0.014572729572721724,-0.014559296948356358,-0.014571346524123554,-0.014566492625423562,-0.01456201360794859,-0.014573361934995418,-0.014560870071494883,-0.014568400189819582,-0.014569338226503113,-0.014560648387270938,-0.014572628928029525,-0.014563280564606793,-0.014565535138308773,-0.014571251653273025,-0.014560587087188909,-0.014570865298178205
-0.012178728414671262,-0.012170531976376523,-0.012167011857618672,-0.01218017754199293,-0.012164060579434956,-0.012175206396841033,-0.012174294800876725,-0.012164844082755845,-0.012179745967482097,-0.012166801817250134,-0.012171558590368614,-0.012177048726398604,-0.012164294735400337,-0.012177891623239432,-0.012170084828542396,-0.01216848616210921,-0.012178424083356267,-0.012165232555571653,-0.012175167504428985,-0.012173216572121396,-0.012166481125033914,-0.012178362783016546,-0.012167266831489436,-0.012172209458897246,-0.012175632579971129,-0.012165764474788652,-0.012177084121700998,-0.012169858082612825,-0.01216960515372422,-0.012176984042668995,-0.012166284017078383,-0.012175003597364158,-0.012172440585515244,-0.012167791017156177,-0.012177171920198637,-0.012167763658093918,-0.012172626735324429,-0.012174532089217763,-0.01216699240449014,-0.012176329354686946,-0.012169787485071422,-0.012170441416969876,-0.012175812031320468,-0.01216721193797593,-0.012174763156258789,-0.012171897862207508,-0.012168829087054907,-0.012176158167200898,-0.012168261235234023,-0.012172871237751477,-0.012173687148256566,-0.01216800873317777,-0.01217564077001795,-0.012169823809394405,-0.012171054935919173,-0.012174866786375839,-0.012168019385391481,-0.012174481625023204,-0.01217153285516399,-0.012169643374732211,-0.01217530410388555,-0.01216873884039096,-0.012172990588254318,-0.012173047203785734,-0.012168842290122411,-0.01217502460291613,-0.012169929864532983,-0.012171494833006481,-0.012174111490884657,-0.012168713359144493,-0.012174184304973888,-0.012171301250255583,-0.012170275088859588,-0.012174591555784348,-0.012169183491103824,-0.01217302165913323,-0.012172570145821533,-0.012169519799584756,-0.012174482027439766,-0.012170078006954264,-0.012171800974197719,-0.0121735138043301,-0.01216930319079684,-0.01217388870002448,-0.012171168039309042,-0.012170759192002032,-0.012174002593693552,-0.012169587895042622,-0.012172992644747326,-0.01217222122138479,-0.012170065484063075,-0.012174010797880611,-0.012170248090487248,-0.01217200541910552,-0.012173045698737409,-0.012169799381254794,-0.012173606399730419,-0.012171105853604682,-0.012171125047446562,-0.012173520189456798,-0.01216994885035198,-0.01217292479869271,-0.012171972008168927,-0.012170500902929964,-0.012173606482870546,-0.012170425792159899,-0.012172133708153052,-0.012172683172066552,-0.012170212778334358,-0.012173344577003056,-0.012171093539434453,-0.012171397080455483,-0.012173128615738587,-0.012170266011754829,-0.012172833876578228,-0.012171799470390918,-0.01217084495451089,-0.01217326337739905,-0.012170601257380762,-0.01217220598823068,-0.012172405891650452,-0.012170554014628687,-0.012173107167517523,-0.0121711149535132,-0.012171595421922456,-0.012172813658810854,-0.01217054095107132,-0.012172731323326476
-0.009330287963988118,-0.009321332821348336,-0.009317486862353468,-0.009331871229963179,-0.009314262398732263,-0.009326439930132997,-0.009325443952173223,-0.009315118427136919,-0.009331399706703289,-0.009317257379571713,-0.00932245446399415,-0.009328452795158546,-0.009314518229374125,-0.009329373714851808,-0.009320844283218518,-0.009319097636025214,-0.009329955462206546,-0.00931554285898794,-0.009326397437639921,-0.009324265917037097,-0.009316907002440032,-0.009329888487593144,-0.009317765437912753,-0.00932316558025027,-0.009326905562958312,-0.009316124015374383,-0.009328491466831571,-0.009320596548523364,-0.009320320207240268,-0.009328382123971343,-0.009316691649161723,-0.009326218358496955,-0.009323418101132824,-0.009318338144891882,-0.009328587392408225,-0.009318308253334573,-0.009323621481922586,-0.009325703205139493,-0.00931746560854364,-0.009327666834713623,-0.009320519416111632,-0.009321233879298785,-0.009327101625244446,-0.009317705463174245,-0.009325955660930328,-0.009322825140573622,-0.00931947230386178,-0.009327479801236327,-0.00931885188876544,-0.009323888616747648,-0.009324780052111601,-0.009318576013824485,-0.00932691451111785,-0.009320559102800156,-0.009321904188707042,-0.009326068883582238,-0.009318587652061705,-0.009325648069720395,-0.009322426346607064,-0.00932036196618069,-0.009326546681442421,-0.009319373703503997,-0.009324019014944847,-0.009324080871100072,-0.009319486729072898,-0.009326241308430495,-0.009320674974946019,-0.009322384804923749,-0.009325243674068607,-0.009319345863582736,-0.009325323228203192,-0.009322173303161086,-0.00932105215500598,-0.009325768176236314,-0.009319859513366207,-0.009324052961903584,-0.009323559654205213,-0.009320226952284115,-0.009325648509386698,-0.009320836830189218,-0.009322719284112983,-0.009324590662582705,-0.009319990293076412,-0.009325000260544343,-0.009322027761526467,-0.009321581069216892,-0.009325124696795264,-0.009320301351006633,-0.009324021261797388,-0.009323178431533956,-0.00932082314811503,-0.009325133660403936,-0.0093210226575259,-0.009322942653489475,-0.00932407922673676,-0.009320532413466719,-0.00932469182908794,-0.009321959819594536,-0.009321980790116813,-0.009324597638749463,-0.00932069571818975,-0.009323947135564165,-0.009322906149865317,-0.009321298871584276,-0.009324691919923946,-0.0093212168081763,-0.009323082817628878,-0.009323683142738869,-0.009320984076699118,-0.00932440577070678,-0.009321946365561586,-0.00932227800389553,-0.009324169818960613,-0.009321042237677876,-0.009323847797232684,-0.009322717641106117,-0.009321674770343208,-0.009324317054851181,-0.009321408515357475,-0.009323161788321013,-0.009323380195826063,-0.009321356899574093,-0.009324146385382263,-0.009321969761837235,-0.009322494704865422,-0.00932382570800512,-0.009321342626786888,-0.00932373575112624
-0.006963408929084572,-0.006953749788404399,-0.006949601483851818,-0.006965116661658179,-0.006946123532803113,-0.006959258386559034,-0.00695818411095955,-0.006947046856877267,-0.006964608070149986,-0.0069493539605502,-0.0069549596076718965,-0.006961429490608856,-0.006946399475270972,-0.006962422807324197,-0.006953222844422224,-0.006951338886607437,-0.006963050288065239,-0.0069475046549406895,-0.00695921255356843,-0.006956913465972223,-0.006948976038931065,-0.006962978048321121,-0.006949901959302118,-0.006955726627498839,-0.006959760624563042,-0.006948131498255156,-0.006961471202410123,-0.006952955634354434,-0.006952657568825326,-0.006961353263689121,-0.006948743755907243,-0.006959019396328576,-0.006955999000014543,-0.006950519688969019,-0.006961574669063529,-0.006950487447521976,-0.006956218369346666,-0.006958463744793837,-0.006949578559198645,-0.006960581742804948,-0.0069528724382685765,-0.006953643068141614,-0.006959972100055955,-0.006949837269719852,-0.0069587360471007114,-0.006955359424556115,-0.006951743008516745,-0.006960380005910097,-0.0069510738202149275,-0.006956506504662834,-0.006957468019172882,-0.006950776257688903,-0.006959770276171653,-0.006952915244879594,-0.006954366073138187,-0.0069588581706186686,-0.006950788810852497,-0.0069584042749684044,-0.006954929279869386,-0.006952702610595894,-0.006959373529997503,-0.006951636656807428,-0.006956647153961439,-0.006956713872865791,-0.006951758567748923,-0.006959044150444235,-0.006953040226178365,-0.006954884472435336,-0.006957968088226529,-0.006951606628283391,-0.006958053896416142,-0.006954656343709548,-0.0069534470578065674,-0.006958533823517268,-0.006952160658042434,-0.006956683769620541,-0.006956151681115773,-0.006952556982740119,-0.006958404749198557,-0.006953214805481765,-0.00695524524631392,-0.006957263741008197,-0.0069523017188462405,-0.006957705539033412,-0.0069544993604899455,-0.0069540175519881165,-0.006957839757694322,-0.006952637230230989,-0.006956649577447658,-0.006955740489071126,-0.0069532000478073515,-0.00695784942596658,-0.006953415241416669,-0.006955486175612086,-0.006956712099232785,-0.006952886457395496,-0.006957372860599643,-0.006954426077382683,-0.006954448696477987,-0.006957271265598125,-0.0069530626001278835,-0.006956569623867509,-0.006955446802298308,-0.006953713169719435,-0.006957372958576612,-0.006953624654992846,-0.006955637358590989,-0.006956284877555734,-0.00695337362760342,-0.006957064314074197,-0.006954411565676705,-0.00695476927536949,-0.006956809813258114,-0.006953436360839339,-0.006956462476169554,-0.006955243474143994,-0.006954118619318629,-0.0069569686239256134,-0.006953831433009329,-0.0069557225374715075,-0.006955958114826527,-0.006953775759511646,-0.006956784537476473,-0.006954436801223137,-0.0069550030120320875,-0.006956438650423261,-0.006953760364686006,-0.006956341621689807
-0.005086007912145765,-0.005075708103508843,-0.00507128465172633,-0.005087828914582067,-0.00506757601641017,-0.005081582073950841,-0.005080436544191583,-0.005068560582386436,-0.0050872865894019915,-0.005071020710789527,-0.005076998167227043,-0.00508389718219747,-0.005067870261489299,-0.005084956383261273,-0.005075146208578591,-0.005073137292297646,-0.005085625483315832,-0.005069048745112679,-0.005081533200966369,-0.0050790816203274145,-0.005070617722523206,-0.005085548452080338,-0.005071605057002602,-0.00507781606166505,-0.005082117624213826,-0.005069717165461664,-0.005083941660643863,-0.005074861275098976,-0.0050745434395882685,-0.005083815899326431,-0.00507037003271578,-0.005081327232063627,-0.00507810650000554,-0.005072263759217333,-0.0050840519899956835,-0.005072229379271361,-0.005078340419586638,-0.005080734725476744,-0.005071260206535131,-0.005082993205286714,-0.0050747725608135084,-0.005075594304743428,-0.005082343126376029,-0.005071536076713339,-0.005081025088951619,-0.005077424503019595,-0.005073568218657422,-0.005082778087660749,-0.005072854644678223,-0.005078647666236867,-0.005079672955730315,-0.005072537345533604,-0.005082127915990809,-0.0050748182066857935,-0.0050763652649514655,-0.005081155312633691,-0.0050725507313188496,-0.00508067131115844,-0.00507696582785312,-0.005074591468872951,-0.005081704854581261,-0.005073454812890754,-0.005078797644470803,-0.005078868788682285,-0.005073584809896671,-0.005081353628061233,-0.005074951477698522,-0.005076918048447942,-0.00508020619318159,-0.005073422792645738,-0.0050802976928254785,-0.005076674788483314,-0.005075385293506437,-0.005080809452356159,-0.005074013569888377,-0.005078836688759973,-0.005078269308083112,-0.005074436181865923,-0.0050806718168431575,-0.005075137636434223,-0.005077302751604637,-0.005079455128278098,-0.005074163986921682,-0.005079926229721442,-0.005076507392938032,-0.005075993627217788,-0.005080069350788692,-0.0050745217519830715,-0.005078800228701131,-0.0050778308426426425,-0.00507512189991817,-0.005080079660334583,-0.005075351366810645,-0.0050775596611733346,-0.005078866897408396,-0.00507478750979596,-0.005079571485513968,-0.005076429249135584,-0.005076453368501984,-0.00507946315195628,-0.005074975335659196,-0.005078714971989106,-0.005077517676320775,-0.005075669055993111,-0.005079571589989519,-0.0050755746702940505,-0.00507772087176167,-0.005078411339127916,-0.005075306992851583,-0.005079242473827225,-0.00507641377490247,-0.005076795210633168,-0.005078971092573925,-0.005075373887034671,-0.0050786007174377585,-0.00507730086189087,-0.005076101398105303,-0.0050791404367774,-0.0050757951634073225,-0.005077811700355879,-0.005078062902999699,-0.00507573579721821,-0.005078944140309466,-0.005076440684263012,-0.005077044450495792,-0.005078575311386062,-0.005075719381290196,-0.005078471846966199
-0.003617826075900446,-0.0036069535979842138,-0.0036022842023173385,-0.0036197483260579032,-0.003598369366906731,-0.003613154161136649,-0.0036119449399317732,-0.003599408674743543,-0.0036191758476020754,-0.003602005586266522,-0.003608315389235013,-0.0036155979893836058,-0.003598679972009948,-0.0036167160820182367,-0.003606360461700254,-0.003604239849689868,-0.0036174223840305724,-0.003599923979313531,-0.0036131025708146234,-0.0036105146823113997,-0.003601580191855759,-0.0036173410698589906,-0.003602622422124455,-0.0036091787585973488,-0.0036137194879900486,-0.003600629563828669,-0.0036156449408312683,-0.0036060596859214095,-0.0036057241787588036,-0.0036155121871855747,-0.0036013187304969863,-0.0036128851500425068,-0.0036094853453072884,-0.003603317748177151,-0.0036157614044941837,-0.003603281456706453,-0.003609732270815258,-0.0036122597000940466,-0.003602258397973701,-0.0036146437513637115,-0.0036059660391223668,-0.003606833472008336,-0.0036139575280706984,-0.003602549606531651,-0.003612566207775845,-0.0036087654292942823,-0.0036046947355518615,-0.0036144166731994325,-0.0036039414868650243,-0.0036100566003768263,-0.0036111388959580563,-0.003603606545890457,-0.003613730351989751,-0.003606014222904793,-0.003607647297597884,-0.003612703671893617,-0.0036036206759252577,-0.0036121927599401444,-0.0036082812517921536,-0.0036057748784713373,-0.0036132837683691557,-0.003604575024425458,-0.0036102149173993904,-0.0036102900172284725,-0.0036047122492638833,-0.003612913013657372,-0.003606154903784782,-0.0036082308158524234,-0.003611701781407434,-0.0036045412238550714,-0.003611798368430804,-0.003607974030635672,-0.00360661283974821,-0.003612338581787371,-0.00360516484830776,-0.003610256132550733,-0.0036096572055126946,-0.003605610957507938,-0.0036121932937409275,-0.0036063514129447264,-0.0036086369085016083,-0.003610908957301208,-0.003605323628526935,-0.003611406251981101,-0.003607797327899387,-0.0036072549968091338,-0.0036115573305785663,-0.003605701285322928,-0.0036102176453129044,-0.0036091943613971787,-0.003606334801478504,-0.003611568213335128,-0.0036065770267283983,-0.003608908102240307,-0.0036102880207997705,-0.003605981819268126,-0.0036110317839984783,-0.0036077148393021375,-0.003607740299705119,-0.0036109174270958335,-0.003606180088247883,-0.003610127648328361,-0.0036088637830302746,-0.0036069123794269142,-0.0036110318942828685,-0.0036068127458837277,-0.003609078276136088,-0.0036098071334824742,-0.0036065301855775613,-0.0036106844792645368,-0.003607698504701784,-0.0036081011482561125,-0.0036103980092156837,-0.003606600799076703,-0.0036100070412248557,-0.0036086349137197707,-0.003607368759757147,-0.003610576768955543,-0.003607045498412365,-0.0036091741547994217,-0.0036094393243082646,-0.003606982831463605,-0.0036103695584055327,-0.003607726910222561,-0.0036083642458531406,-0.0036099802225968854,-0.003606965502810121,-0.00360987100555609
-0.002545288579162114,-0.0024627286622834485,-0.0024272717111540943,-0.00255988514256214,-0.0023975444963845057,-0.002509812499326859,-0.002500630305264785,-0.0024054364571021686,-0.0025555380402647507,-0.0024251560464294847,-0.002473069393562767,-0.002528369654235701,-0.0023999030692600978,-0.0025368598655462213,-0.002458224695232079,-0.0024421218755567224,-0.0025422231540144957,-0.002409349410781467,-0.002509420749375192,-0.0024897696761457476,-0.002421925823525026,-0.0025416056966787734,-0.0024298399756635634,-0.0024796253694257843,-0.002514105296091824,-0.002414707250950882,-0.002528726178999075,-0.002455940761110362,-0.0024533930950060615,-0.0025277181171719323,-0.0024199404225691834,-0.002507769769625044,-0.002481953428722271,-0.0024351199184288116,-0.002529610543207836,-0.0024348443399611146,-0.002483828452021491,-0.0025030204294880063,-0.0024270757664502066,-0.0025211236692622746,-0.0024552296562449856,-0.002461816488383453,-0.002515912848098244,-0.002429287052094928,-0.002505347888686073,-0.0024764867626456575,-0.0024455760411337736,-0.002519399356321629,-0.00243985626414702,-0.0024862912412633447,-0.0024945096284528065,-0.0024373128973788757,-0.0025141877916295755,-0.002455595538714708,-0.002467996254720485,-0.0025063917193771535,-0.0024374201934807957,-0.0025025121209327154,-0.002472810171657085,-0.0024537780821345515,-0.0025107966689361305,-0.002444667017383945,-0.002487493418018641,-0.0024880636868841555,-0.002445709031112679,-0.0025079813513587497,-0.0024566637958174427,-0.0024724271874814524,-0.002498783886471164,-0.00244441035351182,-0.002499517317863933,-0.002470477294705032,-0.0024601411222712317,-0.0025036194158547073,-0.002449145831787719,-0.0024878063843447352,-0.0024832584453323204,-0.0024525333519803787,-0.0025025161743369743,-0.002458155983710202,-0.002475510842892856,-0.00249276359442608,-0.002450351525816076,-0.0024965397904094153,-0.002469135506445511,-0.00246501732749155,-0.0024976870023462857,-0.0024532192542148865,-0.0024875141323686435,-0.0024797438489358808,-0.0024580298449145064,-0.002497769640313829,-0.0024598691769095933,-0.002477570146457093,-0.002488048527047641,-0.0024553494824274087,-0.002493696276193315,-0.002468509131134856,-0.002468702464133097,-0.0024928279096213504,-0.002456855033472396,-0.0024868307422877007,-0.0024772336095310503,-0.002462415670094296,-0.0024936971136353533,-0.002461659105021716,-0.0024788623581128736,-0.002484396920003704,-0.0024595134896826885,-0.0024910590254960297,-0.002468385094713919,-0.002471442559500991,-0.002488883721613719,-0.0024600496917025583,-0.002485914914955874,-0.0024754956955617712,-0.0024658811838823573,-0.0024902411296836837,-0.0024634265061206787,-0.0024795904105896194,-0.002481603969299741,-0.0024629506460526673,-0.0024886676810257965,-0.0024686007913979975,-0.0024734403851952758,-0.0024857112683066823,-0.0024628190613116127,-0.0024848819311602426
-0.0016894279844187035,-0.0016023859461103643,-0.0015650040613510341,-0.0017048169852640217,-0.0015336629764202256,-0.0016520259324691105,-0.001642345243370546,-0.0015419833862884218,-0.0017002338817556242,-0.0015627735386352993,-0.0016132880686194446,-0.001671590542627852,-0.0015361495946043502,-0.0016805416817044848,-0.0015976374617677634,-0.0015806604310239637,-0.0016861961394360773,-0.0015461087715471402,-0.0016516129146804614,-0.0016308949981235555,-0.0015593679491383088,-0.0016855451607638403,-0.0015677117551844435,-0.001620199963928835,-0.0016565517822348642,-0.0015517574851954539,-0.001671966422876824,-0.001595229534424421,-0.0015925435572695108,-0.0016709036340624374,-0.0015572747621222676,-0.001649872304368681,-0.001622654411972511,-0.001573278342431788,-0.0016728987986137163,-0.0015729878029975305,-0.0016246312290044316,-0.0016448651258033865,-0.001564797478943167,-0.0016639511780853033,-0.0015944798241621842,-0.0016014242509131181,-0.0016584574650036388,-0.0015671288137733776,-0.0016473189411697097,-0.001616890964332916,-0.0015843021208881006,-0.0016621332533742624,-0.001578271821120141,-0.0016272277213900753,-0.0016358922792000011,-0.0015755903767094071,-0.001656638756398947,-0.001594865570140983,-0.0016079395125386238,-0.0016484194407151971,-0.001575703497843327,-0.00164432922152423,-0.001613014773733769,-0.001592949445085937,-0.001653063531973456,-0.0015833437468605195,-0.0016284951634993213,-0.0016290963918715728,-0.0015844423308020172,-0.0016500953727300223,-0.0015959918221913102,-0.0016126109976091407,-0.001640398583763272,-0.0015830731488822932,-0.0016411718326448054,-0.001610555246487301,-0.0015996579303203444,-0.0016454966307303258,-0.0015880657130354875,-0.0016288251205532405,-0.0016240302770418988,-0.001591637139382889,-0.0016443334949850345,-0.0015975650199443509,-0.0016158620625641065,-0.0016340514541799695,-0.0015893368633681437,-0.001638032657260931,-0.0016091406134607373,-0.0016047988613875357,-0.001639242150549346,-0.0015923602787806617,-0.0016285170024172204,-0.0016203248756105138,-0.001597432033159696,-0.001639329274875636,-0.0015993712212309897,-0.0016180331643106149,-0.0016290804090179007,-0.0015946061556261094,-0.0016350347706025434,-0.0016084802326628064,-0.0016086840615773133,-0.00163411926100321,-0.0015961934420077747,-0.0016277965115561116,-0.001617678357024994,-0.0016020559617892988,-0.0016350356535087378,-0.001601258323316297,-0.001619395529253523,-0.0016252305587246588,-0.001598996223987769,-0.001632254345368357,-0.0016083494623893976,-0.0016115729148489472,-0.001629960945725833,-0.0015995615360486215,-0.0016268309645847186,-0.0016158460928947756,-0.0016057096159510617,-0.0016313920465516676,-0.0016031216754123054,-0.0016201631072013606,-0.0016222859806369052,-0.0016026199812266134,-0.0016297331764421289,-0.001608576869098953,-0.0016136792011339838,-0.0016266162620982032,-0.0016024812528399493,-0.0016257419008052162
-0.0010578047813318535,-0.0009666969627512303,-0.0009275689501145074,-0.0010739126106566405,-0.0008947639063047458,-0.0010186556594845991,-0.0010085227802084605,-0.0009034729669784252,-0.0010691154279263817,-0.0009252342384869458,-0.0009781083292472955,-0.0010391341430723675,-0.0008973666757573173,-0.001048503394653941,-0.0009617266741593424,-0.0009439566372081788,-0.0010544219751375092,-0.0009077910511941815,-0.0010182233494136247,-0.0009965376878675505,-0.0009216695720788276,-0.001053740588902505,-0.0009304031217784595,-0.0009853430828920282,-0.0010233929141192017,-0.0009137036192852615,-0.001039527580889277,-0.0009592062712389119,-0.0009563948306511537,-0.0010384151486396132,-0.0009194786111751176,-0.0010164014342610467,-0.0009879121795196445,-0.0009362297273003533,-0.0010405035083966827,-0.0009359256166133647,-0.00098998133473489,-0.0010111603677006383,-0.0009273527181316206,-0.0010311379397166024,-0.000958421541608409,-0.0009656903462557597,-0.0010253876123517349,-0.0009297929508615701,-0.0010137288020982034,-0.0009818795181510418,-0.0009477684323581655,-0.0010292350987677265,-0.0009414564540552242,-0.0009926991106718366,-0.0010017683946221,-0.0009386497579385527,-0.0010234839508931153,-0.0009588253059886746,-0.0009725099392445994,-0.001014880706567434,-0.0009387681630212819,-0.001010599431045306,-0.0009778222686109977,-0.0009568196777050802,-0.0010197417258180454,-0.0009467652921659754,-0.0009940257556814763,-0.000994655067753312,-0.0009479151915523272,-0.0010166349222651325,-0.0009600041658760518,-0.0009773996318871252,-0.001006485191087334,-0.0009464820544111196,-0.0010072945588386595,-0.000975247855528304,-0.0009638415198811797,-0.001011821370561262,-0.000951707823912404,-0.000994371125206273,-0.0009893523119840191,-0.0009554460734991206,-0.0010106039041217557,-0.0009616508485395224,-0.0009808025558290208,-0.0009998415836785237,-0.0009530383503585575,-0.0010040087508897046,-0.0009737671442346902,-0.0009692225865945528,-0.001005274740258026,-0.0009562029911258356,-0.0009940486147069383,-0.0009854738292653228,-0.0009615116498708627,-0.001005365934208304,-0.0009635414184565578,-0.0009830750709020279,-0.0009946383383319765,-0.0009585537740827401,-0.0010008708313383483,-0.0009730759166956605,-0.000973289266568036,-0.0009999125577948287,-0.0009602152034622309,-0.0009932944693314546,-0.000982703690377885,-0.0009663515646856245,-0.0010008717554855643,-0.0009655166680919378,-0.000984501072641778,-0.0009906086594676474,-0.0009631489048910714,-0.0009979605309508976,-0.0009729390380726753,-0.0009763130597246908,-0.0009955600053815886,-0.000963740622981348,-0.000992283821143402,-0.0009807858402078743,-0.0009701758829919933,-0.0009970579536942056,-0.0009674670583632866,-0.0009853045045670546,-0.0009875265385588378,-0.0009669419297732246,-0.0009953215968725364,-0.0009731770670715459,-0.0009785177317712737,-0.0009920590897886403,-0.0009667967213092476,-0.0009911438866109163
-0.0006108334352992078,-0.0005160927721503542,-0.0004754045642374467,-0.0006275835502278012,-0.00044129144800238184,-0.0005701232764644643,-0.0005595863574910491,-0.0004503477748520674,-0.0006225950840325672,-0.00047297675802605355,-0.0005279591569032184,-0.0005914183216714925,-0.0004439980006100704,-0.0006011611639640146,-0.0005109242976486852,-0.0004924456960186497,-0.000607315742667015,-0.00045483803889863035,-0.0005696737284075784,-0.0005471233700771506,-0.00046926995366314685,-0.0006066071867519406,-0.0004783517460172728,-0.000535482390020846,-0.0005750494249836507,-0.00046098636547025143,-0.0005918274474771868,-0.0005083033958665556,-0.0005053798515447024,-0.0005906706579646814,-0.0004669916301099711,-0.0005677791659820338,-0.0005381539271291399,-0.00048441068233745813,-0.0005928422892402458,-0.00048409444550285045,-0.0005403055880985749,-0.0005623291164772158,-0.00047517971019339384,-0.0005831032767016924,-0.0005074873758284883,-0.0005150460177026767,-0.0005771236600633196,-0.0004777172450688268,-0.0005649999649496145,-0.0005318807186656083,-0.000496409483165828,-0.0005811245616345133,-0.0004898458202495367,-0.0005431317329735996,-0.0005525626466879135,-0.0004869272095804045,-0.0005751440917692885,-0.0005079072399602191,-0.0005221375359964245,-0.0005661978006019133,-0.0004870503359622313,-0.0005617458129634384,-0.0005276616898492833,-0.0005058216390032641,-0.0005712526487429072,-0.0004953663436359834,-0.0005445112767925,-0.0005451656821327015,-0.0004965620942544775,-0.000568021964116036,-0.0005091331058543835,-0.000527222200855753,-0.0005574675212861235,-0.0004950718120234184,-0.000558309161868529,-0.0005249846242969163,-0.0005131234709936937,-0.0005630164762486866,-0.0005005059545122612,-0.0005448704176249816,-0.0005396514836157584,-0.0005043932635311689,-0.0005617504643998986,-0.0005108454485486042,-0.0005307608134130825,-0.0005505590058434632,-0.0005018895345365609,-0.0005548923352019098,-0.00052344487093574,-0.000518719103035109,-0.0005562088047888534,-0.0005051803625861261,-0.0005445350473016061,-0.0005356183497914037,-0.0005107006994547975,-0.0005563036350181258,-0.0005128114032872823,-0.0005331239430367156,-0.0005451482856403247,-0.0005076248809570612,-0.0005516292938533764,-0.000522726081303251,-0.0005229479383151571,-0.0005506328099905705,-0.0005093525583797037,-0.0005437508310389727,-0.0005327377540390421,-0.0005157336016390235,-0.0005516302548501541,-0.0005148654142739995,-0.0005346068053484258,-0.000540957926856291,-0.0005124032385867283,-0.0005486029477837969,-0.0005225837447649105,-0.0005260923025788338,-0.0005461067033573004,-0.000513018550918242,-0.0005426998841384982,-0.0005307434312711649,-0.0005197104112924899,-0.0005476643810485347,-0.0005168935746512908,-0.0005354422734189111,-0.0005377529090723653,-0.0005163475070180626,-0.0005458587885175007,-0.0005228312649618923,-0.0005283848839947103,-0.0005424661918175519,-0.0005161965084936075,-0.0005415144957137012
-0.0002637745230770765,-0.0002637745230770765,-0.0002637745230770765,-0.0002637745230770765,-0.0002637745230770765,-0.0002637745230770765,-0.0002637745230770765,-0.0002637745230770765,-0.0002637745230770765,-0.0002637745230770765,-0.0002637745230770765,-0.0002637745230770765,-0.0002637745230770765,-0.0002637745230770765,-0.0002637745230770765,-0.0002637745230770765,-0.0002637745230770765,-0.0002637745230770765,-0.0002637745230770765,-0.0002637745230770765,-0.0002637745230770765,-0.0002637745230770765,-0.0002637745230770765,-0.0002637745230770765,-0.0002637745230770765,-0.0002637745230770765,-0.0002637745230770765,-0.0002637745230770765,-0.0002637745230770765,-0.0002637745230770765,-0.0002637745230770765,-0.0002637745230770765,-0.0002637745230770765,-0.0002637745230770765,-0.0002637745230770765,-0.0002637745230770765,-0.0002637745230770765,-0.0002637745230770765,-0.0002637745230770765,-0.0002637745230770765,-0.0002637745230770765,-0.0002637745230770765,-0.0002637745230770765,-0.0002637745230770765,-0.0002637745230770765,-0.0002637745230770765,-0.0002637745230770765,-0.0002637745230770765,-0.0002637745230770765,-0.0002637745230770765,-0.0002637745230770765,-0.0002637745230770765,-0.0002637745230770765,-0.0002637745230770765,-0.0002637745230770765,-0.0002637745230770765,-0.0002637745230770765,-0.0002637745230770765,-0.0002637745230770765,-0.0002637745230770765,-0.0002637745230770765,-0.0002637745230770765,-0.0002637745230770765,-0.0002637745230770765,-0.0002637745230770765,-0.0002637745230770765,-0.0002637745230770765,-0.0002637745230770765,-0.0002637745230770765,-0.0002637745230770765,-0.0002637745230770765,-0.0002637745230770765,-0.0002637745230770765,-0.0002637745230770765,-0.0002637745230770765,-0.0002637745230770765,-0.0002637745230770765,-0.0002637745230770765,-0.0002637745230770765,-0.0002637745230770765,-0.0002637745230770765,-0.0002637745230770765,-0.0002637745230770765,-0.0002637745230770765,-0.0002637745230770765,-0.0002637745230770765,-0.0002637745230770765,-0.0002637745230770765,-0.0002637745230770765,-0.0002637745230770765,-0.0002637745230770765,-0.0002637745230770765,-0.0002637745230770765,-0.0002637745230770765,-0.0002637745230770765,-0.0002637745230770765,-0.0002637745230770765,-0.0002637745230770765,-0.0002637745230770765,-0.0002637745230770765,-0.0002637745230770765,-0.0002637745230770765,-0.0002637745230770765,-0.0002637745230770765,-0.0002637745230770765,-0.0002637745230770765,-0.0002637745230770765,-0.0002637745230770765,-0.0002637745230770765,-0.0002637745230770765,-0.0002637745230770765,-0.0002637745230770765,-0.0002637745230770765,-0.0002637745230770765,-0.0002637745230770765,-0.0002637745230770765,-0.0002637745230770765,-0.0002637745230770765,-0.0002637745230770765,-0.0002637745230770765,-0.0002637745230770765,-0.0002637745230770765,-0.0002637745230770765,-0.0002637745230770765,-0.0002637745230770765,-0.0002637745230770765,-0.0002637745230770765,-0.0002637745230770765
-6.668646536898752e-05,-6.668646536898752e-05,-6.668646536898752e-05,-6.668646536898752e-05,-6.668646536898752e-05,-6.668646536898752e-05,-6.668646536898752e-05,-6.668646536898752e-05,-6.668646536898752e-05,-6.668646536898752e-05,-6.668646536898752e-05,-6.668646536898752e-05,-6.668646536898752e-05,-6.668646536898752e-05,-6.668646536898752e-05,-6.668646536898752e-05,-6.668646536898752e-05,-6.668646536898752e-05,-6.668646536898752e-05,-6.668646536898752e-05,-6.668646536898752e-05,-6.668646536898752e-05,-6.668646536898752e-05,-6.668646536898752e-05,-6.668646536898752e-05,-6.668646536898752e-05,-6.668646536898752e-05,-6.668646536898752e-05,-6.668646536898752e-05,-6.668646536898752e-05,-6.668646536898752e-05,-6.668646536898752e-05,-6.668646536898752e-05,-6.668646536898752e-05,-6.668646536898752e-05,-6.668646536898752e-05,-6.668646536898752e-05,-6.668646536898752e-05,-6.668646536898752e-05,-6.668646536898752e-05,-6.668646536898752e-05,-6.668646536898752e-05,-6.668646536898752e-05,-6.668646536898752e-05,-6.668646536898752e-05,-6.668646536898752e-05,-6.668646536898752e-05,-6.668646536898752e-05,-6.668646536898752e-05,-6.668646536898752e-05,-6.668646536898752e-05,-6.668646536898752e-05,-6.668646536898752e-05,-6.668646536898752e-05,-6.668646536898752e-05,-6.668646536898752e-05,-6.668646536898752e-05,-6.668646536898752e-05,-6.668646536898752e-05,-6.668646536898752e-05,-6.668646536898752e-05,-6.668646536898752e-05,-6.668646536898752e-05,-6.668646536898752e-05,-6.668646536898752e-05,-6.668646536898752e-05,-6.668646536898752e-05,-6.668646536898752e-05,-6.668646536898752e-05,-6.668646536898752e-05,-6.668646536898752e-05,-6.668646536898752e-05,-6.668646536898752e-05,-6.668646536898752e-05,-6.668646536898752e-05,-6.668646536898752e-05,-6.668646536898752e-05,-6.668646536898752e-05,-6.668646536898752e-05,-6.668646536898752e-05,-6.668646536898752e-05,-6.668646536898752e-05,-6.668646536898752e-05,-6.668646536898752e-05,-6.668646536898752e-05,-6.668646536898752e-05,-6.668646536898752e-05,-6.668646536898752e-05,-6.668646536898752e-05,-6.668646536898752e-05,-6.668646536898752e-05,-6.668646536898752e-05,-6.668646536898752e-05,-6.668646536898752e-05,-6.668646536898752e-05,-6.668646536898752e-05,-6.668646536898752e-05,-6.668646536898752e-05,-6.668646536898752e-05,-6.668646536898752e-05,-6.668646536898752e-05,-6.668646536898752e-05,-6.668646536898752e-05,-6.668646536898752e-05,-6.668646536898752e-05,-6.668646536898752e-05,-6.668646536898752e-05,-6.668646536898752e-05,-6.668646536898752e-05,-6.668646536898752e-05,-6.668646536898752e-05,-6.668646536898752e-05,-6.668646536898752e-05,-6.668646536898752e-05,-6.668646536898752e-05,-6.668646536898752e-05,-6.668646536898752e-05,-6.668646536898752e-05,-6.668646536898752e-05,-6.668646536898752e-05,-6.668646536898752e-05,-6.668646536898752e-05,-6.668646536898752e-05,-6.668646536898752e-05,-6.668646536898752e-05,-6.668646536898752e-05,-6.668646536898752e-05,-6.668646536898752e-05
-1.1559883489367205e-07,-1.1559883489367205e-07,-1.1559883489367205e-07,-1.1559883489367205e-07,-1.1559883489367205e-07,-1.1559883489367205e-07,-1.1559883489367205e-07,-1.1559883489367205e-07,-1.1559883489367205e-07,-1.1559883489367205e-07,-1.1559883489367205e-07,-1.1559883489367205e-07,-1.1559883489367205e-07,-1.1559883489367205e-07,-1.1559883489367205e-07,-1.1559883489367205e-07,-1.1559883489367205e-07,-1.1559883489367205e-07,-1.1559883489367205e-07,-1.1559883489367205e-07,-1.1559883489367205e-07,-1.1559883489367205e-07,-1.1559883489367205e-07,-1.1559883489367205e-07,-1.1559883489367205e-07,-1.1559883489367205e-07,-1.1559883489367205e-07,-1.1559883489367205e-07,-1.1559883489367205e-07,-1.1559883489367205e-07,-1.1559883489367205e-07,-1.1559883489367205e-07,-1.1559883489367205e-07,-1.1559883489367205e-07,-1.1559883489367205e-07,-1.1559883489367205e-07,-1.1559883489367205e-07,-1.1559883489367205e-07,-1.1559883489367205e-07,-1.1559883489367205e-07,-1.1559883489367205e-07,-1.1559883489367205e-07,-1.1559883489367205e-07,-1.1559883489367205e-07,-1.1559883489367205e-07,-1.1559883489367205e-07,-1.1559883489367205e-07,-1.1559883489367205e-07,-1.1559883489367205e-07,-1.1559883489367205e-07,-1.1559883489367205e-07,-1.1559883489367205e-07,-1.1559883489367205e-07,-1.1559883489367205e-07,-1.1559883489367205e-07,-1.1559883489367205e-07,-1.1559883489367205e-07,-1.1559883489367205e-07,-1.1559883489367205e-07,-1.1559883489367205e-07,-1.1559883489367205e-07,-1.1559883489367205e-07,-1.1559883489367205e-07,-1.1559883489367205e-07,-1.1559883489367205e-07,-1.1559883489367205e-07,-1.1559883489367205e-07,-1.1559883489367205e-07,-1.1559883489367205e-07,-1.1559883489367205e-07,-1.1559883489367205e-07,-1.1559883489367205e-07,-1.1559883489367205e-07,-1.1559883489367205e-07,-1.1559883489367205e-07,-1.1559883489367205e-07,-1.1559883489367205e-07,-1.1559883489367205e-07,-1.1559883489367205e-07,-1.1559883489367205e-07,-1.1559883489367205e-07,-1.1559883489367205e-07,-1.1559883489367205e-07,-1.1559883489367205e-07,-1.1559883489367205e-07,-1.1559883489367205e-07,-1.1559883489367205e-07,-1.1559883489367205e-07,-1.1559883489367205e-07,-1.1559883489367205e-07,-1.1559883489367205e-07,-1.1559883489367205e-07,-1.1559883489367205e-07,-1.1559883489367205e-07,-1.1559883489367205e-07,-1.1559883489367205e-07,-1.1559883489367205e-07,-1.1559883489367205e-07,-1.1559883489367205e-07,-1.1559883489367205e-07,-1.1559883489367205e-07,-1.1559883489367205e-07,-1.1559883489367205e-07,-1.1559883489367205e-07,-1.1559883489367205e-07,-1.1559883489367205e-07,-1.1559883489367205e-07,-1.1559883489367205e-07,-1.1559883489367205e-07,-1.1559883489367205e-07,-1.1559883489367205e-07,-1.1559883489367205e-07,-1.1559883489367205e-07,-1.1559883489367205e-07,-1.1559883489367205e-07,-1.1559883489367205e-07,-1.1559883489367205e-07,-1.1559883489367205e-07,-1.1559883489367205e-07,-1.1559883489367205e-07,-1.1559883489367205e-07,-1.1559883489367205e-07,-1.1559883489367205e-07,-1.1559883489367205e-07,-1.1559883489367205e-07,-1.1559883489367205e-07,-1.1559883489367205e-07,-1.1559883489367205e-07
-5.0260069118396834e-05,-5.0260069118396834e-05,-5.0260069118396834e-05,-5.0260069118396834e-05,-5.0260069118396834e-05,-5.0260069118396834e-05,-5.0260069118396834e-05,-5.0260069118396834e-05,-5.0260069118396834e-05,-5.0260069118396834e-05,-5.0260069118396834e-05,-5.0260069118396834e-05,-5.0260069118396834e-05,-5.0260069118396834e-05,-5.0260069118396834e-05,-5.0260069118396834e-05,-5.0260069118396834e-05,-5.0260069118396834e-05,-5.0260069118396834e-05,-5.0260069118396834e-05,-5.0260069118396834e-05,-5.0260069118396834e-05,-5.0260069118396834e-05,-5.0260069118396834e-05,-5.0260069118396834e-05,-5.0260069118396834e-05,-5.0260069118396834e-05,-5.0260069118396834e-05,-5.0260069118396834e-05,-5.0260069118396834e-05,-5.0260069118396834e-05,-5.0260069118396834e-05,-5.0260069118396834e-05,-5.0260069118396834e-05,-5.0260069118396834e-05,-5.0260069118396834e-05,-5.0260069118396834e-05,-5.0260069118396834e-05,-5.0260069118396834e-05,-5.0260069118396834e-05,-5.0260069118396834e-05,-5.0260069118396834e-05,-5.0260069118396834e-05,-5.0260069118396834e-05,-5.0260069118396834e-05,-5.0260069118396834e-05,-5.0260069118396834e-05,-5.0260069118396834e-05,-5.0260069118396834e-05,-5.0260069118396834e-05,-5.0260069118396834e-05,-5.0260069118396834e-05,-5.0260069118396834e-05,-5.0260069118396834e-05,-5.0260069118396834e-05,-5.0260069118396834e-05,-5.0260069118396834e-05,-5.0260069118396834e-05,-5.0260069118396834e-05,-5.0260069118396834e-05,-5.0260069118396834e-05,-5.0260069118396834e-05,-5.0260069118396834e-05,-5.0260069118396834e-05,-5.0260069118396834e-05,-5.0260069118396834e-05,-5.0260069118396834e-05,-5.0260069118396834e-05,-5.0260069118396834e-05,-5.0260069118396834e-05,-5.0260069118396834e-05,-5.0260069118396834e-05,-5.0260069118396834e-05,-5.0260069118396834e-05,-5.0260069118396834e-05,-5.0260069118396834e-05,-5.0260069118396834e-05,-5.0260069118396834e-05,-5.0260069118396834e-05,-5.0260069118396834e-05,-5.0260069118396834e-05,-5.0260069118396834e-05,-5.0260069118396834e-05,-5.0260069118396834e-05,-5.0260069118396834e-05,-5.0260069118396834e-05,-5.0260069118396834e-05,-5.0260069118396834e-05,-5.0260069118396834e-05,-5.0260069118396834e-05,-5.0260069118396834e-05,-5.0260069118396834e-05,-5.0260069118396834e-05,-5.0260069118396834e-05,-5.0260069118396834e-05,-5.0260069118396834e-05,-5.0260069118396834e-05,-5.0260069118396834e-05,-5.0260069118396834e-05,-5.0260069118396834e-05,-5.0260069118396834e-05,-5.0260069118396834e-05,-5.0260069118396834e-05,-5.0260069118396834e-05,-5.0260069118396834e-05,-5.0260069118396834e-05,-5.0260069118396834e-05,-5.0260069118396834e-05,-5.0260069118396834e-05,-5.0260069118396834e-05,-5.0260069118396834e-05,-5.0260069118396834e-05,-5.0260069118396834e-05,-5.0260069118396834e-05,-5.0260069118396834e-05,-5.0260069118396834e-05,-5.0260069118396834e-05,-5.0260069118396834e-05,-5.0260069118396834e-05,-5.0260069118396834e-05,-5.0260069118396834e-05,-5.0260069118396834e-05,-5.0260069118396834e-05,-5.0260069118396834e-05,-5.0260069118396834e-05,-5.0260069118396834e-05,-5.0260069118396834e-05,-5.0260069118396834e-05
-0.00019997851778078468,-0.00019997851778078468,-0.00019997851778078468,-0.00019997851778078468,-0.00019997851778078468,-0.00019997851778078468,-0.00019997851778078468,-0.00019997851778078468,-0.00019997851778078468,-0.00019997851778078468,-0.00019997851778078468,-0.00019997851778078468,-0.00019997851778078468,-0.00019997851778078468,-0.00019997851778078468,-0.00019997851778078468,-0.00019997851778078468,-0.00019997851778078468,-0.00019997851778078468,-0.00019997851778078468,-0.00019997851778078468,-0.00019997851778078468,-0.00019997851778078468,-0.00019997851778078468,-0.00019997851778078468,-0.00019997851778078468,-0.00019997851778078468,-0.00019997851778078468,-0.00019997851778078468,-0.00019997851778078468,-0.00019997851778078468,-0.00019997851778078468,-0.00019997851778078468,-0.00019997851778078468,-0.00019997851778078468,-0.00019997851778078468,-0.00019997851778078468,-0.00019997851778078468,-0.00019997851778078468,-0.00019997851778078468,-0.00019997851778078468,-0.00019997851778078468,-0.00019997851778078468,-0.00019997851778078468,-0.00019997851778078468,-0.00019997851778078468,-0.00019997851778078468,-0.00019997851778078468,-0.00019997851778078468,-0.00019997851778078468,-0.00019997851778078468,-0.00019997851778078468,-0.00019997851778078468,-0.00019997851778078468,-0.00019997851778078468,-0.00019997851778078468,-0.00019997851778078468,-0.00019997851778078468,-0.00019997851778078468,-0.00019997851778078468,-0.00019997851778078468,-0.00019997851778078468,-0.00019997851778078468,-0.00019997851778078468,-0.00019997851778078468,-0.00019997851778078468,-0.00019997851778078468,-0.00019997851778078468,-0.00019997851778078468,-0.00019997851778078468,-0.00019997851778078468,-0.00019997851778078468,-0.00019997851778078468,-0.00019997851778078468,-0.00019997851778078468,-0.00019997851778078468,-0.00019997851778078468,-0.00019997851778078468,-0.00019997851778078468,-0.00019997851778078468,-0.00019997851778078468,-0.00019997851778078468,-0.00019997851778078468,-0.00019997851778078468,-0.00019997851778078468,-0.00019997851778078468,-0.00019997851778078468,-0.00019997851778078468,-0.00019997851778078468,-0.00019997851778078468,-0.00019997851778078468,-0.00019997851778078468,-0.00019997851778078468,-0.00019997851778078468,-0.00019997851778078468,-0.00019997851778078468,-0.00019997851778078468,-0.00019997851778078468,-0.00019997851778078468,-0.00019997851778078468,-0.00019997851778078468,-0.00019997851778078468,-0.00019997851778078468,-0.00019997851778078468,-0.00019997851778078468,-0.00019997851778078468,-0.00019997851778078468,-0.00019997851778078468,-0.00019997851778078468,-0.00019997851778078468,-0.00019997851778078468,-0.00019997851778078468,-0.00019997851778078468,-0.00019997851778078468,-0.00019997851778078468,-0.00019997851778078468,-0.00019997851778078468,-0.00019997851778078468,-0.00019997851778078468,-0.00019997851778078468,-0.00019997851778078468,-0.00019997851778078468,-0.00019997851778078468,-0.00019997851778078468,-0.00019997851778078468,-0.00019997851778078468,-0.00019997851778078468,-0.00019997851778078468
-0.00043478975891041627,-0.00043478975891041627,-0.00043478975891041627,-0.00043478975891041627,-0.00043478975891041627,-0.00043478975891041627,-0.00043478975891041627,-0.00043478975891041627,-0.00043478975891041627,-0.00043478975891041627,-0.00043478975891041627,-0.00043478975891041627,-0.00043478975891041627,-0.00043478975891041627,-0.00043478975891041627,-0.00043478975891041627,-0.00043478975891041627,-0.00043478975891041627,-0.00043478975891041627,-0.00043478975891041627,-0.00043478975891041627,-0.00043478975891041627,-0.00043478975891041627,-0.00043478975891041627,-0.00043478975891041627,-0.00043478975891041627,-0.00043478975891041627,-0.00043478975891041627,-0.00043478975891041627,-0.00043478975891041627,-0.00043478975891041627,-0.00043478975891041627,-0.00043478975891041627,-0.00043478975891041627,-0.00043478975891041627,-0.00043478975891041627,-0.00043478975891041627,-0.00043478975891041627,-0.00043478975891041627,-0.00043478975891041627,-0.00043478975891041627,-0.00043478975891041627,-0.00043478975891041627,-0.00043478975891041627,-0.00043478975891041627,-0.00043478975891041627,-0.00043478975891041627,-0.00043478975891041627,-0.00043478975891041627,-0.00043478975891041627,-0.00043478975891041627,-0.00043478975891041627,-0.00043478975891041627,-0.00043478975891041627,-0.00043478975891041627,-0.00043478975891041627,-0.00043478975891041627,-0.00043478975891041627,-0.00043478975891041627,-0.00043478975891041627,-0.00043478975891041627,-0.00043478975891041627,-0.00043478975891041627,-0.00043478975891041627,-0.00043478975891041627,-0.00043478975891041627,-0.00043478975891041627,-0.00043478975891041627,-0.00043478975891041627,-0.00043478975891041627,-0.00043478975891041627,-0.00043478975891041627,-0.00043478975891041627,-0.00043478975891041627,-0.00043478975891041627,-0.00043478975891041627,-0.00043478975891041627,-0.00043478975891041627,-0.00043478975891041627,-0.00043478975891041627,-0.00043478975891041627,-0.00043478975891041627,-0.00043478975891041627,-0.00043478975891041627,-0.00043478975891041627,-0.00043478975891041627,-0.00043478975891041627,-0.00043478975891041627,-0.00043478975891041627,-0.00043478975891041627,-0.00043478975891041627,-0.00043478975891041627,-0.00043478975891041627,-0.00043478975891041627,-0.00043478975891041627,-0.00043478975891041627,-0.00043478975891041627,-0.00043478975891041627,-0.00043478975891041627,-0.00043478975891041627,-0.00043478975891041627,-0.00043478975891041627,-0.00043478975891041627,-0.00043478975891041627,-0.00043478975891041627,-0.00043478975891041627,-0.00043478975891041627,-0.00043478975891041627,-0.00043478975891041627,-0.00043478975891041627,-0.00043478975891041627,-0.00043478975891041627,-0.00043478975891041627,-0.00043478975891041627,-0.00043478975891041627,-0.00043478975891041627,-0.00043478975891041627,-0.00043478975891041627,-0.00043478975891041627,-0.00043478975891041627,-0.00043478975891041627,-0.00043478975891041627,-0.00043478975891041627,-0.00043478975891041627,-0.00043478975891041627,-0.00043478975891041627,-0.00043478975891041627,-0.00043478975891041627
-0.0007427876671164183,-0.0007427876671164183,-0.0007427876671164183,-0.0007427876671164183,-0.0007427876671164183,-0.0007427876671164183,-0.0007427876671164183,-0.0007427876671164183,-0.0007427876671164183,-0.0007427876671164183,-0.0007427876671164183,-0.0007427876671164183,-0.0007427876671164183,-0.0007427876671164183,-0.0007427876671164183,-0.0007427876671164183,-0.0007427876671164183,-0.0007427876671164183,-0.0007427876671164183,-0.0007427876671164183,-0.0007427876671164183,-0.0007427876671164183,-0.0007427876671164183,-0.0007427876671164183,-0.0007427876671164183,-0.0007427876671164183,-0.0007427876671164183,-0.0007427876671164183,-0.0007427876671164183,-0.0007427876671164183,-0.0007427876671164183,-0.0007427876671164183,-0.0007427876671164183,-0.0007427876671164183,-0.0007427876671164183,-0.0007427876671164183,-0.0007427876671164183,-0.0007427876671164183,-0.0007427876671164183,-0.0007427876671164183,-0.0007427876671164183,-0.0007427876671164183,-0.0007427876671164183,-0.0007427876671164183,-0.0007427876671164183,-0.0007427876671164183,-0.0007427876671164183,-0.0007427876671164183,-0.0007427876671164183,-0.0007427876671164183,-0.0007427876671164183,-0.0007427876671164183,-0.0007427876671164183,-0.0007427876671164183,-0.0007427876671164183,-0.0007427876671164183,-0.0007427876671164183,-0.0007427876671164183,-0.0007427876671164183,-0.0007427876671164183,-0.0007427876671164183,-0.0007427876671164183,-0.0007427876671164183,-0.0007427876671164183,-0.0007427876671164183,-0.0007427876671164183,-0.0007427876671164183,-0.0007427876671164183,-0.0007427876671164183,-0.0007427876671164183,-0.0007427876671164183,-0.0007427876671164183,-0.0007427876671164183,-0.0007427876671164183,-0.0007427876671164183,-0.0007427876671164183,-0.0007427876671164183,-0.0007427876671164183,-0.0007427876671164183,-0.0007427876671164183,-0.0007427876671164183,-0.0007427876671164183,-0.0007427876671164183,-0.0007427876671164183,-0.0007427876671164183,-0.0007427876671164183,-0.0007427876671164183,-0.0007427876671164183,-0.0007427876671164183,-0.0007427876671164183,-0.0007427876671164183,-0.0007427876671164183,-0.0007427876671164183,-0.0007427876671164183,-0.0007427876671164183,-0.0007427876671164183,-0.0007427876671164183,-0.0007427876671164183,-0.0007427876671164183,-0.0007427876671164183,-0.0007427876671164183,-0.0007427876671164183,-0.0007427876671164183,-0.0007427876671164183,-0.0007427876671164183,-0.0007427876671164183,-0.0007427876671164183,-0.0007427876671164183,-0.0007427876671164183,-0.0007427876671164183,-0.0007427876671164183,-0.0007427876671164183,-0.0007427876671164183,-0.0007427876671164183,-0.0007427876671164183,-0.0007427876671164183,-0.0007427876671164183,-0.0007427876671164183,-0.0007427876671164183,-0.0007427876671164183,-0.0007427876671164183,-0.0007427876671164183,-0.0007427876671164183,-0.0007427876671164183,-0.0007427876671164183,-0.0007427876671164183,-0.0007427876671164183,-0.0007427876671164183
-0.0011141783899172848,-0.0011141783899172848,-0.0011141783899172848,-0.0011141783899172848,-0.0011141783899172848,-0.0011141783899172848,-0.0011141783899172848,-0.0011141783899172848,-0.0011141783899172848,-0.0011141783899172848,-0.0011141783899172848,-0.0011141783899172848,-0.0011141783899172848,-0.0011141783899172848,-0.0011141783899172848,-0.0011141783899172848,-0.0011141783899172848,-0.0011141783899172848,-0.0011141783899172848,-0.0011141783899172848,-0.0011141783899172848,-0.0011141783899172848,-0.0011141783899172848,-0.0011141783899172848,-0.0011141783899172848,-0.0011141783899172848,-0.0011141783899172848,-0.0011141783899172848,-0.0011141783899172848,-0.0011141783899172848,-0.0011141783899172848,-0.0011141783899172848,-0.0011141783899172848,-0.0011141783899172848,-0.0011141783899172848,-0.0011141783899172848,-0.0011141783899172848,-0.0011141783899172848,-0.0011141783899172848,-0.0011141783899172848,-0.0011141783899172848,-0.0011141783899172848,-0.0011141783899172848,-0.0011141783899172848,-0.0011141783899172848,-0.0011141783899172848,-0.0011141783899172848,-0.0011141783899172848,-0.0011141783899172848,-0.0011141783899172848,-0.0011141783899172848,-0.0011141783899172848,-0.0011141783899172848,-0.0011141783899172848,-0.0011141783899172848,-0.0011141783899172848,-0.0011141783899172848,-0.0011141783899172848,-0.0011141783899172848,-0.0011141783899172848,-0.0011141783899172848,-0.0011141783899172848,-0.0011141783899172848,-0.0011141783899172848,-0.0011141783899172848,-0.0011141783899172848,-0.0011141783899172848,-0.0011141783899172848,-0.0011141783899172848,-0.0011141783899172848,-0.0011141783899172848,-0.0011141783899172848,-0.0011141783899172848,-0.0011141783899172848,-0.0011141783899172848,-0.0011141783899172848,-0.0011141783899172848,-0.0011141783899172848,-0.0011141783899172848,-0.0011141783899172848,-0.0011141783899172848,-0.0011141783899172848,-0.0011141783899172848,-0.0011141783899172848,-0.0011141783899172848,-0.0011141783899172848,-0.0011141783899172848,-0.0011141783899172848,-0.0011141783899172848,-0.0011141783899172848,-0.0011141783899172848,-0.0011141783899172848,-0.0011141783899172848,-0.0011141783899172848,-0.0011141783899172848,-0.0011141783899172848,-0.0011141783899172848,-0.0011141783899172848,-0.0011141783899172848,-0.0011141783899172848,-0.0011141783899172848,-0.0011141783899172848,-0.0011141783899172848,-0.0011141783899172848,-0.0011141783899172848,-0.0011141783899172848,-0.0011141783899172848,-0.0011141783899172848,-0.0011141783899172848,-0.0011141783899172848,-0.0011141783899172848,-0.0011141783899172848,-0.0011141783899172848,-0.0011141783899172848,-0.0011141783899172848,-0.0011141783899172848,-0.0011141783899172848,-0.0011141783899172848,-0.0011141783899172848,-0.0011141783899172848,-0.0011141783899172848,-0.0011141783899172848,-0.0011141783899172848,-0.0011141783899172848,-0.0011141783899172848,-0.0011141783899172848,-0.0011141783899172848,-0.0011141783899172848
-0.001540886143825657,-0.001540886143825657,-0.001540886143825657,-0.001540886143825657,-0.001540886143825657,-0.001540886143825657,-0.001540886143825657,-0.001540886143825657,-0.001540886143825657,-0.001540886143825657,-0.001540886143825657,-0.001540886143825657,-0.001540886143825657,-0.001540886143825657,-0.001540886143825657,-0.001540886143825657,-0.001540886143825657,-0.001540886143825657,-0.001540886143825657,-0.001540886143825657,-0.001540886143825657,-0.001540886143825657,-0.001540886143825657,-0.001540886143825657,-0.001540886143825657,-0.001540886143825657,-0.001540886143825657,-0.001540886143825657,-0.001540886143825657,-0.001540886143825657,-0.001540886143825657,-0.001540886143825657,-0.001540886143825657,-0.001540886143825657,-0.001540886143825657,-0.001540886143825657,-0.001540886143825657,-0.001540886143825657,-0.001540886143825657,-0.001540886143825657,-0.001540886143825657,-0.001540886143825657,-0.001540886143825657,-0.001540886143825657,-0.001540886143825657,-0.001540886143825657,-0.001540886143825657,-0.001540886143825657,-0.001540886143825657,-0.001540886143825657,-0.001540886143825657,-0.001540886143825657,-0.001540886143825657,-0.001540886143825657,-0.001540886143825657,-0.001540886143825657,-0.001540886143825657,-0.001540886143825657,-0.001540886143825657,-0.001540886143825657,-0.001540886143825657,-0.001540886143825657,-0.001540886143825657,-0.001540886143825657,-0.001540886143825657,-0.001540886143825657,-0.001540886143825657,-0.001540886143825657,-0.001540886143825657,-0.001540886143825657,-0.001540886143825657,-0.001540886143825657,-0.001540886143825657,-0.001540886143825657,-0.001540886143825657,-0.001540886143825657,-0.001540886143825657,-0.001540886143825657,-0.001540886143825657,-0.001540886143825657,-0.001540886143825657,-0.001540886143825657,-0.001540886143825657,-0.001540886143825657,-0.001540886143825657,-0.001540886143825657,-0.001540886143825657,-0.001540886143825657,-0.001540886143825657,-0.001540886143825657,-0.001540886143825657,-0.001540886143825657,-0.001540886143825657,-0.001540886143825657,-0.001540886143825657,-0.001540886143825657,-0.001540886143825657,-0.001540886143825657,-0.001540886143825657,-0.001540886143825657,-0.001540886143825657,-0.001540886143825657,-0.001540886143825657,-0.001540886143825657,-0.001540886143825657,-0.001540886143825657,-0.001540886143825657,-0.001540886143825657,-0.001540886143825657,-0.001540886143825657,-0.001540886143825657,-0.001540886143825657,-0.001540886143825657,-0.001540886143825657,-0.001540886143825657,-0.001540886143825657,-0.001540886143825657,-0.001540886143825657,-0.001540886143825657,-0.001540886143825657,-0.001540886143825657,-0.001540886143825657,-0.001540886143825657,-0.001540886143825657,-0.001540886143825657,-0.001540886143825657,-0.001540886143825657,-0.001540886143825657
-0.0020162370054998165,-0.0020162370054998165,-0.0020162370054998165,-0.0020162370054998165,-0.0020162370054998165,-0.0020162370054998165,-0.0020162370054998165,-0.0020162370054998165,-0.0020162370054998165,-0.0020162370054998165,-0.0020162370054998165,-0.0020162370054998165,-0.0020162370054998165,-0.0020162370054998165,-0.0020162370054998165,-0.0020162370054998165,-0.0020162370054998165,-0.0020162370054998165,-0.0020162370054998165,-0.0020162370054998165,-0.0020162370054998165,-0.0020162370054998165,-0.0020162370054998165,-0.0020162370054998165,-0.0020162370054998165,-0.0020162370054998165,-0.0020162370054998165,-0.0020162370054998165,-0.0020162370054998165,-0.0020162370054998165,-0.0020162370054998165,-0.0020162370054998165,-0.0020162370054998165,-0.0020162370054998165,-0.0020162370054998165,-0.0020162370054998165,-0.0020162370054998165,-0.0020162370054998165,-0.0020162370054998165,-0.0020162370054998165,-0.0020162370054998165,-0.0020162370054998165,-0.0020162370054998165,-0.0020162370054998165,-0.0020162370054998165,-0.0020162370054998165,-0.0020162370054998165,-0.0020162370054998165,-0.0020162370054998165,-0.0020162370054998165,-0.0020162370054998165,-0.0020162370054998165,-0.0020162370054998165,-0.0020162370054998165,-0.0020162370054998165,-0.0020162370054998165,-0.0020162370054998165,-0.0020162370054998165,-0.0020162370054998165,-0.0020162370054998165,-0.0020162370054998165,-0.0020162370054998165,-0.0020162370054998165,-0.0020162370054998165,-0.0020162370054998165,-0.0020162370054998165,-0.0020162370054998165,-0.0020162370054998165,-0.0020162370054998165,-0.0020162370054998165,-0.0020162370054998165,-0.0020162370054998165,-0.0020162370054998165,-0.0020162370054998165,-0.0020162370054998165,-0.0020162370054998165,-0.0020162370054998165,-0.0020162370054998165,-0.0020162370054998165,-0.0020162370054998165,-0.0020162370054998165,-0.0020162370054998165,-0.0020162370054998165,-0.0020162370054998165,-0.0020162370054998165,-0.0020162370054998165,-0.0020162370054998165,-0.0020162370054998165,-0.0020162370054998165,-0.0020162370054998165,-0.0020162370054998165,-0.0020162370054998165,-0.0020162370054998165,-0.0020162370054998165,-0.0020162370054998165,-0.0020162370054998165,-0.0020162370054998165,-0.0020162370054998165,-0.0020162370054998165,-0.0020162370054998165,-0.0020162370054998165,-0.0020162370054998165,-0.0020162370054998165,-0.0020162370054998165,-0.0020162370054998165,-0.0020162370054998165,-0.0020162370054998165,-0.0020162370054998165,-0.0020162370054998165,-0.0020162370054998165,-0.0020162370054998165,-0.0020162370054998165,-0.0020162370054998165,-0.0020162370054998165,-0.0020162370054998165,-0.0020162370054998165,-0.0020162370054998165,-0.0020162370054998165,-0.0020162370054998165,-0.0020162370054998165,-0.0020162370054998165,-0.0020162370054998165,-0.0020162370054998165,-0.0020162370054998165,-0.0020162370054998165,-0.0020162370054998165,-0.0020162370054998165,-0.0020162370054998165
-0.002534705151381962,-0.002534705151381962,-0.002534705151381962,-0.002534705151381962,-0.002534705151381962,-0.002534705151381962,-0.002534705151381962,-0.002534705151381962,-0.002534705151381962,-0.002534705151381962,-0.002534705151381962,-0.002534705151381962,-0.002534705151381962,-0.002534705151381962,-0.002534705151381962,-0.002534705151381962,-0.002534705151381962,-0.002534705151381962,-0.002534705151381962,-0.002534705151381962,-0.002534705151381962,-0.002534705151381962,-0.002534705151381962,-0.002534705151381962,-0.002534705151381962,-0.002534705151381962,-0.002534705151381962,-0.002534705151381962,-0.002534705151381962,-0.002534705151381962,-0.002534705151381962,-0.002534705151381962,-0.002534705151381962,-0.002534705151381962,-0.002534705151381962,-0.002534705151381962,-0.002534705151381962,-0.002534705151381962,-0.002534705151381962,-0.002534705151381962,-0.002534705151381962,-0.002534705151381962,-0.002534705151381962,-0.002534705151381962,-0.002534705151381962,-0.002534705151381962,-0.002534705151381962,-0.002534705151381962,-0.002534705151381962,-0.002534705151381962,-0.002534705151381962,-0.002534705151381962,-0.002534705151381962,-0.002534705151381962,-0.002534705151381962,-0.002534705151381962,-0.002534705151381962,-0.002534705151381962,-0.002534705151381962,-0.002534705151381962,-0.002534705151381962,-0.002534705151381962,-0.002534705151381962,-0.002534705151381962,-0.002534705151381962,-0.002534705151381962,-0.002534705151381962,-0.002534705151381962,-0.002534705151381962,-0.002534705151381962,-0.002534705151381962,-0.002534705151381962,-0.002534705151381962,-0.002534705151381962,-0.002534705151381962,-0.002534705151381962,-0.002534705151381962,-0.002534705151381962,-0.002534705151381962,-0.002534705151381962,-0.002534705151381962,-0.002534705151381962,-0.002534705151381962,-0.002534705151381962,-0.002534705151381962,-0.002534705151381962,-0.002534705151381962,-0.002534705151381962,-0.002534705151381962,-0.002534705151381962,-0.002534705151381962,-0.002534705151381962,-0.002534705151381962,-0.002534705151381962,-0.002534705151381962,-0.002534705151381962,-0.002534705151381962,-0.002534705151381962,-0.002534705151381962,-0.002534705151381962,-0.002534705151381962,-0.002534705151381962,-0.002534705151381962,-0.002534705151381962,-0.002534705151381962,-0.002534705151381962,-0.002534705151381962,-0.002534705151381962,-0.002534705151381962,-0.002534705151381962,-0.002534705151381962,-0.002534705151381962,-0.002534705151381962,-0.002534705151381962,-0.002534705151381962,-0.002534705151381962,-0.002534705151381962,-0.002534705151381962,-0.002534705151381962,-0.002534705151381962,-0.002534705151381962,-0.002534705151381962,-0.002534705151381962,-0.002534705151381962,-0.002534705151381962,-0.002534705151381962,-0.002534705151381962,-0.002534705151381962
-0.003091708638481555,-0.003091708638481555,-0.003091708638481555,-0.003091708638481555,-0.003091708638481555,-0.003091708638481555,-0.003091708638481555,-0.003091708638481555,-0.003091708638481555,-0.003091708638481555,-0.003091708638481555,-0.003091708638481555,-0.003091708638481555,-0.003091708638481555,-0.003091708638481555,-0.003091708638481555,-0.003091708638481555,-0.003091708638481555,-0.003091708638481555,-0.003091708638481555,-0.003091708638481555,-0.003091708638481555,-0.003091708638481555,-0.003091708638481555,-0.003091708638481555,-0.003091708638481555,-0.003091708638481555,-0.003091708638481555,-0.003091708638481555,-0.003091708638481555,-0.003091708638481555,-0.003091708638481555,-0.003091708638481555,-0.003091708638481555,-0.003091708638481555,-0.003091708638481555,-0.003091708638481555,-0.003091708638481555,-0.003091708638481555,-0.003091708638481555,-0.003091708638481555,-0.003091708638481555,-0.003091708638481555,-0.003091708638481555,-0.003091708638481555,-0.003091708638481555,-0.003091708638481555,-0.003091708638481555,-0.003091708638481555,-0.003091708638481555,-0.003091708638481555,-0.003091708638481555,-0.003091708638481555,-0.003091708638481555,-0.003091708638481555,-0.003091708638481555,-0.003091708638481555,-0.003091708638481555,-0.003091708638481555,-0.003091708638481555,-0.003091708638481555,-0.003091708638481555,-0.003091708638481555,-0.003091708638481555,-0.003091708638481555,-0.003091708638481555,-0.003091708638481555,-0.003091708638481555,-0.003091708638481555,-0.003091708638481555,-0.003091708638481555,-0.003091708638481555,-0.003091708638481555,-0.003091708638481555,-0.003091708638481555,-0.003091708638481555,-0.003091708638481555,-0.003091708638481555,-0.003091708638481555,-0.003091708638481555,-0.003091708638481555,-0.003091708638481555,-0.003091708638481555,-0.003091708638481555,-0.003091708638481555,-0.003091708638481555,-0.003091708638481555,-0.003091708638481555,-0.003091708638481555,-0.003091708638481555,-0.003091708638481555,-0.003091708638481555,-0.003091708638481555,-0.003091708638481555,-0.003091708638481555,-0.003091708638481555,-0.003091708638481555,-0.003091708638481555,-0.003091708638481555,-0.003091708638481555,-0.003091708638481555,-0.003091708638481555,-0.003091708638481555,-0.003091708638481555,-0.003091708638481555,-0.003091708638481555,-0.003091708638481555,-0.003091708638481555,-0.003091708638481555,-0.003091708638481555,-0.003091708638481555,-0.003091708638481555,-0.003091708638481555,-0.003091708638481555,-0.003091708638481555,-0.003091708638481555,-0.003091708638481555,-0.003091708638481555,-0.003091708638481555,-0.003091708638481555,-0.003091708638481555,-0.003091708638481555,-0.003091708638481555,-0.003091708638481555,-0.003091708638481555,-0.003091708638481555,-0.003091708638481555,-0.003091708638481555
-0.00368344464530627,-0.00368344464530627,-0.00368344464530627,-0.00368344464530627,-0.00368344464530627,-0.00368344464530627,-0.00368344464530627,-0.00368344464530627,-0.00368344464530627,-0.00368344464530627,-0.00368344464530627,-0.00368344464530627,-0.00368344464530627,-0.00368344464530627,-0.00368344464530627,-0.00368344464530627,-0.00368344464530627,-0.00368344464530627,-0.00368344464530627,-0.00368344464530627,-0.00368344464530627,-0.00368344464530627,-0.00368344464530627,-0.00368344464530627,-0.00368344464530627,-0.00368344464530627,-0.00368344464530627,-0.00368344464530627,-0.00368344464530627,-0.00368344464530627,-0.00368344464530627,-0.00368344464530627,-0.00368344464530627,-0.00368344464530627,-0.00368344464530627,-0.00368344464530627,-0.00368344464530627,-0.00368344464530627,-0.00368344464530627,-0.00368344464530627,-0.00368344464530627,-0.00368344464530627,-0.00368344464530627,-0.00368344464530627,-0.00368344464530627,-0.00368344464530627,-0.00368344464530627,-0.00368344464530627,-0.00368344464530627,-0.00368344464530627,-0.00368344464530627,-0.00368344464530627,-0.00368344464530627,-0.00368344464530627,-0.00368344464530627,-0.00368344464530627,-0.00368344464530627,-0.00368344464530627,-0.00368344464530627,-0.00368344464530627,-0.00368344464530627,-0.00368344464530627,-0.00368344464530627,-0.00368344464530627,-0.00368344464530627,-0.00368344464530627,-0.00368344464530627,-0.00368344464530627,-0.00368344464530627,-0.00368344464530627,-0.00368344464530627,-0.00368344464530627,-0.00368344464530627,-0.00368344464530627,-0.00368344464530627,-0.00368344464530627,-0.00368344464530627,-0.00368344464530627,-0.00368344464530627,-0.00368344464530627,-0.00368344464530627,-0.00368344464530627,-0.00368344464530627,-0.00368344464530627,-0.00368344464530627,-0.00368344464530627,-0.00368344464530627,-0.00368344464530627,-0.00368344464530627,-0.00368344464530627,-0.00368344464530627,-0.00368344464530627,-0.00368344464530627,-0.00368344464530627,-0.00368344464530627,-0.00368344464530627,-0.00368344464530627,-0.00368344464530627,-0.00368344464530627,-0.00368344464530627,-0.00368344464530627,-0.00368344464530627,-0.00368344464530627,-0.00368344464530627,-0.00368344464530627,-0.00368344464530627,-0.00368344464530627,-0.00368344464530627,-0.00368344464530627,-0.00368344464530627,-0.00368344464530627,-0.00368344464530627,-0.00368344464530627,-0.00368344464530627,-0.00368344464530627,-0.00368344464530627,-0.00368344464530627,-0.00368344464530627,-0.00368344464530627,-0.00368344464530627,-0.00368344464530627,-0.00368344464530627,-0.00368344464530627,-0.00368344464530627,-0.00368344464530627,-0.00368344464530627,-0.00368344464530627,-0.00368344464530627
-0.004306756199505115,-0.004306756199505115,-0.004306756199505115,-0.004306756199505115,-0.004306756199505115,-0.004306756199505115,-0.004306756199505115,-0.004306756199505115,-0.004306756199505115,-0.004306756199505115,-0.004306756199505115,-0.004306756199505115,-0.004306756199505115,-0.004306756199505115,-0.004306756199505115,-0.004306756199505115,-0.004306756199505115,-0.004306756199505115,-0.004306756199505115,-0.004306756199505115,-0.004306756199505115,-0.004306756199505115,-0.004306756199505115,-0.004306756199505115,-0.004306756199505115,-0.004306756199505115,-0.004306756199505115,-0.004306756199505115,-0.004306756199505115,-0.004306756199505115,-0.004306756199505115,-0.004306756199505115,-0.004306756199505115,-0.004306756199505115,-0.004306756199505115,-0.004306756199505115,-0.004306756199505115,-0.004306756199505115,-0.004306756199505115,-0.004306756199505115,-0.004306756199505115,-0.004306756199505115,-0.004306756199505115,-0.004306756199505115,-0.004306756199505115,-0.004306756199505115,-0.004306756199505115,-0.004306756199505115,-0.004306756199505115,-0.004306756199505115,-0.004306756199505115,-0.004306756199505115,-0.004306756199505115,-0.004306756199505115,-0.004306756199505115,-0.004306756199505115,-0.004306756199505115,-0.004306756199505115,-0.004306756199505115,-0.004306756199505115,-0.004306756199505115,-0.004306756199505115,-0.004306756199505115,-0.004306756199505115,-0.004306756199505115,-0.004306756199505115,-0.004306756199505115,-0.004306756199505115,-0.004306756199505115,-0.004306756199505115,-0.004306756199505115,-0.004306756199505115,-0.004306756199505115,-0.004306756199505115,-0.004306756199505115,-0.004306756199505115,-0.004306756199505115,-0.004306756199505115,-0.004306756199505115,-0.004306756199505115,-0.004306756199505115,-0.004306756199505115,-0.004306756199505115,-0.004306756199505115,-0.004306756199505115,-0.004306756199505115,-0.004306756199505115,-0.004306756199505115,-0.004306756199505115,-0.004306756199505115,-0.004306756199505115,-0.004306756199505115,-0.004306756199505115,-0.004306756199505115,-0.004306756199505115,-0.004306756199505115,-0.004306756199505115,-0.004306756199505115,-0.004306756199505115,-0.004306756199505115,-0.004306756199505115,-0.004306756199505115,-0.004306756199505115,-0.004306756199505115,-0.004306756199505115,-0.004306756199505115,-0.004306756199505115,-0.004306756199505115,-0.004306756199505115,-0.004306756199505115,-0.004306756199505115,-0.004306756199505115,-0.004306756199505115,-0.004306756199505115,-0.004306756199505115,-0.004306756199505115,-0.004306756199505115,-0.004306756199505115,-0.004306756199505115,-0.004306756199505115,-0.004306756199505115,-0.004306756199505115,-0.004306756199505115,-0.004306756199505115,-0.004306756199505115,-0.004306756199505115,-0.004306756199505115,-0.004306756199505115
-0.004959024057141334,-0.004959024057141334,-0.004959024057141334,-0.004959024057141334,-0.004959024057141334,-0.004959024057141334,-0.004959024057141334,-0.004959024057141334,-0.004959024057141334,-0.004959024057141334,-0.004959024057141334,-0.004959024057141334,-0.004959024057141334,-0.004959024057141334,-0.004959024057141334,-0.004959024057141334,-0.004959024057141334,-0.004959024057141334,-0.004959024057141334,-0.004959024057141334,-0.004959024057141334,-0.004959024057141334,-0.004959024057141334,-0.004959024057141334,-0.004959024057141334,-0.004959024057141334,-0.004959024057141334,-0.004959024057141334,-0.004959024057141334,-0.004959024057141334,-0.004959024057141334,-0.004959024057141334,-0.004959024057141334,-0.004959024057141334,-0.004959024057141334,-0.004959024057141334,-0.004959024057141334,-0.004959024057141334,-0.004959024057141334,-0.004959024057141334,-0.004959024057141334,-0.004959024057141334,-0.004959024057141334,-0.004959024057141334,-0.004959024057141334,-0.004959024057141334,-0.004959024057141334,-0.004959024057141334,-0.004959024057141334,-0.004959024057141334,-0.004959024057141334,-0.004959024057141334,-0.004959024057141334,-0.004959024057141334,-0.004959024057141334,-0.004959024057141334,-0.004959024057141334,-0.004959024057141334,-0.004959024057141334,-0.004959024057141334,-0.004959024057141334,-0.004959024057141334,-0.004959024057141334,-0.004959024057141334,-0.004959024057141334,-0.004959024057141334,-0.004959024057141334,-0.004959024057141334,-0.004959024057141334,-0.004959024057141334,-0.004959024057141334,-0.004959024057141334,-0.004959024057141334,-0.004959024057141334,-0.004959024057141334,-0.004959024057141334,-0.004959024057141334,-0.004959024057141334,-0.004959024057141334,-0.004959024057141334,-0.004959024057141334,-0.004959024057141334,-0.004959024057141334,-0.004959024057141334,-0.004959024057141334,-0.004959024057141334,-0.004959024057141334,-0.004959024057141334,-0.004959024057141334,-0.004959024057141334,-0.004959024057141334,-0.004959024057141334,-0.004959024057141334,-0.004959024057141334,-0.004959024057141334,-0.004959024057141334,-0.004959024057141334,-0.004959024057141334,-0.004959024057141334,-0.004959024057141334,-0.004959024057141334,-0.004959024057141334,-0.004959024057141334,-0.004959024057141334,-0.004959024057141334,-0.004959024057141334,-0.004959024057141334,-0.004959024057141334,-0.004959024057141334,-0.004959024057141334,-0.004959024057141334,-0.004959024057141334,-0.004959024057141334,-0.004959024057141334,-0.004959024057141334,-0.004959024057141334,-0.004959024057141334,-0.004959024057141334,-0.004959024057141334,-0.004959024057141334,-0.004959024057141334,-0.004959024057141334,-0.004959024057141334,-0.004959024057141334,-0.004959024057141334,-0.004959024057141334,-0.004959024057141334,-0.004959024057141334
-0.005638078697033174,-0.005638078697033174,-0.005638078697033174,-0.005638078697033174,-0.005638078697033174,-0.005638078697033174,-0.005638078697033174,-0.005638078697033174,-0.005638078697033174,-0.005638078697033174,-0.005638078697033174,-0.005638078697033174,-0.005638078697033174,-0.005638078697033174,-0.005638078697033174,-0.005638078697033174,-0.005638078697033174,-0.005638078697033174,-0.005638078697033174,-0.005638078697033174,-0.005638078697033174,-0.005638078697033174,-0.005638078697033174,-0.005638078697033174,-0.005638078697033174,-0.005638078697033174,-0.005638078697033174,-0.005638078697033174,-0.005638078697033174,-0.005638078697033174,-0.005638078697033174,-0.005638078697033174,-0.005638078697033174,-0.005638078697033174,-0.005638078697033174,-0.005638078697033174,-0.005638078697033174,-0.005638078697033174,-0.005638078697033174,-0.005638078697033174,-0.005638078697033174,-0.005638078697033174,-0.005638078697033174,-0.005638078697033174,-0.005638078697033174,-0.005638078697033174,-0.005638078697033174,-0.005638078697033174,-0.005638078697033174,-0.005638078697033174,-0.005638078697033174,-0.005638078697033174,-0.005638078697033174,-0.005638078697033174,-0.005638078697033174,-0.005638078697033174,-0.005638078697033174,-0.005638078697033174,-0.005638078697033174,-0.005638078697033174,-0.005638078697033174,-0.005638078697033174,-0.005638078697033174,-0.005638078697033174,-0.005638078697033174,-0.005638078697033174,-0.005638078697033174,-0.005638078697033174,-0.005638078697033174,-0.005638078697033174,-0.005638078697033174,-0.005638078697033174,-0.005638078697033174,-0.005638078697033174,-0.005638078697033174,-0.005638078697033174,-0.005638078697033174,-0.005638078697033174,-0.005638078697033174,-0.005638078697033174,-0.005638078697033174,-0.005638078697033174,-0.005638078697033174,-0.005638078697033174,-0.005638078697033174,-0.005638078697033174,-0.005638078697033174,-0.005638078697033174,-0.005638078697033174,-0.005638078697033174,-0.005638078697033174,-0.005638078697033174,-0.005638078697033174,-0.005638078697033174,-0.005638078697033174,-0.005638078697033174,-0.005638078697033174,-0.005638078697033174,-0.005638078697033174,-0.005638078697033174,-0.005638078697033174,-0.005638078697033174,-0.005638078697033174,-0.005638078697033174,-0.005638078697033174,-0.005638078697033174,-0.005638078697033174,-0.005638078697033174,-0.005638078697033174,-0.005638078697033174,-0.005638078697033174,-0.005638078697033174,-0.005638078697033174,-0.005638078697033174,-0.005638078697033174,-0.005638078697033174,-0.005638078697033174,-0.005638078697033174,-0.005638078697033174,-0.005638078697033174,-0.005638078697033174,-0.005638078697033174,-0.005638078697033174,-0.005638078697033174,-0.005638078697033174,-0.005638078697033174,-0.005638078697033174,-0.005638078697033174
-0.006342128426205954,-0.006342128426205954,-0.006342128426205954,-0.006342128426205954,-0.006342128426205954,-0.006342128426205954,-0.006342128426205954,-0.006342128426205954,-0.006342128426205954,-0.006342128426205954,-0.006342128426205954,-0.006342128426205954,-0.006342128426205954,-0.006342128426205954,-0.006342128426205954,-0.006342128426205954,-0.006342128426205954,-0.006342128426205954,-0.006342128426205954,-0.006342128426205954,-0.006342128426205954,-0.006342128426205954,-0.006342128426205954,-0.006342128426205954,-0.006342128426205954,-0.006342128426205954,-0.006342128426205954,-0.006342128426205954,-0.006342128426205954,-0.006342128426205954,-0.006342128426205954,-0.006342128426205954,-0.006342128426205954,-0.006342128426205954,-0.006342128426205954,-0.006342128426205954,-0.006342128426205954,-0.006342128426205954,-0.006342128426205954,-0.006342128426205954,-0.006342128426205954,-0.006342128426205954,-0.006342128426205954,-0.006342128426205954,-0.006342128426205954,-0.006342128426205954,-0.006342128426205954,-0.006342128426205954,-0.006342128426205954,-0.006342128426205954,-0.006342128426205954,-0.006342128426205954,-0.006342128426205954,-0.006342128426205954,-0.006342128426205954,-0.006342128426205954,-0.006342128426205954,-0.006342128426205954,-0.006342128426205954,-0.006342128426205954,-0.006342128426205954,-0.006342128426205954,-0.006342128426205954,-0.006342128426205954,-0.006342128426205954,-0.006342128426205954,-0.006342128426205954,-0.006342128426205954,-0.006342128426205954,-0.006342128426205954,-0.006342128426205954,-0.006342128426205954,-0.006342128426205954,-0.006342128426205954,-0.006342128426205954,-0.006342128426205954,-0.006342128426205954,-0.006342128426205954,-0.006342128426205954,-0.006342128426205954,-0.006342128426205954,-0.006342128426205954,-0.006342128426205954,-0.006342128426205954,-0.006342128426205954,-0.006342128426205954,-0.006342128426205954,-0.006342128426205954,-0.006342128426205954,-0.006342128426205954,-0.006342128426205954,-0.006342128426205954,-0.006342128426205954,-0.006342128426205954,-0.006342128426205954,-0.006342128426205954,-0.006342128426205954,-0.006342128426205954,-0.006342128426205954,-0.006342128426205954,-0.006342128426205954,-0.006342128426205954,-0.006342128426205954,-0.006342128426205954,-0.006342128426205954,-0.006342128426205954,-0.006342128426205954,-0.006342128426205954,-0.006342128426205954,-0.006342128426205954,-0.006342128426205954,-0.006342128426205954,-0.006342128426205954,-0.006342128426205954,-0.006342128426205954,-0.006342128426205954,-0.006342128426205954,-0.006342128426205954,-0.006342128426205954,-0.006342128426205954,-0.006342128426205954,-0.006342128426205954,-0.006342128426205954,-0.006342128426205954,-0.006342128426205954,-0.006342128426205954,-0.006342128426205954,-0.006342128426205954
-0.007069700413171384,-0.007069700413171384,-0.007069700413171384,-0.007069700413171384,-0.007069700413171384,-0.007069700413171384,-0.007069700413171384,-0.007069700413171384,-0.007069700413171384,-0.007069700413171384,-0.007069700413171384,-0.007069700413171384,-0.007069700413171384,-0.007069700413171384,-0.007069700413171384,-0.007069700413171384,-0.007069700413171384,-0.007069700413171384,-0.007069700413171384,-0.007069700413171384,-0.007069700413171384,-0.007069700413171384,-0.007069700413171384,-0.007069700413171384,-0.007069700413171384,-0.007069700413171384,-0.007069700413171384,-0.007069700413171384,-0.007069700413171384,-0.007069700413171384,-0.007069700413171384,-0.007069700413171384,-0.007069700413171384,-0.007069700413171384,-0.007069700413171384,-0.007069700413171384,-0.007069700413171384,-0.007069700413171384,-0.007069700413171384,-0.007069700413171384,-0.007069700413171384,-0.007069700413171384,-0.007069700413171384,-0.007069700413171384,-0.007069700413171384,-0.007069700413171384,-0.007069700413171384,-0.007069700413171384,-0.007069700413171384,-0.007069700413171384,-0.007069700413171384,-0.007069700413171384,-0.007069700413171384,-0.007069700413171384,-0.007069700413171384,-0.007069700413171384,-0.007069700413171384,-0.007069700413171384,-0.007069700413171384,-0.007069700413171384,-0.007069700413171384,-0.007069700413171384,-0.007069700413171384,-0.007069700413171384,-0.007069700413171384,-0.007069700413171384,-0.007069700413171384,-0.007069700413171384,-0.007069700413171384,-0.007069700413171384,-0.007069700413171384,-0.007069700413171384,-0.007069700413171384,-0.007069700413171384,-0.007069700413171384,-0.007069700413171384,-0.007069700413171384,-0.007069700413171384,-0.007069700413171384,-0.007069700413171384,-0.007069700413171384,-0.007069700413171384,-0.007069700413171384,-0.007069700413171384,-0.007069700413171384,-0.007069700413171384,-0.007069700413171384,-0.007069700413171384,-0.007069700413171384,-0.007069700413171384,-0.007069700413171384,-0.007069700413171384,-0.007069700413171384,-0.007069700413171384,-0.007069700413171384,-0.007069700413171384,-0.007069700413171384,-0.007069700413171384,-0.007069700413171384,-0.007069700413171384,-0.007069700413171384,-0.007069700413171384,-0.007069700413171384,-0.007069700413171384,-0.007069700413171384,-0.007069700413171384,-0.007069700413171384,-0.007069700413171384,-0.007069700413171384,-0.007069700413171384,-0.007069700413171384,-0.007069700413171384,-0.007069700413171384,-0.007069700413171384,-0.007069700413171384,-0.007069700413171384,-0.007069700413171384,-0.007069700413171384,-0.007069700413171384,-0.007069700413171384,-0.007069700413171384,-0.007069700413171384,-0.007069700413171384,-0.007069700413171384,-0.007069700413171384,-0.007069700413171384,-0.007069700413171384,-0.007069700413171384
-0.00781959211728318,-0.00781959211728318,-0.00781959211728318,-0.00781959211728318,-0.00781959211728318,-0.00781959211728318,-0.00781959211728318,-0.00781959211728318,-0.00781959211728318,-0.00781959211728318,-0.00781959211728318,-0.00781959211728318,-0.00781959211728318,-0.00781959211728318,-0.00781959211728318,-0.00781959211728318,-0.00781959211728318,-0.00781959211728318,-0.00781959211728318,-0.00781959211728318,-0.00781959211728318,-0.00781959211728318,-0.00781959211728318,-0.00781959211728318,-0.00781959211728318,-0.00781959211728318,-0.00781959211728318,-0.00781959211728318,-0.00781959211728318,-0.00781959211728318,-0.00781959211728318,-0.00781959211728318,-0.00781959211728318,-0.00781959211728318,-0.00781959211728318,-0.00781959211728318,-0.00781959211728318,-0.00781959211728318,-0.00781959211728318,-0.00781959211728318,-0.00781959211728318,-0.00781959211728318,-0.00781959211728318,-0.00781959211728318,-0.00781959211728318,-0.00781959211728318,-0.00781959211728318,-0.00781959211728318,-0.00781959211728318,-0.00781959211728318,-0.00781959211728318,-0.00781959211728318,-0.00781959211728318,-0.00781959211728318,-0.00781959211728318,-0.00781959211728318,-0.00781959211728318,-0.00781959211728318,-0.00781959211728318,-0.00781959211728318,-0.00781959211728318,-0.00781959211728318,-0.00781959211728318,-0.00781959211728318,-0.00781959211728318,-0.00781959211728318,-0.00781959211728318,-0.00781959211728318,-0.00781959211728318,-0.00781959211728318,-0.00781959211728318,-0.00781959211728318,-0.00781959211728318,-0.00781959211728318,-0.00781959211728318,-0.00781959211728318,-0.00781959211728318,-0.00781959211728318,-0.00781959211728318,-0.00781959211728318,-0.00781959211728318,-0.00781959211728318,-0.00781959211728318,-0.00781959211728318,-0.00781959211728318,-0.00781959211728318,-0.00781959211728318,-0.00781959211728318,-0.00781959211728318,-0.00781959211728318,-0.00781959211728318,-0.00781959211728318,-0.00781959211728318,-0.00781959211728318,-0.00781959211728318,-0.00781959211728318,-0.00781959211728318,-0.00781959211728318,-0.00781959211728318,-0.00781959211728318,-0.00781959211728318,-0.00781959211728318,-0.00781959211728318,-0.00781959211728318,-0.00781959211728318,-0.00781959211728318,-0.00781959211728318,-0.00781959211728318,-0.00781959211728318,-0.00781959211728318,-0.00781959211728318,-0.00781959211728318,-0.00781959211728318,-0.00781959211728318,-0.00781959211728318,-0.00781959211728318,-0.00781959211728318,-0.00781959211728318,-0.00781959211728318,-0.00781959211728318,-0.00781959211728318,-0.00781959211728318,-0.00781959211728318,-0.00781959211728318,-0.00781959211728318,-0.00781959211728318,-0.00781959211728318,-0.00781959211728318
-0.00859083109931844,-0.00859083109931844,-0.00859083109931844,-0.00859083109931844,-0.00859083109931844,-0.00859083109931844,-0.00859083109931844,-0.00859083109931844,-0.00859083109931844,-0.00859083109931844,-0.00859083109931844,-0.00859083109931844,-0.00859083109931844,-0.00859083109931844,-0.00859083109931844,-0.00859083109931844,-0.00859083109931844,-0.00859083109931844,-0.00859083109931844,-0.00859083109931844,-0.00859083109931844,-0.00859083109931844,-0.00859083109931844,-0.00859083109931844,-0.00859083109931844,-0.00859083109931844,-0.00859083109931844,-0.00859083109931844,-0.00859083109931844,-0.00859083109931844,-0.00859083109931844,-0.00859083109931844,-0.00859083109931844,-0.00859083109931844,-0.00859083109931844,-0.00859083109931844,-0.00859083109931844,-0.00859083109931844,-0.00859083109931844,-0.00859083109931844,-0.00859083109931844,-0.00859083109931844,-0.00859083109931844,-0.00859083109931844,-0.00859083109931844,-0.00859083109931844,-0.00859083109931844,-0.00859083109931844,-0.00859083109931844,-0.00859083109931844,-0.00859083109931844,-0.00859083109931844,-0.00859083109931844,-0.00859083109931844,-0.00859083109931844,-0.00859083109931844,-0.00859083109931844,-0.00859083109931844,-0.00859083109931844,-0.00859083109931844,-0.00859083109931844,-0.00859083109931844,-0.00859083109931844,-0.00859083109931844,-0.00859083109931844,-0.00859083109931844,-0.00859083109931844,-0.00859083109931844,-0.00859083109931844,-0.00859083109931844,-0.00859083109931844,-0.00859083109931844,-0.00859083109931844,-0.00859083109931844,-0.00859083109931844,-0.00859083109931844,-0.00859083109931844,-0.00859083109931844,-0.00859083109931844,-0.00859083109931844,-0.00859083109931844,-0.00859083109931844,-0.00859083109931844,-0.00859083109931844,-0.00859083109931844,-0.00859083109931844,-0.00859083109931844,-0.00859083109931844,-0.00859083109931844,-0.00859083109931844,-0.00859083109931844,-0.00859083109931844,-0.00859083109931844,-0.00859083109931844,-0.00859083109931844,-0.00859083109931844,-0.00859083109931844,-0.00859083109931844,-0.00859083109931844,-0.00859083109931844,-0.00859083109931844,-0.00859083109931844,-0.00859083109931844,-0.00859083109931844,-0.00859083109931844,-0.00859083109931844,-0.00859083109931844,-0.00859083109931844,-0.00859083109931844,-0.00859083109931844,-0.00859083109931844,-0.00859083109931844,-0.00859083109931844,-0.00859083109931844,-0.00859083109931844,-0.00859083109931844,-0.00859083109931844,-0.00859083109931844,-0.00859083109931844,-0.00859083109931844,-0.00859083109931844,-0.00859083109931844,-0.00859083109931844,-0.00859083109931844,-0.00859083109931844,-0.00859083109931844,-0.00859083109931844,-0.00859083109931844
-0.009382641608295649,-0.009382641608295649,-0.009382641608295649,-0.009382641608295649,-0.009382641608295649,-0.009382641608295649,-0.009382641608295649,-0.009382641608295649,-0.009382641608295649,-0.009382641608295649,-0.009382641608295649,-0.009382641608295649,-0.009382641608295649,-0.009382641608295649,-0.009382641608295649,-0.009382641608295649,-0.009382641608295649,-0.009382641608295649,-0.009382641608295649,-0.009382641608295649,-0.009382641608295649,-0.009382641608295649,-0.009382641608295649,-0.009382641608295649,-0.009382641608295649,-0.009382641608295649,-0.009382641608295649,-0.009382641608295649,-0.009382641608295649,-0.009382641608295649,-0.009382641608295649,-0.009382641608295649,-0.009382641608295649,-0.009382641608295649,-0.009382641608295649,-0.009382641608295649,-0.009382641608295649,-0.009382641608295649,-0.009382641608295649,-0.009382641608295649,-0.009382641608295649,-0.009382641608295649,-0.009382641608295649,-0.009382641608295649,-0.009382641608295649,-0.009382641608295649,-0.009382641608295649,-0.009382641608295649,-0.009382641608295649,-0.009382641608295649,-0.009382641608295649,-0.009382641608295649,-0.009382641608295649,-0.009382641608295649,-0.009382641608295649,-0.009382641608295649,-0.009382641608295649,-0.009382641608295649,-0.009382641608295649,-0.009382641608295649,-0.009382641608295649,-0.009382641608295649,-0.009382641608295649,-0.009382641608295649,-0.009382641608295649,-0.009382641608295649,-0.009382641608295649,-0.009382641608295649,-0.009382641608295649,-0.009382641608295649,-0.009382641608295649,-0.009382641608295649,-0.009382641608295649,-0.009382641608295649,-0.009382641608295649,-0.009382641608295649,-0.009382641608295649,-0.009382641608295649,-0.009382641608295649,-0.009382641608295649,-0.009382641608295649,-0.009382641608295649,-0.009382641608295649,-0.009382641608295649,-0.009382641608295649,-0.009382641608295649,-0.009382641608295649,-0.009382641608295649,-0.009382641608295649,-0.009382641608295649,-0.009382641608295649,-0.009382641608295649,-0.009382641608295649,-0.009382641608295649,-0.009382641608295649,-0.009382641608295649,-0.009382641608295649,-0.009382641608295649,-0.009382641608295649,-0.009382641608295649,-0.009382641608295649,-0.009382641608295649,-0.009382641608295649,-0.009382641608295649,-0.009382641608295649,-0.009382641608295649,-0.009382641608295649,-0.009382641608295649,-0.009382641608295649,-0.009382641608295649,-0.009382641608295649,-0.009382641608295649,-0.009382641608295649,-0.009382641608295649,-0.009382641608295649,-0.009382641608295649,-0.009382641608295649,-0.009382641608295649,-0.009382641608295649,-0.009382641608295649,-0.009382641608295649,-0.009382641608295649,-0.009382641608295649,-0.009382641608295649,-0.009382641608295649,-0.009382641608295649,-0.009382641608295649,-0.009382641608295649
-0.010194416664537215,-0.010194416664537215,-0.010194416664537215,-0.010194416664537215,-0.010194416664537215,-0.010194416664537215,-0.010194416664537215,-0.010194416664537215,-0.010194416664537215,-0.010194416664537215,-0.010194416664537215,-0.010194416664537215,-0.010194416664537215,-0.010194416664537215,-0.010194416664537215,-0.010194416664537215,-0.010194416664537215,-0.010194416664537215,-0.010194416664537215,-0.010194416664537215,-0.010194416664537215,-0.010194416664537215,-0.010194416664537215,-0.010194416664537215,-0.010194416664537215,-0.010194416664537215,-0.010194416664537215,-0.010194416664537215,-0.010194416664537215,-0.010194416664537215,-0.010194416664537215,-0.010194416664537215,-0.010194416664537215,-0.010194416664537215,-0.010194416664537215,-0.010194416664537215,-0.010194416664537215,-0.010194416664537215,-0.010194416664537215,-0.010194416664537215,-0.010194416664537215,-0.010194416664537215,-0.010194416664537215,-0.010194416664537215,-0.010194416664537215,-0.010194416664537215,-0.010194416664537215,-0.010194416664537215,-0.010194416664537215,-0.010194416664537215,-0.010194416664537215,-0.010194416664537215,-0.010194416664537215,-0.010194416664537215,-0.010194416664537215,-0.010194416664537215,-0.010194416664537215,-0.010194416664537215,-0.010194416664537215,-0.010194416664537215,-0.010194416664537215,-0.010194416664537215,-0.010194416664537215,-0.010194416664537215,-0.010194416664537215,-0.010194416664537215,-0.010194416664537215,-0.010194416664537215,-0.010194416664537215,-0.010194416664537215,-0.010194416664537215,-0.010194416664537215,-0.010194416664537215,-0.010194416664537215,-0.010194416664537215,-0.010194416664537215,-0.010194416664537215,-0.010194416664537215,-0.010194416664537215,-0.010194416664537215,-0.010194416664537215,-0.010194416664537215,-0.010194416664537215,-0.010194416664537215,-0.010194416664537215,-0.010194416664537215,-0.010194416664537215,-0.010194416664537215,-0.010194416664537215,-0.010194416664537215,-0.010194416664537215,-0.010194416664537215,-0.010194416664537215,-0.010194416664537215,-0.010194416664537215,-0.010194416664537215,-0.010194416664537215,-0.010194416664537215,-0.010194416664537215,-0.010194416664537215,-0.010194416664537215,-0.010194416664537215,-0.010194416664537215,-0.010194416664537215,-0.010194416664537215,-0.010194416664537215,-0.010194416664537215,-0.010194416664537215,-0.010194416664537215,-0.010194416664537215,-0.010194416664537215,-0.010194416664537215,-0.010194416664537215,-0.010194416664537215,-0.010194416664537215,-0.010194416664537215,-0.010194416664537215,-0.010194416664537215,-0.010194416664537215,-0.010194416664537215,-0.010194416664537215,-0.010194416664537215,-0.010194416664537215,-0.010194416664537215,-0.010194416664537215,-0.010194416664537215,-0.010194416664537215,-0.010194416664537215
-0.011025694616658789,-0.011025694616658789,-0.011025694616658789,-0.011025694616658789,-0.011025694616658789,-0.011025694616658789,-0.011025694616658789,-0.011025694616658789,-0.011025694616658789,-0.011025694616658789,-0.011025694616658789,-0.011025694616658789,-0.011025694616658789,-0.011025694616658789,-0.011025694616658789,-0.011025694616658789,-0.011025694616658789,-0.011025694616658789,-0.011025694616658789,-0.011025694616658789,-0.011025694616658789,-0.011025694616658789,-0.011025694616658789,-0.011025694616658789,-0.011025694616658789,-0.011025694616658789,-0.011025694616658789,-0.011025694616658789,-0.011025694616658789,-0.011025694616658789,-0.011025694616658789,-0.011025694616658789,-0.011025694616658789,-0.011025694616658789,-0.011025694616658789,-0.011025694616658789,-0.011025694616658789,-0.011025694616658789,-0.011025694616658789,-0.011025694616658789,-0.011025694616658789,-0.011025694616658789,-0.011025694616658789,-0.011025694616658789,-0.011025694616658789,-0.011025694616658789,-0.011025694616658789,-0.011025694616658789,-0.011025694616658789,-0.011025694616658789,-0.011025694616658789,-0.011025694616658789,-0.011025694616658789,-0.011025694616658789,-0.011025694616658789,-0.011025694616658789,-0.011025694616658789,-0.011025694616658789,-0.011025694616658789,-0.011025694616658789,-0.011025694616658789,-0.011025694616658789,-0.011025694616658789,-0.011025694616658789,-0.011025694616658789,-0.011025694616658789,-0.011025694616658789,-0.011025694616658789,-0.011025694616658789,-0.011025694616658789,-0.011025694616658789,-0.011025694616658789,-0.011025694616658789,-0.011025694616658789,-0.011025694616658789,-0.011025694616658789,-0.011025694616658789,-0.011025694616658789,-0.011025694616658789,-0.011025694616658789,-0.011025694616658789,-0.011025694616658789,-0.011025694616658789,-0.011025694616658789,-0.011025694616658789,-0.011025694616658789,-0.011025694616658789,-0.011025694616658789,-0.011025694616658789,-0.011025694616658789,-0.011025694616658789,-0.011025694616658789,-0.011025694616658789,-0.011025694616658789,-0.011025694616658789,-0.011025694616658789,-0.011025694616658789,-0.011025694616658789,-0.011025694616658789,-0.011025694616658789,-0.011025694616658789,-0.011025694616658789,-0.011025694616658789,-0.011025694616658789,-0.011025694616658789,-0.011025694616658789,-0.011025694616658789,-0.011025694616658789,-0.011025694616658789,-0.011025694616658789,-0.011025694616658789,-0.011025694616658789,-0.011025694616658789,-0.011025694616658789,-0.011025694616658789,-0.011025694616658789,-0.011025694616658789,-0.011025694616658789,-0.011025694616658789,-0.011025694616658789,-0.011025694616658789,-0.011025694616658789,-0.011025694616658789,-0.011025694616658789,-0.011025694616658789,-0.011025694616658789,-0.011025694616658789,-0.011025694616658789
-0.011876139354620126,-0.011876139354620126,-0.011876139354620126,-0.011876139354620126,-0.011876139354620126,-0.011876139354620126,-0.011876139354620126,-0.011876139354620126,-0.011876139354620126,-0.011876139354620126,-0.011876139354620126,-0.011876139354620126,-0.011876139354620126,-0.011876139354620126,-0.011876139354620126,-0.011876139354620126,-0.011876139354620126,-0.011876139354620126,-0.011876139354620126,-0.011876139354620126,-0.011876139354620126,-0.011876139354620126,-0.011876139354620126,-0.011876139354620126,-0.011876139354620126,-0.011876139354620126,-0.011876139354620126,-0.011876139354620126,-0.011876139354620126,-0.011876139354620126,-0.011876139354620126,-0.011876139354620126,-0.011876139354620126,-0.011876139354620126,-0.011876139354620126,-0.011876139354620126,-0.011876139354620126,-0.011876139354620126,-0.011876139354620126,-0.011876139354620126,-0.011876139354620126,-0.011876139354620126,-0.011876139354620126,-0.011876139354620126,-0.011876139354620126,-0.011876139354620126,-0.011876139354620126,-0.011876139354620126,-0.011876139354620126,-0.011876139354620126,-0.011876139354620126,-0.011876139354620126,-0.011876139354620126,-0.011876139354620126,-0.011876139354620126,-0.011876139354620126,-0.011876139354620126,-0.011876139354620126,-0.011876139354620126,-0.011876139354620126,-0.011876139354620126,-0.011876139354620126,-0.011876139354620126,-0.011876139354620126,-0.011876139354620126,-0.011876139354620126,-0.011876139354620126,-0.011876139354620126,-0.011876139354620126,-0.011876139354620126,-0.011876139354620126,-0.011876139354620126,-0.011876139354620126,-0.011876139354620126,-0.011876139354620126,-0.011876139354620126,-0.011876139354620126,-0.011876139354620126,-0.011876139354620126,-0.011876139354620126,-0.011876139354620126,-0.011876139354620126,-0.011876139354620126,-0.011876139354620126,-0.011876139354620126,-0.011876139354620126,-0.011876139354620126,-0.011876139354620126,-0.011876139354620126,-0.011876139354620126,-0.011876139354620126,-0.011876139354620126,-0.011876139354620126,-0.011876139354620126,-0.011876139354620126,-0.011876139354620126,-0.011876139354620126,-0.011876139354620126,-0.011876139354620126,-0.011876139354620126,-0.011876139354620126,-0.011876139354620126,-0.011876139354620126,-0.011876139354620126,-0.011876139354620126,-0.011876139354620126,-0.011876139354620126,-0.011876139354620126,-0.011876139354620126,-0.011876139354620126,-0.011876139354620126,-0.011876139354620126,-0.011876139354620126,-0.011876139354620126,-0.011876139354620126,-0.011876139354620126,-0.011876139354620126,-0.011876139354620126,-0.011876139354620126,-0.011876139354620126,-0.011876139354620126,-0.011876139354620126,-0.011876139354620126,-0.011876139354620126,-0.011876139354620126,-0.011876139354620126,-0.011876139354620126,-0.011876139354620126
-0.012745523523160295,-0.012745523523160295,-0.012745523523160295,-0.012745523523160295,-0.012745523523160295,-0.012745523523160295,-0.012745523523160295,-0.012745523523160295,-0.012745523523160295,-0.012745523523160295,-0.012745523523160295,-0.012745523523160295,-0.012745523523160295,-0.012745523523160295,-0.012745523523160295,-0.012745523523160295,-0.012745523523160295,-0.012745523523160295,-0.012745523523160295,-0.012745523523160295,-0.012745523523160295,-0.012745523523160295,-0.012745523523160295,-0.012745523523160295,-0.012745523523160295,-0.012745523523160295,-0.012745523523160295,-0.012745523523160295,-0.012745523523160295,-0.012745523523160295,-0.012745523523160295,-0.012745523523160295,-0.012745523523160295,-0.012745523523160295,-0.012745523523160295,-0.012745523523160295,-0.012745523523160295,-0.012745523523160295,-0.012745523523160295,-0.012745523523160295,-0.012745523523160295,-0.012745523523160295,-0.012745523523160295,-0.012745523523160295,-0.012745523523160295,-0.012745523523160295,-0.012745523523160295,-0.012745523523160295,-0.012745523523160295,-0.012745523523160295,-0.012745523523160295,-0.012745523523160295,-0.012745523523160295,-0.012745523523160295,-0.012745523523160295,-0.012745523523160295,-0.012745523523160295,-0.012745523523160295,-0.012745523523160295,-0.012745523523160295,-0.012745523523160295,-0.012745523523160295,-0.012745523523160295,-0.012745523523160295,-0.012745523523160295,-0.012745523523160295,-0.012745523523160295,-0.012745523523160295,-0.012745523523160295,-0.012745523523160295,-0.012745523523160295,-0.012745523523160295,-0.012745523523160295,-0.012745523523160295,-0.012745523523160295,-0.012745523523160295,-0.012745523523160295,-0.012745523523160295,-0.012745523523160295,-0.012745523523160295,-0.012745523523160295,-0.012745523523160295,-0.012745523523160295,-0.012745523523160295,-0.012745523523160295,-0.012745523523160295,-0.012745523523160295,-0.012745523523160295,-0.012745523523160295,-0.012745523523160295,-0.012745523523160295,-0.012745523523160295,-0.012745523523160295,-0.012745523523160295,-0.012745523523160295,-0.012745523523160295,-0.012745523523160295,-0.012745523523160295,-0.012745523523160295,-0.012745523523160295,-0.012745523523160295,-0.012745523523160295,-0.012745523523160295,-0.012745523523160295,-0.012745523523160295,-0.012745523523160295,-0.012745523523160295,-0.012745523523160295,-0.012745523523160295,-0.012745523523160295,-0.012745523523160295,-0.012745523523160295,-0.012745523523160295,-0.012745523523160295,-0.012745523523160295,-0.012745523523160295,-0.012745523523160295,-0.012745523523160295,-0.012745523523160295,-0.012745523523160295,-0.012745523523160295,-0.012745523523160295,-0.012745523523160295,-0.012745523523160295,-0.012745523523160295,-0.012745523523160295,-0.012745523523160295,-0.012745523523160295
-0.013633714208812452,-0.013633714208812452,-0.013633714208812452,-0.013633714208812452,-0.013633714208812452,-0.013633714208812452,-0.013633714208812452,-0.013633714208812452,-0.013633714208812452,-0.013633714208812452,-0.013633714208812452,-0.013633714208812452,-0.013633714208812452,-0.013633714208812452,-0.013633714208812452,-0.013633714208812452,-0.013633714208812452,-0.013633714208812452,-0.013633714208812452,-0.013633714208812452,-0.013633714208812452,-0.013633714208812452,-0.013633714208812452,-0.013633714208812452,-0.013633714208812452,-0.013633714208812452,-0.013633714208812452,-0.013633714208812452,-0.013633714208812452,-0.013633714208812452,-0.013633714208812452,-0.013633714208812452,-0.013633714208812452,-0.013633714208812452,-0.013633714208812452,-0.013633714208812452,-0.013633714208812452,-0.013633714208812452,-0.013633714208812452,-0.013633714208812452,-0.013633714208812452,-0.013633714208812452,-0.013633714208812452,-0.013633714208812452,-0.013633714208812452,-0.013633714208812452,-0.013633714208812452,-0.013633714208812452,-0.013633714208812452,-0.013633714208812452,-0.013633714208812452,-0.013633714208812452,-0.013633714208812452,-0.013633714208812452,-0.013633714208812452,-0.013633714208812452,-0.013633714208812452,-0.013633714208812452,-0.013633714208812452,-0.013633714208812452,-0.013633714208812452,-0.013633714208812452,-0.013633714208812452,-0.013633714208812452,-0.013633714208812452,-0.013633714208812452,-0.013633714208812452,-0.013633714208812452,-0.013633714208812452,-0.013633714208812452,-0.013633714208812452,-0.013633714208812452,-0.013633714208812452,-0.013633714208812452,-0.013633714208812452,-0.013633714208812452,-0.013633714208812452,-0.013633714208812452,-0.013633714208812452,-0.013633714208812452,-0.013633714208812452,-0.013633714208812452,-0.013633714208812452,-0.013633714208812452,-0.013633714208812452,-0.013633714208812452,-0.013633714208812452,-0.013633714208812452,-0.013633714208812452,-0.013633714208812452,-0.013633714208812452,-0.013633714208812452,-0.013633714208812452,-0.013633714208812452,-0.013633714208812452,-0.013633714208812452,-0.013633714208812452,-0.013633714208812452,-0.013633714208812452,-0.013633714208812452,-0.013633714208812452,-0.013633714208812452,-0.013633714208812452,-0.013633714208812452,-0.013633714208812452,-0.013633714208812452,-0.013633714208812452,-0.013633714208812452,-0.013633714208812452,-0.013633714208812452,-0.013633714208812452,-0.013633714208812452,-0.013633714208812452,-0.013633714208812452,-0.013633714208812452,-0.013633714208812452,-0.013633714208812452,-0.013633714208812452,-0.013633714208812452,-0.013633714208812452,-0.013633714208812452,-0.013633714208812452,-0.013633714208812452,-0.013633714208812452,-0.013633714208812452,-0.013633714208812452,-0.013633714208812452,-0.013633714208812452
-0.014540660676107837,-0.014540660676107837,-0.014540660676107837,-0.014540660676107837,-0.014540660676107837,-0.014540660676107837,-0.014540660676107837,-0.014540660676107837,-0.014540660676107837,-0.014540660676107837,-0.014540660676107837,-0.014540660676107837,-0.014540660676107837,-0.014540660676107837,-0.014540660676107837,-0.014540660676107837,-0.014540660676107837,-0.014540660676107837,-0.014540660676107837,-0.014540660676107837,-0.014540660676107837,-0.014540660676107837,-0.014540660676107837,-0.014540660676107837,-0.014540660676107837,-0.014540660676107837,-0.014540660676107837,-0.014540660676107837,-0.014540660676107837,-0.014540660676107837,-0.014540660676107837,-0.014540660676107837,-0.014540660676107837,-0.014540660676107837,-0.014540660676107837,-0.014540660676107837,-0.014540660676107837,-0.014540660676107837,-0.014540660676107837,-0.014540660676107837,-0.014540660676107837,-0.014540660676107837,-0.014540660676107837,-0.014540660676107837,-0.014540660676107837,-0.014540660676107837,-0.014540660676107837,-0.014540660676107837,-0.014540660676107837,-0.014540660676107837,-0.014540660676107837,-0.014540660676107837,-0.014540660676107837,-0.014540660676107837,-0.014540660676107837,-0.014540660676107837,-0.014540660676107837,-0.014540660676107837,-0.014540660676107837,-0.014540660676107837,-0.014540660676107837,-0.014540660676107837,-0.014540660676107837,-0.014540660676107837,-0.014540660676107837,-0.014540660676107837,-0.014540660676107837,-0.014540660676107837,-0.014540660676107837,-0.014540660676107837,-0.014540660676107837,-0.014540660676107837,-0.014540660676107837,-0.014540660676107837,-0.014540660676107837,-0.014540660676107837,-0.014540660676107837,-0.014540660676107837,-0.014540660676107837,-0.014540660676107837,-0.014540660676107837,-0.014540660676107837,-0.014540660676107837,-0.014540660676107837,-0.014540660676107837,-0.014540660676107837,-0.014540660676107837,-0.014540660676107837,-0.014540660676107837,-0.014540660676107837,-0.014540660676107837,-0.014540660676107837,-0.014540660676107837,-0.014540660676107837,-0.014540660676107837,-0.014540660676107837,-0.014540660676107837,-0.014540660676107837,-0.014540660676107837,-0.014540660676107837,-0.014540660676107837,-0.014540660676107837,-0.014540660676107837,-0.014540660676107837,-0.014540660676107837,-0.014540660676107837,-0.014540660676107837,-0.014540660676107837,-0.014540660676107837,-0.014540660676107837,-0.014540660676107837,-0.014540660676107837,-0.014540660676107837,-0.014540660676107837,-0.014540660676107837,-0.014540660676107837,-0.014540660676107837,-0.014540660676107837,-0.014540660676107837,-0.014540660676107837,-0.014540660676107837,-0.014540660676107837,-0.014540660676107837,-0.014540660676107837,-0.014540660676107837,-0.014540660676107837,-0.014540660676107837,-0.014540660676107837
-0.015466383810072667,-0.015466383810072667,-0.015466383810072667,-0.015466383810072667,-0.015466383810072667,-0.015466383810072667,-0.015466383810072667,-0.015466383810072667,-0.015466383810072667,-0.015466383810072667,-0.015466383810072667,-0.015466383810072667,-0.015466383810072667,-0.015466383810072667,-0.015466383810072667,-0.015466383810072667,-0.015466383810072667,-0.015466383810072667,-0.015466383810072667,-0.015466383810072667,-0.015466383810072667,-0.015466383810072667,-0.015466383810072667,-0.015466383810072667,-0.015466383810072667,-0.015466383810072667,-0.015466383810072667,-0.015466383810072667,-0.015466383810072667,-0.015466383810072667,-0.015466383810072667,-0.015466383810072667,-0.015466383810072667,-0.015466383810072667,-0.015466383810072667,-0.015466383810072667,-0.015466383810072667,-0.015466383810072667,-0.015466383810072667,-0.015466383810072667,-0.015466383810072667,-0.015466383810072667,-0.015466383810072667,-0.015466383810072667,-0.015466383810072667,-0.015466383810072667,-0.015466383810072667,-0.015466383810072667,-0.015466383810072667,-0.015466383810072667,-0.015466383810072667,-0.015466383810072667,-0.015466383810072667,-0.015466383810072667,-0.015466383810072667,-0.015466383810072667,-0.015466383810072667,-0.015466383810072667,-0.015466383810072667,-0.015466383810072667,-0.015466383810072667,-0.015466383810072667,-0.015466383810072667,-0.015466383810072667,-0.015466383810072667,-0.015466383810072667,-0.015466383810072667,-0.015466383810072667,-0.015466383810072667,-0.015466383810072667,-0.015466383810072667,-0.015466383810072667,-0.015466383810072667,-0.015466383810072667,-0.015466383810072667,-0.015466383810072667,-0.015466383810072667,-0.015466383810072667,-0.015466383810072667,-0.015466383810072667,-0.015466383810072667,-0.015466383810072667,-0.015466383810072667,-0.015466383810072667,-0.015466383810072667,-0.015466383810072667,-0.015466383810072667,-0.015466383810072667,-0.015466383810072667,-0.015466383810072667,-0.015466383810072667,-0.015466383810072667,-0.015466383810072667,-0.015466383810072667,-0.015466383810072667,-0.015466383810072667,-0.015466383810072667,-0.015466383810072667,-0.015466383810072667,-0.015466383810072667,-0.015466383810072667,-0.015466383810072667,-0.015466383810072667,-0.015466383810072667,-0.015466383810072667,-0.015466383810072667,-0.015466383810072667,-0.015466383810072667,-0.015466383810072667,-0.015466383810072667,-0.015466383810072667,-0.015466383810072667,-0.015466383810072667,-0.015466383810072667,-0.015466383810072667,-0.015466383810072667,-0.015466383810072667,-0.015466383810072667,-0.015466383810072667,-0.015466383810072667,-0.015466383810072667,-0.015466383810072667,-0.015466383810072667,-0.015466383810072667,-0.015466383810072667,-0.015466383810072667,-0.015466383810072667,-0.015466383810072667
-0.016410966987031348,-0.016410966987031348,-0.016410966987031348,-0.016410966987031348,-0.016410966987031348,-0.016410966987031348,-0.016410966987031348,-0.016410966987031348,-0.016410966987031348,-0.016410966987031348,-0.016410966987031348,-0.016410966987031348,-0.016410966987031348,-0.016410966987031348,-0.016410966987031348,-0.016410966987031348,-0.016410966987031348,-0.016410966987031348,-0.016410966987031348,-0.016410966987031348,-0.016410966987031348,-0.016410966987031348,-0.016410966987031348,-0.016410966987031348,-0.016410966987031348,-0.016410966987031348,-0.016410966987031348,-0.016410966987031348,-0.016410966987031348,-0.016410966987031348,-0.016410966987031348,-0.016410966987031348,-0.016410966987031348,-0.016410966987031348,-0.016410966987031348,-0.016410966987031348,-0.016410966987031348,-0.016410966987031348,-0.016410966987031348,-0.016410966987031348,-0.016410966987031348,-0.016410966987031348,-0.016410966987031348,-0.016410966987031348,-0.016410966987031348,-0.016410966987031348,-0.016410966987031348,-0.016410966987031348,-0.016410966987031348,-0.016410966987031348,-0.016410966987031348,-0.016410966987031348,-0.016410966987031348,-0.016410966987031348,-0.016410966987031348,-0.016410966987031348,-0.016410966987031348,-0.016410966987031348,-0.016410966987031348,-0.016410966987031348,-0.016410966987031348,-0.016410966987031348,-0.016410966987031348,-0.016410966987031348,-0.016410966987031348,-0.016410966987031348,-0.016410966987031348,-0.016410966987031348,-0.016410966987031348,-0.016410966987031348,-0.016410966987031348,-0.016410966987031348,-0.016410966987031348,-0.016410966987031348,-0.016410966987031348,-0.016410966987031348,-0.016410966987031348,-0.016410966987031348,-0.016410966987031348,-0.016410966987031348,-0.016410966987031348,-0.016410966987031348,-0.016410966987031348,-0.016410966987031348,-0.016410966987031348,-0.016410966987031348,-0.016410966987031348,-0.016410966987031348,-0.016410966987031348,-0.016410966987031348,-0.016410966987031348,-0.016410966987031348,-0.016410966987031348,-0.016410966987031348,-0.016410966987031348,-0.016410966987031348,-0.016410966987031348,-0.016410966987031348,-0.016410966987031348,-0.016410966987031348,-0.016410966987031348,-0.016410966987031348,-0.016410966987031348,-0.016410966987031348,-0.016410966987031348,-0.016410966987031348,-0.016410966987031348,-0.016410966987031348,-0.016410966987031348,-0.016410966987031348,-0.016410966987031348,-0.016410966987031348,-0.016410966987031348,-0.016410966987031348,-0.016410966987031348,-0.016410966987031348,-0.016410966987031348,-0.016410966987031348,-0.016410966987031348,-0.016410966987031348,-0.016410966987031348,-0.016410966987031348,-0.016410966987031348,-0.016410966987031348,-0.016410966987031348,-0.016410966987031348,-0.016410966987031348,-0.016410966987031348
-0.01737454814760468,-0.01737454814760468,-0.01737454814760468,-0.01737454814760468,-0.01737454814760468,-0.01737454814760468,-0.01737454814760468,-0.01737454814760468,-0.01737454814760468,-0.01737454814760468,-0.01737454814760468,-0.01737454814760468,-0.01737454814760468,-0.01737454814760468,-0.01737454814760468,-0.01737454814760468,-0.01737454814760468,-0.01737454814760468,-0.01737454814760468,-0.01737454814760468,-0.01737454814760468,-0.01737454814760468,-0.01737454814760468,-0.01737454814760468,-0.01737454814760468,-0.01737454814760468,-0.01737454814760468,-0.01737454814760468,-0.01737454814760468,-0.01737454814760468,-0.01737454814760468,-0.01737454814760468,-0.01737454814760468,-0.01737454814760468,-0.01737454814760468,-0.01737454814760468,-0.01737454814760468,-0.01737454814760468,-0.01737454814760468,-0.01737454814760468,-0.01737454814760468,-0.01737454814760468,-0.01737454814760468,-0.01737454814760468,-0.01737454814760468,-0.01737454814760468,-0.01737454814760468,-0.01737454814760468,-0.01737454814760468,-0.01737454814760468,-0.01737454814760468,-0.01737454814760468,-0.01737454814760468,-0.01737454814760468,-0.01737454814760468,-0.01737454814760468,-0.01737454814760468,-0.01737454814760468,-0.01737454814760468,-0.01737454814760468,-0.01737454814760468,-0.01737454814760468,-0.01737454814760468,-0.01737454814760468,-0.01737454814760468,-0.01737454814760468,-0.01737454814760468,-0.01737454814760468,-0.01737454814760468,-0.01737454814760468,-0.01737454814760468,-0.01737454814760468,-0.01737454814760468,-0.01737454814760468,-0.01737454814760468,-0.01737454814760468,-0.01737454814760468,-0.01737454814760468,-0.01737454814760468,-0.01737454814760468,-0.01737454814760468,-0.01737454814760468,-0.01737454814760468,-0.01737454814760468,-0.01737454814760468,-0.01737454814760468,-0.01737454814760468,-0.01737454814760468,-0.01737454814760468,-0.01737454814760468,-0.01737454814760468,-0.01737454814760468,-0.01737454814760468,-0.01737454814760468,-0.01737454814760468,-0.01737454814760468,-0.01737454814760468,-0.01737454814760468,-0.01737454814760468,-0.01737454814760468,-0.01737454814760468,-0.01737454814760468,-0.01737454814760468,-0.01737454814760468,-0.01737454814760468,-0.01737454814760468,-0.01737454814760468,-0.01737454814760468,-0.01737454814760468,-0.01737454814760468,-0.01737454814760468,-0.01737454814760468,-0.01737454814760468,-0.01737454814760468,-0.01737454814760468,-0.01737454814760468,-0.01737454814760468,-0.01737454814760468,-0.01737454814760468,-0.01737454814760468,-0.01737454814760468,-0.01737454814760468,-0.01737454814760468,-0.01737454814760468,-0.01737454814760468,-0.01737454814760468,-0.01737454814760468,-0.01737454814760468
-0.018357312887108075,-0.018357312887108075,-0.018357312887108075,-0.018357312887108075,-0.018357312887108075,-0.018357312887108075,-0.018357312887108075,-0.018357312887108075,-0.018357312887108075,-0.018357312887108075,-0.018357312887108075,-0.018357312887108075,-0.018357312887108075,-0.018357312887108075,-0.018357312887108075,-0.018357312887108075,-0.018357312887108075,-0.018357312887108075,-0.018357312887108075,-0.018357312887108075,-0.018357312887108075,-0.018357312887108075,-0.018357312887108075,-0.018357312887108075,-0.018357312887108075,-0.018357312887108075,-0.018357312887108075,-0.018357312887108075,-0.018357312887108075,-0.018357312887108075,-0.018357312887108075,-0.018357312887108075,-0.018357312887108075,-0.018357312887108075,-0.018357312887108075,-0.018357312887108075,-0.018357312887108075,-0.018357312887108075,-0.018357312887108075,-0.018357312887108075,-0.018357312887108075,-0.018357312887108075,-0.018357312887108075,-0.018357312887108075,-0.018357312887108075,-0.018357312887108075,-0.018357312887108075,-0.018357312887108075,-0.018357312887108075,-0.018357312887108075,-0.018357312887108075,-0.018357312887108075,-0.018357312887108075,-0.018357312887108075,-0.018357312887108075,-0.018357312887108075,-0.018357312887108075,-0.018357312887108075,-0.018357312887108075,-0.018357312887108075,-0.018357312887108075,-0.018357312887108075,-0.018357312887108075,-0.018357312887108075,-0.018357312887108075,-0.018357312887108075,-0.018357312887108075,-0.018357312887108075,-0.018357312887108075,-0.018357312887108075,-0.018357312887108075,-0.018357312887108075,-0.018357312887108075,-0.018357312887108075,-0.018357312887108075,-0.018357312887108075,-0.018357312887108075,-0.018357312887108075,-0.018357312887108075,-0.018357312887108075,-0.018357312887108075,-0.018357312887108075,-0.018357312887108075,-0.018357312887108075,-0.018357312887108075,-0.018357312887108075,-0.018357312887108075,-0.018357312887108075,-0.018357312887108075,-0.018357312887108075,-0.018357312887108075,-0.018357312887108075,-0.018357312887108075,-0.018357312887108075,-0.018357312887108075,-0.018357312887108075,-0.018357312887108075,-0.018357312887108075,-0.018357312887108075,-0.018357312887108075,-0.018357312887108075,-0.018357312887108075,-0.018357312887108075,-0.018357312887108075,-0.018357312887108075,-0.018357312887108075,-0.018357312887108075,-0.018357312887108075,-0.018357312887108075,-0.018357312887108075,-0.018357312887108075,-0.018357312887108075,-0.018357312887108075,-0.018357312887108075,-0.018357312887108075,-0.018357312887108075,-0.018357312887108075,-0.018357312887108075,-0.018357312887108075,-0.018357312887108075,-0.018357312887108075,-0.018357312887108075,-0.018357312887108075,-0.018357312887108075,-0.018357312887108075,-0.018357312887108075,-0.018357312887108075,-0.018357312887108075
-0.019359488411815173,-0.019359488411815173,-0.019359488411815173,-0.019359488411815173,-0.019359488411815173,-0.019359488411815173,-0.019359488411815173,-0.019359488411815173,-0.019359488411815173,-0.019359488411815173,-0.019359488411815173,-0.019359488411815173,-0.019359488411815173,-0.019359488411815173,-0.019359488411815173,-0.019359488411815173,-0.019359488411815173,-0.019359488411815173,-0.019359488411815173,-0.019359488411815173,-0.019359488411815173,-0.019359488411815173,-0.019359488411815173,-0.019359488411815173,-0.019359488411815173,-0.019359488411815173,-0.019359488411815173,-0.019359488411815173,-0.019359488411815173,-0.019359488411815173,-0.019359488411815173,-0.019359488411815173,-0.019359488411815173,-0.019359488411815173,-0.019359488411815173,-0.019359488411815173,-0.019359488411815173,-0.019359488411815173,-0.019359488411815173,-0.019359488411815173,-0.019359488411815173,-0.019359488411815173,-0.019359488411815173,-0.019359488411815173,-0.019359488411815173,-0.019359488411815173,-0.019359488411815173,-0.019359488411815173,-0.019359488411815173,-0.019359488411815173,-0.019359488411815173,-0.019359488411815173,-0.019359488411815173,-0.019359488411815173,-0.019359488411815173,-0.019359488411815173,-0.019359488411815173,-0.019359488411815173,-0.019359488411815173,-0.019359488411815173,-0.019359488411815173,-0.019359488411815173,-0.019359488411815173,-0.019359488411815173,-0.019359488411815173,-0.019359488411815173,-0.019359488411815173,-0.019359488411815173,-0.019359488411815173,-0.019359488411815173,-0.019359488411815173,-0.019359488411815173,-0.019359488411815173,-0.019359488411815173,-0.019359488411815173,-0.019359488411815173,-0.019359488411815173,-0.019359488411815173,-0.019359488411815173,-0.019359488411815173,-0.019359488411815173,-0.019359488411815173,-0.019359488411815173,-0.019359488411815173,-0.019359488411815173,-0.019359488411815173,-0.019359488411815173,-0.019359488411815173,-0.019359488411815173,-0.019359488411815173,-0.019359488411815173,-0.019359488411815173,-0.019359488411815173,-0.019359488411815173,-0.019359488411815173,-0.019359488411815173,-0.019359488411815173,-0.019359488411815173,-0.019359488411815173,-0.019359488411815173,-0.019359488411815173,-0.019359488411815173,-0.019359488411815173,-0.019359488411815173,-0.019359488411815173,-0.019359488411815173,-0.019359488411815173,-0.019359488411815173,-0.019359488411815173,-0.019359488411815173,-0.019359488411815173,-0.019359488411815173,-0.019359488411815173,-0.019359488411815173,-0.019359488411815173,-0.019359488411815173,-0.019359488411815173,-0.019359488411815173,-0.019359488411815173,-0.019359488411815173,-0.019359488411815173,-0.019359488411815173,-0.019359488411815173,-0.019359488411815173,-0.019359488411815173,-0.019359488411815173,-0.019359488411815173,-0.019359488411815173
-0.020381338236071453,-0.020381338236071453,-0.020381338236071453,-0.020381338236071453,-0.020381338236071453,-0.020381338236071453,-0.020381338236071453,-0.020381338236071453,-0.020381338236071453,-0.020381338236071453,-0.020381338236071453,-0.020381338236071453,-0.020381338236071453,-0.020381338236071453,-0.020381338236071453,-0.020381338236071453,-0.020381338236071453,-0.020381338236071453,-0.020381338236071453,-0.020381338236071453,-0.020381338236071453,-0.020381338236071453,-0.020381338236071453,-0.020381338236071453,-0.020381338236071453,-0.020381338236071453,-0.020381338236071453,-0.020381338236071453,-0.020381338236071453,-0.020381338236071453,-0.020381338236071453,-0.020381338236071453,-0.020381338236071453,-0.020381338236071453,-0.020381338236071453,-0.020381338236071453,-0.020381338236071453,-0.020381338236071453,-0.020381338236071453,-0.020381338236071453,-0.020381338236071453,-0.020381338236071453,-0.020381338236071453,-0.020381338236071453,-0.020381338236071453,-0.020381338236071453,-0.020381338236071453,-0.020381338236071453,-0.020381338236071453,-0.020381338236071453,-0.020381338236071453,-0.020381338236071453,-0.020381338236071453,-0.020381338236071453,-0.020381338236071453,-0.020381338236071453,-0.020381338236071453,-0.020381338236071453,-0.020381338236071453,-0.020381338236071453,-0.020381338236071453,-0.020381338236071453,-0.020381338236071453,-0.020381338236071453,-0.020381338236071453,-0.020381338236071453,-0.020381338236071453,-0.020381338236071453,-0.020381338236071453,-0.020381338236071453,-0.020381338236071453,-0.020381338236071453,-0.020381338236071453,-0.020381338236071453,-0.020381338236071453,-0.020381338236071453,-0.020381338236071453,-0.020381338236071453,-0.020381338236071453,-0.020381338236071453,-0.020381338236071453,-0.020381338236071453,-0.020381338236071453,-0.020381338236071453,-0.020381338236071453,-0.020381338236071453,-0.020381338236071453,-0.020381338236071453,-0.020381338236071453,-0.020381338236071453,-0.020381338236071453,-0.020381338236071453,-0.020381338236071453,-0.020381338236071453,-0.020381338236071453,-0.020381338236071453,-0.020381338236071453,-0.020381338236071453,-0.020381338236071453,-0.020381338236071453,-0.020381338236071453,-0.020381338236071453,-0.020381338236071453,-0.020381338236071453,-0.020381338236071453,-0.020381338236071453,-0.020381338236071453,-0.020381338236071453,-0.020381338236071453,-0.020381338236071453,-0.020381338236071453,-0.020381338236071453,-0.020381338236071453,-0.020381338236071453,-0.020381338236071453,-0.020381338236071453,-0.020381338236071453,-0.020381338236071453,-0.020381338236071453,-0.020381338236071453,-0.020381338236071453,-0.020381338236071453,-0.020381338236071453,-0.020381338236071453,-0.020381338236071453,-0.020381338236071453,-0.020381338236071453,-0.020381338236071453
-0.02142315751675584,-0.02142315751675584,-0.02142315751675584,-0.02142315751675584,-0.02142315751675584,-0.02142315751675584,-0.02142315751675584,-0.02142315751675584,-0.02142315751675584,-0.02142315751675584,-0.02142315751675584,-0.02142315751675584,-0.02142315751675584,-0.02142315751675584,-0.02142315751675584,-0.02142315751675584,-0.02142315751675584,-0.02142315751675584,-0.02142315751675584,-0.02142315751675584,-0.02142315751675584,-0.02142315751675584,-0.02142315751675584,-0.02142315751675584,-0.02142315751675584,-0.02142315751675584,-0.02142315751675584,-0.02142315751675584,-0.02142315751675584,-0.02142315751675584,-0.02142315751675584,-0.02142315751675584,-0.02142315751675584,-0.02142315751675584,-0.02142315751675584,-0.02142315751675584,-0.02142315751675584,-0.02142315751675584,-0.02142315751675584,-0.02142315751675584,-0.02142315751675584,-0.02142315751675584,-0.02142315751675584,-0.02142315751675584,-0.02142315751675584,-0.02142315751675584,-0.02142315751675584,-0.02142315751675584,-0.02142315751675584,-0.02142315751675584,-0.02142315751675584,-0.02142315751675584,-0.02142315751675584,-0.02142315751675584,-0.02142315751675584,-0.02142315751675584,-0.02142315751675584,-0.02142315751675584,-0.02142315751675584,-0.02142315751675584,-0.02142315751675584,-0.02142315751675584,-0.02142315751675584,-0.02142315751675584,-0.02142315751675584,-0.02142315751675584,-0.02142315751675584,-0.02142315751675584,-0.02142315751675584,-0.02142315751675584,-0.02142315751675584,-0.02142315751675584,-0.02142315751675584,-0.02142315751675584,-0.02142315751675584,-0.02142315751675584,-0.02142315751675584,-0.02142315751675584,-0.02142315751675584,-0.02142315751675584,-0.02142315751675584,-0.02142315751675584,-0.02142315751675584,-0.02142315751675584,-0.02142315751675584,-0.02142315751675584,-0.02142315751675584,-0.02142315751675584,-0.02142315751675584,-0.02142315751675584,-0.02142315751675584,-0.02142315751675584,-0.02142315751675584,-0.02142315751675584,-0.02142315751675584,-0.02142315751675584,-0.02142315751675584,-0.02142315751675584,-0.02142315751675584,-0.02142315751675584,-0.02142315751675584,-0.02142315751675584,-0.02142315751675584,-0.02142315751675584,-0.02142315751675584,-0.02142315751675584,-0.02142315751675584,-0.02142315751675584,-0.02142315751675584,-0.02142315751675584,-0.02142315751675584,-0.02142315751675584,-0.02142315751675584,-0.02142315751675584,-0.02142315751675584,-0.02142315751675584,-0.02142315751675584,-0.02142315751675584,-0.02142315751675584,-0.02142315751675584,-0.02142315751675584,-0.02142315751675584,-0.02142315751675584,-0.02142315751675584,-0.02142315751675584,-0.02142315751675584,-0.02142315751675584,-0.02142315751675584
-0.022485268938796585,-0.022485268938796585,-0.022485268938796585,-0.022485268938796585,-0.022485268938796585,-0.022485268938796585,-0.022485268938796585,-0.022485268938796585,-0.022485268938796585,-0.022485268938796585,-0.022485268938796585,-0.022485268938796585,-0.022485268938796585,-0.022485268938796585,-0.022485268938796585,-0.022485268938796585,-0.022485268938796585,-0.022485268938796585,-0.022485268938796585,-0.022485268938796585,-0.022485268938796585,-0.022485268938796585,-0.022485268938796585,-0.022485268938796585,-0.022485268938796585,-0.022485268938796585,-0.022485268938796585,-0.022485268938796585,-0.022485268938796585,-0.022485268938796585,-0.022485268938796585,-0.022485268938796585,-0.022485268938796585,-0.022485268938796585,-0.022485268938796585,-0.022485268938796585,-0.022485268938796585,-0.022485268938796585,-0.022485268938796585,-0.022485268938796585,-0.022485268938796585,-0.022485268938796585,-0.022485268938796585,-0.022485268938796585,-0.022485268938796585,-0.022485268938796585,-0.022485268938796585,-0.022485268938796585,-0.022485268938796585,-0.022485268938796585,-0.022485268938796585,-0.022485268938796585,-0.022485268938796585,-0.022485268938796585,-0.022485268938796585,-0.022485268938796585,-0.022485268938796585,-0.022485268938796585,-0.022485268938796585,-0.022485268938796585,-0.022485268938796585,-0.022485268938796585,-0.022485268938796585,-0.022485268938796585,-0.022485268938796585,-0.022485268938796585,-0.022485268938796585,-0.022485268938796585,-0.022485268938796585,-0.022485268938796585,-0.022485268938796585,-0.022485268938796585,-0.022485268938796585,-0.022485268938796585,-0.022485268938796585,-0.022485268938796585,-0.022485268938796585,-0.022485268938796585,-0.022485268938796585,-0.022485268938796585,-0.022485268938796585,-0.022485268938796585,-0.022485268938796585,-0.022485268938796585,-0.022485268938796585,-0.022485268938796585,-0.022485268938796585,-0.022485268938796585,-0.022485268938796585,-0.022485268938796585,-0.022485268938796585,-0.022485268938796585,-0.022485268938796585,-0.022485268938796585,-0.022485268938796585,-0.022485268938796585,-0.022485268938796585,-0.022485268938796585,-0.022485268938796585,-0.022485268938796585,-0.022485268938796585,-0.022485268938796585,-0.022485268938796585,-0.022485268938796585,-0.022485268938796585,-0.022485268938796585,-0.022485268938796585,-0.022485268938796585,-0.022485268938796585,-0.022485268938796585,-0.022485268938796585,-0.022485268938796585,-0.022485268938796585,-0.022485268938796585,-0.022485268938796585,-0.022485268938796585,-0.022485268938796585,-0.022485268938796585,-0.022485268938796585,-0.022485268938796585,-0.022485268938796585,-0.022485268938796585,-0.022485268938796585,-0.022485268938796585,-0.022485268938796585,-0.022485268938796585,-0.022485268938796585,-0.022485268938796585
-0.0235680190794853,-0.0235680190794853,-0.0235680190794853,-0.0235680190794853,-0.0235680190794853,-0.0235680190794853,-0.0235680190794853,-0.0235680190794853,-0.0235680190794853,-0.0235680190794853,-0.0235680190794853,-0.0235680190794853,-0.0235680190794853,-0.0235680190794853,-0.0235680190794853,-0.0235680190794853,-0.0235680190794853,-0.0235680190794853,-0.0235680190794853,-0.0235680190794853,-0.0235680190794853,-0.0235680190794853,-0.0235680190794853,-0.0235680190794853,-0.0235680190794853,-0.0235680190794853,-0.0235680190794853,-0.0235680190794853,-0.0235680190794853,-0.0235680190794853,-0.0235680190794853,-0.0235680190794853,-0.0235680190794853,-0.0235680190794853,-0.0235680190794853,-0.0235680190794853,-0.0235680190794853,-0.0235680190794853,-0.0235680190794853,-0.0235680190794853,-0.0235680190794853,-0.0235680190794853,-0.0235680190794853,-0.0235680190794853,-0.0235680190794853,-0.0235680190794853,-0.0235680190794853,-0.0235680190794853,-0.0235680190794853,-0.0235680190794853,-0.0235680190794853,-0.0235680190794853,-0.0235680190794853,-0.0235680190794853,-0.0235680190794853,-0.0235680190794853,-0.0235680190794853,-0.0235680190794853,-0.0235680190794853,-0.0235680190794853,-0.0235680190794853,-0.0235680190794853,-0.0235680190794853,-0.0235680190794853,-0.0235680190794853,-0.0235680190794853,-0.0235680190794853,-0.0235680190794853,-0.0235680190794853,-0.0235680190794853,-0.0235680190794853,-0.0235680190794853,-0.0235680190794853,-0.0235680190794853,-0.0235680190794853,-0.0235680190794853,-0.0235680190794853,-0.0235680190794853,-0.0235680190794853,-0.0235680190794853,-0.0235680190794853,-0.0235680190794853,-0.0235680190794853,-0.0235680190794853,-0.0235680190794853,-0.0235680190794853,-0.0235680190794853,-0.0235680190794853,-0.0235680190794853,-0.0235680190794853,-0.0235680190794853,-0.0235680190794853,-0.0235680190794853,-0.0235680190794853,-0.0235680190794853,-0.0235680190794853,-0.0235680190794853,-0.0235680190794853,-0.0235680190794853,-0.0235680190794853,-0.0235680190794853,-0.0235680190794853,-0.0235680190794853,-0.0235680190794853,-0.0235680190794853,-0.0235680190794853,-0.0235680190794853,-0.0235680190794853,-0.0235680190794853,-0.0235680190794853,-0.0235680190794853,-0.0235680190794853,-0.0235680190794853,-0.0235680190794853,-0.0235680190794853,-0.0235680190794853,-0.0235680190794853,-0.0235680190794853,-0.0235680190794853,-0.0235680190794853,-0.0235680190794853,-0.0235680190794853,-0.0235680190794853,-0.0235680190794853,-0.0235680190794853,-0.0235680190794853,-0.0235680190794853,-0.0235680190794853
-0.024671775190706312,-0.024671775190706312,-0.024671775190706312,-0.024671775190706312,-0.024671775190706312,-0.024671775190706312,-0.024671775190706312,-0.024671775190706312,-0.024671775190706312,-0.024671775190706312,-0.024671775190706312,-0.024671775190706312,-0.024671775190706312,-0.024671775190706312,-0.024671775190706312,-0.024671775190706312,-0.024671775190706312,-0.024671775190706312,-0.024671775190706312,-0.024671775190706312,-0.024671775190706312,-0.024671775190706312,-0.024671775190706312,-0.024671775190706312,-0.024671775190706312,-0.024671775190706312,-0.024671775190706312,-0.024671775190706312,-0.024671775190706312,-0.024671775190706312,-0.024671775190706312,-0.024671775190706312,-0.024671775190706312,-0.024671775190706312,-0.024671775190706312,-0.024671775190706312,-0.024671775190706312,-0.024671775190706312,-0.024671775190706312,-0.024671775190706312,-0.024671775190706312,-0.024671775190706312,-0.024671775190706312,-0.024671775190706312,-0.024671775190706312,-0.024671775190706312,-0.024671775190706312,-0.024671775190706312,-0.024671775190706312,-0.024671775190706312,-0.024671775190706312,-0.024671775190706312,-0.024671775190706312,-0.024671775190706312,-0.024671775190706312,-0.024671775190706312,-0.024671775190706312,-0.024671775190706312,-0.024671775190706312,-0.024671775190706312,-0.024671775190706312,-0.024671775190706312,-0.024671775190706312,-0.024671775190706312,-0.024671775190706312,-0.024671775190706312,-0.024671775190706312,-0.024671775190706312,-0.024671775190706312,-0.024671775190706312,-0.024671775190706312,-0.024671775190706312,-0.024671775190706312,-0.024671775190706312,-0.024671775190706312,-0.024671775190706312,-0.024671775190706312,-0.024671775190706312,-0.024671775190706312,-0.024671775190706312,-0.024671775190706312,-0.024671775190706312,-0.024671775190706312,-0.024671775190706312,-0.024671775190706312,-0.024671775190706312,-0.024671775190706312,-0.024671775190706312,-0.024671775190706312,-0.024671775190706312,-0.024671775190706312,-0.024671775190706312,-0.024671775190706312,-0.024671775190706312,-0.024671775190706312,-0.024671775190706312,-0.024671775190706312,-0.024671775190706312,-0.024671775190706312,-0.024671775190706312,-0.024671775190706312,-0.024671775190706312,-0.024671775190706312,-0.024671775190706312,-0.024671775190706312,-0.024671775190706312,-0.024671775190706312,-0.024671775190706312,-0.024671775190706312,-0.024671775190706312,-0.024671775190706312,-0.024671775190706312,-0.024671775190706312,-0.024671775190706312,-0.024671775190706312,-0.024671775190706312,-0.024671775190706312,-0.024671775190706312,-0.024671775190706312,-0.024671775190706312,-0.024671775190706312,-0.024671775190706312,-0.024671775190706312,-0.024671775190706312,-0.024671775190706312,-0.024671775190706312,-0.024671775190706312,-0.024671775190706312
-0.025796922347452872,-0.025796922347452872,-0.025796922347452872,-0.025796922347452872,-0.025796922347452872,-0.025796922347452872,-0.025796922347452872,-0.025796922347452872,-0.025796922347452872,-0.025796922347452872,-0.025796922347452872,-0.025796922347452872,-0.025796922347452872,-0.025796922347452872,-0.025796922347452872,-0.025796922347452872,-0.025796922347452872,-0.025796922347452872,-0.025796922347452872,-0.025796922347452872,-0.025796922347452872,-0.025796922347452872,-0.025796922347452872,-0.025796922347452872,-0.025796922347452872,-0.025796922347452872,-0.025796922347452872,-0.025796922347452872,-0.025796922347452872,-0.025796922347452872,-0.025796922347452872,-0.025796922347452872,-0.025796922347452872,-0.025796922347452872,-0.025796922347452872,-0.025796922347452872,-0.025796922347452872,-0.025796922347452872,-0.025796922347452872,-0.025796922347452872,-0.025796922347452872,-0.025796922347452872,-0.025796922347452872,-0.025796922347452872,-0.025796922347452872,-0.025796922347452872,-0.025796922347452872,-0.025796922347452872,-0.025796922347452872,-0.025796922347452872,-0.025796922347452872,-0.025796922347452872,-0.025796922347452872,-0.025796922347452872,-0.025796922347452872,-0.025796922347452872,-0.025796922347452872,-0.025796922347452872,-0.025796922347452872,-0.025796922347452872,-0.025796922347452872,-0.025796922347452872,-0.025796922347452872,-0.025796922347452872,-0.025796922347452872,-0.025796922347452872,-0.025796922347452872,-0.025796922347452872,-0.025796922347452872,-0.025796922347452872,-0.025796922347452872,-0.025796922347452872,-0.025796922347452872,-0.025796922347452872,-0.025796922347452872,-0.025796922347452872,-0.025796922347452872,-0.025796922347452872,-0.025796922347452872,-0.025796922347452872,-0.025796922347452872,-0.025796922347452872,-0.025796922347452872,-0.025796922347452872,-0.025796922347452872,-0.025796922347452872,-0.025796922347452872,-0.025796922347452872,-0.025796922347452872,-0.025796922347452872,-0.025796922347452872,-0.025796922347452872,-0.025796922347452872,-0.025796922347452872,-0.025796922347452872,-0.025796922347452872,-0.025796922347452872,-0.025796922347452872,-0.025796922347452872,-0.025796922347452872,-0.025796922347452872,-0.025796922347452872,-0.025796922347452872,-0.025796922347452872,-0.025796922347452872,-0.025796922347452872,-0.025796922347452872,-0.025796922347452872,-0.025796922347452872,-0.025796922347452872,-0.025796922347452872,-0.025796922347452872,-0.025796922347452872,-0.025796922347452872,-0.025796922347452872,-0.025796922347452872,-0.025796922347452872,-0.025796922347452872,-0.025796922347452872,-0.025796922347452872,-0.025796922347452872,-0.025796922347452872,-0.025796922347452872,-0.025796922347452872,-0.025796922347452872,-0.025796922347452872,-0.025796922347452872,-0.025796922347452872
-0.026943860918652727,-0.026943860918652727,-0.026943860918652727,-0.026943860918652727,-0.026943860918652727,-0.026943860918652727,-0.026943860918652727,-0.026943860918652727,-0.026943860918652727,-0.026943860918652727,-0.026943860918652727,-0.026943860918652727,-0.026943860918652727,-0.026943860918652727,-0.026943860918652727,-0.026943860918652727,-0.026943860918652727,-0.026943860918652727,-0.026943860918652727,-0.026943860918652727,-0.026943860918652727,-0.026943860918652727,-0.026943860918652727,-0.026943860918652727,-0.026943860918652727,-0.026943860918652727,-0.026943860918652727,-0.026943860918652727,-0.026943860918652727,-0.026943860918652727,-0.026943860918652727,-0.026943860918652727,-0.026943860918652727,-0.026943860918652727,-0.026943860918652727,-0.026943860918652727,-0.026943860918652727,-0.026943860918652727,-0.026943860918652727,-0.026943860918652727,-0.026943860918652727,-0.026943860918652727,-0.026943860918652727,-0.026943860918652727,-0.026943860918652727,-0.026943860918652727,-0.026943860918652727,-0.026943860918652727,-0.026943860918652727,-0.026943860918652727,-0.026943860918652727,-0.026943860918652727,-0.026943860918652727,-0.026943860918652727,-0.026943860918652727,-0.026943860918652727,-0.026943860918652727,-0.026943860918652727,-0.026943860918652727,-0.026943860918652727,-0.026943860918652727,-0.026943860918652727,-0.026943860918652727,-0.026943860918652727,-0.026943860918652727,-0.026943860918652727,-0.026943860918652727,-0.026943860918652727,-0.026943860918652727,-0.026943860918652727,-0.026943860918652727,-0.026943860918652727,-0.026943860918652727,-0.026943860918652727,-0.026943860918652727,-0.026943860918652727,-0.026943860918652727,-0.026943860918652727,-0.026943860918652727,-0.026943860918652727,-0.026943860918652727,-0.026943860918652727,-0.026943860918652727,-0.026943860918652727,-0.026943860918652727,-0.026943860918652727,-0.026943860918652727,-0.026943860918652727,-0.026943860918652727,-0.026943860918652727,-0.026943860918652727,-0.026943860918652727,-0.026943860918652727,-0.026943860918652727,-0.026943860918652727,-0.026943860918652727,-0.026943860918652727,-0.026943860918652727,-0.026943860918652727,-0.026943860918652727,-0.026943860918652727,-0.026943860918652727,-0.026943860918652727,-0.026943860918652727,-0.026943860918652727,-0.026943860918652727,-0.026943860918652727,-0.026943860918652727,-0.026943860918652727,-0.026943860918652727,-0.026943860918652727,-0.026943860918652727,-0.026943860918652727,-0.026943860918652727,-0.026943860918652727,-0.026943860918652727,-0.026943860918652727,-0.026943860918652727,-0.026943860918652727,-0.026943860918652727,-0.026943860918652727,-0.026943860918652727,-0.026943860918652727,-0.026943860918652727,-0.026943860918652727,-0.026943860918652727,-0.026943860918652727,-0.026943860918652727
-0.028113004322554917,-0.028113004322554917,-0.028113004322554917,-0.028113004322554917,-0.028113004322554917,-0.028113004322554917,-0.028113004322554917,-0.028113004322554917,-0.028113004322554917,-0.028113004322554917,-0.028113004322554917,-0.028113004322554917,-0.028113004322554917,-0.028113004322554917,-0.028113004322554917,-0.028113004322554917,-0.028113004322554917,-0.028113004322554917,-0.028113004322554917,-0.028113004322554917,-0.028113004322554917,-0.028113004322554917,-0.028113004322554917,-0.028113004322554917,-0.028113004322554917,-0.028113004322554917,-0.028113004322554917,-0.028113004322554917,-0.028113004322554917,-0.028113004322554917,-0.028113004322554917,-0.028113004322554917,-0.028113004322554917,-0.028113004322554917,-0.028113004322554917,-0.028113004322554917,-0.028113004322554917,-0.028113004322554917,-0.028113004322554917,-0.028113004322554917,-0.028113004322554917,-0.028113004322554917,-0.028113004322554917,-0.028113004322554917,-0.028113004322554917,-0.028113004322554917,-0.028113004322554917,-0.028113004322554917,-0.028113004322554917,-0.028113004322554917,-0.028113004322554917,-0.028113004322554917,-0.028113004322554917,-0.028113004322554917,-0.028113004322554917,-0.028113004322554917,-0.028113004322554917,-0.028113004322554917,-0.028113004322554917,-0.028113004322554917,-0.028113004322554917,-0.028113004322554917,-0.028113004322554917,-0.028113004322554917,-0.028113004322554917,-0.028113004322554917,-0.028113004322554917,-0.028113004322554917,-0.028113004322554917,-0.028113004322554917,-0.028113004322554917,-0.028113004322554917,-0.028113004322554917,-0.028113004322554917,-0.028113004322554917,-0.028113004322554917,-0.028113004322554917,-0.028113004322554917,-0.028113004322554917,-0.028113004322554917,-0.028113004322554917,-0.028113004322554917,-0.028113004322554917,-0.028113004322554917,-0.028113004322554917,-0.028113004322554917,-0.028113004322554917,-0.028113004322554917,-0.028113004322554917,-0.028113004322554917,-0.028113004322554917,-0.028113004322554917,-0.028113004322554917,-0.028113004322554917,-0.028113004322554917,-0.028113004322554917,-0.028113004322554917,-0.028113004322554917,-0.028113004322554917,-0.028113004322554917,-0.028113004322554917,-0.028113004322554917,-0.028113004322554917,-0.028113004322554917,-0.028113004322554917,-0.028113004322554917,-0.028113004322554917,-0.028113004322554917,-0.028113004322554917,-0.028113004322554917,-0.028113004322554917,-0.028113004322554917,-0.028113004322554917,-0.028113004322554917,-0.028113004322554917,-0.028113004322554917,-0.028113004322554917,-0.028113004322554917,-0.028113004322554917,-0.028113004322554917,-0.028113004322554917,-0.028113004322554917,-0.028113004322554917,-0.028113004322554917,-0.028113004322554917,-0.028113004322554917,-0.028113004322554917,-0.028113004322554917
-0.029304777034144008,-0.029304777034144008,-0.029304777034144008,-0.029304777034144008,-0.029304777034144008,-0.029304777034144008,-0.029304777034144008,-0.029304777034144008,-0.029304777034144008,-0.029304777034144008,-0.029304777034144008,-0.029304777034144008,-0.029304777034144008,-0.029304777034144008,-0.029304777034144008,-0.029304777034144008,-0.029304777034144008,-0.029304777034144008,-0.029304777034144008,-0.029304777034144008,-0.029304777034144008,-0.029304777034144008,-0.029304777034144008,-0.029304777034144008,-0.029304777034144008,-0.029304777034144008,-0.029304777034144008,-0.029304777034144008,-0.029304777034144008,-0.029304777034144008,-0.029304777034144008,-0.029304777034144008,-0.029304777034144008,-0.029304777034144008,-0.029304777034144008,-0.029304777034144008,-0.029304777034144008,-0.029304777034144008,-0.029304777034144008,-0.029304777034144008,-0.029304777034144008,-0.029304777034144008,-0.029304777034144008,-0.029304777034144008,-0.029304777034144008,-0.029304777034144008,-0.029304777034144008,-0.029304777034144008,-0.029304777034144008,-0.029304777034144008,-0.029304777034144008,-0.029304777034144008,-0.029304777034144008,-0.029304777034144008,-0.029304777034144008,-0.029304777034144008,-0.029304777034144008,-0.029304777034144008,-0.029304777034144008,-0.029304777034144008,-0.029304777034144008,-0.029304777034144008,-0.029304777034144008,-0.029304777034144008,-0.029304777034144008,-0.029304777034144008,-0.029304777034144008,-0.029304777034144008,-0.029304777034144008,-0.029304777034144008,-0.029304777034144008,-0.029304777034144008,-0.029304777034144008,-0.029304777034144008,-0.029304777034144008,-0.029304777034144008,-0.029304777034144008,-0.029304777034144008,-0.029304777034144008,-0.029304777034144008,-0.029304777034144008,-0.029304777034144008,-0.029304777034144008,-0.029304777034144008,-0.029304777034144008,-0.029304777034144008,-0.029304777034144008,-0.029304777034144008,-0.029304777034144008,-0.029304777034144008,-0.029304777034144008,-0.029304777034144008,-0.029304777034144008,-0.029304777034144008,-0.029304777034144008,-0.029304777034144008,-0.029304777034144008,-0.029304777034144008,-0.029304777034144008,-0.029304777034144008,-0.029304777034144008,-0.029304777034144008,-0.029304777034144008,-0.029304777034144008,-0.029304777034144008,-0.029304777034144008,-0.029304777034144008,-0.029304777034144008,-0.029304777034144008,-0.029304777034144008,-0.029304777034144008,-0.029304777034144008,-0.029304777034144008,-0.029304777034144008,-0.029304777034144008,-0.029304777034144008,-0.029304777034144008,-0.029304777034144008,-0.029304777034144008,-0.029304777034144008,-0.029304777034144008,-0.029304777034144008,-0.029304777034144008,-0.029304777034144008,-0.029304777034144008,-0.029304777034144008,-0.029304777034144008,-0.029304777034144008
-0.03051961281635015,-0.03051961281635015,-0.03051961281635015,-0.03051961281635015,-0.03051961281635015,-0.03051961281635015,-0.03051961281635015,-0.03051961281635015,-0.03051961281635015,-0.03051961281635015,-0.03051961281635015,-0.03051961281635015,-0.03051961281635015,-0.03051961281635015,-0.03051961281635015,-0.03051961281635015,-0.03051961281635015,-0.03051961281635015,-0.03051961281635015,-0.03051961281635015,-0.03051961281635015,-0.03051961281635015,-0.03051961281635015,-0.03051961281635015,-0.03051961281635015,-0.03051961281635015,-0.03051961281635015,-0.03051961281635015,-0.03051961281635015,-0.03051961281635015,-0.03051961281635015,-0.03051961281635015,-0.03051961281635015,-0.03051961281635015,-0.03051961281635015,-0.03051961281635015,-0.03051961281635015,-0.03051961281635015,-0.03051961281635015,-0.03051961281635015,-0.03051961281635015,-0.03051961281635015,-0.03051961281635015,-0.03051961281635015,-0.03051961281635015,-0.03051961281635015,-0.03051961281635015,-0.03051961281635015,-0.03051961281635015,-0.03051961281635015,-0.03051961281635015,-0.03051961281635015,-0.03051961281635015,-0.03051961281635015,-0.03051961281635015,-0.03051961281635015,-0.03051961281635015,-0.03051961281635015,-0.03051961281635015,-0.03051961281635015,-0.03051961281635015,-0.03051961281635015,-0.03051961281635015,-0.03051961281635015,-0.03051961281635015,-0.03051961281635015,-0.03051961281635015,-0.03051961281635015,-0.03051961281635015,-0.03051961281635015,-0.03051961281635015,-0.03051961281635015,-0.03051961281635015,-0.03051961281635015,-0.03051961281635015,-0.03051961281635015,-0.03051961281635015,-0.03051961281635015,-0.03051961281635015,-0.03051961281635015,-0.03051961281635015,-0.03051961281635015,-0.03051961281635015,-0.03051961281635015,-0.03051961281635015,-0.03051961281635015,-0.03051961281635015,-0.03051961281635015,-0.03051961281635015,-0.03051961281635015,-0.03051961281635015,-0.03051961281635015,-0.03051961281635015,-0.03051961281635015,-0.03051961281635015,-0.03051961281635015,-0.03051961281635015,-0.03051961281635015,-0.03051961281635015,-0.03051961281635015,-0.03051961281635015,-0.03051961281635015,-0.03051961281635015,-0.03051961281635015,-0.03051961281635015,-0.03051961281635015,-0.03051961281635015,-0.03051961281635015,-0.03051961281635015,-0.03051961281635015,-0.03051961281635015,-0.03051961281635015,-0.03051961281635015,-0.03051961281635015,-0.03051961281635015,-0.03051961281635015,-0.03051961281635015,-0.03051961281635015,-0.03051961281635015,-0.03051961281635015,-0.03051961281635015,-0.03051961281635015,-0.03051961281635015,-0.03051961281635015,-0.03051961281635015,-0.03051961281635015,-0.03051961281635015,-0.03051961281635015
-0.03175795315047089,-0.03175795315047089,-0.03175795315047089,-0.03175795315047089,-0.03175795315047089,-0.03175795315047089,-0.03175795315047089,-0.03175795315047089,-0.03175795315047089,-0.03175795315047089,-0.03175795315047089,-0.03175795315047089,-0.03175795315047089,-0.03175795315047089,-0.03175795315047089,-0.03175795315047089,-0.03175795315047089,-0.03175795315047089,-0.03175795315047089,-0.03175795315047089,-0.03175795315047089,-0.03175795315047089,-0.03175795315047089,-0.03175795315047089,-0.03175795315047089,-0.03175795315047089,-0.03175795315047089,-0.03175795315047089,-0.03175795315047089,-0.03175795315047089,-0.03175795315047089,-0.03175795315047089,-0.03175795315047089,-0.03175795315047089,-0.03175795315047089,-0.03175795315047089,-0.03175795315047089,-0.03175795315047089,-0.03175795315047089,-0.03175795315047089,-0.03175795315047089,-0.03175795315047089,-0.03175795315047089,-0.03175795315047089,-0.03175795315047089,-0.03175795315047089,-0.03175795315047089,-0.03175795315047089,-0.03175795315047089,-0.03175795315047089,-0.03175795315047089,-0.03175795315047089,-0.03175795315047089,-0.03175795315047089,-0.03175795315047089,-0.03175795315047089,-0.03175795315047089,-0.03175795315047089,-0.03175795315047089,-0.03175795315047089,-0.03175795315047089,-0.03175795315047089,-0.03175795315047089,-0.03175795315047089,-0.03175795315047089,-0.03175795315047089,-0.03175795315047089,-0.03175795315047089,-0.03175795315047089,-0.03175795315047089,-0.03175795315047089,-0.03175795315047089,-0.03175795315047089,-0.03175795315047089,-0.03175795315047089,-0.03175795315047089,-0.03175795315047089,-0.03175795315047089,-0.03175795315047089,-0.03175795315047089,-0.03175795315047089,-0.03175795315047089,-0.03175795315047089,-0.03175795315047089,-0.03175795315047089,-0.03175795315047089,-0.03175795315047089,-0.03175795315047089,-0.03175795315047089,-0.03175795315047089,-0.03175795315047089,-0.03175795315047089,-0.03175795315047089,-0.03175795315047089,-0.03175795315047089,-0.03175795315047089,-0.03175795315047089,-0.03175795315047089,-0.03175795315047089,-0.03175795315047089,-0.03175795315047089,-0.03175795315047089,-0.03175795315047089,-0.03175795315047089,-0.03175795315047089,-0.03175795315047089,-0.03175795315047089,-0.03175795315047089,-0.03175795315047089,-0.03175795315047089,-0.03175795315047089,-0.03175795315047089,-0.03175795315047089,-0.03175795315047089,-0.03175795315047089,-0.03175795315047089,-0.03175795315047089,-0.03175795315047089,-0.03175795315047089,-0.03175795315047089,-0.03175795315047089,-0.03175795315047089,-0.03175795315047089,-0.03175795315047089,-0.03175795315047089,-0.03175795315047089,-0.03175795315047089,-0.03175795315047089
-0.03302024584424606,-0.03302024584424606,-0.03302024584424606,-0.03302024584424606,-0.03302024584424606,-0.03302024584424606,-0.03302024584424606,-0.03302024584424606,-0.03302024584424606,-0.03302024584424606,-0.03302024584424606,-0.03302024584424606,-0.03302024584424606,-0.03302024584424606,-0.03302024584424606,-0.03302024584424606,-0.03302024584424606,-0.03302024584424606,-0.03302024584424606,-0.03302024584424606,-0.03302024584424606,-0.03302024584424606,-0.03302024584424606,-0.03302024584424606,-0.03302024584424606,-0.03302024584424606,-0.03302024584424606,-0.03302024584424606,-0.03302024584424606,-0.03302024584424606,-0.03302024584424606,-0.03302024584424606,-0.03302024584424606,-0.03302024584424606,-0.03302024584424606,-0.03302024584424606,-0.03302024584424606,-0.03302024584424606,-0.03302024584424606,-0.03302024584424606,-0.03302024584424606,-0.03302024584424606,-0.03302024584424606,-0.03302024584424606,-0.03302024584424606,-0.03302024584424606,-0.03302024584424606,-0.03302024584424606,-0.03302024584424606,-0.03302024584424606,-0.03302024584424606,-0.03302024584424606,-0.03302024584424606,-0.03302024584424606,-0.03302024584424606,-0.03302024584424606,-0.03302024584424606,-0.03302024584424606,-0.03302024584424606,-0.03302024584424606,-0.03302024584424606,-0.03302024584424606,-0.03302024584424606,-0.03302024584424606,-0.03302024584424606,-0.03302024584424606,-0.03302024584424606,-0.03302024584424606,-0.03302024584424606,-0.03302024584424606,-0.03302024584424606,-0.03302024584424606,-0.03302024584424606,-0.03302024584424606,-0.03302024584424606,-0.03302024584424606,-0.03302024584424606,-0.03302024584424606,-0.03302024584424606,-0.03302024584424606,-0.03302024584424606,-0.03302024584424606,-0.03302024584424606,-0.03302024584424606,-0.03302024584424606,-0.03302024584424606,-0.03302024584424606,-0.03302024584424606,-0.03302024584424606,-0.03302024584424606,-0.03302024584424606,-0.03302024584424606,-0.03302024584424606,-0.03302024584424606,-0.03302024584424606,-0.03302024584424606,-0.03302024584424606,-0.03302024584424606,-0.03302024584424606,-0.03302024584424606,-0.03302024584424606,-0.03302024584424606,-0.03302024584424606,-0.03302024584424606,-0.03302024584424606,-0.03302024584424606,-0.03302024584424606,-0.03302024584424606,-0.03302024584424606,-0.03302024584424606,-0.03302024584424606,-0.03302024584424606,-0.03302024584424606,-0.03302024584424606,-0.03302024584424606,-0.03302024584424606,-0.03302024584424606,-0.03302024584424606,-0.03302024584424606,-0.03302024584424606,-0.03302024584424606,-0.03302024584424606,-0.03302024584424606,-0.03302024584424606,-0.03302024584424606,-0.03302024584424606,-0.03302024584424606,-0.03302024584424606
-0.03433248432622624,-0.03430021857002229,-0.034286361417736666,-0.03433818890023607,-0.034274743539465455,-0.03431861969813173,-0.03431503114758292,-0.0342778278458712,-0.0343364899820658,-0.03428553458160608,-0.034304259895729036,-0.03432587213561913,-0.03427566530804602,-0.034329190248071545,-0.034298458346558834,-0.03429216510313655,-0.03433128630829921,-0.0342793570917114,-0.034318466595889,-0.0343107866373578,-0.03428427215803954,-0.03433104499594554,-0.034287365137212936,-0.03430682207755858,-0.034320297392818055,-0.034281451022655396,-0.03432601147128625,-0.03429756574801533,-0.03429657007873031,-0.03432561750435432,-0.03428349623110513,-0.034317821366192436,-0.03430773192093692,-0.03428942862458641,-0.03432635709518019,-0.03428932092404612,-0.0343084647104907,-0.0343159652469425,-0.03428628483936445,-0.0343230402870242,-0.03429728783668634,-0.0342998620776494,-0.03432100381349494,-0.0342871490457034,-0.03431687485579264,-0.03430559545906117,-0.03429351504713614,-0.034322366397525936,-0.034291279665406446,-0.034309427208519566,-0.03431263908769133,-0.03429028567637181,-0.03432032963341385,-0.03429743082949706,-0.034302277230686934,-0.03431728280177745,-0.034290327609430814,-0.03431576659170469,-0.0343041585875988,-0.03429672053795192,-0.03431900432759692,-0.034293159785893104,-0.034309897038717646,-0.03431011990905087,-0.03429356702177952,-0.034317904055769836,-0.0342978483217202,-0.0343040089111637,-0.034314309537134435,-0.034293059477483914,-0.0343145961740329,-0.034303246861402424,-0.034299207317366534,-0.03431619934054153,-0.03429491017929341,-0.03431001935104014,-0.03430824194262025,-0.03429623407719454,-0.034315768175840894,-0.034298431492980286,-0.03430521405377385,-0.034311956709239894,-0.03429538138409892,-0.034313432507951706,-0.03430272246876134,-0.03430111301755116,-0.03431388085700617,-0.03429650213892613,-0.03430990513422201,-0.03430686838127511,-0.034298382195890556,-0.034313913153265846,-0.03429910103670309,-0.03430601886304771,-0.03431011398434058,-0.03429733466670429,-0.03431232121642032,-0.034302477671118256,-0.0343025532287935,-0.03431198184466262,-0.03429792306050126,-0.034309638054280826,-0.034305887338952006,-0.03430009624759209,-0.03431232154370627,-0.034299800569675895,-0.03430652388034698,-0.034308686877009484,-0.034298962028358825,-0.034311290536021596,-0.034302429195670725,-0.03430362410255959,-0.0343104403919397,-0.03429917158481556,-0.03430928013408746,-0.03430520813395088,-0.034301450626656835,-0.034310970889056346,-0.034300491298726137,-0.03430680841507771,-0.03430759534651974,-0.03430030532488408,-0.03431035595976967,-0.03430251349343756,-0.03430440488528354,-0.034309200545669945,-0.03430025389943048,-0.03430887642724553
-0.035643228889159904,-0.03561092085533897,-0.035597045546114064,-0.03564894093783711,-0.03558541244501018,-0.03562934609433059,-0.03562575284172662,-0.03558850079276318,-0.03564723979358507,-0.035596217626585304,-0.03561496747636932,-0.035636608034641123,-0.03558633542137831,-0.035639930494795365,-0.035609158325465816,-0.03560285683604634,-0.035642029301477536,-0.03559003204236456,-0.03562919279147896,-0.03562150276994651,-0.03559495354887312,-0.035641787672933814,-0.03559805058075763,-0.03561753301540957,-0.0356310259872897,-0.03559212871697307,-0.035636747552878885,-0.03560826455735607,-0.035607267583451854,-0.03563635306973457,-0.035594176605246546,-0.035628546716342,-0.03561844405094996,-0.0356001167719056,-0.03563709362964164,-0.03560000893024598,-0.035619177800673266,-0.03562668816503071,-0.035596968867401685,-0.03563377247549283,-0.03560798628188161,-0.03561056389585638,-0.035631733333585144,-0.03559783420610476,-0.03562759896573559,-0.035616304789681676,-0.035604208548869046,-0.0356330977030014,-0.03560197023813276,-0.03562014155985724,-0.035623357647534035,-0.035600974946680554,-0.03563105827013014,-0.03560812946205491,-0.03561298221345372,-0.03562800744624945,-0.03560101693468418,-0.03562648924949619,-0.035614866035495685,-0.035607418239819236,-0.035629731227773354,-0.03560385282212944,-0.03562061200567086,-0.03562083516802968,-0.03560426059161447,-0.03562862951426703,-0.03560854750131548,-0.03561471616294049,-0.03562503028575652,-0.03560375238228678,-0.035625317298233504,-0.03561395311467022,-0.03560990827764524,-0.035626922565361104,-0.03560560550905919,-0.03562073447825842,-0.035618954740911486,-0.03560693114165539,-0.03562649083570808,-0.035609131436701184,-0.03561592288464141,-0.03562267437496641,-0.035606077331281384,-0.03562415210740798,-0.03561342803492077,-0.03561181647485682,-0.03562460104393138,-0.03560719955462657,-0.035620620111782714,-0.035617579379797565,-0.0356090820750178,-0.03562463338250864,-0.03560980185772292,-0.035616728748451794,-0.035620829235556276,-0.03560803317326063,-0.0356230393597583,-0.03561318291652087,-0.03561325857319886,-0.03562269954332393,-0.035608622338026294,-0.035620352681888366,-0.035616597052020894,-0.035610798372630474,-0.03562303968747309,-0.03561050230728936,-0.03561723442747204,-0.03561940025829544,-0.03560966266723689,-0.03562200732886554,-0.035613134377556276,-0.035614330850124096,-0.03562115607084522,-0.03560987249827413,-0.035619994292714424,-0.03561591695706174,-0.03561215452632956,-0.03562168726306889,-0.03561119394139753,-0.03561751933502684,-0.03561830729758018,-0.03561100772387512,-0.035621071528044244,-0.03561321878577794,-0.03561511265590273,-0.03561991460001271,-0.03561095623103907,-0.03561959005689797
-0.036979410829638446,-0.036947063724442106,-0.036933171635260276,-0.036985129786120674,-0.036921524465789904,-0.03696551124579958,-0.03696191364773398,-0.03692461654840325,-0.036983426584608015,-0.036932342714495886,-0.03695111523921035,-0.03697278196826001,-0.036922448558349634,-0.036976108446395935,-0.036945299063072284,-0.03693898995301392,-0.03697820979124754,-0.036926149649804965,-0.03696535775755279,-0.036957658436174975,-0.036931077108084825,-0.036977967870492914,-0.03693417788533175,-0.03695368388085782,-0.03696719317031928,-0.03692824886000451,-0.036972921655222674,-0.03694440421409363,-0.03694340603450968,-0.03697252669501438,-0.036930299224869775,-0.036964710901091755,-0.0369545960181493,-0.0369362465752059,-0.03697326815050966,-0.03693613860312912,-0.036955330655224994,-0.036962850102161306,-0.03693309486381732,-0.03696994297995857,-0.0369441256020897,-0.036946706333274376,-0.03696790137203641,-0.0369339612490085,-0.03696376200433328,-0.03695245416978827,-0.036940343300516085,-0.03696926739143824,-0.03693810228290263,-0.036956295579920834,-0.03695951555693889,-0.03693710578780535,-0.036967225492200634,-0.03694426895541641,-0.03694912757543826,-0.03696417097883868,-0.03693714782658672,-0.03696265094607041,-0.036951013675660276,-0.03694355687307172,-0.03696589684499936,-0.03693998714358215,-0.03695676659466308,-0.03695699002690091,-0.03694039540619885,-0.03696479379914758,-0.03694468750022829,-0.03695086362185831,-0.03696119021794853,-0.03693988658227364,-0.03696147757752099,-0.03695009965080377,-0.03694604992219836,-0.036963084785961234,-0.036941741950105106,-0.03695688921536154,-0.036955107325708274,-0.03694306918584092,-0.03696265253420057,-0.03694527214179001,-0.036952071802895226,-0.03695883145806289,-0.036942214342920464,-0.036960310977584385,-0.03694957393605473,-0.03694796042706784,-0.036960760457024386,-0.03694333792341446,-0.03695677471057797,-0.03695373030131609,-0.036945222720411605,-0.036960792834709946,-0.03694594337357825,-0.036952878641268394,-0.036956984087253134,-0.036944172550176305,-0.03695919688424523,-0.03694932852122352,-0.0369494042693961,-0.03695885665685749,-0.036944762427442074,-0.03695650695727014,-0.03695274678557182,-0.03694694109361045,-0.03695919721235634,-0.03694664467022589,-0.03695338493182616,-0.03695555338187391,-0.03694580401476369,-0.03695816360527695,-0.03694927992355884,-0.03695047784306798,-0.03695731131779684,-0.03694601409955785,-0.03695614813468208,-0.036952065868147095,-0.036948298887359524,-0.03695784315241215,-0.03694733714075436,-0.036953670183930865,-0.03695445909939829,-0.03694715069803178,-0.036957226672754924,-0.036949364433858684,-0.036951260594315076,-0.036956068345604845,-0.03694709914292342,-0.03695574341000736
-0.03834140256139092,-0.03830901837943004,-0.03829511036691547,-0.03834712807303169,-0.038283449847274886,-0.038327487045628814,-0.0383238853239393,-0.03828654547408232,-0.038345422919282474,-0.03829428049602897,-0.03831307453810872,-0.03833476610190654,-0.03828437499904416,-0.03833809639290441,-0.0383072516953774,-0.03830093535371712,-0.038340200146350784,-0.038288080332749164,-0.03832733338145136,-0.038319625234989385,-0.038293013438959786,-0.03833995794830275,-0.03829611777036672,-0.03831564612397394,-0.03832917089799705,-0.0382901819490967,-0.038334905948980605,-0.03830635582070867,-0.03830535649699546,-0.03833451053606267,-0.03829223466412267,-0.03832668578355321,-0.03831655930677164,-0.03829818883140599,-0.038335252841425985,-0.038298080735569895,-0.0383172947859,-0.03832482285174553,-0.038295033507475866,-0.038331923859511716,-0.038306076889355244,-0.0383086605786149,-0.03832987991146621,-0.03829590088573148,-0.03832573579915423,-0.038314415003390084,-0.038302290252447635,-0.038331247496621125,-0.03830004666614428,-0.03831826081660781,-0.038321484484414546,-0.03829904902884852,-0.03832920325692626,-0.03830622040699581,-0.03831108459604492,-0.03832614524243269,-0.03829909111581542,-0.03832462346737877,-0.03831297285814489,-0.038305507508451055,-0.0383278730868085,-0.03830193368728098,-0.038318732371234614,-0.038318956059574014,-0.038302342417854754,-0.038326768776628085,-0.03830663943155038,-0.03831282263234888,-0.038323161064947174,-0.0383018330107075,-0.03832344875389572,-0.03831205778561861,-0.0383080034151501,-0.03832505780454375,-0.038303690505190974,-0.03831885513248287,-0.03831707120039944,-0.03830501926222542,-0.03832462505732927,-0.03830722474323753,-0.03831403219822204,-0.038320799601413574,-0.03830416343947046,-0.038322280816783794,-0.038311531468287,-0.03830991610987054,-0.03832273081142425,-0.038305288307830226,-0.03831874049645209,-0.03831569259764008,-0.03830717526521155,-0.03832276322622163,-0.03830789674440227,-0.03831483996140614,-0.038318950113118116,-0.03830612389125449,-0.0383211654464532,-0.03831128577215742,-0.03831136160715376,-0.03832082482909143,-0.038306714444646936,-0.038318472436241174,-0.03831470795457448,-0.03830889560803699,-0.038321165774940394,-0.03830859884488724,-0.03831534683228217,-0.03831751776784173,-0.03830775722585244,-0.03832013098312419,-0.03831123711878933,-0.03831243641137279,-0.03831927771873866,-0.03830796755144912,-0.03831811320236499,-0.038314026256671414,-0.03831025495811077,-0.03831981016295123,-0.03830929210913642,-0.03831563241134735,-0.03831642223108219,-0.03830910545271024,-0.038319192976675256,-0.03831132172595622,-0.03831322005982177,-0.03831803332183224,-0.03830905383850859,-0.038317708013788435
-0.039729656217065694,-0.03969723631062836,-0.03968331295554727,-0.03973538804478097,-0.03967163957265265,-0.0397157253504599,-0.03971211965554599,-0.03967473861438799,-0.03973368100999843,-0.039682482169192124,-0.03970129694384171,-0.03972301243659847,-0.03967256574499927,-0.03972634640139309,-0.039695467677665505,-0.039689144368159034,-0.03972845247558637,-0.03967627516622783,-0.03971557151676844,-0.03970785486709656,-0.03968121371437418,-0.039728210010358575,-0.03968432147031147,-0.03970387136654125,-0.03971741106036292,-0.03967837910096476,-0.039723152437944255,-0.039694570814716335,-0.0396935703886033,-0.039722756588828186,-0.03968043408043482,-0.03971492320447534,-0.03970478555671278,-0.039686394816033164,-0.0397234997130626,-0.0396862866009516,-0.039705521847181895,-0.03971305821758215,-0.03968323601132049,-0.0397201670587957,-0.039694291575660935,-0.03969687811510673,-0.039718120855977354,-0.03968410434642085,-0.039713972172105004,-0.039702638887851804,-0.03969050076154048,-0.039719489949778176,-0.039688254700234175,-0.03970648894356249,-0.03970971616754504,-0.03968725596239896,-0.03971744345498874,-0.0396944352516224,-0.03969930480658154,-0.03971438206705913,-0.03968729809579391,-0.039712858613265345,-0.03970119515171005,-0.03969372156664656,-0.039716111817499324,-0.03969014380303043,-0.03970696101838283,-0.0397071849534831,-0.03969055298449365,-0.03971500628910369,-0.03969485473842218,-0.03970104476019307,-0.03971139459759055,-0.03969004301539601,-0.039711682603901975,-0.0397002790697253,-0.03969622022669477,-0.03971329342956757,-0.039691902558966846,-0.03970708391505465,-0.03970529801503392,-0.039693232781814115,-0.039712860204969794,-0.03969544069579349,-0.03970225566039383,-0.039709030529018224,-0.03969237601496183,-0.03971051337838505,-0.0396997521717889,-0.03969813503139648,-0.03971096386943523,-0.03969350212421547,-0.03970696915256361,-0.03970391789147462,-0.03969539116318603,-0.03971099631999086,-0.03969611343827354,-0.039703064314658545,-0.03970717900046739,-0.03969433862941014,-0.03970939677763829,-0.03969950620462064,-0.03969958212327405,-0.03970905578452588,-0.03969492983426911,-0.03970670079664318,-0.039702932162204094,-0.03969711340380055,-0.03970939710648785,-0.03969681631327776,-0.03970357174468708,-0.039705745075105235,-0.039695973765814394,-0.03970836117314533,-0.039699457497580797,-0.039700658113158906,-0.03970750696748472,-0.03969618432343088,-0.03970634116647962,-0.0397022497122888,-0.03969847425343574,-0.039708039999060925,-0.03969751034229852,-0.03970385763878763,-0.03970464832980885,-0.039697323479963076,-0.039707422131938466,-0.03969954219808173,-0.039701442626086436,-0.039706261197827004,-0.03969727180882344,-0.039705935530920965
-0.0411446344209404,-0.041112179815114495,-0.0410982415577107,-0.041150372383495,-0.041086555680663765,-0.041130688643972214,-0.04112707908984271,-0.04108965803933815,-0.04114866352165404,-0.04109740988215562,-0.04111624479446901,-0.04113798352956061,-0.04108748284430301,-0.04114132106273504,-0.04111040928916399,-0.04110407921174861,-0.0411434293910831,-0.04109119623576661,-0.04113053464563084,-0.04112280973674249,-0.04109614006969629,-0.041143186666342056,-0.04109925115189953,-0.041118821972601964,-0.041132376158109406,-0.04109330242236842,-0.0411381236807514,-0.041109511466292374,-0.04110850996941209,-0.04113772740795359,-0.041095359601306,-0.04112988563944184,-0.04111973714124146,-0.04110132671674635,-0.04113847132756219,-0.04110121838584097,-0.0411204742197705,-0.04112801865643231,-0.041098164531129654,-0.041135135106318145,-0.0411092319283643,-0.04111182123621219,-0.041133086713426026,-0.04109903379561878,-0.04112893358917092,-0.04111758817477679,-0.041105437056893075,-0.04113445727258326,-0.041103188591602224,-0.04112144235124517,-0.04112467302936166,-0.04110218878480673,-0.041132408587407555,-0.04110937575810374,-0.04111425052500204,-0.04112934392284019,-0.04110223096329753,-0.04112781883847677,-0.041116142893388094,-0.04110866130926289,-0.04113107552465164,-0.04110507971632634,-0.04112191493133247,-0.04112213910611298,-0.04110548933574106,-0.041129968812996597,-0.04110979569388494,-0.04111599234090539,-0.041126353255849624,-0.04110497882081778,-0.04112664157041743,-0.04111522583091054,-0.04111116264365491,-0.041128254120167754,-0.04110684035467891,-0.041122037959541974,-0.04112025014805247,-0.04110817200127857,-0.041127820431884836,-0.04111038227841299,-0.04111720453714618,-0.04112398665698825,-0.04110731431741914,-0.04112547109346534,-0.04111469836902939,-0.04111307949779351,-0.041125922066681135,-0.04110844163196012,-0.04112192307421936,-0.041118868547331495,-0.04111033269279022,-0.04112595455196896,-0.04111105574093683,-0.0411180140569226,-0.041122133146725706,-0.04110927903247565,-0.041124353297608315,-0.04111445213859972,-0.0411145281385097,-0.041124011939527166,-0.0411098708701078,-0.041121654431074586,-0.041117881763023896,-0.04111205677673813,-0.04112435362680985,-0.04111175936823604,-0.041118522030059175,-0.041120697686617184,-0.04111091591898469,-0.041123316584696284,-0.04111440337942818,-0.041115605280038575,-0.0411224614647698,-0.04111112670196336,-0.04112129441599484,-0.041117198582674826,-0.04111341908290592,-0.04112299506685566,-0.041112454140083826,-0.04111880823015538,-0.04111959976746204,-0.04111226707774753,-0.04112237653842311,-0.041114488170585,-0.04111639063263907,-0.041121214361750875,-0.041112215351303695,-0.04112088834627991
-0.04258680112447584,-0.04255431267683006,-0.04254035988540299,-0.04259254507025194,-0.042528661822987104,-0.042572840805643414,-0.04256922748767583,-0.04253176741662494,-0.04259083442650689,-0.04253952734262387,-0.04255838189491419,-0.042580143297924214,-0.04252958995341995,-0.04258348431128871,-0.042552540304675646,-0.042546203626615015,-0.042585594838081844,-0.042533307216997274,-0.0425726866467213,-0.04256495368273666,-0.04253825620607622,-0.04258535186024122,-0.04254137053233931,-0.042560961760382154,-0.04257453007942451,-0.042535415599810875,-0.042580283595256715,-0.042551641545605326,-0.042550639004420965,-0.04257988690924813,-0.042537474923857815,-0.0425720369637855,-0.042561877883307536,-0.042543448261467276,-0.04258063160457386,-0.042543339817600584,-0.04256261573042021,-0.04257016803399212,-0.042540282778503,-0.04257729190450775,-0.042551361716190964,-0.04255395372402204,-0.04257524137566786,-0.04254115294941177,-0.042571083920770636,-0.042559726676022674,-0.04254756288764329,-0.042576613363966356,-0.04254531207778052,-0.042563584871407406,-0.04256681891829156,-0.04254431122844328,-0.042574562542538094,-0.042551505695907904,-0.042556385545936284,-0.042571494682312555,-0.04254435345091541,-0.042569968007677775,-0.042558279887576614,-0.04255079050208037,-0.042573228089740026,-0.0425472051744621,-0.04256405794427438,-0.04256428235281162,-0.042547615221004684,-0.04257212022406892,-0.04255192606957428,-0.042558129178106335,-0.04256850089682429,-0.04254710417374544,-0.04256878951203015,-0.04255736186883839,-0.042553294444721834,-0.04257040374325578,-0.04254896764870836,-0.04256418110077072,-0.042562391425052915,-0.04255030068387347,-0.04256996960274735,-0.04255251326575936,-0.04255934263835652,-0.04256613183020802,-0.04254944210567002,-0.042567617814571176,-0.042556833856949944,-0.04255521329764708,-0.04256806925803622,-0.042550570595710574,-0.042564066095652206,-0.04256100838367717,-0.04255246362843153,-0.04256810177719786,-0.042553187430531686,-0.0425601530022542,-0.042564276387210234,-0.04255140886941981,-0.042566498853140095,-0.04255658736976517,-0.042556663448923546,-0.04256615713911013,-0.04255200132418664,-0.04256379717238162,-0.042560020570406934,-0.04255418951015627,-0.0425664991826849,-0.042553891791533474,-0.042560661505076314,-0.042562839430285423,-0.04255304746278116,-0.04256546105920271,-0.042556538559750334,-0.04255774171363444,-0.04256460504760573,-0.04255325846555233,-0.042563436781898584,-0.042559336677676196,-0.042555553236859556,-0.042565139206101554,-0.04255458728784989,-0.04256094800360573,-0.04256174036628253,-0.042554400030455616,-0.04256452003270267,-0.042556623439322566,-0.04255852788515602,-0.04256335664417861,-0.042554348250074384,-0.042563030288757214
-0.04405662007414383,-0.04402409854946698,-0.04401013155246996,-0.04406236986792704,-0.043998421580061384,-0.04404264554207767,-0.04403902854533074,-0.04400153033555596,-0.04406065748254703,-0.044009298162065134,-0.04402817191049,-0.04404995546914781,-0.043999350655439314,-0.044053299884053806,-0.04402232437283088,-0.0440159812432925,-0.04405541255960951,-0.044003071703624774,-0.044042491226203795,-0.04403475038915938,-0.04400802573135214,-0.04405516933438909,-0.0440111432283628,-0.044030754402562065,-0.04404433653573661,-0.044005182233018116,-0.04405009590931937,-0.04402142469871894,-0.044020421136830655,-0.04404969881943815,-0.044007243653697264,-0.04404184088181495,-0.0440316714582075,-0.04401322307286149,-0.04405044427295061,-0.044013114518586284,-0.04403241005653464,-0.044039970049232935,-0.04401005436706615,-0.044047101172680105,-0.044021144584405585,-0.04402373923120311,-0.04404504855616256,-0.04401092542391045,-0.044040886868491065,-0.044029518060742574,-0.04401734188820712,-0.044046421941305244,-0.044015088786757244,-0.044033380184220455,-0.044036617523741745,-0.044014086918438576,-0.04404436903190144,-0.04402128871071067,-0.044026173528995856,-0.04404129804823618,-0.04401412918389812,-0.04403976981926845,-0.04402806979929705,-0.04402057278873236,-0.044043033220474696,-0.04401698381083217,-0.04403385373873082,-0.044034078375742136,-0.044017394274849984,-0.044041924226867056,-0.044021709512366496,-0.04402791893638694,-0.04403830121472491,-0.044016882707284995,-0.04403859012377473,-0.044027150845908615,-0.044023079280679646,-0.04404020599847613,-0.04401874807948289,-0.04403397702061484,-0.044032185522798306,-0.044020082471833366,-0.044039771415962,-0.04402229730638582,-0.04402913363208127,-0.04403592973612236,-0.04401922301949711,-0.044037417233391,-0.04402662229644245,-0.04402500008722109,-0.04403786913647818,-0.04402035265847222,-0.044033861898407696,-0.044030801073325035,-0.044022247618521394,-0.044037901688748125,-0.044022972157536554,-0.04402994482102396,-0.04403407240406707,-0.04402119178564192,-0.044036297132726616,-0.04402637555830495,-0.04402645171492079,-0.04403595507079189,-0.04402178484359683,-0.04403359270134184,-0.044029812254345616,-0.04402397525739514,-0.044036297462606934,-0.044023677235660044,-0.04403045384156128,-0.04403263398415243,-0.044022832047282516,-0.044035258282193894,-0.044026326698595825,-0.04402753107743099,-0.04403440139907721,-0.044023043264879144,-0.044033231943939245,-0.04402912766533227,-0.04402534037253136,-0.04403493610140872,-0.04402437344007287,-0.044030740631779634,-0.044031533801174125,-0.044024185992028717,-0.04403431629761906,-0.04402641166458537,-0.044028318049366924,-0.04403315172462971,-0.04402413415892901,-0.044032825036940414
-0.04555455603252029,-0.0455220021321949,-0.045508021230850196,-0.045560311550306445,-0.04549629960099459,-0.045540567588605196,-0.04553694699108564,-0.04549941145130025,-0.045558597460222006,-0.04550718701079316,-0.04552607954830777,-0.045547884792813534,-0.0454972296012805,-0.04555123253713299,-0.04552022618934026,-0.04551387674512462,-0.04555334731588778,-0.0455009543538233,-0.04554041311910763,-0.04553266457594789,-0.045505913313356974,-0.04555310384853313,-0.04550903391388103,-0.04552866461128807,-0.04554226026567279,-0.045503066984279195,-0.045548025372795314,-0.045519325619589726,-0.04551832105864105,-0.04554762788760537,-0.045505130457132476,-0.045539762127291536,-0.045529582579875674,-0.04551111582889503,-0.045548374083227594,-0.04551100716655247,-0.045530321913488145,-0.045537889432268594,-0.04550794396860719,-0.04554502765485238,-0.04551904522641852,-0.04552164245622449,-0.04554297299492538,-0.045508815892601195,-0.04553880716423357,-0.04552742703867241,-0.04551523874458095,-0.04554434774729285,-0.04551298340013596,-0.04553129300695011,-0.045534533569289756,-0.045511980534442886,-0.04554229279418802,-0.04551918949620343,-0.045524079177395926,-0.04553921875331407,-0.045512022841978306,-0.04553768900297228,-0.045525977335461654,-0.045518472861514434,-0.04554095565294167,-0.04551488031073479,-0.045531767032890844,-0.04553199189353156,-0.04551529118337548,-0.045539845555314845,-0.04551961071677339,-0.045525826322365334,-0.04553621893641166,-0.04551477910653756,-0.045536508133074624,-0.04552505746724182,-0.04552098184871073,-0.04553812561640268,-0.045516646335740485,-0.04553189043750376,-0.04553009715622523,-0.04551798205649786,-0.04553769060125537,-0.045520199095950176,-0.0455270422273068,-0.04553384509696784,-0.04551712174856436,-0.04553533407506155,-0.045524528391597,-0.04552290456744289,-0.04553578642802479,-0.04551825251211143,-0.04553177520069081,-0.04552871132851247,-0.045520149358620754,-0.045535819012700984,-0.045520874618925,-0.04552785422379983,-0.04553198591591161,-0.045519092474644376,-0.04553421285932073,-0.04552428140782812,-0.04552435764025897,-0.04553387045685839,-0.04551968612299706,-0.04553150573563537,-0.045527721525149445,-0.045521878717384015,-0.04553421318952945,-0.045521580398963965,-0.04552836375107447,-0.04553054606402912,-0.04552073436918917,-0.045533172974597275,-0.04552423249947844,-0.045525438077290176,-0.045532315238441035,-0.045520945797055984,-0.04553114461909355,-0.04552703625461782,-0.045523245191512116,-0.04553285047307645,-0.04552227729645836,-0.045528650826796635,-0.04552944478580273,-0.04552208966180697,-0.04553223005226316,-0.04552431755005286,-0.04552622583266806,-0.04553106431992454,-0.04552203777710666,-0.04553073730701292
-0.04705564421784086,-0.04705564421784086,-0.04705564421784086,-0.04705564421784086,-0.04705564421784086,-0.04705564421784086,-0.04705564421784086,-0.04705564421784086,-0.04705564421784086,-0.04705564421784086,-0.04705564421784086,-0.04705564421784086,-0.04705564421784086,-0.04705564421784086,-0.04705564421784086,-0.04705564421784086,-0.04705564421784086,-0.04705564421784086,-0.04705564421784086,-0.04705564421784086,-0.04705564421784086,-0.04705564421784086,-0.04705564421784086,-0.04705564421784086,-0.04705564421784086,-0.04705564421784086,-0.04705564421784086,-0.04705564421784086,-0.04705564421784086,-0.04705564421784086,-0.04705564421784086,-0.04705564421784086,-0.04705564421784086,-0.04705564421784086,-0.04705564421784086,-0.04705564421784086,-0.04705564421784086,-0.04705564421784086,-0.04705564421784086,-0.04705564421784086,-0.04705564421784086,-0.04705564421784086,-0.04705564421784086,-0.04705564421784086,-0.04705564421784086,-0.04705564421784086,-0.04705564421784086,-0.04705564421784086,-0.04705564421784086,-0.04705564421784086,-0.04705564421784086,-0.04705564421784086,-0.04705564421784086,-0.04705564421784086,-0.04705564421784086,-0.04705564421784086,-0.04705564421784086,-0.04705564421784086,-0.04705564421784086,-0.04705564421784086,-0.04705564421784086,-0.04705564421784086,-0.04705564421784086,-0.04705564421784086,-0.04705564421784086,-0.04705564421784086,-0.04705564421784086,-0.04705564421784086,-0.04705564421784086,-0.04705564421784086,-0.04705564421784086,-0.04705564421784086,-0.04705564421784086,-0.04705564421784086,-0.04705564421784086,-0.04705564421784086,-0.04705564421784086,-0.04705564421784086,-0.04705564421784086,-0.04705564421784086,-0.04705564421784086,-0.04705564421784086,-0.04705564421784086,-0.04705564421784086,-0.04705564421784086,-0.04705564421784086,-0.04705564421784086,-0.04705564421784086,-0.04705564421784086,-0.04705564421784086,-0.04705564421784086,-0.04705564421784086,-0.04705564421784086,-0.04705564421784086,-0.04705564421784086,-0.04705564421784086,-0.04705564421784086,-0.04705564421784086,-0.04705564421784086,-0.04705564421784086,-0.04705564421784086,-0.04705564421784086,-0.04705564421784086,-0.04705564421784086,-0.04705564421784086,-0.04705564421784086,-0.04705564421784086,-0.04705564421784086,-0.04705564421784086,-0.04705564421784086,-0.04705564421784086,-0.04705564421784086,-0.04705564421784086,-0.04705564421784086,-0.04705564421784086,-0.04705564421784086,-0.04705564421784086,-0.04705564421784086,-0.04705564421784086,-0.04705564421784086,-0.04705564421784086,-0.04705564421784086,-0.04705564421784086,-0.04705564421784086,-0.04705564421784086,-0.04705564421784086,-0.04705564421784086,-0.04705564421784086
-0.04861224125862448,-0.04861224125862448,-0.04861224125862448,-0.04861224125862448,-0.04861224125862448,-0.04861224125862448,-0.04861224125862448,-0.04861224125862448,-0.04861224125862448,-0.04861224125862448,-0.04861224125862448,-0.04861224125862448,-0.04861224125862448,-0.04861224125862448,-0.04861224125862448,-0.04861224125862448,-0.04861224125862448,-0.04861224125862448,-0.04861224125862448,-0.04861224125862448,-0.04861224125862448,-0.04861224125862448,-0.04861224125862448,-0.04861224125862448,-0.04861224125862448,-0.04861224125862448,-0.04861224125862448,-0.04861224125862448,-0.04861224125862448,-0.04861224125862448,-0.04861224125862448,-0.04861224125862448,-0.04861224125862448,-0.04861224125862448,-0.04861224125862448,-0.04861224125862448,-0.04861224125862448,-0.04861224125862448,-0.04861224125862448,-0.04861224125862448,-0.04861224125862448,-0.04861224125862448,-0.04861224125862448,-0.04861224125862448,-0.04861224125862448,-0.04861224125862448,-0.04861224125862448,-0.04861224125862448,-0.04861224125862448,-0.04861224125862448,-0.04861224125862448,-0.04861224125862448,-0.04861224125862448,-0.04861224125862448,-0.04861224125862448,-0.04861224125862448,-0.04861224125862448,-0.04861224125862448,-0.04861224125862448,-0.04861224125862448,-0.04861224125862448,-0.04861224125862448,-0.04861224125862448,-0.04861224125862448,-0.04861224125862448,-0.04861224125862448,-0.04861224125862448,-0.04861224125862448,-0.04861224125862448,-0.04861224125862448,-0.04861224125862448,-0.04861224125862448,-0.04861224125862448,-0.04861224125862448,-0.04861224125862448,-0.04861224125862448,-0.04861224125862448,-0.04861224125862448,-0.04861224125862448,-0.04861224125862448,-0.04861224125862448,-0.04861224125862448,-0.04861224125862448,-0.04861224125862448,-0.04861224125862448,-0.04861224125862448,-0.04861224125862448,-0.04861224125862448,-0.04861224125862448,-0.04861224125862448,-0.04861224125862448,-0.04861224125862448,-0.04861224125862448,-0.04861224125862448,-0.04861224125862448,-0.04861224125862448,-0.04861224125862448,-0.04861224125862448,-0.04861224125862448,-0.04861224125862448,-0.04861224125862448,-0.04861224125862448,-0.04861224125862448,-0.04861224125862448,-0.04861224125862448,-0.04861224125862448,-0.04861224125862448,-0.04861224125862448,-0.04861224125862448,-0.04861224125862448,-0.04861224125862448,-0.04861224125862448,-0.04861224125862448,-0.04861224125862448,-0.04861224125862448,-0.04861224125862448,-0.04861224125862448,-0.04861224125862448,-0.04861224125862448,-0.04861224125862448,-0.04861224125862448,-0.04861224125862448,-0.04861224125862448,-0.04861224125862448,-0.04861224125862448,-0.04861224125862448,-0.04861224125862448,-0.04861224125862448
-0.050198187563897274,-0.050198187563897274,-0.050198187563897274,-0.050198187563897274,-0.050198187563897274,-0.050198187563897274,-0.050198187563897274,-0.050198187563897274,-0.050198187563897274,-0.050198187563897274,-0.050198187563897274,-0.050198187563897274,-0.050198187563897274,-0.050198187563897274,-0.050198187563897274,-0.050198187563897274,-0.050198187563897274,-0.050198187563897274,-0.050198187563897274,-0.050198187563897274,-0.050198187563897274,-0.050198187563897274,-0.050198187563897274,-0.050198187563897274,-0.050198187563897274,-0.050198187563897274,-0.050198187563897274,-0.050198187563897274,-0.050198187563897274,-0.050198187563897274,-0.050198187563897274,-0.050198187563897274,-0.050198187563897274,-0.050198187563897274,-0.050198187563897274,-0.050198187563897274,-0.050198187563897274,-0.050198187563897274,-0.050198187563897274,-0.050198187563897274,-0.050198187563897274,-0.050198187563897274,-0.050198187563897274,-0.050198187563897274,-0.050198187563897274,-0.050198187563897274,-0.050198187563897274,-0.050198187563897274,-0.050198187563897274,-0.050198187563897274,-0.050198187563897274,-0.050198187563897274,-0.050198187563897274,-0.050198187563897274,-0.050198187563897274,-0.050198187563897274,-0.050198187563897274,-0.050198187563897274,-0.050198187563897274,-0.050198187563897274,-0.050198187563897274,-0.050198187563897274,-0.050198187563897274,-0.050198187563897274,-0.050198187563897274,-0.050198187563897274,-0.050198187563897274,-0.050198187563897274,-0.050198187563897274,-0.050198187563897274,-0.050198187563897274,-0.050198187563897274,-0.050198187563897274,-0.050198187563897274,-0.050198187563897274,-0.050198187563897274,-0.050198187563897274,-0.050198187563897274,-0.050198187563897274,-0.050198187563897274,-0.050198187563897274,-0.050198187563897274,-0.050198187563897274,-0.050198187563897274,-0.050198187563897274,-0.050198187563897274,-0.050198187563897274,-0.050198187563897274,-0.050198187563897274,-0.050198187563897274,-0.050198187563897274,-0.050198187563897274,-0.050198187563897274,-0.050198187563897274,-0.050198187563897274,-0.050198187563897274,-0.050198187563897274,-0.050198187563897274,-0.050198187563897274,-0.050198187563897274,-0.050198187563897274,-0.050198187563897274,-0.050198187563897274,-0.050198187563897274,-0.050198187563897274,-0.050198187563897274,-0.050198187563897274,-0.050198187563897274,-0.050198187563897274,-0.050198187563897274,-0.050198187563897274,-0.050198187563897274,-0.050198187563897274,-0.050198187563897274,-0.050198187563897274,-0.050198187563897274,-0.050198187563897274,-0.050198187563897274,-0.050198187563897274,-0.050198187563897274,-0.050198187563897274,-0.050198187563897274,-0.050198187563897274,-0.050198187563897274,-0.050198187563897274,-0.050198187563897274,-0.050198187563897274,-0.050198187563897274
-0.05181404801713549,-0.05181404801713549,-0.05181404801713549,-0.05181404801713549,-0.05181404801713549,-0.05181404801713549,-0.05181404801713549,-0.05181404801713549,-0.05181404801713549,-0.05181404801713549,-0.05181404801713549,-0.05181404801713549,-0.05181404801713549,-0.05181404801713549,-0.05181404801713549,-0.05181404801713549,-0.05181404801713549,-0.05181404801713549,-0.05181404801713549,-0.05181404801713549,-0.05181404801713549,-0.05181404801713549,-0.05181404801713549,-0.05181404801713549,-0.05181404801713549,-0.05181404801713549,-0.05181404801713549,-0.05181404801713549,-0.05181404801713549,-0.05181404801713549,-0.05181404801713549,-0.05181404801713549,-0.05181404801713549,-0.05181404801713549,-0.05181404801713549,-0.05181404801713549,-0.05181404801713549,-0.05181404801713549,-0.05181404801713549,-0.05181404801713549,-0.05181404801713549,-0.05181404801713549,-0.05181404801713549,-0.05181404801713549,-0.05181404801713549,-0.05181404801713549,-0.05181404801713549,-0.05181404801713549,-0.05181404801713549,-0.05181404801713549,-0.05181404801713549,-0.05181404801713549,-0.05181404801713549,-0.05181404801713549,-0.05181404801713549,-0.05181404801713549,-0.05181404801713549,-0.05181404801713549,-0.05181404801713549,-0.05181404801713549,-0.05181404801713549,-0.05181404801713549,-0.05181404801713549,-0.05181404801713549,-0.05181404801713549,-0.05181404801713549,-0.05181404801713549,-0.05181404801713549,-0.05181404801713549,-0.05181404801713549,-0.05181404801713549,-0.05181404801713549,-0.05181404801713549,-0.05181404801713549,-0.05181404801713549,-0.05181404801713549,-0.05181404801713549,-0.05181404801713549,-0.05181404801713549,-0.05181404801713549,-0.05181404801713549,-0.05181404801713549,-0.05181404801713549,-0.05181404801713549,-0.05181404801713549,-0.05181404801713549,-0.05181404801713549,-0.05181404801713549,-0.05181404801713549,-0.05181404801713549,-0.05181404801713549,-0.05181404801713549,-0.05181404801713549,-0.05181404801713549,-0.05181404801713549,-0.05181404801713549,-0.05181404801713549,-0.05181404801713549,-0.05181404801713549,-0.05181404801713549,-0.05181404801713549,-0.05181404801713549,-0.05181404801713549,-0.05181404801713549,-0.05181404801713549,-0.05181404801713549,-0.05181404801713549,-0.05181404801713549,-0.05181404801713549,-0.05181404801713549,-0.05181404801713549,-0.05181404801713549,-0.05181404801713549,-0.05181404801713549,-0.05181404801713549,-0.05181404801713549,-0.05181404801713549,-0.05181404801713549,-0.05181404801713549,-0.05181404801713549,-0.05181404801713549,-0.05181404801713549,-0.05181404801713549,-0.05181404801713549,-0.05181404801713549,-0.05181404801713549,-0.05181404801713549,-0.05181404801713549
-0.053460291967046276,-0.053460291967046276,-0.053460291967046276,-0.053460291967046276,-0.053460291967046276,-0.053460291967046276,-0.053460291967046276,-0.053460291967046276,-0.053460291967046276,-0.053460291967046276,-0.053460291967046276,-0.053460291967046276,-0.053460291967046276,-0.053460291967046276,-0.053460291967046276,-0.053460291967046276,-0.053460291967046276,-0.053460291967046276,-0.053460291967046276,-0.053460291967046276,-0.053460291967046276,-0.053460291967046276,-0.053460291967046276,-0.053460291967046276,-0.053460291967046276,-0.053460291967046276,-0.053460291967046276,-0.053460291967046276,-0.053460291967046276,-0.053460291967046276,-0.053460291967046276,-0.053460291967046276,-0.053460291967046276,-0.053460291967046276,-0.053460291967046276,-0.053460291967046276,-0.053460291967046276,-0.053460291967046276,-0.053460291967046276,-0.053460291967046276,-0.053460291967046276,-0.053460291967046276,-0.053460291967046276,-0.053460291967046276,-0.053460291967046276,-0.053460291967046276,-0.053460291967046276,-0.053460291967046276,-0.053460291967046276,-0.053460291967046276,-0.053460291967046276,-0.053460291967046276,-0.053460291967046276,-0.053460291967046276,-0.053460291967046276,-0.053460291967046276,-0.053460291967046276,-0.053460291967046276,-0.053460291967046276,-0.053460291967046276,-0.053460291967046276,-0.053460291967046276,-0.053460291967046276,-0.053460291967046276,-0.053460291967046276,-0.053460291967046276,-0.053460291967046276,-0.053460291967046276,-0.053460291967046276,-0.053460291967046276,-0.053460291967046276,-0.053460291967046276,-0.053460291967046276,-0.053460291967046276,-0.053460291967046276,-0.053460291967046276,-0.053460291967046276,-0.053460291967046276,-0.053460291967046276,-0.053460291967046276,-0.053460291967046276,-0.053460291967046276,-0.053460291967046276,-0.053460291967046276,-0.053460291967046276,-0.053460291967046276,-0.053460291967046276,-0.053460291967046276,-0.053460291967046276,-0.053460291967046276,-0.053460291967046276,-0.053460291967046276,-0.053460291967046276,-0.053460291967046276,-0.053460291967046276,-0.053460291967046276,-0.053460291967046276,-0.053460291967046276,-0.053460291967046276,-0.053460291967046276,-0.053460291967046276,-0.053460291967046276,-0.053460291967046276,-0.053460291967046276,-0.053460291967046276,-0.053460291967046276,-0.053460291967046276,-0.053460291967046276,-0.053460291967046276,-0.053460291967046276,-0.053460291967046276,-0.053460291967046276,-0.053460291967046276,-0.053460291967046276,-0.053460291967046276,-0.053460291967046276,-0.053460291967046276,-0.053460291967046276,-0.053460291967046276,-0.053460291967046276,-0.053460291967046276,-0.053460291967046276,-0.053460291967046276,-0.053460291967046276,-0.053460291967046276,-0.053460291967046276,-0.053460291967046276,-0.053460291967046276
-0.05513737463644438,-0.05513737463644438,-0.05513737463644438,-0.05513737463644438,-0.05513737463644438,-0.05513737463644438,-0.05513737463644438,-0.05513737463644438,-0.05513737463644438,-0.05513737463644438,-0.05513737463644438,-0.05513737463644438,-0.05513737463644438,-0.05513737463644438,-0.05513737463644438,-0.05513737463644438,-0.05513737463644438,-0.05513737463644438,-0.05513737463644438,-0.05513737463644438,-0.05513737463644438,-0.05513737463644438,-0.05513737463644438,-0.05513737463644438,-0.05513737463644438,-0.05513737463644438,-0.05513737463644438,-0.05513737463644438,-0.05513737463644438,-0.05513737463644438,-0.05513737463644438,-0.05513737463644438,-0.05513737463644438,-0.05513737463644438,-0.05513737463644438,-0.05513737463644438,-0.05513737463644438,-0.05513737463644438,-0.05513737463644438,-0.05513737463644438,-0.05513737463644438,-0.05513737463644438,-0.05513737463644438,-0.05513737463644438,-0.05513737463644438,-0.05513737463644438,-0.05513737463644438,-0.05513737463644438,-0.05513737463644438,-0.05513737463644438,-0.05513737463644438,-0.05513737463644438,-0.05513737463644438,-0.05513737463644438,-0.05513737463644438,-0.05513737463644438,-0.05513737463644438,-0.05513737463644438,-0.05513737463644438,-0.05513737463644438,-0.05513737463644438,-0.05513737463644438,-0.05513737463644438,-0.05513737463644438,-0.05513737463644438,-0.05513737463644438,-0.05513737463644438,-0.05513737463644438,-0.05513737463644438,-0.05513737463644438,-0.05513737463644438,-0.05513737463644438,-0.05513737463644438,-0.05513737463644438,-0.05513737463644438,-0.05513737463644438,-0.05513737463644438,-0.05513737463644438,-0.05513737463644438,-0.05513737463644438,-0.05513737463644438,-0.05513737463644438,-0.05513737463644438,-0.05513737463644438,-0.05513737463644438,-0.05513737463644438,-0.05513737463644438,-0.05513737463644438,-0.05513737463644438,-0.05513737463644438,-0.05513737463644438,-0.05513737463644438,-0.05513737463644438,-0.05513737463644438,-0.05513737463644438,-0.05513737463644438,-0.05513737463644438,-0.05513737463644438,-0.05513737463644438,-0.05513737463644438,-0.05513737463644438,-0.05513737463644438,-0.05513737463644438,-0.05513737463644438,-0.05513737463644438,-0.05513737463644438,-0.05513737463644438,-0.05513737463644438,-0.05513737463644438,-0.05513737463644438,-0.05513737463644438,-0.05513737463644438,-0.05513737463644438,-0.05513737463644438,-0.05513737463644438,-0.05513737463644438,-0.05513737463644438,-0.05513737463644438,-0.05513737463644438,-0.05513737463644438,-0.05513737463644438,-0.05513737463644438,-0.05513737463644438,-0.05513737463644438,-0.05513737463644438,-0.05513737463644438,-0.05513737463644438,-0.05513737463644438
-0.05684574730620414,-0.05684574730620414,-0.05684574730620414,-0.05684574730620414,-0.05684574730620414,-0.05684574730620414,-0.05684574730620414,-0.05684574730620414,-0.05684574730620414,-0.05684574730620414,-0.05684574730620414,-0.05684574730620414,-0.05684574730620414,-0.05684574730620414,-0.05684574730620414,-0.05684574730620414,-0.05684574730620414,-0.05684574730620414,-0.05684574730620414,-0.05684574730620414,-0.05684574730620414,-0.05684574730620414,-0.05684574730620414,-0.05684574730620414,-0.05684574730620414,-0.05684574730620414,-0.05684574730620414,-0.05684574730620414,-0.05684574730620414,-0.05684574730620414,-0.05684574730620414,-0.05684574730620414,-0.05684574730620414,-0.05684574730620414,-0.05684574730620414,-0.05684574730620414,-0.05684574730620414,-0.05684574730620414,-0.05684574730620414,-0.05684574730620414,-0.05684574730620414,-0.05684574730620414,-0.05684574730620414,-0.05684574730620414,-0.05684574730620414,-0.05684574730620414,-0.05684574730620414,-0.05684574730620414,-0.05684574730620414,-0.05684574730620414,-0.05684574730620414,-0.05684574730620414,-0.05684574730620414,-0.05684574730620414,-0.05684574730620414,-0.05684574730620414,-0.05684574730620414,-0.05684574730620414,-0.05684574730620414,-0.05684574730620414,-0.05684574730620414,-0.05684574730620414,-0.05684574730620414,-0.05684574730620414,-0.05684574730620414,-0.05684574730620414,-0.05684574730620414,-0.05684574730620414,-0.05684574730620414,-0.05684574730620414,-0.05684574730620414,-0.05684574730620414,-0.05684574730620414,-0.05684574730620414,-0.05684574730620414,-0.05684574730620414,-0.05684574730620414,-0.05684574730620414,-0.05684574730620414,-0.05684574730620414,-0.05684574730620414,-0.05684574730620414,-0.05684574730620414,-0.05684574730620414,-0.05684574730620414,-0.05684574730620414,-0.05684574730620414,-0.05684574730620414,-0.05684574730620414,-0.05684574730620414,-0.05684574730620414,-0.05684574730620414,-0.05684574730620414,-0.05684574730620414,-0.05684574730620414,-0.05684574730620414,-0.05684574730620414,-0.05684574730620414,-0.05684574730620414,-0.05684574730620414,-0.05684574730620414,-0.05684574730620414,-0.05684574730620414,-0.05684574730620414,-0.05684574730620414,-0.05684574730620414,-0.05684574730620414,-0.05684574730620414,-0.05684574730620414,-0.05684574730620414,-0.05684574730620414,-0.05684574730620414,-0.05684574730620414,-0.05684574730620414,-0.05684574730620414,-0.05684574730620414,-0.05684574730620414,-0.05684574730620414,-0.05684574730620414,-0.05684574730620414,-0.05684574730620414,-0.05684574730620414,-0.05684574730620414,-0.05684574730620414,-0.05684574730620414,-0.05684574730620414,-0.05684574730620414,-0.05684574730620414
-0.058585858511469864,-0.058585858511469864,-0.058585858511469864,-0.058585858511469864,-0.058585858511469864,-0.058585858511469864,-0.058585858511469864,-0.058585858511469864,-0.058585858511469864,-0.058585858511469864,-0.058585858511469864,-0.058585858511469864,-0.058585858511469864,-0.058585858511469864,-0.058585858511469864,-0.058585858511469864,-0.058585858511469864,-0.058585858511469864,-0.058585858511469864,-0.058585858511469864,-0.058585858511469864,-0.058585858511469864,-0.058585858511469864,-0.058585858511469864,-0.058585858511469864,-0.058585858511469864,-0.058585858511469864,-0.058585858511469864,-0.058585858511469864,-0.058585858511469864,-0.058585858511469864,-0.058585858511469864,-0.058585858511469864,-0.058585858511469864,-0.058585858511469864,-0.058585858511469864,-0.058585858511469864,-0.058585858511469864,-0.058585858511469864,-0.058585858511469864,-0.058585858511469864,-0.058585858511469864,-0.058585858511469864,-0.058585858511469864,-0.058585858511469864,-0.058585858511469864,-0.058585858511469864,-0.058585858511469864,-0.058585858511469864,-0.058585858511469864,-0.058585858511469864,-0.058585858511469864,-0.058585858511469864,-0.058585858511469864,-0.058585858511469864,-0.058585858511469864,-0.058585858511469864,-0.058585858511469864,-0.058585858511469864,-0.058585858511469864,-0.058585858511469864,-0.058585858511469864,-0.058585858511469864,-0.058585858511469864,-0.058585858511469864,-0.058585858511469864,-0.058585858511469864,-0.058585858511469864,-0.058585858511469864,-0.058585858511469864,-0.058585858511469864,-0.058585858511469864,-0.058585858511469864,-0.058585858511469864,-0.058585858511469864,-0.058585858511469864,-0.058585858511469864,-0.058585858511469864,-0.058585858511469864,-0.058585858511469864,-0.058585858511469864,-0.058585858511469864,-0.058585858511469864,-0.058585858511469864,-0.058585858511469864,-0.058585858511469864,-0.058585858511469864,-0.058585858511469864,-0.058585858511469864,-0.058585858511469864,-0.058585858511469864,-0.058585858511469864,-0.058585858511469864,-0.058585858511469864,-0.058585858511469864,-0.058585858511469864,-0.058585858511469864,-0.058585858511469864,-0.058585858511469864,-0.058585858511469864,-0.058585858511469864,-0.058585858511469864,-0.058585858511469864,-0.058585858511469864,-0.058585858511469864,-0.058585858511469864,-0.058585858511469864,-0.058585858511469864,-0.058585858511469864,-0.058585858511469864,-0.058585858511469864,-0.058585858511469864,-0.058585858511469864,-0.058585858511469864,-0.058585858511469864,-0.058585858511469864,-0.058585858511469864,-0.058585858511469864,-0.058585858511469864,-0.058585858511469864,-0.058585858511469864,-0.058585858511469864,-0.058585858511469864,-0.058585858511469864,-0.058585858511469864,-0.058585858511469864,-0.058585858511469864,-0.058585858511469864
-0.0603581541211914,-0.0603581541211914,-0.0603581541211914,-0.0603581541211914,-0.0603581541211914,-0.0603581541211914,-0.0603581541211914,-0.0603581541211914,-0.0603581541211914,-0.0603581541211914,-0.0603581541211914,-0.0603581541211914,-0.0603581541211914,-0.0603581541211914,-0.0603581541211914,-0.0603581541211914,-0.0603581541211914,-0.0603581541211914,-0.0603581541211914,-0.0603581541211914,-0.0603581541211914,-0.0603581541211914,-0.0603581541211914,-0.0603581541211914,-0.0603581541211914,-0.0603581541211914,-0.0603581541211914,-0.0603581541211914,-0.0603581541211914,-0.0603581541211914,-0.0603581541211914,-0.0603581541211914,-0.0603581541211914,-0.0603581541211914,-0.0603581541211914,-0.0603581541211914,-0.0603581541211914,-0.0603581541211914,-0.0603581541211914,-0.0603581541211914,-0.0603581541211914,-0.0603581541211914,-0.0603581541211914,-0.0603581541211914,-0.0603581541211914,-0.0603581541211914,-0.0603581541211914,-0.0603581541211914,-0.0603581541211914,-0.0603581541211914,-0.0603581541211914,-0.0603581541211914,-0.0603581541211914,-0.0603581541211914,-0.0603581541211914,-0.0603581541211914,-0.0603581541211914,-0.0603581541211914,-0.0603581541211914,-0.0603581541211914,-0.0603581541211914,-0.0603581541211914,-0.0603581541211914,-0.0603581541211914,-0.0603581541211914,-0.0603581541211914,-0.0603581541211914,-0.0603581541211914,-0.0603581541211914,-0.0603581541211914,-0.0603581541211914,-0.0603581541211914,-0.0603581541211914,-0.0603581541211914,-0.0603581541211914,-0.0603581541211914,-0.0603581541211914,-0.0603581541211914,-0.0603581541211914,-0.0603581541211914,-0.0603581541211914,-0.0603581541211914,-0.0603581541211914,-0.0603581541211914,-0.0603581541211914,-0.0603581541211914,-0.0603581541211914,-0.0603581541211914,-0.0603581541211914,-0.0603581541211914,-0.0603581541211914,-0.0603581541211914,-0.0603581541211914,-0.0603581541211914,-0.0603581541211914,-0.0603581541211914,-0.0603581541211914,-0.0603581541211914,-0.0603581541211914,-0.0603581541211914,-0.0603581541211914,-0.0603581541211914,-0.0603581541211914,-0.0603581541211914,-0.0603581541211914,-0.0603581541211914,-0.0603581541211914,-0.0603581541211914,-0.0603581541211914,-0.0603581541211914,-0.0603581541211914,-0.0603581541211914,-0.0603581541211914,-0.0603581541211914,-0.0603581541211914,-0.0603581541211914,-0.0603581541211914,-0.0603581541211914,-0.0603581541211914,-0.0603581541211914,-0.0603581541211914,-0.0603581541211914,-0.0603581541211914,-0.0603581541211914,-0.0603581541211914,-0.0603581541211914,-0.0603581541211914,-0.0603581541211914
-0.0621630772941613,-0.0621630772941613,-0.0621630772941613,-0.0621630772941613,-0.0621630772941613,-0.0621630772941613,-0.0621630772941613,-0.0621630772941613,-0.0621630772941613,-0.0621630772941613,-0.0621630772941613,-0.0621630772941613,-0.0621630772941613,-0.0621630772941613,-0.0621630772941613,-0.0621630772941613,-0.0621630772941613,-0.0621630772941613,-0.0621630772941613,-0.0621630772941613,-0.0621630772941613,-0.0621630772941613,-0.0621630772941613,-0.0621630772941613,-0.0621630772941613,-0.0621630772941613,-0.0621630772941613,-0.0621630772941613,-0.0621630772941613,-0.0621630772941613,-0.0621630772941613,-0.0621630772941613,-0.0621630772941613,-0.0621630772941613,-0.0621630772941613,-0.0621630772941613,-0.0621630772941613,-0.0621630772941613,-0.0621630772941613,-0.0621630772941613,-0.0621630772941613,-0.0621630772941613,-0.0621630772941613,-0.0621630772941613,-0.0621630772941613,-0.0621630772941613,-0.0621630772941613,-0.0621630772941613,-0.0621630772941613,-0.0621630772941613,-0.0621630772941613,-0.0621630772941613,-0.0621630772941613,-0.0621630772941613,-0.0621630772941613,-0.0621630772941613,-0.0621630772941613,-0.0621630772941613,-0.0621630772941613,-0.0621630772941613,-0.0621630772941613,-0.0621630772941613,-0.0621630772941613,-0.0621630772941613,-0.0621630772941613,-0.0621630772941613,-0.0621630772941613,-0.0621630772941613,-0.0621630772941613,-0.0621630772941613,-0.0621630772941613,-0.0621630772941613,-0.0621630772941613,-0.0621630772941613,-0.0621630772941613,-0.0621630772941613,-0.0621630772941613,-0.0621630772941613,-0.0621630772941613,-0.0621630772941613,-0.0621630772941613,-0.0621630772941613,-0.0621630772941613,-0.0621630772941613,-0.0621630772941613,-0.0621630772941613,-0.0621630772941613,-0.0621630772941613,-0.0621630772941613,-0.0621630772941613,-0.0621630772941613,-0.0621630772941613,-0.0621630772941613,-0.0621630772941613,-0.0621630772941613,-0.0621630772941613,-0.0621630772941613,-0.0621630772941613,-0.0621630772941613,-0.0621630772941613,-0.0621630772941613,-0.0621630772941613,-0.0621630772941613,-0.0621630772941613,-0.0621630772941613,-0.0621630772941613,-0.0621630772941613,-0.0621630772941613,-0.0621630772941613,-0.0621630772941613,-0.0621630772941613,-0.0621630772941613,-0.0621630772941613,-0.0621630772941613,-0.0621630772941613,-0.0621630772941613,-0.0621630772941613,-0.0621630772941613,-0.0621630772941613,-0.0621630772941613,-0.0621630772941613,-0.0621630772941613,-0.0621630772941613,-0.0621630772941613,-0.0621630772941613,-0.0621630772941613,-0.0621630772941613,-0.0621630772941613
-0.06400106843503632,-0.06400106843503632,-0.06400106843503632,-0.06400106843503632,-0.06400106843503632,-0.06400106843503632,-0.06400106843503632,-0.06400106843503632,-0.06400106843503632,-0.06400106843503632,-0.06400106843503632,-0.06400106843503632,-0.06400106843503632,-0.06400106843503632,-0.06400106843503632,-0.06400106843503632,-0.06400106843503632,-0.06400106843503632,-0.06400106843503632,-0.06400106843503632,-0.06400106843503632,-0.06400106843503632,-0.06400106843503632,-0.06400106843503632,-0.06400106843503632,-0.06400106843503632,-0.06400106843503632,-0.06400106843503632,-0.06400106843503632,-0.06400106843503632,-0.06400106843503632,-0.06400106843503632,-0.06400106843503632,-0.06400106843503632,-0.06400106843503632,-0.06400106843503632,-0.06400106843503632,-0.06400106843503632,-0.06400106843503632,-0.06400106843503632,-0.06400106843503632,-0.06400106843503632,-0.06400106843503632,-0.06400106843503632,-0.06400106843503632,-0.06400106843503632,-0.06400106843503632,-0.06400106843503632,-0.06400106843503632,-0.06400106843503632,-0.06400106843503632,-0.06400106843503632,-0.06400106843503632,-0.06400106843503632,-0.06400106843503632,-0.06400106843503632,-0.06400106843503632,-0.06400106843503632,-0.06400106843503632,-0.06400106843503632,-0.06400106843503632,-0.06400106843503632,-0.06400106843503632,-0.06400106843503632,-0.06400106843503632,-0.06400106843503632,-0.06400106843503632,-0.06400106843503632,-0.06400106843503632,-0.06400106843503632,-0.06400106843503632,-0.06400106843503632,-0.06400106843503632,-0.06400106843503632,-0.06400106843503632,-0.06400106843503632,-0.06400106843503632,-0.06400106843503632,-0.06400106843503632,-0.06400106843503632,-0.06400106843503632,-0.06400106843503632,-0.06400106843503632,-0.06400106843503632,-0.06400106843503632,-0.06400106843503632,-0.06400106843503632,-0.06400106843503632,-0.06400106843503632,-0.06400106843503632,-0.06400106843503632,-0.06400106843503632,-0.06400106843503632,-0.06400106843503632,-0.06400106843503632,-0.06400106843503632,-0.06400106843503632,-0.06400106843503632,-0.06400106843503632,-0.06400106843503632,-0.06400106843503632,-0.06400106843503632,-0.06400106843503632,-0.06400106843503632,-0.06400106843503632,-0.06400106843503632,-0.06400106843503632,-0.06400106843503632,-0.06400106843503632,-0.06400106843503632,-0.06400106843503632,-0.06400106843503632,-0.06400106843503632,-0.06400106843503632,-0.06400106843503632,-0.06400106843503632,-0.06400106843503632,-0.06400106843503632,-0.06400106843503632,-0.06400106843503632,-0.06400106843503632,-0.06400106843503632,-0.06400106843503632,-0.06400106843503632,-0.06400106843503632,-0.06400106843503632,-0.06400106843503632,-0.06400106843503632
-0.06587256516392426,-0.06587256516392426,-0.06587256516392426,-0.06587256516392426,-0.06587256516392426,-0.06587256516392426,-0.06587256516392426,-0.06587256516392426,-0.06587256516392426,-0.06587256516392426,-0.06587256516392426,-0.06587256516392426,-0.06587256516392426,-0.06587256516392426,-0.06587256516392426,-0.06587256516392426,-0.06587256516392426,-0.06587256516392426,-0.06587256516392426,-0.06587256516392426,-0.06587256516392426,-0.06587256516392426,-0.06587256516392426,-0.06587256516392426,-0.06587256516392426,-0.06587256516392426,-0.06587256516392426,-0.06587256516392426,-0.06587256516392426,-0.06587256516392426,-0.06587256516392426,-0.06587256516392426,-0.06587256516392426,-0.06587256516392426,-0.06587256516392426,-0.06587256516392426,-0.06587256516392426,-0.06587256516392426,-0.06587256516392426,-0.06587256516392426,-0.06587256516392426,-0.06587256516392426,-0.06587256516392426,-0.06587256516392426,-0.06587256516392426,-0.06587256516392426,-0.06587256516392426,-0.06587256516392426,-0.06587256516392426,-0.06587256516392426,-0.06587256516392426,-0.06587256516392426,-0.06587256516392426,-0.06587256516392426,-0.06587256516392426,-0.06587256516392426,-0.06587256516392426,-0.06587256516392426,-0.06587256516392426,-0.06587256516392426,-0.06587256516392426,-0.06587256516392426,-0.06587256516392426,-0.06587256516392426,-0.06587256516392426,-0.06587256516392426,-0.06587256516392426,-0.06587256516392426,-0.06587256516392426,-0.06587256516392426,-0.06587256516392426,-0.06587256516392426,-0.06587256516392426,-0.06587256516392426,-0.06587256516392426,-0.06587256516392426,-0.06587256516392426,-0.06587256516392426,-0.06587256516392426,-0.06587256516392426,-0.06587256516392426,-0.06587256516392426,-0.06587256516392426,-0.06587256516392426,-0.06587256516392426,-0.06587256516392426,-0.06587256516392426,-0.06587256516392426,-0.06587256516392426,-0.06587256516392426,-0.06587256516392426,-0.06587256516392426,-0.06587256516392426,-0.06587256516392426,-0.06587256516392426,-0.06587256516392426,-0.06587256516392426,-0.06587256516392426,-0.06587256516392426,-0.06587256516392426,-0.06587256516392426,-0.06587256516392426,-0.06587256516392426,-0.06587256516392426,-0.06587256516392426,-0.06587256516392426,-0.06587256516392426,-0.06587256516392426,-0.06587256516392426,-0.06587256516392426,-0.06587256516392426,-0.06587256516392426,-0.06587256516392426,-0.06587256516392426,-0.06587256516392426,-0.06587256516392426,-0.06587256516392426,-0.06587256516392426,-0.06587256516392426,-0.06587256516392426,-0.06587256516392426,-0.06587256516392426,-0.06587256516392426,-0.06587256516392426,-0.06587256516392426,-0.06587256516392426,-0.06587256516392426,-0.06587256516392426
-0.06777800229960368,-0.06777800229960368,-0.06777800229960368,-0.06777800229960368,-0.06777800229960368,-0.06777800229960368,-0.06777800229960368,-0.06777800229960368,-0.06777800229960368,-0.06777800229960368,-0.06777800229960368,-0.06777800229960368,-0.06777800229960368,-0.06777800229960368,-0.06777800229960368,-0.06777800229960368,-0.06777800229960368,-0.06777800229960368,-0.06777800229960368,-0.06777800229960368,-0.06777800229960368,-0.06777800229960368,-0.06777800229960368,-0.06777800229960368,-0.06777800229960368,-0.06777800229960368,-0.06777800229960368,-0.06777800229960368,-0.06777800229960368,-0.06777800229960368,-0.06777800229960368,-0.06777800229960368,-0.06777800229960368,-0.06777800229960368,-0.06777800229960368,-0.06777800229960368,-0.06777800229960368,-0.06777800229960368,-0.06777800229960368,-0.06777800229960368,-0.06777800229960368,-0.06777800229960368,-0.06777800229960368,-0.06777800229960368,-0.06777800229960368,-0.06777800229960368,-0.06777800229960368,-0.06777800229960368,-0.06777800229960368,-0.06777800229960368,-0.06777800229960368,-0.06777800229960368,-0.06777800229960368,-0.06777800229960368,-0.06777800229960368,-0.06777800229960368,-0.06777800229960368,-0.06777800229960368,-0.06777800229960368,-0.06777800229960368,-0.06777800229960368,-0.06777800229960368,-0.06777800229960368,-0.06777800229960368,-0.06777800229960368,-0.06777800229960368,-0.06777800229960368,-0.06777800229960368,-0.06777800229960368,-0.06777800229960368,-0.06777800229960368,-0.06777800229960368,-0.06777800229960368,-0.06777800229960368,-0.06777800229960368,-0.06777800229960368,-0.06777800229960368,-0.06777800229960368,-0.06777800229960368,-0.06777800229960368,-0.06777800229960368,-0.06777800229960368,-0.06777800229960368,-0.06777800229960368,-0.06777800229960368,-0.06777800229960368,-0.06777800229960368,-0.06777800229960368,-0.06777800229960368,-0.06777800229960368,-0.06777800229960368,-0.06777800229960368,-0.06777800229960368,-0.06777800229960368,-0.06777800229960368,-0.06777800229960368,-0.06777800229960368,-0.06777800229960368,-0.06777800229960368,-0.06777800229960368,-0.06777800229960368,-0.06777800229960368,-0.06777800229960368,-0.06777800229960368,-0.06777800229960368,-0.06777800229960368,-0.06777800229960368,-0.06777800229960368,-0.06777800229960368,-0.06777800229960368,-0.06777800229960368,-0.06777800229960368,-0.06777800229960368,-0.06777800229960368,-0.06777800229960368,-0.06777800229960368,-0.06777800229960368,-0.06777800229960368,-0.06777800229960368,-0.06777800229960368,-0.06777800229960368,-0.06777800229960368,-0.06777800229960368,-0.06777800229960368,-0.06777800229960368,-0.06777800229960368,-0.06777800229960368,-0.06777800229960368
-0.06971781185472345,-0.06971781185472345,-0.06971781185472345,-0.06971781185472345,-0.06971781185472345,-0.06971781185472345,-0.06971781185472345,-0.06971781185472345,-0.06971781185472345,-0.06971781185472345,-0.06971781185472345,-0.06971781185472345,-0.06971781185472345,-0.06971781185472345,-0.06971781185472345,-0.06971781185472345,-0.06971781185472345,-0.06971781185472345,-0.06971781185472345,-0.06971781185472345,-0.06971781185472345,-0.06971781185472345,-0.06971781185472345,-0.06971781185472345,-0.06971781185472345,-0.06971781185472345,-0.06971781185472345,-0.06971781185472345,-0.06971781185472345,-0.06971781185472345,-0.06971781185472345,-0.06971781185472345,-0.06971781185472345,-0.06971781185472345,-0.06971781185472345,-0.06971781185472345,-0.06971781185472345,-0.06971781185472345,-0.06971781185472345,-0.06971781185472345,-0.06971781185472345,-0.06971781185472345,-0.06971781185472345,-0.06971781185472345,-0.06971781185472345,-0.06971781185472345,-0.06971781185472345,-0.06971781185472345,-0.06971781185472345,-0.06971781185472345,-0.06971781185472345,-0.06971781185472345,-0.06971781185472345,-0.06971781185472345,-0.06971781185472345,-0.06971781185472345,-0.06971781185472345,-0.06971781185472345,-0.06971781185472345,-0.06971781185472345,-0.06971781185472345,-0.06971781185472345,-0.06971781185472345,-0.06971781185472345,-0.06971781185472345,-0.06971781185472345,-0.06971781185472345,-0.06971781185472345,-0.06971781185472345,-0.06971781185472345,-0.06971781185472345,-0.06971781185472345,-0.06971781185472345,-0.06971781185472345,-0.06971781185472345,-0.06971781185472345,-0.06971781185472345,-0.06971781185472345,-0.06971781185472345,-0.06971781185472345,-0.06971781185472345,-0.06971781185472345,-0.06971781185472345,-0.06971781185472345,-0.06971781185472345,-0.06971781185472345,-0.06971781185472345,-0.06971781185472345,-0.06971781185472345,-0.06971781185472345,-0.06971781185472345,-0.06971781185472345,-0.06971781185472345,-0.06971781185472345,-0.06971781185472345,-0.06971781185472345,-0.06971781185472345,-0.06971781185472345,-0.06971781185472345,-0.06971781185472345,-0.06971781185472345,-0.06971781185472345,-0.06971781185472345,-0.06971781185472345,-0.06971781185472345,-0.06971781185472345,-0.06971781185472345,-0.06971781185472345,-0.06971781185472345,-0.06971781185472345,-0.06971781185472345,-0.06971781185472345,-0.06971781185472345,-0.06971781185472345,-0.06971781185472345,-0.06971781185472345,-0.06971781185472345,-0.06971781185472345,-0.06971781185472345,-0.06971781185472345,-0.06971781185472345,-0.06971781185472345,-0.06971781185472345,-0.06971781185472345,-0.06971781185472345,-0.06971781185472345,-0.06971781185472345,-0.06971781185472345
-0.07169242304142283,-0.07169242304142283,-0.07169242304142283,-0.07169242304142283,-0.07169242304142283,-0.07169242304142283,-0.07169242304142283,-0.07169242304142283,-0.07169242304142283,-0.07169242304142283,-0.07169242304142283,-0.07169242304142283,-0.07169242304142283,-0.07169242304142283,-0.07169242304142283,-0.07169242304142283,-0.07169242304142283,-0.07169242304142283,-0.07169242304142283,-0.07169242304142283,-0.07169242304142283,-0.07169242304142283,-0.07169242304142283,-0.07169242304142283,-0.07169242304142283,-0.07169242304142283,-0.07169242304142283,-0.07169242304142283,-0.07169242304142283,-0.07169242304142283,-0.07169242304142283,-0.07169242304142283,-0.07169242304142283,-0.07169242304142283,-0.07169242304142283,-0.07169242304142283,-0.07169242304142283,-0.07169242304142283,-0.07169242304142283,-0.07169242304142283,-0.07169242304142283,-0.07169242304142283,-0.07169242304142283,-0.07169242304142283,-0.07169242304142283,-0.07169242304142283,-0.07169242304142283,-0.07169242304142283,-0.07169242304142283,-0.07169242304142283,-0.07169242304142283,-0.07169242304142283,-0.07169242304142283,-0.07169242304142283,-0.07169242304142283,-0.07169242304142283,-0.07169242304142283,-0.07169242304142283,-0.07169242304142283,-0.07169242304142283,-0.07169242304142283,-0.07169242304142283,-0.07169242304142283,-0.07169242304142283,-0.07169242304142283,-0.07169242304142283,-0.07169242304142283,-0.07169242304142283,-0.07169242304142283,-0.07169242304142283,-0.07169242304142283,-0.07169242304142283,-0.07169242304142283,-0.07169242304142283,-0.07169242304142283,-0.07169242304142283,-0.07169242304142283,-0.07169242304142283,-0.07169242304142283,-0.07169242304142283,-0.07169242304142283,-0.07169242304142283,-0.07169242304142283,-0.07169242304142283,-0.07169242304142283,-0.07169242304142283,-0.07169242304142283,-0.07169242304142283,-0.07169242304142283,-0.07169242304142283,-0.07169242304142283,-0.07169242304142283,-0.07169242304142283,-0.07169242304142283,-0.07169242304142283,-0.07169242304142283,-0.07169242304142283,-0.07169242304142283,-0.07169242304142283,-0.07169242304142283,-0.07169242304142283,-0.07169242304142283,-0.07169242304142283,-0.07169242304142283,-0.07169242304142283,-0.07169242304142283,-0.07169242304142283,-0.07169242304142283,-0.07169242304142283,-0.07169242304142283,-0.07169242304142283,-0.07169242304142283,-0.07169242304142283,-0.07169242304142283,-0.07169242304142283,-0.07169242304142283,-0.07169242304142283,-0.07169242304142283,-0.07169242304142283,-0.07169242304142283,-0.07169242304142283,-0.07169242304142283,-0.07169242304142283,-0.07169242304142283,-0.07169242304142283,-0.07169242304142283,-0.07169242304142283,-0.07169242304142283
0.07277915442847363,-0.14747282191537184,-0.2420642878060729,0.11171962406834537,-0.32137005810889857,-0.021863342706428444,-0.04635944766637954,-0.3003160162565092,0.10012249669022596,-0.24770842305345922,-0.11988599059070176,0.02764312724312503,-0.31507789652686075,0.050293172100451304,-0.15948843048132444,-0.2024472656194247,0.0646012640838246,-0.2898771033579648,-0.022908446727234084,-0.07533325382125888,-0.2563259581193415,0.0629540216489681,-0.23521271436256228,-0.10239606696572656,-0.010411090726627763,-0.27558354625588655,0.028594258091088946,-0.16558147203424425,-0.17237809339423296,0.025904967475265016,-0.2616225778458604,-0.027312903110206323,-0.09618530900371852,-0.22112697066277817,0.030953550253091537,-0.2218621543262663,-0.09118315295805779,-0.03998311392266366,-0.24258702583582195,0.00831240876262452,-0.16747854579483334,-0.1499063043102064,-0.005588933476355772,-0.23668779468438464,-0.03377395689326313,-0.11076919005528896,-0.19323230000745004,0.0037123153108529136,-0.20849142614525842,-0.08461296468335422,-0.06268808770584858,-0.21527657780758766,-0.010191010499850196,-0.1665024506131446,-0.13342002621626436,-0.030989242695734297,-0.21499033504723453,-0.04133917105217635,-0.12057753848944763,-0.1713510311208851,-0.019237791353001972,-0.19565737848394013,-0.08140581748312467,-0.0798844636660958,-0.19287751154840993,-0.026748448871770837,-0.16365257203990713,-0.12159925731839791,-0.05128529308663502,-0.19634210210320863,-0.049328656986730036,-0.12680114891303595,-0.15437581822527752,-0.03838514803247508,-0.18370887173388797,-0.0805708911113768,-0.09270380734538614,-0.17467170157255538,-0.04132835744755158,-0.1596717379392685,-0.11337273257851485,-0.0673461283106528,-0.18049234121094773,-0.057272055324198025,-0.13038074936768265,-0.14136715884869822,-0.05421154235454187,-0.17284186297241458,-0.08135055608389752,-0.10207998929460504,-0.16000824892542057,-0.05399108215593017,-0.15510130954870435,-0.10787895669957576,-0.07992490682640407,-0.1671588754936235,-0.06485793536788095,-0.13205178302809112,-0.13153601246333071,-0.06717454929988298,-0.16314239139720357,-0.08317369280244241,-0.10877676432676331,-0.1483078172841579,-0.06485570125390566,-0.15032616903120924,-0.10443161588577074,-0.08966660350761813,-0.1560502060307732,-0.07189354901856901,-0.13238268533374803,-0.12422603150687875,-0.07769678862128646,-0.15461973517928979,-0.08561692176209487,-0.11341314237704472,-0.13906257710314865,-0.07407551789551568,-0.14561112570563295,-0.10248932956878093,-0.09711759105261458,-0.14688061729919435,-0.07827313811701533,-0.13180725329898815,-0.11889626526930633,-0.08616020691372964,-0.1472316568880139,-0.08837269879192683
0.08814056764074843,-0.07710708464092325,-0.14807588103400474,0.11735629270960696,-0.20757633398100805,0.017133484220975007,-0.001245119693833627,-0.1917801942827383,0.10865535796996154,-0.1523104859364133,-0.05640961265467655,0.054276524059788424,-0.20285553670840856,0.07127009114998584,-0.0861219917451368,-0.1183525613371395,0.082004971481736,-0.18394822892427837,0.016349377813872176,-0.022983192260699142,-0.15877593274751892,0.08076910086837161,-0.14293537585094096,-0.043287511025491054,0.025725723820431687,-0.17322425362525512,0.05499012555498379,-0.09069339595493518,-0.09579267243739559,0.052972441228400204,-0.16274980843919332,0.013044862281503254,-0.03862778815195234,-0.1323673159603142,0.05676022313725857,-0.13291889954382577,-0.03487483865922418,0.0035388291215382294,-0.14846807380161708,0.03977333594385622,-0.09211670661187618,-0.07893284466038118,0.029343626269109302,-0.1440420790195314,0.008197350869169976,-0.04956958374866874,-0.11143888247480815,0.03632204049670511,-0.1228872917558502,-0.029945447307255645,-0.013495949294846469,-0.1279779629098043,0.02589084261478855,-0.09138437521646697,-0.06656374452738797,0.010286628300663686,-0.1277632045910996,0.0025214250522010064,-0.056928457791074666,-0.09502210214678965,0.019103347122097672,-0.11325833731689863,-0.027539232597371253,-0.026397811981188866,-0.11117269662310221,0.013468353317861946,-0.08924620714491185,-0.05769501907501264,-0.004940815890125157,-0.11377206242585877,-0.003472817612669968,-0.061597823434396605,-0.08228617067164357,0.00473772920027178,-0.10429377444897954,-0.026912815413518178,-0.03601573451681932,-0.0975134895352187,0.0025295381361633337,-0.08625952116745486,-0.05152293416449849,-0.016990720542551102,-0.10188051974756236,-0.009432482303058572,-0.06428347729801201,-0.07252621093373063,-0.0071362823260660724,-0.096140623158503,-0.02749777182759442,-0.04305036857638111,-0.08651199404579947,-0.006970878451617925,-0.08283048241829435,-0.04740113884067764,-0.026428155124541018,-0.09187686873320652,-0.015123913038517735,-0.06553719766797164,-0.06515023235507206,-0.01686199057980036,-0.08886343576258063,-0.028865610007887205,-0.04807473371622013,-0.07773355359093417,-0.015122236857920074,-0.07924785504336772,-0.04481471493859772,-0.033737022597755656,-0.08354240754388516,-0.020402497401012028,-0.06578546254192234,-0.059665799428161005,-0.024756472951633107,-0.08246917336097835,-0.030698682547217637,-0.051553252277630024,-0.07079716073738308,-0.022039555284679845,-0.07571031657087984,-0.04335748282077862,-0.039327248026963454,-0.07666277342920033,-0.0251888885995828,-0.06535373523408974,-0.05566705502373391,-0.031106291129521478,-0.07692614662962871,-0.03276624939474759
0.10290026898771186,-0.02835410989257197,-0.08472383836881976,0.1261059956319474,-0.13198438874167776,0.04650012955047166,0.03190220813847401,-0.119437690037187,0.11919493959477358,-0.08808733811356433,-0.011914337269864657,0.07600243446345843,-0.12823471178542903,0.08950023647508608,-0.035514550699380615,-0.06111493493688359,0.09802683295523663,-0.11321684674929373,0.04587732252102651,0.014635898006847817,-0.0932227708634873,0.09704519462335258,-0.08064079207062581,-0.001491597369107029,0.05332485024238767,-0.10469891201578517,0.07656924022273338,-0.03914556640146786,-0.04319586519968209,0.07496661592274755,-0.09637917628562974,0.043252582455358186,0.0022095688688136272,-0.07224669921810241,0.07797520911554974,-0.07268481594566094,0.00519049505950751,0.035702045665281325,-0.0850353527377292,0.06448271287191769,-0.04027608628269462,-0.029804290842374095,0.05619851006262653,-0.08151983413260065,0.03940225786220534,-0.00648137811319881,-0.0556234764361222,0.06174138714659956,-0.06471682105314049,0.009105855981293114,0.022171509953980144,-0.06876028473428912,0.05345600227084633,-0.039694403571250585,-0.01997965168503989,0.0410617477720037,-0.06858970458176201,0.0348939328882023,-0.01232645021169884,-0.04258380975755888,0.048064769822186104,-0.05706864925341733,0.011017085658917446,0.011923703404764762,-0.055412047964068435,0.04358895669227552,-0.03799608036787307,-0.012935321344254779,0.02896675760664049,-0.05747669541419928,0.030132772369599277,-0.01603527559479407,-0.03246780053049426,0.036654318711227346,-0.04994819631556654,0.011514641885897453,0.004284294123590505,-0.04456269114984052,0.0349003770208818,-0.03562378879538305,-0.008032902700841716,0.019395651882095008,-0.04803137485068713,0.025399076752923473,-0.01816846069539335,-0.02471557267364849,0.02722292294743004,-0.043472238601357134,0.011050017488869744,-0.0013032377498670563,-0.03582432520466742,0.02735430141184586,-0.03290014131862306,-0.004759006354177739,0.011899602182272517,-0.04008558571362699,0.02087843639399412,-0.019164276891124342,-0.01885691463156089,0.019497900664881527,-0.0376920493008816,0.009963558781081015,-0.005294035298828458,-0.02885170723683747,0.02087976776566688,-0.03005450009853504,-0.0027046385123280833,0.006094249747492427,-0.03346561555609913,0.016685715333815944,-0.019361470929153076,-0.014500690337945746,0.013227400806099661,-0.03261315753853886,0.008507569577783836,-0.008056984042107116,-0.023342207264573915,0.015385418399214803,-0.02724467249396456,-0.00154717519065425,0.0016539956417291315,-0.02800119842109865,0.012883937849100984,-0.019018554713081004,-0.011324531972866798,0.00818381059810786,-0.02821039283541333,0.006865324144224288
0.09203213084303004,-0.018889477982717277,-0.06652690558701012,0.11164303110637942,-0.10646626857107541,0.044369003275444595,0.03203246302174771,-0.09586319370510542,0.10580257488032534,-0.06936936163422779,-0.004996409853513031,0.0693010714695352,-0.10329745847794089,0.08070791311179941,-0.024940686490718178,-0.04657528512587034,0.08791364451256962,-0.09060602856034985,0.04384267601472097,0.017440897280302042,-0.07370925846279335,0.08708407292809005,-0.06307636878839584,0.0038117311626341185,0.05013649846601765,-0.08340761710487184,0.06978007268265145,-0.028009217283998758,-0.031432079536333105,0.06842571279603918,-0.0763767014122563,0.041624537516660835,0.006939545389816192,-0.05598261472260699,0.07096824128228643,-0.05635286227311794,0.009458692801760097,0.035243663252517515,-0.06679016289900651,0.05956588348526338,-0.0289646070020785,-0.02011500969764176,0.0525649962669903,-0.06381923741168713,0.03837067123031472,-0.0004050767834627882,-0.04193451491385435,0.05724921974907644,-0.049619198831688444,0.012767520562653626,0.023809158726457856,-0.05303628480297298,0.05024733357964584,-0.0284730334429339,-0.0118123169359937,0.0397730876083071,-0.05289212942230333,0.03456073617525784,-0.00534468189530032,-0.030914838321906404,0.045691263284235756,-0.043155814311963,0.014382679405247109,0.015148851930821126,-0.041755839074832164,0.041908803625301944,-0.027037799482499313,-0.005859232085296341,0.02955174658091679,-0.04350064956252927,0.030537132626893414,-0.008478968780478578,-0.022365911970385913,0.03604841856200757,-0.03713839910515447,0.014803158612483533,0.008692872517600335,-0.032587168872549734,0.03456618203977217,-0.02503300238491553,-0.0017162528742126766,0.021463312090085666,-0.03551851470563987,0.02653673936022779,-0.010281699670679215,-0.015814590839611245,0.028078051397747723,-0.03166563960961951,0.014410509726727024,0.00397091177193752,-0.02520247346340998,0.028189077869872896,-0.022731278339030866,0.001050480342603865,0.015128484257023782,-0.028803617100000824,0.022716396710993923,-0.011123252809458412,-0.010863504398670601,0.021549721393789724,-0.02678086622532804,0.013492355613936725,0.0005983333604210543,-0.019309991937712184,0.02271752183831651,-0.020326458743938187,0.0027866036482170385,0.010222445789129243,-0.023209154297954622,0.01917317499664077,-0.011289899287355678,-0.007182107928886391,0.016250592035887718,-0.02248875155352173,0.012261915408890725,-0.001736603746607391,-0.014653975079742943,0.01807430858801072,-0.017951904835102686,0.0037647629667259958,0.006470036664130685,-0.018591236441956288,0.01596033532912222,-0.011000104625237438,-0.004497971988086679,0.01198831031316896,-0.018768024303748757,0.010874072145060962
0.06199730826651677,-0.03679401431953597,-0.07922185617511701,0.07946357831641301,-0.11479348675467971,0.019546576972250474,0.008559149538580783,-0.10534995451080767,0.07426182907038245,-0.08175346381469331,-0.0244202794829057,0.04175209686846151,-0.11197121485077523,0.05191149668513066,-0.042183468169673596,-0.061452126778319544,0.05832921585471325,-0.10066770816402419,0.019077808381978176,-0.004436695846814925,-0.08561875347393855,0.05759036546408024,-0.07614866694196712,-0.01657538875582809,0.024683344135270114,-0.09425650843717534,0.04217871494464194,-0.04491642722673564,-0.047964968376812175,0.04097246662321599,-0.08799448728892735,0.017102243492303253,-0.013789629447267974,-0.06983067936787417,0.04323694650705605,-0.07016043698306243,-0.011545973704714392,0.011419175833229597,-0.07945632390694937,0.0330815401863913,-0.04576733639433063,-0.03788552300093945,0.02684626362584752,-0.07681029612837675,0.014204217063104149,-0.020331050420821825,-0.05731886697514407,0.031018224689006172,-0.06416316085021069,-0.008598996337827852,0.0012351383205729226,-0.06720655740807858,0.024782058421694748,-0.04532952087244688,-0.03049080516703741,0.01545326646172818,-0.06707816672870587,0.010810933039904273,-0.024730464811013972,-0.04750429219107903,0.020724235829293686,-0.05840660618204868,-0.007160469797007164,-0.0064780852018696995,-0.057159730963342203,0.017355422517890257,-0.04405124279234353,-0.02518874426030025,0.00634972199109857,-0.05871373056329754,0.007227347115458242,-0.027521988933579756,-0.03989026864870299,0.012135923834131434,-0.0530472500284256,-0.006785973813378957,-0.01222804457923824,-0.048993738193964353,0.010815783349629227,-0.042265688481658056,-0.021498837487018113,-0.0008541686615798523,-0.051604514713290014,0.003664433217418009,-0.029127574813508986,-0.03405539403728325,0.005037188772592155,-0.04817298653294538,-0.007135682974168025,-0.016433615993157104,-0.04241662635717024,0.005136073490722603,-0.040215678883633865,-0.01903467169799266,-0.006496225485388325,-0.045623952201497314,0.0002618797650729282,-0.029877096466562603,-0.029645753905694548,-0.0007772090007253547,-0.043822407522453366,-0.007953428588396105,-0.019437372297506177,-0.03716854125093941,0.0002628818494949982,-0.038073848171880656,-0.01748840925779099,-0.010865744049284684,-0.040641294762396696,-0.0028938584457428272,-0.030025518637229468,-0.026366951605008956,-0.005496830392478939,-0.039999674606769925,-0.009049308971906483,-0.021516962806520216,-0.03302170216114278,-0.0038725538235252557,-0.035958973318467174,-0.016617220552557016,-0.0142077931258081,-0.03652838820237275,-0.0057553448898288884,-0.02976741565574446,-0.02397635032903097,-0.009292992863249057,-0.03668584270441731,-0.010285378958876067
0.024965024580870666,-0.06659393165653787,-0.10591569407468031,0.041152614879970316,-0.1388831782855583,-0.014377951574065866,-0.024561005725251932,-0.13013099304489517,0.036331677988874135,-0.10826196647001494,-0.05512605961328745,0.006201935112187728,-0.13626752072601328,0.01561758032133558,-0.07158883157579403,-0.08944686023783414,0.021565467779568144,-0.12579152701553323,-0.014812402310412963,-0.036605444525766175,-0.11184428400045875,0.020880707531287894,-0.10306748847178285,-0.04785548171266163,-0.009617239523966517,-0.11984968172129165,0.006597321111125707,-0.07412171474968018,-0.07694707671914536,0.005479380442028147,-0.1140460938629476,-0.016643339021684835,-0.04527366371545609,-0.09721203140670522,0.007578081108824108,-0.09751764795548333,-0.043194262685417886,-0.021910357717968773,-0.10613299677127318,-0.0018338629622447148,-0.07491033011789713,-0.06760553260465071,-0.007612664164523242,-0.1036806807657832,-0.019329205229972182,-0.051336196951878604,-0.08561619026064922,-0.003746126189255317,-0.09195942352222779,-0.040463029165061205,-0.031348836933886265,-0.0947800175274572,-0.009525751964187307,-0.07450456642166466,-0.06075217110670669,-0.018171596887120382,-0.09466102613948647,-0.02247407195762057,-0.05541353673312267,-0.07652012595439152,-0.013286507377024236,-0.08662429769190606,-0.03912981502084701,-0.03849738679083875,-0.0854687043604815,-0.01640869485742883,-0.07331986918579686,-0.055838266222953695,-0.02660868435566443,-0.0869089379522661,-0.02579530886629284,-0.05800069751084218,-0.06946351379394831,-0.0212460817762163,-0.08165729206139802,-0.03878273533329416,-0.043826400161833826,-0.07790053182229932,-0.022469576731883933,-0.07166503266056293,-0.052418492057254316,-0.03328518884757595,-0.08032017726100044,-0.02909738711698301,-0.05948874082747853,-0.06405580170736908,-0.027825128962008228,-0.07713986617428596,-0.0391068428045816,-0.04772408792388284,-0.07180492059785164,-0.027733483447575848,-0.06976510122773623,-0.05013472419451945,-0.03851419905107921,-0.07477744286937056,-0.03225084467260327,-0.06018339111086905,-0.059968984796104734,-0.03321386328946243,-0.07310778660695295,-0.0398647224740356,-0.050507943679819076,-0.06694104002622518,-0.03224991594929696,-0.0677800707688664,-0.048701661336487005,-0.042563831635174326,-0.0701595583986446,-0.035175555964823475,-0.06032094751433669,-0.056930218753691524,-0.037587968192130373,-0.06956491030393062,-0.04088037507842159,-0.05243529044897173,-0.06309778488187238,-0.036082602504119286,-0.0658200227698874,-0.04789425106553368,-0.04566121425067824,-0.06634775163383724,-0.03782755722616706,-0.060081739869698204,-0.05471462985500354,-0.04110621923314239,-0.0664936791250855,-0.042025954213114745
-0.009015940494902768,-0.09619491803151149,-0.13363561398770352,0.006397271156372539,-0.1650260064033432,-0.04647683536946873,-0.05617275465013882,-0.1566925064176775,0.0018069572623991177,-0.13586964588205216,-0.08527564371542053,-0.026881445111035202,-0.16253547613740438,-0.017916223619731202,-0.1009508729457346,-0.1179546128697599,-0.012252869990327608,-0.15256063088041516,-0.046890502939974404,-0.06764101404038818,-0.13928059323608022,-0.012904872817314807,-0.13092366026434737,-0.07835287423961636,-0.04194386529281441,-0.14690303037119215,-0.026504973506986707,-0.10336258857021718,-0.10605279144922461,-0.027569434358045392,-0.1413770733668069,-0.048633851673756806,-0.07589456472592584,-0.12534831536177612,-0.025571130906308175,-0.1256393118883383,-0.07391463765885391,-0.053648907802374274,-0.1338425214021545,-0.034532828313822775,-0.10411347831706556,-0.09715812621949987,-0.0400351844011471,-0.1315075187902754,-0.05119123196139874,-0.08166707973213211,-0.11430719370275631,-0.03635361308204764,-0.120346980663485,-0.07131406033137751,-0.06263587097188265,-0.1230326436671587,-0.04185675429628677,-0.10372712546189214,-0.09063261443307989,-0.0500890010506838,-0.12291934456497092,-0.05418565519504051,-0.08554936856334715,-0.1056462650681986,-0.04543760345763223,-0.11526707549603654,-0.07004462421386036,-0.06944244995671346,-0.11416676320304259,-0.04841043236924082,-0.10259910153110813,-0.0859537799303477,-0.05812247684727752,-0.11553809919359376,-0.05734801144890743,-0.08801276527070555,-0.0989272256830763,-0.05301640935783121,-0.1105376804692576,-0.06971414805371143,-0.07451653507141962,-0.10696063536134279,-0.054181375010997124,-0.10102342873853008,-0.08269760022468639,-0.06447959207709934,-0.10926453029435312,-0.060492125552770754,-0.08942962387422836,-0.09377820662591363,-0.05928072942429462,-0.10623635828167538,-0.07002275093779793,-0.07822776604014436,-0.10115662474516557,-0.05919346802931634,-0.09921438583863056,-0.0805230827838372,-0.06945845795547266,-0.10398694810166904,-0.06349472864810558,-0.0900910436188405,-0.08988689402969405,-0.06441167857650809,-0.1023971645154764,-0.0707443753139809,-0.08087844827141216,-0.09652542150170479,-0.06349384435287564,-0.09732431486256375,-0.0791585744949374,-0.07331436504079288,-0.09958997304773556,-0.06627952819720044,-0.09022201962709497,-0.08699349585831653,-0.06857653593971007,-0.09902377160746537,-0.07171144133593482,-0.08271359501836213,-0.0928660192141971,-0.06714318362888631,-0.09545803124055965,-0.07838978895208182,-0.07626357569757593,-0.09596051471859768,-0.06880466356233328,-0.08999425514904162,-0.08488389585011809,-0.07192648160397945,-0.09609946136024045,-0.07280221848930103
-0.034143239545678036,-0.11846965199162522,-0.15468525876608355,-0.019234360369200815,-0.18504853271673063,-0.07037838431392672,-0.0797570454476967,-0.17698771144116063,-0.0236744755623048,-0.15684619137006064,-0.10790766496668605,-0.051424170721801596,-0.18263949457073406,-0.04275229836785589,-0.12306998829979876,-0.13951735240606922,-0.037274254148080596,-0.1729910341391793,-0.07077851635437565,-0.09085005432100188,-0.16014552982911054,-0.03790492292693107,-0.1520620423133095,-0.10121141398301588,-0.06599373660308874,-0.1675185547929424,-0.05106001756637085,-0.1254027906817383,-0.12800496799499242,-0.052089648416551976,-0.16217341147195447,-0.07246482133885795,-0.09883354230077218,-0.1466691271052227,-0.05015673103411778,-0.14695060199530058,-0.09691840001316399,-0.07731578086478019,-0.15488539600630055,-0.05882519461508268,-0.12612911072222718,-0.11940134324594755,-0.06414750925968077,-0.15262679652652347,-0.07493852212097908,-0.10441717605077065,-0.13598927967877852,-0.06058640186572006,-0.1418314400335749,-0.09440291563251425,-0.08600868349202498,-0.14442922601980662,-0.06590947594725938,-0.12575539963802293,-0.1130893513658929,-0.0738723570773642,-0.14431963415384522,-0.07783496545827068,-0.10817243332111268,-0.12761174347865578,-0.0693731568921241,-0.13691775338065823,-0.09317501646869829,-0.0925925458294759,-0.13585344417607514,-0.07224871249067732,-0.12466428554235409,-0.10856361202835545,-0.08164297119260341,-0.13717990896849175,-0.08089384691455546,-0.11055522574002424,-0.12111255637598001,-0.0767039782695552,-0.13234310789940673,-0.09285535374986713,-0.09750060286637881,-0.12888310653633595,-0.07783082532523418,-0.12314017000967309,-0.10541397709781944,-0.08779207658456856,-0.13111161620509842,-0.08393508311841165,-0.1119257236095144,-0.11613201729447943,-0.08276332482929423,-0.12818252837551122,-0.09315385890352715,-0.10109039942277268,-0.12326900773763314,-0.08267891869617049,-0.12139032042414337,-0.10331061158735617,-0.09260803003385576,-0.1260067206755451,-0.08683943866585263,-0.11256550117699776,-0.11236803152386027,-0.08772638526742618,-0.12446895606557612,-0.09385187115942335,-0.1036543492351362,-0.11878934112689447,-0.08683858330546196,-0.11956209406517976,-0.1019907510887932,-0.09633776878989268,-0.12175361812273258,-0.08953311737133697,-0.11269219154667952,-0.1095693076288998,-0.09175496520391865,-0.12120594324136953,-0.09478729401633292,-0.1054294485291966,-0.11524967737627945,-0.0903685133142745,-0.11775687671924168,-0.1012471208168954,-0.09919047894159681,-0.11824291854048825,-0.09197562831031446,-0.11247187970247605,-0.10752873540135086,-0.0949952979967421,-0.11837731873813026,-0.09584238007859774
-0.048560283829988435,-0.13068563360020724,-0.16595595149022246,-0.034040551737330546,-0.1955266923890393,-0.08384962973895171,-0.09298349187830132,-0.1876762722479507,-0.03836477237801608,-0.1680604800807782,-0.12039933238648436,-0.06539015333385151,-0.19318053423276074,-0.056944631586000716,-0.13516589331256676,-0.15118395326372885,-0.05160957363017761,-0.1837839150158165,-0.08423931765312932,-0.10378695436768785,-0.1712737001988935,-0.05222378088209233,-0.16340120544496467,-0.1138778649336197,-0.07957942878497926,-0.1784542766808751,-0.06503550519464782,-0.13743780558779115,-0.13997206165082607,-0.06603826092980415,-0.17324865068451883,-0.08588160721167827,-0.11156205974342336,-0.15814905448895014,-0.06415579597600218,-0.15842318240603656,-0.10969690592426408,-0.09060594844987457,-0.166150864808341,-0.0725979979256401,-0.1381451674408583,-0.1315930061294029,-0.07778139111285715,-0.16395121861342635,-0.08829074019938579,-0.11699995116328374,-0.14774796923050268,-0.07431323467390274,-0.15343763927141543,-0.10724707996095985,-0.09907195154515083,-0.15596761862852618,-0.07949736747546618,-0.13778121085106557,-0.12544576796450949,-0.08725240387533337,-0.15586088729651534,-0.09111158144313211,-0.12065718983689243,-0.13958910096264224,-0.08287064046122011,-0.14865220819084263,-0.10605123105210719,-0.1054839638864646,-0.14761567926526933,-0.0856711391717074,-0.1367185766876182,-0.12103815811507654,-0.09482019175617652,-0.14890752107230604,-0.0940906208949059,-0.12297778732416693,-0.1332595536885723,-0.09001011494213004,-0.1441969687311615,-0.10573991207349731,-0.11026391229356901,-0.14082727928386332,-0.09110754937460394,-0.13523424316054108,-0.11797073400896302,-0.10080879504714158,-0.1429976210629678,-0.0970524756653272,-0.12431251287013233,-0.12840901514141587,-0.09591130225893325,-0.14014498740365333,-0.10603062573534383,-0.11376000905906045,-0.13535971800484448,-0.0958290992693304,-0.1335300676230247,-0.11592226991294642,-0.10549904392679506,-0.13802597198239383,-0.09988102259709138,-0.1249355911558164,-0.12474327579622116,-0.10074481838501756,-0.13652834564214228,-0.10671041868510463,-0.11625703542394479,-0.13099697830574128,-0.09988018956306056,-0.13174956107906066,-0.11463686001646993,-0.10913143016269018,-0.13388388263426426,-0.10250439171051468,-0.12505897469154198,-0.12201760335128906,-0.1046682455386843,-0.13335050299806622,-0.10762142541571822,-0.11798580160968787,-0.12754970579459823,-0.10331798239960446,-0.12999146297377884,-0.11391263975845199,-0.11190967973131648,-0.13046481827747347,-0.10488314896299106,-0.12484441336088735,-0.1200302935267869,-0.10782400013874052,-0.13059571040154683,-0.10864897193866231
-0.053122577240609405,-0.13313406966519045,-0.1674965506843322,-0.038976574360997586,-0.1963061584124556,-0.087503596508881,-0.09640235850398368,-0.1886578033868035,-0.04318949215072363,-0.16954690996866642,-0.12311253168767794,-0.06951925597723184,-0.19402038896278898,-0.061291116903968,-0.13749901017428529,-0.15310477485017163,-0.0560933801465431,-0.18486563309999152,-0.08788325408940162,-0.10692774633547947,-0.172677423724266,-0.05669177807143715,-0.16500756227309507,-0.11675892290352091,-0.08334330797146638,-0.1796731764656508,-0.06917373626885093,-0.13971244478743503,-0.1421814706163271,-0.07015068167159988,-0.17460154016652965,-0.08948327209773232,-0.1145027251527578,-0.15989059853892898,-0.06831667023892914,-0.16015767056751326,-0.1126855792764859,-0.09408601162028782,-0.16768644705031086,-0.07654157496359901,-0.14040159956980702,-0.13401808696860704,-0.08159155071278035,-0.16554341843181977,-0.09183039544436153,-0.11980064850240826,-0.14975723098929727,-0.07821266254464387,-0.15530045232900036,-0.11029881036709444,-0.10233410486335384,-0.15776531153181886,-0.08326335887094108,-0.14004701100478348,-0.1280290750345498,-0.0908187852757773,-0.15766132740040825,-0.09457862992295368,-0.12336375204165723,-0.14180836710702985,-0.08654980582916844,-0.15063819538004483,-0.10913374189336106,-0.10858107584501522,-0.14962834608858472,-0.0892782213791313,-0.13901172840864648,-0.12373491442439558,-0.0981917828263886,-0.15088693666076097,-0.09748099068239074,-0.1256246187386402,-0.13564173859114226,-0.09350551451038691,-0.1462976311173007,-0.10883043607891563,-0.11323799124123568,-0.14301467545939425,-0.09457470163745593,-0.13756560073808466,-0.12074644397871742,-0.10402624305321895,-0.1451291539401975,-0.10036660908388714,-0.12692498924797388,-0.13091605000282183,-0.0992548087979061,-0.14234994536378406,-0.10911366694511754,-0.11664410056862828,-0.13768784593500066,-0.09917472166405172,-0.1359052896588423,-0.11875070612239119,-0.10859576773413399,-0.14028547213109704,-0.10312235091069993,-0.12753202987153797,-0.12734466459418525,-0.10396391311208375,-0.13882639379641526,-0.10977596243125248,-0.11907685496951576,-0.13343740054436445,-0.10312153931846646,-0.13417061228756907,-0.11749838190724726,-0.11213465852254031,-0.1362499976834742,-0.10567819607340345,-0.12765223758890715,-0.12468914932649067,-0.10778635359924546,-0.13573034691984898,-0.1106635203939178,-0.12076112374841858,-0.1300788587642379,-0.10647084542514385,-0.13245776657517935,-0.11679280264517702,-0.1148413976102361,-0.1329189379966913,-0.10799572553804446,-0.12744319893847444,-0.12275299166733497,-0.11086088096482385,-0.1330464610358386,-0.11166461848441578
-0.05006810833702984,-0.12772057841333,-0.1610699317153136,-0.036339179754129904,-0.18903013010964775,-0.08343545331486148,-0.0920718482701509,-0.1816072756950498,-0.04042788579731462,-0.1630598391417062,-0.11799451089058224,-0.06598135487653717,-0.18681175324386354,-0.05799581050273962,-0.13195682500736536,-0.14710247643555632,-0.05295132144510991,-0.17792691202731203,-0.08380391724444519,-0.1022869103676001,-0.16609805425760693,-0.053532076478524086,-0.1586543275031308,-0.1118282290098471,-0.07939782482711796,-0.17288754741602586,-0.06564602231364175,-0.1341049997239596,-0.13650122992146999,-0.06659416390373459,-0.16796544092830346,-0.08535676105160897,-0.10963855196448402,-0.15368822999378384,-0.06481422562762634,-0.15394742779249265,-0.10787498198840234,-0.08982379550145558,-0.16125422926345212,-0.07279663101288861,-0.1347738357810613,-0.12857853175378536,-0.07769771558044594,-0.15917438472328319,-0.08763468288404205,-0.11478027375855063,-0.1438536300310142,-0.07441844900990047,-0.1492334175610786,-0.10555858348489655,-0.09782870572541422,-0.1516256039794181,-0.07932023290940662,-0.13442970174355612,-0.1227660971159194,-0.08665289856825878,-0.15152468566870939,-0.09030188967077574,-0.11823832437822995,-0.1361391268258631,-0.08250978376451225,-0.1447086204694852,-0.10442786535863863,-0.1038914938639835,-0.14372854511392807,-0.08515775595486866,-0.13342494294727666,-0.118598543578568,-0.0938085140220156,-0.1449500279757351,-0.09311867854938907,-0.12043253271273213,-0.13015431237245206,-0.08926041350357011,-0.14049603142367154,-0.10413350207448427,-0.10841110689074632,-0.13730986893298056,-0.0902980772050559,-0.13202145224535458,-0.11569818383242689,-0.09947095368469733,-0.13936200509469915,-0.09591921869410683,-0.12169456369108586,-0.12556795383101674,-0.09484019822064996,-0.13666473743631663,-0.10440838229101268,-0.11171679204430435,-0.13214009322064246,-0.09476247233932125,-0.13041009302068138,-0.11376128740077251,-0.10390575258414464,-0.13466113219078693,-0.09859371148583043,-0.12228370660578453,-0.12210186552080934,-0.09941046145111698,-0.13324507265621877,-0.10505115095911668,-0.11407782022404953,-0.1280149660232159,-0.09859292382221219,-0.12872656008581207,-0.11254588614158523,-0.1073403043306834,-0.1307446378311412,-0.10107420127551367,-0.12240037017364325,-0.11952464425404966,-0.10312020284642404,-0.13024030821361068,-0.10591254056763841,-0.11571243079049381,-0.12475544595705651,-0.10184348051530587,-0.12706421513515348,-0.11186110985665326,-0.10996723915769926,-0.1275117895888203,-0.10332340175847696,-0.12219749472343444,-0.11764557138420781,-0.10610408224949083,-0.12763555279684644,-0.10688412273865108
-0.04199467774110979,-0.11688451044586054,-0.14904739576223416,-0.02875418244484178,-0.17601285581889242,-0.07417491464453552,-0.0825040530832518,-0.16885408386025746,-0.032697424833038016,-0.15096650836887826,-0.10750446665668048,-0.05734177964221057,-0.1738734020166962,-0.049640336512037905,-0.12097004434338691,-0.13557685981940704,-0.04477531494561983,-0.1653046562747769,-0.07453026975451651,-0.0923556945158415,-0.1538966330838717,-0.04533540849128674,-0.1467177313593696,-0.101557562224602,-0.0702809326285876,-0.16044457684257546,-0.05701837718622922,-0.1230417935741357,-0.12535277323051103,-0.05793278679860474,-0.15569758384855603,-0.07602786812866785,-0.09944578719099977,-0.14192831240972076,-0.056216173282105486,-0.14217828874355368,-0.09774495964047751,-0.08033597915600106,-0.14922513656731645,-0.06391458909935382,-0.12368683449007868,-0.11771194043066398,-0.0686413080688284,-0.14721928653431565,-0.07822474846972838,-0.10440458225049579,-0.1324435974327692,-0.06547870777264818,-0.13763198857754222,-0.09551097151061337,-0.08805609915861998,-0.13993906832004097,-0.07020610119397987,-0.12335494368903333,-0.11210629443885757,-0.0772778930369403,-0.1398417403741508,-0.08079706419711209,-0.1077396060061842,-0.1250035526554897,-0.07328217758546425,-0.13326816992657836,-0.09442048087678705,-0.09390319183932498,-0.13232296265443874,-0.0758359430245774,-0.12238593113749364,-0.10808700970916812,-0.08417893357956344,-0.1335009888921433,-0.08351364034306959,-0.10985575111951769,-0.11923165959472125,-0.07979264056639723,-0.12920545191406868,-0.09413659013792092,-0.09826201085862858,-0.126132643339357,-0.08079338736726147,-0.12103237234192225,-0.10528983589153328,-0.0896399209586166,-0.12811177077326177,-0.0862145458353839,-0.11107288289580576,-0.1148084696620043,-0.08517391360999832,-0.125510463648096,-0.09440169095711483,-0.10145008984544367,-0.12114679243419374,-0.085098952977789,-0.11947834034983676,-0.10342184831057806,-0.09391694327783562,-0.12357814054882248,-0.08879388835398554,-0.1116410659075969,-0.11146569417223212,-0.0895815808536809,-0.1222124600812266,-0.09502159188202895,-0.1037271198641743,-0.11716842464502307,-0.08879312871302962,-0.11785470236740792,-0.10224968731067369,-0.09722930417841436,-0.11980098307920471,-0.09118612990396703,-0.11175357894254727,-0.10898016255525829,-0.09315934099704078,-0.1193145959668849,-0.09585233588299141,-0.10530357598640902,-0.11402486833300104,-0.09192804054138354,-0.11625149856551874,-0.10158927327145066,-0.09976278069922814,-0.11668314968910948,-0.09335531071332256,-0.11155792118032658,-0.10716794135064987,-0.0960370630976675,-0.1168025097807456,-0.09678935213211474
-0.031246018161496608,-0.10293549340258354,-0.1337239233842654,-0.01857134490559921,-0.15953703594278348,-0.062051058223952286,-0.07002425755310579,-0.15268418841261944,-0.02234607596519024,-0.1355610242393477,-0.09395629832765481,-0.045937273863709015,-0.15748900999797102,-0.03856494578310257,-0.1068464352569744,-0.12082904008595864,-0.03390782704566202,-0.14928644279323047,-0.062391227515813455,-0.07945489692107038,-0.13836593240407769,-0.03444398543892591,-0.13149381533758783,-0.08826353012872737,-0.05832348243376325,-0.14463405499182977,-0.045627691754580986,-0.1088296499313755,-0.11104187170935079,-0.04650302479912185,-0.14008992096957845,-0.06382482721402728,-0.08624200012233749,-0.1269090683991925,-0.04485976939655262,-0.12714836219312878,-0.08461385608503896,-0.06794883454153018,-0.13389406857734537,-0.05222919953404585,-0.10944712553657938,-0.10372756382478834,-0.05675392592607355,-0.13197393695086596,-0.06592782562021945,-0.09098888501717867,-0.11782967517648874,-0.05372647683930207,-0.12279634455043012,-0.08247533566189724,-0.07533904135328688,-0.1250048330742479,-0.058251848861022935,-0.10912941782506547,-0.09836147065798641,-0.06502143330160712,-0.12491166436075024,-0.06839021547996921,-0.09418138918399188,-0.11070757479797472,-0.06119647157337975,-0.11861901022030519,-0.08143144627837387,-0.08093626317668604,-0.11771419562950627,-0.06364110387668082,-0.1082018152545566,-0.09451394686591268,-0.07162756336292762,-0.11884187985246641,-0.07099070090399116,-0.09620710251822989,-0.10518233899853738,-0.0674287150946021,-0.11472990923222336,-0.08115968738454173,-0.08510881153043501,-0.11178841468908735,-0.06838669577651918,-0.10690609971804273,-0.09183630804763782,-0.07685517978778961,-0.11368296568549877,-0.0735761853472953,-0.09737222113567086,-0.10094817057118527,-0.0725800237127651,-0.11119282335230321,-0.08141345933098096,-0.08816065049625248,-0.10701563015863427,-0.07250826646358,-0.10541847804769278,-0.09004814743091566,-0.08094942695840424,-0.10934307654449171,-0.07604530171392652,-0.09791612329815523,-0.09774824593448178,-0.0767993328008583,-0.10803575734597066,-0.08200686928268647,-0.09034037344735803,-0.10320727475415498,-0.07604457453562295,-0.10386422494366043,-0.08892607779948114,-0.08412023674920403,-0.10572733289652024,-0.07833531272308744,-0.09802382817800419,-0.0953689315351764,-0.08022420020878983,-0.10526173115077053,-0.08280211209920435,-0.09184946097048234,-0.10019805582201854,-0.07904551839922852,-0.10232953278170746,-0.08829388602919906,-0.08654544716499968,-0.10274273763769164,-0.08041179531504106,-0.09783653169470524,-0.09363415416304179,-0.0829789451432183,-0.10285699697070226,-0.08369908570384377
-0.019643500681902175,-0.08774167786011271,-0.1169877555148961,-0.007603767622713163,-0.141507755230609,-0.0489053563322655,-0.05647913670613411,-0.13499820241668467,-0.011189402803214558,-0.11873282644898962,-0.07921229729101398,-0.03359879510155328,-0.13956232553975975,-0.026595785215364258,-0.09145670032942699,-0.10473884387776403,-0.022171965737600406,-0.1317706675181864,-0.049228484777966146,-0.06543734637950323,-0.12139722219924502,-0.022681265172939884,-0.11486936516012666,-0.07380470941090542,-0.04536451416886772,-0.1273513419793107,-0.033304721567778535,-0.0933405654829327,-0.09544196558507372,-0.03413620463494601,-0.1230348472256784,-0.05059026802332101,-0.07188444833934286,-0.11051429200220282,-0.032575268428105465,-0.11074159832746629,-0.07033786649102075,-0.054507682409855346,-0.11714937725177471,-0.0395755255441994,-0.09392710852882595,-0.08849406936203863,-0.04387358489658022,-0.11532543498876117,-0.05258791631951458,-0.07639353712157182,-0.1018897327308306,-0.040997796454613517,-0.10660759584636935,-0.06830647566015492,-0.061527675388715876,-0.10870544971243858,-0.04529646909374375,-0.09362531644628107,-0.08339679166543428,-0.05172692989858935,-0.10861694830357914,-0.05492695228521467,-0.07942611217757142,-0.09512441534182729,-0.04809358036446669,-0.10263952588367511,-0.06731488011625444,-0.06684450330737149,-0.10178003815398477,-0.0504157483419268,-0.09274418230511115,-0.07974201031839696,-0.058002124602766485,-0.10285123081870942,-0.05739716589131047,-0.08135034701236826,-0.08987596729340534,-0.054013618446747375,-0.0989452501582676,-0.0670567350365241,-0.07080802704809765,-0.09615111035052616,-0.054923608901986526,-0.09151337588783232,-0.07719850833218586,-0.06296786257647602,-0.0979507534500594,-0.0598531299937053,-0.08245709878837586,-0.08585391034852545,-0.05890687126802426,-0.0955853552764133,-0.06729779422845378,-0.07370698355342434,-0.09161741937991714,-0.0588387087120508,-0.09010027691143506,-0.07549992596579055,-0.06685700764691041,-0.093828271891027,-0.06219855550062972,-0.082973754067326,-0.08281428655250321,-0.06291481325510592,-0.09258644309942302,-0.06786147719439344,-0.0757775128636839,-0.08799984427255755,-0.06219786475046325,-0.0886238844158527,-0.0744340666285482,-0.06986897511083931,-0.09039365961715401,-0.06437384796744522,-0.08307606345048506,-0.080554164366064,-0.06616811127092864,-0.0899513822804889,-0.06861688216892863,-0.07721100235682848,-0.08514137274212004,-0.06504847575352096,-0.08716607295319063,-0.07383354462669928,-0.07217269414398743,-0.08755857823236975,-0.06634630876421899,-0.08289814962057272,-0.07890629100034201,-0.06878485672756121,-0.08766711372209758,-0.06946892170817057
-0.008445034403767395,-0.07265260024901112,-0.10022777971116366,0.002906839980975854,-0.12334689334253036,-0.03603509042696874,-0.04317616265831452,-0.11720924681156165,-0.00047393930694214145,-0.10187315057934722,-0.06461052354148974,-0.02160302955824293,-0.12151261069138676,-0.015000118334853419,-0.07615537462123588,-0.08867867761970005,-0.010829042218342026,-0.11416610868216895,-0.036339757773636495,-0.051622568440265304,-0.10438532304359124,-0.011309244161837945,-0.09823041805148461,-0.059511884058565265,-0.03269654502421862,-0.1099992697550953,-0.021325757147062616,-0.07793161006393698,-0.07991295216465616,-0.022109735602824334,-0.10592938664516711,-0.03762373909319888,-0.057701332083440415,-0.09412416061354366,-0.020637979405611354,-0.09433848038613023,-0.05624311014599663,-0.041317342249539896,-0.10038016761261216,-0.02723829513122897,-0.0784846425062255,-0.07336200582935268,-0.03129079609836291,-0.09866043152270348,-0.0395072569761787,-0.06195280586561462,-0.08599234299009004,-0.028579308311232395,-0.09044066332981165,-0.054327777519854376,-0.0479362662809978,-0.09241866179938653,-0.03263238752658056,-0.07820009252538145,-0.06855594776880096,-0.038695460763649436,-0.09233521668716468,-0.041712658236612674,-0.06481212267345189,-0.07961354432442776,-0.03526969315697094,-0.08669929867123242,-0.053392834195156794,-0.05294933113560514,-0.08588891552613219,-0.03745919013757727,-0.07736929967993415,-0.06510997279981233,-0.04461213862281979,-0.08689890839823593,-0.044041742645878804,-0.06662642138123671,-0.0746649526349248,-0.04085150533939765,-0.08321608573193683,-0.053149437559722124,-0.05668640930872386,-0.0805815817977584,-0.0417095058688451,-0.07620881216977117,-0.06271178715044062,-0.04929417213867726,-0.0822784069933701,-0.04635739165958731,-0.06766994178775776,-0.07087268539925602,-0.04546519495251831,-0.08004814966082587,-0.05337672446489024,-0.0594197415124795,-0.07630691140892294,-0.04540092668599198,-0.07487644690931151,-0.06111024884716877,-0.05296112107239295,-0.07839145264135156,-0.04856881741151112,-0.06815707931796905,-0.0680067225627307,-0.049244153651603784,-0.07722057249140614,-0.05390820287813319,-0.061371976543309906,-0.07289601699837144,-0.048568166125549664,-0.0734844042394255,-0.06010528459682385,-0.05580100764906076,-0.07515306796109106,-0.05061983022981617,-0.06825354352197528,-0.06587572654907345,-0.05231158298996169,-0.07473605898386881,-0.054620449764204215,-0.06272356736164675,-0.07020085676629921,-0.0512559149209252,-0.07210988102371782,-0.05953907184968485,-0.057973109717559715,-0.07247996153984597,-0.05247959963531117,-0.06808579433363825,-0.06432200012028333,-0.05477882753554314,-0.07258229613809826,-0.0554238102517465
0.0015783278564143449,-0.05854843484126759,-0.08437103456203955,0.012208717722781063,-0.10602078005222623,-0.02425820292441517,-0.030945414155814623,-0.10027322037399022,0.009042808669822591,-0.08591183154505244,-0.05101748375436368,-0.010743392205941895,-0.1043030778432434,-0.004560138394397334,-0.06182858540747817,-0.07355595207630204,-0.0006541609515532416,-0.09742349321561647,-0.024543506704642205,-0.03885499660788485,-0.0882643393161353,-0.0011038429777047182,-0.08250061806279975,-0.04624289555381221,-0.02113184352199806,-0.0935214836616103,-0.010483742237123042,-0.06349192968089161,-0.06534734476702032,-0.011217893827346755,-0.08971026775992412,-0.025745882765676187,-0.0445474157839898,-0.0786553396552403,-0.009839677188018684,-0.07885603802992708,-0.04318187321530618,-0.029204733721278582,-0.08451373723372277,-0.01602050046234292,-0.06400981335992324,-0.05921275314120774,-0.01981543896803678,-0.08290330141639551,-0.027509690991325608,-0.04852868110453364,-0.07104035126392375,-0.017276283642830875,-0.07520595227914316,-0.041388272277735144,-0.03540298262410527,-0.07705823624335946,-0.02107176364535146,-0.06374334835772899,-0.05471215093469254,-0.0267494896414213,-0.07698009460390005,-0.02957492483867142,-0.05120626996682908,-0.06506696621782211,-0.02354145156627254,-0.071702375371492,-0.04051275060548603,-0.040097435013525556,-0.07094349727950694,-0.025591791952910323,-0.06296535773292412,-0.05148518980487921,-0.03229012462600261,-0.07188929861845975,-0.0317559809764535,-0.052905258340389574,-0.060432889309820055,-0.028768503738359548,-0.06844054298352527,-0.04028482338931545,-0.043596997869394825,-0.06597347869302951,-0.029571972824119844,-0.06187862665663052,-0.04923942425456532,-0.036674584844118924,-0.0675624597505251,-0.033924455624347136,-0.05388245632363514,-0.05688164501074743,-0.03308896374765945,-0.06547394959407622,-0.04049766475203386,-0.04615660925826547,-0.0619704910591453,-0.033028780142198774,-0.060630941764862785,-0.04773967399547326,-0.040108475624116055,-0.06392254630942315,-0.035995331068059584,-0.054338633135426216,-0.05419783251756759,-0.03662774535311543,-0.06282608311234637,-0.0409953642989848,-0.04798476721572115,-0.05877638089299465,-0.035994721175503515,-0.05932737234628336,-0.04679858167707292,-0.04276786917121291,-0.06088998177235379,-0.037915988850249396,-0.05442896641977908,-0.052202274985738685,-0.03950021985812762,-0.0604994763936469,-0.041662343321428576,-0.04925045575769732,-0.056252515401868264,-0.038511646274331186,-0.058040208908060095,-0.046268355386207376,-0.044801920204117086,-0.0583867684307479,-0.03965755796666981,-0.054271878769638605,-0.05074729784945934,-0.04181065516830399,-0.05848259900809307,-0.042414645090842674
0.010024628572413537,-0.045939093184159376,-0.06997379455450861,0.019918994308292002,-0.09012456067516886,-0.0140230393029304,-0.02024724316641059,-0.08477494901838663,0.01697228563153808,-0.07140791024229741,-0.03892956810280822,-0.0014439634853237078,-0.08852578827879846,0.004311175829251262,-0.04899213355039468,-0.059907523898138595,0.007946712235857172,-0.08212253051757273,-0.014288589295252545,-0.027609184034306268,-0.07359753570064813,0.0075281651752577665,-0.06823288145964154,-0.03448556158109704,-0.011113141948442335,-0.07849068727216366,-0.0012022910925800177,-0.05054031163160522,-0.05226726197724653,-0.001885611688584917,-0.0749433513321162,-0.015407715559621737,-0.03290747299250423,-0.06465384142452069,-0.0006028196495149497,-0.06484064389806214,-0.03163647750011741,-0.018627083504808843,-0.07010661681623845,-0.006355696711764756,-0.05102233821702645,-0.04655741558881935,-0.009887882265871489,-0.0686076839293828,-0.017049401696434225,-0.036613084514586045,-0.0575660975914804,-0.007524532307533853,-0.061443281822016464,-0.02996706143131543,-0.024396179684489726,-0.0631673178375387,-0.011057221866452804,-0.05077432264839118,-0.04236842489113549,-0.01634183496714055,-0.06309458654830737,-0.018971643427229647,-0.03910528318527512,-0.052006296204105955,-0.01335591418632594,-0.05818228464845497,-0.029152158897747166,-0.02876559881723017,-0.05747594955769765,-0.01526429364591865,-0.050050198333321735,-0.03936489124512545,-0.021498848927644296,-0.0583562657529381,-0.021001688175256758,-0.04068663744982556,-0.04769307229112145,-0.01822105709841965,-0.055146294151268496,-0.028940012846068716,-0.03202285986286861,-0.052850043807589106,-0.01896889580348319,-0.04903871005673337,-0.037274617417808464,-0.025579739045297093,-0.05432900741361703,-0.023020022547274775,-0.04159617645678008,-0.04438770810841654,-0.022242378236838126,-0.05238510097267058,-0.029138117554638403,-0.03440524955332894,-0.049124213975970145,-0.022186361607982805,-0.047877412042505486,-0.035878706471693084,-0.028775875000935855,-0.050941113339557836,-0.024947515263075204,-0.042020768618763554,-0.04188971671695714,-0.02553614261462081,-0.04992056677219886,-0.02960135751159368,-0.036106829992184966,-0.04615125676726302,-0.024946947598099116,-0.04666409881959736,-0.035002773255081776,-0.03125113815886223,-0.048118516706262916,-0.026735191048191286,-0.04210484743099397,-0.0400323270713175,-0.028209733487284724,-0.047755049035996346,-0.030222156416354163,-0.03728488512463546,-0.04380213800950461,-0.027289606500610714,-0.04546605566410352,-0.034509258632330224,-0.03314435610269987,-0.04578862018994217,-0.02835617786135544,-0.041958636174152186,-0.038678089258343554,-0.0303601994866833,-0.04587781567504225,-0.030922370514228612
0.01674535157569143,-0.035068772230980115,-0.0573213486031616,0.02590606989705793,-0.07597797575023914,-0.0055192298610934835,-0.011281921466614662,-0.07102502708989435,0.02317785377048147,-0.05864912748326176,-0.02857898940397502,0.006127132663222205,-0.07449774912691785,0.01145553991724847,-0.03789543576509903,-0.0480014717670689,0.014821508576282767,-0.06856928011177033,-0.005765089853016268,-0.018097989154996025,-0.06067639659668342,0.014433995942452814,-0.05570952072962487,-0.02446449707061704,-0.002825095570919289,-0.06520673077342243,0.006350885531781305,-0.039328819540458755,-0.04092771997467664,0.005718231790219025,-0.06192242269289548,-0.006801235144952877,-0.02300342059212783,-0.05239585934921452,0.006905907367259731,-0.052568810793251264,-0.02182666687144596,-0.009781893400969644,-0.05744432236004445,0.0015795946240769066,-0.039775104819407166,-0.03564124726698374,-0.0016906864413014453,-0.05605653234644856,-0.008321193540759676,-0.02643426843708955,-0.04583365753439349,0.0004974258481642933,-0.04942335631490169,-0.020281034662601782,-0.015123222646490615,-0.05101955851074544,-0.0027733218510782847,-0.039545479108752196,-0.031762861844747324,-0.007666091468160328,-0.050952220101029885,-0.010100904894822479,-0.02874167556479259,-0.04068610429125899,-0.004901570736551357,-0.04640415555446842,-0.019526555520768846,-0.01916865809647411,-0.04575019379687323,-0.006668447679074074,-0.03887504716222028,-0.02898203420664283,-0.012440723165897465,-0.04656523630829894,-0.011980425888170389,-0.03020577557590383,-0.03669269729796826,-0.009405973039901863,-0.04359327767573581,-0.019330139674185648,-0.0221843997553915,-0.041467289698809626,-0.010098361001877111,-0.037938558716721374,-0.027046749999678397,-0.01621902344973536,-0.042836591113780145,-0.013849104806450513,-0.031047874086048095,-0.03363241925331346,-0.013129121265080942,-0.0410368214444594,-0.019513555315146106,-0.024390140018953427,-0.03801772269149347,-0.013077258157130995,-0.0368633686257661,-0.025754343056128122,-0.019178172321727076,-0.039699902604021155,-0.015633677795490707,-0.03144098358909451,-0.031319648923490366,-0.016178659607130042,-0.03875502752188097,-0.019942446956525528,-0.02596555167419313,-0.03526520430906842,-0.01563315222173634,-0.035740020149739316,-0.02494335853423929,-0.021469899671040238,-0.03708659586130688,-0.017288800999395823,-0.03151882812569224,-0.029599981002278557,-0.018654009068110537,-0.036750078591264834,-0.02051721486510423,-0.027056256376596262,-0.033090268005144474,-0.017802107655749817,-0.03463080949619298,-0.024486437032933878,-0.02322273929385346,-0.03492945650809371,-0.018789594884970534,-0.03138345814088526,-0.028346157212461233,-0.020645022318078833,-0.03501203832650947,-0.021165509489186878
0.021750776859571053,-0.026005314860286236,-0.04651509096299815,0.030194036577853252,-0.06371054910764198,0.0012299359173099282,-0.004081427252573222,-0.059145510598263284,0.027679491700890492,-0.047738879484798595,-0.020023805550492522,0.011964166587487068,-0.06234625240249527,0.016875258136453235,-0.02861059683900374,-0.03792513787100148,0.01997760738405953,-0.056882095349447444,0.0010033314422768893,-0.010363667108826156,-0.04960737484105768,0.0196204443650951,-0.045029499890331365,-0.016231556279123135,0.0037130682143498546,-0.05378289762463691,0.01217039534768688,-0.02993171938275735,-0.03140539548065553,0.011587290435565036,-0.05075581337797214,4.833604794288616e-05,-0.014884909897978065,-0.04197536126585365,0.012681948409561068,-0.04213476731998897,-0.013800318391109217,-0.002698879934923129,-0.04662843353412305,0.007772787331373891,-0.030343052030091196,-0.026532954204892843,0.004758631517591466,-0.04534933389278832,-0.0013525806756777515,-0.018047057056389922,-0.0359271047533609,0.006775372967837087,-0.03923566179561154,-0.012375738602668912,-0.007621881437502078,-0.0407068509785566,0.0037607870665035863,-0.030131410383111075,-0.02295832017961514,-0.0007487855641044342,-0.04064478644799262,-0.002992906756972045,-0.020173750288466744,-0.031182702903988557,0.001799220576321041,-0.03645292192001512,-0.011680349537854623,-0.011350482293844232,-0.0358501778150772,0.0001707237278622967,-0.0295134860185119,-0.02039528427384666,-0.005149472723004406,-0.036601386984925544,-0.004725225483090556,-0.021523183402081793,-0.027502055685907904,-0.0023524012931246284,-0.03386218927941437,-0.011499316790496792,-0.014130033981411504,-0.031902706625607,-0.002990562099262929,-0.028650342442742817,-0.018611569655094685,-0.008631860181168703,-0.03316476567748741,-0.0064475512749793415,-0.022299329570984617,-0.024681455659279986,-0.005783956148547704,-0.031505952228795424,-0.011668367495768703,-0.016163022799863397,-0.028723306371540122,-0.005736154909075318,-0.027659360200303927,-0.017420382773968266,-0.011359251374172975,-0.030273739579514774,-0.008092358232699427,-0.022661651117779062,-0.022549819265888445,-0.008594657595695724,-0.029402866200378644,-0.012063668758413207,-0.01761504973724591,-0.026186362567913384,-0.00809187382137342,-0.026623991290956675,-0.01667291377583921,-0.013471492852945462,-0.027865104494555273,-0.009617853787314584,-0.022733398945524286,-0.020964834073829416,-0.01087614007986084,-0.027554942931785113,-0.012593421400031377,-0.018620331501762344,-0.024181765172759412,-0.010090958762566497,-0.02560165294350051,-0.016251777924801102,-0.015087051771004212,-0.025876910210137063,-0.011001106946617815,-0.022608631007062587,-0.019809208551134667,-0.012711219096842963,-0.025953024300367958,-0.013190942215874933
0.025140732943515987,-0.018708180816563016,-0.03753994386873916,0.03289320501373277,-0.053328550810710015,0.006298810324723522,0.0014219978135392,-0.049137002199835036,0.03058438832700333,-0.03866360779140245,-0.013216050358760174,0.01615481691961995,-0.0520758744208985,0.0206641061441594,-0.02110031092376713,-0.02965278018408052,0.023512635823052082,-0.04705876890070378,0.0060907455579988995,-0.004346258837212311,-0.04037923167910105,0.023184694196071158,-0.03617589684390646,-0.009734065018911775,0.008578784460515222,-0.0442131329018906,0.01634417301630174,-0.02231334545823806,-0.023666452335285082,0.015808774995150907,-0.041433710396901455,0.005213883378131446,-0.008497594886922318,-0.033371633422568645,0.01681387322178356,-0.03351799762593807,-0.00750173953660203,0.0026914316369033497,-0.03764401328580444,0.012306356526018046,-0.022691024810339383,-0.0191926512010702,0.009538804710570177,-0.03646956353827384,0.003927583046868123,-0.011401030093874692,-0.027818216703066553,0.011390545896740694,-0.030856083228388315,-0.006193712140765182,-0.0018287931250732274,-0.032206906658122515,0.008622599181474653,-0.02249669868371848,-0.01591047685527735,0.0044819784930333105,-0.032149919954431935,0.0024214607012831716,-0.013353727326188298,-0.02346197941387096,0.006821518800625343,-0.0283010139916186,-0.005555216526182364,-0.0052523374627167895,-0.02774758356368789,0.005326257875893179,-0.021929329973303373,-0.013557136446784562,0.0004413347810719387,-0.028437332345847218,0.000830872114760379,-0.014592756193353686,-0.02008246537420374,0.0030095630320152817,-0.025922242864376457,-0.005388995023526548,-0.007804479353949917,-0.024123075830248253,0.002423613530168056,-0.021136804729854124,-0.011919356936914708,-0.0027561401762167858,-0.025281879168902135,-0.0007505411122329985,-0.015305401747036727,-0.01749263352521562,-0.00014123820609902426,-0.023758782005037907,-0.005544214798210628,-0.009671138625366702,-0.021203799094472515,-9.734783836237628e-05,-0.0202268999758936,-0.01082562734260347,-0.0052603890982933724,-0.022627383177233094,-0.0022607777300895767,-0.015638079855454925,-0.015535397557708549,-0.002721981330647387,-0.021827760546434552,-0.005907174377830956,-0.011004367574002024,-0.018874416055509546,-0.002260332951011276,-0.019276240062554066,-0.010139312728971357,-0.007199816951528789,-0.020415811243343587,-0.003661464440553575,-0.015703957614667894,-0.014080088371075505,-0.004816803689230163,-0.020131025635313084,-0.006393585159365456,-0.011927401930654207,-0.017033825355177248,-0.004095862200340508,-0.01833754461205121,-0.009752632225010247,-0.008683198466244092,-0.018590281628668562,-0.004931546356939202,-0.015589397599880189,-0.013019010672740361,-0.006501745204767151,-0.018660168423384506,-0.0069422196430554564
0.027058084293841142,-0.013076124437170423,-0.030312535656941253,0.034153797860426355,-0.04476359481083658,0.009812374185403962,0.005348705773073197,-0.04092713747518889,0.03204057491187514,-0.03134100725517576,-0.00804926535971518,0.018833419224242046,-0.04361704016694761,0.022960699456459177,-0.015265602825610531,-0.023093541012108476,0.025567913065778783,-0.03902496380960064,0.009621935835597041,6.911281207097001e-05,-0.032911290331959574,0.02526775334504193,-0.029064045253892952,-0.004862259925728207,0.011899198008859302,-0.03642039873932914,0.019006733827889893,-0.016375873913983645,-0.017614350974918588,0.018516692591005218,-0.033876437819857906,0.008819357921177415,-0.003730538610156969,-0.02649734784139792,0.019436642905933436,-0.026631312653409407,-0.00281904815193639,0.006510598227601613,-0.030407788728200116,0.015310985040924402,-0.016721557778208072,-0.013519552423601117,0.012777889173537175,-0.02933283367756006,0.007642027822006484,-0.006388006370256494,-0.021414394429819843,0.014472758234335657,-0.0241949050233392,-0.0016218316184177968,0.0023733088730493465,-0.025431292081507365,0.011939300921467319,-0.01654369418572855,-0.0105154307934423,0.008149457097852603,-0.02537913306399272,0.00626349815253997,-0.00817527888375471,-0.01742720018361791,0.010290800884685432,-0.021856291058309538,-0.0010374268048866488,-0.0007602064472766144,-0.021349745048203216,0.00892221249983104,-0.016024390688820136,-0.008361455995198556,0.004451120600150161,-0.021981061065439345,0.004807657885071616,-0.009309342168666399,-0.014333985090092087,0.006801778800173386,-0.019679039930347555,-0.0008852869247593445,-0.003096141059804275,-0.018032291149186273,0.006265468602350908,-0.015299005022045738,-0.006862422631130748,0.0015245229642278603,-0.019092925292284915,0.0033602156772804146,-0.009961615234294348,-0.011963553462658236,0.003917900872151904,-0.01769885884341906,-0.0010273570994149151,-0.004804664405185871,-0.015360323891382106,0.00395807302304398,-0.014466183768579742,-0.0058613494443797536,-0.0007675759804108848,-0.016663307610346546,0.0019779202802743543,-0.010266110180658327,-0.010172126717503883,0.0015557880086846934,-0.01593142581856253,-0.0013595681915552328,-0.006024947516496877,-0.013228276889904696,0.0019783273794436824,-0.013596059970235833,-0.005233176666614569,-0.002542703243685368,-0.014639091227153556,0.0006958941595795274,-0.010326407038944288,-0.008840105518892916,-0.00036156935742397145,-0.01437843151962187,-0.0018047721923187153,-0.006869786085097872,-0.01154361369027149,0.0002982968448783131,-0.01273688705317189,-0.004879254192203884,-0.0039004185947440605,-0.012968213198090186,-0.0004665914841152901,-0.010221552091547542,-0.007868918089762693,-0.0019037693502017778,-0.01303217946238621,-0.002306928551445947
0.02765984099771402,-0.008978504926619654,-0.024713550333807698,0.03413748728631907,-0.037905859862120674,0.011916306675198085,0.00784144304754849,-0.03440357451922325,0.032208335177623476,-0.02565243761677416,-0.004389506971606526,0.02015157975475815,-0.03685917507644318,0.02391935606469174,-0.010977270297258106,-0.01812336128097299,0.02629947011545342,-0.03266708839001923,0.011742456327624303,0.0030217254210886018,-0.027085942259955954,0.026025455601934158,-0.023573808833566058,-0.0014801034665881065,0.013821359136536853,-0.030289392179123038,0.02030979790837237,-0.011990831981711312,-0.013121432345156992,0.019862441378323343,-0.027967021235914363,0.011009786413616125,-0.000446959962308636,-0.021230681844010606,0.020702260050156168,-0.021352977742680523,0.00038513574285000134,0.008902129654358097,-0.024800506451431135,0.016935964792244424,-0.012306405289330268,-0.009383308421520124,0.014623512508187796,-0.023819184625394296,0.009935006847643915,-0.0028729508104116614,-0.016590475613489617,0.016170751158441857,-0.0191287917331474,0.0014780695489048908,0.005125216059845866,-0.0202574841420881,0.013857968912365584,-0.012144034383445832,-0.00664085875165821,0.01039823684341106,-0.02020986840012635,0.008676553062361115,-0.0045045441738059844,-0.01295058319555388,0.012353060343999515,-0.016993881138335363,0.002011570180784925,0.0022646434487159743,-0.01653145747204975,0.011103681914530813,-0.01166996446252211,-0.004674504455270363,0.007022041417320355,-0.017107783139315165,0.007347522765848385,-0.0055398256517880055,-0.01012680048752707,0.009167947142273009,-0.015006277981012409,0.002150458020691029,0.00013217882323846475,-0.013502968126343665,0.008678351877488714,-0.01100776301821413,-0.003306043367300892,0.004350363067189949,-0.014471216457697477,0.006026159021767447,-0.0061352829180760645,-0.007962843686036798,0.006535267429099592,-0.013198579213560454,0.002020762771447476,-0.0014275247644772657,-0.011063740749368426,0.006571940412258994,-0.01024748409052602,-0.002392167975921434,0.0022579158337258827,-0.01225322896250731,0.004764267520067327,-0.006413255040358733,-0.00632745794249397,0.004378904791329238,-0.01158509723371645,0.0017174886993132808,-0.0025415159498394973,-0.009117404244004392,0.004764639159141897,-0.009453151830623115,-0.0018187117584022717,0.000637409816839799,-0.010405330563159468,0.003593911407932143,-0.0064682997820362876,-0.0051114615395165715,0.002628557527455622,-0.010167375441206305,0.0013110638885939923,-0.0033127654326455345,-0.007579482480357839,0.0032309465354403866,-0.008668816582974786,-0.0014956174591035506,-0.0006020426670067102,-0.00887999322222693,0.0025326832812928354,-0.006372578153129936,-0.004224868727277003,0.0012206898104514506,-0.00893838774881328,0.0008526475157406949
0.027100704087927235,-0.006274608806098779,-0.02060828164578385,0.0330014473186808,-0.032625676186781916,0.01275929836079728,0.009047344528215403,-0.02943530647400159,0.031244106652132793,-0.021463551065040457,-0.0020943097572575305,0.020261133087880835,-0.0316722097749644,0.02369334898317358,-0.00809536293579044,-0.014605018776783486,0.025861488651151333,-0.02785347283942617,0.012600931229295408,0.004656873840041818,-0.022769386926190946,0.025611878034310257,-0.019570046206131883,0.0005559805291954506,0.014494685709015081,-0.025687535677047468,0.020405260237979124,-0.009018656209615738,-0.010048564627589313,0.01999774554841298,-0.023571996480882366,0.01193351333661643,0.001497111654245958,-0.01743559950953821,0.020762769466374568,-0.01754700366223097,0.002255100417570563,0.010013565750589464,-0.020687493399494716,0.017331902719723617,-0.009306124369464906,-0.006643360259311228,0.015225398820986306,-0.019793568682987147,0.010954454282462903,-0.0007128189960268276,-0.013208652824873886,0.016634839470425208,-0.015520904990746435,0.0032506968843126417,0.006573026342754865,-0.016549075377785896,0.014528034996283329,-0.009158214313700612,-0.004145154799468968,0.011376428737383877,-0.016505700322319787,0.009808079144970975,-0.00219910167733464,-0.009892931405569459,0.01315715448628848,-0.01357613081208191,0.0037366836304100117,0.0039672180415364355,-0.01315489087445594,0.012019046447986717,-0.008726365343849416,-0.0023539251943445324,0.008300919297905655,-0.013679888632639844,0.008597413082606717,-0.0031421803668693414,-0.0073206364766506965,0.010255709373835619,-0.011765544782302944,0.0038632020361157385,0.002024671992712636,-0.010396120603606085,0.009809717756546021,-0.008123139956756379,-0.0011073400704253223,0.005867182221675482,-0.01127813615869667,0.007393730784923268,-0.0036846058524092366,-0.005349402963870136,0.007857497692599207,-0.010118840749690385,0.003745057523442818,0.0006038765406075171,-0.008174132277649649,0.007890904557915404,-0.007430571925690528,-0.00027485496871164307,0.0039610895919664525,-0.009257683958155492,0.006244224096096956,-0.0039378216110070845,-0.003859665654061058,0.005893182002769613,-0.0086490564412672,0.0034687932218002682,-0.00041090192262976943,-0.006401137667092018,0.006244562636772975,-0.0067069833725710865,0.0002475288946388899,0.00248490681144677,-0.007574360496938796,0.005178100600221428,-0.0039879640350251695,-0.0027519666189791702,0.004298721714479547,-0.007357597800655383,0.003098564848126812,-0.0011134634646046025,-0.005000184136759589,0.004847461596649297,-0.005992501491807731,0.0005418482221445849,0.0013558407081055539,-0.0061848706130968045,0.004211386086098008,-0.0039007674317158075,-0.001944334293567957,0.0030162395395076477,-0.006238064488173559,0.002680975311980156
0.02552475911262698,-0.004824780262902639,-0.017858976215619764,0.030890546681279267,-0.028786885415194,0.012483531328545752,0.009108099632675221,-0.025885751528360687,0.0292925248162868,-0.018636707738282462,-0.0010234630741428757,0.019305256990302482,-0.027919859344140145,0.022426311519147094,-0.006480466587932607,-0.01239996333975865,0.02439788974625989,-0.02444732539792951,0.012339521607691082,0.005115664761699567,-0.019824157785921084,0.024170908586010616,-0.01691486619463393,0.0013865544636907795,0.014061590141769923,-0.0224777499993929,0.01943631771266575,-0.007320054988439804,-0.00825659290746178,0.019065747909878722,-0.020554003536300366,0.011732611174278512,0.0022423635531201537,-0.014973926366775898,0.019761415500924834,-0.015075230726962182,0.0029316337898299574,0.009986724175522961,-0.017931006708513907,0.01664158780821379,-0.007581461563540856,-0.00516010106677316,0.014726057511241562,-0.017118124340382995,0.01084231266503757,0.0002327830736619707,-0.011130190571644317,0.016007719637479625,-0.013232816197271445,0.0038369704458627867,0.006858100735716113,-0.01416777365355924,0.014091916014977683,-0.007446960890072753,-0.0028883804925754304,0.011226031324867247,-0.014128330938581122,0.009799866786405315,-0.0011187546603136486,-0.00811506924250529,0.01284531820331546,-0.01146435336070409,0.004278898104593673,0.004488532489449081,-0.011081302627543373,0.011810389936673537,-0.007054262929265717,-0.001259542027331585,0.008429344590284911,-0.011558704597815814,0.008698958535836725,-0.001976334749918725,-0.0057759760786875265,0.010206915292579366,-0.009817913305503998,0.004393946474264012,0.00272209578263067,-0.008572639795555816,0.009801356843043164,-0.006505725371100196,-0.0001259711025146534,0.006216247758525921,-0.009374692675301036,0.0076044009086118835,-0.0024695844666766014,-0.003983452685589818,0.00802612315793641,-0.00832049786444715,0.004286512828600384,0.0014301082691306531,-0.006552094777604755,0.008056501389222096,-0.005875944886470542,0.000631041706750229,0.004482959639177214,-0.007537412712970678,0.006559107382054012,-0.0026998439300252,-0.002628773516384517,0.00623989042466592,-0.006983962776861217,0.004035294380780093,0.0005073286378130355,-0.00493983813999426,0.0065594152309604685,-0.005217956170250544,0.0011060667553614157,0.003140606158773435,-0.006006697725214161,0.005589637608991802,-0.0027454404904815283,-0.001621497402203986,0.004789982360707683,-0.005809586524882105,0.0036986305526260786,-0.00013153935571263978,-0.00366589369887048,0.005288974017017077,-0.004568248524297319,0.0013737033778996376,0.0021139000940322847,-0.004743177647500948,0.004710564495746585,-0.002666149046714313,-0.0008870842406301345,0.003623768776693869,-0.004791549017420538,0.0033188992790846514
