-7.999078322405722e-05,-7.999078322405722e-05,-7.999078322405722e-05,-7.999078322405722e-05,-7.999078322405722e-05,-7.999078322405722e-05,-7.999078322405722e-05,-7.999078322405722e-05,-7.999078322405722e-05,-7.999078322405722e-05,-7.999078322405722e-05,-7.999078322405722e-05,-7.999078322405722e-05,-7.999078322405722e-05,-7.999078322405722e-05,-7.999078322405722e-05,-7.999078322405722e-05,-7.999078322405722e-05,-7.999078322405722e-05,-7.999078322405722e-05,-7.999078322405722e-05,-7.999078322405722e-05,-7.999078322405722e-05,-7.999078322405722e-05,-7.999078322405722e-05,-7.999078322405722e-05,-7.999078322405722e-05,-7.999078322405722e-05,-7.999078322405722e-05,-7.999078322405722e-05,-7.999078322405722e-05,-7.999078322405722e-05,-7.999078322405722e-05,-7.999078322405722e-05,-7.999078322405722e-05,-7.999078322405722e-05,-7.999078322405722e-05,-7.999078322405722e-05,-7.999078322405722e-05,-7.999078322405722e-05,-7.999078322405722e-05,-7.999078322405722e-05,-7.999078322405722e-05,-7.999078322405722e-05,-7.999078322405722e-05,-7.999078322405722e-05,-7.999078322405722e-05,-7.999078322405722e-05,-7.999078322405722e-05,-7.999078322405722e-05,-7.999078322405722e-05,-7.999078322405722e-05,-7.999078322405722e-05,-7.999078322405722e-05,-7.999078322405722e-05,-7.999078322405722e-05,-7.999078322405722e-05,-7.999078322405722e-05,-7.999078322405722e-05,-7.999078322405722e-05,-7.999078322405722e-05,-7.999078322405722e-05,-7.999078322405722e-05,-7.999078322405722e-05,-7.999078322405722e-05,-7.999078322405722e-05,-7.999078322405722e-05,-7.999078322405722e-05,-7.999078322405722e-05,-7.999078322405722e-05,-7.999078322405722e-05,-7.999078322405722e-05,-7.999078322405722e-05,-7.999078322405722e-05,-7.999078322405722e-05,-7.999078322405722e-05,-7.999078322405722e-05,-7.999078322405722e-05,-7.999078322405722e-05,-7.999078322405722e-05,-7.999078322405722e-05,-7.999078322405722e-05,-7.999078322405722e-05,-7.999078322405722e-05,-7.999078322405722e-05,-7.999078322405722e-05,-7.999078322405722e-05,-7.999078322405722e-05,-7.999078322405722e-05,-7.999078322405722e-05,-7.999078322405722e-05,-7.999078322405722e-05,-7.999078322405722e-05,-7.999078322405722e-05,-7.999078322405722e-05,-7.999078322405722e-05,-7.999078322405722e-05,-7.999078322405722e-05,-7.999078322405722e-05,-7.999078322405722e-05,-7.999078322405722e-05,-7.999078322405722e-05,-7.999078322405722e-05,-7.999078322405722e-05,-7.999078322405722e-05,-7.999078322405722e-05,-7.999078322405722e-05,-7.999078322405722e-05,-7.999078322405722e-05,-7.999078322405722e-05,-7.999078322405722e-05,-7.999078322405722e-05,-7.999078322405722e-05,-7.999078322405722e-05,-7.999078322405722e-05,-7.999078322405722e-05,-7.999078322405722e-05,-7.999078322405722e-05,-7.999078322405722e-05,-7.999078322405722e-05,-7.999078322405722e-05,-7.999078322405722e-05,-7.999078322405722e-05,-7.999078322405722e-05,-7.999078322405722e-05,-7.999078322405722e-05,-7.999078322405722e-05,-7.999078322405722e-05
-0.029421593818351938,0.004558416308858941,0.019151788056388144,-0.03542924730090452,0.031386914945008136,-0.01482034907815526,-0.011041141697437385,0.02813874179696772,-0.033640066961655925,0.020022553331911153,0.00030237818674679865,-0.022458102791756817,0.030416173534062025,-0.025952503915459755,0.006412159042673369,0.013039757474602804,-0.02815992615323835,0.026528248343524873,-0.014659112635238966,-0.006571124025361423,0.021352048456863552,-0.027905793066455,0.01809474176394371,-0.0023959303222901487,-0.016587178346672154,0.024323068516560478,-0.022604841251872426,0.007352180635716917,0.008400749036677316,-0.022189943170694486,0.022169199771166073,-0.01397960239890579,-0.0033541129545187074,0.015921622950150444,-0.02296882786796863,0.016035045534344133,-0.004125835033525565,-0.01202486901186425,0.01923243497651848,-0.01947580033691655,0.00764485717223184,0.004933848837517737,-0.017331130591365936,0.018322314043230432,-0.012982804655588471,-0.0011041425612780113,0.011618092025717269,-0.01876610762644892,0.013972237805937902,-0.0051394698159148745,-0.008521993569392702,0.01501903668614714,-0.01662113185963871,0.007494267267389733,0.00239038064308208,-0.013412424485585802,0.014974875757118944,-0.011815659379520333,0.0004090687372377102,0.008242296036486513,-0.015225413600435247,0.011992228015588116,-0.005634261718136555,-0.005868972974615851,0.011563356010943087,-0.014066685207681326,0.007054594015020138,0.0005666973621027737,-0.010281192660684807,0.012097865730642081,-0.010583058349218936,0.0013692342201171812,0.00562339601261654,-0.012271399817321263,0.010148837608330298,-0.005763072396880144,-0.0038912316835845034,0.008754602066379895,-0.01181732767962261,0.006440439330463427,-0.0007024735148775945,-0.007803360894437231,0.009652598066881814,-0.009357567616140323,0.0019214874244669767,0.003616447495307793,-0.00982973709870162,0.00847229842853704,-0.005642787330194858,-0.0024446941183930556,0.006492355535290183,-0.009863749232920918,0.005735323283038673,-0.0015500416643299511,-0.005862733489188004,0.007595539112740188,-0.00818723405097976,0.002179290971323444,0.0020997189769885764,-0.007829831742147006,0.0069758844220641604,-0.005361517644502084,-0.0014115297981912639,0.004687237632319981,-0.008187578725369364,0.004998624680661418,-0.002081890130389423,-0.0043598050824658115,0.00588171702989903,-0.007101794423739821,0.0022303418807590337,0.0009719505407944839,-0.0062064828640236835,0.005661027005559803,-0.00498458143639071,-0.0006962391764345205,0.003260901486810205,-0.006765164869868495,0.0042711977462342905,-0.0023815419646967956,-0.0032102824473479166,0.004467052230365147,-0.006117564880054694,0.002141565440732284,0.0001496854527135237,-0.004900764549655073,0.004521209877352698,-0.004559425971561478
-0.06363597712362477,0.008510313927428948,0.039494932283099984,-0.07639141524926052,0.06547252976610009,-0.0326346428453185,-0.024610637125166524,0.05857601489028253,-0.07259263105187494,0.041343739413228726,-0.0005260978903648902,-0.04885110659370628,0.06341145350075358,-0.05627041222592902,0.012446176874699039,0.026517880904492277,-0.06095720680436297,0.055156618339401005,-0.032292305945031345,-0.01511990434534623,0.044166520862577455,-0.06041763193148522,0.037250613662133385,-0.0062551412399612484,-0.036385971293036154,0.050474584843222516,-0.04916266140526316,0.014442028882750271,0.01666834726109728,-0.048281750610677576,0.045901494935089875,-0.030849571140093613,-0.00828955273089451,0.03263665204642158,-0.04993547707674926,0.03287747065537329,-0.009928071539868244,-0.026699285035388255,0.03966616166620825,-0.042519087853756625,0.015063439132722818,0.009307431538084405,-0.03796552924410285,0.037733794680476385,-0.028733172120812108,-0.00351241999199026,0.02349940360361628,-0.041012269678761246,0.028497721320431758,-0.012080218927581026,-0.01926198674612831,0.03072028265578036,-0.03645806132536754,0.014743706941254493,0.003907144841645007,-0.02964534010370128,0.03062652025762846,-0.026255091553124357,-0.00029957272220578726,0.01633192016096161,-0.03349467504688238,0.024293768405652668,-0.013130760126766944,-0.0136290986075243,0.023383188204089054,-0.031034465189387375,0.013810193551644926,3.510406585041626e-05,-0.0229971148164838,0.024518058195670957,-0.02363803545605331,0.0017390487533518416,0.01077147675178115,-0.02722271875942087,0.02037988549788264,-0.013404250707974184,-0.009429962166061847,0.01741964732176959,-0.026258633684638998,0.012506221526430182,-0.0026595970581737207,-0.01773618725601526,0.01932627067392136,-0.02103607592814082,0.002911591676845308,0.0065103275846039544,-0.022038585250144047,0.01682026078997242,-0.013148861689616516,-0.006358676436484845,0.012616449910991428,-0.0221107997470046,0.011009120513457335,-0.0044591520955933606,-0.013615850944265782,0.014958727125256154,-0.018551225991287033,0.0034589596633723702,0.003290012560610946,-0.01779239010810647,0.013643077497804652,-0.012551670443002403,-0.004165063972280416,0.008783827109479461,-0.018551957803276998,0.009444963481571943,-0.005588371718652156,-0.01042483629022819,0.011319943430504789,-0.016246622697408387,0.0035673508544512593,0.0008955368223387283,-0.014345698944683327,0.010851374802407417,-0.011751360223073812,-0.00264636032298321,0.005755432994664849,-0.015531891486938895,0.007900492036946651,-0.006224591907256802,-0.007984172079343295,0.008316329894641799,-0.014156908455007678,0.003378860890596972,-0.0008502948046596305,-0.011573400373068357,0.0084313173048155,-0.010848670971579067
-0.10602050673856014,0.012486031337710724,0.06338095332817971,-0.12697241974605622,0.10605140943063829,-0.055098127395905805,-0.04191800232576865,0.0947232858248621,-0.1207325873503417,0.06641777932949476,-0.002357058522590681,-0.08173507505688628,0.10266591297116621,-0.09392192780559254,0.01895102746472693,0.04206502133898792,-0.1016203942419587,0.08910663053113177,-0.05453580935685257,-0.026328650896079907,0.07105444259291209,-0.1007340957325532,0.05969446541263805,-0.011767508927714191,-0.06126000960841572,0.08141598458515216,-0.08224683084641793,0.022229387426701313,0.02588630838313387,-0.08079985849205974,0.07390428792785855,-0.052165992355805,-0.015109206183398194,0.05211563343210177,-0.08351624758932573,0.05251119887608305,-0.017800615385389258,-0.04534878760238753,0.06366221243538364,-0.07133418529563025,0.02325010763804586,0.0137953661226626,-0.0638545704894359,0.0604881321266688,-0.0486896234765568,-0.007262351486214308,0.03710691067276544,-0.06885910580328675,0.045317080872726706,-0.021335704059140374,-0.033132380354548914,0.0489678305603018,-0.06137842373666733,0.022724919793037476,0.0049249270232845635,-0.0501879384726765,0.04881381769221343,-0.04461916129655445,-0.0019849712943410145,0.02533369770320433,-0.05651080485106876,0.038411723730894215,-0.02306130905987311,-0.023879873220059133,0.03691601680326109,-0.05246969686193411,0.021191543115750066,-0.0014352356537526364,-0.03926765204268188,0.03878013915674214,-0.04032041976047438,0.0013636412260907645,0.01620018731769202,-0.04620857287539042,0.03198283172440847,-0.023510541050917554,-0.01698242755323357,0.027120383869894002,-0.04462497955466718,0.019049656011017935,-0.005861515878364019,-0.030626122406460038,0.03025217802850143,-0.036046475648097556,0.0032896446364491802,0.009200880372426964,-0.03769318412623292,0.026135839525091013,-0.02309104244624434,-0.011937574464421757,0.019230715689371312,-0.03781180269826467,0.016590537799766537,-0.008817441047287874,-0.023858112784595365,0.02307810908733575,-0.03196489419234117,0.004188744010680334,0.003911233746817919,-0.030718440463761546,0.0209170405084911,-0.022110104047683973,-0.008334375807544609,0.01293530045259972,-0.0319660962569822,0.014021274263748823,-0.010672282180587337,-0.018616594556956394,0.01710109138911177,-0.028179383474909225,0.004366785939455753,-2.1900252398507737e-05,-0.025056951402510824,0.016331426792941847,-0.020795525125204342,-0.0058397733931994,0.007960900559703344,-0.027005375495096864,0.011484346011530285,-0.01171732900014477,-0.014607591986970528,0.012167395745599533,-0.024746846655236243,0.004057174831898112,-0.0028895800619293003,-0.020503210642595728,0.012356272536125026,-0.019312779767198307
-0.15912797063401604,0.017923328684964195,0.09396142931154046,-0.19043057622365822,0.15771200221758122,-0.08304884813675495,-0.0633574597396644,0.14078754356908166,-0.1811081333346179,0.09849851222752645,-0.004252564631431312,-0.12284501693744149,0.15265399818911526,-0.14105243526889955,0.027582170998319982,0.0621149715873897,-0.1525541085727383,0.13239614058216995,-0.08220873297466322,-0.04006663569761716,0.10542578618741781,-0.15122995966735273,0.08845373761819023,-0.01831197855449788,-0.09225483178698396,0.12090615125802323,-0.12360959101868141,0.03248011081096827,0.03794362883582597,-0.12144778341231223,0.10968351599373165,-0.07866817575313978,-0.02330454563690422,0.07713080074688801,-0.125506126748756,0.07772178396991909,-0.027325568476208588,-0.06848312622836783,0.09438163642571423,-0.10730586545941354,0.034005088610449555,0.019879502822546944,-0.09613116116596868,0.08963949264256645,-0.07347440638839108,-0.011581177101663585,0.05470744834122915,-0.10360804382736871,0.06697361799844725,-0.03260706646826554,-0.05023155284388864,0.07242791601580667,-0.09243174502405091,0.03322044675140355,0.006626877325513383,-0.07571292099828857,0.07219781750099444,-0.06739304894181414,-0.0036966583642243324,0.03711801667562517,-0.08515941843114883,0.05665686692234903,-0.03518515720022522,-0.03640810954099488,0.05442224882248177,-0.07912191677276673,0.03092954924088454,-0.002875341574213287,-0.05939777980226778,0.05720728743833396,-0.0609706372609531,0.0013062402714330212,0.02347235705760824,-0.06976766379221526,0.04705196493629038,-0.035856319390946564,-0.026103178377555027,0.03978736397428698,-0.06740174154371911,0.027729524153295503,-0.00948829878011004,-0.04648714993295332,0.04446633134589449,-0.05458527346080558,0.0041837305081090384,0.013015242968308229,-0.05704549110268625,0.038316433692175994,-0.03522957951460244,-0.01856606009913026,0.028000031180393962,-0.057222709783127906,0.024055549016153203,-0.01390451412437076,-0.03637559898558462,0.03374811910160602,-0.048487303578731863,0.00552700417898495,0.00511239791684293,-0.046625075082579376,0.030519436481954997,-0.03376403659320501,-0.013182804337377115,0.018594546339502305,-0.048489099488983,0.02021701441098192,-0.016675686399014376,-0.028544658788763368,0.024818326984634275,-0.042831669704119044,0.005793002623751414,-0.0007637882941553481,-0.038166689489292485,0.02366843163705438,-0.031800027602135114,-0.009455815042830145,0.011162686640734748,-0.04107767670414758,0.01642678941052466,-0.018237008670809438,-0.022555123312397493,0.017447280303935202,-0.03770338637267784,0.005330437015418567,-0.005048163186462639,-0.0313633035209515,0.017729466263601123,-0.029584774364164422
-0.22279633813533467,0.02728125148688464,0.134681903147098,-0.2670099653996534,0.22472693343323924,-0.11533774479052422,-0.08752447843438496,0.2008218401593828,-0.25384240291324767,0.14109034388664746,-0.0040412746375489625,-0.17154817650243526,0.2175827133083172,-0.19726539691871223,0.04092396415578949,0.08970010738341239,-0.21351103164440932,0.18896933277543607,-0.11415111709815996,-0.05462715907466188,0.15087482997178675,-0.2116407264400226,0.12690251791607585,-0.02389961150887088,-0.12834081345032047,0.17274020118464856,-0.17262810556288022,0.04784210023936061,0.055559092002591876,-0.1695746423151816,0.15688869607342626,-0.10915022741656015,-0.030951404671631186,0.11090934096051841,-0.17530688332861122,0.1117440801603507,-0.03663093203650792,-0.09476426896759639,0.13527542820259816,-0.14959977193637405,0.04999606789612772,0.030044266020467208,-0.133815967326101,0.12857734752488997,-0.1018142444060653,-0.01439263466077673,0.07923728917425056,-0.1443767528218482,0.09656274317302535,-0.044090828080922906,-0.06898468137710699,0.10426671205949525,-0.12859069603275924,0.0488877939349556,0.011325484214222456,-0.10497605310292628,0.1039417074863505,-0.09322458018038142,-0.003256080177560587,0.05439294919663688,-0.11831883746807283,0.08199076176556389,-0.04773227391360391,-0.04945964318329525,0.07883445672690845,-0.1097911177174927,0.045651996571672855,-0.0020960044031818922,-0.08193159536474087,0.08276820783032357,-0.08415319104689797,0.0038103058740630307,0.03511902305655855,-0.09657862480108519,0.06842423756342426,-0.04868026256743904,-0.03490435691039938,0.05816329113076335,-0.09323685811869815,0.04113209435286372,-0.01143653115834624,-0.06369586814533226,0.06477213775721215,-0.07513413050261493,0.007874641043120256,0.02034878473627782,-0.07860908550262959,0.05608566334227748,-0.04779501858335571,-0.02425849111322035,0.04151417426740182,-0.07885939951111949,0.03594275741965537,-0.017674251484564633,-0.04941372337719639,0.049633109162556276,-0.06652100190336942,0.009771959182595925,0.009186345097426434,-0.06389068167733931,0.045072729372725925,-0.045725000217601286,-0.01665486645529709,0.02822931848105199,-0.06652353855183521,0.030520987088485576,-0.021588416958280003,-0.03835284635212241,0.03702014954560083,-0.058532654500163865,0.010147670912282872,0.0008864767006953934,-0.05194356415038123,0.035395970237419055,-0.04295091927963397,-0.011390649231740085,0.01773212604571207,-0.056055212406633366,0.02516745206283996,-0.023793719669165787,-0.02989287683680251,0.026608852966629733,-0.05128916778552478,0.009494316247171914,-0.005165024475671872,-0.04233406469583557,0.027007428887224075,-0.039821966302246034
-0.2909676532038719,0.04268965811180593,0.1859852357788523,-0.34995814499008754,0.306124680292849,-0.147594768862825,-0.11048588723406629,0.2742301424393989,-0.3323897834970313,0.19453547456719808,0.0008986688988923629,-0.2225915790177137,0.29659275349393105,-0.256903884376903,0.06089197218175362,0.12596984193514585,-0.2785790565160026,0.2584163474006231,-0.14601155220608614,-0.06659378501235189,0.20759008423736097,-0.27608366695799347,0.1756058620661063,-0.025596625212409938,-0.16494366019864934,0.23676319399431173,-0.22403243674216655,0.07012225422520796,0.08041838162732605,-0.21995845978578504,0.21561387556195255,-0.13933928937809925,-0.035005234557194786,0.15426752291125295,-0.22760650264817686,0.1553812446065339,-0.0425829460705347,-0.12014532552059638,0.18677712590589585,-0.19330768490211692,0.0729961105275801,0.046376113990535296,-0.17224869350448152,0.17784044512104136,-0.12955150963007447,-0.012912272573425391,0.11201019126141958,-0.18633905361717973,0.13512607464500226,-0.05253605246696972,-0.0857498089320701,0.14540482672751512,-0.16527705732842454,0.0715174346068609,0.021401231523012012,-0.13377004272727375,0.14497120069887098,-0.11809104939860916,0.00194628725116238,0.07886249621659075,-0.15157218790735558,0.11568391613611502,-0.057394524702204644,-0.059699206969197074,0.11147272610313043,-0.14019437493366813,0.06720018470923411,0.0034940779363908064,-0.10302377785297595,0.1167211964620032,-0.10598786449208199,0.011374366649500674,0.05314693176273329,-0.1225660665797464,0.09758325387356258,-0.05865934553590759,-0.04027932336194987,0.08389294358447283,-0.11810743081004811,0.06116966264599832,-0.008968194465179817,-0.07869339413844342,0.09271056694532544,-0.0939544971825811,0.01679706424844177,0.0334402558751359,-0.09859083482482794,0.0811209410916939,-0.0574782395918131,-0.02607544782124174,0.061679439460406556,-0.09892480756978105,0.05424597063800561,-0.017290655489893177,-0.0596379400677437,0.07251184548269965,-0.08246273042818382,0.019328494873969797,0.018547159683473854,-0.07895331730627135,0.06642731763055679,-0.05471638970620333,-0.015930576529700567,0.04395458346836778,-0.08246611486302313,0.04701216246670157,-0.022512994404697284,-0.04488035025509926,0.05568344354598864,-0.07180455621738947,0.019829775159606287,0.007473349440378042,-0.0630132919803752,0.05351643889002912,-0.051015168862974254,-0.00890697810311987,0.02994907018095247,-0.06849911541753052,0.039869394874493,-0.025455342714527394,-0.03359293067240734,0.041792533812344296,-0.06214018642956354,0.018958059460387516,-0.0006006551714728939,-0.05019215212559347,0.042324319848116514,-0.04684047236479717
-0.3504828040272109,0.06107317677741038,0.23782384284008137,-0.42324575236330564,0.38601213436983184,-0.17363678257156023,-0.12786412404636766,0.34667120772618415,-0.40157572146575354,0.24837029811413386,0.009525283262068028,-0.26614302989101735,0.3742547972768196,-0.3084661980244689,0.08352516858430797,0.16379670949381553,-0.3352018529203279,0.32716538031972553,-0.17168393375964286,-0.07372457257601576,0.26447275564950073,-0.33212386702819663,0.22502120617181023,-0.023155843105839492,-0.1950361038135656,0.3004568848502043,-0.2679202833599997,0.0949104361947128,0.1076103911118072,-0.26289515870306485,0.2743698542484869,-0.1634539037880822,-0.03476107193068289,0.19870102435116185,-0.27232878318758713,0.20007476563930368,-0.044107944869955854,-0.13977874261821555,0.23880061483599485,-0.23002225160805456,0.09845524911833935,0.06562030616258965,-0.2040466366118347,0.22777749530342492,-0.15138097999026745,-0.007510086174501177,0.14657791185362326,-0.22142666030502253,0.17509063953994924,-0.0563847939786572,-0.09735293600527528,0.18776916253734813,-0.19544733886848178,0.09663134807314988,0.03481456056429525,-0.1565844101789499,0.18723429823355894,-0.13724485651545285,0.010817488119732566,0.10569125454707914,-0.1785428060286456,0.1511093379388174,-0.062377569314823425,-0.06522032365787958,0.14591496519288386,-0.16450862539183295,0.09130615376228583,0.012726640090740227,-0.11865984276418588,0.15238879116046838,-0.12231595201932823,0.02244673265385239,0.07397190061169162,-0.14276465189424495,0.12878273049448075,-0.06393768672002616,-0.041266497459446556,0.11189615589394633,-0.137265062480145,0.08386769118907772,-0.0026451877318193623,-0.08864906645749349,0.12277242177384502,-0.10747316537120838,0.029135462537033585,0.04966432499964228,-0.11319194455267519,0.10847697649634841,-0.06248082904368985,-0.023746455994351188,0.08449648513343323,-0.11360388961112214,0.07532753109517042,-0.012910686174602023,-0.06514475282857847,0.09785792315317683,-0.09329842626798142,0.03225790397198946,0.03129415116407486,-0.08896967365128602,0.09035284610856652,-0.05907417257323759,-0.011233070814619056,0.06263342310832898,-0.09330260086374934,0.06640485229891042,-0.019352279813600323,-0.04694172192328872,0.07710060949765539,-0.08015189780255262,0.032876217710716304,0.01763494849930947,-0.06930814508719892,0.07442767623245919,-0.05450883106070445,-0.0025696792412979712,0.04535805535167604,-0.07607473874071961,0.05759446924307616,-0.022981575511470596,-0.03301903874038379,0.059966601682404364,-0.06823119637627954,0.03180098333877911,0.007675913362484605,-0.05349366535300354,0.06062254332104983,-0.04935947196201129
-0.386433811070598,0.07156941605987314,0.26826774928758107,-0.46740861573339276,0.4331802251332354,-0.1896293608630721,-0.13869090705201806,0.38939937343508546,-0.443292955784309,0.28000445286034803,0.014203947732460663,-0.29257564709904926,0.42009598244884405,-0.33967530909304816,0.09655528719935176,0.185886086648342,-0.36942828752822987,0.3676921639260852,-0.18745611809739193,-0.07844129230862569,0.2979241961271346,-0.36600292734052947,0.2540202369603801,-0.022165494192540033,-0.2134437594974414,0.3379694100666352,-0.29455347724169795,0.10922546950872974,0.12335871166224881,-0.2889612287580059,0.3089382581478153,-0.17829726617405,-0.03508046202504288,0.22472962092085658,-0.29945951005864707,0.22625839944080722,-0.04548220120374714,-0.15195018163543264,0.269354757488566,-0.2523783621811685,0.11317034173588249,0.07662972384235335,-0.2234711999727418,0.2570875944428692,-0.16486182040677191,-0.004753993692797031,0.16672401574101023,-0.24281269252867907,0.19845462324937038,-0.05914458681599366,-0.10473629762298156,0.21256401472681621,-0.21390140557973758,0.11114059948057563,0.04234731377849087,-0.17065249756788464,0.21196878688749915,-0.1491303270679508,0.015641987810913544,0.12122298582920152,-0.1950890666637992,0.17176684798576233,-0.06581369277350135,-0.06897727372915506,0.16598625046922294,-0.17947102119347072,0.10521441618297364,0.01776660221232377,-0.1284478520916356,0.17319069730835746,-0.13251658129421695,0.028583681709525122,0.08592385972611667,-0.15527307365529008,0.14692051179502227,-0.06754988138358616,-0.04232007467799367,0.1281281578433108,-0.14915281343060358,0.09693646610493581,0.000659945820496162,-0.09505012969604974,0.14023189367624345,-0.11599867242758521,0.036027286018012444,0.05887298792911148,-0.12236285966461091,0.12432309784837102,-0.06592860615408443,-0.022822762271585684,0.09763622426457155,-0.12282129587977725,0.08743248349830887,-0.010764092789525396,-0.06889317415264261,0.11250560295804143,-0.10022420539076084,0.0395021188972231,0.03842959919937308,-0.09540691986858262,0.10415352045501457,-0.06213748239458611,-0.008897145680037006,0.07330574814592886,-0.1002288511216525,0.07750281202239913,-0.017932669634785535,-0.04863579171373628,0.08940566738621103,-0.08559399044173446,0.04019021407971163,0.023228850838819967,-0.07352643713312501,0.08643107311844987,-0.05705690710661449,0.0007439760228198776,0.05408072275097805,-0.08105669273513096,0.06769810972178224,-0.021971559164675355,-0.03314182703943166,0.07033795548533818,-0.07232794650715782,0.03899363126901831,0.012145862267365044,-0.05592717216924291,0.07106792516460642,-0.05132640337236128
-0.3918808025657522,0.06692393215090871,0.2639664882943823,-0.47299731347947044,0.4291675616708352,-0.1947319437372969,-0.14370434741645283,0.38531009329689075,-0.448839451023395,0.2757237311480826,0.009458074011097245,-0.297858386409955,0.416060421506361,-0.34504047301181456,0.09195352867064571,0.1814406573968058,-0.3748455192852012,0.3635648960793638,-0.19255489778757753,-0.08334929559222505,0.29367483404143974,-0.37141416470267286,0.2496940427602995,-0.026975014591222774,-0.2185880176700819,0.3337901272748444,-0.29983967776372544,0.10464588385269757,0.11880385923981075,-0.2942376428215151,0.3047081707172787,-0.1833800178346007,-0.039912583672101105,0.2203521680187206,-0.30475429615887134,0.22188362190755245,-0.05033252593839828,-0.1569868257865144,0.26505539876432016,-0.25759075607331433,0.10859765962294635,0.07199309549342836,-0.22863300620865987,0.25276676813136695,-0.16992105998035806,-0.009533043891902952,0.16224505278427387,-0.2480083464584419,0.19403118899008814,-0.06401882078329864,-0.10969031727718688,0.20816527196234413,-0.21904646463495928,0.10656436531010083,0.03765069106683788,-0.1757218708510145,0.2075690024717886,-0.15416203646160317,0.010898630665774588,0.11666439587751522,-0.200201204046286,0.1672967100068004,-0.07069959770446206,-0.0738687149401795,0.16150599642013802,-0.18455582693027384,0.10062781116664268,0.013026963151380695,-0.1334433670665312,0.16872305107173718,-0.13751921656243987,0.023862972583490464,0.08130349615432998,-0.16031553288147232,0.14240689262255288,-0.07243882465196373,-0.04716486567783957,0.12358165197187854,-0.15418456217548573,0.09233537464092806,-0.0041096299615444795,-0.09998719851538174,0.13570656939375353,-0.12097240128537183,0.031319603231026165,0.054205285217174666,-0.1273477258770017,0.11976993310584094,-0.07081471218394758,-0.02763343289218895,0.0930363573803052,-0.12780696435748512,0.08281476002450949,-0.01555366068749113,-0.07378446818905215,0.10793175754943024,-0.10517032886446025,0.03480051708248429,0.03372612047062309,-0.10034461307222681,0.09956505886666897,-0.06701695394182243,-0.013683446412658416,0.06866330282546484,-0.10517498272540063,0.07286771158148496,-0.022734782572574812,-0.05349163524512895,0.0847913969925679,-0.0905145109773439,0.03548981643445486,0.018498770736094777,-0.07842583939936286,0.0818115971722468,-0.06192748762559097,-0.004025452706011001,0.04940463355469404,-0.08596927298054761,0.06304585101033902,-0.026780740176238414,-0.03797055606705888,0.06569031651515557,-0.07722525140972704,0.03429113959877773,0.0073963868877259,-0.060795775647296865,0.06642156364445245,-0.0561869554855458
-0.373347856747865,0.05495976838551487,0.23890475169991032,-0.4490724897336521,0.3931247805124952,-0.1893036367711061,-0.1416678846903378,0.3521825523656846,-0.4265204192907645,0.24988048142487637,0.0013137107847484434,-0.2855751841361466,0.38088888220686157,-0.3296210405368218,0.07832562804700186,0.16186447733193024,-0.3574449220715847,0.331882775415807,-0.18727130076850057,-0.08532468036922002,0.2666383604679662,-0.3542416523120849,0.2255810067840615,-0.032697641921039224,-0.2115739788098985,0.3040871587828733,-0.2874247775039107,0.09017431245243016,0.1033911961415145,-0.2821951142060937,0.27693830262493624,-0.17870628226238117,-0.04477524066563826,0.1981895094071047,-0.2920127173702281,0.19961916635807742,-0.054502561219252,-0.15406746633388785,0.2399212814391904,-0.24798417468441014,0.09386341059624108,0.05969198047567258,-0.2209512691033548,0.22844948569629792,-0.16614195186400188,-0.016415052656817343,0.14394481957236016,-0.23903871533178184,0.17361810644217868,-0.06727911734070222,-0.10991479373943229,0.18681268586390942,-0.21200195244643366,0.09196527094676715,0.027632342533167927,-0.17155717829882303,0.18625605087277972,-0.15143044296488967,0.0026585125118186196,0.10139394458235051,-0.1944093510694252,0.1486606891880136,-0.07351581779436363,-0.07647428132861127,0.14325488886282156,-0.17980393440777376,0.08642332420066276,0.004645373072373058,-0.13208895973018173,0.14999222024671238,-0.13589388432206026,0.014761104481849512,0.0683835115222597,-0.15717491166460465,0.12542531743354804,-0.07513943696628098,-0.051545457813884685,0.10785140525360057,-0.15145147137695134,0.07868209241696829,-0.011352137292481253,-0.10085664887128393,0.11917036993060788,-0.1204469487990028,0.021722087057836032,0.0430865398617035,-0.1263985005783926,0.10429305432202855,-0.0736232805243578,-0.033312294642540305,0.07933648028536622,-0.1268272131178724,0.06979432050091201,-0.02203547434481278,-0.07639563452492724,0.0932417715544051,-0.10569525249193208,0.02497162184289581,0.0239686412141937,-0.10119030580297393,0.08543121387732903,-0.07007796224310714,-0.02028957467566741,0.05658352173083695,-0.10569959700709565,0.06050846014825116,-0.028739261441284168,-0.057451682059380595,0.07163956886362297,-0.09201361828322095,0.025615102927786574,0.009753465327007316,-0.08072849016051323,0.06885783866809048,-0.06532679673378078,-0.011273555364964626,0.03860499127018886,-0.08777050581125384,0.05133946633170603,-0.03251628107837592,-0.04296230115451318,0.05380815214597643,-0.07960770619362123,0.024496103078954754,-0.0006109343829274671,-0.06427031053588332,0.054490792706624026,-0.05996784225519852
-0.34747310618919663,0.048358860981420365,0.21835654564516924,-0.4174560546102124,0.36088311720220023,-0.1773837093051329,-0.13335985274196652,0.32304526011839635,-0.39661395448556797,0.22850006033700634,-0.0012195804587637584,-0.2663556391515747,0.34957498395355613,-0.30706179743994133,0.06995304621582689,0.1471577119915654,-0.33277598302979094,0.30428467736974113,-0.17550547153709758,-0.08128877089704534,0.24398730323903925,-0.3298155954581568,0.20604304980563656,-0.03265208330872622,-0.19796544257694307,0.27859661354620274,-0.26806499041750137,0.08090332536419356,0.09311806253793939,-0.2632318569654173,0.2535062707439194,-0.1675898802069778,-0.04381391977680976,0.18072846361984754,-0.2723050579670328,0.18204971939507786,-0.05280368368502186,-0.14481925833282114,0.21929599883903034,-0.23161490061212806,0.08431270425371346,0.05273226157201777,-0.20663171664206817,0.20869403144591067,-0.15597821764032774,-0.01760409219000398,0.13059678016181817,-0.223347714680771,0.15802014324212893,-0.06461148033969151,-0.10401438299710654,0.17021426732961434,-0.19836096587960228,0.0825584876408716,0.023103488211731502,-0.16098284423716236,0.16969983818895576,-0.1423821825340879,2.325408781911776e-05,0.09127224899830821,-0.18210229196843578,0.13495507741674778,-0.07037529416032545,-0.07310943749993817,0.12995916221167533,-0.16860430484591457,0.07743674907321907,0.0018594645076851326,-0.12450723259732743,0.13618564751960172,-0.1280236556021014,0.011208188714814837,0.06076477285598966,-0.1476910871912257,0.1134814860777037,-0.07187580531876171,-0.05007079734495504,0.09724008428873018,-0.1424016165044971,0.07028248231387932,-0.012925063308229092,-0.09564305572746237,0.10770080875759597,-0.11374795627747365,0.01764136726407618,0.03738589872845331,-0.1192482423109526,0.09395153893843687,-0.07047460872143763,-0.033220131089343664,0.07088725239510277,-0.11964444849056505,0.062068609772617064,-0.0227983554777398,-0.07303675394917432,0.08373819987797797,-0.10011478090145054,0.02064451189863412,0.01971758047832718,-0.09595141372036486,0.07651986373686025,-0.06719810784411519,-0.021184835521598167,0.049859496139803436,-0.10011879600153908,0.053486833136908676,-0.028993839933714443,-0.05552919272355096,0.06377394548571061,-0.08747053208319415,0.021239202183660145,0.006580244823027899,-0.07704107857254801,0.06120313499618772,-0.06280719094338486,-0.012852439714513528,0.03324415552601202,-0.08354914600891664,0.045013061841690544,-0.032484473826880585,-0.042138443154542043,0.047294563979049284,-0.07600527604101476,0.02020504849263308,-0.0029982928563992923,-0.06183081091776163,0.04792544454277364,-0.05785456958257107
-0.38327208802374274,0.026634761047928,0.20267717563128815,-0.4557434704667858,0.3502716669846065,-0.20713470014269927,-0.16154545565398318,0.3110883820071178,-0.4341602728003709,0.2131813705692654,-0.02470657668660245,-0.29927026887876557,0.338561442310316,-0.3414238453093547,0.04899678625518024,0.12894667385009398,-0.36805236868739727,0.29166071572685776,-0.20518967652369757,-0.10762284490737661,0.22921930450410488,-0.36498671648605197,0.18992583996550472,-0.05725674764364092,-0.2284482729048629,0.2650592429455551,-0.30104040077685623,0.0603364323536154,0.07298549772071505,-0.2960354121230906,0.23907674478168406,-0.19699262482051902,-0.06881547355754183,0.1637111248348862,-0.30543123545729606,0.16507936145183674,-0.07812489296561381,-0.17341233156993668,0.2036500336379281,-0.26329422891686627,0.06386704098000812,0.031163669788255327,-0.23742269990887435,0.19267108446629358,-0.18496807801799303,-0.04167368428363902,0.11179687305824343,-0.2547330807103811,0.14019534837985206,-0.09035254793696787,-0.1311565279389592,0.1528230677063602,-0.22885786011401713,0.062050448425599196,0.00048136482742664084,-0.1901506577215785,0.15229034663881907,-0.1708885989145168,-0.02341954977831938,0.0710740512617232,-0.21202106484291308,0.11631014142273574,-0.0963213098304039,-0.09915267307087677,0.11113658286813372,-0.1980431200858193,0.05674659251663371,-0.021518047904127847,-0.15237805652890618,0.1175844677916448,-0.15601951551513493,-0.011836904387659856,0.03948179885216274,-0.17638627611220328,0.09407299815470291,-0.09787517574312433,-0.07529483142072363,0.07725408916306115,-0.17090872391258688,0.04933793634946995,-0.03682827980720627,-0.12248753536573301,0.08808677313421567,-0.14123620488390826,-0.0051749766825977175,0.015271625285430685,-0.14693206854315752,0.07384861064094123,-0.09642415579078306,-0.05784499390767924,0.049964210675364065,-0.14734236291081196,0.040831997235629094,-0.04705264372631259,-0.09907740505883139,0.06327210853905618,-0.12711826488736835,-0.002065047074695346,-0.0030249380620742863,-0.12280685786553064,0.055797104829034015,-0.09303115001562064,-0.045381750680801705,0.028188755369750518,-0.127122422755258,0.03194507219689455,-0.05346842547828625,-0.08094731488895046,0.04259797079698689,-0.11402441542135078,-0.0014492109595604635,-0.01662940740838023,-0.10322411433236439,0.039935748150207825,-0.08848410212512495,-0.03675307388414504,0.010982611141595914,-0.10996359380254558,0.023169992922209115,-0.057083178350920645,-0.06708042080817414,0.025532620071703357,-0.10215148102536761,-0.002520136797043491,-0.02654853604003999,-0.08747300425281179,0.026185933309300816,-0.08335537684513465
-0.41619774721786007,-0.03376424307428086,0.13047921282181643,-0.4838118522287682,0.2681814216245523,-0.2518656834560603,-0.2093319844935684,0.23162433307691158,-0.46367523354849016,0.14027938104890428,-0.08166451051724424,-0.33782601441367893,0.25725605585757416,-0.3771543154241256,-0.012900996511983866,0.06169037891405134,-0.4019981050038735,0.213498774770876,-0.25005102190565814,-0.15902344969572865,0.1552423983486018,-0.3991379231930518,0.11858251484709217,-0.11203305880514136,-0.2717507484060928,0.18868022276528398,-0.3394775060784712,-0.0023213718899654755,0.009479910287769722,-0.33480796871066837,0.16443915960247765,-0.24240336436201818,-0.12281707977161081,0.09412479868491298,-0.3435740521517039,0.0954013314510841,-0.13150255037019726,-0.220403502205588,0.1313868665908521,-0.30426121046127413,0.0009726033920011458,-0.029538877132159132,-0.28012367892578943,0.12114376376631678,-0.23118474340010195,-0.0974944251142099,0.045690015838768874,-0.29627385939477324,0.07218512918994595,-0.1429106665037629,-0.180979825607854,0.08396649601100557,-0.2721328836936685,-0.0007222349786118569,-0.0581647501273186,-0.23601996906426018,0.08346947971315098,-0.21804891865783896,-0.0804637445100978,0.0076965754424247225,-0.256424547449327,0.04990078967600077,-0.14847938176547423,-0.15112097745485983,0.04507398053287641,-0.24338345187776686,-0.005670608506236515,-0.07868968772980843,-0.2007790154977442,0.05108970637692477,-0.2041764115731025,-0.06965740723119104,-0.02177825724246207,-0.22317812291515518,0.02915405504251906,-0.14992910232349066,-0.128862169132349,0.013462406278629106,-0.21806769481039714,-0.012582711452113312,-0.09297377605183925,-0.1728918582692212,0.0235690470916599,-0.1903839284751816,-0.06344198447753845,-0.044365783003542325,-0.1956980360663673,0.010285174457668956,-0.14857533464136272,-0.11258187881282122,-0.011998412152042403,-0.19608083111628608,-0.02051855372629138,-0.10251286848242055,-0.15105075415983166,0.0004175453376231604,-0.17721222061913275,-0.06054049288186614,-0.06143604872517673,-0.1731897786938886,-0.00655645831414357,-0.14540973960162754,-0.10095396434629539,-0.03231440271357516,-0.17721609981263833,-0.0288098469586968,-0.10849864281818608,-0.13413580401979552,-0.018870941692424394,-0.16499596527878327,-0.059965932188326646,-0.07412870047253017,-0.15491953693751248,-0.021354733163398556,-0.14116745025659905,-0.09290361068438126,-0.048367332897287355,-0.1612073136744034,-0.03699679070885813,-0.11187112271410735,-0.1211983161322196,-0.03479251483054059,-0.153918795146579,-0.06096508095013453,-0.08338301551812555,-0.1402241195871639,-0.03418298885817973,-0.13638246951022098
-0.4253946749418876,-0.09056507659579911,0.053233962381751376,-0.4845924266504645,0.1737955103769791,-0.2815180576774924,-0.24427879598760183,0.1417889127789992,-0.4669623396635395,0.06181424197453511,-0.13250289620319483,-0.3567783650940478,0.16423009366556046,-0.391211224893952,-0.07229880967367648,-0.006992292322610338,-0.41296255158539863,0.12591955682128997,-0.2799292784741224,-0.20023248122377624,0.07491471831413507,-0.4104583946102957,0.04281812129732021,-0.1590912801063291,-0.2989279034105838,0.1041903262242657,-0.35822428519467453,-0.06303609753035735,-0.05270379523799226,-0.3541359945392186,0.08296670079829532,-0.27323357300929985,-0.16853294609436748,0.021404811034706317,-0.36181090838915225,0.022522445731305074,-0.17613728148983443,-0.25397217219139107,0.05402863477219505,-0.32739158359038134,-0.06015214408832645,-0.08686566855247377,-0.30625860255831644,0.04506055543971785,-0.26341140442318883,-0.14636236167608646,-0.021000989478697038,-0.3203984683939637,0.002196110318757133,-0.18612535759064913,-0.21945580880396803,0.01251097624426542,-0.2992624719132556,-0.06163601525741949,-0.11192829892723535,-0.267644759109694,0.012075826693875497,-0.25191067848065934,-0.13145159710014986,-0.05426514716849486,-0.28550945117006377,-0.017314357169104067,-0.19100089980695695,-0.19331367945122596,-0.021540342991933012,-0.2740916628620104,-0.06596843358052473,-0.12989836833553717,-0.23679046888626293,-0.01627343241454099,-0.23976496968446637,-0.12199039265157134,-0.0800710618759406,-0.2564014183941462,-0.03547861513566959,-0.19227016452067947,-0.17382556512667452,-0.049217025594154445,-0.25192711744730695,-0.07202014355891052,-0.14240442626138777,-0.21237460167622124,-0.04036842198753943,-0.2276893237856743,-0.11654864269606714,-0.09984697611010514,-0.2323419509510405,-0.05199876736870644,-0.19108490882433066,-0.159571785032662,-0.07150857567106356,-0.23267709709128315,-0.07896816158664943,-0.1507561278056087,-0.19325219729180715,-0.06063811057241453,-0.2161571813264272,-0.11400831802509173,-0.11479239839478549,-0.21263543807012936,-0.06674401608614411,-0.18831335532758742,-0.1493912702810889,-0.08929570699198223,-0.21616057765229635,-0.08622738535417182,-0.1559968151275078,-0.17844275748052413,-0.07752563819486327,-0.20546156019338224,-0.11350527651811369,-0.1259051158749924,-0.19663940832197047,-0.0797002565052127,-0.18459913044385312,-0.1423429948189299,-0.10335042789758622,-0.20214450590492872,-0.0933952486764172,-0.1589495012199837,-0.16711568015578715,-0.09146535289326967,-0.19576323516173239,-0.11438005494359005,-0.13400748806809798,-0.1837732220813998,-0.09093169845584236,-0.18040976637390482
-0.34143981488537867,-0.059793275289010184,0.061165271761086756,-0.39123482107050156,0.16257728243446773,-0.2204160117881893,-0.18909169266022405,0.1356544909541075,-0.37640502998519254,0.0683826924073314,-0.09506985128164665,-0.28372225848064014,0.15453120009922655,-0.3126859339112271,-0.044428352667558346,0.010505126080655899,-0.33098236267540077,0.12230576308420173,-0.21907958822521226,-0.1520415268550455,0.07940233895691355,-0.32887595646123197,0.05240384322279039,-0.11743503750403439,-0.23506054390199446,0.1040279207549293,-0.28493851413690807,-0.03663689445917573,-0.02794573572923469,-0.28149959200558816,0.08617537519611192,-0.2134474031267654,-0.12537702520969446,0.03439174164467719,-0.28795545175697057,0.03533185550075425,-0.1317735169196349,-0.19724540988919229,0.06183372141424402,-0.2590031614794628,-0.03421101720305132,-0.05668146713613417,-0.24122686270409407,0.05429009766265698,-0.20518535040718802,-0.10672793201995864,-0.001278482948397542,-0.2531208060789883,0.018234077825490535,-0.1401751250358683,-0.1682114942630409,0.02691056971470838,-0.23534197081735947,-0.03545919592454504,-0.07776324471225597,-0.20874629515110468,0.026544537662346167,-0.19551135599164185,-0.09418553652597406,-0.029259088462954583,-0.22377342753310267,0.0018225787196566555,-0.14427625468707594,-0.14622168121709256,-0.0017321676028379009,-0.21416919725390496,-0.0391034694141463,-0.0928790167053979,-0.18279278292860043,0.0026981669488664838,-0.18529482534354455,-0.08622711377446571,-0.050966089917941174,-0.19928880387291772,-0.013456537660404295,-0.14534391422559206,-0.1298289847832038,-0.025012791301957608,-0.1955251838554081,-0.04419394881761715,-0.10339865999919905,-0.1622550391182554,-0.017569666206764912,-0.17513722906894513,-0.08164971066587831,-0.06760087321941591,-0.1790508506472949,-0.027352691802759264,-0.14434692003194113,-0.11783922085708667,-0.04376363642560513,-0.17933276345047802,-0.0500383701120069,-0.11042380906394854,-0.1461699646498215,-0.034619794620816366,-0.16543680821659826,-0.07951288149496383,-0.08017242152362469,-0.1624744452523245,-0.039755861347112134,-0.1420155895416865,-0.1092757403127931,-0.05872552752074299,-0.1654396650829958,-0.056144566411191615,-0.11483208556223404,-0.1337127998806027,-0.04882497164427811,-0.1564400388275247,-0.07908974118594234,-0.08952003726390716,-0.1490191639746138,-0.050654181860693176,-0.1388913179989264,-0.10334698609319988,-0.07054785006214669,-0.15364985281466637,-0.06217391361043012,-0.11731577823626278,-0.12418487239745604,-0.06055055512662218,-0.14828215882367368,-0.07982557313648067,-0.0963354595025089,-0.13819659377664228,-0.06010166432848464,-0.13536737656949904
-0.22612297061059128,-0.00010761032931721863,0.09695905212570982,-0.26608240444303854,0.1783400346935785,-0.12900394156510206,-0.10386684141319252,0.1567350669033416,-0.2541818123752447,0.10275087875351166,-0.02841631259099512,-0.17980585865861493,0.17188322467752612,-0.20304859243015533,0.012222413419450026,0.056305362240957384,-0.21773108753526718,0.14602299657882356,-0.1279314900678903,-0.07413487103308727,0.11159391083423748,-0.21604074133013945,0.08992819198981192,-0.04636389905541596,-0.14075586724683,0.1313554166925764,-0.18078187796543646,0.01847489298695256,0.02544936309556628,-0.17802221606579657,0.1170291284229015,-0.12341178126542968,-0.05273717534425894,0.07547386340677878,-0.18320290626609217,0.07622828478966241,-0.05787022395344913,-0.11041002614316624,0.09749546876127277,-0.1599693088378519,0.020421607911364055,0.002389549556994221,-0.1457042069909044,0.09144187107644144,-0.11678165960743132,-0.03777167453520322,0.04684926651213372,-0.15524884368658087,0.06250768170033662,-0.06461233585034619,-0.08711092610797685,0.06947038198108385,-0.14098170636333476,0.019419971023376323,-0.014528128753789784,-0.11963924205950567,0.06917664904082584,-0.10901848475599465,-0.027706668799909233,0.024395425448352506,-0.131698196322459,0.049337802572843585,-0.06790340520630665,-0.06946456863729568,0.04648519422218341,-0.12399100570727135,0.016495519024441317,-0.026658214420227054,-0.09881210026702973,0.050040443511967146,-0.1008199361121392,-0.02132020373617855,0.006976018266904598,-0.1120498063729896,0.037076636508570314,-0.06876017928775385,-0.05630977825429787,0.027802988644688893,-0.10902958132268965,0.012410517525652457,-0.03510000451815024,-0.08233099748724082,0.03377593829434352,-0.09266868105008366,-0.017646935056142038,-0.00637304168061628,-0.09580927916395696,0.02592526823857659,-0.06796011264323094,-0.04668824760338933,0.012755834071893244,-0.0960355081951059,0.007720493688043466,-0.04073753728945465,-0.06942306719154374,0.020093572724127526,-0.08488429954493476,-0.015932175075011414,-0.016461441926332712,-0.08250706624530407,0.01597198836794831,-0.06608926948838605,-0.039816236524346946,0.0007492345546294774,-0.0848865921194824,0.002820400974366777,-0.044275085460319226,-0.059426457300887456,0.00869422016180556,-0.07766458337958403,-0.015592613972893564,-0.02396270482961068,-0.07170948907632516,0.0072263178517479616,-0.0635821079966616,-0.035058537307162026,-0.008737927944814325,-0.07542551842301928,-0.0020180219703983867,-0.04626819602845562,-0.05178049805734981,-0.000715311299394476,-0.0711180581112666,-0.01618310346957169,-0.029431936281678707,-0.06302460657796605,-0.00035508597721085715,-0.06075421991778248
-0.16848838943953814,0.016358004751204587,0.09574385944980789,-0.2011691649790378,0.1623011994670942,-0.08905970678706947,-0.06850135925834612,0.14463160219873847,-0.19143627987897627,0.10048069798412143,-0.006794233799212347,-0.13060799439471907,0.15702050505784415,-0.14961703662732614,0.02644210004193817,0.06249528742181298,-0.16162509782513856,0.13587074819598124,-0.08818260360276665,-0.044185102566283725,0.10771296127720463,-0.16024265018723016,0.08999367883127479,-0.021472646090510236,-0.0986710052597113,0.1238748853922172,-0.13140623062654858,0.031555683036323244,0.037259745137960765,-0.12914924441685388,0.1121581475320518,-0.08448616512227004,-0.026685022540092584,0.07817222335277635,-0.1333862657491748,0.07878922598548628,-0.03088308025366484,-0.07385269512487475,0.0961825671586306,-0.1143846956640935,0.033147801527061885,0.018400304000813057,-0.10271799904714495,0.09123163947597254,-0.07906372799232564,-0.014445505463156158,0.05476163075166338,-0.11052406884196242,0.06756784703129505,-0.03639710846759232,-0.05479755381043289,0.07326228319317937,-0.09885570751313856,0.032328613986876316,0.00456420087076197,-0.08140079840962525,0.07302205405656595,-0.07271462465273629,-0.006213852466816047,0.03639778348390816,-0.09126319984306751,0.05679687701573761,-0.0390887056348108,-0.04036550129419271,0.054463874661376734,-0.08495988314465726,0.029936854390031638,-0.005356375296607097,-0.06436734521048236,0.05737153107396691,-0.06600945137368085,-0.0009906895933430738,0.022151341992392617,-0.07519378743988778,0.046769096900553135,-0.039789417300577716,-0.029606871590414696,0.03918465500023336,-0.07272369996663937,0.02659594076197029,-0.012260483310214102,-0.0508882948603659,0.044069624783028234,-0.059342957094376605,0.0020134888375102113,0.01123382915581157,-0.06191149153482025,0.03764896359440905,-0.0391350837448039,-0.021737914165561714,0.02687835748952179,-0.06209651267947653,0.022760210332092613,-0.016871132797093708,-0.0403315593860348,0.03287951833846399,-0.052976509918214926,0.0034159032531504603,0.002983042986885032,-0.05103229248520491,0.0295086854638993,-0.037605016890767326,-0.016117648059669684,0.01705877432271169,-0.052978384897588084,0.018752675321214357,-0.019764312370581974,-0.032155843850065396,0.02355657137312537,-0.04707187362011165,0.00369361289755607,-0.003151855976716949,-0.0422015068111774,0.02235604921082307,-0.035554537840040853,-0.012226569400917056,0.009299709731077754,-0.04524065700251199,0.014795576857656098,-0.021394375483482712,-0.025902605156295035,0.015860997233993354,-0.04171780569826289,0.003210681763439246,-0.007624860429384388,-0.0350985859663547,0.016155607086257268,-0.03324175293062025
-0.1710613914561876,0.009927146582658398,0.08765617043387951,-0.2030600994253903,0.152824418471505,-0.09329043349642607,-0.07316115112655389,0.1355235963952308,-0.19353034552960985,0.0922941482803222,-0.012741890732955216,-0.13397158318856653,0.14765393535148352,-0.1525838952017945,0.019800780699810606,0.055101516232637676,-0.1643413408927849,0.12694558671929082,-0.0924316359865738,-0.04935238943260207,0.09937546986010062,-0.16298774577400693,0.08202599956598743,-0.027113955673492084,-0.10270113835130906,0.11520008483448022,-0.1347531597469893,0.024807640121363817,0.03039265499372783,-0.13254327820585973,0.10372788238671433,-0.08881234441497157,-0.032217546671023514,0.0704512650199787,-0.13669187033790237,0.0710553904342135,-0.03632798837862916,-0.07840080137387455,0.0880857220472275,-0.11808687452395769,0.026366530135339693,0.0119268218105292,-0.10666366892836798,0.0832381232225748,-0.08350307683064699,-0.02023347572522871,0.04752926565911342,-0.11430682132080977,0.06006820845216617,-0.041726935485565275,-0.059743352394557865,0.06564379828396716,-0.10288198575688944,0.025564439535050085,-0.0016205134708860832,-0.08579137117348615,0.06540858287486843,-0.07728648312147213,-0.012173622310326152,0.029548683001222844,-0.09544793831836111,0.04952203510152792,-0.04436235739042367,-0.045612505551428206,0.04723772391869119,-0.08927617565544493,0.02322259740895154,-0.011334041207772101,-0.06911341645458169,0.05008469578166912,-0.07072125086803088,-0.00705947000810075,0.015599573368363772,-0.0797139042803823,0.03970354082811817,-0.045048444779518484,-0.03507841496279175,0.03227739082184345,-0.07729536902807989,0.019951410670881204,-0.01809405630742067,-0.05591568204542571,0.0370604083279337,-0.06419389036019994,-0.004117990599814836,0.004909915634092992,-0.06670881793189286,0.030773750225359036,-0.04440776756118412,-0.027373687443225197,0.020227933190354947,-0.06688997757324924,0.0161957342572082,-0.022608478748243625,-0.045579272031441805,0.026103846179305227,-0.057960314790821886,-0.0027448454220440803,-0.0031686716325009844,-0.056056674352658854,0.02280336462751904,-0.04290963412868655,-0.021870719693445752,0.010613290668965547,-0.057962150638240416,0.01227183892814979,-0.025441275912515913,-0.037574188628247754,0.016975474761201387,-0.052178911826899,-0.0024729317460413193,-0.009175531540693668,-0.04741019252176432,0.015800008223216786,-0.0409019498170991,-0.018060850201941973,0.0030161624526601526,-0.050385913808718576,0.008397327505134746,-0.027037318621417884,-0.031451458811697613,0.009440511913217372,-0.04693658654390672,-0.002945783815024903,-0.013555181682498117,-0.04045551393504789,0.00972897307950912,-0.038637434128887184
-0.20933178643596784,-0.009357751925992083,0.07652496013124667,-0.24468712330450793,0.14852928495337273,-0.1234027414288126,-0.10116191971208104,0.12941362587119795,-0.23415770881740186,0.08164945669865897,-0.03440474605933035,-0.1683512985064741,0.14281642390106403,-0.1889160213622653,0.0015516154354840474,0.04055535888886201,-0.2019068100378147,0.1199357925147279,-0.1224538570147321,-0.07485564537992294,0.08947360104125214,-0.20041122429560077,0.07030419059725965,-0.05028442463754877,-0.13380061876295435,0.10695820053735093,-0.16921486157715143,0.007083688845223288,0.013254565569942391,-0.1667731659186454,0.09428257680419184,-0.1184549057801191,-0.055923376658068985,0.05751527926271667,-0.17135694075417035,0.058182776761418004,-0.06046499913203776,-0.10695120344646322,0.07699957123138738,-0.15080030155883534,0.008806104688955683,-0.007148312989360906,-0.1381788143931856,0.07164346467814502,-0.11258870192746108,-0.042682189990380676,0.032188787646747694,-0.14662372497621437,0.046043051601730084,-0.06643028978955028,-0.08633660880701045,0.05220351460960701,-0.13400043686036783,0.007919875676221082,-0.02211674868390466,-0.11511703580342003,0.05194362536553629,-0.1057199944479509,-0.033776866910799064,0.012322061853500283,-0.12578656610849742,0.034390596388703995,-0.06934216452295126,-0.07072345183650283,0.031866663501804435,-0.11896739240216866,0.005332376914057326,-0.03284921468378327,-0.09668958217208463,0.03501227954879346,-0.09846607662839328,-0.02812624571646138,-0.003090293875380675,-0.10840204938834697,0.02354215297929085,-0.07010022171657454,-0.05908434685378253,0.01533700809153946,-0.1057298124762851,0.0017180463230944236,-0.04031834785361381,-0.08210742009271808,0.02062175881768442,-0.09125400325846597,-0.024876208387706898,-0.014901284824399126,-0.09403274393708214,0.01367563726778354,-0.06939233817015097,-0.05057140198123447,0.0020235757475055953,-0.09423290702345748,-0.0024315963719305604,-0.045306328190688944,-0.07068673215720898,0.008515865477906979,-0.08436653254049266,-0.023359021807041778,-0.023827306915891876,-0.08226320233626673,0.004869167079830681,-0.06773705220576291,-0.04449117903106353,-0.008599632087681924,-0.08436856096626484,-0.006767103959589179,-0.048436282628833316,-0.06184192440268711,-0.001570061955751715,-0.07797866683169598,-0.023058584688658953,-0.030464279751816398,-0.07270971417189431,-0.0028688336270373295,-0.06551876404143532,-0.040281658464579054,-0.016993690609653587,-0.07599758531432951,-0.011048047324350815,-0.05019974844389423,-0.05507692703380809,-0.009895434031362001,-0.0721864274533735,-0.02358103841410283,-0.03530335032550569,-0.06502549753157139,-0.009576713609351448,-0.06301670317454398
-0.2510281447091989,-0.02619354816844869,0.0703660124891698,-0.2907788199400073,0.1513218393806068,-0.15441649103797223,-0.12941071371458351,0.12982974162960154,-0.27894039969799966,0.07612758108997295,-0.05435435831726189,-0.20495300554301293,0.14489876143982977,-0.22807431315469442,-0.01392793970961672,0.029924708182435984,-0.2426801030402187,0.11917363398040512,-0.15334964230970416,-0.09983407097466815,0.08492441484318591,-0.24099858764864926,0.06337188341749178,-0.0722081818653007,-0.16610702156625112,0.1045826813927157,-0.2059239258680391,-0.007708124741336489,-0.0007700911005954492,-0.20317868116864235,0.09033123742434887,-0.14885354565583833,-0.07854816248104943,0.048993068052070134,-0.20833230607951786,0.04974354813904857,-0.0836543946930331,-0.13591971512503823,0.07089962674301717,-0.18522008708047397,-0.0057715799681617025,-0.02370943410275926,-0.17102950988085486,0.0648776546460976,-0.1422580614987571,-0.06366084538787975,0.02051801358701149,-0.18052428288181294,0.03609462509220238,-0.09036128402252366,-0.11274233572190742,0.04302095039375612,-0.16633168083975922,-0.006767984041366262,-0.040538730008478574,-0.14510071518784487,0.042728751991703,-0.13453544351639568,-0.05364842189215396,-0.001818522700091689,-0.15709667029921567,0.022993548880234506,-0.09363515996579645,-0.09518816746804662,0.02015584330654569,-0.14942974407671533,-0.009677157933198503,-0.05260544491415625,-0.12438237986682601,0.023692519038122285,-0.12637972624891897,-0.04729532140314949,-0.019146926312774724,-0.13755092871126978,0.010796438375225974,-0.0944874580338969,-0.08210210117300064,0.0015712384890679762,-0.1345464821117051,-0.013740818308783397,-0.06100313287831147,-0.1079873787065996,0.007512983877377234,-0.11827105548912087,-0.04364124284568337,-0.032426247256997345,-0.12139524629168663,-0.00029667221133399674,-0.09369157114814206,-0.0725308359310749,-0.013397305787084549,-0.12162029344282217,-0.018406340227218612,-0.06661121369434131,-0.09514688283677253,-0.006097901413225054,-0.11052734164218886,-0.041935441222103756,-0.04246194304406455,-0.10816252763512074,-0.010197953527722854,-0.09183050177043646,-0.06569472604696242,-0.025341179667739674,-0.11052962223972353,-0.023280833566612452,-0.07013028078230374,-0.08520249786778686,-0.017437700756888386,-0.10334534317467206,-0.041597654076572635,-0.049924017375232624,-0.09742135985172859,-0.018897934358853813,-0.08933643835035361,-0.060961882302949674,-0.034778778732796264,-0.10111797568287298,-0.02809397931620209,-0.07211297881614698,-0.07759648312813186,-0.026798074348681346,-0.09683301867772537,-0.04218505870067409,-0.05536467612242299,-0.08878184946583126,-0.02643973093840992,-0.08652332390323847
-0.27812171933642693,-0.029175269966936673,0.0777395916612881,-0.3221353614137748,0.16737733411940475,-0.1711491781029535,-0.14346171552308556,0.1435803673405619,-0.30902735788257657,0.08411904601589729,-0.06035611938147385,-0.2271053611953514,0.16026542842525549,-0.25270625858066387,-0.015594265432213407,0.03296125563146031,-0.26887841174650934,0.13178147071085353,-0.16996791771419234,-0.11071319591063646,0.09385927533224778,-0.2670165662265941,0.06999539381266831,-0.08012463387318415,-0.18409343183898025,0.11562574603364392,-0.2281804055668796,-0.00870742116575314,-0.0010253345694604815,-0.22514075361348737,0.0998459397720656,-0.16498964784281572,-0.0871445306668521,0.05407455651077911,-0.23084706679964373,0.054905520053980625,-0.09279836863657513,-0.15066875934554289,0.07833043210965379,-0.2052562327136661,-0.006563196243324319,-0.026424752982464897,-0.18954382073302795,0.0716626479038607,-0.15768684663677218,-0.07066065857597222,0.022545762393925306,-0.20005683813570965,0.039792850640517255,-0.1002245223984059,-0.12500577688255177,0.047461973264567456,-0.18434218416321446,-0.007666457307137574,-0.04505886679580759,-0.16083435397582718,0.04713843873820124,-0.14913603481276802,-0.05957447647946896,-0.002186202728174061,-0.17411678682966197,0.025286780595832822,-0.10384949739911153,-0.10556905350603515,0.02214475202107208,-0.1656276392961623,-0.010887618650244284,-0.05841964791019408,-0.13789412994282643,0.02606071014981877,-0.1401056769984546,-0.052540052802868185,-0.021372949870253795,-0.15247490856236068,0.011781619915461963,-0.10479319815123142,-0.09107960308119803,0.0015670853566463333,-0.14914825721603953,-0.015387076640740828,-0.06771792599441426,-0.11974088578448228,0.008146039130822458,-0.13112741108290596,-0.0484941012607375,-0.0360763800805727,-0.1345866483151555,-0.0005011449947269486,-0.1039119582648579,-0.08048189020866345,-0.015006724933723244,-0.13483583011403297,-0.020552941387181098,-0.07392743213096092,-0.10552334140243837,-0.006924513257482827,-0.12255324101839066,-0.04660536498948535,-0.04718833025008283,-0.1199348181442573,-0.01146426573258337,-0.10185130291760078,-0.07291265794043897,-0.028231491228830195,-0.12255576619319664,-0.025950188198782816,-0.07782389321889006,-0.09451249446303678,-0.019480422475198857,-0.1146010261663433,-0.04623135266301767,-0.055450657037227506,-0.10804173930808811,-0.021097255365031375,-0.09908976958383103,-0.06767225159897527,-0.038681203212514316,-0.1121347899328822,-0.03127950834387456,-0.08001922099891737,-0.08609079071983224,-0.029844627122976232,-0.107390302880868,-0.04688175210226401,-0.061474786322413454,-0.09847570513029127,-0.029447854023931137,-0.09597496935266464
-0.29443763668332973,-0.025212839645351856,0.09041095010985144,-0.3420364832834228,0.18735028417687744,-0.17875146893456348,-0.14880867797513914,0.16161489583380248,-0.32786074549243227,0.0973100535442754,-0.05893357708250662,-0.2392656561190987,0.17965906635910991,-0.26695191724074674,-0.010525571766283095,0.04198512013773607,-0.2844414000783977,0.14885490042735822,-0.17747398701337644,-0.1133925731530537,0.10784368946251961,-0.2824278948306434,0.08203593572705094,-0.08031236884777407,-0.19275011841808157,0.13138318428824758,-0.2404282700204599,-0.0030777481296502106,0.005230095625314917,-0.2371410181544833,0.11431800762542797,-0.17209020387802268,-0.08790408302682523,0.06481824010563626,-0.2433121485854215,0.06571689116826841,-0.09401846378517496,-0.15660278355591423,0.0910499184510186,-0.21563677048591662,-0.0007588617948309766,-0.022238274718760546,-0.19864447781744027,0.08383899877715205,-0.16419254083649176,-0.07007748967991484,0.0307212155509151,-0.21001385056271227,0.04937319409668298,-0.10204952727037579,-0.12884938011317879,0.05766701787745435,-0.19301913327719802,-0.0019519908261439855,-0.04239026130899226,-0.1675964336282099,0.057317129307376986,-0.15494520839347845,-0.058088264156046246,0.0039746670172384774,-0.18196080917283455,0.03368550795578763,-0.10596978064737503,-0.10782940606101092,0.030287540210234568,-0.1727801639878143,-0.0054355372314889554,-0.056839367102225515,-0.14278757543829557,0.034522479230619144,-0.14517926774280288,-0.05048083978261756,-0.01677496856996618,-0.1585560556654367,0.019080261918550015,-0.10699035211604849,-0.09215969331877852,0.008033685434332112,-0.15495842639296556,-0.010301506066715897,-0.0668950519146302,-0.12315562854172725,0.015148538845821973,-0.13546966222326814,-0.046105318518850046,-0.032676091177502836,-0.13921067738583565,0.005796983934927254,-0.10603732936697303,-0.08069872609309146,-0.009890172177904824,-0.13948015670316774,-0.015888164930131968,-0.0736103637158305,-0.10777997040187944,-0.001149610488172732,-0.1261970688553583,-0.044062732088820625,-0.04469318375568334,-0.12336535798487361,-0.006059156062359938,-0.10380881990626124,-0.0725129294034529,-0.024192183838213373,-0.12619979972248394,-0.02172505347020781,-0.07782421753146425,-0.09587221658580941,-0.014728282203830273,-0.11759709309765132,-0.043658253965360785,-0.053628532132670825,-0.11050350860347515,-0.01647681690963531,-0.10082234127529151,-0.06684565703523732,-0.03549309451614439,-0.11492996548413074,-0.0274884822640172,-0.08019836939226248,-0.08676450893735442,-0.025936720403390713,-0.10979900833706978,-0.04436163277420982,-0.06014336690232668,-0.10015825717892786,-0.025507627490713745,-0.09745381980341071
-0.3131739414204644,-0.026951262653774267,0.09597259576117881,-0.3637780073533716,0.19903232941048768,-0.19018376669063206,-0.15835049600959406,0.1716721015574164,-0.34870726465555424,0.10330728367928593,-0.06280100571399154,-0.2545186011854772,0.1908555158665667,-0.2839528728813133,-0.011336693704844894,0.04448933371171798,-0.3025465785247439,0.1581064861071874,-0.1888256291729108,-0.12069834618838263,0.11450597534084034,-0.30040594782480984,0.08706881320575327,-0.08552957720953222,-0.20506624036456816,0.1395316688875016,-0.25575461833129776,-0.003418641371952873,0.005413729644695329,-0.25225982125015106,0.12138905857894955,-0.18310193340694272,-0.09360060481421667,0.068764054442185,-0.25882057457746294,0.06971944308859868,-0.10010102549949068,-0.16663669327843317,0.09665190625660161,-0.2293978730184982,-0.0009533489256043793,-0.02378889443650225,-0.21133274833656632,0.08898571514741355,-0.17470564043313916,-0.07464850472100946,0.03251426685427125,-0.2234199422312271,0.05234386398798339,-0.10863914133937473,-0.13713104013775365,0.06116132985988224,-0.20535223985069087,-0.002221807816516057,-0.045213204707271595,-0.17832444272698117,0.06078935058865904,-0.16487446480442458,-0.06190232278110601,0.004079037806657552,-0.19359573308517664,0.03566571397988903,-0.1128069053616858,-0.11478394081031279,0.03205321081823631,-0.1838354551071703,-0.005925292765583583,-0.060574574876079375,-0.1519492427959788,0.036555528599376885,-0.1544919379180971,-0.05381459309708805,-0.01798065486111921,-0.16871328793724139,0.02013834543576848,-0.11389191202842078,-0.09812489897638534,0.008394327992724547,-0.1648885173406797,-0.011098481305929756,-0.07126513932447225,-0.1310778056476817,0.015958387562548235,-0.14416930295970937,-0.0491628172172478,-0.034885716943809535,-0.14814651231381587,0.006016409235594529,-0.11287871886357465,-0.08594032765649073,-0.01066117728037814,-0.1484330055823692,-0.017037861641007346,-0.07840443166915916,-0.1147313839621365,-0.0013687680807615028,-0.1343112715224974,-0.0469912692541787,-0.04766152536322841,-0.13130077665070236,-0.006588284638044966,-0.11050950936088581,-0.07723770931625906,-0.02586616632374808,-0.13431417480671434,-0.023243270251148973,-0.08288433300184284,-0.1020718175595326,-0.01580474810677946,-0.12516832434311012,-0.04656125384225188,-0.057161019378314186,-0.11762687653325421,-0.017663678981343155,-0.10733447525095184,-0.07121262583072005,-0.037880575703298,-0.12233280392094492,-0.029370581131849524,-0.08540838023996085,-0.09238908213083086,-0.027720846629518944,-0.11687789666341722,-0.047309041449751114,-0.06408717729544777,-0.10662846328222242,-0.02726466233944823,-0.103753277494384
-0.35560156949104305,-0.04161503410369734,0.09323254885676055,-0.4111142752181039,0.2062891691285119,-0.22068123747366794,-0.18576011097783865,0.17627497462788386,-0.3945816569581126,0.10127870808312686,-0.08094223440280286,-0.29125660863152314,0.19731919733512768,-0.32354603108836083,-0.024485837958350753,0.036755364201083024,-0.34394334286026207,0.16139348230879877,-0.2191913593982954,-0.14445566884492095,0.11356368288258646,-0.3415950690620004,0.08346509140556677,-0.10587549772400033,-0.2370073244455588,0.141016891154691,-0.29261252054936215,-0.015799727445608976,-0.006110608516519702,-0.2887787250160407,0.12111443136984491,-0.21291246000810257,-0.11472942224713782,0.06338475462009885,-0.295975877301981,0.06443281682232682,-0.12186038957063612,-0.19485007681558994,0.09397775307967235,-0.2636991472956712,-0.013095299420265407,-0.038145913332279804,-0.24388168931274232,0.08556793455528722,-0.20370171908323462,-0.09393895144230356,0.0236187051152164,-0.25714135185902587,0.045371790960717556,-0.1312267103068286,-0.1624823488497203,0.055044558932644844,-0.2373210661384155,-0.014486799961573937,-0.061648400919805155,-0.20767154844613225,0.054636497338397594,-0.19291691059864627,-0.07995637841918783,-0.0075747666602454765,-0.22442416766947662,0.02707584543929158,-0.13579875117834941,-0.13796756083916026,0.02311292623005669,-0.21371713397132,-0.01854952627322574,-0.07849983777620495,-0.1787379304597165,0.02805197287515328,-0.18152726928982027,-0.07108413170003748,-0.031774269307311545,-0.1971281030192876,0.010042308216250743,-0.13698900446515477,-0.11969257700193796,-0.002840889454733566,-0.1929323262435251,-0.024224518743032244,-0.09022739656696786,-0.1558419451835449,0.005456890679343036,-0.17020332947967529,-0.06598112938658333,-0.05031913757814001,-0.1745663317092225,-0.005449468464618561,-0.13587753065434785,-0.10632609133281229,-0.023744795834681528,-0.17488061508184854,-0.030740024299036346,-0.09805920667399602,-0.1379099059295603,-0.01355101460615966,-0.15938906014907198,-0.0635989393229256,-0.0643342108758631,-0.15608654457389357,-0.019276828952108884,-0.13327850570439825,-0.09677931120615757,-0.04042468245618108,-0.15939224505446267,-0.03754736311144888,-0.1029736624550248,-0.12402235022856797,-0.029387297645719467,-0.14935923889082936,-0.06312721203026014,-0.07475516433273757,-0.14108626387772316,-0.03142654648282717,-0.12979549043736752,-0.09016978921721003,-0.05360450032409046,-0.14624867044387047,-0.044269028644600375,-0.10574254453965053,-0.11340038077656459,-0.04245926841550973,-0.14026463228857622,-0.06394753570655298,-0.08235316578152947,-0.12902099467428352,-0.04195883384004341,-0.12586691328559593
-0.0018438317258341014,-0.0011475167330499143,-0.000848470808547954,-0.0019669399643452963,-0.0005977498034844297,-0.0015446244687483093,-0.001467181326436612,-0.0006643110450400454,-0.001930276258526803,-0.0008306271730024486,-0.0012347310435575666,-0.0017011365592998963,-0.0006176421400678423,-0.0017727434800785273,-0.0011095300210540258,-0.0009737179322103599,-0.0018179777573437829,-0.0006973131169409898,-0.001541320427573351,-0.0013755821682425928,-0.0008033832909414332,-0.00181277008736878,-0.0008701316961916155,-0.0012900245135408198,-0.0015808301586451774,-0.0007425014429465474,-0.0017041435092511777,-0.0010902671919281175,-0.0010687800323947606,-0.001695641458977501,-0.0007866383073645597,-0.001527395971296329,-0.0013096594968780343,-0.0009146630310994264,-0.0017116022868386986,-0.0009123387867687532,-0.0013254735490770577,-0.0014873397688644505,-0.0008468181998701344,-0.00164002351358425,-0.0010842696934091783,-0.0011398234069589178,-0.0015960751541574329,-0.0008654683076459329,-0.0015069696909377637,-0.0012635533270367416,-0.0010028505593954688,-0.0016254805610448528,-0.0009546096378704166,-0.0013462448523681066,-0.0014155591931872447,-0.0009331587391805516,-0.001581525930660777,-0.0010873555667832869,-0.0011919439045934086,-0.001515773417826149,-0.0009340636805523315,-0.0014830526658562238,-0.0012325447513929352,-0.0010720270355378272,-0.0015529250107096744,-0.0009951838018485482,-0.0013563840788879146,-0.0013611937586452162,-0.001003972204374085,-0.0015291804635650821,-0.0010963653074044636,-0.0012293146412671702,-0.0014516085262502173,-0.000993019084283128,-0.0014577943279597088,-0.0012128691356771103,-0.0011256932747295344,-0.0014923916536455386,-0.0010329583749967854,-0.001359023654523828,-0.0013206660805298207,-0.0010615289112531955,-0.0014830868524962316,-0.0011089505042053036,-0.0012553223648298774,-0.00140083304378344,-0.0010431272663958561,-0.0014326816935677199,-0.0012015524178608922,-0.0011668194644250751,-0.001442357343710605,-0.0010673138493627367,-0.0013565587848834877,-0.0012910237764075583,-0.001107886642492079,-0.0014430543169870937,-0.00112339967222016,-0.0012726906471717775,-0.0013610658997295067,-0.0010852803141862323,-0.0014086993343827446,-0.0011962695331826046,-0.0011979001145877802,-0.0014013754817657426,-0.001097978216566233,-0.0013507950344187186,-0.0012698522757672425,-0.0011448769392835084,-0.0014087063974161048,-0.0011384960268144644,-0.0012835892331174573,-0.0013302680400830824,-0.0011203997860986695,-0.0013864566133423525,-0.0011952234030165984,-0.0012210102333773528,-0.001368109977778989,-0.0011249221441594827,-0.0013430708950777186,-0.0012551946113856685,-0.0011741052779199684,-0.001379558433956963,-0.0011534023873099558,-0.0012897296687460042,-0.001306712136409693,-0.0011493889566725375,-0.001366287879282433,-0.0011970426010087477,-0.001237860007898617,-0.0013413533277590501,-0.001148279163549164,-0.001334358651516977
-0.0056387354745612624,-0.0041869429009253785,-0.0035634425356207604,-0.005895411875724639,-0.0030406979487918448,-0.0050148987364232005,-0.004853432474670604,-0.003179475825447988,-0.005818969322597313,-0.0035262391753023955,-0.00436878170896757,-0.0053412210088167305,-0.003082172779613152,-0.005490518951392513,-0.004107741925872457,-0.003824578438030796,-0.005584830848289782,-0.003248283999043122,-0.005008009925338419,-0.0046624514115088745,-0.003469436627514296,-0.005573973037278955,-0.003608604733972528,-0.004484066673278436,-0.0050903863422630015,-0.003342500089160025,-0.005347490395019533,-0.0040675795962342685,-0.004022779614958086,-0.0053297639155154095,-0.003434523918389139,-0.004978977917663174,-0.004525004931520517,-0.0037014510204710434,-0.005363041687210825,-0.0036966050517736088,-0.004557976681058514,-0.004895462126934421,-0.0035599969039304367,-0.005213802431245267,-0.004055075020143823,-0.00417090258325132,-0.005122171628375123,-0.0035988817308363614,-0.004936389832617071,-0.004428875168887172,-0.0038853189537975627,-0.005183480880346277,-0.00378473830805362,-0.004601284126934564,-0.004745802119926969,-0.003740013929376607,-0.0050918370027480675,-0.004061508958941835,-0.004279572010427382,-0.004954745297384204,-0.003741900700703866,-0.00488652366607367,-0.0043642233657446,-0.004029549503727575,-0.005032205078095492,-0.003869334030615052,-0.004622424062044984,-0.004632452077275988,-0.003887657544617933,-0.004982698522059652,-0.004080293955186005,-0.00435748869832941,-0.004820963727199112,-0.0038648206696820482,-0.004833860908901197,-0.00432320039040447,-0.004141441748359503,-0.004905995131227094,-0.003948092703539208,-0.004627927485560892,-0.004547953276123688,-0.004007661279243719,-0.004886594944030623,-0.004106533653372237,-0.004411713898586179,-0.004715098609928984,-0.003969294488892487,-0.004781501938474687,-0.004299605426840889,-0.004227188425367264,-0.004801675332941426,-0.0040197226742638,-0.004622788317977386,-0.004486150101646451,-0.004104315538653122,-0.004803128498013721,-0.004136659666795141,-0.004447926163986296,-0.00463218549587788,-0.004057182129360332,-0.004731499552594987,-0.004288590795786277,-0.0042919905013782495,-0.004716229574280643,-0.004083656814764316,-0.004610771098460707,-0.004442008258197929,-0.004181439022614968,-0.004731514278774211,-0.004168135041756338,-0.004470649337123507,-0.004567973028270685,-0.004130405008432093,-0.004685124251820868,-0.004286409650727212,-0.004340174296330577,-0.004646872153936842,-0.0041398339679059645,-0.004594666536230682,-0.004411447537092486,-0.00424237909343329,-0.0046707417874087866,-0.004199214285620903,-0.004483451932122602,-0.0045188597873198205,-0.00419084642214735,-0.004643073141861637,-0.004290202615351476,-0.0043753054909349024,-0.00459108546803051,-0.00418853254203349,-0.004576501811024036
-0.005068710797320426,-0.0035768455059540507,-0.002936135137927668,-0.00533247204046377,-0.0023989616329092374,-0.0044276547718190805,-0.004261731680593933,-0.0025415700889328935,-0.005253919502129397,-0.0028979048817677506,-0.003763703471250143,-0.004762984267798313,-0.0024415812616986592,-0.0049164031670584215,-0.003495458407087775,-0.0032044789745127407,-0.005013318282963436,-0.0026122775218079693,-0.004420575814161633,-0.004065479113517026,-0.002839534456787536,-0.005002160772116896,-0.0029825439138274294,-0.0038821705580744394,-0.004505226004187838,-0.0027090941864514866,-0.004769426703063502,-0.003454187507445706,-0.003408150946621857,-0.0047512109331315135,-0.0028036580789101177,-0.004390742458229174,-0.00392423880368297,-0.003077952965213123,-0.004785407245654363,-0.003072973236955769,-0.003958120647153331,-0.004304921445136919,-0.00293259439910659,-0.004632048652886,-0.0034413377771251646,-0.003560362439684819,-0.004537888635191705,-0.0029725525340875774,-0.004346978846911808,-0.0038254556448872115,-0.0032668960641836086,-0.00460089015945652,-0.003163539167961987,-0.004002623475266303,-0.004151130487658123,-0.0031175802965379092,-0.004506716706142461,-0.0034479493070047333,-0.0036720313857730447,-0.004365840963504953,-0.0031195191469680595,-0.004295736262791624,-0.0037590193075727842,-0.003415107699442487,-0.004445438807176665,-0.0032504699214176195,-0.0040243469198035535,-0.0040346517306533315,-0.003269299205334056,-0.004394565759617271,-0.0034672528111030767,-0.0037520987482945016,-0.004228366723170611,-0.0032458319816419025,-0.00424161989589459,-0.0037168640064850766,-0.0035300884199467894,-0.004315745183874401,-0.0033314025096284573,-0.004030002250100851,-0.003947820573854203,-0.003392615311073727,-0.004295809508179393,-0.0034942167835677732,-0.0038078206851948028,-0.004119579492205379,-0.003353189511613419,-0.004187815700936241,-0.003692617769225849,-0.003618201896762221,-0.0042085459261491966,-0.0034050096275364803,-0.004024721230013286,-0.0038843114937189213,-0.003491937443928069,-0.004210039201823251,-0.003525174342250078,-0.0038450324900030372,-0.004034377791013203,-0.0034435030472624506,-0.004136433137521819,-0.003681299109752045,-0.003684792654811878,-0.004120741673699246,-0.0034707084931169725,-0.004012372308396499,-0.0038389512367967816,-0.003571189708308908,-0.004136448270176481,-0.003557518507863043,-0.0038683828734729113,-0.0039683929158762215,-0.0035187470413459163,-0.004088777774863284,-0.003679057760217583,-0.0037343064301273592,-0.004049469833638452,-0.003528436261161623,-0.00399582322427806,-0.0038075469715289434,-0.003633811861196477,-0.0040739983223090125,-0.003589455608276319,-0.0038815388486896298,-0.003917924039776649,-0.0035808567730805842,-0.004045565960344565,-0.0036829554191373758,-0.0037704073241711772,-0.003992143310596953,-0.0035784790247073398,-0.003977157112083303
-0.00407714814882487,-0.002661337369533427,-0.002053290080877279,-0.004327462981781157,-0.001543501400118913,-0.003468772824130999,-0.0033113084052927774,-0.0016788397516610144,-0.0042529150107558054,-0.00201700878317599,-0.0028386694135146716,-0.0037870073978349926,-0.0015839483025293828,-0.003932605081872906,-0.0025840993423891703,-0.0023079538890590488,-0.004024579515870848,-0.001745942556599167,-0.0034620547480315256,-0.003125060691414658,-0.001961614051924403,-0.0040139908090901415,-0.0020973329616607206,-0.002951097110229484,-0.003542389515655486,-0.0018378235583294187,-0.003793121401120764,-0.0025449324116197172,-0.0025012427705823448,-0.0037758342616102114,-0.0019275666330222172,-0.003433742280976991,-0.0029910207386851656,-0.0021878781095206303,-0.003808287264010668,-0.0021831522452046594,-0.0030231753035009114,-0.003352296378234365,-0.002049929847068939,-0.003662746812071101,-0.002532737753828498,-0.0026456946013593795,-0.0035733870228184415,-0.0020878509372329514,-0.0033922097156693694,-0.00289727349364577,-0.0023671889881523977,-0.003633176762335889,-0.0022691011724283294,-0.003065409400718625,-0.0032063456033111096,-0.0022254852602257716,-0.003543804222404334,-0.0025390122313736704,-0.002751670722996354,-0.0034101102514264344,-0.0022273252690753155,-0.003343579451679745,-0.0028342240460510343,-0.0025078448717836496,-0.0034856502386698875,-0.0023516002415511768,-0.0030860253954181262,-0.0030958048724018103,-0.0023694696184242145,-0.0034373706724605078,-0.0025573316529318327,-0.0028276562932642232,-0.003279644375943803,-0.0023471987415188576,-0.0032922219088557967,-0.0027942178001589615,-0.002616963935309546,-0.003362568328433518,-0.0024284069287554303,-0.00309139241993549,-0.0030134003225500243,-0.002486499133606891,-0.003343648963055965,-0.0025829210161866546,-0.002880537554972637,-0.0031764030611004393,-0.0024490832407772093,-0.003241160623608414,-0.0027712076233906337,-0.0027005854331740593,-0.003260834032785164,-0.0024982615943005392,-0.0030863806234891896,-0.0029531289020948547,-0.0025807578760893317,-0.0032622511820465713,-0.0026123003747229815,-0.002915852321439343,-0.003095544898061223,-0.00253479263962696,-0.00319239751639574,-0.002760465983255375,-0.002763781429215728,-0.0031775059951897515,-0.002560611166084522,-0.0030746612434360077,-0.0029100810873400954,-0.002655969901493367,-0.0031924118775955848,-0.002642995651694056,-0.0029380123145758257,-0.003032923897338312,-0.0026062007342564303,-0.0031471715991943277,-0.0027583388965476035,-0.0028107710181690766,-0.0031098675562489355,-0.0026153960027149098,-0.003058955822968167,-0.002880277795086268,-0.0027153996097879097,-0.0031331455953993075,-0.002673304615436363,-0.002950497605058629,-0.0029850278981391797,-0.0026651441443603704,-0.003106162700373235,-0.0027620378548547505,-0.0028450315075209554,-0.003055463509361352,-0.0026628876123552603,-0.0030412412994078033
-0.0032520199949825886,-0.001937384037276959,-0.0013727882301643479,-0.0034844471561291516,-0.0008994294025873562,-0.002687119593515336,-0.0025409076914082295,-0.0010250963815341433,-0.0034152264348877356,-0.0013390996191945913,-0.002102043810236062,-0.0029826129035646957,-0.0009369859412607128,-0.0031178060759819138,-0.0018656654931951708,-0.0016092535857463648,-0.0032032079530490104,-0.0010874039734277091,-0.0026808815957997147,-0.0023679693685151213,-0.0012876634339105515,-0.003193375922608838,-0.001413683776098693,-0.002206437345661244,-0.0027554755851358034,-0.001172719094961854,-0.0029882899959294165,-0.0018292974585004083,-0.0017887299095545486,-0.002972238207414415,-0.001256049067209458,-0.0026545923573042473,-0.002243508003900041,-0.001497758504807837,-0.0030023720957243335,-0.0014933703540380555,-0.002273364781182321,-0.00257896663533677,-0.0013696681209976747,-0.002867232065559966,-0.0018179742394242864,-0.0019228591121807192,-0.0027842579889087522,-0.0014048793437219124,-0.002616027737958375,-0.0021564600020997516,-0.0016642557035190131,-0.002839775112115588,-0.0015731773112297566,-0.0023125808004807675,-0.002443445604154102,-0.0015326782224049705,-0.0027567891959578475,-0.0018238003384463807,-0.0020212621065638227,-0.0026326490889981027,-0.001534386742944217,-0.0025708726264077543,-0.0020979161118187374,-0.0017948602200187694,-0.002702790936289707,-0.0016497809395764878,-0.0023317235618809857,-0.0023408041906474515,-0.0016663733583676804,-0.00265796146141239,-0.0018408106414169376,-0.0020918176952074556,-0.002511506395587583,-0.001645693973793373,-0.002523185129262437,-0.0020607687400429316,-0.001896181559480601,-0.0025885045448406983,-0.001721098967569956,-0.0023367070550988755,-0.0022642883271590266,-0.0017750398631169943,-0.0025709371704527527,-0.001864571371001449,-0.0021409200252275125,-0.0024156427768052633,-0.00174029773597471,-0.0024757727189215098,-0.002039402886487314,-0.0019738274070315778,-0.00249404025261507,-0.0017859617702003041,-0.0023320534051073805,-0.002208323944268811,-0.0018625628103978071,-0.00249535613140603,-0.0018918512601724512,-0.0021737111739559764,-0.0023405627942537973,-0.0018198822816564478,-0.00243049425721682,-0.002029428851416319,-0.0020325073733057286,-0.002416666894458552,-0.0018438557982820747,-0.0023211715000920497,-0.002168352356253653,-0.0019324001322308126,-0.002430507592155349,-0.001920353031332933,-0.002194287598592544,-0.0022824167337335854,-0.0018861875042499136,-0.002388500215468565,-0.0020274537678019724,-0.0020761390535976344,-0.0023538619453401573,-0.0018947256724381255,-0.002306588399878445,-0.0021406788279630298,-0.001987582952295979,-0.002375476519645965,-0.001948496095476274,-0.0022058806815462616,-0.002237943415901571,-0.0019409187773309178,-0.0023504218410384014,-0.00203088839597952,-0.002107951264586106,-0.0023033456494274272,-0.001938823498670081,-0.0022901397684746546
-0.0026090155699423053,-0.0014028573641587574,-0.0008848494230947054,-0.0028222639038408943,-0.00045055000292783915,-0.002090728168257894,-0.0019565810041886184,-0.0005658475170147282,-0.0027587549602080866,-0.0008539406423600462,-0.0015539301650759748,-0.0023618387206363685,-0.0004850075476467243,-0.0024858763702390206,-0.0013370567066124134,-0.0011018027380767068,-0.0025642312746595353,-0.0006230137711435115,-0.0020850049016088623,-0.0017979127614486203,-0.0008067487360449148,-0.002555210538443233,-0.0009223704554531964,-0.0016497096229903868,-0.002153443735806641,-0.0007012890787012191,-0.0023670473652809662,-0.001303689595954749,-0.0012664694957720559,-0.0023523200970046133,-0.000777743042420253,-0.00206088493094379,-0.0016837213799079124,-0.0009995077217337727,-0.0023799674745498055,-0.0009954816611135956,-0.0017111145123611914,-0.0019914994979768007,-0.0008819867710789401,-0.002255978582144136,-0.0012933007171746604,-0.0013895309695089435,-0.002179851147143165,-0.0009142925246037664,-0.0020255024877630003,-0.0016038561814451227,-0.0011522663324262292,-0.002230787251031794,-0.0010687033128805108,-0.0017470946049470805,-0.0018671610430158535,-0.0010315460238025328,-0.0021546489534662733,-0.0012986460731281603,-0.0014798141984539328,-0.002040752320867189,-0.0010331135650340677,-0.0019840733696785484,-0.0015501430654702823,-0.0012720939610295903,-0.0021051063834376642,-0.0011389859598609398,-0.0017646577931505476,-0.0017729891299256822,-0.001154209248073535,-0.0020639760319762523,-0.0013142527636271855,-0.0015445478623306837,-0.0019296057689481083,-0.0011352362318186125,-0.001940320826886787,-0.001516060925066275,-0.0013650547265529633,-0.002000250382772514,-0.0012044191500763892,-0.0017692300712804682,-0.0017027870058484986,-0.001253909089409041,-0.0019841325878438916,-0.0013360528663824605,-0.0015895984924535248,-0.0018416523779331553,-0.001222033723842306,-0.001896820671993343,-0.0014964580841135187,-0.0014362935935713873,-0.0019135808522811005,-0.001263929770628145,-0.001764960419221139,-0.0016514405481017824,-0.0013342100430215934,-0.0019147881507672175,-0.00136108174375616,-0.0016196838654300352,-0.0017727676524593571,-0.0012950513164807372,-0.0018552783820458799,-0.0014873070608396313,-0.001490131557170217,-0.0018425919900774616,-0.0013170466480628383,-0.0017549764392821563,-0.0016147672328770688,-0.001398284708182766,-0.0018552906166462166,-0.0013872316790010304,-0.0016385624175307987,-0.0017194195391513653,-0.0013558853350914783,-0.0018167494967284005,-0.0014854949520998776,-0.0015301629505820127,-0.0017849694183693387,-0.00136371897265647,-0.001741596669859828,-0.001589377197685142,-0.0014489140940973579,-0.0018048004567725235,-0.001413052506092681,-0.0016491988922544627,-0.0016786159562833577,-0.0014061004336156698,-0.0017818131757548006,-0.0014886461704549528,-0.0015593501632875195,-0.0017386214963580854,-0.001404178047775424,-0.0017265053043564712
-0.002109594491275019,-0.0010129291690666679,-0.0005419450619490993,-0.0023034845230170556,-0.00014707056599291298,-0.00163835629247213,-0.0015163867679089738,-0.00025190157806879516,-0.002245740807641891,-0.0005138421250201728,-0.0011502878514520944,-0.0018848559140413248,-0.00017840011646187188,-0.0019976336477707836,-0.0009531017774661564,-0.0007392037432216315,-0.0020688756341792802,-0.00030387838194325957,-0.0016331525737280639,-0.001372122144317863,-0.0004709342155133185,-0.0020606737842546424,-0.0005760600021316631,-0.001237372621568478,-0.0016953786530244477,-0.0003750479971497208,-0.0018895917272456347,-0.0009227636734056052,-0.0008889223473144195,-0.0018762013740298697,-0.0004445616068520008,-0.0016112221708387648,-0.001268296852054975,-0.0006461948854116768,-0.0019013389721147887,-0.0006425343033702117,-0.0012932032849624694,-0.001548135423315559,-0.0005393422763607858,-0.001788605569491218,-0.0009133178784509141,-0.001000812520676402,-0.001719388846814278,-0.0005687153713897846,-0.0015790516825352238,-0.001195681673394783,-0.000785086342777599,-0.001765701062338919,-0.0007091090246153633,-0.0013259171691275713,-0.0014350841907999584,-0.0006753248077492034,-0.001696474463181601,-0.0009181779925561404,-0.0010828999996540434,-0.0015929171630788515,-0.0006767500503927582,-0.001541383425655623,-0.0011468445379718255,-0.0008940362336805089,-0.0016514292790068112,-0.0007730115386693776,-0.0013418860025341717,-0.0013494610354652732,-0.0007868528840191704,-0.001614032667250835,-0.0009323679356188759,-0.001141757257360968,-0.0014918602962530748,-0.0007696022042288253,-0.0015016026604060164,-0.0011158563132858024,-0.000978558187257236,-0.0015560919184486872,-0.0008325048209657331,-0.0013460432174372682,-0.0012856317345894387,-0.0008775021521649654,-0.0015414372681018832,-0.0009521890640559684,-0.001182718271896586,-0.001411891156687282,-0.0008485203752453749,-0.0014620513717329509,-0.0010980329831566606,-0.0010433301174052928,-0.0014772900928454965,-0.0008866131738743911,-0.0013421611567516053,-0.0012389464163956453,-0.0009505135289021819,-0.0014783877949354298,-0.0009749458647293184,-0.0012100725485502109,-0.0013492596633270211,-0.000914909561484575,-0.0014242802165295488,-0.0010897126734003841,-0.0010922807670083413,-0.0014127454725225066,-0.0009349081962249442,-0.0013330835046457662,-0.0012056022391023916,-0.001008771610617691,-0.00142429134049476,-0.000998721955646358,-0.0012272373394732737,-0.001300754396281965,-0.0009702211767445628,-0.0013892489144761227,-0.001088065064649368,-0.0011286781821599277,-0.0013603537747620032,-0.000977343690709217,-0.0013209183267493233,-0.0011825170658712836,-0.0010548049514771244,-0.001378384586985369,-0.0010221988142594086,-0.00123690825405484,-0.0012636548896512168,-0.0010158778384815551,-0.0013574840502041114,-0.0010909302210410808,-0.0011552158319247483,-0.0013182132341741793,-0.0010141299633878956,-0.001307196928401292
-0.045680047585220165,0.007416360137599184,0.030219638107695655,-0.05506747323850411,0.04933797513545217,-0.022864467451966394,-0.01695916209141867,0.044262452050644205,-0.05227173985211761,0.03158027655150292,0.0007659696706885878,-0.03479905145431534,0.04782111620703932,-0.040259324894982455,0.010312977285132197,0.020669115121684633,-0.04370859376555447,0.041745930815988784,-0.022612522973998007,-0.009974411941073902,0.03365771605065846,-0.04331149105895751,0.028567921091855825,-0.00345034716445705,-0.02562527555256963,0.03830016588665829,-0.03502834170695943,0.011781834109648727,0.01342030376090036,-0.03438003119736372,0.03493457851164695,-0.02155073539874112,-0.004947582024695975,0.025172253988304916,-0.03559709909406853,0.025349485594557478,-0.00615345777347443,-0.01849631250365636,0.03034565519058644,-0.03013897199871332,0.012239163953151468,0.008003002652991293,-0.02678775877616748,0.02892352047167305,-0.019993161425154237,-0.0014318283531538517,0.01844765232526765,-0.029030021960975497,0.022126188138458982,-0.007737340929667934,-0.013022797281046659,0.02376189277595912,-0.025678330556418816,0.01200385551867769,0.0040286358480316736,-0.020664475811875964,0.023692887890901074,-0.018169406187357812,0.000932681950874199,0.013172708628599398,-0.023497412261238377,0.019032268897999492,-0.00851049174627919,-0.008877246333005465,0.01836212304653312,-0.02168680905802151,0.011316831877859543,0.0011789889326346468,-0.01577168263650037,0.019197336040958364,-0.016243371244477053,0.0024330151694190844,0.009080473725427654,-0.018881536054613995,0.016151828065590325,-0.008711768446669158,-0.005786871799103729,0.013973226631397015,-0.018172013035975664,0.010357167433557645,-0.0008041892389372859,-0.011899877853726646,0.015376415200135229,-0.014328446693822725,0.003295953738142726,0.005944460629645815,-0.01506624822085262,0.013532105248547989,-0.008523813677974898,-0.0035265443871859217,0.010438290540012975,-0.015119394824966926,0.009255368787653574,-0.002128580369714494,-0.008867496651913043,0.012162100650784465,-0.012499709506434295,0.0036987918239771507,0.0035744543962157997,-0.011941240611345168,0.011193842019303228,-0.008084307925748727,-0.0019121448097657082,0.007617653471187779,-0.012500248086966013,0.008104219944136012,-0.0029596349484191675,-0.006519054165793075,0.009484120399035352,-0.010803625697433754,0.0037785628391082534,0.0018122285322177138,-0.009404631776134905,0.009139275077659452,-0.007495315794302949,-0.0007944476004087434,0.005388892348155178,-0.010277615847024984,0.006967558802649956,-0.003427864237042424,-0.0047228356746175015,0.007273596661521189,-0.009265690512932401,0.0036398427493203457,0.0005273754021115336,-0.007364345392130853,0.007358222195621799,-0.006830977325254627
-0.04149793300553225,0.006903632906473327,0.027690620369752585,-0.050055312327188344,0.0451184933552013,-0.020699731149670622,-0.015316579277491695,0.04049175351227858,-0.047506780711264636,0.028930949690412863,0.0008412771590729655,-0.031579046323638615,0.04373575673418437,-0.03655651647973056,0.009544128032246411,0.018984564957968658,-0.0397007972653301,0.03819774580757677,-0.020470063874999014,-0.008949428291578403,0.030824699741668522,-0.03933880680963817,0.026184949959289116,-0.003002228380276246,-0.02321642561136237,0.03505665914094359,-0.03178806248409656,0.010883106947322458,0.012376701339505674,-0.03119707629110489,0.03198866064254015,-0.0195021607057935,-0.00436707611445661,0.02308953141448401,-0.03230652972775287,0.023251092010381665,-0.005466327025005598,-0.016717813187382254,0.027805494885848235,-0.02733101613479842,0.01129999919132095,0.007438403856021633,-0.02427612081074948,0.02650910685725369,-0.018082309107942562,-0.0011621891859123217,0.016959526305200538,-0.02632012065906513,0.02031280200233087,-0.006910161519075676,-0.011728272102032113,0.021803875866269706,-0.023264789434376036,0.0110854969831812,0.003815454863446624,-0.018694265150359057,0.021740972467798325,-0.016419812281219723,0.000993248559094379,0.012150998836652431,-0.021276710294183883,0.01749245044813027,-0.007614949504083701,-0.007949275253494675,0.01688155961781773,-0.019626202584915146,0.010459220715909835,0.0012177768110714306,-0.014234098040598544,0.01764292217573825,-0.014664079431582815,0.002360920691387471,0.008420603770619518,-0.017068974855227428,0.01486670131019816,-0.007798429100883038,-0.005132154979063313,0.012880734171638266,-0.01642218862946268,0.009584410839942955,-0.0005900466011579487,-0.010704642425255644,0.014159851289152163,-0.012918474581272394,0.0031475572983332666,0.00556188034532152,-0.013591038899124882,0.012478617218668085,-0.007627093496167144,-0.0030716881621408896,0.009658360953566116,-0.013639486223009138,0.008580034422241062,-0.0017973336354188214,-0.007940387649751702,0.011229749909516707,-0.01125143631432997,0.0035147760048259325,0.0034014326269361,-0.010742347843099095,0.01034710575369812,-0.0072264493180123545,-0.0016000355418217887,0.0070871276657458755,-0.011251927272988434,0.00753067140478596,-0.0025549054692353868,-0.005799596988811406,0.008788559568679818,-0.009705322070553288,0.003587493580502457,0.0017950246802175657,-0.008430028705214376,0.008474205843675383,-0.006689536508003675,-0.0005811663288466536,0.005055436012296857,-0.009225822580157776,0.006494515071075861,-0.002981733417625765,-0.004162202079783812,0.006773492731392395,-0.008303372778811597,0.0034610392711216915,0.0006237796538359794,-0.006570146650476077,0.006850635584219504,-0.006083939565073317
-0.037550154190086574,0.006365770262052847,0.025226312350392778,-0.045314473726387625,0.04103904772308464,-0.018679437009099423,-0.013795171666056783,0.036841093512865596,-0.043002128664819415,0.026351693476303402,0.0008652466325313827,-0.028550505729057596,0.03978445697087254,-0.033066686129813866,0.008761556065150805,0.017327095361522434,-0.035919568982565805,0.03475968422054098,-0.018471054274087424,-0.008018099862613835,0.0280699392110256,-0.03559112618934163,0.023860180764568733,-0.0026220599394151277,-0.020962895442029134,0.03190969947004205,-0.02874015120310352,0.009976444380631978,0.011331619099741373,-0.02820393497714787,0.029126029402009347,-0.017592852057797717,-0.003860419667112932,0.021051631817855947,-0.02921056921281655,0.02119821969761139,-0.004857796901340815,-0.015066545460830354,0.02533054080819731,-0.024696164049644292,0.010354700909055154,0.006850981022842241,-0.02192438281215233,0.024154296245616033,-0.016304585979426797,-0.0009525473786940696,0.01548972826787706,-0.023778953862229647,0.01853223731500364,-0.006167823247972855,-0.010539412810753603,0.01988512509719531,-0.021006777121426574,0.010160077809781705,0.003563790799676053,-0.016859828662600537,0.01982805130540779,-0.014796161950811383,0.0010031340003566211,0.011126833699161941,-0.019202944297416702,0.01597326337585624,-0.006807294622941548,-0.007110636551593807,0.015418987185675052,-0.017705398288271147,0.009591842036384236,0.0012068539743988107,-0.012813009966853028,0.016109790054225047,-0.01320314259844227,0.002244056373535085,0.0077421550258651405,-0.01538516303001422,0.013590856968151686,-0.00697377014826231,-0.004554594431604645,0.011788940414873501,-0.01479831806968777,0.008798105641723139,-0.0004334284193280775,-0.009610648571307109,0.01294951465745695,-0.011619312627550655,0.002957791004863408,0.0051483653496553405,-0.012229546681252796,0.011424089869342237,-0.006818313163950189,-0.002685082498197119,0.00886520238832439,-0.012273504123032207,0.007886810355089318,-0.0015288294707121813,-0.007102572611364134,0.010290962017670092,-0.010106768039159357,0.003290977517900256,0.0031881382992351107,-0.009644859619033535,0.009490117389305766,-0.006454798903026842,-0.0013498160853041433,0.0065322595446563655,-0.010107213497956976,0.006934697626315045,-0.0022161929225773774,-0.005160180889893401,0.008076010320107482,-0.00870394077428296,0.003356955952679798,0.0017306050831473858,-0.007546835915560886,0.007790789497631586,-0.005967644779860791,-0.00042537113108566285,0.004688856020788594,-0.00826887916009197,0.005994567644682952,-0.002603464358581147,-0.0036745324450909696,0.006247690898516702,-0.007431917896060603,0.003242220865234296,0.0006679058269491591,-0.0058593194423486586,0.006317684495478767,-0.005418171863167832
-0.03387638204872575,0.005828305350188528,0.022880250336743898,-0.04089615639937359,0.03717665244433743,-0.016815237691376016,-0.012399340017852013,0.03338125335594176,-0.03880554942768052,0.023897715103029668,0.0008552443486262183,-0.02573973837554748,0.03604236837195185,-0.029822847937422944,0.007994351666495259,0.015738514277399467,-0.03240215881991811,0.03149943699133332,-0.0166268374366575,-0.0071762499224410714,0.025451192813512862,-0.03210521144613336,0.02164512143446972,-0.002297653353759966,-0.018879728064718757,0.02892274630288943,-0.025911198144584528,0.009092740494523755,0.010317963218726906,-0.025426401390436774,0.026406011172028062,-0.015832848811669832,-0.003417262845966627,0.01910589313938259,-0.026336506281791808,0.01923842424318533,-0.004318998419060833,-0.0135487977537052,0.02297448399769552,-0.022255001724347218,0.009434724806706646,0.0062669877147309835,-0.019749015366420677,0.021911033250737892,-0.014668118646781983,-0.000788235638911855,0.014077338132291867,-0.021425745726102518,0.01682809135294153,-0.005503402191183472,-0.009455786188376326,0.018051246441849467,-0.01891940179092971,0.009258764732686537,0.0032950165707824786,-0.015170117350918885,0.01799964563667766,-0.013304342174617385,0.000979909260137457,0.010132815338651447,-0.017288544208157734,0.014514505527677943,-0.006081552631153294,-0.006355806141750519,0.014013380636460192,-0.015934602627731335,0.008745018886889416,0.0011640938807999527,-0.01151136091394926,0.014637940230553285,-0.011864082492160559,0.0021018356576351536,0.007072704220747503,-0.01383686207529393,0.01236055561417518,-0.006232064291214886,-0.004044870994222643,0.010731430544866662,-0.013306291536427478,0.008027396388437719,-0.0003188966403228753,-0.00861608409273441,0.011780713648430306,-0.010432130992293641,0.0027471280151615094,0.004727641249690676,-0.010983847770311632,0.010401566673426817,-0.006091514569374976,-0.00235463247982267,0.008088059015548993,-0.011023589993809842,0.007203488092408736,-0.0013092562163588316,-0.00634851547828352,0.009377098039442412,-0.009064629093877605,0.003048364218445348,0.002955386578093084,-0.008647014534766831,0.008653048938325147,-0.005762858841980726,-0.0011474089913142214,0.0059788294483034705,-0.0090650318362206,0.006342676468012473,-0.0019307062103237598,-0.004592385849467809,0.007374545073689378,-0.007796323377410375,0.0031080157721965693,0.0016376208372997562,-0.006750176967504011,0.007116674979017719,-0.005322419470233469,-0.0003116119909630134,0.004312195725381551,-0.00740298119900432,0.005492698527192174,-0.0022808409620541027,-0.0032492009382666504,0.005721548990714078,-0.006646278800775589,0.0030042829955889516,0.000676827177760756,-0.0052244817923419685,0.005784830680032338,-0.004825637251399845
-0.0004397247391968387,-0.00033950946274076714,-0.00029647007638891533,-0.0004574427637751823,-0.0002603857250591822,-0.0003966621334835519,-0.00038551633596831873,-0.00026996537405838566,-0.0004521660377925735,-0.00029390197877834386,-0.00035206154955352213,-0.0004191877182919869,-0.0002632486764974285,-0.0004294935532034329,-0.00033404232662597,-0.0003144959343026857,-0.0004360037758015454,-0.0002747151091544981,-0.0003961866081779044,-0.0003723331716580793,-0.0002899809757828971,-0.00043525427580277313,-0.0002995875618171894,-0.0003600195146095821,-0.00040187294074735876,-0.0002812187183402299,-0.00041962048553638063,-0.0003312699753680138,-0.00032817749329423134,-0.0004183968506477893,-0.00028757099872395294,-0.0003941825679809202,-0.00036284542716889876,-0.0003059966153130795,-0.00042069397018873456,-0.000305662104652583,-0.0003651214224144974,-0.00038841758597982863,-0.0002962322290967593,-0.00041039218633456397,-0.0003304068014045793,-0.0003384022213212004,-0.0004040670360284664,-0.00029891639607011993,-0.00039124277011024975,-0.0003562097197593819,-0.0003186887698979294,-0.00040829913071415325,-0.000311745824051254,-0.0003681108767896534,-0.0003780867582506938,-0.00030865856072256925,-0.000401973077877273,-0.0003308509274919097,-0.00034590352480252213,-0.0003925098230002581,-0.0003087888019936739,-0.0003878005761242068,-0.00035174689329024646,-0.0003286448095534074,-0.0003978567668262398,-0.00031758535228514154,-0.0003695701378988684,-0.0003702623582180315,-0.0003188501996571367,-0.00039443939626682535,-0.0003321476303584363,-0.000351282008313488,-0.00038327506227459193,-0.0003172738010884618,-0.000384165337272033,-0.00034891513282431046,-0.0003363685797618445,-0.0003891446650104505,-0.00032302195688261573,-0.0003699500317756641,-0.00036442952033783986,-0.00032713389504150257,-0.0003878054963451054,-0.000333958921210594,-0.00035502510049711066,-0.00037596733651063506,-0.00032448548743038534,-0.0003805510684077787,-0.00034728640442368685,-0.000342287556823424,-0.0003819436105245071,-0.000327966476815465,-0.00036959528199288663,-0.00036016333085004835,-0.0003338058077536002,-0.00038204392054268807,-0.0003360384791436771,-0.00035752478416685484,-0.00037024395646491977,-0.00033055225230196666,-0.00037709947138531445,-0.00034652607934953724,-0.0003467607564252819,-0.0003760454054491471,-0.00033237976400372655,-0.0003687657495941355,-0.0003571162791397648,-0.0003391295374701225,-0.0003771004879135353,-0.00033821118167747996,-0.00035909333405425474,-0.00036581145673318086,-0.00033560672854212855,-0.0003738982471386766,-0.0003463755178581407,-0.0003500868185773681,-0.0003712577565933422,-0.0003362575968531577,-0.00036765407345982104,-0.0003550067139237031,-0.00034333614808049087,-0.0003729054450859932,-0.0003403565398178188,-0.0003599770798596051,-0.00036242123618175734,-0.00033977891752757063,-0.000370995515931494,-0.0003466373410726353,-0.00035251187739323414,-0.00036740687716869415,-0.0003396191935149894,-0.0003664001870635203
-0.0003701796328480714,-0.00026659984488264823,-0.00022211550407018874,-0.00038849250184260485,-0.00018481969856251309,-0.000325671293134255,-0.0003141512995348814,-0.00019472096359125963,-0.0003830386211793125,-0.0002194611881277076,-0.00027957334090606794,-0.00034895312581250526,-0.00018777876741324703,-0.00035960495687742427,-0.0002609491614781373,-0.00024074654123967272,-0.000366333746141562,-0.00019963016078698763,-0.00032517980309328543,-0.00030052553894970274,-0.00021540854592342061,-0.00036555908329874724,-0.00022533765234004324,-0.0002877984774550277,-0.00033105704200010164,-0.00020635211460770444,-0.000349400422282643,-0.00025808373451311124,-0.0002548874290313849,-0.0003481357064948965,-0.00021291765908865358,-0.0003231084815740678,-0.00029071926392645105,-0.0002319618759678087,-0.0003505099468641942,-0.0002316161348342042,-0.00029307167079780023,-0.0003171499527507771,-0.0002218696715687889,-0.00033986230286205105,-0.0002571915813477302,-0.00026545543022331704,-0.0003333247992925009,-0.00022464395365228302,-0.0003200699863378778,-0.00028386077696932897,-0.00024508014223631903,-0.00033769897741877877,-0.0002379041019749395,-0.00029616148964838924,-0.0003064722897882831,-0.00023471319044640854,-0.0003311605410179239,-0.0002576506180094288,-0.0002732085737712489,-0.00032137957779268517,-0.0002348478042869569,-0.0003165122281215795,-0.00027924812073819896,-0.0002553704344248737,-0.00032690603371181824,-0.00024393967975982247,-0.00029766974229832266,-0.00029838520241997095,-0.00024524699165111194,-0.00032337393231509574,-0.00025899085487469215,-0.00027876762825218494,-0.00031183477991653303,-0.0002436176689044555,-0.0003127549439746174,-0.000276321290029319,-0.0002633535135399052,-0.0003179014418898499,-0.0002495588066172438,-0.00029806239029171624,-0.00029235653960296243,-0.0002538087942207918,-0.00031651731352827034,-0.0002608629559060398,-0.00028263638667330867,-0.00030428171303982873,-0.0002510714720429122,-0.00030901933383763793,-0.0002746378805896034,-0.00026947120747531375,-0.00031045862754898023,-0.00025466932812999785,-0.00029769573055100327,-0.00028794712201522115,-0.00026070470199534955,-0.0003105623052594193,-0.0002630123305062783,-0.0002852199918246273,-0.0002983661828677339,-0.0002573419154449211,-0.00030545185689827487,-0.00027385202924288046,-0.0002740945850946985,-0.0003043624029743749,-0.0002592307819058703,-0.0002968383483931966,-0.00028479777212334913,-0.00026620716444142507,-0.00030545290755423576,-0.000265257976836076,-0.00028684120238748294,-0.000293784871528723,-0.0002625660848105739,-0.0003021431584600496,-0.00027369641297452196,-0.00027753231260148163,-0.00029941401914634094,-0.00026323880461970767,-0.000295689350133146,-0.0002826173828104016,-0.00027055500291958413,-0.00030111702522223267,-0.0002674753607434446,-0.0002877546180499507,-0.0002902808316428838,-0.0002668783460320774,-0.0002991429743205348,-0.00027396702633808104,-0.00028003878753059275,-0.00029543385476032253,-0.00026671325963067034,-0.0002943933672086416
-0.00029272940024420565,-0.00020902455113834816,-0.00017307588674715007,-0.00030752838724729223,-0.00014293641809576095,-0.00025676134187222957,-0.0002474518101105127,-0.00015093782369300933,-0.00030312099979333616,-0.00017093088220708648,-0.00021950868658935236,-0.00027557584544981277,-0.00014532769941144787,-0.0002841837981160971,-0.00020445812354653411,-0.00018813199166481864,-0.0002896214641036716,-0.0001549050418015894,-0.00025636415917351505,-0.0002364405669313351,-0.00016765586291178622,-0.0002889954439346849,-0.00017567976767819525,-0.00022615558003477606,-0.0002611136706903599,-0.00016033718393386974,-0.000275937314461035,-0.0002021425160670958,-0.0001995595191977313,-0.00027491527293870184,-0.00016564292862470748,-0.00025469028381017,-0.00022851592461225806,-0.00018103293213331712,-0.00027683394293944987,-0.00018075353197247,-0.0002304169505370031,-0.0002498750803245928,-0.0001728772247027572,-0.00026822937392034936,-0.00020142154967438164,-0.0002080997273068317,-0.000262946289637527,-0.00017511917622377668,-0.00025223481648155316,-0.00022297344738656576,-0.0001916340592460958,-0.0002664811483895497,-0.00018583496099483423,-0.0002329138934805369,-0.00024124625239749643,-0.00018325632308436676,-0.000261197310267536,-0.00020179250616363765,-0.00021436519399220788,-0.0002532931229066596,-0.00018336510715732143,-0.00024935972259982226,-0.00021924586982159894,-0.0001999498452871494,-0.00025775915984193145,-0.00019071242925069648,-0.00023413274189639126,-0.0002347109191904384,-0.00019176889351601442,-0.0002549047997370629,-0.0002028755777433017,-0.00021885757446177712,-0.00024557978537563546,-0.00019045220599103955,-0.0002463233879176709,-0.00021688064077781123,-0.0002064011273939142,-0.0002504823733711066,-0.00019525335538064895,-0.0002344500484065156,-0.00022983903905513396,-0.00019868785334636695,-0.00024936383221626444,-0.000204388459140512,-0.00022198399368147354,-0.00023947600455488275,-0.00019647576984673654,-0.0002433045684261833,-0.00021552024474010353,-0.00021134495531437817,-0.00024446768977730185,-0.0001993832676007832,-0.00023415374351081703,-0.0002262757026062333,-0.00020426057106529062,-0.0002445514737594707,-0.00020612541072265834,-0.00022407185545053252,-0.0002346955491189087,-0.0002015430375936756,-0.00024042162065458043,-0.00021488518292264705,-0.00021508119704253452,-0.0002395412116665038,-0.00020306946746190092,-0.00023346087624824633,-0.00022373065146586314,-0.0002087072184064992,-0.00024042246971017707,-0.00020794016136921873,-0.00022538198736138325,-0.0002309933019732892,-0.00020576479086277272,-0.0002377477968425363,-0.00021475942637769533,-0.00021785929176424212,-0.00023554232607521724,-0.00020630842887574936,-0.0002325323483194912,-0.0002219686362887977,-0.0002122207915745813,-0.00023691855853725377,-0.0002097320726003752,-0.0002261201363931549,-0.00022816161892328155,-0.00020924961335508642,-0.00023532328945918748,-0.0002149781143206587,-0.0002198848230947262,-0.00023232587752002813,-0.0002091162038107087,-0.00023148503921343642
-0.00023282221966216185,-0.00016509246151723308,-0.00013600460853311394,-0.00024479681636971215,-0.00011161726485851197,-0.00020371867404324806,-0.00019618586869924443,-0.00011809160023704845,-0.0002412305798912266,-0.00013426897863508315,-0.00017357569714862613,-0.00021894242500318417,-0.00011355216954919643,-0.000225907547794017,-0.0001613975377501672,-0.00014818725213825015,-0.00023030743389554462,-0.00012130167379757178,-0.00020339729375989953,-0.00018727612397875006,-0.00013161899757472496,-0.00022980088982919435,-0.00013811153815047517,-0.00017895402935139162,-0.00020724035984004546,-0.00012569709027294155,-0.0002192349075650487,-0.00015952386452554193,-0.00015743383324157267,-0.00021840792291767,-0.00012999023228953748,-0.0002020428779197761,-0.0001808639015879376,-0.00014244304985772295,-0.0002199604142786693,-0.0001422169732860312,-0.0001824021162491622,-0.000198146657199226,-0.00013584386118856894,-0.00021299802936512618,-0.00015894049474552598,-0.0001643441405405587,-0.00020872322301212373,-0.00013765793571248657,-0.000200056037132456,-0.00017637920749876752,-0.00015102094926357592,-0.00021158345310522388,-0.00014632861033444286,-0.00018442251702013016,-0.00019116464319622186,-0.00014424210610099712,-0.00020730803678342444,-0.000159240654097917,-0.00016941384137388762,-0.00020091236551702827,-0.00014433012870697452,-0.00019772965562249908,-0.0001733630390253929,-0.00015774966550118898,-0.0002045260582089504,-0.0001502752125786132,-0.00018540874791718063,-0.00018587657993299588,-0.00015113005038004394,-0.00020221645342946156,-0.00016011702120123165,-0.0001730488499301319,-0.00019467112034369564,-0.0001500646529918208,-0.0001952728061583887,-0.00017144921452413243,-0.00016296971883720667,-0.00019863804821901578,-0.00015394950184406206,-0.0001856654964021024,-0.0001819344993152057,-0.0001567285250315138,-0.00019773298091763637,-0.00016134116881310335,-0.0001755785912757247,-0.00018973224758811108,-0.000154938618209785,-0.0001928301291065123,-0.00017034845040354081,-0.00016697001598773027,-0.00019377126846278588,-0.0001572912193050867,-0.0001854257413683475,-0.0001790512265006542,-0.00016123768820837267,-0.0001938390622514293,-0.00016274662276021513,-0.00017726798411459802,-0.0001858641432433835,-0.00015903879666565612,-0.00019049739262348985,-0.00016983459028954657,-0.00016999319506662682,-0.00018978500990650244,-0.00016027390701953001,-0.00018486510799260237,-0.00017699189899400344,-0.00016483569181500925,-0.00019049807963661782,-0.00016421502780123546,-0.00017832807702925884,-0.00018286847087261744,-0.00016245482728894652,-0.0001883338687411055,-0.00016973283441201132,-0.00017224108973001726,-0.00018654931261010617,-0.00016289471185394625,-0.00018411378984655493,-0.00017556616484520386,-0.0001676786986830792,-0.00018766289076956326,-0.00016566495233487775,-0.00017892535013745812,-0.00018057721522651303,-0.00016527457055476286,-0.0001863720791859133,-0.00016990978570747796,-0.00017388004790978967,-0.00018394672404975813,-0.00016516662225461717,-0.00018326635993999878
-0.00018692863079569104,-0.00013183675864062022,-0.0001081764899233227,-0.00019666885383781758,-8.833964926831817e-05,-0.00016325559757644393,-0.00015712835955954642,-9.360592020642118e-05,-0.00019376805145008327,-0.00010676471608757056,-0.00013873708348551326,-0.00017563870604422803,-8.991351465291526e-05,-0.0001813041869915517,-0.00012883128108727736,-0.00011808593980750491,-0.00018488308597541556,-9.621701711638356e-05,-0.00016299418454370415,-0.0001498811091555887,-0.00010460920244350562,-0.00018447105939051967,-0.00010989028161989154,-0.00014311185756175055,-0.0001661201621194375,-9.979228047420047e-05,-0.0001758766134625795,-0.0001273072218173394,-0.00012560717534662637,-0.0001752039382055661,-0.0001032843530520438,-0.0001618924929630371,-0.0001446653613682039,-0.00011341356437993423,-0.00017646674583879298,-0.0001132296720713533,-0.00014591655623120498,-0.0001587232790206933,-0.00010804573687772653,-0.0001708034919005382,-0.00012683270464468096,-0.0001312280689788369,-0.00016732633368326898,-0.00010952131813607958,-0.00016027638238409042,-0.0001410174789575436,-0.00012039088941946996,-0.00016965286540195578,-0.00011657410720331468,-0.00014755996474209905,-0.0001530440586399659,-0.00011487692966085197,-0.00016617521103168227,-0.0001270768564196318,-0.00013535180008055685,-0.00016097292604787651,-0.00011494852788131047,-0.00015838408694053934,-0.00013856410583936793,-0.00012586407557698,-0.00016391232966076236,-0.00011978430183914225,-0.00014836217204334797,-0.00014874270996805445,-0.00012047963305188587,-0.00016203368053037466,-0.00012778969972129263,-0.00013830854217071288,-0.00015589625235827117,-0.00011961303115762335,-0.00015638566792520203,-0.0001370073872323847,-0.00013011010448520623,-0.00015912298000858818,-0.00012277299514053733,-0.00014857101310663731,-0.00014553619325562852,-0.00012503347257840833,-0.00015838679175950813,-0.00012878543018865767,-0.00014036625196643625,-0.00015187893775545506,-0.00012357754950274684,-0.00015439877685185518,-0.00013611201778377752,-0.000133363974943851,-0.00015516430636969256,-0.00012549117214549866,-0.0001483759946386857,-0.00014319091842166908,-0.00012870125832089235,-0.0001552194503247154,-0.00012992863653243995,-0.00014174041624589147,-0.00014873259387532175,-0.00012691266413316488,-0.0001525013122275294,-0.00013569404027313615,-0.00013582305053895445,-0.00015192185500452013,-0.00012791731177368092,-0.00014791997142070334,-0.0001415158466241431,-0.00013162790031902486,-0.00015250187104894636,-0.00013112304774853567,-0.0001426027034432268,-0.00014629589243434548,-0.0001296912879985184,-0.000150741486348959,-0.0001356112713108699,-0.00013765150421730035,-0.0001492899155636007,-0.00013004909326582936,-0.00014730884383980662,-0.00014035614421852236,-0.00013394042254266173,-0.00015019570804353563,-0.0001323024267870817,-0.00014308852968297457,-0.0001444321686209567,-0.0001319848874408502,-0.00014914575262230765,-0.0001357552047666289,-0.00013898464458248988,-0.00014717295131972823,-0.00013189708151751798,-0.00014661953826200616
-0.00015168097234744986,-0.00010656923486237197,-8.7195127767286e-05,-0.0001596567111948376,-7.095181794395999e-05,-0.00013229641309601937,-0.00012727915116400807,-7.526408076589296e-05,-0.0001572814019034195,-8.60391029640721e-05,-0.0001122195355471695,-0.00014243626706350707,-7.224057069984648e-05,-0.0001470754212476847,-0.00010410821277145327,-9.530943727084528e-05,-0.0001500059869578358,-7.740216599956895e-05,-0.00013208235618259768,-0.00012134477200928057,-8.427407008621208e-05,-0.00014966860079890514,-8.859845856900763e-05,-0.0001158018000802795,-0.00013464204918747124,-8.032975469330348e-05,-0.00014263107650785148,-0.00010286024353374763,-0.00010146816794983267,-0.00014208025932883677,-8.318922298232963e-05,-0.00013118024087170973,-0.00011707387984735531,-9.148348317861544e-05,-0.00014311430381154982,-9.133290376960792e-05,-0.00011809841526418608,-0.00012858514395798279,-8.708806121032268e-05,-0.00013847697320396458,-0.00010247168723156071,-0.00010607081200691049,-0.00013562971747357292,-8.829633444121516e-05,-0.00012985689582402124,-0.00011408682736122931,-9.71968351345196e-05,-0.00013753478775052201,-9.407147978467309e-05,-0.00011944411310352465,-0.00012393473929912246,-9.268175341005214e-05,-0.0001346871257474225,-0.00010267160983987389,-0.00010944751110321662,-0.00013042725754306334,-9.274038129832994e-05,-0.00012830739801328425,-0.00011207789356154719,-0.00010167852957484602,-0.0001328341752781142,-9.67001335592232e-05,-0.00012010099702790267,-0.00012041259883577286,-9.726950246805565e-05,-0.00013129585169096018,-0.00010325531844578229,-0.00011186862637420894,-0.00012627024559512577,-9.655988931408621e-05,-0.00012667100138201117,-0.00011080318136918072,-0.00010515537169273224,-0.00012891243735595783,-9.914741193917085e-05,-0.00012027200561509853,-0.00011778695671264239,-0.00010099839395846299,-0.00012830961284241403,-0.00010407066796455029,-0.00011355357300052543,-0.00012298068518143903,-9.980621774410534e-05,-0.0001250440443553925,-0.0001100700120297175,-0.00010781978922291999,-0.00012567089483795648,-0.00010137317923821342,-0.00012011231559936965,-0.00011586653871809435,-0.00010400174420041372,-0.00012571604922326902,-0.0001050067774568329,-0.00011467880138379156,-0.00012040431531768064,-0.00010253716170742849,-0.00012349031378368737,-0.00010972775298138372,-0.00010983339247078234,-0.00012301582778229228,-0.00010335981301425635,-0.00011973890299072179,-0.0001144949135356001,-0.00010639821214328805,-0.0001234907713721496,-0.0001059848158338566,-0.00011538488146713747,-0.00011840903304763139,-0.00010481242565254862,-0.00012204928809427071,-0.00010965997798025185,-0.00011133061373255013,-0.00012086067573370738,-0.00010510541292377942,-0.00011923848385590452,-0.00011354529631555141,-0.00010829181080676191,-0.00012160237992658298,-0.00010695054517833296,-0.00011578269814922761,-0.00011688293099073215,-0.00010669052947968221,-0.00012074262854256487,-0.000109777837258173,-0.0001124222498638457,-0.00011912720886284008,-0.00010661862998510979,-0.0001186740490117735
-0.0001244802203776084,-8.72608338767569e-05,-7.127624936991057e-05,-0.0001310605944296824,-5.7874725507801997e-05,-0.00010848701233133662,-0.00010434752621455145,-6.1432552929454e-05,-0.00012910084826371846,-7.032247245166127e-05,-9.192260787965512e-05,-0.00011685288704416396,-5.893800946890512e-05,-0.00012068041580372601,-8.523037046533686e-05,-7.797095098055913e-05,-0.000123098275631633,-6.319657766271268e-05,-0.00010831040492408578,-9.945137360071209e-05,-6.886623413032612e-05,-0.00012281991557393338,-7.24340658143582e-05,-9.487815106285033e-05,-0.00011042227665820881,-6.561198130669051e-05,-0.00011701361434945717,-8.420073489843581e-05,-8.305220455833822e-05,-0.00011655916327707631,-6.797118229005758e-05,-0.00010756611573692287,-9.592767899394296e-05,-7.481435201027296e-05,-0.00011741230047388458,-7.469011664414957e-05,-9.677297074701385e-05,-0.0001054250340490114,-7.118791423171618e-05,-0.00011358627625406738,-8.388015697360594e-05,-8.68496106800353e-05,-0.00011123715122798596,-7.21847986544032e-05,-0.00010647429144573485,-9.346321481726993e-05,-7.952814639100442e-05,-0.00011280892724243248,-7.694957559760683e-05,-9.788323718293357e-05,-0.00010158822309840821,-7.580298346990271e-05,-0.00011045946702152634,-8.404510288887971e-05,-8.963555233887889e-05,-0.00010694486771811494,-7.585135434088197e-05,-0.00010519588008064121,-9.180574632429232e-05,-8.32257631721892e-05,-0.00010893069239370508,-7.911834333447941e-05,-9.842519850011201e-05,-9.868228520898288e-05,-7.958810048995171e-05,-0.0001076615003087715,-8.452669099473274e-05,-9.163309067497123e-05,-0.00010351512984933689,-7.900263498327702e-05,-0.00010384577294481675,-9.075404651377783e-05,-8.609432771441839e-05,-0.00010569506708603287,-8.113746751316083e-05,-9.856628893591961e-05,-9.651600223160842e-05,-8.266461807358756e-05,-0.00010519770742283663,-8.519939416610466e-05,-9.302325392769284e-05,-0.00010080108185915681,-8.168101447565529e-05,-0.00010250345394382448,-9.01491460036815e-05,-8.82926022962499e-05,-0.00010302063620479394,-8.297383423238605e-05,-9.843453687432574e-05,-9.493156360062205e-05,-8.51425286947328e-05,-0.00010305789077783519,-8.597173021305713e-05,-9.395162229551205e-05,-9.867545090202312e-05,-8.393417661370669e-05,-0.00010122155034422111,-8.986676557425198e-05,-8.995392331201326e-05,-0.00010083007622108391,-8.461290411681793e-05,-9.812645323622262e-05,-9.379990584041184e-05,-8.711973178145152e-05,-0.00010122192787704926,-8.677865963755893e-05,-9.453417284638139e-05,-9.702924558767839e-05,-8.581138048316283e-05,-0.00010003263377655852,-8.981084788845995e-05,-9.118920397123106e-05,-9.905197053205083e-05,-8.605310929024716e-05,-9.771358301154225e-05,-9.30164252583893e-05,-8.868204315455353e-05,-9.966391271302026e-05,-8.757543350908559e-05,-9.48623910368711e-05,-9.577013686205535e-05,-8.736090785957868e-05,-9.895457583440863e-05,-8.99080875485176e-05,-9.20898570906642e-05,-9.762177570804137e-05,-8.730158726527456e-05,-9.72478967004085e-05
-0.00010337308210333355,-7.241347688622701e-05,-5.911727637308535e-05,-0.000108846729091804,-4.796970175981164e-05,-9.006970840972638e-05,-8.662642607689075e-05,-5.092915227096991e-05,-0.00010721658487589667,-5.832391141921886e-05,-7.629120557307137e-05,-9.702855977066925e-05,-4.8854156200474725e-05,-0.00010021235161931919,-7.072450907844475e-05,-6.468602262061591e-05,-0.00010222356117379664,-5.239649266718119e-05,-8.99228039032059e-05,-8.25537379898987e-05,-5.711259205667304e-05,-0.00010199201739232149,-6.0080364252923255e-05,-7.874966764771468e-05,-9.167948829014814e-05,-5.440565913358179e-05,-9.716225498671943e-05,-6.986804384175906e-05,-6.891268027313933e-05,-9.678423624127127e-05,-5.6368075442383196e-05,-8.930369376818531e-05,-7.962267963060188e-05,-6.206031953583913e-05,-9.749388767006656e-05,-6.195697882416205e-05,-8.032580510978604e-05,-8.752271213395557e-05,-5.904379797211186e-05,-9.431134731857746e-05,-6.960138264910815e-05,-7.207141569114724e-05,-9.235731233169119e-05,-5.987302034988445e-05,-8.839549908257828e-05,-7.757270392829544e-05,-6.598131949909008e-05,-9.36647375600965e-05,-6.383642832023833e-05,-8.124934022880504e-05,-8.433119922923244e-05,-6.288267698374196e-05,-9.171042375347624e-05,-6.973858696382551e-05,-7.438880085045704e-05,-8.878693099446892e-05,-6.292291254940586e-05,-8.73320986644264e-05,-7.619399850011205e-05,-6.905704875075333e-05,-9.04387676786994e-05,-6.564043959644882e-05,-8.170015121738498e-05,-8.191399953036093e-05,-6.603119015546194e-05,-8.938303598647173e-05,-7.01391786725073e-05,-7.605038112099802e-05,-8.59340271613254e-05,-6.554419177480709e-05,-8.620906070341735e-05,-7.531917991760562e-05,-7.14431607777523e-05,-8.774732938339813e-05,-6.731997527216074e-05,-8.181751221129639e-05,-8.011205511178443e-05,-6.859028042500932e-05,-8.733361867317146e-05,-7.069874256036166e-05,-7.720673831916423e-05,-8.367644415913555e-05,-6.777210522264772e-05,-8.509250102167217e-05,-7.481601522982171e-05,-7.327171625947005e-05,-8.552270044541975e-05,-6.884749074208244e-05,-8.170791900740537e-05,-7.87940969421905e-05,-7.065144106751956e-05,-8.555368931929233e-05,-7.134118246484643e-05,-7.797896808611848e-05,-8.190831465843532e-05,-6.96463169397755e-05,-8.402619571410889e-05,-7.458112724702343e-05,-7.465362626988195e-05,-8.370056207410346e-05,-7.021089195086106e-05,-8.145165073685491e-05,-7.78527682210365e-05,-7.22961061937826e-05,-8.40265097511851e-05,-7.201239762364739e-05,-7.84635417658461e-05,-8.053897809945552e-05,-7.120780132128344e-05,-8.303723831767064e-05,-7.453461413545626e-05,-7.568114996484761e-05,-8.222150894233042e-05,-7.140887471718054e-05,-8.110821952092903e-05,-7.720105813671977e-05,-7.359565860140565e-05,-8.27305309902375e-05,-7.267516525172763e-05,-7.873655823811929e-05,-7.949163388625062e-05,-7.249671982201789e-05,-8.214049467335067e-05,-7.461549944200912e-05,-7.643032580133185e-05,-8.10318529243875e-05,-7.244737612365098e-05,-8.072085514705947e-05
-8.689568963668233e-05,-6.092210616870961e-05,-4.976724901167565e-05,-9.148780978589855e-05,-4.041498312673039e-05,-7.573481453464406e-05,-7.284607030006689e-05,-4.289781630021127e-05,-9.012019910224208e-05,-4.910165490266455e-05,-6.417532949011853e-05,-8.157294797973059e-05,-4.1156996827392464e-05,-8.424399248258064e-05,-5.950514538957434e-05,-5.443915275391959e-05,-8.593129821107685e-05,-4.4128842600115875e-05,-7.561156889132355e-05,-6.94292856471393e-05,-4.808541763643251e-05,-8.573704438605354e-05,-5.057523229371507e-05,-6.623785804792166e-05,-7.708534054413255e-05,-4.581443427837389e-05,-8.168511167913815e-05,-5.8786613252085034e-05,-5.798511028659845e-05,-8.136797257582907e-05,-4.746080487767986e-05,-7.509216599018645e-05,-6.697027209025358e-05,-5.2236317228197825e-05,-8.196333516168e-05,-5.214961946246206e-05,-6.756015972589943e-05,-7.359801014397324e-05,-4.970560425337221e-05,-7.929334060328947e-05,-5.8562897649240054e-05,-6.063513367861307e-05,-7.765400152014168e-05,-5.0401280974427e-05,-7.433023539364415e-05,-6.525044347364859e-05,-5.552584301863471e-05,-7.875086687291288e-05,-5.3726384993477406e-05,-6.833496019028617e-05,-7.09204880554766e-05,-5.2926234611311316e-05,-7.711129387374506e-05,-5.867800530954408e-05,-6.257930565498944e-05,-7.465862748276233e-05,-5.295999026858873e-05,-7.343809483412942e-05,-6.409377754507657e-05,-5.810622832661077e-05,-7.604443707860347e-05,-5.523986157469449e-05,-6.87131683992749e-05,-6.889257659804281e-05,-5.556768204231714e-05,-7.515873020231849e-05,-5.901408201688773e-05,-6.39732896397008e-05,-7.226518172282388e-05,-5.5159114394247863e-05,-7.24959213143633e-05,-6.335984785467116e-05,-6.010805875896226e-05,-7.378645294987565e-05,-5.6648909259722396e-05,-6.881162849105792e-05,-6.738083400855125e-05,-5.7714632697923014e-05,-7.343937004657915e-05,-5.9483528550360244e-05,-6.494341635787891e-05,-7.037118080995516e-05,-5.7028224012768896e-05,-7.155918275172955e-05,-6.293771747139772e-05,-6.164212671936287e-05,-7.192009887330875e-05,-5.7930419481781324e-05,-6.871968519240072e-05,-6.627513203705681e-05,-5.944384492830246e-05,-7.194609701173666e-05,-6.0022503978673256e-05,-6.559127908635311e-05,-6.88878072705779e-05,-5.8600595305299875e-05,-7.06646051331159e-05,-6.274065802622547e-05,-6.280148113454216e-05,-7.039141455237855e-05,-5.907424592427677e-05,-6.850468873916242e-05,-6.548540361712902e-05,-6.082363794033523e-05,-7.066486859475096e-05,-6.058562042766635e-05,-6.599781252980394e-05,-6.773900136168484e-05,-5.9910603770608814e-05,-6.983491860118089e-05,-6.27016358172156e-05,-6.366352289086805e-05,-6.915056184439741e-05,-6.007929444333859e-05,-6.82165668690738e-05,-6.493865096465765e-05,-6.191389838434603e-05,-6.957760626423543e-05,-6.114164981457535e-05,-6.622685989914187e-05,-6.686033116706799e-05,-6.099194289064845e-05,-6.908259486411176e-05,-6.276949460437876e-05,-6.429204450749253e-05,-6.81524990569836e-05,-6.095054595877015e-05,-6.789158724395698e-05
-7.394968676197451e-05,-5.196939225163022e-05,-4.2529530176581496e-05,-7.783579486989578e-05,-3.461512134101903e-05,-6.450473196632738e-05,-6.206011553057989e-05,-3.6716233204942443e-05,-7.667844645706206e-05,-4.196626733075762e-05,-5.4722451212503344e-05,-6.944528599776957e-05,-3.5243054706138777e-05,-7.170567278249162e-05,-5.0770281036444825e-05,-4.6483155609326465e-05,-7.313356496714409e-05,-3.775799629686418e-05,-6.440043463128149e-05,-5.916864185147131e-05,-4.1106270694879065e-05,-7.296917654961835e-05,-4.321329067965416e-05,-5.64678778761907e-05,-6.564762237530929e-05,-3.918443795663675e-05,-6.954020517399291e-05,-5.016221907931685e-05,-4.948394258142688e-05,-6.927182438240611e-05,-4.057768855259474e-05,-6.396088693657859e-05,-5.7087687475194174e-05,-4.461899336644929e-05,-6.977565339751216e-05,-4.454562488317432e-05,-5.7586883282176066e-05,-6.269644895155369e-05,-4.247736294504799e-05,-6.751615513433235e-05,-4.997289846273134e-05,-5.172654013010965e-05,-6.612885499939572e-05,-4.306608337446544e-05,-6.331609878368113e-05,-5.56322726092821e-05,-4.740277350068964e-05,-6.705708361759282e-05,-4.587997178945363e-05,-5.824256263481417e-05,-6.043058047269409e-05,-4.5202839922983925e-05,-6.566958552987786e-05,-5.007030898280836e-05,-5.3371806855519485e-05,-6.35940024792796e-05,-4.5231405842248115e-05,-6.256111970014663e-05,-5.4653437409609184e-05,-4.958643941992701e-05,-6.476675182630017e-05,-4.716076005768319e-05,-5.856262350858821e-05,-5.8714448729445834e-05,-4.743818001530087e-05,-6.401721728423029e-05,-5.0354715830811794e-05,-5.455147382617222e-05,-6.156853522856881e-05,-4.709242729145995e-05,-6.176379993601616e-05,-5.403234518469966e-05,-5.128049994558038e-05,-6.285591976070093e-05,-4.835317477143348e-05,-5.864594592798308e-05,-5.743512786169464e-05,-4.9255049365176425e-05,-6.256219885602217e-05,-5.0751987661836175e-05,-5.537244914535381e-05,-5.996572605443044e-05,-4.867417206448553e-05,-6.097107953564185e-05,-5.367511491812686e-05,-5.25787137869653e-05,-6.127650688091458e-05,-4.943766017305722e-05,-5.8568138382280745e-05,-5.649942120404056e-05,-5.071840516825599e-05,-6.12985079552011e-05,-5.120809872031861e-05,-5.592070670833881e-05,-5.871041265862703e-05,-5.000480032115477e-05,-6.0214038076817486e-05,-5.350835222840127e-05,-5.355982413390418e-05,-5.9982848975419014e-05,-5.04056298837354e-05,-5.838619639623618e-05,-5.583110898310247e-05,-5.1886062946598066e-05,-6.021426103274261e-05,-5.1684639256504145e-05,-5.626473797481276e-05,-5.7738229045848696e-05,-5.111340252516101e-05,-5.95119110735996e-05,-5.347532945941991e-05,-5.428933193199533e-05,-5.893277022910298e-05,-5.1256157977920186e-05,-5.8142371605281634e-05,-5.536841640391133e-05,-5.2808702122739696e-05,-5.929415902740311e-05,-5.2155182325608805e-05,-5.645857062948188e-05,-5.699464933614269e-05,-5.2028491979542064e-05,-5.887525278082714e-05,-5.353275534864309e-05,-5.482122196775258e-05,-5.808815385053429e-05,-5.199345958766469e-05,-5.786735572698602e-05
-6.37090718247907e-05,-4.494860319236486e-05,-3.6891557538584687e-05,-6.702591588375281e-05,-3.0136506161366456e-05,-5.5647679467421297e-05,-5.356116738999806e-05,-3.192983259736131e-05,-6.603810388762433e-05,-3.641080533820281e-05,-4.7298374996121754e-05,-5.986450690301622e-05,-3.067245549516808e-05,-6.179377656553011e-05,-4.3925146098617156e-05,-4.0266028516690396e-05,-6.301250120673326e-05,-3.281899101146805e-05,-5.5558660328862755e-05,-5.10932568152388e-05,-3.5676786969895746e-05,-6.287219354392763e-05,-3.747515606425274e-05,-4.8788119465145846e-05,-5.662315136830575e-05,-3.4036477610728796e-05,-5.994552166045341e-05,-4.3406157271242617e-05,-4.28272394156703e-05,-5.971645514727544e-05,-3.522563520323864e-05,-5.518350062683746e-05,-4.931713505839501e-05,-3.8674941679032646e-05,-6.014647979637897e-05,-3.861232071968012e-05,-4.9743205203811627e-05,-5.410428628125427e-05,-3.684703212467978e-05,-5.821796849861376e-05,-4.3244569650692185e-05,-4.474132573273116e-05,-5.703388970235421e-05,-3.734951270537247e-05,-5.463316551138668e-05,-4.807491944903365e-05,-4.1050934405763764e-05,-5.782614495931682e-05,-3.9751203243217116e-05,-5.030283610058179e-05,-5.217033792115187e-05,-3.917326234552157e-05,-5.664189720777387e-05,-4.332771080266872e-05,-4.6145582385411556e-05,-5.487035994759665e-05,-3.9197643730951144e-05,-5.398878099651492e-05,-4.723947081338703e-05,-4.291472180689574e-05,-5.587131684233359e-05,-4.084437276920284e-05,-5.057601223933094e-05,-5.070559704958769e-05,-4.1081154328724085e-05,-5.523157931475841e-05,-4.35704557644482e-05,-4.7152443562327275e-05,-5.314159717760362e-05,-4.0786049860167446e-05,-5.330825815738994e-05,-4.670936048216398e-05,-4.436062460578654e-05,-5.424039670103896e-05,-4.1862114311456866e-05,-5.0647129013253116e-05,-4.96136799690882e-05,-4.2631876064118255e-05,-5.398970207015855e-05,-4.390953246430643e-05,-4.785315672685078e-05,-5.177357859982541e-05,-4.2136089696298164e-05,-5.263166093534147e-05,-4.6404459780881836e-05,-4.5468667086201036e-05,-5.2892347166264236e-05,-4.278773677524645e-05,-5.058071925610324e-05,-4.881504210771605e-05,-4.388086936713486e-05,-5.2911125370707206e-05,-4.42988292137897e-05,-4.83211017222206e-05,-5.0702152210395075e-05,-4.3271798303792686e-05,-5.1985516156205936e-05,-4.6262125645723465e-05,-4.630605758977381e-05,-5.178819323667437e-05,-4.361391157403135e-05,-5.0425429393153323e-05,-4.824462889274865e-05,-4.487748054146126e-05,-5.1985706452001916e-05,-4.470556278949228e-05,-4.861473690441622e-05,-4.9872380791094796e-05,-4.421800477360633e-05,-5.138624158262597e-05,-4.6233940280812226e-05,-4.692870202962689e-05,-5.089193730286202e-05,-4.4339848418255216e-05,-5.021732174744558e-05,-4.784971472932437e-05,-4.5664965136579246e-05,-5.120038736532269e-05,-4.510717744865843e-05,-4.878017560844035e-05,-4.92377257907679e-05,-4.49990455825318e-05,-5.0842845409043754e-05,-4.6282954027782435e-05,-4.7382677126595125e-05,-5.017104618517868e-05,-4.496914497821438e-05,-4.998259210104545e-05
-5.555079981702401e-05,-3.9407428723141715e-05,-3.247434616226613e-05,-5.8404941979113505e-05,-2.666162883215678e-05,-4.861397692052832e-05,-4.681853463080363e-05,-2.820478506753441e-05,-5.755493039694395e-05,-3.206065920555809e-05,-4.142940583667843e-05,-5.2242554194659584e-05,-2.7122812886382615e-05,-5.390268948831101e-05,-3.852674455758315e-05,-3.537807625091331e-05,-5.4951401251843176e-05,-2.8969905306341407e-05,-4.853737600951885e-05,-4.469489918142076e-05,-3.142903687556864e-05,-5.4830666598974656e-05,-3.29765323151972e-05,-4.27113299863208e-05,-4.9453369858741726e-05,-3.001755173558488e-05,-5.231226734090417e-05,-3.80801550081406e-05,-3.758199656879196e-05,-5.211515575484165e-05,-3.104082107288777e-05,-4.8214551329180276e-05,-4.3166547561297085e-05,-3.4008947058772256e-05,-5.248519168656652e-05,-3.395506176385295e-05,-4.3533180645163465e-05,-4.728588808457038e-05,-3.243603207247132e-05,-5.0825708965289594e-05,-3.794110896543066e-05,-3.9229066603525985e-05,-4.980680992886698e-05,-3.286841628634811e-05,-4.7740988319173124e-05,-4.209762183489636e-05,-3.605348725952662e-05,-5.048854506378364e-05,-3.4935069436903144e-05,-4.401474266896855e-05,-4.5621726774677714e-05,-3.4437751669174e-05,-4.9469500641449206e-05,-3.801265187279759e-05,-4.043742854263503e-05,-4.794509397773452e-05,-3.445873183552722e-05,-4.718649586194599e-05,-4.137871882562878e-05,-3.765727510971773e-05,-4.8806416736633476e-05,-3.587574110520086e-05,-4.4249810559234305e-05,-4.436131820443724e-05,-3.607949148363932e-05,-4.8255923008961964e-05,-3.822153375501259e-05,-4.1303831932520493e-05,-4.645749473508827e-05,-3.5825554279792586e-05,-4.6600906400131133e-05,-4.09225592293358e-05,-3.89014735306374e-05,-4.7403011012540875e-05,-3.675150704240508e-05,-4.431100649708212e-05,-4.342172426466834e-05,-3.741388653145537e-05,-4.7187288445219106e-05,-3.851330903538268e-05,-4.1906795156249345e-05,-4.528031563593572e-05,-3.6987262683414907e-05,-4.601869492926522e-05,-4.0660192373580655e-05,-3.9854943366577416e-05,-4.624301526194486e-05,-3.7548004572320834e-05,-4.425386094411484e-05,-4.273449690279577e-05,-3.848864445885175e-05,-4.625917389469222e-05,-3.884829863589236e-05,-4.230946152134873e-05,-4.435835392254562e-05,-3.796453920376853e-05,-4.546268776578049e-05,-4.053771394256657e-05,-4.057551735193635e-05,-4.52928915214681e-05,-3.8258927450982074e-05,-4.412023411773665e-05,-4.2243656701173226e-05,-3.934622772815522e-05,-4.546285151518954e-05,-3.919829261405768e-05,-4.2562134405234504e-05,-4.364433615426296e-05,-3.8778749257521275e-05,-4.4947012383785595e-05,-4.05134604543359e-05,-4.111130248870621e-05,-4.452166387155646e-05,-3.888359563473801e-05,-4.394115762354249e-05,-4.1903833319609655e-05,-4.0023857711647874e-05,-4.478708495030431e-05,-3.9543881767862506e-05,-4.2704494302776516e-05,-4.309821593799306e-05,-3.945083436717344e-05,-4.44794203287571e-05,-4.0555636751823165e-05,-4.150194776528912e-05,-4.390133753221699e-05,-3.942510491654589e-05,-4.373917291501429e-05
-0.0615267100048458,0.011357362607489077,0.04265883550652078,-0.07441258764328336,0.06890208479434866,-0.030208350243005486,-0.02210228952901115,0.061935044858429524,-0.0705749563631817,0.04452654888659118,0.002228542740408359,-0.04659064660410898,0.06681993157490218,-0.05408582345317763,0.015333474430590787,0.029549078356244794,-0.05882054607574396,0.05848068091436402,-0.0298625125410957,-0.01251450272817344,0.04737819663072119,-0.05827545340858543,0.04039156606061133,-0.0035590868855652777,-0.03399804048200466,0.053750768061777095,-0.046905387433851226,0.017349736397201696,0.019598821526620125,-0.046015468279557735,0.04913091287488724,-0.028405024058298797,-0.0056143026515929695,0.03573042120436228,-0.04768610606395634,0.03597370246976814,-0.0072695772625277185,-0.02421229634616657,0.04283181591355233,-0.040193875447867886,0.017977501305435142,0.01216263169297084,-0.03559375129019391,0.04087968817905665,-0.026266982344015345,-0.0007883180535118978,0.02649973353794982,-0.03867164826640079,0.03154916499318717,-0.009443732914791345,-0.016698942843760868,0.033794454659377846,-0.03407086772058505,0.017654499472354247,0.006707120647611754,-0.027188478328507393,0.03369973342928198,-0.023763560457687728,0.002457384397603823,0.01925895405959131,-0.031077177295852475,0.027302221664073083,-0.010505017146153059,-0.011008451730078344,0.026382329697857476,-0.028591808868966045,0.01671143979899219,0.002795483653532173,-0.020472267037287575,0.02752880508372983,-0.02111974185203684,0.004516853200351618,0.013641648508780623,-0.024741082802051628,0.023348314652495376,-0.01078130449355658,-0.006766374128444225,0.020357804523222726,-0.023767138811706404,0.015394133110240142,7.322600825787532e-05,-0.015157540240672538,0.022283925364892432,-0.018491174195904223,0.005701386768633075,0.009336924027618298,-0.019503935367060205,0.019752288551854957,-0.010523303818993815,-0.003663680852509722,0.015505488711023793,-0.019576888342967495,0.0138817224603247,-0.0017447316179265747,-0.010995068593720103,0.017871718493257267,-0.01598091371556644,0.006254352243288938,0.006083677455632929,-0.015214317833715223,0.016542614784908483,-0.009920005582208877,-0.0014476360940721585,0.011633672786856354,-0.015981653011203648,0.01230157006401708,-0.0028854988535430286,-0.0077714220227921346,0.014195723911066403,-0.013652743114324921,0.006363851863103638,0.003664715357453697,-0.011732380157259206,0.013722363611921655,-0.009111511239230216,8.659810479562793e-05,0.008574309743415576,-0.012930702927875178,0.010741304563492737,-0.003528225149630526,-0.005305799119979533,0.011161394857445113,-0.01154165906047682,0.006173434365376269,0.0019010305274044781,-0.008931731538279272,0.011277558150533508,-0.008199590917425172
-0.0566686245372187,0.010461611785508253,0.039291988542004316,-0.06853722600375718,0.06346346337078561,-0.02782269405203458,-0.020356566654473125,0.057046436706321015,-0.06500255669235658,0.04101225520786604,0.0020534670007858365,-0.042911689312759155,0.061545685828015395,-0.04981515909874169,0.014123829287405002,0.027217181741449024,-0.05417609883746929,0.053864777674405444,-0.027504158522578134,-0.011525688100586854,0.04363877949652415,-0.05367403853468175,0.03720370878133901,-0.003277257952065826,-0.03131320702991242,0.04950826799815654,-0.043201582913976945,0.015980917365167133,0.018052448370999508,-0.042381918466113305,0.04525312748038853,-0.026161731531591757,-0.005170224619851673,0.03291053820895932,-0.043920667677794616,0.033134613624262364,-0.006694823504467976,-0.02229999889146692,0.03945131300326203,-0.037019911534301245,0.016559123345354,0.011203308867932653,-0.03278294437878753,0.037653296077865016,-0.02419247761364583,-0.0007252275862447136,0.024408567582764103,-0.035617856644033344,0.02905937145164845,-0.00869734034398593,-0.015379787408837407,0.031127406627263036,-0.03138028491896834,0.016261620906066254,0.006178483379870915,-0.025041226057471486,0.031040163168806267,-0.021886688477265735,0.0022642427433781356,0.017739411755971077,-0.028622931515319885,0.02514770324878779,-0.009674841445438348,-0.010138532364189486,0.024300432193945818,-0.02633377060723839,0.015393011119728465,0.0025756507388084993,-0.01885522635941605,0.0253563990305023,-0.01945158624668964,0.004161126691714815,0.012565564636743718,-0.0227870402775408,0.02150593759860131,-0.009929317276156934,-0.0062313457637407825,0.01875151342184906,-0.021889984337970424,0.014179699264945148,6.830184201145163e-05,-0.013960070901444072,0.020525576569707975,-0.017030530978757268,0.005252147205811054,0.008600676817402121,-0.01796333967510716,0.018193799935237103,-0.009691684476094526,-0.0033735947437302876,0.014282263892970623,-0.018030533375151217,0.01278668593971763,-0.001606137040123845,-0.010126205760114457,0.016461691561894892,-0.014718443121469254,0.005761458796964849,0.005604257937860548,-0.014012366184928904,0.015237514003741168,-0.009136013644912082,-0.0013324957353513674,0.010716108645720219,-0.014719124053380153,0.011331278743219923,-0.0026568463565952213,-0.0071570501082564575,0.013075898532242303,-0.012574070049834423,0.005862313964519872,0.0033762609079716166,-0.010805310230128424,0.012639907682548678,-0.008391345923084475,8.061827780510301e-05,0.007898267151110343,-0.01190903135737977,0.009894188470650952,-0.003248832597219796,-0.004886075912990019,0.01028111471803431,-0.010629645618645605,0.005686928984451439,0.0017518102537147494,-0.008225758938462224,0.010388107494885947,-0.007551417190837572
-0.05217924907547726,0.00963331238775953,0.03617991095329839,-0.06310768755297898,0.058436659258611516,-0.025618328859022568,-0.01874362553702812,0.05252795288669368,-0.05985301460630861,0.03776390789478888,0.0018912129290467056,-0.03951205988192773,0.05667079712659982,-0.04586867612269579,0.013005429883956934,0.025061601553524243,-0.04988416706096186,0.049598326756377764,-0.025325025899412913,-0.010612278869897827,0.04018237389343157,-0.04942187711496627,0.03425705281768867,-0.0030172423638508586,-0.028832343285339356,0.04558691495628027,-0.039778989763671745,0.01471541002461158,0.01662284614632331,-0.03902425446348261,0.04166884242746067,-0.02408893832642517,-0.004760258997039113,0.03030396275851456,-0.04044111272935106,0.030510288196045173,-0.006164087844133796,-0.020533110144549827,0.036326614638456656,-0.034086995171774645,0.015247813821268736,0.010316256452995012,-0.030185656414990915,0.034671026370023623,-0.022275677484402144,-0.0006673693038932442,0.0224754698069352,-0.03279600308196764,0.02675786349041382,-0.0080079767085912,-0.014161078388960482,0.028662080701660774,-0.028894107646188022,0.014973877830256726,0.005689469012091838,-0.02305719291209383,0.02858174817292963,-0.020152539826602693,0.00208529221816631,0.016334606508469733,-0.026355176069670052,0.023156055356584035,-0.0089080457419167,-0.009335005707876865,0.022375900287537893,-0.02424734944665961,0.01417407436245042,0.0023720322463876313,-0.017361212866539254,0.02334821944747641,-0.017910332521192222,0.0038319158272581318,0.01157060208099893,-0.020981570886846365,0.01980276963292502,-0.009142363447154328,-0.005737324169449058,0.017266535246637252,-0.0201555746079999,0.013056874160185129,6.330124404232817e-05,-0.012853823734712933,0.018900067219316575,-0.015681059458074787,0.004836511912113482,0.007919790085497,-0.01653997636400334,0.016753000644966164,-0.008923554563644315,-0.0031059479037405576,0.013151314202721254,-0.016601847361953474,0.01177420741414862,-0.001478498129653324,-0.00932365554714813,0.015158100028595843,-0.013552122028151948,0.005305478740723835,0.005160730438055215,-0.012901976483782723,0.014030894842075828,-0.008411900809877266,-0.0012265331300246442,0.009867649456653884,-0.013552749020516348,0.01043408928384651,-0.0024459762402941256,-0.006589699489819984,0.012040510232828273,-0.011577613974086553,0.00539834473650865,0.0031092226392767084,-0.009948965230118605,0.011639056094270857,-0.007726221422367437,7.464204196300143e-05,0.007273021311120838,-0.010965255857914287,0.009110837115116755,-0.002991068703667575,-0.0044986189318507955,0.009467113269622508,-0.009787215768341108,0.005236852755338038,0.0016134517108455566,-0.0075737512952660105,0.00956563068826334,-0.006952827058951895
-0.04798632657063112,0.008859260654264055,0.033272696185149345,-0.05803660580188747,0.05374099416831408,-0.023559720211081426,-0.017237436550855835,0.04830708436907502,-0.05504346346158025,0.03472941038967262,0.001739280836798848,-0.03633701466459669,0.052117028626745145,-0.042182842347772025,0.011960410238183063,0.02304780318902051,-0.04587566683163912,0.04561286957219668,-0.023289985733507202,-0.009759487647263969,0.03695353954112435,-0.04545052438767303,0.031504350119537554,-0.0027747534773729936,-0.026515471163449336,0.04192379644564392,-0.03658249528401149,0.013532984209191124,0.015287147503284169,-0.03588840705464526,0.038320562274173034,-0.022153224494617683,-0.004377709279734876,0.0278689122660149,-0.037191413081755824,0.02805865833668755,-0.005668732872468648,-0.01888312637403172,0.03340761143430688,-0.03134788329903884,0.0140226064760137,0.0094873264633983,-0.027760038250350554,0.031885058653870875,-0.020485668986211653,-0.0006137054503194807,0.020669481140948902,-0.030160629418750754,0.024607761288266663,-0.007364455275751782,-0.013023121896178307,0.02635896432879209,-0.026572272423240215,0.01377068272617245,0.005232326463125891,-0.021204385414730336,0.026285086954017725,-0.018533136943211303,0.0019177648034397674,0.015022069482127847,-0.02423735775582537,0.021295377954003245,-0.008192198885321534,-0.00858485030457977,0.02057791257194199,-0.02229890642300752,0.013035147800654153,0.00218146371672325,-0.015966108228896336,0.021472100618971795,-0.016471103143951664,0.003524037741647353,0.010640878623654128,-0.019295550865748027,0.018211546907661226,-0.008407687893317825,-0.005276261971418277,0.015879112696627156,-0.018535927863479608,0.012007720688070997,5.82517600290477e-05,-0.011820912236619444,0.01738138152418295,-0.014420964250533993,0.004447909087787853,0.007283429153526127,-0.01521086252912156,0.015406843382732802,-0.008206461489190442,-0.0028563310464910507,0.012094571961476052,-0.015267761857144995,0.010828123165071459,-0.0013596556799147215,-0.008574412190765227,0.01394010167268669,-0.01246309847852582,0.004879191890672632,0.004746074898426671,-0.011865195651390943,0.012903473530544617,-0.007735921886879859,-0.0011279374332516785,0.009074767469942338,-0.012463675088656454,0.00959569078782626,-0.0022493916821885963,-0.006060144316292649,0.011073027109336785,-0.010647252845265841,0.004964595600511645,0.0028594168671561837,-0.009149474852535207,0.010703831986048885,-0.007105340553437059,6.868126338789106e-05,0.006688631754618701,-0.010084101021725151,0.008378769100754661,-0.002750683012604624,-0.004137093411453226,0.008706416535801535,-0.009000722836433737,0.004816080375055162,0.0014838392374996927,-0.006965122227191351,0.008797017546048454,-0.0063940926176768165
-0.044025376849165174,0.008127650734236175,0.030525775880003783,-0.053246013235502786,0.0493044315578498,-0.021615168116541225,-0.015814784125126824,0.04431908684632014,-0.050499952500524144,0.03186223944381695,0.0015954197917628981,-0.03333770670936253,0.04781452312663129,-0.03870096579932992,0.010972802797676394,0.021144939961206272,-0.042088950453368926,0.0418472774152502,-0.021367700013283385,-0.008954134170129172,0.033902768439072174,-0.041698903192192466,0.02890340542630458,-0.0025459844507166873,-0.024326924093986704,0.03846273444685543,-0.033562923091856385,0.01241556199308153,0.014024920452176824,-0.03292613131366189,0.035156944493613854,-0.02032477754310116,-0.0040166174805913585,0.02556807018027383,-0.03412157519225858,0.02574215285829213,-0.005201068065582047,-0.017324623515161775,0.03064955397878386,-0.028760424312828502,0.012864766317174823,0.008703870192368965,-0.02546875312208279,0.029252686763020654,-0.018794877463387233,-0.0005633292814053507,0.018962946574726317,-0.02767117733008209,0.022576124715390753,-0.00675680988459674,-0.011948357914047523,0.024182767287580797,-0.02437903645333179,0.012633638679731217,0.00480011717977989,-0.019454264401776757,0.02411498843345175,-0.01700352544351617,0.0017591700438025517,0.013781724418429741,-0.022236867201516148,0.019537176085742625,-0.007516223893833498,-0.007876462239480641,0.018878936920884642,-0.02045843353999781,0.011958821598374525,0.0020011008139743406,-0.014648402981408497,0.019699310430212554,-0.015111710953409244,0.0032328463825021365,0.009762197506232426,-0.017703002681295744,0.01670791292788065,-0.007713924449436671,-0.004840995336503115,0.014568019372673338,-0.017006085975456147,0.011016207806199342,5.315837642334076e-05,-0.010845389740142436,0.015946277060314727,-0.013230809453786949,0.004080452857357556,0.006681902915682796,-0.013955502235097813,0.014134735528548669,-0.007529309130688268,-0.0026208278540501583,0.011095889573574306,-0.014007704567218044,0.009933985154317497,-0.0012477018914729195,-0.00786688578395851,0.012789072222105435,-0.011434564000148261,0.004476133595531827,0.004354005308934014,-0.010886017592976957,0.011838016938306922,-0.0070976122117823205,-0.0010351118084118616,0.008325367627510844,-0.0114350930115547,0.008803289124899107,-0.0020639908689260886,-0.005560168794816351,0.01015867246575334,-0.009768615031691963,0.004554487294603268,0.002623089451630601,-0.008394477463904065,0.009819954116828294,-0.006519084883943974,6.272693227628702e-05,0.006136205586019727,-0.009251950959411996,0.007686823390072642,-0.002523900984359947,-0.0037958642677544383,0.007987423780566048,-0.008258004812682528,0.004418231887140528,0.0013610647006369729,-0.006390441473023449,0.00807054574688153,-0.0058665499199618215
-0.04023945074263935,0.007428039870548224,0.02789976451647619,-0.04866704581735464,0.045063320204984235,-0.019756681785580505,-0.014455172702114999,0.04050675113791867,-0.04615716613494291,0.029121282563171647,0.00145762795849618,-0.03047099741073668,0.0437015546575087,-0.035372977490767184,0.010028488311633395,0.019325748225896524,-0.03846957099985479,0.038247535166905405,-0.0195304977261749,-0.008184588184135847,0.030986311330134787,-0.03811307061967847,0.026416929636964178,-0.002327585613968408,-0.02223520716732226,0.03515408733364414,-0.030676843558044134,0.011347159798041068,0.012818101808444983,-0.03009482047106036,0.03213261918755585,-0.018577274119392084,-0.00367173358380373,0.023368457306613685,-0.031187447543773894,0.02352756761726797,-0.004754312865544172,-0.01583515500202692,0.02801289680495708,-0.026287394352951098,0.011757729306549052,0.007954700294389518,-0.023278830653832128,0.026736170256555235,-0.017178956493972216,-0.0005154531060099455,0.01733142202687115,-0.025291830476194835,0.020633840756607794,-0.00617624965408123,-0.010921287064728485,0.022102300465991785,-0.02228283748745928,0.011546480314902824,0.004386698229960637,-0.017781631394214147,0.022040351082750268,-0.015541673683198346,0.0016072945064166224,0.012595822389723501,-0.02032491025994622,0.017856263653417425,-0.006870348574780081,-0.007199603821413364,0.01725463780989523,-0.018699434735423025,0.01092970237541027,0.0018284174833667719,-0.013389108759217703,0.018004453273487635,-0.013812568900070382,0.0029542240385421214,0.008922003817058306,-0.016180990827589937,0.015270337557296672,-0.007051045455001769,-0.0044252089912583115,0.013314490300050769,-0.015544013990901837,0.010068160175994946,4.801216157593672e-05,-0.009913182118334186,0.014574207874129044,-0.012093438511442445,0.0037289302359768952,0.006106636804163962,-0.012755802480539702,0.012918471995272015,-0.0068823083867765875,-0.0023959919441695087,0.010140988735992047,-0.01280351503514352,0.00907901648692606,-0.001140964729743582,-0.007190851010217912,0.011688545450244184,-0.010451683137540546,0.004090579573449761,0.003978955201390128,-0.00995031568245041,0.010819287788441313,-0.006487740520188522,-0.00094665892894296,0.00760875168328368,-0.010452166650146031,0.008045568480815992,-0.0018870469606969659,-0.0050825283389908755,0.009284379067106913,-0.008929017810221868,0.004162194288607452,0.002396910606792368,-0.007673065995938219,0.008974792942081302,-0.005958970720101523,5.675775253079894e-05,0.005607873385343102,-0.008456790578999437,0.007025126861205709,-0.002307401485183494,-0.0034699667413340914,0.007299873447475327,-0.007548330978193441,0.004037657830089493,0.001243429097489822,-0.005841391571456771,0.007375846324462321,-0.005362558474989685
-0.036578744485697194,0.006751284889889126,0.025360203019755324,-0.044239477984681384,0.040961976106732495,-0.017959787012043905,-0.013140684068581092,0.03682002802035226,-0.041957982588781514,0.026470570109888666,0.0013241453403615294,-0.027699162943213274,0.03972412321337182,-0.032155091672289214,0.009115107820201822,0.01756637177421477,-0.034969913388033055,0.034766387412664905,-0.017754184371496624,-0.007440685854474049,0.02816589223025363,-0.03464585244530799,0.02401229739137253,-0.0021166360638599697,-0.02021278116419034,0.03195442513475194,-0.027886278302023785,0.010313787958547203,0.011650882898949886,-0.027357215892153626,0.029207892815905995,-0.01688769850550948,-0.0033384744755087293,0.0212412181101778,-0.028350420328724923,0.021385850318542905,-0.004322545410978469,-0.014395096097068077,0.02546304093549508,-0.02389624315327386,0.010686998056992136,0.007230022313287046,-0.021161441052634608,0.02430248899254179,-0.015616619558276612,-0.00046939695409714056,0.015753517527501735,-0.022991269732810498,0.018755435579600483,-0.00561509431642666,-0.00992836123580421,0.0200902740937737,-0.020256077405384435,0.010494971480894975,0.003986687447635771,-0.016164454587884545,0.020033961739984476,-0.014128319851823274,0.0014601931128478216,0.011448829599753865,-0.018476310037896237,0.01623060165345925,-0.006246034318439761,-0.006545329274502313,0.015683720222580723,-0.01699874322410216,0.009934316705645862,0.001661195199670834,-0.012171625673272705,0.016365306889841526,-0.012556553432349246,0.0026845599809811366,0.008109306905640875,-0.01470946289691447,0.013879979620148176,-0.006410288845526538,-0.004023388053270184,0.012102102957868434,-0.014130447205292811,0.0091511697782797,4.279628877233622e-05,-0.009011987909265927,0.013247193643104822,-0.010993853796151,0.0033887724717265723,0.005550121729276269,-0.011595946540474609,0.011742119989212096,-0.00625690585789923,-0.002178817820419014,0.009217371367737462,-0.011639317533282777,0.008252032346191486,-0.0010379906996980642,-0.00653737291763647,0.010624109524630904,-0.00950148850350404,0.0037175138469233877,0.0036160466360810124,-0.009045742537489028,0.009833949196567578,-0.005898241346090559,-0.0008613655837493648,0.006915552990718761,-0.009501928019306731,0.007312622029288795,-0.0017161838365289213,-0.004620895207097863,0.008438708139639288,-0.008117376763758878,0.0037826120442815787,0.002177958793075414,-0.0069757091763282195,0.008157292530823446,-0.0054175864872767,5.0746082397012693e-05,0.005096742847548505,-0.007688119432659539,0.006385034594225624,-0.0020982885720595727,-0.0031550672287926603,0.006634780857365624,-0.006862324311433523,0.0036694076708921023,0.0011294373156631433,-0.005310706349488956,0.006703840649463922,-0.004875444248022641
-0.03300012967988851,0.006089460996652798,0.022877240813843278,-0.03991115515281569,0.03695216604668505,-0.016203293006634163,-0.011855805497331548,0.03321556448805998,-0.037852935427573876,0.02387894322853099,0.001193441617191396,-0.024989537190647414,0.035835454066182604,-0.029009392072203505,0.008221951375941757,0.01584614303753128,-0.03154874480935769,0.03136290082943682,-0.016017811409302547,-0.006713630422509182,0.02540835478686451,-0.031256397682251566,0.02166124627048909,-0.0019106120526695997,-0.018235800726411205,0.028826127694835054,-0.025158340740762664,0.009303324193713743,0.010509566023438053,-0.024681054356650002,0.02634838129884321,-0.015236123090218932,-0.0030128767885235688,0.019161355169672566,-0.025577060093160568,0.01929183312930261,-0.0039006428625033584,-0.012987456074077147,0.02297001462660604,-0.021558785351642032,0.009640010556377141,0.00652134738565005,-0.01909162121084026,0.02192303863645198,-0.014089436681718668,-0.0004245779217234786,0.014210701486222995,-0.020742376014080077,0.016918840612645467,-0.005066698098825194,-0.0089578525888365,0.018123046838448603,-0.01827485983554404,0.00946677641906347,0.003595417397781263,-0.01458365852680495,0.01807224542217046,-0.012746787549750702,0.001316175245937578,0.010327286415640987,-0.016669267157737602,0.01464109637564955,-0.005635891952961935,-0.0059058967854680134,0.01414773480655522,-0.01533630055741966,0.008960989416581439,0.001497506516935265,-0.010981582780196402,0.014762618853895012,-0.011328840069406045,0.002420720994069845,0.007314581899879724,-0.013271057763376101,0.012520515004219409,-0.005784071917829641,-0.0036307621624620786,0.0109166280001398,-0.01274870671245488,0.008254484175955343,3.749017515020925e-05,-0.00813115898263589,0.011949655829071542,-0.009919072063022297,0.0030560166172031323,0.005005848154457216,-0.010462241759975842,0.01059187431088357,-0.0056456995629178604,-0.0019667084700150006,0.008314207030320602,-0.010501368305250275,0.007443339695123586,-0.0009375269572324304,-0.005898719067436332,0.009583276530952407,-0.008572755218328093,0.0033525861321577464,0.003261048881985616,-0.008161610256722107,0.008870444247246643,-0.005322135301392068,-0.0007781870355862806,0.006237653206886128,-0.008573151721470848,0.006595863584578043,-0.001549349577719612,-0.00416979503195256,0.007611746697386191,-0.007324097829055284,0.0034113135765002182,0.0019636976927507395,-0.006294158100777982,0.007357871472348866,-0.0048885191243785665,4.466197224404346e-05,0.004596838625418868,-0.006936849225502942,0.005759053324445797,-0.0018940601150237231,-0.002847418460787424,0.005984358484396574,-0.006191869502742878,0.0033091878063967175,0.0010177884478633791,-0.004792098676532546,0.006046659827004259,-0.0043994329518950315
-0.02946663960653148,0.005435770974644787,0.02042528541531661,-0.03563737315524142,0.032992539532684814,-0.014469038457775876,-0.010587243038074104,0.02965619347430405,-0.03379962482702019,0.021319687949405242,0.0010642010595392547,-0.022314121935739697,0.03199544697249574,-0.02590337992295662,0.007339834268482714,0.014147341410840009,-0.028170723487026685,0.028001982556181165,-0.01430342518955597,-0.005995885015759272,0.022685272731253266,-0.02790969185978561,0.019339545194401783,-0.0017073540725668608,-0.016283828986847375,0.025736942274029947,-0.022464843667835455,0.008305373109488071,0.00938240530329134,-0.02203868301854775,0.023524605932507825,-0.01360546938631091,-0.0026915469411561677,0.017107436233964674,-0.02283871084072571,0.01722393771786317,-0.0034842177130370443,-0.01159767400909226,0.02050812152713525,-0.019250863732860852,0.008605994463239232,0.005821394763799735,-0.017047976101574006,0.019573295010803363,-0.012581613184579208,-0.0003805002355669961,0.012687084306138902,-0.018521906140603592,0.015105134279685167,-0.004525368001747005,-0.007999711664461943,0.01618034891841539,-0.016318704180992277,0.00845131673746744,0.0032088831462335097,-0.013022895210224462,0.016134989223970983,-0.011382785300752615,0.0011737877660889255,0.00921965103542107,-0.014885098612424355,0.013071376361461464,-0.005033591220602172,-0.005274673804480042,0.012630862461175531,-0.013694916091449233,0.007999708385430014,0.0013356952806479348,-0.009806664892210996,0.013179881652951001,-0.010116724841049876,0.0021600173105732717,0.006529659962376472,-0.011850896988154244,0.011177946412069178,-0.005165898514800078,-0.0032432459648619244,0.009745863809684853,-0.011384498887503303,0.007368882235570046,3.2072271702224136e-05,-0.007261571428939784,0.010668236257263191,-0.008857967690324821,0.0027272616407199423,0.004468232055081664,-0.009342954395230453,0.009455896930932786,-0.0050423482636813444,-0.001757441580684391,0.007422207725759611,-0.009377889801924562,0.006644625541635536,-0.0008385034413998972,-0.005268264945818649,0.008555337646039931,-0.007655864970071201,0.0029920633640855994,0.0029103313573368857,-0.00728876083799939,0.007918862190277563,-0.004753443404108445,-0.0006962316173410209,0.005568089202515098,-0.0076562190007797805,0.005887928972138071,-0.0013847891387814752,-0.0037245389690119244,0.006794993203102045,-0.006540960666359129,0.003044500070107548,0.001751949212859044,-0.005621345529744958,0.006568312463107528,-0.004366275117543405,3.8475843661960896e-05,0.004103034613332113,-0.006195193173677703,0.005140755753585945,-0.0016925751374684914,-0.002543812099507202,0.005341926783073826,-0.005530013832876189,0.002953313759445813,0.0009073634224685106,-0.004280182989155827,0.005397554560234382,-0.00392957864397709
-2.008135882151364e-05,-2.0028711026875627e-05,-2.0006100414460748e-05,-2.009066693253602e-05,-1.9987143608815588e-05,-2.0058736010876933e-05,-2.0052880599612205e-05,-1.999217624865903e-05,-2.008789482038189e-05,-2.0004751272090515e-05,-2.0035305228001105e-05,-2.0070569759233807e-05,-1.9988647651759038e-05,-2.007598389866622e-05,-2.0025838883330167e-05,-2.0015570244801775e-05,-2.0079404024564325e-05,-1.9994671507732976e-05,-2.0058486195085148e-05,-2.0045954863817933e-05,-2.000269138493778e-05,-2.0079010276989985e-05,-2.000773817607174e-05,-2.003948592105334e-05,-2.006147349283003e-05,-1.9998088159294742e-05,-2.0070797112206474e-05,-2.002438243691945e-05,-2.002275781074568e-05,-2.0070154279291127e-05,-2.000142531072466e-05,-2.005743337858383e-05,-2.0040970505732935e-05,-2.0011105153085704e-05,-2.0071361064145967e-05,-2.001092941891442e-05,-2.0042166193002626e-05,-2.0054404762596143e-05,-2.0005975462099837e-05,-2.006594905292433e-05,-2.0023928971069026e-05,-2.002812934091982e-05,-2.0062626154199246e-05,-2.000738558116137e-05,-2.0055888964597803e-05,-2.0037484456765866e-05,-2.0017772938394765e-05,-2.006484947243754e-05,-2.001412548263707e-05,-2.0043736693884214e-05,-2.0048977493261984e-05,-2.001250359811537e-05,-2.006152609957062e-05,-2.0024162291375732e-05,-2.0032070128184673e-05,-2.0056554607029853e-05,-2.0012572019976156e-05,-2.0054080618320767e-05,-2.0035139924277796e-05,-2.0023003313939548e-05,-2.00593636079172e-05,-2.0017193261264368e-05,-2.0044503312327213e-05,-2.0044866968193826e-05,-2.0017857745034147e-05,-2.0057568302552825e-05,-2.0024843510333935e-05,-2.003489569835085e-05,-2.005170315320555e-05,-2.0017029588778474e-05,-2.0052170856502835e-05,-2.0033652267418015e-05,-2.0027060973431643e-05,-2.0054786731382174e-05,-2.002004936516886e-05,-2.004470288843494e-05,-2.004180270432376e-05,-2.002220955953651e-05,-2.0054083203144046e-05,-2.0025795066545585e-05,-2.003686212059268e-05,-2.0047864061413392e-05,-2.0020818226548583e-05,-2.0050272111205103e-05,-2.0032796619842222e-05,-2.003017049026206e-05,-2.005100367902569e-05,-2.0022646953872038e-05,-2.0044516521701522e-05,-2.003956147448353e-05,-2.00257146288506e-05,-2.0051056376592608e-05,-2.0026887556062856e-05,-2.0038175321904483e-05,-2.0044857300888072e-05,-2.002400538326132e-05,-2.0048458825071112e-05,-2.0032397185347028e-05,-2.0032520472244266e-05,-2.0047905074695873e-05,-2.0024965461047616e-05,-2.004408072934611e-05,-2.003796071501484e-05,-2.002851143427524e-05,-2.004845935910116e-05,-2.0028028978816497e-05,-2.0038999354879012e-05,-2.004252870046045e-05,-2.0026660737180458e-05,-2.004677707152328e-05,-2.0032318088319513e-05,-2.003426780901096e-05,-2.004538989774209e-05,-2.0027002668893738e-05,-2.004349671362622e-05,-2.003685246126154e-05,-2.003072136453107e-05,-2.004625550594531e-05,-2.0029156036275115e-05,-2.003946362808483e-05,-2.0040747658271267e-05,-2.0028852584138968e-05,-2.004525213039764e-05,-2.0032455636359247e-05,-2.0035541806379805e-05,-2.0043366849796767e-05,-2.0028768673608453e-05,-2.0042837988172114e-05
-1.9433870887501337e-05,-1.938982654886289e-05,-1.9370910856821638e-05,-1.9441657910619263e-05,-1.9355051883562086e-05,-1.9414944990614535e-05,-1.9410046443232173e-05,-1.9359262112974997e-05,-1.9439338804048898e-05,-1.936978218497822e-05,-1.9395343156527414e-05,-1.9424844923243735e-05,-1.9356310142852595e-05,-1.9429374309369717e-05,-1.9387423757562622e-05,-1.9378833171844643e-05,-1.9432235534313288e-05,-1.9361349608498774e-05,-1.9414735998549315e-05,-1.940425247874153e-05,-1.9368058914935557e-05,-1.9431906131123247e-05,-1.9372280983101373e-05,-1.9398840660303257e-05,-1.9417235126089115e-05,-1.9364207926865775e-05,-1.942503512325852e-05,-1.938620531680241e-05,-1.938484617942827e-05,-1.9424497339087196e-05,-1.9366999736640102e-05,-1.9413855228389292e-05,-1.9400082641108245e-05,-1.93750977445025e-05,-1.942550691681359e-05,-1.9374950727986356e-05,-1.940108293476488e-05,-1.9411321534640395e-05,-1.9370806323590276e-05,-1.942097931111615e-05,-1.9385825954217243e-05,-1.9389339919301386e-05,-1.941819942493639e-05,-1.9371986007599714e-05,-1.9412563195302887e-05,-1.9397166265934862e-05,-1.9380675911567995e-05,-1.9420059418922118e-05,-1.9377624505945686e-05,-1.9402396791748562e-05,-1.9406781164239712e-05,-1.937626766219568e-05,-1.9417279136082562e-05,-1.938602114641229e-05,-1.939263672156991e-05,-1.9413120061566532e-05,-1.9376324902876462e-05,-1.9411050360504223e-05,-1.9395204865964294e-05,-1.9385051563640122e-05,-1.941547002868612e-05,-1.9380190962559063e-05,-1.9403038132996415e-05,-1.9403342361924655e-05,-1.93807468595036e-05,-1.9413968103715254e-05,-1.9386591043759145e-05,-1.9395000550294385e-05,-1.9409061409602186e-05,-1.938005403666418e-05,-1.940945268301733e-05,-1.9393960315020415e-05,-1.9388446139423935e-05,-1.941164108387654e-05,-1.9382580335341362e-05,-1.940320509531142e-05,-1.9400778845703345e-05,-1.9384387520863715e-05,-1.9411052522927787e-05,-1.938738710111174e-05,-1.93966456290241e-05,-1.9405849684208543e-05,-1.9383223552995726e-05,-1.9407864221782505e-05,-1.9393244493363637e-05,-1.939104751357878e-05,-1.9408476240216484e-05,-1.9384753438265668e-05,-1.9403049183756647e-05,-1.9398903867145775e-05,-1.9387319808168103e-05,-1.9408520326193852e-05,-1.9388301061109275e-05,-1.939774423312851e-05,-1.9403334274404727e-05,-1.9385889879486984e-05,-1.940634725437517e-05,-1.9392910332582712e-05,-1.9393013472512675e-05,-1.940588399529251e-05,-1.938669306585841e-05,-1.940268460654672e-05,-1.9397564696291563e-05,-1.938965957275037e-05,-1.940634770113653e-05,-1.9389255957902893e-05,-1.939843360649408e-05,-1.9401386202951915e-05,-1.938811130790623e-05,-1.9404940325114858e-05,-1.9392844161220946e-05,-1.9394475267689412e-05,-1.9403779836775522e-05,-1.938839736274052e-05,-1.940219602794027e-05,-1.9396637548175608e-05,-1.939150836655502e-05,-1.9404503991340648e-05,-1.9390198836910718e-05,-1.939882201034724e-05,-1.9399896210334957e-05,-1.93899449735013e-05,-1.9403664582725207e-05,-1.9392959231804298e-05,-1.939554107437559e-05,-1.9402087385849548e-05,-1.938987477523665e-05,-1.940164494831443e-05
-1.889260497809172e-05,-1.8856657902445427e-05,-1.8841219736412545e-05,-1.8898960408045553e-05,-1.8828276331447077e-05,-1.887715848330726e-05,-1.8873160501756075e-05,-1.8831712537776262e-05,-1.889706765401873e-05,-1.8840298563490224e-05,-1.886116031794667e-05,-1.8885238378206724e-05,-1.8829303268013653e-05,-1.8888935066379035e-05,-1.8854696848577824e-05,-1.884768558574141e-05,-1.8891270273869192e-05,-1.8833416260929433e-05,-1.8876987913063496e-05,-1.8868431719663402e-05,-1.88388921053506e-05,-1.8891001429296733e-05,-1.8842337973955558e-05,-1.8864014828575956e-05,-1.887902759238438e-05,-1.8835749096198078e-05,-1.888539361119536e-05,-1.8853702410165717e-05,-1.885259314129003e-05,-1.88849546951193e-05,-1.883802765004291e-05,-1.8876269066724827e-05,-1.8865028479349887e-05,-1.8844636892234136e-05,-1.8885778668597465e-05,-1.884451690374094e-05,-1.886584487557367e-05,-1.8874201175965842e-05,-1.884113442093066e-05,-1.8882083433533577e-05,-1.8853392790905494e-05,-1.8856260736539436e-05,-1.88798146112086e-05,-1.884209722776661e-05,-1.8875214565453375e-05,-1.886264826063821e-05,-1.884918954984394e-05,-1.888133265749045e-05,-1.8846699125146385e-05,-1.886691718856192e-05,-1.8870495522905742e-05,-1.8845591728227063e-05,-1.8879063511428975e-05,-1.885355209829477e-05,-1.8858951443318128e-05,-1.8875669055504153e-05,-1.884563844558384e-05,-1.887397985541733e-05,-1.8861047451197222e-05,-1.885276076696062e-05,-1.8877586996570484e-05,-1.8848793755531944e-05,-1.8867440623424704e-05,-1.8867688921858404e-05,-1.8849247454466577e-05,-1.8876361190661896e-05,-1.8854017223749512e-05,-1.886088069762414e-05,-1.887235656010305e-05,-1.884868200256542e-05,-1.8872675900465224e-05,-1.8860031702787587e-05,-1.8855531272234625e-05,-1.8874461978169247e-05,-1.885074385778816e-05,-1.886757689081237e-05,-1.88655966912931e-05,-1.8852218804096523e-05,-1.8873981620293493e-05,-1.885466693117519e-05,-1.8862223339411242e-05,-1.8869735289373386e-05,-1.8851268824092418e-05,-1.8871379467417652e-05,-1.8859447480250916e-05,-1.88576544008005e-05,-1.887187897027371e-05,-1.8852517449982346e-05,-1.8867449642575093e-05,-1.8864066415254733e-05,-1.8854612009598205e-05,-1.8871914951333077e-05,-1.8855412865617272e-05,-1.8863119972351303e-05,-1.8867682321176008e-05,-1.885344496393336e-05,-1.8870141384525954e-05,-1.8859174752739474e-05,-1.885925893106929e-05,-1.8869763292589438e-05,-1.885410048975448e-05,-1.8867152090495777e-05,-1.8862973442185146e-05,-1.8856521623796834e-05,-1.8870141749153164e-05,-1.8856192210893774e-05,-1.8863682608941765e-05,-1.886609238989214e-05,-1.8855257997296963e-05,-1.8868993109989135e-05,-1.885912074654888e-05,-1.886045198478339e-05,-1.886804596982515e-05,-1.885549146282477e-05,-1.8866753333863977e-05,-1.8862216744173783e-05,-1.885803052897749e-05,-1.8868636993319585e-05,-1.885696174777564e-05,-1.886399960729212e-05,-1.88648763226524e-05,-1.8856754555490224e-05,-1.886795190447661e-05,-1.8859214662159657e-05,-1.886132184989561e-05,-1.8866664664909593e-05,-1.8856697262716447e-05,-1.8866303566615572e-05
-1.843022882068988e-05,-1.8412431795814686e-05,-1.8404788519693478e-05,-1.843337532824153e-05,-1.839838037394035e-05,-1.842258142109002e-05,-1.8420602061828164e-05,-1.840008160410768e-05,-1.8432438245324703e-05,-1.8404332456519544e-05,-1.841466089510116e-05,-1.8426581693377246e-05,-1.8398888799599236e-05,-1.842841188540749e-05,-1.841146089835402e-05,-1.8407989694734178e-05,-1.8429568022451848e-05,-1.8400925099796612e-05,-1.84224969735288e-05,-1.8418260890786583e-05,-1.840363613366026e-05,-1.842943492028825e-05,-1.840534214752026e-05,-1.8416074133751663e-05,-1.842350679763712e-05,-1.8402080062378667e-05,-1.8426658547622287e-05,-1.841096856219485e-05,-1.8410419374662372e-05,-1.842644124481856e-05,-1.840320815078995e-05,-1.8422141080151085e-05,-1.8416575981752203e-05,-1.8406480318151788e-05,-1.8426849185554312e-05,-1.840642091309144e-05,-1.841698017106779e-05,-1.842111728885193e-05,-1.8404746280881942e-05,-1.8425019712943e-05,-1.841081527290561e-05,-1.841223516308778e-05,-1.8423896442506418e-05,-1.8405222956575346e-05,-1.842161900749228e-05,-1.841539756011822e-05,-1.8408734291785895e-05,-1.8424648011499276e-05,-1.840750130830962e-05,-1.841751106212312e-05,-1.841928265839858e-05,-1.8406953047563356e-05,-1.842352458078411e-05,-1.841089414434421e-05,-1.8413567304148253e-05,-1.84218440208096e-05,-1.8406976176842877e-05,-1.8421007715340413e-05,-1.8414605015942385e-05,-1.8410502364395906e-05,-1.8422793573568845e-05,-1.8408538338120972e-05,-1.8417770209302854e-05,-1.8417893139285935e-05,-1.8408762959764886e-05,-1.8422186689758268e-05,-1.8411124423139893e-05,-1.8414522457975297e-05,-1.8420204038641583e-05,-1.8408483010384592e-05,-1.8420362140747724e-05,-1.841410212942413e-05,-1.8411874012864992e-05,-1.8421246409321897e-05,-1.8409503813552258e-05,-1.841783767387527e-05,-1.841685729760074e-05,-1.8410234044194603e-05,-1.8421008589112323e-05,-1.8411446086557806e-05,-1.8415187186019342e-05,-1.8418906274649888e-05,-1.8409763718932807e-05,-1.8419720290172065e-05,-1.8413812886896587e-05,-1.8412925151830286e-05,-1.841996758886312e-05,-1.8410381900679817e-05,-1.841777467459081e-05,-1.841609967378208e-05,-1.8411418895453823e-05,-1.8419985402712984e-05,-1.8411815390974992e-05,-1.8415631099702204e-05,-1.8417889871356442e-05,-1.841084110323139e-05,-1.8419107328154296e-05,-1.841367786233011e-05,-1.841371953814943e-05,-1.8418920138752147e-05,-1.8411165647276627e-05,-1.8417627359637865e-05,-1.841555855413444e-05,-1.8412364325667104e-05,-1.841910750867745e-05,-1.8412201236750285e-05,-1.841590965525133e-05,-1.841710271284354e-05,-1.8411738717273462e-05,-1.841853882932295e-05,-1.8413651124424446e-05,-1.8414310206687706e-05,-1.841806991003659e-05,-1.841185430363845e-05,-1.8417429939359088e-05,-1.8415183920785576e-05,-1.841311136899543e-05,-1.8418362519647892e-05,-1.841258222649097e-05,-1.8416066597851672e-05,-1.8416500650547056e-05,-1.8412479647736198e-05,-1.8418023339256694e-05,-1.8413697621070728e-05,-1.8414740867896214e-05,-1.8417386040278052e-05,-1.8412451282677242e-05,-1.841720726425231e-05
-1.805163833422989e-05,-1.803849618407151e-05,-1.803285203381655e-05,-1.8053961861617662e-05,-1.8028119961219307e-05,-1.8045991139006684e-05,-1.8044529488151046e-05,-1.8029376228627472e-05,-1.805326987604759e-05,-1.8032515255576615e-05,-1.804014225456623e-05,-1.8048945125947862e-05,-1.802849540635131e-05,-1.8050296624788193e-05,-1.8037779228270983e-05,-1.8035215930218516e-05,-1.805115037010502e-05,-1.8029999105039664e-05,-1.804592877900338e-05,-1.804280065866462e-05,-1.8032001058420654e-05,-1.8051052081282436e-05,-1.8033260858329778e-05,-1.8041185855656005e-05,-1.8046674480049377e-05,-1.803085198307895e-05,-1.8049001878693655e-05,-1.803741566437322e-05,-1.8037010118779645e-05,-1.8048841412205776e-05,-1.8031685015981748e-05,-1.8045665970795655e-05,-1.8041556443539434e-05,-1.8034101336412505e-05,-1.8049142654601212e-05,-1.8034057468955515e-05,-1.804185491571189e-05,-1.8044909955726917e-05,-1.8032820842715365e-05,-1.804779168701325e-05,-1.803730246843901e-05,-1.8038350981328855e-05,-1.8046962211926852e-05,-1.8033172842197496e-05,-1.8045280448084766e-05,-1.804068624224611e-05,-1.803576577528137e-05,-1.804751720539502e-05,-1.803485528298833e-05,-1.8042246950336544e-05,-1.8043555179348725e-05,-1.8034450421776758e-05,-1.8046687611951464e-05,-1.8037360710774265e-05,-1.8039334696189717e-05,-1.8045446608374178e-05,-1.8034467501511526e-05,-1.804482904155436e-05,-1.8040100990798803e-05,-1.8037071402255243e-05,-1.8046147802255335e-05,-1.8035621073989637e-05,-1.804243831665609e-05,-1.8042529093867898e-05,-1.80357869450492e-05,-1.804569965104898e-05,-1.8037530759337573e-05,-1.804004002615961e-05,-1.804423556933477e-05,-1.803558021741813e-05,-1.8044352319276616e-05,-1.8039729636025638e-05,-1.8038084291222452e-05,-1.80450053042819e-05,-1.8036334025911722e-05,-1.8042488135631296e-05,-1.8041764180234153e-05,-1.803687326215032e-05,-1.8044829686788144e-05,-1.8037768290552384e-05,-1.8040530892235853e-05,-1.8043277240098923e-05,-1.803652595212198e-05,-1.8043878346986096e-05,-1.8039516045902802e-05,-1.8038860501078655e-05,-1.8044060963831028e-05,-1.8036982446249585e-05,-1.804244161403221e-05,-1.804120471560126e-05,-1.8037748211377692e-05,-1.8044074118405537e-05,-1.803804100209484e-05,-1.804085869872702e-05,-1.8042526680676903e-05,-1.8037321542751846e-05,-1.8043425707349116e-05,-1.803941633748861e-05,-1.8039447112850183e-05,-1.8043287477996266e-05,-1.8037561201155734e-05,-1.8042332829825537e-05,-1.8040805127708742e-05,-1.8038446360979342e-05,-1.80434258406558e-05,-1.8038325928544762e-05,-1.804106439708839e-05,-1.804194540625337e-05,-1.8037984382670765e-05,-1.8043005901395092e-05,-1.8039396592976614e-05,-1.8039883289945975e-05,-1.8042659629604347e-05,-1.8038069737013726e-05,-1.804218704551798e-05,-1.8040528481035514e-05,-1.8038998012486522e-05,-1.8042875706138288e-05,-1.803860726907308e-05,-1.8041180290797278e-05,-1.8041500815477067e-05,-1.803853152015394e-05,-1.8042625239576422e-05,-1.803943092826083e-05,-1.8040201310194267e-05,-1.8042154628396646e-05,-1.8038510574076337e-05,-1.804202261187189e-05
-1.7733355043346205e-05,-1.7724711603011022e-05,-1.7720999510592073e-05,-1.7734883200466714e-05,-1.771788728111188e-05,-1.772964094828682e-05,-1.7728679637404708e-05,-1.771871351367327e-05,-1.7734428089551407e-05,-1.7720778015434283e-05,-1.7725794204559256e-05,-1.7731583751372256e-05,-1.7718134207037887e-05,-1.7732472616546426e-05,-1.7724240069463605e-05,-1.7722554217946862e-05,-1.7733034114978455e-05,-1.771912317229382e-05,-1.7729599934833056e-05,-1.7727542606223694e-05,-1.7720439833905042e-05,-1.773296947155532e-05,-1.77212683897515e-05,-1.7726480568939856e-05,-1.773009037379634e-05,-1.7719684100327433e-05,-1.7731621076997533e-05,-1.7724000957688097e-05,-1.7723734235036248e-05,-1.7731515540042236e-05,-1.7720231976444035e-05,-1.7729427088910915e-05,-1.772672430030959e-05,-1.7721821162476933e-05,-1.7731713663685626e-05,-1.7721792311357248e-05,-1.7726920602009334e-05,-1.7728929866534026e-05,-1.7720978996565157e-05,-1.7730825147910006e-05,-1.772392651002986e-05,-1.7724616104844624e-05,-1.7730279611728144e-05,-1.77212105025581e-05,-1.7729173535077695e-05,-1.7726151978971924e-05,-1.7722915844692646e-05,-1.7730644624520627e-05,-1.7722317024429922e-05,-1.772717843865301e-05,-1.772803884576107e-05,-1.772205075188821e-05,-1.7730099010496634e-05,-1.7723964815340915e-05,-1.7725263082744297e-05,-1.772928281678048e-05,-1.7722061985032454e-05,-1.7728876650217493e-05,-1.7725767065856116e-05,-1.7723774540470175e-05,-1.772974398389561e-05,-1.7722820676324726e-05,-1.7727304298070623e-05,-1.772736400119413e-05,-1.7722929767804384e-05,-1.772944924002444e-05,-1.7724076654316526e-05,-1.772572697011721e-05,-1.7728486330394725e-05,-1.7722793805429637e-05,-1.772856311548273e-05,-1.7725522830111863e-05,-1.7724440705842562e-05,-1.772899257617713e-05,-1.7723289576567545e-05,-1.7727337063435087e-05,-1.7726860926333837e-05,-1.772364422601217e-05,-1.7728877074580298e-05,-1.7724232875852443e-05,-1.772604980706485e-05,-1.7727856048327356e-05,-1.772341580421881e-05,-1.7728251389382798e-05,-1.772538235435556e-05,-1.7724951210097866e-05,-1.7728371494372035e-05,-1.7723716035132916e-05,-1.7727306466716803e-05,-1.772649297290797e-05,-1.7724219670011207e-05,-1.7728380145983723e-05,-1.7724412235083426e-05,-1.7726265401607124e-05,-1.772736241406629e-05,-1.7723939054985057e-05,-1.7727953693522647e-05,-1.772531677728342e-05,-1.77253370178832e-05,-1.7727862781674167e-05,-1.7724096675548655e-05,-1.77272349206008e-05,-1.772623016856728e-05,-1.772467883493888e-05,-1.7727953781196913e-05,-1.7724599627917945e-05,-1.7726400687043077e-05,-1.7726980116593072e-05,-1.7724374997142305e-05,-1.7727677591996474e-05,-1.772530379154598e-05,-1.7725623886520188e-05,-1.7727449853039986e-05,-1.772443113370762e-05,-1.7727139039945886e-05,-1.7726048221246243e-05,-1.7725041649762226e-05,-1.7727591964080146e-05,-1.772478466233325e-05,-1.7726476908996556e-05,-1.7726687714375613e-05,-1.7724734843144212e-05,-1.772742723511591e-05,-1.7725326373465753e-05,-1.7725833044763576e-05,-1.7727117719579678e-05,-1.7724721067150953e-05,-1.772703089383646e-05
-1.7465325109407985e-05,-1.7461054855751663e-05,-1.7459220912829642e-05,-1.7466080088707688e-05,-1.7457683329552413e-05,-1.746349017709027e-05,-1.7463015245679856e-05,-1.7458091526112974e-05,-1.7465855243163e-05,-1.7459111484121773e-05,-1.746158971028185e-05,-1.7464450010404016e-05,-1.745780532221939e-05,-1.7464889150331265e-05,-1.746082189667786e-05,-1.7459989009155737e-05,-1.746516655616036e-05,-1.745829391615148e-05,-1.7463469914573947e-05,-1.7462453500429148e-05,-1.7458944407025647e-05,-1.7465134619361665e-05,-1.745935375139497e-05,-1.7461928805583278e-05,-1.7463712213785247e-05,-1.7458571040177744e-05,-1.746446845096491e-05,-1.7460703764557544e-05,-1.746057199140529e-05,-1.746441631089663e-05,-1.7458841715961854e-05,-1.7463384520806836e-05,-1.746204921999379e-05,-1.7459626846327124e-05,-1.746451419301067e-05,-1.7459612592558423e-05,-1.746214620198459e-05,-1.7463138870279895e-05,-1.745921077796493e-05,-1.7464075225702235e-05,-1.746066698401965e-05,-1.7461007675302855e-05,-1.7463805705952587e-05,-1.7459325152481844e-05,-1.7463259253651467e-05,-1.74617664671558e-05,-1.7460167669257912e-05,-1.746398603891623e-05,-1.7459871824742624e-05,-1.7462273585043614e-05,-1.7462698665388554e-05,-1.7459740273965303e-05,-1.7463716480709016e-05,-1.746068590858999e-05,-1.746132731188673e-05,-1.7463313243795762e-05,-1.7459745823650777e-05,-1.7463112578992927e-05,-1.7461576302525007e-05,-1.746059190412753e-05,-1.7463541081379316e-05,-1.7460120651744592e-05,-1.746233576533496e-05,-1.7462365261400363e-05,-1.746017454790999e-05,-1.7463395464466982e-05,-1.7460741162143664e-05,-1.7461556493401668e-05,-1.746291974320235e-05,-1.7460107376297136e-05,-1.7462957678537136e-05,-1.746145563893048e-05,-1.746092102019785e-05,-1.7463169851703075e-05,-1.7460352309845847e-05,-1.7462351952919066e-05,-1.7462116719479757e-05,-1.746052752284309e-05,-1.7463112788647503e-05,-1.7460818342705925e-05,-1.746171598957479e-05,-1.7462608355120948e-05,-1.7460414672061407e-05,-1.7462803671629425e-05,-1.746138623750134e-05,-1.7461173232578365e-05,-1.7462863008970754e-05,-1.746056299982315e-05,-1.746233683674506e-05,-1.7461934933709133e-05,-1.7460811818418186e-05,-1.7462867283261433e-05,-1.7460906954344602e-05,-1.746182250310953e-05,-1.746236447728684e-05,-1.7460673181799552e-05,-1.746265659629993e-05,-1.7461353839437464e-05,-1.74613638392167e-05,-1.7462611681701306e-05,-1.7460751053545283e-05,-1.7462301489701334e-05,-1.7461805096381263e-05,-1.7461038666829837e-05,-1.7462656639615017e-05,-1.7460999534949748e-05,-1.7461889340283746e-05,-1.7462175604902754e-05,-1.7460888557103684e-05,-1.7462520189556093e-05,-1.7461347423891035e-05,-1.746150556540425e-05,-1.746240767612696e-05,-1.746091629112671e-05,-1.746225412028576e-05,-1.7461715206108083e-05,-1.74612179138965e-05,-1.7462477885460895e-05,-1.746109095038826e-05,-1.74619269974044e-05,-1.7462031144874128e-05,-1.7461066337437182e-05,-1.7462396501841115e-05,-1.746135858038911e-05,-1.7461608899113853e-05,-1.7462243587052672e-05,-1.7461059531468342e-05,-1.746220069117637e-05
-1.729456799071492e-05,-1.7229022553593874e-05,-1.720087279946841e-05,-1.7306156400256637e-05,-1.717727196070633e-05,-1.726640305005055e-05,-1.7259113181718763e-05,-1.71835374952967e-05,-1.7302705176817165e-05,-1.7199193144565414e-05,-1.7237232200326564e-05,-1.728113582687748e-05,-1.717914446368304e-05,-1.7287876320722888e-05,-1.7225446793099895e-05,-1.7212662546283682e-05,-1.7292134308137965e-05,-1.718664404226332e-05,-1.72660920344537e-05,-1.725049078104383e-05,-1.7196628626815447e-05,-1.729164410038942e-05,-1.7202911779475654e-05,-1.7242437078431372e-05,-1.7269811159591712e-05,-1.7190897704200082e-05,-1.7281418876719863e-05,-1.722363354684162e-05,-1.722161092018745e-05,-1.728061856277088e-05,-1.7195052390084218e-05,-1.7264781299250797e-05,-1.724428535626402e-05,-1.720710359760734e-05,-1.728212098545288e-05,-1.720688481212633e-05,-1.724577396267747e-05,-1.726101073373804e-05,-1.7200717236311932e-05,-1.727538314118675e-05,-1.7223068991049873e-05,-1.722829836637002e-05,-1.7271246199631223e-05,-1.720247280595956e-05,-1.7262858535144417e-05,-1.723994529596438e-05,-1.7215404855156998e-05,-1.7274014185769873e-05,-1.7210863846674846e-05,-1.7247729204440025e-05,-1.725425389343111e-05,-1.7208844633321927e-05,-1.726987665391737e-05,-1.7223359470102174e-05,-1.7233204566632577e-05,-1.7263687246479337e-05,-1.7208929817151654e-05,-1.7260607180685803e-05,-1.7237026400541852e-05,-1.722191656668731e-05,-1.7267184395643905e-05,-1.7214683168880063e-05,-1.7248683628861726e-05,-1.7249136373044134e-05,-1.721551043770395e-05,-1.7264949276857203e-05,-1.722420757389641e-05,-1.7236722344213418e-05,-1.7257647284810042e-05,-1.721447939995287e-05,-1.725822956593453e-05,-1.723517429790715e-05,-1.722696827050371e-05,-1.7261486277133906e-05,-1.721823896034617e-05,-1.7248932097070312e-05,-1.724532142664042e-05,-1.7220928358545428e-05,-1.726061039873839e-05,-1.7225392242091284e-05,-1.7239170500043905e-05,-1.725286769334956e-05,-1.7219196177178634e-05,-1.725586566652759e-05,-1.7234109034019794e-05,-1.723083955592576e-05,-1.7256776453634886e-05,-1.72214729056269e-05,-1.724870007426498e-05,-1.7242531140920446e-05,-1.722529209879155e-05,-1.7256842061037488e-05,-1.722675236939485e-05,-1.7240805409057695e-05,-1.724912433744443e-05,-1.722316412268036e-05,-1.72536081620472e-05,-1.723361174617006e-05,-1.723376523585802e-05,-1.7252918754054887e-05,-1.722435940006293e-05,-1.724815752161627e-05,-1.7240538227830307e-05,-1.7228774064852253e-05,-1.7253608826903787e-05,-1.7228173417585784e-05,-1.7241831313407327e-05,-1.724622527711421e-05,-1.7226469984484023e-05,-1.7251514412970328e-05,-1.7233513271974147e-05,-1.723594063471296e-05,-1.724978740973162e-05,-1.7226895682535885e-05,-1.724743043388337e-05,-1.7239158474372434e-05,-1.7231525383224113e-05,-1.7250865074398216e-05,-1.7229576581275618e-05,-1.724240932413747e-05,-1.72440079156915e-05,-1.7229198789517278e-05,-1.7249615892180406e-05,-1.7233684516495436e-05,-1.7237526735612455e-05,-1.7247268756048116e-05,-1.72290943226077e-05,-1.724661033404578e-05
-1.7109580581098966e-05,-1.704118364339465e-05,-1.7011809257260715e-05,-1.7121673134910954e-05,-1.698718168332909e-05,-1.7080190347748183e-05,-1.7072583339662458e-05,-1.699371979487254e-05,-1.711807176882109e-05,-1.7010056530346215e-05,-1.7049750444087628e-05,-1.7095564061969995e-05,-1.6989135648014884e-05,-1.7102597795482054e-05,-1.703745232236767e-05,-1.702411190735953e-05,-1.7107041023153828e-05,-1.6996961489621778e-05,-1.7079865801672398e-05,-1.706358582850488e-05,-1.700738044535097e-05,-1.7106529489318488e-05,-1.701393694142397e-05,-1.705518175615342e-05,-1.7083746724304883e-05,-1.7001400203638843e-05,-1.7095859425664056e-05,-1.7035560192315345e-05,-1.7033449572944408e-05,-1.7095024294711894e-05,-1.7005735635731137e-05,-1.7078498044007526e-05,-1.7057110441800087e-05,-1.7018311121171847e-05,-1.709659207906272e-05,-1.7018082817607595e-05,-1.7058663808816906e-05,-1.7074563443128908e-05,-1.7011646926456473e-05,-1.708956111039772e-05,-1.703497107598605e-05,-1.704042795099848e-05,-1.7085244194586525e-05,-1.7013478870724424e-05,-1.707649163162277e-05,-1.7052581570730097e-05,-1.7026973518135388e-05,-1.7088132599696122e-05,-1.7022234956796712e-05,-1.7060704111771688e-05,-1.7067512652015905e-05,-1.7020127899219905e-05,-1.708381506790756e-05,-1.7035274192091722e-05,-1.7045547591487003e-05,-1.707735639536589e-05,-1.7020216788902405e-05,-1.70741423338315e-05,-1.7049535691151762e-05,-1.703376851634503e-05,-1.7081005685141927e-05,-1.7026220435487785e-05,-1.7061700057646518e-05,-1.706217249809394e-05,-1.702708369396461e-05,-1.7078673329342188e-05,-1.7036159191947223e-05,-1.7049218407101675e-05,-1.7071053670108783e-05,-1.702600780176023e-05,-1.7071661282896903e-05,-1.704760301430816e-05,-1.7039039990400386e-05,-1.707505967465091e-05,-1.7029930918750678e-05,-1.706195933526111e-05,-1.7058191585570032e-05,-1.7032737317016922e-05,-1.707414569188283e-05,-1.7037395398162088e-05,-1.705177306794739e-05,-1.7066066146434618e-05,-1.7030929778517813e-05,-1.7069194543981468e-05,-1.7046491406987458e-05,-1.7043079692925496e-05,-1.7070144954136257e-05,-1.7033305554173385e-05,-1.7061717218493578e-05,-1.7055279910754075e-05,-1.7037290898210085e-05,-1.7070213415735195e-05,-1.703881469669053e-05,-1.7053479102339406e-05,-1.7062159938895326e-05,-1.7035070346240242e-05,-1.706683882861676e-05,-1.7045972485036926e-05,-1.7046132652168105e-05,-1.7066119428494128e-05,-1.7036317623186823e-05,-1.7061151062536047e-05,-1.7053200297611448e-05,-1.704092434435375e-05,-1.706683952239739e-05,-1.7040297566419675e-05,-1.7054549637817915e-05,-1.705913475731875e-05,-1.7038520026855333e-05,-1.7064653992700345e-05,-1.7045869726801737e-05,-1.7048402689969345e-05,-1.7062851857599543e-05,-1.7038964244552444e-05,-1.7060392343446552e-05,-1.705176051910892e-05,-1.7043795356579015e-05,-1.7063976405185236e-05,-1.7041761773597136e-05,-1.705515279443168e-05,-1.705682093140259e-05,-1.7041367546317625e-05,-1.706267287831768e-05,-1.7046048421175732e-05,-1.7050057792890015e-05,-1.7060223631949435e-05,-1.7041258534660675e-05,-1.70595365658369e-05
-1.6953798264145044e-05,-1.6882776263145857e-05,-1.685227449287109e-05,-1.6966354928196744e-05,-1.682670171667545e-05,-1.6923280038439832e-05,-1.6915381074626563e-05,-1.6833490759871787e-05,-1.6962615342264716e-05,-1.685045449658396e-05,-1.6891671856249852e-05,-1.6939243793301832e-05,-1.682873067420666e-05,-1.6946547480356958e-05,-1.6878901734627465e-05,-1.6865049316670775e-05,-1.695116123838087e-05,-1.6836856870335895e-05,-1.6922943036338687e-05,-1.6906038240460708e-05,-1.68476757038838e-05,-1.69506300719605e-05,-1.6854483837204925e-05,-1.6897311621185397e-05,-1.6926972908147766e-05,-1.684146594147177e-05,-1.6939550493006212e-05,-1.687693698493285e-05,-1.6874745360335276e-05,-1.693868330986455e-05,-1.6845967766739473e-05,-1.692152278435809e-05,-1.6899314329472087e-05,-1.6859025897256903e-05,-1.6940311265522624e-05,-1.685878883143915e-05,-1.6900927314461236e-05,-1.6917437174140558e-05,-1.68521059318371e-05,-1.693301044942893e-05,-1.6876325258415083e-05,-1.6881991567398986e-05,-1.6928527851094168e-05,-1.6854008185826764e-05,-1.6919439366193796e-05,-1.689461164107033e-05,-1.68680207556007e-05,-1.6931527112719986e-05,-1.6863100329052e-05,-1.690304592391009e-05,-1.6910115774816545e-05,-1.686091240294963e-05,-1.692704387476675e-05,-1.687664000806737e-05,-1.6887307698853047e-05,-1.69203373194281e-05,-1.6861004704203627e-05,-1.691699990273711e-05,-1.6891448861131394e-05,-1.6875076544731504e-05,-1.692412666834955e-05,-1.686723876976412e-05,-1.6904080094024884e-05,-1.6904570666659496e-05,-1.6868135159960245e-05,-1.6921704797115258e-05,-1.6877558974072742e-05,-1.6891119399771294e-05,-1.6913792696605322e-05,-1.6867017975188835e-05,-1.691442362947298e-05,-1.6889442008466277e-05,-1.6880550337099894e-05,-1.6917952450947302e-05,-1.6871091660768448e-05,-1.6904349322671967e-05,-1.690043696736329e-05,-1.6874005768141656e-05,-1.6917003389669903e-05,-1.6878842625680172e-05,-1.6893772108082902e-05,-1.690861375258737e-05,-1.6872128856610254e-05,-1.6911862217520974e-05,-1.6888287737838213e-05,-1.6884745082747937e-05,-1.6912849104262226e-05,-1.687459581414735e-05,-1.690409791350245e-05,-1.689741354294359e-05,-1.687873411503708e-05,-1.6912920193406153e-05,-1.688031639665426e-05,-1.689554361979617e-05,-1.690455762544089e-05,-1.6876428338645415e-05,-1.690941609018543e-05,-1.6887748899747998e-05,-1.6887915214067505e-05,-1.690866907960362e-05,-1.6877723485877437e-05,-1.6903510028571762e-05,-1.68952541145883e-05,-1.688250701225013e-05,-1.6909416810593246e-05,-1.6881856178681348e-05,-1.6896655242251447e-05,-1.690141633788964e-05,-1.6880010417438926e-05,-1.6907147400623485e-05,-1.688764219766853e-05,-1.6890272375548693e-05,-1.6905276099871934e-05,-1.6880471684138682e-05,-1.6902722189967572e-05,-1.689375907762207e-05,-1.6885488213455555e-05,-1.6906443807410242e-05,-1.6883376581891065e-05,-1.6897281547917512e-05,-1.689901370771283e-05,-1.6882967224232976e-05,-1.6905090251394474e-05,-1.688782775030341e-05,-1.689199100104906e-05,-1.690254700335076e-05,-1.688285402872644e-05,-1.690183356775307e-05
-1.682246598944282e-05,-1.6749097646537244e-05,-1.6717588194406036e-05,-1.6835437485893694e-05,-1.669117057470266e-05,-1.6790939538245882e-05,-1.6782779617693126e-05,-1.6698183906377664e-05,-1.683157435588995e-05,-1.6715708071207554e-05,-1.6758287121855033e-05,-1.6807430684993335e-05,-1.6693266562562707e-05,-1.6814975662729765e-05,-1.6745095115871593e-05,-1.6730785057911813e-05,-1.6819741844701828e-05,-1.6701661222467244e-05,-1.6790591402662977e-05,-1.6773128125885705e-05,-1.6712837476000148e-05,-1.681919313022573e-05,-1.6719870528477178e-05,-1.6764113206756568e-05,-1.679475440866949e-05,-1.670642256271133e-05,-1.680774751708429e-05,-1.6743065457071643e-05,-1.6740801428140704e-05,-1.6806851684958965e-05,-1.671107311402353e-05,-1.6789124230056477e-05,-1.6766182078180216e-05,-1.6724562643803457e-05,-1.6808533423114418e-05,-1.6724317746082143e-05,-1.6767848351083268e-05,-1.6784903644221083e-05,-1.6717414064649504e-05,-1.6800991411186892e-05,-1.6742433521047758e-05,-1.6748287026928907e-05,-1.6796360722004584e-05,-1.6719379163084407e-05,-1.678697198235657e-05,-1.6761324027852372e-05,-1.6733854663770095e-05,-1.6799459069732484e-05,-1.672877168191675e-05,-1.677003695267629e-05,-1.6777340369058522e-05,-1.6726511473667583e-05,-1.6794827719800732e-05,-1.6742758669031386e-05,-1.675377878652404e-05,-1.67878996011209e-05,-1.672660682426259e-05,-1.67844519267558e-05,-1.675805675968434e-05,-1.6741143553820152e-05,-1.6791814138125584e-05,-1.67330468435989e-05,-1.6771105288495298e-05,-1.677161206809556e-05,-1.6733972847687232e-05,-1.6789312255938504e-05,-1.6743707994762177e-05,-1.6757716413964677e-05,-1.6781138764694248e-05,-1.6732818754670353e-05,-1.678179054158498e-05,-1.6755983606965128e-05,-1.674679818294673e-05,-1.6785435944141063e-05,-1.6737027021915568e-05,-1.677138341160393e-05,-1.676734180447069e-05,-1.6740037402164132e-05,-1.6784455528885805e-05,-1.6745034054151944e-05,-1.6760456759354788e-05,-1.677578872477349e-05,-1.6738098483422024e-05,-1.6779144508696953e-05,-1.6754791202892387e-05,-1.6751131509701504e-05,-1.678016399904956e-05,-1.674064694142051e-05,-1.6771123696671947e-05,-1.6764218495686747e-05,-1.6744921958660984e-05,-1.678023743675358e-05,-1.6746556513849928e-05,-1.6762286796202692e-05,-1.677159859603641e-05,-1.6742540006722325e-05,-1.677661756906388e-05,-1.675423456329878e-05,-1.6754406372116498e-05,-1.6775845879619073e-05,-1.6743877941515703e-05,-1.6770516389885646e-05,-1.676198772665994e-05,-1.674881950044494e-05,-1.6776618313271687e-05,-1.6748147165396968e-05,-1.676343514314213e-05,-1.6768353530296457e-05,-1.6746240426050696e-05,-1.6774273929186303e-05,-1.675412433612065e-05,-1.6756841406745242e-05,-1.6772340806586438e-05,-1.6746716931540866e-05,-1.6769702523589942e-05,-1.676044329840881e-05,-1.6751899191093372e-05,-1.6773547091482367e-05,-1.6749717797911907e-05,-1.6764082139963184e-05,-1.6765871524830442e-05,-1.6749294916373686e-05,-1.6772148818264072e-05,-1.675431601882673e-05,-1.6758616810187315e-05,-1.676952154936232e-05,-1.6749177981246232e-05,-1.6768784544112743e-05
-1.6711624150182936e-05,-1.6636224859214945e-05,-1.660384317720612e-05,-1.6724954717515613e-05,-1.657669427734259e-05,-1.6679224998548212e-05,-1.6670839198901293e-05,-1.6583901748776134e-05,-1.6720984650158713e-05,-1.6601911009318932e-05,-1.66456687132791e-05,-1.669617264548645e-05,-1.657884828535567e-05,-1.6703926479758383e-05,-1.6632111532372384e-05,-1.6617405350098827e-05,-1.6708824596944705e-05,-1.6587475322299026e-05,-1.6678867226039358e-05,-1.66609205390237e-05,-1.6598960951641152e-05,-1.6708260693211796e-05,-1.6606188689778723e-05,-1.6651656073130753e-05,-1.6683145470425913e-05,-1.659236846373093e-05,-1.6696498247974767e-05,-1.663002568950934e-05,-1.6627698988791244e-05,-1.669557761784465e-05,-1.6597147749423695e-05,-1.6677359439848795e-05,-1.665378221408296e-05,-1.6611010690041108e-05,-1.6697305909087073e-05,-1.6610759013175917e-05,-1.6655494611971117e-05,-1.6673022021735538e-05,-1.6603664227271323e-05,-1.6689555122722176e-05,-1.6629376260528783e-05,-1.663539180041475e-05,-1.6684796248973475e-05,-1.6605683722639575e-05,-1.6675147614637346e-05,-1.664878968548411e-05,-1.662055992734699e-05,-1.6687980363710214e-05,-1.661533624077364e-05,-1.66577437974071e-05,-1.6665249383536703e-05,-1.6613013466499635e-05,-1.6683220810921515e-05,-1.662971040910642e-05,-1.6641035580323646e-05,-1.6676100911309312e-05,-1.66131114565451e-05,-1.6672557800039213e-05,-1.6645431974330825e-05,-1.662805058503331e-05,-1.668012380869164e-05,-1.6619729745476643e-05,-1.6658841706397254e-05,-1.665936251443276e-05,-1.6620681382775903e-05,-1.6677552670575113e-05,-1.6630686013626905e-05,-1.6645082207320555e-05,-1.666915292457917e-05,-1.6619495342697342e-05,-1.6669822743652143e-05,-1.664330143357024e-05,-1.6633861742951646e-05,-1.667356905653228e-05,-1.662382010122298e-05,-1.6659127528379354e-05,-1.6654974043372754e-05,-1.6626913813405875e-05,-1.667256150188169e-05,-1.663204878037085e-05,-1.664789840966668e-05,-1.6663654787362212e-05,-1.66249212224244e-05,-1.6667103464522558e-05,-1.6642076021927134e-05,-1.6638315022825543e-05,-1.6668151175929018e-05,-1.662754022564211e-05,-1.6658860624140416e-05,-1.6651764276619724e-05,-1.663193358190507e-05,-1.6668226646501124e-05,-1.6633613384084235e-05,-1.6649779104736414e-05,-1.665934866944638e-05,-1.6629485693889858e-05,-1.6664506575331567e-05,-1.664150397369733e-05,-1.6641680538446172e-05,-1.6663713524341428e-05,-1.6630860664766765e-05,-1.6658236506172453e-05,-1.664947175649083e-05,-1.6635939013612952e-05,-1.6664507340140187e-05,-1.6635248067301468e-05,-1.6650959239677315e-05,-1.6656013775318384e-05,-1.6633288546490776e-05,-1.6662098059913943e-05,-1.6641390695262145e-05,-1.6644182978561602e-05,-1.66601114255208e-05,-1.6633778242382465e-05,-1.6657400110811612e-05,-1.6647884576101107e-05,-1.6639103954813698e-05,-1.6661351102229533e-05,-1.6636862177329142e-05,-1.665162414636096e-05,-1.665346306414099e-05,-1.663642758978249e-05,-1.6659914122667726e-05,-1.6641587684039008e-05,-1.664600752788919e-05,-1.665721412694029e-05,-1.6636307417711677e-05,-1.665645672025701e-05
-1.6617973997838407e-05,-1.6540877080148344e-05,-1.650776631955034e-05,-1.663160470496065e-05,-1.648000615799865e-05,-1.6584845374283172e-05,-1.657627076705751e-05,-1.648737590676859e-05,-1.6627545250921895e-05,-1.6505790648603715e-05,-1.6550533564050434e-05,-1.6602174600118897e-05,-1.648220866383599e-05,-1.6610103013171203e-05,-1.653667114111441e-05,-1.6521633846867693e-05,-1.661511141222512e-05,-1.649102993985321e-05,-1.6584479546470834e-05,-1.6566128787015507e-05,-1.6502774169920098e-05,-1.661453481211227e-05,-1.6510164641702042e-05,-1.6556655730237106e-05,-1.6588854116192822e-05,-1.649603325112283e-05,-1.66025075335977e-05,-1.6534538335176026e-05,-1.6532159248430652e-05,-1.6601566175337515e-05,-1.6500920143173692e-05,-1.65829378122405e-05,-1.6558829741582377e-05,-1.6515095210047684e-05,-1.6603333379325126e-05,-1.6514837866638868e-05,-1.656058069437439e-05,-1.657850273648618e-05,-1.650758334053003e-05,-1.659540808280395e-05,-1.6533874284201316e-05,-1.6540025264900148e-05,-1.6590542062275232e-05,-1.6509648305149494e-05,-1.658067618744161e-05,-1.6553724805428345e-05,-1.652485944991152e-05,-1.6593797867848767e-05,-1.6519518151225365e-05,-1.6562880520569057e-05,-1.657055509613364e-05,-1.6517143079328582e-05,-1.658893115299136e-05,-1.6534215956185966e-05,-1.6545796115388407e-05,-1.6581650947735895e-05,-1.65172432756351e-05,-1.6578028062766415e-05,-1.6550291494888044e-05,-1.6532518760916602e-05,-1.6585764421276286e-05,-1.6524010576367693e-05,-1.6564003149150285e-05,-1.6564535683259428e-05,-1.6524983639928237e-05,-1.658313539358657e-05,-1.6535213526593437e-05,-1.6549933852819327e-05,-1.6574546526007675e-05,-1.6523770895973485e-05,-1.6575231426160892e-05,-1.6548112984672028e-05,-1.6538460757956125e-05,-1.6579062087856156e-05,-1.6528193027107612e-05,-1.6564295406458612e-05,-1.6560048405093353e-05,-1.653135639469979e-05,-1.6578031847956445e-05,-1.6536606976241833e-05,-1.655281346239775e-05,-1.6568924597379136e-05,-1.652931894022354e-05,-1.657245092204025e-05,-1.6546859982695855e-05,-1.6543014304116584e-05,-1.6573522222831407e-05,-1.653199691070461e-05,-1.656402249282937e-05,-1.6556766369944402e-05,-1.653648918406475e-05,-1.657359939263514e-05,-1.6538206807250324e-05,-1.6554736501608464e-05,-1.6564521526551036e-05,-1.653398618147148e-05,-1.656979556348664e-05,-1.6546275054711497e-05,-1.654645559484302e-05,-1.6568984656830543e-05,-1.653539211003078e-05,-1.6563384322748624e-05,-1.6554422233369495e-05,-1.654058479868832e-05,-1.656979634551504e-05,-1.6539878295613544e-05,-1.6555943207470467e-05,-1.6561111546764883e-05,-1.6537874655888103e-05,-1.6567332819971096e-05,-1.6546159225794788e-05,-1.6549014377785502e-05,-1.656530145619669e-05,-1.653837537735869e-05,-1.6562529095816603e-05,-1.6552799317367307e-05,-1.654382099903073e-05,-1.6566569044418655e-05,-1.654152874757866e-05,-1.6556623084631147e-05,-1.655850340593e-05,-1.654108437522604e-05,-1.65650997110393e-05,-1.654636064980449e-05,-1.655088000712398e-05,-1.6562338924489593e-05,-1.6540961497462426e-05,-1.6561564464677453e-05
-1.653876712622945e-05,-1.6460304206334654e-05,-1.6426606789702504e-05,-1.6552639342046705e-05,-1.6398354773962352e-05,-1.6505051530144415e-05,-1.6496324998137247e-05,-1.6405855099847043e-05,-1.6548507962653048e-05,-1.6424596113843235e-05,-1.647013178369541e-05,-1.6522687794982564e-05,-1.640059630377004e-05,-1.653075668355626e-05,-1.645602374652654e-05,-1.6440720021692068e-05,-1.653585382136076e-05,-1.640957387504327e-05,-1.650467922059956e-05,-1.648600332262216e-05,-1.6421526189228756e-05,-1.6535267005054463e-05,-1.6429047605295514e-05,-1.647636242234453e-05,-1.6509131298892115e-05,-1.6414665834918175e-05,-1.6523026627372505e-05,-1.6453853151559727e-05,-1.6451431912185733e-05,-1.652206859013867e-05,-1.641963931286009e-05,-1.6503110169941794e-05,-1.6478574952795098e-05,-1.6434065533388244e-05,-1.6523867105424e-05,-1.643380363037219e-05,-1.6480356928946358e-05,-1.6498596513571797e-05,-1.642642056866224e-05,-1.6515801388600103e-05,-1.645317733493832e-05,-1.6459437298634752e-05,-1.6510849151981694e-05,-1.6428522120298506e-05,-1.650080847370355e-05,-1.6473379567447375e-05,-1.6444002775929504e-05,-1.6514162643876873e-05,-1.643856684018132e-05,-1.6482697503432222e-05,-1.6490508057028813e-05,-1.643614968679095e-05,-1.6509209700627665e-05,-1.6453525060662835e-05,-1.646531039697839e-05,-1.65018005047883e-05,-1.6436251658374356e-05,-1.6498113429589116e-05,-1.6469885425554688e-05,-1.6451797794509324e-05,-1.6505986860800437e-05,-1.644313886205505e-05,-1.648384002273234e-05,-1.648438199227404e-05,-1.6444129166343352e-05,-1.650331125203163e-05,-1.6454540306010065e-05,-1.646952144678836e-05,-1.649457020700647e-05,-1.6442894935006672e-05,-1.649526724221187e-05,-1.646766831652244e-05,-1.645784507177664e-05,-1.6499165775522215e-05,-1.6447395417403858e-05,-1.648413745825193e-05,-1.6479815208570627e-05,-1.6450614833502703e-05,-1.64981172818451e-05,-1.645595844478157e-05,-1.647245207725258e-05,-1.6488848669118164e-05,-1.6448541279434017e-05,-1.649243747315467e-05,-1.646639311387323e-05,-1.6462479297609918e-05,-1.6493527755239588e-05,-1.645126669816193e-05,-1.6483859709142483e-05,-1.647647502236475e-05,-1.645583856556419e-05,-1.649360629233692e-05,-1.645758662157547e-05,-1.647440918884751e-05,-1.6484367584737273e-05,-1.6453291214802882e-05,-1.6489735066992057e-05,-1.6465797822142297e-05,-1.6465981561081573e-05,-1.648890979270217e-05,-1.645472205358648e-05,-1.6483210231972386e-05,-1.6474089352407894e-05,-1.646000674623545e-05,-1.648973586287643e-05,-1.6459287725348202e-05,-1.6475637275108593e-05,-1.6480897186972737e-05,-1.6457248585159647e-05,-1.6487228688618305e-05,-1.646567994097032e-05,-1.6468585680507604e-05,-1.648516133316644e-05,-1.6457758178406865e-05,-1.6482339852140485e-05,-1.6472437681600666e-05,-1.6463300285534267e-05,-1.6486451380500364e-05,-1.6460967420000196e-05,-1.647632919832414e-05,-1.647824283513179e-05,-1.6460515174263894e-05,-1.6484956013490923e-05,-1.646588493380806e-05,-1.647048436504292e-05,-1.6482146311360328e-05,-1.6460390119353632e-05,-1.6481358129679107e-05
-1.647171347626519e-05,-1.639219643160582e-05,-1.635804630073079e-05,-1.6485772060959007e-05,-1.6329414728003966e-05,-1.6437544921702022e-05,-1.642870115146933e-05,-1.6337015818418806e-05,-1.6481585177776597e-05,-1.6356008612070828e-05,-1.640215603939172e-05,-1.6455418124236925e-05,-1.6331686372062868e-05,-1.6463595415802496e-05,-1.6387858465160257e-05,-1.6372349139573736e-05,-1.6468761032057653e-05,-1.6340784554195562e-05,-1.6437167610294986e-05,-1.6418240807475083e-05,-1.635289744398025e-05,-1.646816633205799e-05,-1.6360519907917153e-05,-1.6408470384720476e-05,-1.64416795008656e-05,-1.6345944922957263e-05,-1.6455761508733944e-05,-1.638565870892961e-05,-1.6383204940962637e-05,-1.6454790600569802e-05,-1.6350985218018294e-05,-1.6435577479932852e-05,-1.6410712639824976e-05,-1.6365605250302856e-05,-1.6456613278344937e-05,-1.6365339828701773e-05,-1.6412518556267948e-05,-1.6431003184002608e-05,-1.6357857577869153e-05,-1.6448439201140625e-05,-1.6384973812923465e-05,-1.639131787727237e-05,-1.6443420432773633e-05,-1.6359987363193725e-05,-1.6433244861126235e-05,-1.6405447456101613e-05,-1.6375675996586627e-05,-1.6446778440395075e-05,-1.6370167030743482e-05,-1.641489057563927e-05,-1.6422806061578202e-05,-1.6367717403654045e-05,-1.6441758955903922e-05,-1.638532621023423e-05,-1.6397269878853578e-05,-1.6434250219838036e-05,-1.636782074519375e-05,-1.6430513609937855e-05,-1.6401906371506502e-05,-1.63835757388007e-05,-1.6438492818232584e-05,-1.6374800476299733e-05,-1.64160484443285e-05,-1.641659769506132e-05,-1.6375804085016115e-05,-1.6435781263497615e-05,-1.6386355095084862e-05,-1.6401537502799398e-05,-1.642692278526908e-05,-1.6374553272167826e-05,-1.6427629184924244e-05,-1.6399659476308513e-05,-1.6389704259344894e-05,-1.6431580093809108e-05,-1.637911421713706e-05,-1.6416349875801183e-05,-1.6411969558048562e-05,-1.63823768850833e-05,-1.643051751394769e-05,-1.6387792286106785e-05,-1.640450750536642e-05,-1.6421124380310475e-05,-1.6380275473464866e-05,-1.642476139880567e-05,-1.639836714171093e-05,-1.6394400744551414e-05,-1.6425866328489065e-05,-1.6383037507340145e-05,-1.6416068395219403e-05,-1.6408584497486716e-05,-1.638767079634965e-05,-1.642594592070771e-05,-1.638944233694618e-05,-1.640649091014292e-05,-1.6416583093963806e-05,-1.638508922272836e-05,-1.64220226866623e-05,-1.6397763852421964e-05,-1.6397950059836367e-05,-1.6421186325070692e-05,-1.6386539284383065e-05,-1.6415410192526855e-05,-1.6406166776800867e-05,-1.6391894975223305e-05,-1.642202349323913e-05,-1.639116629451554e-05,-1.6407735495358445e-05,-1.6413066072491777e-05,-1.638909975911694e-05,-1.641948263587976e-05,-1.6397644387553346e-05,-1.640058916479162e-05,-1.6417387506154625e-05,-1.63896161985899e-05,-1.64145281194144e-05,-1.640449291631343e-05,-1.63952327621915e-05,-1.6418694884870606e-05,-1.6392868555339323e-05,-1.6408436714345774e-05,-1.641037606026484e-05,-1.639241023382314e-05,-1.6417179428073547e-05,-1.6397852134405683e-05,-1.6402513357559248e-05,-1.641433197847445e-05,-1.6392283498839308e-05,-1.6413533207819098e-05
-1.6414903978277195e-05,-1.633461058853531e-05,-1.6300127041267785e-05,-1.64290998205004e-05,-1.6271215931231866e-05,-1.638040182744639e-05,-1.637147171324103e-05,-1.6278891233021017e-05,-1.642487205971516e-05,-1.6298069458136422e-05,-1.634466743449903e-05,-1.639844953059253e-05,-1.627350975392809e-05,-1.6406706659130444e-05,-1.6330230269422685e-05,-1.6314569522355352e-05,-1.641192270860775e-05,-1.6282696763921388e-05,-1.6380020832252358e-05,-1.636090924225431e-05,-1.6294927914922393e-05,-1.64113222024011e-05,-1.6302624798908724e-05,-1.6351043428383343e-05,-1.638457677355539e-05,-1.6287907514672627e-05,-1.639879626763952e-05,-1.6328009036413823e-05,-1.6325531311687606e-05,-1.639781588025263e-05,-1.629299701941319e-05,-1.6378415177044038e-05,-1.6353307575193346e-05,-1.6307759790782422e-05,-1.639965635329334e-05,-1.6307491777802903e-05,-1.6355131123256755e-05,-1.637379622110201e-05,-1.6299936475856965e-05,-1.6391402470499313e-05,-1.63273174535942e-05,-1.633372345665299e-05,-1.6386334702623363e-05,-1.630208705481604e-05,-1.637605978428817e-05,-1.634799098614538e-05,-1.6317928860317366e-05,-1.6389725495325225e-05,-1.6312366109042932e-05,-1.6357526301255045e-05,-1.636551906809156e-05,-1.6309892565622686e-05,-1.6384657004333415e-05,-1.6327673291449318e-05,-1.633973356913581e-05,-1.637707495857216e-05,-1.6309996916112066e-05,-1.637330186720145e-05,-1.6344415329042905e-05,-1.6325905729719043e-05,-1.6381358978531286e-05,-1.631704479210377e-05,-1.635869547451007e-05,-1.635925008771715e-05,-1.6318058199306694e-05,-1.637862095019945e-05,-1.6328712221563803e-05,-1.634404285897702e-05,-1.636967598440035e-05,-1.6316795174455203e-05,-1.6370389280814578e-05,-1.6342146496837e-05,-1.6332094084564272e-05,-1.637437876342533e-05,-1.6321400649087398e-05,-1.6358999848934696e-05,-1.635457676502846e-05,-1.632469517128862e-05,-1.637330580932712e-05,-1.6330163444246325e-05,-1.634704185843267e-05,-1.636382096814293e-05,-1.6322573243055374e-05,-1.6367493495772497e-05,-1.6340841544848844e-05,-1.6336836422747484e-05,-1.636860921316474e-05,-1.6325362243368176e-05,-1.6358715620186578e-05,-1.635115865526147e-05,-1.6330040768353867e-05,-1.636868958246241e-05,-1.6331829604950725e-05,-1.6349044627693243e-05,-1.6359235344065417e-05,-1.63274339901743e-05,-1.636472804488759e-05,-1.6340232365493477e-05,-1.6340420390898114e-05,-1.636388351768556e-05,-1.6328898209148854e-05,-1.635805099129414e-05,-1.634871732975513e-05,-1.6334306188957645e-05,-1.6364728859339234e-05,-1.6333570393955248e-05,-1.635030136411001e-05,-1.6355683985020398e-05,-1.6331483682447217e-05,-1.6362163194944785e-05,-1.6340111734259038e-05,-1.6343085262104654e-05,-1.6360047609936554e-05,-1.6332005164049786e-05,-1.6357160306278085e-05,-1.634702712694305e-05,-1.6337676563586892e-05,-1.6361367752922656e-05,-1.633528927438336e-05,-1.635100942927623e-05,-1.6352967709521564e-05,-1.6334826478157928e-05,-1.6359837500336375e-05,-1.6340321509396603e-05,-1.634502824125449e-05,-1.6356962250364374e-05,-1.633469850582829e-05,-1.6356155681108444e-05
-1.6366745234248497e-05,-1.6285909896502854e-05,-1.62511935991962e-05,-1.6381036892682466e-05,-1.6222087350825474e-05,-1.6332010207812015e-05,-1.6323019818936686e-05,-1.6229814457806763e-05,-1.6376780596216704e-05,-1.624912212820839e-05,-1.629603462212157e-05,-1.635017972567695e-05,-1.622439665589995e-05,-1.635849258650294e-05,-1.628150001200251e-05,-1.6265733561207415e-05,-1.636374384221093e-05,-1.6233645674506193e-05,-1.6331626641054053e-05,-1.631238605552995e-05,-1.6245959380844442e-05,-1.636313928282953e-05,-1.6253708215694038e-05,-1.6302453651393585e-05,-1.633621333312377e-05,-1.6238891595723852e-05,-1.635052880305919e-05,-1.6279263786566515e-05,-1.6276769338197496e-05,-1.634954179845276e-05,-1.624401545256915e-05,-1.633001014832053e-05,-1.6304733080281576e-05,-1.625887786669228e-05,-1.6351394693944357e-05,-1.6258608044733222e-05,-1.63065689365591e-05,-1.632536001628841e-05,-1.6251001747545702e-05,-1.6343085100769712e-05,-1.6278567535841726e-05,-1.6285016776838047e-05,-1.6337983127504095e-05,-1.6253166842045566e-05,-1.632763885761333e-05,-1.6299380606401364e-05,-1.6269115573346076e-05,-1.6341396806689413e-05,-1.6263515275743626e-05,-1.630898028104306e-05,-1.6317026995832768e-05,-1.626102503690271e-05,-1.6336294105427194e-05,-1.6278925775458883e-05,-1.6291067455156648e-05,-1.6328660883914384e-05,-1.6261130091715814e-05,-1.632486232569836e-05,-1.629578081505527e-05,-1.627714628339967e-05,-1.6332973819280777e-05,-1.626822553802852e-05,-1.6310157345746107e-05,-1.6310715702368696e-05,-1.6269245785321427e-05,-1.6330217310361767e-05,-1.627997171793271e-05,-1.6295405830966637e-05,-1.6321211969650435e-05,-1.6267974235561482e-05,-1.632193008052783e-05,-1.6293496669146848e-05,-1.628337640714475e-05,-1.6325946490537513e-05,-1.6272610795290362e-05,-1.6310463774575365e-05,-1.63060108366363e-05,-1.627592755418798e-05,-1.6324866294431794e-05,-1.6281432735783156e-05,-1.6298425072459313e-05,-1.6315317434394216e-05,-1.6273791303794792e-05,-1.6319014750104395e-05,-1.6292182909258973e-05,-1.628815075419843e-05,-1.632013799813914e-05,-1.6276599128735086e-05,-1.6310177627397808e-05,-1.630256965600668e-05,-1.628130923187789e-05,-1.6320218909897164e-05,-1.628311014240046e-05,-1.630044135960481e-05,-1.631070085920326e-05,-1.6278684858996752e-05,-1.631623063354114e-05,-1.62915696181886e-05,-1.6291758912688897e-05,-1.6315380406121034e-05,-1.6280158960858965e-05,-1.6309508512528346e-05,-1.6300111852537594e-05,-1.6285603442350783e-05,-1.631623145349e-05,-1.6284862681028818e-05,-1.6301706578485634e-05,-1.6307125529916714e-05,-1.628276188505954e-05,-1.6313648471895455e-05,-1.6291448172741967e-05,-1.6294441770701516e-05,-1.631151860754149e-05,-1.6283286886452646e-05,-1.6308611815747587e-05,-1.6298410241538083e-05,-1.6288996565649732e-05,-1.631284766096042e-05,-1.6286593163206706e-05,-1.630241942280621e-05,-1.6304390920653556e-05,-1.628612724329337e-05,-1.6311307079786235e-05,-1.6291659363777127e-05,-1.629639786417714e-05,-1.6308412423036322e-05,-1.6285998407202108e-05,-1.630760040976315e-05
-1.6325904518105842e-05,-1.624471442601625e-05,-1.620984577260373e-05,-1.6340258896979328e-05,-1.618061178841432e-05,-1.6291017053368748e-05,-1.628198720923046e-05,-1.6188372806613696e-05,-1.633598392131085e-05,-1.6207765210748586e-05,-1.6254883585053503e-05,-1.630926631006536e-05,-1.6182931228115922e-05,-1.6317615652751523e-05,-1.624028518827602e-05,-1.622444954476071e-05,-1.6322889954145047e-05,-1.619222083700878e-05,-1.62906318032879e-05,-1.6271306778439553e-05,-1.620458858333666e-05,-1.6322282741591496e-05,-1.6212371424759374e-05,-1.6261330784907616e-05,-1.6295238624536044e-05,-1.6197489780501e-05,-1.6309616919410243e-05,-1.6238039148930543e-05,-1.6235533753413663e-05,-1.630862558323075e-05,-1.6202636123928586e-05,-1.628900821640676e-05,-1.626362021730796e-05,-1.6217563763312334e-05,-1.6310486610348226e-05,-1.6217292757211357e-05,-1.6265464130432988e-05,-1.6284337676783303e-05,-1.6209653078992175e-05,-1.630214054965384e-05,-1.6237339842636543e-05,-1.624381738680228e-05,-1.6297016185844318e-05,-1.6211827675235956e-05,-1.6286626519041995e-05,-1.6258244253535664e-05,-1.6227846399213767e-05,-1.6300444846318188e-05,-1.6222221524118884e-05,-1.6267886057354707e-05,-1.6275968085994838e-05,-1.6219720356604064e-05,-1.6295319751317176e-05,-1.6237699654425772e-05,-1.6249894619156245e-05,-1.6287653030612484e-05,-1.6219825872461214e-05,-1.6283837802025983e-05,-1.6254628664128317e-05,-1.6235912352879328e-05,-1.6291984893747338e-05,-1.6226952457883027e-05,-1.626906828772945e-05,-1.6269629094758545e-05,-1.6227977182638008e-05,-1.6289216287600303e-05,-1.6238750187127665e-05,-1.6254252034382744e-05,-1.6280171426008314e-05,-1.6226700052548797e-05,-1.628089268839049e-05,-1.6252334494006403e-05,-1.6242169818174816e-05,-1.6284926724836056e-05,-1.6231356960305543e-05,-1.6269376061353715e-05,-1.6264903581230236e-05,-1.623468827514688e-05,-1.628384178817662e-05,-1.624021761680793e-05,-1.6257284526132856e-05,-1.6274251021966905e-05,-1.6232542649595153e-05,-1.6277964563734227e-05,-1.6251014968545694e-05,-1.624696511795046e-05,-1.627909274126059e-05,-1.6235362796969204e-05,-1.6269088658389305e-05,-1.62614472986191e-05,-1.6240093570892845e-05,-1.6279174008108332e-05,-1.6241902384899815e-05,-1.625930966196562e-05,-1.6269614186452324e-05,-1.623745768067652e-05,-1.6275168228783906e-05,-1.6250398985983245e-05,-1.6250589111222277e-05,-1.627431427005174e-05,-1.6238938251789107e-05,-1.6268416607039178e-05,-1.6258978708822132e-05,-1.6244406626958046e-05,-1.62751690523312e-05,-1.624366261472745e-05,-1.626058043339198e-05,-1.626602316645883e-05,-1.624155259919509e-05,-1.627257473505146e-05,-1.625027700756055e-05,-1.6253283743238203e-05,-1.6270435523564765e-05,-1.624207990461178e-05,-1.6267515975010702e-05,-1.6257269630124573e-05,-1.6247814641333885e-05,-1.627177040967379e-05,-1.624540069130758e-05,-1.6261296406104497e-05,-1.6263276556076583e-05,-1.6244932726655913e-05,-1.6270223067497804e-05,-1.6250489125429682e-05,-1.625524842123487e-05,-1.6267315707243644e-05,-1.624480332515398e-05,-1.62665001303652e-05
-1.629126386587341e-05,-1.6209860132915423e-05,-1.6174899727305034e-05,-1.6305656016375043e-05,-1.614558881779619e-05,-1.6256284599438957e-05,-1.6247230994473534e-05,-1.6153370258076948e-05,-1.630136979167986e-05,-1.6172813690729637e-05,-1.622005605073459e-05,-1.627458187661378e-05,-1.614791436079315e-05,-1.6282953189478524e-05,-1.620541924022848e-05,-1.618954192733523e-05,-1.628824136949074e-05,-1.615722841404935e-05,-1.625589833562405e-05,-1.6236522459557478e-05,-1.6169628704447543e-05,-1.628763255913857e-05,-1.6177432025376524e-05,-1.622652021553282e-05,-1.6260517279106156e-05,-1.6162511222061664e-05,-1.6274933408540263e-05,-1.6203167290730866e-05,-1.6200655302600775e-05,-1.6273939463792203e-05,-1.616767110740367e-05,-1.625427047649118e-05,-1.6228815672268323e-05,-1.6182638026873927e-05,-1.627580538795363e-05,-1.618236630765664e-05,-1.6230664437404123e-05,-1.6249587646967376e-05,-1.617470652664601e-05,-1.626743736571679e-05,-1.6202466144305886e-05,-1.620896073326274e-05,-1.626229951782927e-05,-1.6176886845048965e-05,-1.6251882512008344e-05,-1.6223425562366383e-05,-1.6192947720156462e-05,-1.6265737200364604e-05,-1.618730804395508e-05,-1.623309273730261e-05,-1.624119603272016e-05,-1.6184800294952466e-05,-1.6260598619361566e-05,-1.6202826902891715e-05,-1.621505395704083e-05,-1.625291172470674e-05,-1.618490608846048e-05,-1.6249086456856492e-05,-1.6219800459019084e-05,-1.6201034898300297e-05,-1.6257254986560062e-05,-1.6192051426538673e-05,-1.623427807855847e-05,-1.623484036127625e-05,-1.6193078847719792e-05,-1.625447909519624e-05,-1.6203880199929904e-05,-1.621942283822271e-05,-1.6245410433260696e-05,-1.6191798357033563e-05,-1.6246133593548364e-05,-1.6217500252095333e-05,-1.6207308829278793e-05,-1.6250178245021297e-05,-1.6196467518820223e-05,-1.6234586662047857e-05,-1.6230102413191116e-05,-1.619980759957101e-05,-1.6249090453496147e-05,-1.620535149095511e-05,-1.6222463309569273e-05,-1.623947445046789e-05,-1.6197656328092617e-05,-1.6243197763923696e-05,-1.6216177254479857e-05,-1.6212116747244437e-05,-1.6244328910098328e-05,-1.62004838963073e-05,-1.623429850282099e-05,-1.6226637035834555e-05,-1.620522711862979e-05,-1.6244410390788913e-05,-1.6207040692288896e-05,-1.6224493774276125e-05,-1.6234825413740813e-05,-1.6202584292420906e-05,-1.6240394070791956e-05,-1.621555965104168e-05,-1.621575027656985e-05,-1.6239537864981603e-05,-1.6204068759458352e-05,-1.6233624683057617e-05,-1.6224161950273707e-05,-1.6209551523925166e-05,-1.6240394896506307e-05,-1.6208805553925897e-05,-1.622576788956753e-05,-1.6231224944458498e-05,-1.620668998616987e-05,-1.623779375262763e-05,-1.6215437351649084e-05,-1.6218451999149527e-05,-1.6235648912092015e-05,-1.620721867912024e-05,-1.6232721681136414e-05,-1.6222448374364138e-05,-1.6212968506035024e-05,-1.62369873107753e-05,-1.6210548204022083e-05,-1.6226485746266486e-05,-1.6228471106738382e-05,-1.6210079007984026e-05,-1.623543589697533e-05,-1.6215650027678016e-05,-1.6220421846933572e-05,-1.6232520886391514e-05,-1.6209949265979346e-05,-1.6231703163431593e-05
-1.6261882224623348e-05,-1.6180364767412507e-05,-1.614535552072489e-05,-1.6276294481531694e-05,-1.6116003662709594e-05,-1.6226854090762348e-05,-1.6217787837550675e-05,-1.6123795973971937e-05,-1.627200226881012e-05,-1.6143266569873425e-05,-1.6190574929334415e-05,-1.624517692996118e-05,-1.6118332454582622e-05,-1.625355993788297e-05,-1.6175917670621838e-05,-1.616001817649094e-05,-1.6258855505693006e-05,-1.6127659519941697e-05,-1.6226467287321532e-05,-1.62070643423854e-05,-1.614007713403881e-05,-1.6258245844808557e-05,-1.6147891356517513e-05,-1.619704812482799e-05,-1.6231092683651404e-05,-1.6132949708246934e-05,-1.6245528952991743e-05,-1.61736625750612e-05,-1.6171147077583776e-05,-1.6244533619663335e-05,-1.6138116802154002e-05,-1.62248371540047e-05,-1.6199346788407857e-05,-1.615310463100608e-05,-1.6246402150595038e-05,-1.6152832532186244e-05,-1.6201198136342084e-05,-1.6220147782381788e-05,-1.6145162050156865e-05,-1.6238022437898283e-05,-1.6172960449106775e-05,-1.617946411126273e-05,-1.6232877412232906e-05,-1.6147345414551352e-05,-1.62224458534405e-05,-1.6193949148307986e-05,-1.616342872734021e-05,-1.6236319897347478e-05,-1.6157781172286848e-05,-1.620362982867212e-05,-1.6211744444715685e-05,-1.6155269919859132e-05,-1.6231174137542383e-05,-1.61733217116867e-05,-1.6185565847516807e-05,-1.6223476503989973e-05,-1.615537586116489e-05,-1.6219645892088384e-05,-1.6190318980547118e-05,-1.6171527203593588e-05,-1.622782583355286e-05,-1.6162531181564587e-05,-1.620481682589686e-05,-1.6205379894145965e-05,-1.616356003809396e-05,-1.6225046064158393e-05,-1.6174376480222748e-05,-1.618994083219947e-05,-1.6215964732941407e-05,-1.6162277758511313e-05,-1.6216688903512763e-05,-1.61880155601428e-05,-1.6177809899503214e-05,-1.6220739205524683e-05,-1.6166953443302707e-05,-1.620512584048966e-05,-1.62006353269589e-05,-1.617029819027916e-05,-1.6219649894311504e-05,-1.6175849826700036e-05,-1.6192985551205445e-05,-1.621002045734453e-05,-1.6168143913388942e-05,-1.6213748972417332e-05,-1.6186690714247032e-05,-1.6182624534321494e-05,-1.6214881698848163e-05,-1.617097543182889e-05,-1.6204837278692887e-05,-1.619716510833233e-05,-1.6175725280621633e-05,-1.6214963293370514e-05,-1.6177541387915277e-05,-1.6195018852552254e-05,-1.6205364925728228e-05,-1.6173078762279412e-05,-1.621094136241477e-05,-1.6186072247992284e-05,-1.6186263139831902e-05,-1.621008396045084e-05,-1.6174565303176355e-05,-1.6204162517576503e-05,-1.6194686564978505e-05,-1.6180055727283212e-05,-1.6210942189282674e-05,-1.6179308715134184e-05,-1.61962947478334e-05,-1.6201759426447112e-05,-1.6177190191845852e-05,-1.6208337411502534e-05,-1.6185949777742573e-05,-1.618896863682549e-05,-1.6206189574539383e-05,-1.6177719623401305e-05,-1.6203258254125703e-05,-1.6192970595135232e-05,-1.6183477483052992e-05,-1.620752984301886e-05,-1.618105379978187e-05,-1.6197013607406716e-05,-1.6199001741506162e-05,-1.6180583948258283e-05,-1.6205976261832105e-05,-1.6186162750888376e-05,-1.6190941236565236e-05,-1.6203057178862557e-05,-1.6180454024998862e-05,-1.6202238313511132e-05
-1.6236964651469888e-05,-1.6155399337579426e-05,-1.6120369537916294e-05,-1.6251385369421853e-05,-1.609100044822433e-05,-1.6201915953545225e-05,-1.619284437778314e-05,-1.609879733414045e-05,-1.624709063685906e-05,-1.6118279360698657e-05,-1.6165615493609406e-05,-1.6220249549584065e-05,-1.6093330607267657e-05,-1.622863747894156e-05,-1.6150949630019314e-05,-1.6135040801728313e-05,-1.6233936155635273e-05,-1.6102663148292853e-05,-1.620152892302264e-05,-1.6182114587145824e-05,-1.6115088052433103e-05,-1.6233326136835517e-05,-1.6122906862429066e-05,-1.6172092489339806e-05,-1.6206157034796757e-05,-1.6107956442323605e-05,-1.6220601779277767e-05,-1.6148693210553476e-05,-1.614617623629597e-05,-1.6219605861616263e-05,-1.611312656969082e-05,-1.619989783269892e-05,-1.6174392502402472e-05,-1.6128123197489142e-05,-1.6221475489511598e-05,-1.6127850938927493e-05,-1.6176244937212665e-05,-1.619520570807361e-05,-1.6120175953766963e-05,-1.6213090857313676e-05,-1.614799067240002e-05,-1.6154498152678946e-05,-1.6207942811143815e-05,-1.6122360599955236e-05,-1.619750512826727e-05,-1.6168991693495062e-05,-1.613845335481913e-05,-1.621138731724767e-05,-1.6132802484239965e-05,-1.617867805712306e-05,-1.6186797437036763e-05,-1.6130289757524323e-05,-1.62062385365071e-05,-1.6148352147067367e-05,-1.6160603471096243e-05,-1.619853638388362e-05,-1.6130395761025334e-05,-1.6194703523134078e-05,-1.6165359394561544e-05,-1.6146556585467413e-05,-1.620288826681947e-05,-1.613755528211882e-05,-1.617986575120155e-05,-1.6180429150012694e-05,-1.6138584742661847e-05,-1.6200106865498076e-05,-1.6149407534829302e-05,-1.6164981024213297e-05,-1.6191020202878793e-05,-1.613730171028777e-05,-1.6191744798590974e-05,-1.616305462188182e-05,-1.6152842969776746e-05,-1.6195797478424927e-05,-1.61419801400464e-05,-1.6180174947208404e-05,-1.6175681797419415e-05,-1.6145326850632733e-05,-1.6194707527706796e-05,-1.6150881746268196e-05,-1.6168027530690897e-05,-1.6185072437559564e-05,-1.6143171309025208e-05,-1.6188803141542046e-05,-1.61617289982051e-05,-1.615766043113604e-05,-1.618993653296572e-05,-1.6146004489772534e-05,-1.6179886216004856e-05,-1.617220954152198e-05,-1.6150757127072178e-05,-1.6190018175389998e-05,-1.6152574300552966e-05,-1.6170062025733568e-05,-1.6180414172807403e-05,-1.6148109055031097e-05,-1.6185993883268093e-05,-1.6161110168865655e-05,-1.616130117277267e-05,-1.6185135977946817e-05,-1.6149596468635728e-05,-1.6179211058754596e-05,-1.616972954308283e-05,-1.6155090116021088e-05,-1.618599471062143e-05,-1.6154342665321565e-05,-1.6171338670058094e-05,-1.617680655683583e-05,-1.6152222898305892e-05,-1.6183388403647177e-05,-1.6160987626716995e-05,-1.616400825808988e-05,-1.6181239305747422e-05,-1.6152752640676196e-05,-1.617830626443534e-05,-1.6168012565840385e-05,-1.6158513880610512e-05,-1.6182580361062036e-05,-1.6156088774460933e-05,-1.6172057951654292e-05,-1.6174047252933135e-05,-1.615561864710031e-05,-1.6181025867810064e-05,-1.616120072489353e-05,-1.6165982015889228e-05,-1.6178105071126384e-05,-1.615548864756648e-05,-1.617728572504141e-05
-1.6215837513807935e-05,-1.613426410853393e-05,-1.6099230833869834e-05,-1.623025966231358e-05,-1.606985883072658e-05,-1.6180785339007575e-05,-1.6171712863333564e-05,-1.6077656490103763e-05,-1.622596450370782e-05,-1.6097140449303943e-05,-1.6144481278019665e-05,-1.619912075376261e-05,-1.6072189220924666e-05,-1.6207509515213433e-05,-1.6129813959557132e-05,-1.6113903553090004e-05,-1.6212808717542657e-05,-1.6081522687749877e-05,-1.6180398270091065e-05,-1.6160982008287283e-05,-1.6093948824456524e-05,-1.6212198638228255e-05,-1.6101768410088445e-05,-1.6150958916276332e-05,-1.6185026840979795e-05,-1.6086816506882175e-05,-1.6199473018397948e-05,-1.6127557316251596e-05,-1.6125040092307023e-05,-1.6198477001940134e-05,-1.609198714713264e-05,-1.6178767017961098e-05,-1.6153259157503237e-05,-1.6106985262615636e-05,-1.620034681530495e-05,-1.610671297704559e-05,-1.6155111776077337e-05,-1.617407442787102e-05,-1.6099037230516707e-05,-1.6191961351340783e-05,-1.6126854708405455e-05,-1.6133362834234757e-05,-1.6186812794478153e-05,-1.610122209342468e-05,-1.6176374076170104e-05,-1.614785781282867e-05,-1.6117316444710454e-05,-1.619025764228142e-05,-1.6111665013557692e-05,-1.615754513735634e-05,-1.6165665322722922e-05,-1.6109152037576343e-05,-1.6185108350775212e-05,-1.6127216218931553e-05,-1.6139468758307455e-05,-1.617740543408833e-05,-1.6109258051593038e-05,-1.6173572193114097e-05,-1.614422515356645e-05,-1.612542047920959e-05,-1.618175774873654e-05,-1.611641828292018e-05,-1.6158732949255603e-05,-1.615929640395663e-05,-1.6117447845587012e-05,-1.6178976071496577e-05,-1.6128271711389305e-05,-1.614384674568338e-05,-1.616988850746873e-05,-1.6116164685934482e-05,-1.6170613175061733e-05,-1.6141920152250327e-05,-1.613170748713629e-05,-1.6174666256926712e-05,-1.6120843579799332e-05,-1.6159042175935096e-05,-1.6154548580419895e-05,-1.6124190622383638e-05,-1.6173576198084074e-05,-1.612974606907186e-05,-1.6146893554378324e-05,-1.616394015212357e-05,-1.6122034866943628e-05,-1.616767122619666e-05,-1.614059439707004e-05,-1.613652542639392e-05,-1.6168804730054215e-05,-1.612486832874611e-05,-1.6158753416089045e-05,-1.615107598007023e-05,-1.612962143751346e-05,-1.6168886380577523e-05,-1.613143879126018e-05,-1.6148928251245504e-05,-1.6159281425265584e-05,-1.612697310278024e-05,-1.6164861689240692e-05,-1.6139975506341933e-05,-1.6140166529196782e-05,-1.616400369881411e-05,-1.6128460663938204e-05,-1.6158078191862317e-05,-1.6148595735612064e-05,-1.613395485630042e-05,-1.6164862516676103e-05,-1.6133207331452828e-05,-1.6150205022214784e-05,-1.6155673451413885e-05,-1.6131087354153555e-05,-1.6162255951152863e-05,-1.6139852952036935e-05,-1.614287388306032e-05,-1.6160106640059845e-05,-1.613161714907498e-05,-1.615717330778631e-05,-1.614687858804328e-05,-1.613737896053167e-05,-1.616144782840886e-05,-1.6134953613808458e-05,-1.6150924375164635e-05,-1.6152913873784712e-05,-1.6134483439810602e-05,-1.615989318094917e-05,-1.6140066071353085e-05,-1.6144847836658966e-05,-1.6156972094518717e-05,-1.613435342738065e-05,-1.6156152667153563e-05
-1.619792862427914e-05,-1.6116368354349362e-05,-1.6081340720912578e-05,-1.621234845046069e-05,-1.605197344739132e-05,-1.616288209374949e-05,-1.6153811078969384e-05,-1.605976985115168e-05,-1.6208053983482135e-05,-1.607925067295052e-05,-1.6126583878617053e-05,-1.6181214556047364e-05,-1.605430346233871e-05,-1.618960196669925e-05,-1.6111918921957074e-05,-1.609601107746054e-05,-1.6194900315725286e-05,-1.6063635426243952e-05,-1.6162495087160686e-05,-1.6143081951857282e-05,-1.607605956203397e-05,-1.6194290334648807e-05,-1.6083877888518396e-05,-1.613306047381308e-05,-1.6167122912734552e-05,-1.606892839293989e-05,-1.618156676395935e-05,-1.6109662642027154e-05,-1.6107145823418157e-05,-1.6180570907884923e-05,-1.6074098200588858e-05,-1.616086409770283e-05,-1.613536034464402e-05,-1.6089093901002762e-05,-1.618244042016335e-05,-1.6088821659277454e-05,-1.6137212664900516e-05,-1.61561722632363e-05,-1.60811471487344e-05,-1.6174056306467143e-05,-1.6108960147318327e-05,-1.6115467225177734e-05,-1.616890857865004e-05,-1.608333165982518e-05,-1.6158471541234895e-05,-1.6129959869720095e-05,-1.6099423419520677e-05,-1.617235287174725e-05,-1.6093772898388692e-05,-1.6139645634347918e-05,-1.6147764512162984e-05,-1.609126032705889e-05,-1.6167204409404865e-05,-1.610932159963225e-05,-1.612157216604501e-05,-1.615950273307888e-05,-1.6091366324004692e-05,-1.615567010935165e-05,-1.6126327795406234e-05,-1.6107526149068982e-05,-1.6163854346896337e-05,-1.6098525402356757e-05,-1.6140833254979963e-05,-1.614139661895079e-05,-1.609955479923843e-05,-1.6161073117575494e-05,-1.6110376922129504e-05,-1.6125949448456232e-05,-1.615198701687116e-05,-1.6098271846206472e-05,-1.615271156777468e-05,-1.6124023165252574e-05,-1.6113812144631266e-05,-1.615676399699282e-05,-1.6102949986653205e-05,-1.6141142431866282e-05,-1.6136649559931565e-05,-1.6106296490280526e-05,-1.6155674113676725e-05,-1.6111851042403855e-05,-1.6128995766539305e-05,-1.614603961935894e-05,-1.610414108197068e-05,-1.6149770092636443e-05,-1.6122697623551797e-05,-1.6118629308081012e-05,-1.6150903413971723e-05,-1.6106974087515443e-05,-1.614085371851774e-05,-1.61331775187568e-05,-1.611172643091423e-05,-1.615098505134727e-05,-1.6113543492021864e-05,-1.6131030135769756e-05,-1.6141381642671686e-05,-1.610907852262868e-05,-1.61469610080857e-05,-1.6122078832480466e-05,-1.6122269824575893e-05,-1.6146103155816887e-05,-1.611056584425235e-05,-1.614017860301888e-05,-1.613069767367959e-05,-1.611605915191314e-05,-1.6146961835387874e-05,-1.6115311747435616e-05,-1.61323067011472e-05,-1.6137774249793386e-05,-1.611319211150534e-05,-1.614435568958642e-05,-1.6121956297909753e-05,-1.6124976742488217e-05,-1.614220672458587e-05,-1.6113721821116624e-05,-1.6139273864651682e-05,-1.612898080261421e-05,-1.611948270477857e-05,-1.6143547696970253e-05,-1.6117057748596414e-05,-1.6133025938263364e-05,-1.613501511652475e-05,-1.611658765030825e-05,-1.6141993299847413e-05,-1.61221693829084e-05,-1.612695037823131e-05,-1.6139072683784426e-05,-1.611645765881353e-05,-1.6138253388367428e-05
-0.0003256306878536247,4.121675701607867e-05,0.00019876647867810194,-0.00039048918323035596,0.00033085664050982414,-0.00016799596953525166,-0.00012719572945118932,0.0002957894343673869,-0.0003711732314867499,0.0002081672415151641,-4.731337305252974e-06,-0.0002504529912927319,0.00032037653750509863,-0.0002881784692658446,6.122972295692845e-05,0.00013278113042483822,-0.0003120097513827728,0.00027840258232811175,-0.00016625526443003584,-7.893751659649867e-05,0.00022252044175641276,-0.00030926613614562883,0.00018735463006356294,-3.386221685192227e-05,-0.0001870706196089252,0.0002545955092292049,-0.0002520371764932659,7.137817548061458e-05,8.269849696443304e-05,-0.00024755794589881736,0.00023134238944275975,-0.00015891928680588515,-4.4206735556761926e-05,0.00016389368696043106,-0.0002559667680261047,0.00016511819469442528,-5.253823021416031e-05,-0.0001378160279853867,0.00019963714106094606,-0.00021825611932915661,7.453790495661711e-05,4.52699183701761e-05,-0.00019510231174348536,0.00018981149540489063,-0.00014815788020774477,-1.991610448564691e-05,0.00011743286138575517,-0.00021059429237551424,0.0001428481676523405,-6.348140911724142e-05,-9.99990614525108e-05,0.0001541493854288976,-0.000187437180991029,7.29121396431966e-05,1.781069146756585e-05,-0.0001527960464799104,0.00015367262500662525,-0.00013555740537814865,-3.579508459622619e-06,8.09878418458995e-05,-0.00017236903724328,0.00012147202533550369,-6.882317165329462e-05,-7.135710923598641e-05,0.00011684193256945741,-0.00015985943090153975,6.816543684335913e-05,-1.8777532790446307e-06,-0.00011899133630003404,0.0001226124877928232,-0.00012225027165991206,6.786417057402257e-06,5.2714254565342524e-05,-0.00014047756915988894,0.00010157082288535125,-7.021380891891384e-05,-5.000545758809119e-05,8.651868652058155e-05,-0.0001355754163095023,6.153503632432073e-05,-1.5579694260823413e-05,-9.224071883812228e-05,9.621343166792163e-05,-0.00010901990055471394,1.2748530552318322e-05,3.10472823424539e-05,-0.00011411743194374534,8.347094263138419e-05,-6.891521397428951e-05,-3.4388669726289526e-05,6.209552253420492e-05,-0.0001144846261996094,5.3922618924619736e-05,-2.473002143304964e-05,-7.128974788800748e-05,7.400546826684829e-05,-9.638500502592785e-05,1.553177199599603e-05,1.4672714488489389e-05,-9.25264975300506e-05,6.73156898022447e-05,-6.587863260985166e-05,-2.3234650360855002e-05,4.2607509201834276e-05,-9.638872612308657e-05,4.596923695358971e-05,-3.0471845820428156e-05,-5.5064165736499543e-05,5.5503082608402426e-05,-8.466662259100244e-05,1.608291649579487e-05,2.497351159471371e-06,-7.500085860757269e-05,5.312051794070546e-05,-6.180923756532809e-05,-1.5512388479579305e-05,2.7208815424325624e-05,-8.103237730258118e-05,3.8115951706617455e-05,-3.370688045857711e-05,-4.2653944552510114e-05,4.023039242634351e-05,-7.404090200073612e-05,1.5124487994257668e-05,-6.379804716550765e-06,-6.0904352292463544e-05,4.08150771966882e-05,-5.7219268481708025e-05
-0.00032567763476118515,4.123741372663083e-05,0.00019881616906836463,-0.000390548082433112,0.00033093067282472573,-0.00016801386709969286,-0.00012720610823939763,0.00029585700440472464,-0.0003712285710947932,0.00020821866430288443,-4.719148031137809e-06,-0.00025048608425538973,0.0003204486385188797,-0.00028821851437943523,6.125406770981449e-05,0.00013281866086047478,-0.00031205418818810863,0.00027846694827033606,-0.0001662728412127329,-7.89390022335123e-05,0.0002225745095898636,-0.0003093100673502868,0.00018740221744815812,-3.3855395893393596e-05,-0.00018709203230036874,0.0002546554879409859,-0.00025207056139376553,7.140439041719262e-05,8.272679803981675e-05,-0.00024759050535484755,0.0002313980830080802,-0.00015893551169520872,-4.4201820913520055e-05,0.00016393695090033468,-0.00025600087708213277,0.0001651616842898552,-5.2534850920805716e-05,-0.00013782836391031879,0.0001996869918991772,-0.00021828327896703035,7.45647021765062e-05,4.529132200803051e-05,-0.00019512520453641375,0.00018985953554713375,-0.00014817212195657715,-1.9906713500618806e-05,0.00011746756340174943,-0.0002106200400716377,0.00014288755326824276,-6.348004646185952e-05,-0.00010000442836675617,0.0001541908536631238,-0.00018745866123337428,7.293863726275062e-05,1.7827034846407532e-05,-0.00015281114296229972,0.00015371400538217897,-0.0001355693250781285,-3.567106923439123e-06,8.101582767723023e-05,-0.00017238774068821302,0.00012150747169932142,-6.882279339205145e-05,-7.135719793546778e-05,0.00011687652568752531,-0.00015987582904310567,6.819105972795759e-05,-1.8650381389122545e-06,-0.00011900020316095708,0.0001226481443240811,-0.00012225973908606893,6.800728853776563e-06,5.2737030065174654e-05,-0.0001404903955606732,0.00010160260180290698,-7.021368692798669e-05,-5.000161154869332e-05,8.6547691590608e-05,-0.00013558733932858425,6.155943734116221e-05,-1.5569504150641464e-05,-9.224465602445588e-05,9.624422331124383e-05,-0.00010902692985306542,1.2763941062748001e-05,3.1066064995296624e-05,-0.00011412540062867335,8.349938605509994e-05,-6.891485267484887e-05,-3.438194578388996e-05,6.21200268389287e-05,-0.00011449266255206679,5.3945617105034295e-05,-2.4721517569378075e-05,-7.128982417396135e-05,7.403216736789492e-05,-9.638970593228927e-05,1.554769540952564e-05,1.4688479592627746e-05,-9.253048738043795e-05,6.734115609320937e-05,-6.587771172115993e-05,-2.3225870926244313e-05,4.262842220388026e-05,-9.63934277151816e-05,4.599076946372361e-05,-3.0464400075352165e-05,-5.506125192922867e-05,5.5526372040847765e-05,-8.466916400283253e-05,1.609894147569167e-05,2.5108725554297147e-06,-7.500161878683253e-05,5.314336830782768e-05,-6.180756675774668e-05,-1.5502185966109843e-05,2.7226890714325013e-05,-8.103424898607035e-05,3.813603699255996e-05,-3.370003087424673e-05,-4.264874375683205e-05,4.0250867367018354e-05,-7.404148527665164e-05,1.5140336352413441e-05,-6.367919226373321e-06,-6.0902514730229e-05,4.0835659884620055e-05,-5.721675182247514e-05
-0.00032569008467225587,4.1252135314649436e-05,0.0001988425599815442,-0.0003905653362553799,0.0003309668473353163,-0.00016801464139010666,-0.00012720386055514108,0.00029589058157254234,-0.000371244394231438,0.00020824575150773085,-4.707829706847658e-06,-0.0002504929659370991,0.0003204840367936993,-0.0002882281902956547,6.127027160960452e-05,0.00013284016439920197,-0.00031206562922950307,0.0002784992376362595,-0.00016627348657334817,-7.893318018065929e-05,0.00022260265990138478,-0.00030932130517876544,0.00018742776311343265,-3.384623522258623e-05,-0.00018709421940377708,0.00025468601397483757,-0.0002520775604122244,7.142134598820828e-05,8.274459207954517e-05,-0.00024759717260757733,0.00023142688673983617,-0.00015893561369778201,-4.419342643608408e-05,0.00016396075887054536,-0.00025600816715589064,0.0001651855829563791,-5.252707353694e-05,-0.00013782690284577562,0.0001997134473002044,-0.00021828777590464664,7.458189178100845e-05,4.53063438038646e-05,-0.00019512798652774775,0.0001898852631864558,-0.00014817142688790556,-1.98965198751466e-05,0.00011748793013147322,-0.00021062396951634368,0.0001429098024479624,-6.347307961267177e-05,-0.00010000016629136759,0.000154213939896591,-0.0001874608754870937,7.295570645076546e-05,1.7840022804009388e-05,-0.00015281079143133675,0.00015373705630315984,-0.00013556769672289553,-3.5557032859844154e-06,8.103349501288957e-05,-0.00017238883888112889,0.00012152813760010692,-6.881622219423844e-05,-7.135081442025605e-05,0.00011689684864858715,-0.00015987600067986836,6.820777733922682e-05,-1.8535084565852552e-06,-0.00011899734779723007,0.00012266889469615046,-0.0001222571251037674,6.812900270153229e-06,5.275260324490681e-05,-0.00014048913163001937,0.00010162179366997139,-7.02072187312978e-05,-4.999364656851183e-05,8.656576858249678e-05,-0.0001355857123073772,6.15756638547717e-05,-1.555898933779799e-05,-9.223981930747655e-05,9.626301836935506e-05,-0.00010902333592931554,1.2776554078387973e-05,3.108003335503002e-05,-0.00011412218426669045,8.351723730800245e-05,-6.890828829438699e-05,-3.437282410616813e-05,6.213629486639016e-05,-0.0001144894733872704,5.396127978537917e-05,-2.4711680499040114e-05,-7.128343566945818e-05,7.404931753610495e-05,-9.638517617252047e-05,1.5560514573098246e-05,1.4701235127897604e-05,-9.25256718303921e-05,6.735781076577948e-05,-6.587092242849294e-05,-2.3215923097403614e-05,4.2643246801534834e-05,-9.638889823102546e-05,4.60058430563864e-05,-3.0454988287998435e-05,-5.505366163527103e-05,5.554215178229843e-05,-8.46637662909433e-05,1.6111801461198513e-05,2.522726291114387e-06,-7.49955051552853e-05,5.3158971578501146e-05,-6.180047605487418e-05,-1.5491666168090652e-05,2.724057476813827e-05,-8.102858209446098e-05,3.8150528911461834e-05,-3.369085869805004e-05,-4.264023426793845e-05,4.0265515897407904e-05,-7.403530054345048e-05,1.5153125349449413e-05,-6.356723000059837e-06,-6.0895357004702485e-05,4.085035172119022e-05,-5.7209321151742624e-05
-0.00032569836730935136,4.126447256970126e-05,0.00019886375284759717,-0.00039057726448193817,0.00033099546477234225,-0.00016801406363867866,-0.00012720098948925258,0.0002959172279395262,-0.00037125523674008486,0.00020826747277521743,-4.698075118685103e-06,-0.00025049702295938745,0.000320512065161354,-0.0002882343678050772,6.128373376059065e-05,0.0001328576483372433,-0.0003120731462561386,0.00027852490671685686,-0.00016627281097974614,-7.892759659991426e-05,0.0002226251879386747,-0.0003093286679912964,0.00018744831453822457,-3.383811803330108e-05,-0.00018709471380709008,0.00025471034489897093,-0.00025208170647896016,7.14353785670369e-05,8.275926095504517e-05,-0.0002476010669041207,0.00023144991064431102,-0.00015893452576093076,-4.418589069519933e-05,0.00016397999159427164,-0.00025601253409851017,0.00016520488450767328,-5.252000609568132e-05,-0.00013782462872941859,0.0001997346891047594,-0.00021829002319366126,7.459610196303951e-05,4.531890888045681e-05,-0.00019512893237927964,0.00018990595270761197,-0.00014816973407007032,-1.9887618797798752e-05,0.00011750455136852891,-0.00021062578614665367,0.00014292785223762606,-6.346662726951966e-05,-9.999576654545489e-05,0.00015423262490913808,-0.00018746139049421976,7.296982525119937e-05,1.7851044442572797e-05,-0.00015280935931720718,0.00015375571451778695,-0.00013556529565307264,-3.5458839554149023e-06,8.104806773527595e-05,-0.0001723885069326518,0.00012154498587193194,-6.881007010278198e-05,-7.134480475726788e-05,0.00011691343667050498,-0.00015987496558697204,6.822162933529519e-05,-1.8435934731530143e-06,-0.00011899401557588235,0.0001226858070714964,-0.00012225397606182182,6.8233022523648794e-06,5.276558675540554e-05,-0.0001404870071145189,0.00010163752332790422,-7.020114480527723e-05,-4.99864367642652e-05,8.658065218457517e-05,-0.00013558331224991916,6.158914316692058e-05,-1.554984451795611e-05,-9.223498347787242e-05,9.627844689712975e-05,-0.00010901944322994756,1.2787291181203442e-05,3.109179900061885e-05,-0.00011411857809118665,8.353194960140427e-05,-6.890214137647816e-05,-3.4364736507934086e-05,6.214980568254804e-05,-0.00011448588785115245,5.39743312160532e-05,-2.4703050004054632e-05,-7.127742222019932e-05,7.406349779074444e-05,-9.638057328643392e-05,1.5571408117342405e-05,1.4712080385930708e-05,-9.25208520639387e-05,6.737161499896274e-05,-6.586460482933469e-05,-2.320720855006705e-05,4.265566222848202e-05,-9.638429555409565e-05,4.60184474405272e-05,-3.0446680531527977e-05,-5.504673617269798e-05,5.555529204823942e-05,-8.46585047338333e-05,1.612272598436948e-05,2.53288719197884e-06,-7.498970030146262e-05,5.317197792439671e-05,-6.179392972170648e-05,-1.5482517565101388e-05,2.7252124659808215e-05,-8.102311626239439e-05,3.8162691875341834e-05,-3.368273277756145e-05,-4.263261124722258e-05,4.0277797710526704e-05,-7.402944173204414e-05,1.516399600092901e-05,-6.347061069542049e-06,-6.088875980942032e-05,4.086266639847935e-05,-5.7202516823954054e-05
-0.00032570880711851766,4.127559495023009e-05,0.00019888413552701154,-0.0003905915164784326,0.00033102361131427254,-0.00016801523815311155,-0.0001271997658882601,0.0002959433133365268,-0.0003712683534030191,0.00020828840800320316,-4.689653428974064e-06,-0.0002505030440496101,0.00032053959571434336,-0.0002882426062854541,6.129603244307827e-05,0.00013287415259630598,-0.0003120827854676176,0.00027854997016697714,-0.00016627388318076725,-7.892353652628313e-05,0.00022264696680461036,-0.0003093381459413217,0.00018746802646349295,-3.3831408569092914e-05,-0.0001870970094720966,0.00025473400904092253,-0.0002520878206828252,7.144827374504738e-05,8.27728215075121e-05,-0.00024760691783228043,0.000231472208037804,-0.00015893516677524647,-4.4179789250694536e-05,0.00016399832455585173,-0.0002560188792719492,0.0001652232894421359,-5.251439435137963e-05,-0.00013782402935763862,0.00019975512295909053,-0.00021829415184856628,7.460918286044722e-05,4.533026949362212e-05,-0.00019513170012299845,0.0001899258090400373,-0.0001481697425612659,-1.9880089623041813e-05,0.00011752015350248992,-0.00021062946446240947,0.0001429449482068653,-6.346165873236761e-05,-9.999294440609811e-05,0.00015425038512997536,-0.00018746370770460208,7.298281059101066e-05,1.7860791084950983e-05,-0.00015280964042586922,0.0001537734467160802,-0.00013556456352624752,-3.537394564667878e-06,8.106152774057898e-05,-0.0001723899384828547,0.00012156082541580409,-6.880541553836906e-05,-7.134029913008647e-05,0.00011692900407144712,-0.00015987566186013066,6.823433567818928e-05,-1.8350040583536726e-06,-0.0001189923097453311,0.00012270171364832245,-0.00012225246178169138,6.8324009210433514e-06,5.27773849242672e-05,-0.00014048656418012584,0.00010165219313893952,-7.019657197834112e-05,-4.99806761512046e-05,8.659443727629687e-05,-0.00013558258118172246,6.160145979480986e-05,-1.5542060462045785e-05,-9.223170532646618e-05,9.6292801816819e-05,-0.0001090171513083875,1.2796740284984989e-05,3.1102323650006075e-05,-0.00011411658578719325,8.354555555590477e-05,-6.88974922220361e-05,-3.435805798704283e-05,6.216215525413136e-05,-0.00011448391712973325,5.398620040893833e-05,-2.469580377686036e-05,-7.127291263372045e-05,7.407654739312462e-05,-9.63775387237079e-05,1.5581020811686788e-05,1.4721642587457982e-05,-9.251759070974466e-05,6.738427139628098e-05,-6.585977719377106e-05,-2.3199874429457753e-05,4.266686635324231e-05,-9.638126121008454e-05,4.6029849157535983e-05,-3.043977179150546e-05,-5.5041272895290746e-05,5.556725413602741e-05,-8.465478139982507e-05,1.6132371073330257e-05,2.5417337622610907e-06,-7.49854088429125e-05,5.318379997219795e-05,-6.178886289933885e-05,-1.5474729553159635e-05,2.7262423695652304e-05,-8.101917931837631e-05,3.817363199985871e-05,-3.367601418314718e-05,-4.2626418534331834e-05,4.028886211551097e-05,-7.402509385013126e-05,1.5173584756344463e-05,-6.338736271788486e-06,-6.088363980061737e-05,4.087376516947624e-05,-5.7197180217005776e-05
-0.0003257227255410236,4.128596316821309e-05,0.0001989049341119022,-0.0003906097287701801,0.00033105315475023784,-0.00016801872058162074,-0.00012720054719188312,0.00029597053519538866,-0.0003712852869082239,0.000208309828952923,-4.682327142626519e-06,-0.00025051198543407286,0.00032056844532921906,-0.00028825404523432306,6.130772559248907e-05,0.00013289058271017968,-0.0003120958021343888,0.00027857604095274125,-0.00016627725036824187,-7.892112295998777e-05,0.00022266933798860061,-0.0003093509809707451,0.00018748806954233202,-3.3826010853350314e-05,-0.00018710175471209673,0.0002547585037115098,-0.0002520968669461333,7.146063875907497e-05,8.278593596816102e-05,-0.00024761566755416615,0.00023149516326694672,-0.00015893804829421315,-4.4175076379865895e-05,0.00016401681443458364,-0.0002560281856885667,0.00016524186038775136,-5.25102330559219e-05,-0.00013782551376380735,0.00019977597918501035,-0.00021830096168252977,7.462175706010471e-05,4.5340906045687956e-05,-0.0001951369770903477,0.00018994601477233383,-0.0001481719116358177,-1.987376862373272e-05,0.00011753556750490504,-0.00021063576705544954,0.0001429620447953659,-6.345822191531513e-05,-9.99919251909839e-05,0.00015426822990036203,-0.00018746847721230433,7.299527715906744e-05,1.7869609735921354e-05,-0.0001528121165639657,0.00015379125992318594,-0.00013556589840335175,-3.529992023044547e-06,8.107452894961214e-05,-0.00017239371042441557,0.00012157650682562277,-6.880233236550329e-05,-7.133738371314201e-05,0.00011694437895221668,-0.00015987860562006965,6.824648799718693e-05,-1.8274888543229947e-06,-0.000118992547888167,0.00012271747056092044,-0.000122252915677949,6.840489724789762e-06,5.278851431857406e-05,-0.00014048822479003964,0.00010166655701648158,-7.019358087074062e-05,-4.9976347176949967e-05,8.66078046474448e-05,-0.00013558391725121605,6.161317315708053e-05,-1.5535452376544285e-05,-9.223017248073932e-05,9.630681101549856e-05,-0.00010901672930576374,1.2805223802416976e-05,3.1112018611629215e-05,-0.00011411650125976245,8.35587211552776e-05,-6.88944151427081e-05,-3.435269512440299e-05,6.217390572263586e-05,-0.0001144838569119031,5.399740980137842e-05,-2.468980147643245e-05,-7.126999275720875e-05,7.40890863435289e-05,-9.637628024486058e-05,1.5589688589866065e-05,1.4730253492893209e-05,-9.251607678361078e-05,6.739636745892143e-05,-6.585649908166787e-05,-2.3193773130004132e-05,4.2677326644098676e-05,-9.638000297758744e-05,4.604053200704578e-05,-3.0434149620819762e-05,-5.503727882598872e-05,5.557856816093485e-05,-8.465274712126785e-05,1.6141075339288085e-05,2.549538614182429e-06,-7.498273465548255e-05,5.319495626262384e-05,-6.178531537842327e-05,-1.5468117011769633e-05,2.7271864536748306e-05,-8.101690443950963e-05,3.8183794933206815e-05,-3.367060618356809e-05,-4.262160286306829e-05,4.029916503255616e-05,-7.402235611006843e-05,1.5182225570835532e-05,-6.331519120003375e-06,-6.0880032372992294e-05,4.088410679478835e-05,-5.71933288233754e-05
-0.00032573995029024295,4.129575526425081e-05,0.0001989263291140252,-0.0003906317300878551,0.0003310842776638188,-0.00016802433616509152,-0.00012720315800105811,0.0002959990755496653,-0.00037130586568340457,0.00020833191628358313,-4.675918939734294e-06,-0.00025052367364699317,0.00032059879642518167,-0.0002882685117776225,6.13189915633255e-05,0.0001329071181556452,-0.00031211202375618275,0.0002786033008349917,-0.0001662827377557524,-7.89201797450383e-05,0.00022269248237498048,-0.00030936700053626386,0.00018750862410750382,-3.382174802308076e-05,-0.00018710877506716015,0.00025478401029816307,-0.0002521086718279496,7.14726521227998e-05,8.27987830282304e-05,-0.00024762714255858646,0.00023151895735444586,-0.00015894299541634893,-4.417157538197384e-05,0.00016403564119524638,-0.0002560402799690632,0.00016526077732850508,-5.2507345639247506e-05,-0.00013782890671543995,0.00019979743830793125,-0.00021831027872476372,7.463400312525218e-05,4.5350996640828335e-05,-0.0001951445889473735,0.00018996675027579935,-0.00014817606622345204,-1.9868478718135235e-05,0.0001175509726118187,-0.00021064451983481052,0.00014297932163780935,-6.345614041994447e-05,-9.999253307447112e-05,0.00015428633903223846,-0.00018747552456314562,7.300740349311007e-05,1.7877678068962095e-05,-0.0001528166127339723,0.0001538093339435665,-0.00013556912501647408,-3.5234989925703983e-06,8.108725002678242e-05,-0.00017239964806681086,0.0001215922094007863,-6.88006442695521e-05,-7.133588223154652e-05,0.00011695974053958942,-0.00015988362198005322,6.825826475557671e-05,-1.8208704963945462e-06,-0.00011899455447664132,0.0001227332571265769,-0.00012225516227396197,6.847746164167416e-06,5.279915315926404e-05,-0.00014049181375352148,0.00010168079394777992,-7.019199518965516e-05,-4.997327323171426e-05,8.662093304917686e-05,-0.00013558714519077135,6.162446161302383e-05,-1.5529843111699095e-05,-9.223020899336163e-05,9.632065339638765e-05,-0.00010901800153792652,1.2812919327577984e-05,3.112106176658136e-05,-0.00011411814890469868,8.357162510287706e-05,-6.889273382530525e-05,-3.4348471065279425e-05,6.218523545614402e-05,-0.00011448553159922582,5.400813763326452e-05,-2.468486609654059e-05,-7.126848631471975e-05,7.410129319684632e-05,-9.637662196756466e-05,1.5597589089613773e-05,1.4738090726495625e-05,-9.251613434268936e-05,6.74080816368445e-05,-6.585459413220766e-05,-2.3188727622021085e-05,4.268722116346557e-05,-9.638034497433543e-05,4.605067410419937e-05,-3.0429637103300627e-05,-5.503457743435034e-05,5.55894123876422e-05,-8.46522258320324e-05,1.6149016428621115e-05,2.5564791810324644e-06,-7.498150152143668e-05,5.3205625022984496e-05,-6.178311073431412e-05,-1.5462502790123184e-05,2.7280625003983243e-05,-8.101611550266216e-05,3.819335866735083e-05,-3.366633191339521e-05,-4.2617987508337e-05,4.030888448679179e-05,-7.402105227906267e-05,1.5190096075747498e-05,-6.325232320134631e-06,-6.087776108770645e-05,4.089386930871594e-05,-5.7190786146423993e-05
-0.0003257598394313986,4.130503350524917e-05,0.00019894813385072153,-0.0003906567760116107,0.0003311165846522897,-0.0001680316920526175,-0.00012720726993469764,0.00029602859440749246,-0.00037132937583049335,0.00020835446845806602,-4.670293949276603e-06,-0.0002505375855443768,0.0003206302701594658,-0.0002882854231600739,6.132986099933912e-05,0.000132923676515691,-0.0003121308299211178,0.0002786314372954083,-0.00016628995524293856,-7.892045475475734e-05,0.00022271617574666237,-0.00030938558856127396,0.00018752952150859155,-3.381843917658999e-05,-0.0001871176475458903,0.0002548102539009116,-0.00025212270968105635,7.148432844406549e-05,8.281135940794665e-05,-0.0002476408242761052,0.0002315433521433602,-0.0001589496296331162,-4.416908900960545e-05,0.00016405467325884097,-0.0002560546302569423,0.00016527990675051267,-5.250552168907119e-05,-0.00013783386304996132,0.0001998193122694315,-0.00021832163070662443,7.464593067093939e-05,4.5360597141413884e-05,-0.00019515410001153498,0.0001899878430178424,-0.00014818184482008856,-1.986406104127196e-05,0.00011756631065853062,-0.00021065526263855684,0.00014299668040992306,-6.34551865422888e-05,-9.999448264983365e-05,0.00015430459634390128,-0.00018748442618651357,7.301920177711413e-05,1.7885095335683218e-05,-0.0001528227601028874,0.00015382755334886355,-0.00013557390177196428,-3.5177824222677674e-06,8.109969039537942e-05,-0.00017240735164910428,0.00012160786859417692,-6.88001151058516e-05,-7.133555453667691e-05,0.0001169750316026114,-0.00015989033094599082,6.826968563775755e-05,-1.8150186225907513e-06,-0.00011899801409370158,0.00012274900699609138,-0.00012225888100312558,6.854286910609651e-06,5.280934554566405e-05,-0.00014049698170240634,0.00010169487083226995,-7.019157659302862e-05,-4.997124790533068e-05,8.663381316531065e-05,-0.00013559192337827842,6.163535532395547e-05,-1.5525080654639114e-05,-9.223154171682268e-05,9.63343043243141e-05,-0.00010902066834402109,1.2819934110967125e-05,3.1129531450894224e-05,-0.00011412122100636814,8.35842628983624e-05,-6.889221197972456e-05,-3.434520407611215e-05,6.219617373032862e-05,-0.00011448863289585177,5.40184260945467e-05,-2.4680831165576805e-05,-7.12681532640702e-05,7.41131784094476e-05,-9.637828419578491e-05,1.5604825163536487e-05,1.4745258498297205e-05,-9.251748978790146e-05,6.74194349571627e-05,-6.585383085349085e-05,-2.3184573796786303e-05,4.269660998067497e-05,-9.638200749841344e-05,4.606033020635079e-05,-3.0426058694492063e-05,-5.503295431677542e-05,5.5599826508756286e-05,-8.465295635269006e-05,1.6156296323054167e-05,2.562678911540472e-06,-7.498146353454208e-05,5.3215849710656584e-05,-6.17820239052985e-05,-1.545773498170129e-05,2.7288789498678327e-05,-8.101655707099743e-05,3.820239036888242e-05,-3.366301071638652e-05,-4.2615377676341825e-05,4.031808430371134e-05,-7.402093796774059e-05,1.5197299767249987e-05,-6.319738396363176e-06,-6.0876602312886305e-05,4.0903115612872545e-05,-5.7189334377201726e-05
-0.0003257824820823122,4.13138823862049e-05,0.00019897050737836648,-0.00039068498635395227,0.000331150297284511,-0.0001680408027604167,-0.00012721287820005424,0.0002960592967419586,-0.00037135592802060163,0.00020837764898171606,-4.665389421476098e-06,-0.000250553774665737,0.00032066308314115835,-0.0002883048507750054,6.134042786678635e-05,0.0001329403856187189,-0.00031215230330082353,0.0002786606470786442,-0.000166298916522219,-7.892192035790017e-05,0.0002227405884017315,-0.0003094068264189722,0.0001875509154012429,-3.381603535046931e-05,-0.00018712839569170109,0.00025483741999756423,-0.0002521390347946918,7.149576649194628e-05,8.282376923379606e-05,-0.0002476567648761369,0.0002315685221068162,-0.00015895796116513695,-4.416757319495936e-05,0.00016407405317797895,-0.00025607129270114584,0.00016529939178589137,-5.250472108052286e-05,-0.00013784038300074578,0.00019984176053793282,-0.00021833505593025614,7.465763996160212e-05,4.536979396062499e-05,-0.00019516553762729402,0.00019000944781683718,-0.00014818925255344695,-1.9860460029650393e-05,0.00011758170220977967,-0.00021066803014282566,0.00014301425370439653,-6.345532533640497e-05,-9.999775625333282e-05,0.00015432313977641103,-0.0001874952057992995,7.303077150611192e-05,1.7891934954016383e-05,-0.00015283056599347172,0.00015384605585450775,-0.00013558022783428966,-3.5127790172492044e-06,8.111195337231133e-05,-0.00017241683775709508,0.00012162360688209269,-6.880071245648083e-05,-7.133636940981381e-05,0.0001169903724263607,-0.0001598987431834332,6.828084789235532e-05,-1.8098691326580066e-06,-0.00011900291806382042,0.00012276484318549265,-0.00012226406473222378,6.860180164742161e-06,5.281918141403253e-05,-0.00014050373012965942,0.00010170890072788271,-7.019229332106767e-05,-4.997022987427884e-05,8.664655093026076e-05,-0.00013559825098672827,6.164594840062339e-05,-1.552110738963892e-05,-9.22341493157003e-05,9.634787432179039e-05,-0.00010902471632947671,1.2826339174817175e-05,3.113750734679782e-05,-0.00011412570658263827,8.359673903378459e-05,-6.889281723160464e-05,-3.4342845442639546e-05,6.22068149211911e-05,-0.00011449314999342529,5.402836569334936e-05,-2.4677643398264517e-05,-7.126896235466161e-05,7.412484199378958e-05,-9.638124755540824e-05,1.5611469151053174e-05,1.4751828741162658e-05,-9.252012191907147e-05,6.743052426635388e-05,-6.585417543407511e-05,-2.3181257661329613e-05,4.27055782489057e-05,-9.638497117746945e-05,4.606958705763725e-05,-3.042336382647132e-05,-5.503237054380851e-05,5.560990178036561e-05,-8.465491376333092e-05,1.6162987622838707e-05,2.5682039765052474e-06,-7.498259120050626e-05,5.322572045416514e-05,-6.178201915406782e-05,-1.5453755938925662e-05,2.7296435886485385e-05,-8.101820250467637e-05,3.821097306532305e-05,-3.3660593555619375e-05,-4.2613728564413484e-05,4.032684851150838e-05,-7.40219832275043e-05,1.5203908792012242e-05,-6.314975379059046e-06,-6.087651988298072e-05,4.091193001215745e-05,-5.718893560616882e-05
-1.612080421405845e-05,-1.6039361323494023e-05,-1.600438410089313e-05,-1.613520328761072e-05,-1.5975059091968723e-05,-1.608580812156088e-05,-1.6076750161543333e-05,-1.5982844275352714e-05,-1.6130915001114515e-05,-1.6002297060872358e-05,-1.6049562145851625e-05,-1.6104114200267925e-05,-1.597738575362074e-05,-1.6112489539982083e-05,-1.603491829460617e-05,-1.601903334425519e-05,-1.6117780263765503e-05,-1.5986704287212408e-05,-1.608542167194164e-05,-1.6066036475504835e-05,-1.5999110542517533e-05,-1.6117171160557524e-05,-1.600691761707499e-05,-1.605602942010457e-05,-1.6090042837272358e-05,-1.5991989636411834e-05,-1.6104465901291675e-05,-1.6032665261854155e-05,-1.6030152065383374e-05,-1.6103471478426753e-05,-1.5997152003811508e-05,-1.6083793029760314e-05,-1.6058325981022745e-05,-1.6012126122813296e-05,-1.6105338300152966e-05,-1.601185427289102e-05,-1.606017563546933e-05,-1.607910794765682e-05,-1.6004190807298866e-05,-1.6096966252649595e-05,-1.603196377815698e-05,-1.6038461491203465e-05,-1.609182593330508e-05,-1.6006372174499544e-05,-1.608140391659584e-05,-1.6052933278318306e-05,-1.6022440775363637e-05,-1.6095265269467526e-05,-1.601679838631097e-05,-1.6062605103451984e-05,-1.6070712296794623e-05,-1.6014289431006817e-05,-1.6090124216654835e-05,-1.603232471027837e-05,-1.6044557646002655e-05,-1.6082433624376026e-05,-1.6014395275404645e-05,-1.607860651645865e-05,-1.6049306431188934e-05,-1.603053184367967e-05,-1.608677897546693e-05,-1.6021544050602073e-05,-1.6063791014892092e-05,-1.6064353568084516e-05,-1.6022571966003206e-05,-1.6084001748817153e-05,-1.6033378513983632e-05,-1.6048928628745772e-05,-1.607492872458663e-05,-1.6021290859363034e-05,-1.607565223273582e-05,-1.6047005117797527e-05,-1.603680879260478e-05,-1.6079698829805895e-05,-1.6025962267154796e-05,-1.6064099746819278e-05,-1.605961334090603e-05,-1.6029303954583347e-05,-1.6078610515020805e-05,-1.6034850512743393e-05,-1.6051970562649102e-05,-1.60689898864103e-05,-1.602715164827966e-05,-1.607271499089015e-05,-1.6045681483781017e-05,-1.604161902332136e-05,-1.607384668117959e-05,-1.6029980576638393e-05,-1.6063811448979287e-05,-1.605614629660033e-05,-1.60347260805913e-05,-1.6073928201064804e-05,-1.603654052663305e-05,-1.6054002004069612e-05,-1.606433861335887e-05,-1.6032081983104738e-05,-1.606990994909898e-05,-1.6045063583257294e-05,-1.6045254300481988e-05,-1.606905333142827e-05,-1.6033567164214794e-05,-1.6063137305088654e-05,-1.605367002045002e-05,-1.60390525660537e-05,-1.606991077521052e-05,-1.6038306237220767e-05,-1.605527673224821e-05,-1.6060736412144198e-05,-1.6036189651813995e-05,-1.60673083801046e-05,-1.6044941225035067e-05,-1.6047957322670244e-05,-1.606516250783717e-05,-1.6036718599081332e-05,-1.6062233868796785e-05,-1.605195562025969e-05,-1.604247119183315e-05,-1.6066501550329858e-05,-1.604004972558326e-05,-1.6055994934257493e-05,-1.6057981249746576e-05,-1.6039580303848015e-05,-1.6064949390253907e-05,-1.604515400336747e-05,-1.604992811800941e-05,-1.6062032977463665e-05,-1.6039450499433585e-05,-1.6061214861154782e-05
-1.611517423064647e-05,-1.6033745237815784e-05,-1.5998773983865112e-05,-1.6129570847084444e-05,-1.5969453979075055e-05,-1.608018411001915e-05,-1.607112769568737e-05,-1.597723783396487e-05,-1.612528329235824e-05,-1.599668729998502e-05,-1.6043944319465114e-05,-1.6098487064905248e-05,-1.5971780243696414e-05,-1.6106860975418643e-05,-1.602930296710378e-05,-1.6013420727422923e-05,-1.611215079637224e-05,-1.5981097187137022e-05,-1.607979772634519e-05,-1.6060415837874208e-05,-1.5993501325390164e-05,-1.6111541797104016e-05,-1.600130706771785e-05,-1.605041049011706e-05,-1.608441810310216e-05,-1.5986381634423766e-05,-1.6098838705913358e-05,-1.6027050318818093e-05,-1.6024537551209e-05,-1.6097844452740646e-05,-1.5991543120896852e-05,-1.607816936208174e-05,-1.6052706659141086e-05,-1.6006514684656343e-05,-1.6099710955905092e-05,-1.6006242881123602e-05,-1.605455599795539e-05,-1.6073485079459002e-05,-1.5998580723255225e-05,-1.6091340337040687e-05,-1.602634895482484e-05,-1.603284555907613e-05,-1.6086200894860394e-05,-1.600076171821886e-05,-1.6075780656604892e-05,-1.6047314876668553e-05,-1.6016827577073985e-05,-1.6089639644121047e-05,-1.601118615086068e-05,-1.605698505136412e-05,-1.606509086126354e-05,-1.6008677623694484e-05,-1.608449946859774e-05,-1.6026709825355363e-05,-1.6038940673603598e-05,-1.607681018867171e-05,-1.600878345003061e-05,-1.6072983733827014e-05,-1.6043688648438576e-05,-1.602491726469844e-05,-1.6081154798254887e-05,-1.6015931005333043e-05,-1.6058170760435656e-05,-1.60587332176318e-05,-1.601695874532667e-05,-1.607837804552194e-05,-1.6027763449235434e-05,-1.6043310910465103e-05,-1.60693065695478e-05,-1.6015677857299553e-05,-1.6070029954234724e-05,-1.6041387727752297e-05,-1.6031193142500406e-05,-1.6074075860777636e-05,-1.6020348467943997e-05,-1.605847943967962e-05,-1.605399379934424e-05,-1.602368958513392e-05,-1.607298773170684e-05,-1.6029235196807565e-05,-1.604635232528092e-05,-1.6063368744798075e-05,-1.6021537646108208e-05,-1.6067093213611506e-05,-1.604006431960588e-05,-1.6036002552380382e-05,-1.6068224710784888e-05,-1.602436609172753e-05,-1.6058191191035898e-05,-1.6050527346668558e-05,-1.602911078588906e-05,-1.6068306216759227e-05,-1.6030924922306632e-05,-1.6048383420048315e-05,-1.6058718265458088e-05,-1.6026467139601648e-05,-1.606428865048365e-05,-1.603944652452312e-05,-1.6039637209203083e-05,-1.6063432178989538e-05,-1.6027952067274584e-05,-1.6057517162183817e-05,-1.6048051493079707e-05,-1.6033436533063038e-05,-1.606428947645422e-05,-1.603269033158658e-05,-1.60496579307023e-05,-1.6055116678937136e-05,-1.603057410736223e-05,-1.6061687525431193e-05,-1.603932418718058e-05,-1.6042339770137047e-05,-1.6059542019343806e-05,-1.6031102964367937e-05,-1.6056613880057854e-05,-1.6046337385441337e-05,-1.60368545754748e-05,-1.606088083333704e-05,-1.603443352243339e-05,-1.6050376010154786e-05,-1.6052361986691213e-05,-1.6033964180802107e-05,-1.6059328938127763e-05,-1.6039536929203654e-05,-1.604431022917198e-05,-1.6056413023005618e-05,-1.6033834398538013e-05,-1.6055595046303306e-05
-1.6112368760380075e-05,-1.603094057516806e-05,-1.5995969668064825e-05,-1.612676523403136e-05,-1.5966649954072712e-05,-1.6077378986787318e-05,-1.606832266227771e-05,-1.5974433731761685e-05,-1.6122477721829433e-05,-1.599388300488062e-05,-1.604113955566216e-05,-1.6095681760143376e-05,-1.596897619562201e-05,-1.6104055587603717e-05,-1.602649834851482e-05,-1.601061626635517e-05,-1.6109345356092487e-05,-1.5978293046656492e-05,-1.6076992606945534e-05,-1.6057610910705533e-05,-1.5990697061884492e-05,-1.610873636286436e-05,-1.5998502726794257e-05,-1.6047605662182154e-05,-1.6081612937877273e-05,-1.5983577441531703e-05,-1.6096033397663883e-05,-1.6024245722571062e-05,-1.6021732979883784e-05,-1.609503915435225e-05,-1.5988738876812795e-05,-1.6075364258832323e-05,-1.604990180843261e-05,-1.6003710292083226e-05,-1.6096905639004578e-05,-1.6003438491246252e-05,-1.605175112890504e-05,-1.6070680022668642e-05,-1.5995776409371712e-05,-1.6088535103160582e-05,-1.602354436553399e-05,-1.6030040905351488e-05,-1.608339571195365e-05,-1.5997957382704086e-05,-1.6072975577046828e-05,-1.6044510079436165e-05,-1.601402308221685e-05,-1.608683442710854e-05,-1.6008381711955623e-05,-1.6054180158222236e-05,-1.6062285887727645e-05,-1.600587320966918e-05,-1.6081694302565867e-05,-1.602390523248537e-05,-1.6036135959427165e-05,-1.6074005098902673e-05,-1.6005979034955713e-05,-1.6070178682009032e-05,-1.6040883887171383e-05,-1.6022112689607195e-05,-1.60783496653957e-05,-1.6013126519368174e-05,-1.6055365855533824e-05,-1.6055928307151477e-05,-1.60141542491686e-05,-1.6075572940202786e-05,-1.6024958845915523e-05,-1.6040506152944345e-05,-1.6066501554200205e-05,-1.601287337384542e-05,-1.6067224931712545e-05,-1.6038582989305805e-05,-1.602838850516455e-05,-1.607127079812786e-05,-1.6017543938166413e-05,-1.6055674531716284e-05,-1.6051188935869814e-05,-1.602088502221889e-05,-1.607018267984921e-05,-1.6026430578890754e-05,-1.6043547537595188e-05,-1.6060563788342253e-05,-1.6018733104536266e-05,-1.6064288220216134e-05,-1.6037259594285046e-05,-1.6033197867344448e-05,-1.6065419706167244e-05,-1.602156152210286e-05,-1.6055386285931435e-05,-1.6047722517574657e-05,-1.602630616920617e-05,-1.6065501211333202e-05,-1.6028120287631004e-05,-1.6045578612218034e-05,-1.605591335512606e-05,-1.6023662549138632e-05,-1.6061483684904138e-05,-1.6036641805329623e-05,-1.6036832488118358e-05,-1.6060627221904574e-05,-1.6025147462083946e-05,-1.605471226376442e-05,-1.60452466885415e-05,-1.6030631873477072e-05,-1.606148451086652e-05,-1.6029885679401494e-05,-1.6046853110231335e-05,-1.6052311804325904e-05,-1.602776947616601e-05,-1.605888258564983e-05,-1.6036519469200433e-05,-1.6039535022248127e-05,-1.6056737100841728e-05,-1.6028298327926473e-05,-1.6053808990597277e-05,-1.6043532597903777e-05,-1.603404988198844e-05,-1.605807590155651e-05,-1.6031628852959214e-05,-1.604757118256185e-05,-1.6049557139401222e-05,-1.6031159515982894e-05,-1.605652402173904e-05,-1.6036732209113515e-05,-1.6041505461739905e-05,-1.6053608135537154e-05,-1.6031029735005988e-05,-1.6052790166947594e-05
-1.6110236998160165e-05,-1.6028807292716742e-05,-1.5993835732720767e-05,-1.6124633740587816e-05,-1.5964515471341404e-05,-1.6075246571322433e-05,-1.6066190077734902e-05,-1.597229939435037e-05,-1.6120346148339763e-05,-1.5991749030579396e-05,-1.6039006463621698e-05,-1.6093549686383898e-05,-1.5966841756320696e-05,-1.6101923670180225e-05,-1.602436498312892e-05,-1.6008482604457197e-05,-1.610721353742684e-05,-1.5976158781297034e-05,-1.6074860184267096e-05,-1.6055478126178638e-05,-1.5988563028102998e-05,-1.6106604532829054e-05,-1.5996368838741383e-05,-1.60454726908613e-05,-1.6079480601458553e-05,-1.5981443274829767e-05,-1.6093901330469336e-05,-1.6022112315129545e-05,-1.6019599525530373e-05,-1.6092907068595583e-05,-1.5986604806472773e-05,-1.6073231805753283e-05,-1.6047768879979878e-05,-1.6001576501253495e-05,-1.6094773588094426e-05,-1.600130469534211e-05,-1.6049618234978377e-05,-1.6068547482136797e-05,-1.5993642470419592e-05,-1.60864028959759e-05,-1.602141094499842e-05,-1.6027907606103697e-05,-1.6081263408818602e-05,-1.5995823484469855e-05,-1.6070843079372062e-05,-1.6042377050322025e-05,-1.6011889483922755e-05,-1.6084702188172917e-05,-1.600624800833942e-05,-1.6052047309644573e-05,-1.6060153190480685e-05,-1.600373945922025e-05,-1.607956196766619e-05,-1.602177181868704e-05,-1.603400277397158e-05,-1.6071872620448664e-05,-1.6003845286482498e-05,-1.6068046132117362e-05,-1.6038750790357698e-05,-1.6019979242342813e-05,-1.6076217268052995e-05,-1.6010992904335615e-05,-1.605323302909265e-05,-1.6053795491211047e-05,-1.601202065332334e-05,-1.6073440491019745e-05,-1.6022825451787733e-05,-1.603837304907851e-05,-1.606436893565804e-05,-1.6010739754086737e-05,-1.6065092326675547e-05,-1.603644984953528e-05,-1.6026255175067117e-05,-1.6069138268625558e-05,-1.601541040560528e-05,-1.605354171103797e-05,-1.604905603144723e-05,-1.6018751552034454e-05,-1.6068050130032178e-05,-1.6024297212239626e-05,-1.604141449051078e-05,-1.6058431058944393e-05,-1.6016599594176393e-05,-1.6062155560351916e-05,-1.6035126429807268e-05,-1.603106462703587e-05,-1.606328706742741e-05,-1.60194280645484e-05,-1.605325345987169e-05,-1.6045589548435443e-05,-1.6024172800232363e-05,-1.6063368574115037e-05,-1.6025986952526056e-05,-1.6043445603052973e-05,-1.6053780538906485e-05,-1.6021529130809502e-05,-1.6059350972680375e-05,-1.6034508629317974e-05,-1.6034699315666684e-05,-1.605849449369099e-05,-1.6023014071477543e-05,-1.6052579425120953e-05,-1.604311367317956e-05,-1.602849858526242e-05,-1.6059351798658174e-05,-1.60277523772557e-05,-1.6044720124860636e-05,-1.6050178920866828e-05,-1.6025636134511552e-05,-1.605674982486459e-05,-1.6034386290904818e-05,-1.6037401900251674e-05,-1.605460430000115e-05,-1.6026164996145465e-05,-1.605167613509006e-05,-1.6041399550540454e-05,-1.603191665758663e-05,-1.6055943125710803e-05,-1.6029495583357767e-05,-1.6045438210597278e-05,-1.604742420451366e-05,-1.6029026237619115e-05,-1.6054391216920363e-05,-1.603459903478967e-05,-1.6039372376530764e-05,-1.6051475276280055e-05,-1.602889645421925e-05,-1.6050657292419352e-05
-1.6108461895198368e-05,-1.6027029854934382e-05,-1.599205729220461e-05,-1.6122859050421448e-05,-1.596273619013021e-05,-1.607347046508588e-05,-1.606441371182299e-05,-1.5970520336326324e-05,-1.6118571335235968e-05,-1.5989970530231572e-05,-1.6037229318278487e-05,-1.609177410494955e-05,-1.5965062541810686e-05,-1.610014832885174e-05,-1.6022587417972947e-05,-1.600670458390839e-05,-1.6105438347773846e-05,-1.5974379833932556e-05,-1.6073084066951727e-05,-1.60537014531247e-05,-1.598678443640345e-05,-1.6104829325714175e-05,-1.599459047085656e-05,-1.6043695730923158e-05,-1.6077704616623642e-05,-1.5979664478986703e-05,-1.6092125759117625e-05,-1.6020334685383194e-05,-1.6017821823735216e-05,-1.6091131468735562e-05,-1.5984826158625457e-05,-1.6071455641747682e-05,-1.604599198587999e-05,-1.5999798282687126e-05,-1.6092998041752813e-05,-1.5999526468982295e-05,-1.6047841393904742e-05,-1.6066771183818358e-05,-1.5991864024362057e-05,-1.6084627109622806e-05,-1.6019633295141795e-05,-1.602613014252477e-05,-1.6079487475101836e-05,-1.599404510094818e-05,-1.6069066846874903e-05,-1.6040600001623095e-05,-1.6010111561058844e-05,-1.608292635305571e-05,-1.6004469923718405e-05,-1.6050270538219398e-05,-1.60583766514741e-05,-1.6001961302672018e-05,-1.6077785985164284e-05,-1.601999417917769e-05,-1.6032225485158396e-05,-1.6070096417471365e-05,-1.600206713296863e-05,-1.6066269819423794e-05,-1.6036973637683606e-05,-1.601820155143521e-05,-1.6074441189649066e-05,-1.6009214955764223e-05,-1.6051456291665414e-05,-1.6052018769911198e-05,-1.6010242734220423e-05,-1.607166433299774e-05,-1.602104784248903e-05,-1.603659588557351e-05,-1.6062592517528822e-05,-1.6008961798256808e-05,-1.6063315929288002e-05,-1.6034672630886694e-05,-1.60244776641083e-05,-1.6067361987246642e-05,-1.6013632583696177e-05,-1.605176498246152e-05,-1.604727917425363e-05,-1.601697382592549e-05,-1.606627381745324e-05,-1.6022519645140466e-05,-1.603963741421253e-05,-1.6056654470559412e-05,-1.6014821806364695e-05,-1.6060379078758952e-05,-1.6033349173212487e-05,-1.6029287253977683e-05,-1.6061510618277964e-05,-1.6017650357836974e-05,-1.605147672303026e-05,-1.6043812591847944e-05,-1.6022395229565957e-05,-1.6061592127302618e-05,-1.602420943387654e-05,-1.6041668584992475e-05,-1.6052003817177905e-05,-1.60197514843416e-05,-1.6057574410671933e-05,-1.60327313550091e-05,-1.6032922046825327e-05,-1.6056717907124864e-05,-1.6021236467587103e-05,-1.6050802668953036e-05,-1.6041336645601692e-05,-1.602672113862854e-05,-1.6057575236673415e-05,-1.6025974909225922e-05,-1.6042943143344293e-05,-1.6048402095869648e-05,-1.6023858605803093e-05,-1.6054973188273863e-05,-1.6032609013088154e-05,-1.6035624708901083e-05,-1.6052827601892143e-05,-1.602438748260097e-05,-1.604989935302226e-05,-1.603962247381383e-05,-1.6030139308958575e-05,-1.605416646598972e-05,-1.6027718165310648e-05,-1.6043661249670486e-05,-1.6045647300530952e-05,-1.6027248806114523e-05,-1.6052614512701655e-05,-1.603282176307298e-05,-1.6037595241679313e-05,-1.6049698488453063e-05,-1.6027119018993402e-05,-1.604888048113844e-05
-1.610696226543061e-05,-1.6025527405509863e-05,-1.5990553631824024e-05,-1.6121359919167986e-05,-1.596123151448041e-05,-1.6071969623708757e-05,-1.6062912556847738e-05,-1.5969015930209502e-05,-1.6117072055516557e-05,-1.5988466797595e-05,-1.603572722201945e-05,-1.6090273897352227e-05,-1.5963557946712882e-05,-1.6098648411219358e-05,-1.60210848147251e-05,-1.6005201430703297e-05,-1.6103938613313075e-05,-1.5972875561454267e-05,-1.6071583212195225e-05,-1.605219992722797e-05,-1.5985280593445546e-05,-1.610332957016547e-05,-1.5993086898189535e-05,-1.6042193858569405e-05,-1.6076203921857783e-05,-1.5978160389493948e-05,-1.6090625563696638e-05,-1.6018832004132478e-05,-1.601631905547443e-05,-1.6089631238886385e-05,-1.5983322247860448e-05,-1.6069954730605512e-05,-1.6044490193036106e-05,-1.5998294890345214e-05,-1.6091497876535388e-05,-1.5998023067228593e-05,-1.6046339665098252e-05,-1.6065270110472668e-05,-1.5990360357289403e-05,-1.6083126654554417e-05,-1.601813058960482e-05,-1.602462766194691e-05,-1.6077986842069035e-05,-1.5992541509397238e-05,-1.6067565853018586e-05,-1.6039098022076963e-05,-1.6008608525823362e-05,-1.6081425839097112e-05,-1.6002966693136215e-05,-1.604876889352419e-05,-1.605687528746027e-05,-1.60004579852266e-05,-1.607628529321588e-05,-1.6018491486136645e-05,-1.6030723215637192e-05,-1.606859545926485e-05,-1.600056381918768e-05,-1.606476872871792e-05,-1.6035471532571403e-05,-1.6016698796322836e-05,-1.6072940381884143e-05,-1.6007711889482985e-05,-1.6049954688027975e-05,-1.6050517185750064e-05,-1.6008739703526933e-05,-1.607016342908169e-05,-1.601954518593201e-05,-1.6035093767381302e-05,-1.60610912994931e-05,-1.600745872320977e-05,-1.6061814736301053e-05,-1.6033170446100085e-05,-1.602297512631191e-05,-1.6065860934358045e-05,-1.6012129670379233e-05,-1.6050263389512773e-05,-1.6045777425979786e-05,-1.601547102830203e-05,-1.6064772726885802e-05,-1.6021017039545926e-05,-1.6038135401335954e-05,-1.6055153046913536e-05,-1.6013318934225645e-05,-1.6058877784080944e-05,-1.603184694259998e-05,-1.602778488271761e-05,-1.6060009362780518e-05,-1.601614758363903e-05,-1.6049975120100275e-05,-1.6042310723540603e-05,-1.6020892619663415e-05,-1.6060090874627493e-05,-1.6022706886792438e-05,-1.6040166642446995e-05,-1.6050502232499025e-05,-1.601824878289703e-05,-1.60560730188798e-05,-1.6031229103004088e-05,-1.6031419801423187e-05,-1.6055216485675535e-05,-1.6019733817561397e-05,-1.6049301042683327e-05,-1.6039834691562514e-05,-1.6025218678514444e-05,-1.6056073844909883e-05,-1.6024472423272967e-05,-1.6041441244931527e-05,-1.6046900386477963e-05,-1.6022356046571254e-05,-1.605347170641209e-05,-1.6031106756846947e-05,-1.603412255708102e-05,-1.6051326045737537e-05,-1.602288494168196e-05,-1.6048397695474435e-05,-1.603812046041993e-05,-1.6028636967201663e-05,-1.6052664956194475e-05,-1.6026215739719487e-05,-1.6042159376122793e-05,-1.604414549575203e-05,-1.602574636427138e-05,-1.6051112949168647e-05,-1.6031319514198424e-05,-1.6036093158090698e-05,-1.6048196823950126e-05,-1.6025616572656267e-05,-1.604737878831127e-05
-1.610569267013194e-05,-1.6024254661668175e-05,-1.598927953577972e-05,-1.6120090880530584e-05,-1.5959956284745344e-05,-1.6070698675477967e-05,-1.6061641258440565e-05,-1.5967741001445887e-05,-1.6115802851096057e-05,-1.5987192620866727e-05,-1.6034454872536657e-05,-1.6089003656825644e-05,-1.5962282806925438e-05,-1.6097378494479385e-05,-1.601981189911805e-05,-1.60039279009917e-05,-1.610266890110994e-05,-1.5971600781916857e-05,-1.607031224902448e-05,-1.605092821463484e-05,-1.5984006293528004e-05,-1.61020598344147e-05,-1.5991812900089747e-05,-1.6040921759108324e-05,-1.607493313733907e-05,-1.5976885814285598e-05,-1.6089355336766648e-05,-1.6017559001424264e-05,-1.601504595560725e-05,-1.6088360973512483e-05,-1.598204787222674e-05,-1.6068683704472238e-05,-1.604321818235897e-05,-1.5997021093603755e-05,-1.609022768333192e-05,-1.5996749259977542e-05,-1.6045067725927866e-05,-1.6063998903216374e-05,-1.5989086253772454e-05,-1.608185613769161e-05,-1.601685755977758e-05,-1.6023354883318135e-05,-1.6076716126483956e-05,-1.59912674902109e-05,-1.606629473452335e-05,-1.6037825802920528e-05,-1.6007335127841413e-05,-1.6080155256475114e-05,-1.6001693077022217e-05,-1.6047497048275867e-05,-1.6055603755632143e-05,-1.599918427211759e-05,-1.6075014511843253e-05,-1.601721847026287e-05,-1.6029450672682836e-05,-1.606732438057762e-05,-1.5999290110170567e-05,-1.6063497502076535e-05,-1.6034199173202802e-05,-1.6015425711137703e-05,-1.6071669471186098e-05,-1.6006438456834088e-05,-1.6048682888626417e-05,-1.6049245408096546e-05,-1.600746631061675e-05,-1.6068892411017397e-05,-1.601827221079778e-05,-1.6033821393407037e-05,-1.6059819930670048e-05,-1.600618528077262e-05,-1.606054339544848e-05,-1.6031897997763812e-05,-1.60217022837906e-05,-1.6064589749944972e-05,-1.6010856408536465e-05,-1.6048991602046645e-05,-1.604450546507136e-05,-1.601419789564729e-05,-1.6063501500399e-05,-1.601974412131846e-05,-1.6036863144961396e-05,-1.6053881448497854e-05,-1.601204571836378e-05,-1.6057606329676014e-05,-1.603057444309265e-05,-1.602651222615751e-05,-1.605873795212619e-05,-1.6014874477142174e-05,-1.604870332148869e-05,-1.604103862859791e-05,-1.6019619696625463e-05,-1.6058819467124686e-05,-1.6021434033900097e-05,-1.6038894464606984e-05,-1.6049230454267362e-05,-1.601697575763954e-05,-1.60548014560333e-05,-1.6029956579609023e-05,-1.6030147285401158e-05,-1.605394488971261e-05,-1.6018460849720295e-05,-1.6048029218009664e-05,-1.6038562500888175e-05,-1.602394592273634e-05,-1.605480228209532e-05,-1.602319963864215e-05,-1.6040169116371896e-05,-1.604562846898693e-05,-1.6021083180114263e-05,-1.6052200042990183e-05,-1.602983422872157e-05,-1.603285014555653e-05,-1.605005429935724e-05,-1.6021612095673813e-05,-1.6047125835874358e-05,-1.6036848203467705e-05,-1.6027364343585993e-05,-1.605139326158092e-05,-1.6024943022491094e-05,-1.6040887275328505e-05,-1.6042873471747744e-05,-1.6024473628895368e-05,-1.6049841194549325e-05,-1.6030046994298956e-05,-1.603482082275621e-05,-1.6046924956583685e-05,-1.6024343832262078e-05,-1.604610688931685e-05
-1.5982014147509306e-05,-1.6045895652459923e-05,-1.6073330798772296e-05,-1.597071992057263e-05,-1.6096332508188528e-05,-1.6009464094836104e-05,-1.6016568903048257e-05,-1.6090226030048584e-05,-1.5974083531480086e-05,-1.607496781406602e-05,-1.6037894415281065e-05,-1.5995105323316016e-05,-1.6094507540449642e-05,-1.5988535943205543e-05,-1.6049380638932383e-05,-1.6061840345696886e-05,-1.5984386048779886e-05,-1.6087198345679626e-05,-1.6009767215011406e-05,-1.6024972416024826e-05,-1.6077467229136483e-05,-1.5984863812146664e-05,-1.607134358017786e-05,-1.6032821667870663e-05,-1.6006142503340368e-05,-1.6083052666925978e-05,-1.5994829458958376e-05,-1.6051147854239993e-05,-1.6053119134626498e-05,-1.599560945618991e-05,-1.607900345162537e-05,-1.6011044675976358e-05,-1.6031020310297927e-05,-1.6067258175266505e-05,-1.5994145173911635e-05,-1.6067471406673636e-05,-1.6029569493549315e-05,-1.6014719522160158e-05,-1.6073482412812676e-05,-1.6000711971704875e-05,-1.6051698078255418e-05,-1.6046601455514376e-05,-1.6004743893133234e-05,-1.607177140994105e-05,-1.6012918628919164e-05,-1.6035250194111276e-05,-1.6059167652896882e-05,-1.6002046174909267e-05,-1.6063593383635354e-05,-1.602766388742598e-05,-1.6021304833761946e-05,-1.606556133737045e-05,-1.6006078671649367e-05,-1.60514149732853e-05,-1.6041819803730097e-05,-1.6012110955195876e-05,-1.606547831601184e-05,-1.6015112830641065e-05,-1.6038094990645932e-05,-1.605282124724865e-05,-1.600870258443077e-05,-1.605987101849329e-05,-1.602673369196009e-05,-1.6026292441111822e-05,-1.605906475066155e-05,-1.6010880962638455e-05,-1.6050588399398395e-05,-1.603839132822035e-05,-1.6017997586794136e-05,-1.606006961455586e-05,-1.601743008742011e-05,-1.6039900075924552e-05,-1.6047897785654207e-05,-1.601425605087777e-05,-1.6056405494116275e-05,-1.6026491531349157e-05,-1.603001054153619e-05,-1.605378436880342e-05,-1.601510969428175e-05,-1.6049433805112663e-05,-1.60360053211133e-05,-1.602265584385909e-05,-1.6055472577127578e-05,-1.601973397703165e-05,-1.604093829709269e-05,-1.6044124776430136e-05,-1.6018846311106158e-05,-1.6053253645558462e-05,-1.6026717664038764e-05,-1.6032729993245775e-05,-1.6049531406181152e-05,-1.601878236920878e-05,-1.604810820591167e-05,-1.6034411915792568e-05,-1.602630417117658e-05,-1.605160536163027e-05,-1.6021934172651274e-05,-1.6041422960825666e-05,-1.6041273367616864e-05,-1.602260607937748e-05,-1.605044042748099e-05,-1.6027246443481495e-05,-1.6034672314374836e-05,-1.6046137833082636e-05,-1.6021933524672692e-05,-1.6046723232356966e-05,-1.603341205498351e-05,-1.6029129636151283e-05,-1.6048383422217668e-05,-1.602397476995132e-05,-1.60415189351621e-05,-1.6039153193294665e-05,-1.6025657931599013e-05,-1.6047968530908642e-05,-1.602795507341287e-05,-1.6036017041501863e-05,-1.604345635949862e-05,-1.6024607624457003e-05,-1.604535568928859e-05,-1.6032848717595882e-05,-1.6031290707782258e-05,-1.604572389045012e-05,-1.602582509501691e-05,-1.6041352037843e-05,-1.6037607357048636e-05,-1.6028112646905194e-05,-1.604582570536957e-05,-1.6028754354249737e-05
-1.598407402800793e-05,-1.6044431238891748e-05,-1.6070352809037668e-05,-1.597340289498573e-05,-1.6092085531630804e-05,-1.601000958260756e-05,-1.6016722423951566e-05,-1.6086315943247826e-05,-1.5976580938036362e-05,-1.607189951144206e-05,-1.603687142388568e-05,-1.5996442973597006e-05,-1.6090361245974774e-05,-1.5990236021193334e-05,-1.604772396130973e-05,-1.6059496275523636e-05,-1.598631507328848e-05,-1.608345529392393e-05,-1.6010295979873214e-05,-1.6024662321505387e-05,-1.607426103568309e-05,-1.5986766478813496e-05,-1.6068475223782448e-05,-1.6032078536093717e-05,-1.6006871240789642e-05,-1.607953832911566e-05,-1.5996182328466274e-05,-1.604939368069222e-05,-1.6051256207038328e-05,-1.5996919293843483e-05,-1.6075712505945063e-05,-1.601150296428783e-05,-1.6030376558048917e-05,-1.6064615207554415e-05,-1.5995535794905383e-05,-1.606481667514691e-05,-1.602900578175745e-05,-1.601497507200121e-05,-1.6070496058646695e-05,-1.6001740307456306e-05,-1.6049913549266984e-05,-1.6045098103328222e-05,-1.6005549790844443e-05,-1.606887945050283e-05,-1.601327353267132e-05,-1.603437308238775e-05,-1.6056971033153682e-05,-1.6003000903684146e-05,-1.606115259969166e-05,-1.602720530647534e-05,-1.6021197076967936e-05,-1.6063011982915184e-05,-1.600681093064451e-05,-1.6049646062982858e-05,-1.6040580251637973e-05,-1.601251041769337e-05,-1.6062933541781818e-05,-1.6015346681952204e-05,-1.6037060933660142e-05,-1.6050974753880666e-05,-1.6009290084152403e-05,-1.6057635594604826e-05,-1.6026326429186184e-05,-1.602590952181179e-05,-1.605687380795645e-05,-1.6011348282890327e-05,-1.604886509054895e-05,-1.6037340922515847e-05,-1.601807228830124e-05,-1.6057823234273586e-05,-1.601753609743628e-05,-1.6038766433756126e-05,-1.6046322915919683e-05,-1.6014537170077143e-05,-1.605436126057327e-05,-1.6026097628392074e-05,-1.6029422497462165e-05,-1.6051884740751404e-05,-1.601534371862345e-05,-1.6047774194352263e-05,-1.6035086549607106e-05,-1.6022473552865026e-05,-1.6053479811905658e-05,-1.6019712883209316e-05,-1.603974737705165e-05,-1.6042758060746343e-05,-1.6018874189138153e-05,-1.6051383297104426e-05,-1.6026311285513098e-05,-1.6031991919088197e-05,-1.6047866410844e-05,-1.6018813774866643e-05,-1.60465217274515e-05,-1.6033581051246645e-05,-1.602592060473779e-05,-1.6049825947747562e-05,-1.6021791695709148e-05,-1.604020530225491e-05,-1.604006396198972e-05,-1.6022426533852038e-05,-1.6048725282129737e-05,-1.6026810892595938e-05,-1.6033827083837074e-05,-1.6044660058593605e-05,-1.6021791083479053e-05,-1.6045213161834978e-05,-1.6032636351998353e-05,-1.6028590190957693e-05,-1.6046781760283104e-05,-1.602371971480737e-05,-1.6040295981760157e-05,-1.6038060756073164e-05,-1.6025310017706463e-05,-1.6046389758212204e-05,-1.6027480427952684e-05,-1.603509762339074e-05,-1.6042126519868827e-05,-1.6024317655211055e-05,-1.604392106507811e-05,-1.603210409350616e-05,-1.6030632037909586e-05,-1.6044268952861454e-05,-1.6025467958845668e-05,-1.6040138292039284e-05,-1.603660020243772e-05,-1.602762930823522e-05,-1.6044365150729197e-05,-1.602823561307338e-05
-1.5986262241984864e-05,-1.6043108307371523e-05,-1.6067521948258215e-05,-1.5976211878214783e-05,-1.6087990418412306e-05,-1.601068905381101e-05,-1.601701139065169e-05,-1.6082556462905248e-05,-1.5979205045732174e-05,-1.606897867471602e-05,-1.603598826766371e-05,-1.5997911651880132e-05,-1.6086366439210608e-05,-1.5992065775024254e-05,-1.604620948304104e-05,-1.605729696925448e-05,-1.598837291947786e-05,-1.6079862225445738e-05,-1.6010958790557478e-05,-1.6024489402456723e-05,-1.6071202822575933e-05,-1.598879806549795e-05,-1.6065753587318e-05,-1.6031474195379333e-05,-1.6007733277996074e-05,-1.6076173121288216e-05,-1.5997666169195835e-05,-1.6047782070239895e-05,-1.6049536248289292e-05,-1.5998360263263586e-05,-1.6072569856807817e-05,-1.6012095561358338e-05,-1.6029871226093562e-05,-1.6062118118884668e-05,-1.5997057246276126e-05,-1.6062307866551405e-05,-1.6028580191641268e-05,-1.601536568698565e-05,-1.6067656864642225e-05,-1.600290082521222e-05,-1.604827169662522e-05,-1.604373637846369e-05,-1.6006488700440388e-05,-1.6066134299054697e-05,-1.6013763130893537e-05,-1.6033635261584236e-05,-1.605491862720094e-05,-1.6004088089079198e-05,-1.6058856940475453e-05,-1.6026884454974264e-05,-1.6021225740755456e-05,-1.606060815824638e-05,-1.6007676476258495e-05,-1.60480197707563e-05,-1.60394813426721e-05,-1.6013044408419468e-05,-1.606053428025018e-05,-1.6015715679360435e-05,-1.6036166753131682e-05,-1.6049271168038407e-05,-1.6010011410566256e-05,-1.6055544529278782e-05,-1.6026056704402054e-05,-1.6025664049679973e-05,-1.6054827057861696e-05,-1.601194987820453e-05,-1.6047284229643762e-05,-1.6036430454263095e-05,-1.6018282729667543e-05,-1.605572125343027e-05,-1.6017777730504678e-05,-1.60377730395812e-05,-1.6044889940327154e-05,-1.6014953259024786e-05,-1.6052460672292517e-05,-1.6025841213581452e-05,-1.6028972665843623e-05,-1.6050128218462002e-05,-1.601571288841669e-05,-1.6046256793888886e-05,-1.603430722444681e-05,-1.6022427960527507e-05,-1.6051630499926028e-05,-1.6019827886643023e-05,-1.6038696918698567e-05,-1.6041532462615538e-05,-1.6019037981720135e-05,-1.6049655945175572e-05,-1.6026042441678216e-05,-1.6031392617124016e-05,-1.6046343645892848e-05,-1.60189810819135e-05,-1.6045077186443594e-05,-1.603288930508001e-05,-1.602567448788159e-05,-1.6048189191127895e-05,-1.6021785768883796e-05,-1.6039128205129225e-05,-1.6038995087017253e-05,-1.6022383676740244e-05,-1.6047152554266065e-05,-1.602651298523851e-05,-1.6033121025275793e-05,-1.6043323815999956e-05,-1.6021785192268814e-05,-1.6043844743699635e-05,-1.6031999561593644e-05,-1.602818877690505e-05,-1.604532209244789e-05,-1.60236016297912e-05,-1.6039213609557444e-05,-1.603710841311619e-05,-1.602509942038263e-05,-1.6044952894219084e-05,-1.6027143571876146e-05,-1.60343176540379e-05,-1.604093766021344e-05,-1.6024164786351747e-05,-1.6042627811776317e-05,-1.603149826604657e-05,-1.6030111843985805e-05,-1.6042955461967398e-05,-1.602524817364997e-05,-1.603906509308274e-05,-1.6035732823915738e-05,-1.602728379138185e-05,-1.6043046063739746e-05,-1.602785482579463e-05
-1.5988532118722637e-05,-1.6041910276579026e-05,-1.6064834557586606e-05,-1.5979094879747787e-05,-1.608405434392595e-05,-1.601146876717342e-05,-1.601740540837467e-05,-1.6078951888147038e-05,-1.598190544837989e-05,-1.606620241610574e-05,-1.603522459656085e-05,-1.5999470853639356e-05,-1.608252943595573e-05,-1.5993981605869973e-05,-1.604482226430064e-05,-1.6055233355821325e-05,-1.5990514033840925e-05,-1.6076422013274644e-05,-1.6011722048566512e-05,-1.6024427222318443e-05,-1.606829087930464e-05,-1.5990913243728505e-05,-1.606317407591964e-05,-1.6030985906313217e-05,-1.6008693309154217e-05,-1.607295796378011e-05,-1.59992403466837e-05,-1.604629891544918e-05,-1.6047946079455904e-05,-1.5999892097380316e-05,-1.6069574517293095e-05,-1.601278947039847e-05,-1.6029480726544088e-05,-1.6059760390089378e-05,-1.5998668571249295e-05,-1.6059938562155275e-05,-1.602826845195087e-05,-1.601586010124614e-05,-1.6064961243365017e-05,-1.600415566128403e-05,-1.6046758672062214e-05,-1.604250003204714e-05,-1.6007524657343752e-05,-1.6063531562247688e-05,-1.6014355309463688e-05,-1.6033015136168246e-05,-1.6053000105081685e-05,-1.600527049584079e-05,-1.6056698160632673e-05,-1.6026676164096318e-05,-1.60213626610635e-05,-1.605834254495341e-05,-1.6008639972619942e-05,-1.6046522114989923e-05,-1.60385045757104e-05,-1.6013680432822453e-05,-1.6058273173901666e-05,-1.6016188742254146e-05,-1.6035392193481055e-05,-1.60476971704878e-05,-1.6010832463713493e-05,-1.6053587823856702e-05,-1.6025898910641598e-05,-1.6025530209912782e-05,-1.605291412195142e-05,-1.6012652674679576e-05,-1.604583144573519e-05,-1.6035639807463193e-05,-1.6018599189056155e-05,-1.6053753766909946e-05,-1.6018124997485474e-05,-1.6036900488049585e-05,-1.6043583220599e-05,-1.6015472833549605e-05,-1.605069209828802e-05,-1.6025696565888963e-05,-1.6028636983172605e-05,-1.6048501936349614e-05,-1.6016186121572578e-05,-1.604486668893913e-05,-1.603364610577904e-05,-1.602249153913684e-05,-1.6049912570781144e-05,-1.6020050083368522e-05,-1.6037768005705055e-05,-1.6040430566601384e-05,-1.6019308366780424e-05,-1.604805847420561e-05,-1.602588551801856e-05,-1.603090930475847e-05,-1.604494824251625e-05,-1.6019254938159816e-05,-1.604375904372226e-05,-1.6032314686915237e-05,-1.6025540011329462e-05,-1.6046681199832075e-05,-1.6021888524544733e-05,-1.603817298140602e-05,-1.6038047984195642e-05,-1.6022449956892387e-05,-1.6045707803244743e-05,-1.602632735595878e-05,-1.6032532270966216e-05,-1.6042112638053117e-05,-1.6021887983106284e-05,-1.6042601786436492e-05,-1.6031479222438604e-05,-1.6027900915562293e-05,-1.604398900917842e-05,-1.602359360843227e-05,-1.6038253175717097e-05,-1.6036276407277702e-05,-1.6025000025957938e-05,-1.6043642333974014e-05,-1.6026919473510926e-05,-1.6033655899110483e-05,-1.603987205025911e-05,-1.602412240949497e-05,-1.6041459093730118e-05,-1.6031008508543767e-05,-1.6029706665485472e-05,-1.604176675554457e-05,-1.602513970449737e-05,-1.6038113719524707e-05,-1.603498473621854e-05,-1.6027051138892848e-05,-1.6041851830134578e-05,-1.6027587337217562e-05
-1.599084312747752e-05,-1.6040823280865128e-05,-1.606228822321368e-05,-1.5982006654461962e-05,-1.6080284495619742e-05,-1.6012319649969215e-05,-1.601787837004801e-05,-1.6075506857486003e-05,-1.5984638304878163e-05,-1.6063569005116697e-05,-1.603456320509204e-05,-1.6001085512583337e-05,-1.607885666188935e-05,-1.5995945705281733e-05,-1.6043549894124815e-05,-1.6053298225128224e-05,-1.5992698875700975e-05,-1.6073138032122756e-05,-1.6012556807701612e-05,-1.602445318176994e-05,-1.6065524518667882e-05,-1.5993072672254032e-05,-1.6060733446283466e-05,-1.6030594345969752e-05,-1.6009720875056563e-05,-1.6069894500835203e-05,-1.6000869679488617e-05,-1.6044932543018447e-05,-1.6046474850078426e-05,-1.6001479940334916e-05,-1.6066726441441796e-05,-1.6013556278440826e-05,-1.60291849845613e-05,-1.6057537072555614e-05,-1.600033430275284e-05,-1.6057703902351553e-05,-1.6028049882254475e-05,-1.6016431435750976e-05,-1.6062406844291874e-05,-1.6005472089679198e-05,-1.6045363031948063e-05,-1.6041375493042192e-05,-1.6008626618546232e-05,-1.6061068175360445e-05,-1.601502243763033e-05,-1.603249439691729e-05,-1.605120714107807e-05,-1.600651595489273e-05,-1.60546697818116e-05,-1.6026558957981255e-05,-1.6021583707667817e-05,-1.6056209486137845e-05,-1.6009670933877038e-05,-1.604514153388157e-05,-1.6037634383783588e-05,-1.601439052301579e-05,-1.60561445311835e-05,-1.6016739155774474e-05,-1.6034720132946343e-05,-1.6046241786426457e-05,-1.6011723853002714e-05,-1.605175744621605e-05,-1.602583118376708e-05,-1.602548595418779e-05,-1.605112663155485e-05,-1.6013428191011667e-05,-1.6044494831996793e-05,-1.6034951984049963e-05,-1.6018996155748528e-05,-1.6051912825487042e-05,-1.6018552150777402e-05,-1.6036132410868925e-05,-1.604238972680641e-05,-1.6016068821160065e-05,-1.6049046059875577e-05,-1.6025641720095428e-05,-1.6028394953117353e-05,-1.6046995321633173e-05,-1.6016736701923085e-05,-1.6043591490731654e-05,-1.6033085199582595e-05,-1.6022640722400574e-05,-1.6048316156373318e-05,-1.60203546874625e-05,-1.6036944703147795e-05,-1.603943776786465e-05,-1.6019660187870684e-05,-1.604658008988167e-05,-1.602581864370612e-05,-1.6030522620799577e-05,-1.6043667852683013e-05,-1.6019610160466955e-05,-1.6042554357191245e-05,-1.603183853761994e-05,-1.602549513165529e-05,-1.604529049152889e-05,-1.602207609516316e-05,-1.6037323898467853e-05,-1.6037206858465e-05,-1.6022601787243582e-05,-1.6044379060473647e-05,-1.602623235464916e-05,-1.603204227047022e-05,-1.6041012760193768e-05,-1.6022075588192186e-05,-1.604147076984064e-05,-1.6031056258044006e-05,-1.6027705742894586e-05,-1.6042769683257826e-05,-1.602367263497758e-05,-1.6037398987682793e-05,-1.6035548058505386e-05,-1.602498952125621e-05,-1.60424450770783e-05,-1.6026786778542157e-05,-1.6033094369479557e-05,-1.6038914806159384e-05,-1.6024167773050648e-05,-1.6040400819901696e-05,-1.6030615509363076e-05,-1.6029396540437336e-05,-1.6040688896247812e-05,-1.6025120307988205e-05,-1.6037268409143438e-05,-1.6034338614038663e-05,-1.6026910062226884e-05,-1.6040768555067615e-05,-1.602741212665907e-05
-1.5993160738708436e-05,-1.6039835606184015e-05,-1.6059881029648803e-05,-1.5984908639044914e-05,-1.6076687173141265e-05,-1.601321697649871e-05,-1.601840808747829e-05,-1.6072225489620426e-05,-1.59873662532396e-05,-1.60610771109238e-05,-1.6033989521542576e-05,-1.6002725774728643e-05,-1.6075353764865656e-05,-1.599792587299981e-05,-1.604238190314245e-05,-1.6051485557830416e-05,-1.599489376264948e-05,-1.6070013319340656e-05,-1.60134384505235e-05,-1.6024548093960826e-05,-1.60629033025151e-05,-1.5995242839300794e-05,-1.605842907317702e-05,-1.6030283130885362e-05,-1.6010790063685814e-05,-1.606698428916091e-05,-1.6002524215101266e-05,-1.6043673114743487e-05,-1.6045113426002097e-05,-1.6003094118196715e-05,-1.606402573977041e-05,-1.6014371824295623e-05,-1.6028966973320686e-05,-1.6055444081934736e-05,-1.600202424388273e-05,-1.6055599878947925e-05,-1.6027906937563465e-05,-1.6017056841794105e-05,-1.6059991806081632e-05,-1.6006822258847706e-05,-1.6044075134592918e-05,-1.6040351299482975e-05,-1.600976817251217e-05,-1.605874166596134e-05,-1.6015741023492298e-05,-1.6032057527724153e-05,-1.6049532761284065e-05,-1.600779709120018e-05,-1.6052766410770888e-05,-1.60265146110468e-05,-1.6021868383828635e-05,-1.605420429141967e-05,-1.601074342521478e-05,-1.60438682846295e-05,-1.6036857597142708e-05,-1.601515089863492e-05,-1.6054143632064293e-05,-1.601734421168681e-05,-1.603413607144902e-05,-1.6044895775308134e-05,-1.601266058075822e-05,-1.6050046673660187e-05,-1.602583496597378e-05,-1.6025512567106028e-05,-1.6049457576014075e-05,-1.6014252207540245e-05,-1.6043264350413177e-05,-1.603435258978284e-05,-1.6019451951810463e-05,-1.605019177739418e-05,-1.6019037309761946e-05,-1.6035454952653006e-05,-1.6041298459972195e-05,-1.601671820761977e-05,-1.604751459663483e-05,-1.6025658031907623e-05,-1.6028229188211032e-05,-1.604559947774856e-05,-1.601734192011344e-05,-1.604242074888381e-05,-1.603260925944641e-05,-1.6022855496096747e-05,-1.6046832963087738e-05,-1.6020720641148395e-05,-1.6036213526444756e-05,-1.6038541719885158e-05,-1.6020072070181463e-05,-1.6045211706090023e-05,-1.6025823255211733e-05,-1.6030216149041856e-05,-1.6042492060869037e-05,-1.6020025351188406e-05,-1.6041452203025667e-05,-1.603144504169297e-05,-1.6025521137649544e-05,-1.6044007391414433e-05,-1.6022328208769817e-05,-1.6036567644831984e-05,-1.6036458344914875e-05,-1.602281913579832e-05,-1.604315623508871e-05,-1.6026209606635863e-05,-1.603163530128888e-05,-1.604001255487173e-05,-1.602232773532583e-05,-1.604044027543922e-05,-1.6030714495805034e-05,-1.6027585556816767e-05,-1.604165328915567e-05,-1.6023819166264076e-05,-1.6036637768249355e-05,-1.603490924466136e-05,-1.602504896426127e-05,-1.604135014982167e-05,-1.6026727365385623e-05,-1.603261782292004e-05,-1.6038053342666728e-05,-1.602428155988187e-05,-1.603944108339556e-05,-1.6030302894701834e-05,-1.6029164538590267e-05,-1.6039710108685934e-05,-1.6025171101809272e-05,-1.6036515825125805e-05,-1.603377978313759e-05,-1.6026842496077638e-05,-1.60397844995112e-05,-1.6027311358000784e-05
-1.599545614815862e-05,-1.603893724295123e-05,-1.6057611039042595e-05,-1.5987768706348627e-05,-1.6073267206008174e-05,-1.6014140018594852e-05,-1.601897592281462e-05,-1.6069110817471974e-05,-1.599005815592915e-05,-1.6058725277306367e-05,-1.603349118227215e-05,-1.600436668739276e-05,-1.6072025037475837e-05,-1.599989522355463e-05,-1.6041309307092127e-05,-1.604979003545528e-05,-1.599707058827027e-05,-1.6067050017070506e-05,-1.601434633804656e-05,-1.602469579345022e-05,-1.6060426509982224e-05,-1.5997395779016093e-05,-1.6056258434088393e-05,-1.60300384049592e-05,-1.6011879169624556e-05,-1.6064228251193097e-05,-1.6004178919676676e-05,-1.6042512166297915e-05,-1.6043853922873854e-05,-1.600470982660488e-05,-1.6061472143389165e-05,-1.6015215844820924e-05,-1.6028812306741317e-05,-1.6053477693741805e-05,-1.600371315946947e-05,-1.6053622830194574e-05,-1.6027824804949963e-05,-1.601771713741554e-05,-1.6057714235491502e-05,-1.6008182865647375e-05,-1.6042886677552622e-05,-1.603941764944039e-05,-1.6010927202336977e-05,-1.60565496374109e-05,-1.601649135524614e-05,-1.6031691386988286e-05,-1.604797086089015e-05,-1.6009090994158872e-05,-1.605098324480181e-05,-1.6026527749713866e-05,-1.602219944506026e-05,-1.605232273708474e-05,-1.6011835722435743e-05,-1.604269398149683e-05,-1.6036163007041808e-05,-1.6015941610249507e-05,-1.6052266228404077e-05,-1.601798484374704e-05,-1.6033627704360343e-05,-1.604365116513789e-05,-1.6013621694767858e-05,-1.6048449608317827e-05,-1.6025894610008414e-05,-1.6025594271593164e-05,-1.6047900820244544e-05,-1.6015104412957042e-05,-1.6042131372059915e-05,-1.6033829407219e-05,-1.601994835972623e-05,-1.604858478318931e-05,-1.6019562089958542e-05,-1.6034856339849897e-05,-1.6040299999562483e-05,-1.6017401674610165e-05,-1.6046090791097417e-05,-1.602572978282585e-05,-1.602812500528714e-05,-1.6044306716062248e-05,-1.6017982708976784e-05,-1.6041345494776286e-05,-1.603220536593698e-05,-1.6023119013222358e-05,-1.6045455798981145e-05,-1.6021130237776423e-05,-1.603556300750061e-05,-1.603773189206639e-05,-1.6020526045901476e-05,-1.604394547805227e-05,-1.602588370056652e-05,-1.6029976006412732e-05,-1.6041411927170357e-05,-1.6020482523700435e-05,-1.60404432225997e-05,-1.6031120810902667e-05,-1.6025602255688998e-05,-1.604282356976626e-05,-1.6022627806037737e-05,-1.6035892894996725e-05,-1.603579107403153e-05,-1.6023085140912308e-05,-1.6042030654630476e-05,-1.6026243615522993e-05,-1.6031298051802798e-05,-1.603910208375486e-05,-1.6022627364989613e-05,-1.6039500537131284e-05,-1.6030440253319502e-05,-1.602752541498985e-05,-1.6040630549217924e-05,-1.602401674333196e-05,-1.603595822015184e-05,-1.6034347972452257e-05,-1.6025162391218795e-05,-1.604034815248431e-05,-1.60267259461325e-05,-1.603221334344669e-05,-1.6037276932528686e-05,-1.602444749722188e-05,-1.6038569715763895e-05,-1.6030056816417525e-05,-1.6028996353417376e-05,-1.6038820332740116e-05,-1.6025276171387642e-05,-1.603584462110376e-05,-1.6033295795419182e-05,-1.602683319889622e-05,-1.603888963330164e-05,-1.6027269978491485e-05
-1.5997705885761308e-05,-1.6038119536029375e-05,-1.605547595881526e-05,-1.599056076703219e-05,-1.6070027636028154e-05,-1.601507167218102e-05,-1.6019566419675296e-05,-1.6066164466678776e-05,-1.5992688703669823e-05,-1.6056511591329165e-05,-1.603305767655521e-05,-1.6005987816518247e-05,-1.6068873098294474e-05,-1.600183179936637e-05,-1.6040324259048905e-05,-1.604820670064155e-05,-1.5999206432570494e-05,-1.606424904879212e-05,-1.601526343649157e-05,-1.6024882772737438e-05,-1.6058092807780007e-05,-1.599950868220645e-05,-1.605421877557664e-05,-1.602984848103139e-05,-1.6012970318477065e-05,-1.6061626348976212e-05,-1.6005813295180974e-05,-1.6041442260596388e-05,-1.6042689360773224e-05,-1.600630674841677e-05,-1.6059064675278242e-05,-1.6016071602496875e-05,-1.6028708879905706e-05,-1.6051634207078787e-05,-1.6005380392784827e-05,-1.605176910464453e-05,-1.602779104303372e-05,-1.6018396437338755e-05,-1.6055571875102897e-05,-1.6009534776273478e-05,-1.6041790351345745e-05,-1.6038566051461703e-05,-1.6012085509269514e-05,-1.6054489435487316e-05,-1.6017257129965394e-05,-1.603138485075579e-05,-1.6046515862703762e-05,-1.6010378839382676e-05,-1.6049315733094788e-05,-1.602658549066803e-05,-1.6022562533303254e-05,-1.6050560728716843e-05,-1.6012929936340825e-05,-1.60416112493465e-05,-1.603554101310259e-05,-1.6016746167623336e-05,-1.6050508206532928e-05,-1.6018645257891855e-05,-1.6033184567470733e-05,-1.604250090691139e-05,-1.60145899143511e-05,-1.60469608361158e-05,-1.6025997016832473e-05,-1.602571786627902e-05,-1.6046450763189377e-05,-1.6015968031774997e-05,-1.6041088330107014e-05,-1.6033372040873292e-05,-1.6020470254443972e-05,-1.6047086474856204e-05,-1.6020111234705053e-05,-1.6034326526872136e-05,-1.603938615475989e-05,-1.601810322936987e-05,-1.6044768425491214e-05,-1.6025843817651484e-05,-1.6028070065250042e-05,-1.6043110210929984e-05,-1.601864327372244e-05,-1.604035789381405e-05,-1.603186257022391e-05,-1.6023417229034307e-05,-1.6044178229926166e-05,-1.6021568754985594e-05,-1.6034983341504516e-05,-1.6036999218582388e-05,-1.6021007186808773e-05,-1.604277445704273e-05,-1.6025986877014895e-05,-1.6029790484491837e-05,-1.6040419639626876e-05,-1.6020966734952164e-05,-1.6039519273895093e-05,-1.6030854526887782e-05,-1.6025725287123837e-05,-1.6041731695600774e-05,-1.602296067485914e-05,-1.6035289956550877e-05,-1.6035195318711215e-05,-1.602338574630144e-05,-1.6040994717952378e-05,-1.6026321401185605e-05,-1.6031019264040453e-05,-1.603827274787051e-05,-1.602296026492547e-05,-1.6038643091705682e-05,-1.6030221980345784e-05,-1.60275127740251e-05,-1.6039693385252474e-05,-1.6024251627313777e-05,-1.603535067323672e-05,-1.6033854023079076e-05,-1.602531645360782e-05,-1.603943091065556e-05,-1.602676970499808e-05,-1.6031869984947228e-05,-1.6036576354904954e-05,-1.6024651992970207e-05,-1.6037777936645002e-05,-1.602986559362346e-05,-1.6028879942709775e-05,-1.6038010873439178e-05,-1.6025422206969673e-05,-1.6035245088218178e-05,-1.6032876073585446e-05,-1.6026869391441212e-05,-1.603807528507992e-05,-1.6027275357709803e-05
0.1396497761448112,-0.047798379942079645,-0.12830161154571923,0.1727905422451626,-0.19579576373034083,0.059103113772526104,0.03825540206398107,-0.17787746220624695,0.16292066421265144,-0.13310512233545185,-0.024320267509541717,0.10123620451913352,-0.1904407421503643,0.12051280404967761,-0.05802441154160313,-0.0945850570710962,0.13268988188537392,-0.16899329686586867,0.0582136651288818,0.013596887626533185,-0.14043918164755526,0.13128797593125938,-0.12247049561386954,-0.00943525268232397,0.06884969381367298,-0.15682858911984385,0.1020456761370856,-0.06320996956934401,-0.06899431785397295,0.09975692224944284,-0.14494693507483644,0.05446519829894338,-0.0041495106553698,-0.11048265002234985,0.10405358077784685,-0.11110833713033254,0.00010763583104447198,0.04368205939843436,-0.12874649418159617,0.08478455856728163,-0.06482449754900717,-0.049869425093881266,0.0729536501092269,-0.1237258808821225,0.048966438931983124,-0.016561302172916445,-0.08674254713750927,0.08086959240136707,-0.09972901429893954,0.005699275450723678,0.024358711929284,-0.10550360115616687,0.06903699580017704,-0.06399377972749162,-0.03583857515217317,0.05133640423363774,-0.10525999073090718,0.04252797028334369,-0.024908817862721328,-0.06812022386162253,0.061337621576183256,-0.08880644003113951,0.008428757560086191,0.009723524456128094,-0.08644060005148563,0.05494558402780959,-0.06156835548162277,-0.02577836425093171,0.034063200674811785,-0.08938918249725318,0.03572841991664804,-0.030205498135335743,-0.053673259937464475,0.04504202794254394,-0.07863751625815821,0.00913933192790992,-0.0011865358067398224,-0.07094632133175863,0.04253717333469068,-0.0581804176104656,-0.01877707909067094,0.020394429125368024,-0.07590004835648051,0.02896809296685695,-0.03325196117230668,-0.04260208021966953,0.03157278020901114,-0.06938901466315675,0.008475788454245976,-0.009166250888944062,-0.05846680942816585,0.03176040557522262,-0.05429069826011131,-0.014101533492596005,0.009689104806634097,-0.0645524382035601,0.022512036362557417,-0.034674114941831514,-0.03423516205281271,0.020540453554868724,-0.061134159964590436,0.00692418550448613,-0.014865623727020615,-0.04850901303068216,0.02251393773276125,-0.05022675613383094,-0.011167631651270323,0.001398313911751944,-0.05509826829346013,0.016524290746589027,-0.03495573342294542,-0.02801391276341673,0.01158537223644781,-0.05388084846414607,0.00484484541870196,-0.018811470347212682,-0.04064073755239477,0.014667299270680004,-0.0462139604626162,-0.009514624968850537,-0.00494294077081927,-0.04729437691258893,0.011094862902414272,-0.034466004905364826,-0.023477949589822113,0.004382475901779499,-0.04759313347645739,0.00249950744987405
0.10103368674957737,-0.03273265961516118,-0.09018120105176762,0.12468352833520194,-0.1383462314644294,0.043554152342099424,0.02867685355434954,-0.1255594120153829,0.11764020739230288,-0.09360907199741875,-0.015978259970998564,0.07362107712750578,-0.1345247925854802,0.08737720225226735,-0.040030138093661315,-0.06612046661601599,0.09606698211185195,-0.11921951322474465,0.042919425931217996,0.011080097993038157,-0.09884278748805071,0.09506655702715842,-0.08602001275460891,-0.0053560479920292635,0.050509485639970576,-0.11053856088170702,0.07419873050687115,-0.043730644760217686,-0.04785845883045739,0.07256543492440543,-0.1020596007065335,0.04024445316660011,-0.0015840482373640093,-0.07746527239845999,0.07563160705924933,-0.07791177387465252,0.0014539273998204348,0.03254941298495144,-0.09049867723294054,0.06188088924512746,-0.04488280071337133,-0.03421059436200654,0.0534381420255919,-0.086915878065423,0.036320440440029494,-0.010441323965237547,-0.060523911696271686,0.05908709958569114,-0.06979128621002754,0.00544422113077655,0.018759927697689506,-0.07391213435162823,0.05064314767711481,-0.044289985664325446,-0.02419792967500803,0.038011689935525145,-0.07373828960861435,0.03172583441513384,-0.016398259996819136,-0.047234689772511135,0.04514873695183097,-0.06199674246416192,0.007392028230399856,0.008315996972974493,-0.06030843687200006,0.040587264987946646,-0.04255915967741131,-0.017018783803367753,0.025685223896523453,-0.06241259787821821,0.02687355403818375,-0.020178065478615323,-0.03692507872836727,0.03351991078612579,-0.05474001714890889,0.007899106768745964,0.0005303834441518188,-0.0492514433162243,0.03173240187666448,-0.04014146680597356,-0.012022541880819217,0.01593094480606485,-0.05278651124550362,0.0220492641908862,-0.022352075819916984,-0.029024487483765557,0.02390801544819015,-0.04814012151089403,0.007425590315028223,-0.005164083515999356,-0.040345841113420794,0.024041908254859426,-0.03736569372426916,-0.008685989177541065,0.008291434497396806,-0.04468865431367046,0.017442107087240075,-0.02336695010670375,-0.02305370549861556,0.016035150442556954,-0.042249310014796114,0.006318338785160334,-0.009231257592475901,-0.03323978005770203,0.01744346393891876,-0.03446559216328992,-0.006592304512406277,0.00237497829086927,-0.03794199009895661,0.013169145054803266,-0.023567918076054867,-0.018614111081474607,0.009644644745562975,-0.03707321760228912,0.004834484625527219,-0.01204708409467993,-0.02762483838586246,0.011843962827629654,-0.031601989624581495,-0.005412689470894239,-0.0021502541145252143,-0.032372994066994995,0.009294608539066223,-0.023218439074100806,-0.015377166885045722,0.004504529494250937,-0.032586192077770006,0.0031608096338394923
0.08198112694002829,-0.019343702857247326,-0.06285960832493465,0.0998953201472042,-0.09934347471862749,0.038441745033133266,0.027172544606580095,-0.08965776273251717,0.09456017184464907,-0.06545613913835821,-0.006652643121853239,0.0612167263285173,-0.09644882554480291,0.07163666433845547,-0.024871369455594525,-0.04463417354440725,0.07821896615932888,-0.0848554400007459,0.03796095485460037,0.013843420273823825,-0.06942055429738236,0.07746116792243082,-0.059707607037448145,0.0013934301251870397,0.043710244784696296,-0.07827982481396217,0.06165428504142722,-0.027674415351235042,-0.030801136454623797,0.06041710243608991,-0.07185721389608032,0.03593472652846958,0.004250630336776069,-0.053227594432609826,0.06273965499235906,-0.05356580869433512,0.006551824715866378,0.03010591638393027,-0.06310008899063456,0.05232381289178165,-0.028547146116676535,-0.02046320332014597,0.04592863242756914,-0.060386203729414396,0.03296238010167864,-0.002458545625518899,-0.04039491613695755,0.05020758359028078,-0.04741473218780136,0.009574377428996651,0.019660708843357376,-0.050536176765719316,0.04381149060273686,-0.02809810279914393,-0.012878847667185177,0.03424346141946066,-0.05040449350250899,0.029482075181121944,-0.006970783164454708,-0.030328646210651095,0.039649604996190434,-0.04151055045704099,0.011049795037466831,0.011749679411404226,-0.040231699076102884,0.03619439833976149,-0.026787043229238486,-0.007440815207583535,0.02490645620592078,-0.04182555105468484,0.025806588059850536,-0.009833896028923029,-0.022519360746012317,0.030841045414475,-0.03601375341177594,0.011433894984785977,0.005852262107919625,-0.031856289112720045,0.029487049877223604,-0.0249556983105954,-0.003656280635278794,0.01751782150447709,-0.03453401909481407,0.022152303099885418,-0.011480657219583574,-0.01653485055408158,0.023560263023289896,-0.03101448924425347,0.01107521751931693,0.001538838655728925,-0.02511050699364458,0.023661683643763837,-0.022853116138748786,-0.0011289212212190493,0.011731073919627374,-0.028400084830784756,0.018662491035321853,-0.012249400383831405,-0.012012125034223614,0.017596754798750443,-0.026552339470180722,0.010236500787825101,-0.00154194909286664,-0.019727834545998562,0.018663518818236906,-0.02065635809723218,0.00045699517785417927,0.007249498886585548,-0.023289646952850362,0.015425823798509212,-0.01240162884668919,-0.008649237724293152,0.012756098537564533,-0.022631572424019603,0.009112516510353363,-0.0036748707792863505,-0.015474649610607759,0.014422029740677815,-0.01848724719806387,0.001350525550445866,0.003821742834854287,-0.019071264748244075,0.012490954426134153,-0.012136906804463691,-0.006197329388005561,0.008862583336383383,-0.019232757176959988,0.007844747461729494
0.06925903345295888,-0.013135479743471791,-0.04852139506635543,0.08382635354187698,-0.07818905320154595,0.03385402774735291,0.02469022964261804,-0.07031290353859483,0.07948796039481434,-0.050632821187668466,-0.002815465479083324,0.05237400454519636,-0.07583520558069223,0.06084720624297928,-0.01763042337569128,-0.033700982048743555,0.06619974969484527,-0.06640778921974416,0.03346306264246104,0.013851359121646485,-0.05385657254051929,0.06558352939666906,-0.04595827591583153,0.0037273758921689297,0.03813822415976301,-0.061060683151408376,0.05272981503327913,-0.01990978177679232,-0.02245234378977732,0.05172377279559848,-0.05583799586846182,0.03181539052803077,0.006050771065983932,-0.04068891118903538,0.05361240747309851,-0.04096393755233349,0.007922037872104997,0.02707556539992927,-0.04871694720715982,0.04514253645406978,-0.020619461987595237,-0.01404582615953054,0.039942154847642616,-0.04651009173632817,0.029398361677584323,0.0005950571164170354,-0.03025373667858088,0.04342167806765012,-0.03596205444624929,0.010379893068182672,0.018581815227705138,-0.03850032573653182,0.03822055442281223,-0.020254312540749546,-0.007878440601769614,0.03044010111849804,-0.038393244595709364,0.026568275209359914,-0.0030741680497255357,-0.02206812795916518,0.03483622563374136,-0.03116093925560387,0.011579661336775519,0.012148787703923001,-0.030121013136864806,0.03202654837083237,-0.019188195624984587,-0.003456384940272582,0.02284751003473943,-0.03141708891755128,0.023579472043119106,-0.00540237122723187,-0.015717835779467143,0.02767335173452744,-0.026691097879207416,0.011892000654210885,0.007353173156047533,-0.02331036437353454,0.026572320492874488,-0.01769899723828854,-0.0003789074415786209,0.01683927927205548,-0.025487819384192326,0.02060790988052015,-0.006741471297044158,-0.01085139973442511,0.021752823449297885,-0.022625836301689826,0.011600334186860484,0.003845618035901887,-0.017824883322715604,0.02183529585678921,-0.015989236315409067,0.0016762704354580699,0.012133658239202445,-0.02049987586951009,0.01777009246911131,-0.007366591703542853,-0.007173646035994615,0.01690346561581401,-0.01899734110283411,0.010918313235636263,0.0013404077403116913,-0.013447844872150562,0.017770928233386732,-0.014202894213446098,0.0029658932251860454,0.008489366963909454,-0.01634421094497521,0.0151381253403278,-0.007490379625189529,-0.004439040279532492,0.012967179544673819,-0.01580908317265658,0.010004320707170986,-0.0003940244259231172,-0.009989274026415574,0.014321868131606472,-0.012439033993166211,0.0036924870938677455,0.005702011763771627,-0.012913940704991387,0.012751571780694195,-0.007275115076063966,-0.0024452171053422874,0.009801082051432835,-0.01304526182416404,0.00897340643062241
0.06001899055551471,-0.011443550058168987,-0.042134518580372614,0.07265354185148545,-0.06786591915730786,0.029311464532117144,0.021363504542669897,-0.06103476446832696,0.06889075978696901,-0.04396580405186275,-0.002492778824841229,0.04537424034978774,-0.06582437628414761,0.05272323116198148,-0.015342111739186592,-0.029280454321776624,0.057365607686539324,-0.05764777448822192,0.028972372053710716,0.011962718073250679,-0.04676183321744921,0.056831146514587136,-0.03991146999028809,0.0031819687898125473,0.03302724059828506,-0.05301011392382072,0.04568284246986787,-0.017319048503452603,-0.019524267444216006,0.044810280311536575,-0.04848036445882473,0.02754331044720791,0.0051970995980322385,-0.03534123617023689,0.046448333952602366,-0.035579772474349396,0.006820089709190002,0.023432357756569464,-0.04230412517506187,0.039102231910018485,-0.017934569475902846,-0.012233113163846005,0.03459182863996126,-0.040390071767927124,0.02544696912921641,0.00046524107284036186,-0.026290583968598107,0.03760969426935384,-0.031241531240236185,0.008951840598396824,0.016065544808746328,-0.03344302874454112,0.03309864741335858,-0.017617867475211792,-0.006884006484242136,0.02635049224279671,-0.033350154958677,0.02299237401930216,-0.002717157151069199,-0.019191028757143708,0.030163345969651374,-0.027077420354787864,0.009992425526872857,0.010486041115445289,-0.02617546997468853,0.02772645220424617,-0.016693201251258796,-0.0030486621142557214,0.019765274033027653,-0.0272995844881745,0.020400120489694043,-0.00473645804471974,-0.013683283214445504,0.02395083075382698,-0.023200630402331508,0.010263324161885875,0.006326701056258326,-0.020268447225555913,0.022995882581052684,-0.015401587331077169,-0.00037949942117918695,0.014554205744159046,-0.022157000978675744,0.017822820454865836,-0.005897888453278702,-0.009462518141368094,0.01881582871759905,-0.019674741246387285,0.01001035553618398,0.003284522754524018,-0.015510771050624369,0.018887358817616835,-0.013918674760191848,0.0014030007333631555,0.010472919003970725,-0.017830849853212444,0.015361520130977184,-0.006440068881377776,-0.00627272293723064,0.01460987594621186,-0.016527669002673655,0.009418824036871044,0.0011116997648714924,-0.011714471079830808,0.015362245007381672,-0.012369341678908574,0.002521518428437782,0.007312146482045072,-0.014226551922130064,0.01307875820256858,-0.006547432819035488,-0.0039009403105441176,0.011195850032188743,-0.013762424049056022,0.008626098579165652,-0.0003926107081540797,-0.008714777897113562,0.012370800698281911,-0.010839507619107694,0.00315170898161856,0.004894613123728675,-0.01125140446593545,0.011008848762416245,-0.006360729226917679,-0.0021716544147419737,0.008449825304083213,-0.011365302108487655,0.007731964364409829
0.05358207004583396,-0.011690426590852326,-0.03972296115286303,0.06512222380877447,-0.06322552267939278,0.025534412183815847,0.018274899896333928,-0.056986078662539415,0.06168537175255602,-0.04139562173492696,-0.003514965990011836,0.04020583964121008,-0.061360817070304954,0.046918265115488605,-0.015251297111643882,-0.027982308513285564,0.051158521667848164,-0.053892467797512826,0.0252246916999618,0.009688404119134022,-0.04394946046973223,0.050670355213799534,-0.03769247174717713,0.001668238265122171,0.028928329874102713,-0.04965651871156602,0.04048771082395876,-0.017056992755660572,-0.01907119690594759,0.039690729495616875,-0.04551913352794482,0.023919414584104404,0.0035088196070737444,-0.033518108939943815,0.04118689587675875,-0.03373598336722005,0.004991227252564524,0.020164550240226117,-0.039877876522318764,0.034477108948535604,-0.01761919765712436,-0.012411598196524102,0.03035739420362579,-0.03812961731537253,0.022004657139814126,-0.0008131680667275058,-0.025251419002556303,0.03311385405591909,-0.029773518082175765,0.006938327111471049,0.013435846373408809,-0.03178432314468011,0.028993551472113327,-0.01732992820074318,-0.007525828046800874,0.022829917603350545,-0.03169949403248519,0.019762677640058898,-0.0037199087952674344,-0.01876682316140463,0.02631250414344681,-0.02597010007560732,0.00788877717469106,0.00833963606619177,-0.02514627611628646,0.024086692707967074,-0.0164853560308381,-0.004022698990085862,0.01681510718998146,-0.026173020480126135,0.017394963613384832,-0.005564299012259308,-0.013736155355246978,0.02063811340603419,-0.0224291154288287,0.008136210726464116,0.00454057563967049,-0.019750916264613907,0.019765882292217835,-0.01530562096212982,-0.0015847376272450026,0.012055418625346394,-0.021475884582842324,0.015040907818412951,-0.006625126989901822,-0.009880990514047151,0.015947902279187052,-0.01920863675431835,0.007905154096955589,0.0017619090646658771,-0.015405347250976044,0.01601323648327129,-0.01395115742130969,4.336339383707475e-05,0.008327650584431197,-0.017524462168222347,0.012792803906443512,-0.007120344062590074,-0.006967493527432703,0.012106266706663557,-0.016334162089981084,0.007364860714327034,-0.00022270525307714856,-0.011937880590155605,0.012793465994472678,-0.012536026676324603,0.0010649957324423568,0.00544066235206463,-0.014232366441371833,0.010707773497296888,-0.007218408198002613,-0.004801153341456954,0.008987961744693546,-0.013808441056491002,0.006640800677732379,-0.001596713222117814,-0.00919801909770664,0.010061138862974639,-0.011138705958847611,0.0016405995440298702,0.0032325343363980765,-0.011514924538796592,0.008817158416859658,-0.0070478767631569645,-0.003221657190770126,0.006479796091887121,-0.011618956433360831,0.0058241158520291585
0.04947775429450607,-0.012383527701584393,-0.038951050241101175,0.0604148065445692,-0.0612253412693068,0.022895898815777888,0.01601577686687121,-0.055311977667270994,0.05715756827142682,-0.040536295685698505,-0.004635325936121849,0.03680058084868389,-0.05945808728842199,0.04316220736120036,-0.015758303093804403,-0.02782397741289815,0.04718086330110285,-0.05238004241171011,0.022602364675383266,0.007878021089148137,-0.04295666791422964,0.046718208979129795,-0.037026676512693625,0.00027699819106598625,0.026112446521605225,-0.048365468825144455,0.03706772112400755,-0.017469631037262387,-0.01937857059617255,0.03631239094301881,-0.044444308079676906,0.02136530282073199,0.0020213886663525346,-0.03307047063612672,0.03773036597363633,-0.03327695869893963,0.0034263240084354022,0.01780667194245229,-0.03909786955780008,0.03137124011376842,-0.01800245447348879,-0.013067010061916854,0.02746682632986116,-0.03744097635812466,0.019550612770270825,-0.0020747270339679406,-0.02523580728262558,0.030079230466671485,-0.029521576339931285,0.005271666222274756,0.011429617764637686,-0.031427294451238125,0.026174259564995122,-0.01772830256669633,-0.008436575796740666,0.02033274418680312,-0.03134689860457429,0.01742580165976919,-0.004829558198134955,-0.019090103768433724,0.02363332680786986,-0.025916929268394298,0.006172444688147149,0.00659974118306771,-0.025136159282739427,0.02152383880028313,-0.0169278686954541,-0.0051165242342523206,0.01463227458158018,-0.026109244822624892,0.015181827051207023,-0.006577558492336005,-0.014322344362545442,0.01825548616057657,-0.022561000491876773,0.0064069470821144755,0.0029992239595066465,-0.02002276705090147,0.017428838833174802,-0.01580978791830451,-0.002805973494915257,0.010121332734980632,-0.021657586570096553,0.01295079687968087,-0.007582946397743655,-0.010668654804594082,0.01381039078213478,-0.019508827682321525,0.006187965733895914,0.00036577364847840597,-0.01590430239828646,0.013872310546677286,-0.014526110176996794,-0.0012629588781482661,0.006588382076165814,-0.01791266996859043,0.010820181425687478,-0.008052282865036498,-0.00790742047205567,0.010169523437947452,-0.016784576321278253,0.005675908695700422,-0.0015151224760675164,-0.012618049474470842,0.010820808912245964,-0.013184935768361453,-0.0002947182032655216,0.003852271120338744,-0.014792622895006281,0.008844117068465562,-0.008145222057606748,-0.005854295679081423,0.007214184626932599,-0.014390852331128773,0.0049896888571182635,-0.0028173232316293503,-0.010021376248410228,0.008231276292895096,-0.011860640615014429,0.0002508039008579856,0.0017595423770070254,-0.012217197585646862,0.007052307674564519,-0.00798360278879123,-0.004357345787104107,0.004837098553378613,-0.012315792655512916,0.0042156849058681495
0.04711769245979724,-0.012864776371439355,-0.03862540630391396,0.05772257122284126,-0.06022319613668326,0.021343164899407924,0.014672001822291563,-0.05448942961097016,0.054564259805903244,-0.040162505639754244,-0.005351898269036606,0.03482554240170006,-0.058509616116922264,0.04099395746990222,-0.01613705514168944,-0.027836278151950222,0.04489056124015547,-0.05164654130657004,0.021058545799075717,0.006781401004734341,-0.04250936779768746,0.0444419583733552,-0.03675947848186929,-0.0005887682571723606,0.024462021578148706,-0.04775389590290544,0.03508456925534952,-0.017796407675556746,-0.01964737008529601,0.03435217950239689,-0.043951826262445357,0.019859055233335074,0.001102642653451736,-0.032923428079678685,0.03572708865935329,-0.03312364481286052,0.002464908155348613,0.016408504923825194,-0.038767766513782755,0.029561098295501093,-0.018313048523026135,-0.01352750042196797,0.02577526698808867,-0.03716119546482681,0.018099479843400202,-0.0028690683165721203,-0.025326714347908414,0.0283083287781874,-0.029482318638714474,0.004254204759831841,0.010225130749975291,-0.0313301574406942,0.0245219572734473,-0.01804722299090667,-0.009037698884981172,0.018857856841100383,-0.03125220332770025,0.01603920220130439,-0.005540231427133103,-0.019367664396287114,0.022058196177837195,-0.025987149711731362,0.0051276253309809235,0.005541944237108493,-0.025230092796359512,0.02001277625471088,-0.01727109940949936,-0.005818481905649233,0.013330518425444757,-0.026173624375126277,0.013863380222305101,-0.007235142521451084,-0.014744708474090056,0.01684368802997803,-0.022733145159254838,0.005355005561120424,0.0020507797288748784,-0.020272001397809266,0.01604214713152987,-0.016186976300469415,-0.003578105805554267,0.008956580156104036,-0.021857169174658977,0.011700109539787182,-0.008209995397976143,-0.011201986549208473,0.012533596379984272,-0.0197736710825898,0.005142674980985145,-0.0005026890338617964,-0.0162786202442528,0.012593635555165657,-0.014942285637378915,-0.002081954688572602,0.005530930122080344,-0.01822599089840506,0.009634203840183571,-0.008665077464049957,-0.008524614743404432,0.009003307240402826,-0.017132159024004282,0.004646169827158597,-0.0023264597273385266,-0.013092175391933253,0.009634812269102627,-0.01364184456070828,-0.0011431208295206658,0.002877918661097783,-0.015200703993502583,0.007718155305607906,-0.008755193964091093,-0.006533846205678364,0.006137726179075242,-0.014811135760393316,0.003980791439401745,-0.0035891108349802472,-0.010574366742947757,0.007123927356670645,-0.01235777009286884,-0.0006141669903582826,0.0008487490000639087,-0.012703497932438535,0.00598076565487324,-0.008598483297233804,-0.00508236076373219,0.0038328355153943662,-0.012799098532916357,0.0032302950645602415
0.04586619207185379,-0.012948874144051629,-0.03820814047243116,0.05626467447535351,-0.05938558554734985,0.020593298596709976,0.014051972343173484,-0.053763411861482154,0.05316783136874026,-0.03971532417092526,-0.005582214657126104,0.03381327671692031,-0.05770535590205036,0.039861639642831896,-0.01615746652611335,-0.027628994614747146,0.04368240616395319,-0.050975852977599684,0.02031421886627326,0.0063149415304933135,-0.042016510766075266,0.0432425341841963,-0.036378528078242635,-0.0009117865720307856,0.023651454848900307,-0.04715896778376541,0.03406726228713673,-0.017784524082372393,-0.019599462327049545,0.03334912659424028,-0.043430895531682785,0.019138073261998782,0.0007467054281326927,-0.03261713641150119,0.034697276723484945,-0.03281345644715618,0.0020824579781508427,0.01575467893213,-0.03834773001139296,0.028651291311364895,-0.018291109860614475,-0.01359869999607483,0.024939141355447208,-0.03677242668583706,0.01741274342667524,-0.003147706526627376,-0.02516827293750112,0.0274229036916192,-0.0292429992082474,0.0038369305819489063,0.009691648040622032,-0.031054874638058977,0.023710224051908632,-0.018030457930506814,-0.009196280758595297,0.018156360590247663,-0.030978437698951963,0.015392563725770502,-0.005766882400550624,-0.019325200381174846,0.02129441365260378,-0.025815854646147694,0.0046933522952831794,0.00509960756241724,-0.025073531872937385,0.01928880250384497,-0.017269439574282956,-0.006039717457816741,0.012736597428628543,-0.02599870006563215,0.01325908845770647,-0.007428806462443721,-0.014792218261978756,0.016181392331947486,-0.022625180821780222,0.004916307161136887,0.0016763894834799942,-0.020211936817043585,0.015395451340595103,-0.016206416099487527,-0.003842944446583205,0.00844778648189423,-0.021766253429469917,0.01113792020781009,-0.008384686365368436,-0.011318446197299393,0.011955185396313782,-0.019723305204205357,0.004708109043025835,-0.0008273826567289853,-0.016296276432463674,0.012014056065238346,-0.014985950100097655,-0.0023759120164600156,0.0050888078084672505,-0.018205746586036794,0.009112221984886542,-0.008830911443651042,-0.008693182464224129,0.0084936041451325,-0.01713320330171558,0.004221267069565094,-0.002615658401117853,-0.013171847434554395,0.009112818572320497,-0.013710818723803987,-0.0014553501145944756,0.0024874303095139697,-0.015239339015608642,0.007233464347367126,-0.008919274060601293,-0.0067411590539118585,0.005683794159764612,-0.014857352714071107,0.0035688385400782924,-0.00385373529175862,-0.010703041376809335,0.0066508014986201205,-0.012451735422904562,-0.0009366909849907293,0.0004977531537970497,-0.012790734570041774,0.005529888463581991,-0.008765613358940572,-0.005317922997728889,0.0034237621929873946,-0.012884474553689384,0.002832948623554661
0.04515499792043887,-0.012665574283182717,-0.03749773594715462,0.05537765414278364,-0.05831709518323122,0.020309439528823716,0.013878719455133337,-0.05278998588182057,0.052333175032755926,-0.038979434931271956,-0.005423476396228666,0.03330588327376343,-0.0566652762569706,0.039251975453403004,-0.015819913119050913,-0.027097471078432245,0.04300813727929808,-0.05004956135988428,0.020035078710372075,0.0062725127885626,-0.0412417111512874,0.042575703020488964,-0.035699060159653614,-0.0008320197901142449,0.023315885933910135,-0.04629721523256927,0.033555574244907925,-0.017419459034136234,-0.01920370879483939,0.0328495813870458,-0.04263218032398717,0.018878820353299377,0.0007984290491773488,-0.03200126922876269,0.03417493587365238,-0.0321942697221216,0.0021115955851288047,0.015552635266210297,-0.03763496519019897,0.02823118100682554,-0.01791747903908954,-0.013304412339723517,0.024581799166994094,-0.0360862984022786,0.017182663828503877,-0.0030301329521684357,-0.0246783573280554,0.027023563985690016,-0.02868418474109952,0.003836402108253114,0.009592123139125075,-0.03046542347555591,0.023373661418399392,-0.01766123442840631,-0.008976432864925955,0.01791370729516182,-0.03039027899573102,0.015196643004661564,-0.005605021623996679,-0.018934084297845023,0.020998699548757032,-0.02531498918706057,0.004678342731609962,0.005077728697107252,-0.024585218224136923,0.01902700093987513,-0.0169130840029219,-0.005873243359400738,0.012585585992661597,-0.02549474290425597,0.01309924230925306,-0.007238844492866276,-0.014477749607026918,0.015972133441283794,-0.022178265927023606,0.004897527691326235,0.001712393233990719,-0.01980582705721754,0.01519948179329523,-0.01586803501236356,-0.0037136152116618486,0.008369293825225896,-0.021333861992792958,0.011013940534722438,-0.008178561584098635,-0.011062714966967308,0.011817386724307878,-0.019325457633720323,0.004692849959999584,-0.0007490430463482696,-0.01595637591215981,0.011875261959043351,-0.014668205666244357,-0.002271388584905912,0.005067111554371166,-0.017833559157691508,0.009022494500617253,-0.008617241517964435,-0.008481841374568332,0.008414336765341692,-0.016779151326457378,0.004214239915170155,-0.002507081138473367,-0.012884777356008773,0.009023081000455136,-0.013414635270838549,-0.0013663923086231296,0.002509720307799242,-0.014917310071416967,0.007175504458397081,-0.008704110026361886,-0.0065628243981222965,0.0056520373820335874,-0.01454178271167946,0.0035728431893990173,-0.0037242235962603246,-0.010457715922556144,0.006602693757263616,-0.012176841596632982,-0.0008565030985654024,0.0005536862667644452,-0.012510108664497177,0.005500734051250811,-0.008553047547530057,-0.00516365359982316,0.0034302199137367286,-0.012602263614607515,0.0028493963110757733
0.0445519915191459,-0.01211498367809717,-0.036451710823424334,0.054570692208608614,-0.05685569626477476,0.020202134928637698,0.013899716238747924,-0.051438860115306975,0.051586954489637064,-0.037903847950104264,-0.005017375237094455,0.032939282405374956,-0.0552368333141434,0.038766742169653326,-0.015206389275855124,-0.026258945015345106,0.04244796359159379,-0.048753110692634306,0.019933247971940984,0.006445263470591612,-0.040120988762849426,0.042024156969063704,-0.03468892100046547,-0.0005175242722572868,0.023148598745510847,-0.04507562884103283,0.033183991710896754,-0.016774022131126557,-0.018522673745631327,0.03249208434572893,-0.041483716233695414,0.018800058500707432,0.0010803949529475353,-0.031064905896853935,0.033790996254722205,-0.03125405577471592,0.0023673620770457964,0.0155402352120733,-0.03658620216129183,0.027965827170769883,-0.01726210597728836,-0.012741076069185358,0.024389255332727,-0.03506843332720235,0.017137742545362936,-0.0026717821650398934,-0.023888095788721097,0.026782303708852824,-0.02781400163863224,0.004057756425301769,0.009698643197401935,-0.029559702300852364,0.023205221532553357,-0.01701097378601778,-0.008499445517885331,0.017854200726498286,-0.029486057052938684,0.015191345467700814,-0.005195298397088079,-0.01825842861450494,0.020877643298158225,-0.024512025998836885,0.0048828992179620855,0.005274316904408719,-0.023796814933300724,0.018945282688296414,-0.016277749952544957,-0.005458168753576029,0.012632382501777027,-0.02468819339126691,0.013135790694447463,-0.006796524335511478,-0.013891003703767264,0.015951363842873836,-0.021437884522838194,0.005097711147392849,0.0019761243416086816,-0.019112778951090578,0.015194127618740887,-0.015253551073652439,-0.0033416280480946955,0.008500210948112534,-0.020610327565618987,0.011092093452573884,-0.007717492825995462,-0.01054410352843723,0.01187950982640745,-0.018641993533904316,0.0048971170079286155,-0.0004362030244430016,-0.015340129455478666,0.01193623037354663,-0.014077659912319336,-0.001928175752960486,0.005263911587734012,-0.017179860408687082,0.009140379404780038,-0.008147420514091647,-0.008014721782911509,0.008544355221907749,-0.016146489410387266,0.004428055867475182,-0.0021591659278786327,-0.012329813359257187,0.009140954203169259,-0.012849099906819947,-0.0010412353511755723,0.0027575436841306526,-0.014321794354637356,0.007330239260482235,-0.008232555880677858,-0.006133991737134744,0.005837167370323745,-0.013953759263161754,0.0037994558559971002,-0.0033520247813682382,-0.009951175016362493,0.0067688568915991315,-0.01163600185603452,-0.0005415191062734973,0.0008405351132376196,-0.011962619804438968,0.005688882741411152,-0.00808450729840075,-0.004762736249646541,0.003659678103607468,-0.012052936141223313,0.0030904427011964886
0.043778224437966404,-0.01140039379749019,-0.035097917294700146,0.053533784155684744,-0.05496599246954843,0.020067916340188553,0.013931030550202833,-0.04969142941240391,0.050628414247783374,-0.036511914069006585,-0.004489203899182425,0.032470522895087006,-0.05338964892169734,0.03814492454607267,-0.014410603689511014,-0.025172864275198558,0.0417294587615379,-0.04707622114420322,0.019806091693991733,0.006672368833804187,-0.038670821722977616,0.04131678341140939,-0.03338142711092327,-0.00010754142927030209,0.022936991344279112,-0.043495328279337386,0.032708804915629844,-0.015937062699424596,-0.017639786014507552,0.032035070483467085,-0.0399977571842591,0.01870266542138778,0.0014484084796806012,-0.02985259669098869,0.03329986649734211,-0.03003677855111976,0.0027015734381952094,0.015528461325748233,-0.03522887622028838,0.027627695362009885,-0.01641232703320124,-0.012010041884541429,0.024145062111229722,-0.033750971554045106,0.0170840101611168,-0.002205217781904592,-0.022864285355742156,0.026475257119973554,-0.026687077367607507,0.0043475696129535845,0.009840298607641398,-0.028386927237108117,0.022992126934960826,-0.016167790823874383,-0.007879817674207716,0.01778165058256037,-0.028315216280147024,0.015188735163481999,-0.004662453910963746,-0.017382481276425988,0.020725682495994276,-0.023471828051460673,0.005151040046790281,0.0055321771555889715,-0.02277540199015021,0.01884407529861582,-0.015453825099614174,-0.0049184199828350515,0.012696983308298274,-0.023643368410878073,0.01318716949493127,-0.006221623682377168,-0.013129766692970654,0.015928791671344526,-0.020478428839388958,0.005360209945222738,0.002320611553996397,-0.01821439211863531,0.015191444241381061,-0.01445652678363943,-0.002857470176337522,0.00867334315723266,-0.01967260764897687,0.011197149919937546,-0.00711840295401496,-0.009870772783309787,0.011963884818577832,-0.017755971870945696,0.005164884406789808,-2.8356082391336156e-05,-0.014540831186011438,0.012019115601689247,-0.013311520379965995,-0.0014811421772557057,0.005522045134347071,-0.016332241642802132,0.009296697602284392,-0.0075370386000458076,-0.007407825198366401,0.008716327982566096,-0.015326012112951516,0.004708143147739385,-0.0017060653998837922,-0.01160958098140309,0.0092972573036055,-0.012115228478257094,-0.0006174972472529263,0.003081506933231655,-0.01354924263607554,0.007534100752404493,-0.007619937887944003,-0.005576492489347591,0.006080244365357477,-0.013190873978862098,0.004096053302897267,-0.002867593839621116,-0.00929341752665792,0.006987463080128951,-0.010933992423333127,-0.00013090603945454344,0.0012148485538277898,-0.011252031757903682,0.005935854429235523,-0.00747577779869741,-0.004241252999609172,0.003959946810357801,-0.011339975937922147,0.00340566236432176
0.042690709824225216,-0.010604246533486605,-0.03349279505023987,0.0521132388042416,-0.052682623161500394,0.019789813141622467,0.013862425490233513,-0.047588120672565605,0.04930705105622883,-0.03485852146359509,-0.00392898760550045,0.03176902531117334,-0.05116009209287171,0.03724971689092519,-0.013511695287245246,-0.023906558851551997,0.04071188395282504,-0.04506218916182471,0.019536926542815504,0.006851556574667266,-0.036943729337191,0.04031329632090661,-0.031834901606035325,0.00030309571908949235,0.022560945004285772,-0.041603539143799516,0.03199917297147662,-0.014986044752975524,-0.01663064129541473,0.03134843817044224,-0.03822536649593112,0.01847116852054244,0.0018059293373303856,-0.028426536749531356,0.03257005716918627,-0.02860443109541151,0.0030163143362453033,0.015405323920634074,-0.03361928336123918,0.027091519960787062,-0.015445084735073647,-0.01119308273910366,0.023727775216070383,-0.03219183071369025,0.016907770156955118,-0.001722971138713974,-0.02167678912017256,0.02597842311678495,-0.025369080445185425,0.004606120262960936,0.009911341042638239,-0.027010901634384472,0.022614198401944265,-0.015208896388559734,-0.007203854192313852,0.017581594855782375,-0.026941638712553,0.015077195171300557,-0.004096323289360063,-0.01638212030621247,0.020425124783854207,-0.02226359180732211,0.005382162198685283,0.005750288227014824,-0.02159094001336935,0.018607751013479445,-0.01451930369247262,-0.004343551311113429,0.012670505576255011,-0.022429276202131074,0.013143958015971445,-0.005602266851903756,-0.012274582905404244,0.01579198797601472,-0.019372379858378114,0.005584191552895198,0.002648357550780151,-0.01718563176494202,0.015079811767964581,-0.013556050680251671,-0.002352957245781419,0.008784222571937504,-0.01859406741510756,0.011221872799054356,-0.006468432291938741,-0.009126843006513181,0.011962433260111913,-0.016742860853393354,0.005395533946394274,0.00037957787360950123,-0.013637477138341049,0.012015778600565434,-0.012450131969988206,-0.001023613688609336,0.005740502087978174,-0.01536773326229849,0.009386297234312254,-0.006872776749963966,-0.006747974374994191,0.008825740001395663,-0.014395853925806338,0.004954384706955418,-0.0012408585873969068,-0.010806292583093312,0.009386837828811279,-0.01129467852204935,-0.00018945146554227312,0.003383277839216622,-0.012679738974834764,0.007683871091820934,-0.006952846060720659,-0.004979158845994745,0.006279645774553704,-0.012333604139332677,0.0043631900991336235,-0.0023627353121798388,-0.008569197233745635,0.007155894280892275,-0.01015376695143529,0.00028052871904664096,0.0015803425710558077,-0.010460949207860146,0.006140184954580369,-0.006813607241217488,-0.003689501137839676,0.004231729946417603,-0.01054589119056799,0.0036963674037168315
0.0412495170548841,-0.009784328907636551,-0.03170179988687009,0.05027228253603006,-0.05007747366177896,0.019320221797389545,0.013644311560578565,-0.04519911231120521,0.04758515108755343,-0.033009583515367806,-0.0033922768416910693,0.030791199735900415,-0.048619538026969014,0.0360393655843122,-0.01256842522713322,-0.0225222726865746,0.03935464553965346,-0.04278034685119043,0.019078064253570993,0.006930888213367979,-0.035006323632887956,0.03897296852554052,-0.030114244807813065,0.0006602546406135034,0.021973784653727787,-0.03946843472439448,0.031011583071346237,-0.013980223428523734,-0.015555045744804544,0.030388456571803946,-0.03623358560679746,0.01805752245263688,0.0020993285159316387,-0.02685048442674798,0.03155824673709358,-0.02702083136510208,0.0032583612989846903,0.015121750444370493,-0.03182292176069753,0.02631214385792449,-0.014419788020336072,-0.010348182943146376,0.023091110520231006,-0.030456030716733605,0.016560453372969137,-0.0012798535984647067,-0.02038710394303846,0.025246271648612657,-0.02392274482929263,0.0047807175653027095,0.0098608571989669,-0.02549490954043724,0.02202477870417495,-0.014193620282938357,-0.0065282027971883035,0.017205690150252213,-0.02542858519147002,0.014807542999730411,-0.0035525130834998834,-0.015317068593715911,0.019928579486440525,-0.020949010734844092,0.005523834875360923,0.00587634266049669,-0.020304897100364476,0.018188310249120654,-0.013533284486943346,-0.0037892521230272944,0.012502960456332134,-0.021107665745767102,0.012956326037812186,-0.00499456495953981,-0.011383799006418336,0.015492009755759989,-0.018180462351821424,0.005717292861768758,0.0029060155763565563,-0.016086489995221397,0.014810048583752311,-0.012610898782775215,-0.001883111695362572,0.008781558249378214,-0.017435170863561573,0.011115787878279744,-0.0058239821627008755,-0.00836960621766973,0.011824929063082983,-0.015662504236700552,0.005536639308640689,0.0007334919365868403,-0.012688870613571275,0.011876011155528101,-0.011551900165197991,-0.0006101673313097697,0.005866971711605915,-0.01434571828810689,0.00935808908226487,-0.006211171761809577,-0.0060916642959020165,0.008821314245902661,-0.01341507224310792,0.005114206420603472,-0.0008181953222974008,-0.00997780288111645,0.009358606741313247,-0.010445468387992074,0.00018860443452165616,0.0036097558804682964,-0.011771765783223956,0.007727890664701137,-0.006287844024078743,-0.004397893151083167,0.006383241500208147,-0.011440316184903385,0.004548094041282898,-0.00189247491410768,-0.007835619318833443,0.007222313981987196,-0.00935296152935478,0.0006386450759805366,0.0018833125724346885,-0.00964711116429556,0.006249697493594169,-0.0061545125992656,-0.0031629509103838823,0.004422211262828423,-0.009728449368837233,0.003909562197972944
0.03948239305358864,-0.008977617654621912,-0.02978970536462077,0.04805010539404439,-0.04723862247262478,0.01865907740965027,0.013269425392110724,-0.04260629585038782,0.045498496431177295,-0.03103153238051068,-0.002907941624509565,0.029551529335419817,-0.04585421619984145,0.034535009776993385,-0.011621301173096725,-0.021073137407949024,0.03768308727549392,-0.040309518135867785,0.018429132812193535,0.006894586083830872,-0.03292756913125061,0.03732065971703448,-0.028282216860080533,0.0009402049402636645,0.021178810774983924,-0.037164638613226046,0.029760797882482856,-0.01296189690259478,-0.014457294807086312,0.02916909807481863,-0.03409293551263428,0.01746006090180364,0.0023067007254145284,-0.025183060603434667,0.03027989117432217,-0.02534481628343599,0.0034072789792887683,0.014672351289207807,-0.029904718591470012,0.025298369658432258,-0.013379292543162804,-0.009513034339046225,0.022239785554252395,-0.02860676517686561,0.016038494835924358,-0.0009020560978298455,-0.019045653524967003,0.02428625352838851,-0.022402978295945362,0.00485285690068748,0.009676785342752561,-0.02389585262865958,0.02122723299721932,-0.013164531324026113,-0.005885710642646201,0.016651189814065583,-0.023832873274457534,0.014373990547533737,-0.0030600965296993725,-0.01423131976890216,0.019236753255352436,-0.019579221172757358,0.005558495915809418,0.005893225362909137,-0.018967592692961614,0.0175842525612518,-0.012537498829386503,-0.0032848958991016928,0.012185637061240472,-0.01972987459468222,0.012616137653913666,-0.004429420123418163,-0.010496420258120613,0.015023936984080319,-0.01695030144787502,0.005742197063863152,0.003072703421254377,-0.014961936257878226,0.01437636976521255,-0.011661632622204801,-0.0014748895436366676,0.008651919635142764,-0.016242597906810624,0.010868424989159464,-0.005217006592528828,-0.007634244929875883,0.011541801427110773,-0.01455933374947355,0.0055706545717395545,0.0010097485946791035,-0.011735672030445577,0.011590307251043899,-0.010656043421942272,-0.00026614471264238874,0.00588432702740202,-0.013308958435488131,0.009199373776769071,-0.005584668714891607,-0.005471188475094578,0.008689670582204543,-0.012425248488577123,0.005169526616522976,-0.0004636810433016863,-0.009161333983457516,0.009199865328259154,-0.009605413300695283,0.0004923418876823201,0.00374095136592427,-0.010864820362087647,0.007651392603065962,-0.0056574740968985855,-0.0038628407939211985,0.00637455932348183,-0.010550087055574886,0.004631965485345972,-0.001483780538859416,-0.007127189066309285,0.007171314117973301,-0.008568005810238104,0.0009196852299858543,0.002101579305745428,-0.00884732033553402,0.0062477504602955515,-0.005530867094186482,-0.0026901814914602517,0.004512431464798841,-0.008924556338205087,0.0040256372852910775
0.0374542606081366,-0.008205854232722711,-0.027815472576359985,0.045526952373398134,-0.04425623574080374,0.017834063051956627,0.012755811386786657,-0.03989155314043707,0.043122768870943025,-0.028985549993375662,-0.0024868686086690853,0.02809717687633947,-0.04295181693284457,0.03279272452364679,-0.010696792457711483,-0.019602525692872127,0.03575891413047462,-0.037727477386505316,0.01761740406708499,0.006749294040748072,-0.03077203857470416,0.035417426712314674,-0.026395082914190137,0.0011389418586454422,0.02020821264763524,-0.034764300984644565,0.028294354420294477,-0.0119599319838791,-0.013368929610045432,0.02773684151894703,-0.03187007305773492,0.01670432266097715,0.002426485001283816,-0.023474988004589914,0.028783455825187217,-0.023627397853805458,0.003463474649631871,0.014077679802383503,-0.02792384063219421,0.024089753921831943,-0.012353211568507438,-0.008710335906194237,0.021207887009169087,-0.026700879656684533,0.015364891058026242,-0.0005968780336093136,-0.017692184659471043,0.023136115281338326,-0.020855531764859957,0.004825530764309797,0.009370744919853933,-0.02226215162479229,0.020253837157324907,-0.012150858705067342,-0.005292589724917933,0.01594218608242884,-0.02220281105710683,0.013796557583676813,-0.002630232391364031,-0.013156010833432208,0.018378362260109346,-0.018194924128931107,0.005490399756202104,0.005805789389258894,-0.01761863398331869,0.01682133884297562,-0.011560054549315388,-0.0028420434263402086,0.011734641582498217,-0.01833687318023605,0.01214026894851086,-0.003920439959000925,-0.009636904294059098,0.014408951772192667,-0.015717896683182103,0.005663487120277122,0.003148230014322565,-0.01384441416442075,0.013798799336224084,-0.010734793658517264,-0.0011366146233866888,0.008405093339880317,-0.015051082448392674,0.010493534665639966,-0.0046625216899198775,-0.006940098159012449,0.011128005129815415,-0.013465073002495234,0.005501855915991739,0.001204467458013995,-0.010804555258517288,0.011173708410909856,-0.00978730483844287,2.2920130318374206e-06,0.005797405176890598,-0.012286941186253675,0.008920916976966845,-0.005008941232226629,-0.004902017591361179,0.00844066313346891,-0.01145428974700977,0.005123904111330561,-0.0001838311720713244,-0.008378955900472725,0.008921380127865069,-0.008797377446964277,0.0007169551913916263,0.003777868296483031,-0.009984019179274536,0.007462374208820142,-0.0050775401048824284,-0.0033865961386382254,0.006259313100776174,-0.009687470360782813,0.004617401891772332,-0.001144991919573531,-0.006462338690476893,0.0070100334346105625,-0.007819908716380261,0.0011196077249113938,0.0022332149742752506,-0.008083085160531786,0.006139830930398874,-0.004958248131995758,-0.002281690100916345,0.004504774242174085,-0.008155858663885808,0.004046105789250686
0.03524445066758239,-0.0074805249639815575,-0.025829591075537676,0.04279821088378063,-0.04121350344661646,0.016885485400063502,0.01213367565535431,-0.03712939287461886,0.0405485739322703,-0.0269244531735257,-0.002129169141146374,0.02648886221107267,-0.03999293573719104,0.030882569049245766,-0.009811339841107993,-0.018144591668870738,0.033658085035397245,-0.035104428982744164,0.016682753762588143,0.006513271323597814,-0.028596102081316563,0.03333854922892325,-0.024500507390245955,0.00126356573042819,0.019107019094724422,-0.032331732505681526,0.02667336472031801,-0.010993281797734074,-0.012311705753799512,0.026151690055079616,-0.029623552333984896,0.015828367369528053,0.0024683425818561996,-0.021768123026138307,0.02713102554045039,-0.02191073561299754,0.0034386721049043485,0.013370571270736565,-0.02593099297872811,0.02273904579748167,-0.011361280448815021,-0.007952577372977119,0.020042432045061825,-0.024786646801345142,0.014575037569642969,-0.0003606715903900039,-0.016357051834936714,0.021846709284128286,-0.01931705157350452,0.004713172059870772,0.008966209195512985,-0.020633250611722973,0.019149710753987366,-0.011171935301752032,-0.004754531927431482,0.01511522271669722,-0.02057772459482264,0.013107520247198919,-0.0022633171638449323,-0.01211247389522867,0.01739479577927863,-0.016827474032878393,0.005335301714511098,0.005630417362681589,-0.016288229168650248,0.01593786147706169,-0.010619109421976957,-0.0024615124890077023,0.011178149039707905,-0.016960298266436826,0.011557701727842571,-0.003470587164787144,-0.008819583772993404,0.013680548301824788,-0.014509675717495327,0.0054972626171065336,0.0031436921336862574,-0.012756625046483625,0.013109617894637784,-0.009846898235651151,-0.000865712647033737,0.008062631962587712,-0.013885725864730959,0.010016823384620344,-0.004164966142602793,-0.006296134657622064,0.010610508600159604,-0.012401668823622492,0.005346021445496212,0.0013248791906773048,-0.009912175396481959,0.010653273967216787,-0.008960316217845259,0.00019998240119825802,0.005622572107136924,-0.011299270082070325,0.008545297247191531,-0.004489117024722539,-0.004389066686120971,0.00809591524646882,-0.01052014342907628,0.004992365268757817,2.582365070633746e-05,-0.007642499250778231,0.008545730625664391,-0.008034023679481058,0.0008687053552823437,0.0037328557911970994,-0.009144385299749782,0.007180513027006053,-0.004553306201048243,-0.0029710600765274573,0.0060547875069628014,-0.008866899334421242,0.004518422199114168,-0.0008735514309853037,-0.005849086687592334,0.006757249778049594,-0.007119388930086025,0.0012454744401297823,0.0022874964052087545,-0.007365647775521812,0.005942985930563603,-0.004441682595799153,-0.0019371799888104728,0.004413034518831344,-0.007433743227499121,0.003983850349180873
0.032931729873976134,-0.006806613338052058,-0.023873012463685016,0.039957454560192,-0.03818153296507676,0.01585612357967092,0.011436482755487209,-0.034382916693754324,0.0378650754783995,-0.024891339687435312,-0.0018293369044428702,0.024788189147155616,-0.0370462874129451,0.028874759770717767,-0.00897449571087487,-0.016725222687515987,0.03145625701484202,-0.03249950520111364,0.01566756362683666,0.006208965290018875,-0.026446134208575545,0.031159057932607433,-0.02263683660020223,0.001326233362388228,0.01792236392528979,-0.029920630372057045,0.024959794254648185,-0.01007381559192366,-0.011300076880329935,0.024474586560885372,-0.027401761922114975,0.01487290197469458,0.002446791895383239,-0.02009545591962735,0.025385462905742343,-0.020228099363870315,0.0033492918276983447,0.012586914833093843,-0.02396732600211937,0.021300498647098536,-0.010416089788270178,-0.0072456675531906165,0.018792388081325165,-0.022902973817524524,0.013707184522326945,-0.00018446381551197365,-0.015062638440807507,0.020470539727190703,-0.01781572334676642,0.004534699563700753,0.008490433812611428,-0.019039915247239404,0.017962071281069494,-0.01023998056109575,-0.004271177207808898,0.01420960874737023,-0.018988270702469855,0.012342252040404227,-0.001954107488589723,-0.01111477205902515,0.01632983129632896,-0.015500176402620938,0.005113340074854459,0.005387826057371327,-0.014998626731187287,0.014974742042723827,-0.009725799236887718,-0.002138448233971428,0.010547750953081388,-0.015623715735341364,0.010900771516936327,-0.003076984890808409,-0.008052067027539737,0.012875223333383052,-0.013344400686159013,0.00526397931663585,0.0030749320378175332,-0.011713894683452854,0.012344203054597477,-0.009007568443288105,-0.0006542006508970192,0.00765001994063645,-0.012764067215402691,0.009467606218517527,-0.0037228242325930854,-0.005705016255891478,0.010019790661136077,-0.011383751201782144,0.005123310457346903,0.0013832607870006453,-0.009068282491281266,0.010059566572265003,-0.008182961758593938,0.00033699840679690283,0.00538052921394868,-0.010358414173480966,0.008098945152473154,-0.004024315779767659,-0.00393125932660279,0.007680976600963105,-0.00963375132968421,0.00479437614380919,0.00017501399140233752,-0.006957265028429958,0.008099348236202064,-0.007321420464300871,0.0009589751749597079,0.0036229109958891507,-0.008354163736905684,0.006829564352358099,-0.0040840178973609986,-0.002612376577204044,0.0057825311728945845,-0.00809607505777253,0.004353563432132702,-0.0006614914751146503,-0.005289218577772786,0.006435888756118697,-0.006470722036792443,0.0013094067196014396,0.00227858752943645,-0.006699766486186948,0.005678544936532287,-0.003980197191313005,-0.0016507684976566047,0.004255542737035935,-0.0067631018164440665,0.0038563601141641743
0.0305857974002615,-0.006185177403835617,-0.021977182845455676,0.037086892426769054,-0.035217247838435266,0.0147852723138878,0.01069565789483403,-0.03170228440732393,0.03515075688919276,-0.022919468850865043,-0.001579567518271173,0.023050356647627945,-0.034166774109040794,0.026831772109072845,-0.008191178199691276,-0.015363137655847988,0.029220502047159615,-0.029959512289922836,0.014610792637225508,0.005858493144781455,-0.024358162705245226,0.02894549561555426,-0.020833315541098615,0.0013403678739794735,0.016697220964654983,-0.027573208944154333,0.02320914754261306,-0.009208408923982081,-0.010343102001110133,0.022760171605520997,-0.025242431140624254,0.013875470496773155,0.0023772513032514764,-0.018481706555428763,0.023603030376649778,-0.01860444515880139,0.0032123591509740563,0.011760184131214574,-0.02206445373963843,0.019823101328556924,-0.009525124590329764,-0.006591446266036341,0.017502278089201875,-0.02107957958035097,0.01279680028546117,-5.7521503763252054e-05,-0.01382470302310009,0.019055117661761045,-0.01637220771322803,0.004309249319760276,0.007969598308702806,-0.01750498592915643,0.01673396326594124,-0.009362165910330247,-0.0038390690730195185,0.013261707149380015,-0.017457197820720256,0.011533790963852557,-0.0016950211490749782,-0.010171634386596863,0.015223607007933805,-0.014229568854668228,0.004844681195788327,0.005098670575600986,-0.013765471239101108,0.013969705894448653,-0.008886379881297514,-0.0018655966777937354,0.009873290073923655,-0.014343883174883838,0.010199949647765903,-0.002734050291401568,-0.007337629734106884,0.012026963864415246,-0.01223477067875152,0.004984071802349277,0.00295848654065569,-0.01072601892170067,0.011535596290596042,-0.008221781302688828,-0.0004921818328650362,0.007191940389082947,-0.01169777226094391,0.008873802636626474,-0.0033316630815863084,-0.005165839523132709,0.009384753989540333,-0.010420528137108117,0.004853907063144214,0.0013931369082187017,-0.008277961670277367,0.009421559726964464,-0.007458750205383256,0.0004250017392290299,0.0050919186069994776,-0.009471755768008482,0.007607343154248428,-0.0036106414482900535,-0.003524533769456371,0.007220585432758192,-0.008801205437599883,0.0045495351548650274,0.00027511313352271394,-0.006324579529423069,0.007607716138636846,-0.00666154250459641,0.0010005338380087712,0.0034655464438055486,-0.007617168073922056,0.006432750414717529,-0.003665885449029155,-0.0023041355236376954,0.00546390200411109,-0.007378351566978319,0.004141639107767736,-0.000498928231731672,-0.004781090570109509,0.0060684716285318635,-0.005874368004721208,0.0013247977216294061,0.002221607207342203,-0.006086309092268973,0.005367680698234063,-0.003569817312874983,-0.0014143332921809904,0.004050937880229082,-0.006144915003961557,0.0036815632918237957
0.02826349433760648,-0.005615016236658984,-0.020164797040489364,0.03425320273596257,-0.032363377150436363,0.013705864058030271,0.009937945310193756,-0.029124906416291087,0.032469366744873183,-0.021032961307776793,-0.0013716910585717496,0.021320803517470763,-0.03139553538015744,0.02480476673516544,-0.00746322177204252,-0.014071023321174565,0.02700559532069209,-0.027519223566639526,0.013545109234360508,0.005481279747009914,-0.022358485181386993,0.026752221338882526,-0.01911090818460025,0.0013185575026796977,0.015467415741866823,-0.025320630693762645,0.02146710366435322,-0.008400435485656494,-0.009445871773838476,0.02105344489916134,-0.023173195634348377,0.012867628720353824,0.0022738780077797716,-0.016944280557456767,0.02183000303890142,-0.01705736434417669,0.0030432949242594825,0.010918734194577175,-0.020245203065272433,0.018347409310885313,-0.008692237786481002,-0.005989327334403622,0.016209145773560477,-0.019337800697032163,0.011873808448936748,3.062835971247127e-05,-0.012653604439813865,0.017639836478915996,-0.015000718299109043,0.00405390194188718,0.007426321971218959,-0.016044390352164102,0.015501267834428439,-0.008542097699280571,-0.0034534565739798924,0.012302144988537225,-0.016000361333471932,0.010710149479179287,-0.0014780629204237295,-0.00928789207864735,0.014109718637530032,-0.013026622871580094,0.004547215882310483,0.004781226047544815,-0.012599031923549798,0.012954451409543558,-0.00810373776725404,-0.0016352207027288492,0.009180266269453626,-0.013131945042853702,0.009481230273958792,-0.0024353603533261384,-0.006676814806466864,0.011164528603357208,-0.011188738739969051,0.004675641798770065,0.0028093923432425446,-0.009798667831392171,0.010711812796007164,-0.007491417585562057,-0.00036984088632034624,0.006709835878767934,-0.010693981484471109,0.008259400127239056,-0.0029859639568328403,-0.004675861118957426,0.00873015922201015,-0.009517207445005943,0.0045557160280487565,0.0013671756395115852,-0.00754317871475579,0.008764069760720646,-0.006788407745973036,0.00047519554557400696,0.004775005199691801,-0.008643067041865706,0.007092562391927162,-0.0032429974349148802,-0.0031636631250839824,0.006736227657071945,-0.008025263282777065,0.0042752865053591145,0.00033709741952656986,-0.005743452766039851,0.007092906036761555,-0.0060539096896967655,0.0010054553605018971,0.003276566095969231,-0.006934364209271538,0.006010365013188671,-0.003293895853386937,-0.0020392633751166196,0.005117727782371138,-0.006714333394235843,0.003899476219708298,-0.0003760566025628231,-0.00432137713959929,0.005674740984303895,-0.005328655606553919,0.001304212123645147,0.0021304771276786346,-0.005523925066062733,0.005029075399724451,-0.0032053845918854755,-0.001219454423409086,0.0038159096971279714,-0.005577920942146239,0.003475590710051265
0.02600807717376762,-0.005093701969942683,-0.018450961822265452,0.03150686046096463,-0.029649728769671452,0.012643611200015597,0.009184516489527495,-0.026676687752535778,0.029869230232154993,-0.019247970098129424,-0.001198165823673486,0.019634419274091562,-0.02876121270225797,0.022832831857903906,-0.006790425922658187,-0.012856642557420252,0.024853277368640417,-0.02520260897757804,0.01249603207279561,0.0050931256428232395,-0.02046485212947987,0.024620670282631468,-0.017483451212080028,0.00127158609798522,0.014260783575430837,-0.023184215937268448,0.019768728450613827,-0.007650824252962009,-0.008610575080041021,0.019388973752494647,-0.021212787742485393,0.011874078835665734,0.002148607161114543,-0.01549440350001016,0.0201018840707184,-0.015598218777000792,0.0028549615610026016,0.010084918506960652,-0.018524777653665263,0.01690472873124179,-0.007918710017714735,-0.005437333992004974,0.01494172034741269,-0.0176917472880114,0.010961713502414178,8.921747910790466e-05,-0.011555397365263185,0.01625514958579034,-0.013710138398429834,0.0037827377746126613,0.0068787494101352825,-0.014668269589629199,0.014291861101820198,-0.007780875627903267,-0.0031093068446839743,0.011354942963450595,-0.01462784925260534,0.009893429694699031,-0.0012958192948074444,-0.00846554362778003,0.013014365277596526,-0.011897842670108995,0.004235618995288688,0.004450449350966423,-0.0115052976908858,0.011953785412432812,-0.007378444306093701,-0.0014400961993441522,0.008488937912208982,-0.011994532484813424,0.008765234474237793,-0.002174655253894383,-0.006068474002523052,0.010310567252642006,-0.0102105941640747,0.00435351893900961,0.00264022997178514,-0.008934455465536529,0.009894956683688507,-0.0068163107667672425,-0.00027842873180380175,0.006220987547844945,-0.009756387924502466,0.007643547282851334,-0.0026801305945076343,-0.004231521355821268,0.008075722285449744,-0.008676063977047144,0.004243422456862407,0.0013162194224287298,-0.006863829479400244,0.008106853467657596,-0.006170920624280821,0.000497347299304585,0.004444738372746559,-0.007873569378016178,0.006572345245776408,-0.0029160972392136687,-0.002843265283467846,0.0062452162180582265,-0.007306401703179706,0.003985977340999061,0.00037056789419843885,-0.005211611656734605,0.006572660724986149,-0.005496623084614429,0.00098414625749726,0.0030691134921274075,-0.006304914286019756,0.0055788463199707965,-0.002962823950135976,-0.0018110229534495867,0.004759370919850081,-0.006102917512901606,0.0036409690066266246,-0.0002841349990073055,-0.0039060913930189754,0.0052707305189879225,-0.004830811868754271,0.001258416486839318,0.002016959623300199,-0.005010076762641551,0.004677984613932152,-0.002881567198871334,-0.001058406721984777,0.0035642517163725646,-0.005059647059096555,0.003251825762720662
0.02385024744415343,-0.004618199164421026,-0.016844523490938075,0.02888345849296081,-0.027095110682461145,0.011617327125741008,0.008451107835696074,-0.024373791780724133,0.02738448351413286,-0.01757405048819392,-0.001052491161692064,0.018016235866235682,-0.02628182369623622,0.02094384452340371,-0.00617126450625177,-0.011723865326442926,0.022793222492495505,-0.023024520643924754,0.011482243261747597,0.004706127803009899,-0.018687901273975724,0.022580309836334442,-0.015958930289918155,0.0012081512405733316,0.013097576381375015,-0.021177021366225332,0.018139173322745755,-0.006958814434350156,-0.007837304859350795,0.01779157178208124,-0.019372510503792247,0.01091294970325216,0.002010916484160417,-0.014138291723509342,0.018444121246768665,-0.01423331714493318,0.0026574651085021035,0.009275274409611583,-0.01691208946667738,0.015517663385285999,-0.007204018786031187,-0.004932736472009591,0.013720859443331315,-0.016149590306151568,0.010077832726272442,0.00012589167778012526,-0.010532794259208524,0.014923082955180033,-0.012505097186786046,0.003506688153904789,0.006340565969644638,-0.013382105107607357,0.013126022628666975,-0.007077854589795272,-0.0028018192585413503,0.010437768145552072,-0.013345107088904077,0.009099998615811481,-0.0011418764864438566,-0.007704552963191472,0.011956690112461284,-0.010846245326824749,0.003921224724024083,0.004117865774114927,-0.010486936435495952,0.010985907665385484,-0.006709496414990646,-0.0012739377210978324,0.007814422664119164,-0.010934748586229528,0.008067325685772852,-0.0019463029619633907,-0.005510438976067227,0.009481817875792053,-0.009301853162392954,0.004029142288400839,0.0024609144624903336,-0.008133762866445477,0.009101396317348676,-0.006194957726471904,-0.00021062657983541102,0.005738495638836704,-0.008886103760379778,0.007040609761517918,-0.002408980601069109,-0.003829017855318098,0.007436193272357733,-0.007897248927478171,0.003928367480332235,0.0012490055405158542,-0.0062384531138981346,0.007464688632525104,-0.005604211623871837,0.0004994658692098124,0.00411263833430244,-0.007162700124317419,0.00606010450300666,-0.002624968368044706,-0.0025583029649509635,0.005760672910470476,-0.006643553531623005,0.003692719786297469,0.00038342065171102384,-0.004726125646940222,0.006060393271150667,-0.0049870056621939855,0.0009450484221043923,0.0028534851750449063,-0.005726860279676263,0.005150723371004993,-0.00266773881114185,-0.001613458764127227,0.004400631501096816,-0.0055419662154477444,0.003376922696323559,-0.00021584970750494368,-0.003531141470881711,0.004868695188983355,-0.004377567502321446,0.0011960966770697319,0.0018904153101246591,-0.004541654355258085,0.004326136029503764,-0.00259336192503913,-0.0009245652155234204,0.003306700923110502,-0.0045870276225390295,0.0030207275214097565
0.0218100141121313,-0.004185228267474457,-0.015349387262498584,0.026405963549079144,-0.024709451836470348,0.010639832153845005,0.007748679046568993,-0.02222454827234159,0.025037212439074405,-0.016015536398659037,-0.0009292921407059033,0.016482833915101493,-0.023966819383713752,0.019156105754696465,-0.005603370625129322,-0.010673587702396632,0.020844818497581578,-0.020992495441389373,0.010516483738163456,0.00432904519738175,-0.017032621087164357,0.020650402687731054,-0.01454073021749811,0.001134956323163683,0.011991484343074304,-0.019305498178058607,0.016595091145833185,-0.006322501933853154,-0.007124673258479493,0.016277687585837856,-0.01765775469944356,0.00999664771613829,0.001867981112604925,-0.012878260133682568,0.016873546634013758,-0.012965030195151002,0.00245836064511165,0.008501245919805063,-0.015411083425275123,0.014201325614408431,-0.006546404089180539,-0.004472440058852307,0.012560619515408463,-0.014714826591713146,0.009234081759154435,0.00014671836135013149,-0.009585991265899515,0.013658399524787524,-0.011386949827261322,0.0032338072018950007,0.00582149109301947,-0.012187767440671866,0.01201745931470911,-0.006431200442635491,-0.00252664687186834,0.009562747688624603,-0.01215398363514918,0.008341197259414191,-0.0010109120904717177,-0.00700345422027688,0.010949712886564841,-0.009872211184705193,0.0036123307920165586,0.0037918885961066517,-0.009544117353395611,0.010063267434988938,-0.00609484348687271,-0.0011315004685796442,0.007167306076620656,-0.009953025698796714,0.00739823807782237,-0.0017454537918585433,-0.0049999544969516535,0.008689845864828695,-0.008461988519746841,0.003710872987927787,0.002278885391221079,-0.007395376393629836,0.008342473535241016,-0.005625005490243116,-0.00016056477889833188,0.005271725789906384,-0.008082357462840013,0.006460718385477471,-0.002167936182188697,-0.0034646073044252734,0.006821935468623802,-0.007179409668990963,0.003618853019380835,0.001172261394418787,-0.00566472220377111,0.006847955286439288,-0.005085580619857989,0.00048783819084075904,0.0037871152915839716,-0.006508674997712415,0.005565394794417842,-0.0023651599517451774,-0.0023042861241147653,0.005291976404889519,-0.006034629409865938,0.0034036772844046976,0.0003818744339364222,-0.004283778606762017,0.005565658475748903,-0.00452199459802282,0.0008947106353361814,0.0026373514137724118,-0.005197574139525783,0.004735016401565752,-0.002404214700684606,-0.0014415255264227148,0.004050088971792964,-0.005028742798629118,0.0031153151545871404,-0.00016533414589667845,-0.003192609013859877,0.004477489496415829,-0.0039655015480474145,0.0011239490032222417,0.0017579485116289695,-0.004115333309929003,0.003982065315045176,-0.0023362993272796444,-0.0008124797967442664,0.0030511939174821517,-0.004156764761976251,0.002790064534711678
0.019898799856715634,-0.0037914754940163563,-0.013965721872998728,0.02408723195784333,-0.022495840723976947,0.009719064563414854,0.007084266541826569,-0.02023127058477294,0.022839846370545567,-0.01457280436254975,-0.0008242393266760802,0.015043974351814277,-0.021819056601971774,0.017480210376951237,-0.005083872866150013,-0.009704519863566768,0.019019186982094358,-0.019108462403734188,0.009606653304119766,0.003967847533189577,-0.015499705369043458,0.018842009789412827,-0.013228767480321082,0.0010569746965392597,0.010950867370777152,-0.017571049168626535,0.015146277868254298,-0.005739239662435996,-0.006470283415802516,0.014857018102032956,-0.016069409132125533,0.009132910519991433,0.0017250030552361302,-0.011713706629076885,0.01540004304157292,-0.011792782893047396,0.002263034341203037,0.007770104211137514,-0.014021947510864158,0.012964764661474816,-0.005943288681632276,-0.004053220559607908,0.011469538008561254,-0.013387426937405198,0.008437960373721012,0.0001563626120073409,-0.0087133593013823,0.012469979178408641,-0.010354629022621438,0.0029697229799051325,0.005327960037524827,-0.01108443909672545,0.010974539172765764,-0.00583830000454259,-0.0022799585256523093,0.008737483888595455,-0.011053650860803638,0.007624246873906059,-0.0008986221331846294,-0.006359812724633896,0.010001468542451373,-0.008974200442555515,0.003314683336334143,0.003478319964842916,-0.008675198298582489,0.009193623148106733,-0.005531767417471742,-0.0010085180841343387,0.006554443217295681,-0.009047849230407008,0.006764898754346425,-0.0015680329010604149,-0.004533960923847194,0.007941981224765516,-0.007689020533445812,0.0034044879136761208,0.002099472943266394,-0.006716983627955538,0.007625409983882856,-0.0051035893936682885,-0.0001236740999732648,0.0048269417658411765,-0.007343050907985888,0.005910507811032549,-0.0019530542834964944,-0.0031347511292711266,0.006239696207746189,-0.0065201664143063,0.0033206272456042865,0.001090971971775494,-0.005139784473743499,0.006263408879458313,-0.004611994680918763,0.00046723575449312665,0.0034739699035192394,-0.005908904983547814,0.005094571491206228,-0.0021327904574576164,-0.0020773142392651344,0.0048453967830311105,-0.005476892450604737,0.0031245308855111014,0.000370667677088655,-0.003881287492671232,0.005094811792229256,-0.004098381157100515,0.0008380313063085644,0.0024261542126353306,-0.004714057869239298,0.0043378217565933404,-0.002168382268552043,-0.0012910535911581573,0.003713626022249409,-0.004560196601270773,0.002861737480612482,-0.00012802057290818027,-0.002886870601583569,0.004103129453896832,-0.0035912316798165887,0.0010469433824826944,0.0016247269132939927,-0.0037277780387012793,0.0036516339417299723,-0.002106488870021027,-0.000717784593444331,0.0028033017968568078,-0.0037655358134835587,0.0025653264439186654
