8.236236978558495,13.099811528483308,15.261711798869335,7.140871814905139,17.214379318629007,10.15779033379199,10.716217937060112,16.931442056711226,7.0087366617887445,15.74373283572493,12.50570112654956,8.649342929164018,17.69762519877593,7.921228232586944,13.602728064222823,14.818992415328854,7.3049863003182045,17.409832698328472,9.699192542935965,11.211719062868596,16.643484277112826,6.947092238251321,16.124568280745823,11.993553063858165,9.04014445767341,17.620965198569948,7.6459278547387965,14.094174267579007,14.353846643643916,7.5143602340669124,17.559521514606914,9.26428729592324,11.717287960177494,16.316665166953655,6.933931157013872,16.471216767669755,11.484430046385619,9.460575206181087,17.49663876267025,7.412815738704913,14.569723212774768,13.870464496460155,7.767107584968154,17.662097377193362,8.856992200083724,12.228370486603946,15.953928698398478,6.969371972517123,16.7805557021785,10.98291823187278,9.906847953002679,17.32576581814125,7.2239917481699925,15.025091175835293,13.37320025889149,8.060951616005482,17.716636287230795,8.480976151720515,12.74036283323693,15.558542385596262,7.053095435454366,17.049798572760345,10.493535216679085,10.374942692870224,17.10988558094917,7.081156801332837,15.456176222184705,12.866533265310988,8.393245393075862,17.72264696061722,8.139626286853073,13.248652995544408,15.134067851056379,7.184347368555158,17.27652005148341,10.02068934147335,10.860642848962321,16.850942690772207,6.985597549110067,15.859095156692518,12.355027549704378,8.760995628456019,17.680075253471223,7.83601747004534,13.748662318108629,14.684328742709784,7.36194546018099,17.458677841242682,9.56863998109512,11.359573255642907,16.55126969377204,6.9381747850411974,16.23021850332446,11.843290733052434,9.160889644205959,17.58930464985773,7.572884596160843,14.235886738951368,14.213376290656825,7.584289914536522,17.59463107268266,9.141459176292987,11.867239569760716,16.21356603112052,6.939315691298481,16.56620319930288,11.335932518084135,9.589325212626488,17.451152807380236,7.352597954550176,14.705937361926747,13.725452813864035,7.849377862559627,17.683155085076248,8.742994952961375,12.379068755494501,15.84087372255242,6.989009990648568,16.864022709269097,10.837523165276533,10.042443004967588,17.266864191757485,7.1771418775885385,15.154579991704324,13.224953505543116,8.154821403678199,17.723452458014712,8.376836659292636
8.07577306882963,13.191876798368316,15.466028437800599,6.923533755656095,17.520083429215493,10.097098369039049,10.684520955951296,17.222455343932953,6.784537808802067,15.973077234741764,12.566918670988947,8.51032853269524,18.02842066643171,7.74440826634557,13.720906041722547,15.000321936127765,7.096169483200576,17.725685246267286,9.614689012695784,11.205749762401602,16.91954606290305,6.719692649767758,16.373686626170137,12.028178576288031,8.921421472053439,17.94778028373904,7.454813591606989,14.237869383817728,14.511024611111282,7.316414644927665,17.883146287189174,9.157202377424174,11.737569084694258,16.575757672038204,6.705848211667245,16.73833398555273,11.492620594859424,9.363682055986736,17.816998502590746,7.209597700702215,14.738110041613716,14.002544031526561,7.582285282110941,17.991048149852563,8.728759482706014,12.275188317773114,16.194187002037165,6.743129204589803,17.063734585520127,10.965069009436206,9.83312642061372,17.637253399517203,7.010969487587435,15.217121869275001,13.479460568062311,7.891386443748527,18.04841885902609,8.333219723286238,12.813764611241208,15.778271224706842,6.831199802991495,17.346957231784852,10.450275981488467,10.325525831752756,17.41016411049846,6.860718186467082,15.670589949333664,12.94648613354245,8.240933760176222,18.05474162188572,7.974146103914482,13.348446493543047,15.331756891069812,6.9692666707968804,17.58545066721076,9.952878743961914,10.836444777172996,17.137776245858372,6.760197254450855,16.09442946127638,12.408421738223215,8.627778524547363,18.009959483261813,7.654773143955463,13.874417573808376,14.858666182597585,7.1560861077354865,17.777066553424813,9.47735782928767,11.361280921493691,16.82254346349703,6.7103121796715435,16.48482247742783,11.870114242503686,9.048436056244931,17.914475838688784,7.377977740980601,14.38693992768787,14.36326067957702,7.389975252539109,17.920078822954775,9.027996708942691,11.895306563818721,16.467305366448226,6.711512324687934,16.838252354675145,11.336412696620823,9.499117090731627,17.76915080063571,7.1462532558014225,14.881396776367922,13.850002972981844,7.668827242082013,18.01319922756902,8.608843208127926,12.433711224658115,16.07526192386028,6.763786878646545,17.15153541223435,10.812124660617478,9.975761913077879,17.575293450651497,6.961687052384729,15.35333407431077,13.323516465651185,7.990130189911689,18.055588942759936,8.223673043137008
7.885427665631708,13.247071249745536,15.630367443773936,6.6778883256508745,17.783003775705712,10.00376349309,10.619378560880188,17.471091469335978,6.532221473283338,16.16175130005813,12.592119178571343,8.340838978214054,18.3157379090561,7.538159498064664,13.801490471557239,15.142310045258407,6.858809450379743,17.998473148797817,9.498201611023239,11.16562297532086,17.153644504016345,6.464264166458266,16.58158734851162,12.027523047421651,8.771661717021802,18.231227310103954,7.234666153932325,14.34326470697068,14.629529616618575,7.089624953882568,18.163491300195396,9.018758579276296,11.722966181795544,16.793356496263325,6.449755284965365,16.96373542021892,11.466261750378605,9.235147945547938,18.094168850213038,6.977681487925386,14.867513677510336,14.096645261394071,7.368255660259296,18.276571753651194,8.569753199584374,12.286387657222386,16.393472904598624,6.488825524170748,17.304753142164,10.913391104511438,9.727122600238458,17.905797145959685,6.769520406608359,15.369514971515832,13.548457178410848,7.6921916763661695,18.336695885415818,8.155230092652337,12.850812125740616,15.957595862821771,6.581122941078688,17.601568641711722,10.373891344272723,10.243153995050127,17.667809041367814,6.612058015843006,15.844746583417917,12.989903421800877,8.058515000822643,18.3433220999557,7.7789232643889665,13.411155276571149,15.489651732147214,6.725816124618612,17.851508217901646,9.852622259765583,10.778593741882949,17.38234832281243,6.506712729917277,16.288927647765988,12.42601541922834,8.463925809239848,18.296390708621804,7.444222470146444,13.962369563265904,14.993855732715298,6.921601684959457,18.052320426028334,9.354279419968433,11.328618623055915,17.051986407886513,6.454433494531708,16.698057001075636,11.861872649010264,8.904772178892868,18.196324467322402,7.154142679953024,14.499489671782678,14.474673973074859,7.166715994387912,18.202196358556392,8.883351875255594,11.88827403863961,16.679699182184333,6.455691238738494,17.068449224133257,11.302556884399584,9.377082985080387,18.044024768356255,6.9112969197958005,15.01767724781636,13.936783219673123,7.458951073989182,18.299785939679893,8.44408172022983,12.452518637274204,16.26884019265499,6.510474632833178,17.396767840090114,10.753106417194447,9.876603672841009,17.840863520710894,6.717872733597259,15.512264480481294,13.385028768751061,7.795674483024358,18.34421008674586,8.04042588112083
7.68805825784712,13.291717816882132,15.782592171016647,6.426012532643848,18.032395047563003,9.902012360270911,10.545415302892772,17.706403520944523,6.273770512655342,16.33796184060948,12.607202261760309,8.164026105207592,18.58917594355882,7.325114963275769,13.871162631383244,15.272504645868084,6.615100146192453,18.257590361884965,9.37363022731431,11.116316312355506,17.374627509765666,6.202745722211438,16.776748613589792,12.017121168588565,8.614295490088514,18.500850671983304,7.007922417320333,14.437391685121286,14.736578132746716,6.8563342905897775,18.43005716744309,8.872545907606492,11.698817095488272,16.99807668034596,6.187581933124544,17.176146235120306,11.430525438575772,9.098702742121633,18.35760561347364,6.739337876478792,14.985304411693233,14.179640234102804,7.147541939276979,18.548241890841172,8.403273146652419,12.287670510865576,16.580142985989156,6.228415740139563,17.53255694899914,10.852699100248687,9.612884342093674,18.160731113214318,6.521780738477793,15.50996523736555,13.606707822023095,7.4860999065673495,18.611079929290756,7.97003913283564,12.877572192830547,16.12459115502565,6.324879314119541,17.842770223197085,10.288847187839545,10.152208564775387,17.91200060804157,6.357210748444298,16.00664804050471,13.022941846467356,7.868958477187401,18.618005240506267,7.576746419090905,13.463208332986307,15.635524778305234,6.476103715434294,18.103991670189128,9.744048854566776,10.711817201298162,17.613654651402182,6.247110345607736,16.47087872427326,12.433600845658736,8.292668877978366,18.56895544158897,7.226937768879458,14.039303546749798,15.117349344231288,6.680726721330411,18.313868218674035,9.223211619846426,11.286669321686057,17.268380730546866,6.192471309552565,16.8984755190972,11.843993577402484,8.753414344292372,18.464372370969446,6.923764243131404,14.600668393782508,14.574732554315252,6.9369050967738515,18.470509309937274,8.731027162572554,11.871586683331165,16.879289057763202,6.193785826311578,17.285586651862307,11.259431198029477,9.247044501240909,18.30519810834623,6.66995681562761,15.142246124241487,14.012562276725946,7.242331198229954,18.572503927920692,8.271929058681012,12.461300376375016,16.449884553720235,6.251042054775669,17.628725042516795,10.6851794197328,9.769112750088931,18.09286648847382,6.467801772507715,15.659158229759145,13.43590251659,7.594253760815337,18.618933309593093,7.850052843692491
7.489335835909108,13.331948440851404,15.92903945708366,6.17347355262722,18.27477914855927,9.797698078352775,10.46853721535181,17.934886586839568,6.014739579655478,16.508091378025924,12.618243554160793,7.9856000566810135,18.855302473872847,7.110915797110918,13.936102126742993,15.397200616294041,6.370624300762211,18.509577313610187,9.246784505228758,11.063782768533782,17.588962876715954,5.940686127346465,16.96558903713393,12.003000033996434,8.45506997290446,18.763210807774037,6.780197425006227,14.52647650116772,14.838420953129623,6.622145228818196,18.68939850393631,8.724332787450242,11.67112273665032,17.196355046209575,5.924875719107989,17.382017899978692,11.391390500963299,8.960133474146412,18.61385744759447,6.50015981613984,15.097753497736162,14.257733930210735,6.9257706473417375,18.81262289816702,8.235049147103881,12.285086227990474,16.760599689383497,5.967450774401824,17.753626793685925,10.788924306825185,9.496240970609557,18.408587761831306,6.2733255369712655,15.644787078398652,13.660370350690686,7.278765511921803,18.87814049638076,7.783341029694343,12.900142686437912,16.285622071319516,6.068027779003126,18.07706828169121,10.201028440551363,10.058563229553771,18.149250810782448,6.101737900706917,16.162649588729074,13.051711239410603,7.677950060349312,18.88536111893547,7.373277402068711,13.510751710475953,15.775700769502917,6.225700739679665,18.349428817301593,9.63299864223878,10.642034876811652,17.83818269029244,5.986942561224714,16.646676146019466,12.437239370864985,8.119728455775741,18.834219722780873,7.008552099342575,14.11141296088231,15.235429132584768,6.439049345339017,18.568254988795644,9.089951699318421,11.241400025456494,17.478185488304227,5.929973589891842,17.092506660338124,11.822489880609941,8.600121177852492,18.72517698736344,6.692450550995586,14.696715707541246,14.669673903699538,6.706151761128398,18.731575619648552,8.576779354758608,11.85125962060039,17.072502043774023,5.931344160695565,17.49612511002789,11.213000405005905,9.11480087007559,18.559215164845995,6.42782018586737,15.261387569063215,14.08353138105621,7.024601940238332,18.837919524803425,8.098104242460435,12.466120073842914,16.62478673532076,5.991041927594411,17.85389571785239,10.614261198432038,9.65913132042238,18.337829232023907,6.217044782643493,15.800342006164106,13.482281510710143,7.391531297466992,18.886328763041575,7.658238246774973
7.291940780586397,13.369838197446672,16.071515314556326,5.9230880920241615,18.511719068504693,9.693261877702799,10.391116028506193,18.158138870300437,5.757961825826601,16.67388593408805,12.627392072651737,7.808189799554088,19.115620346567503,6.898281585322599,13.998321442041899,15.518259068560006,6.128178195346794,18.755972668279444,9.120162750752073,11.010332405614943,17.79828464645329,5.680926205474537,17.149807243359874,11.987372400838513,8.296565494477694,19.01982010490458,6.554245025749402,14.612470475688461,14.936977080350104,6.389827991813635,18.943035344188395,8.576671651712893,11.642130245548564,17.38986631030427,5.664479104513084,17.58300589624493,11.351133058561274,8.821968145160398,18.864452213275595,6.262930168058349,15.206753070912711,14.332905512500904,6.705680551570267,19.07122204387742,8.067684324492607,12.280818341162888,16.936562876255625,5.708768677704053,17.9695796583381,10.724405261821811,9.379664947641619,18.650916218812387,6.026961163670172,15.775815956244507,13.711485815117566,7.072890688655387,19.139378067195704,7.597785704540313,12.920643418194128,16.442457681696684,5.8133959665208215,18.306046290198964,10.112834547038169,9.96463219366251,18.381135644357908,5.848463610994155,16.314533038250513,13.078315709492497,7.488150590310645,19.14688946768395,7.171208617949648,13.555841960499166,15.912001604480228,5.9774184929491545,18.589374915211803,9.521929916301008,10.571600524008435,18.05754066145686,5.72904540813123,16.81805157715869,12.43909876407881,7.947719613612931,19.093688582977045,6.791795652347996,14.180692127557077,15.349972969610619,6.199358749287703,18.817013321588444,8.957014212525348,11.195102394665245,17.683046199477598,5.669782268998513,17.281835900124538,11.799593016996301,8.447457981020502,18.980254644303727,6.462964543035947,14.7895652965552,14.76143450630261,6.4772175074723775,18.98691095257996,8.423176171515092,11.829521328215119,17.261025688056503,5.671208033345873,17.701708258372527,11.16555910787768,8.982864071307421,18.80760945959253,6.1876773861782395,15.376976764776607,14.151687743138421,6.808491828034675,19.097537377801594,7.925224582855704,12.469142506817832,16.79528066939224,5.7333098579508315,18.073886460173146,10.542708386279273,9.549114969969185,18.57730820907143,5.968413956371442,15.937635155560542,13.526225252133507,7.1901976064708135,19.147896079282322,7.467644972549205
7.09683735582506,13.406682915135123,16.211462955152683,5.67574574043944,18.744791138341533,9.58979902034501,10.314285074071071,18.377717413584328,5.504317832722241,16.83682158133933,12.635903143405395,7.632787760449397,19.37173883691173,6.688155116762201,14.059150691081653,15.637093032870611,5.888662607729587,18.9983660814804,8.994828961916065,10.95713233511781,18.004130230286023,5.4243423356632166,17.330905267510055,11.971458680611564,8.139801123547675,19.272282612500838,6.330989240345574,14.696737225852617,15.033627834225014,6.160297631010967,19.19256754852433,8.43059684962608,11.613041199855816,17.580125603695606,5.407267571176857,17.780635891232542,11.3109388144174,8.685254485933081,19.11098548393546,6.028557061075181,15.313699167995447,14.406503347173738,6.488203933945351,19.325646181202735,7.902185261517194,12.276103270090305,17.10952294883385,5.453247347990389,18.18196229883575,10.660293478715841,9.264234427716202,18.889300408652872,5.783582874715401,15.904478951480817,13.761368681503848,6.8694277509832355,19.396403213047684,7.414354105925967,12.94034571186655,16.596561433710036,5.561867482297321,18.531269359697603,10.025383658063573,9.871525523055796,18.6092243160575,5.598273397958505,16.46375485801233,13.104035181898636,7.300535034753833,19.404201267829507,6.971497744438051,13.599785058494108,16.045861793082942,5.732149528706931,18.82541053118289,9.411928592190035,10.50165732048477,18.273280119268478,5.474297890417827,16.986488954831174,12.440424079601053,7.777642389813207,19.34897010101382,6.577605407672853,14.248481109353294,15.46238470508545,5.962559594037278,19.061736202560553,8.825454257337777,11.148953620496647,17.88449398882952,5.41277311801051,17.46797247619265,11.776513154222792,8.296452054098795,19.231207232521278,6.2362252604693404,14.880590438959336,14.851386105654404,6.251022154557536,19.23811756258076,8.271243588510893,11.807583606500886,17.446368093097675,5.414253293179454,17.9038682397208,11.11828288616888,8.85229061298149,19.051973465089745,5.950432440173434,15.490419034282906,14.218369843289986,6.594938752214309,19.35296577571294,7.754288891029849,12.471614368562,16.962849050864875,5.478725082571889,18.29024971555637,10.471662584732302,9.440151097178672,18.812883328610482,5.722801355935716,16.07247358616862,13.569038100632655,6.991211401427994,19.405246294306316,7.279246870064839
6.904289785029875,13.443003873610621,16.34951792227431,5.431652827541179,18.974734106523805,9.487675290248276,10.23843965079418,18.594346010958404,5.2540069462228205,16.997559339615947,12.644266645380696,7.459679996811997,19.62442223453125,6.480783965561732,14.11913773438819,15.754314653417524,5.6522925415817875,19.237506632036215,8.87112468425239,10.904604044692832,18.20720820294319,5.171130605677605,17.509564257856077,11.955721683525155,7.985083572735957,19.521358568449436,6.110663092374929,14.779850586772508,15.128960774425973,5.933780216198682,19.438752107325158,8.286426940514964,11.584303808240822,17.767824227622356,5.153436511256953,17.975607354752732,11.27124366987572,8.550321430266521,19.354210926389968,5.797261198010383,15.419190758459461,14.479089445526999,6.273580222803898,19.57665772200371,7.738848990585763,12.271416235873655,17.280152036513368,5.201084050584893,18.391490534594222,10.596998352263494,9.150301931652503,19.12448496695827,5.543401392943388,16.0313991013126,13.8105546790582,6.668631657888583,19.649981228362442,7.233323392545331,12.959751849075335,16.74858455925699,5.31364401672358,18.75346753999463,9.939059302843841,9.779620478935747,18.8342500514894,5.351370435128577,16.610960869515573,13.129378606781295,7.11537591550696,19.6580621314822,6.774403898738375,13.64311015092727,16.17791013230026,5.490102474450489,19.058277698015807,9.303353207625701,10.432608198331224,18.48612060333195,5.222898130984924,17.15265539616016,12.441697232784833,7.6097887430426825,19.60082763894322,6.366224435773483,14.315335479913525,15.573269365772461,5.7288698937423,19.303175292165385,8.69560647914495,11.103383005192999,18.083232557237846,5.159141753375512,17.651603120784017,11.753705160628925,8.147416491498532,19.478793316536116,6.012461866293816,14.970372459847194,14.940108837095476,6.027795468191408,19.485954295690355,8.121293673191527,11.785902589573848,17.629215110999887,5.160675616944716,18.103309544236616,11.071599792629232,8.723416233771161,19.293058444067682,5.716302867960363,15.602320546433589,14.284132028453026,6.384186489375286,19.60496824336894,7.585588174252675,12.474018845087205,17.12815803379777,5.2274859047170255,18.503705714929723,10.401525503928575,9.332599389525026,19.045296113097315,5.48041522799936,16.205487179113234,13.611247950076244,6.79483260265608,19.659145062796863,7.093315593893132
6.71617807235342,13.477841288682994,16.483458121649633,5.193328929301183,19.198185737428563,9.387648717436443,10.164011728888488,18.80482763079318,5.009625894580557,17.153595667799497,12.651869688996856,7.290505304717817,19.870026141783583,6.278232066058349,14.177029140269715,15.867960334967604,5.421491748210068,19.469917961218908,8.750075718052868,10.85289018682863,18.4044896682145,4.9239237372791305,17.683058307600522,11.939847557688436,7.833823453351561,19.763448336049194,5.895491261074449,14.86027017665718,15.221283899282684,5.712577247518132,19.67802526018927,8.14544166112037,11.555765527005478,17.950124112002143,4.9056263311271575,18.164991975722476,11.232031044444275,8.418334104523177,19.590601496793212,5.571403369733,15.52140979265098,14.549254047474742,6.063963341854878,19.820633012946917,7.579193063620812,12.266306279279947,17.445823867095086,4.954898498354195,18.595055434887236,10.534796129272964,9.038772012004332,19.353042620738655,5.308887761499902,16.15449247167949,13.85792439488081,6.472484760742935,19.896456615129498,7.056430668006582,12.97811192381849,16.8961316479111,5.071296397445769,18.969374692376647,9.854423473613183,9.689548298422858,19.052911627788887,5.110309165423869,16.75381543282452,13.153522408593885,6.9344615612150715,19.90481305106466,6.581863494936529,13.684770546692855,16.305999057775043,5.253771521248174,19.284577896788775,9.197041844411837,10.364800799623696,18.692912084723034,4.977456368761244,17.3139800012213,12.442393310714008,7.445732276579141,19.84562704634517,6.1597664246255786,14.379916598120529,15.680741985093993,5.500680141874801,19.537825711526647,8.568572906461243,11.05844687078603,18.276286851585688,4.911526103658991,17.829940239084028,11.730942920866378,8.001691402726083,19.71943174589751,5.793941688911515,15.057288233055322,15.025992718068585,5.809798117334628,19.726836891417587,7.9746778803024885,11.764238178620113,17.806788870146125,4.913112267044367,18.297048399291437,11.0255799528603,8.597330884308844,19.52736391143557,5.487684620918044,15.710783717612982,14.347649209287693,6.178340926505262,19.84990883206932,7.420706546200838,12.475816986078419,17.288647357564017,4.9822005708274215,18.711096792088256,10.332658285276137,9.227285227084296,19.27115368156176,5.243753970838599,16.334516393221158,13.651821947233225,6.602988751977341,19.905932906855412,6.911649053560533
6.530855722566562,13.512712360426645,16.61620704283457,4.958415028951192,19.419339706767648,9.289322753455748,10.09096801017379,19.013171901598678,4.768729708738588,17.308167604189695,12.659843012833944,7.12388590926726,20.11305857986984,6.0786480137159895,14.234669249808922,15.980665583574076,5.19400796529631,19.699920884754942,8.630987202652767,10.802279780720541,18.59979694162328,4.6802366624731615,17.854872183806474,11.924633895678665,7.6848972020727455,20.00301007011588,5.683443262405218,14.940160016287779,15.312930143256578,5.494572657814674,19.914805193573276,8.00666325027438,11.52804424168193,18.130634980555033,4.661343401671699,18.35250001177334,11.19376735245214,8.288442430401604,19.824534477146674,5.348801455645626,15.62282963007908,14.619015653349114,5.857401632980414,20.062056964823395,7.421974779014301,12.261723738725932,17.60991220869683,4.7122201159962245,18.796568478510803,10.473826996818884,8.92908488539195,19.57923950125102,5.077737032108862,16.27652863333834,13.905172865045833,6.279226543349116,20.140349761028684,6.882188636896428,12.99670931922419,17.042319273866656,4.832408510242605,19.183077434808677,9.771298019826252,9.601053687996638,19.269334748779283,4.872691728195752,16.895368534205776,13.17783204277565,6.756247608687632,20.148978324125682,6.392167193739104,13.726380265405185,16.432969028248305,5.020825932643559,19.508545224994503,9.09250877158887,10.298295772807224,18.897611828106324,4.735512582982318,17.473774850082318,12.44354504066388,7.284167844227815,20.08786492839766,5.956324541142225,14.444163733490585,15.787350472043896,5.275775127348153,19.770040049534284,8.443573755789446,11.014530413801248,18.46741920294642,4.667435300172908,18.006537322323457,11.70892628371813,7.858231767715408,19.957560080624493,5.578586730544034,15.143593961580953,15.111279308801778,5.594959523227837,19.965206374553897,7.830338550497833,11.743305800845777,17.982632029539243,4.669073116935829,18.488856850019932,10.980593185379165,8.473268236585502,19.75923756114157,5.26235640752264,15.818370512955424,14.410845557813799,5.97550392128799,20.092286150384563,7.258327151462003,12.478057157319013,17.447617249413003,4.7404112798897735,18.9163887200874,10.26510653815072,9.123737029386911,19.494683850478776,5.010482160913954,16.46241503012809,13.69235869549176,6.413980394334585,20.150134647996897,6.732692212197394
6.3502217963888965,13.5464623522355,16.7452525103278,4.729497957732888,19.63445777561898,9.193389931925784,10.019650396300571,19.215818238366605,4.533988186483696,17.458460316352916,12.6674049171825,6.961461485447429,20.3494778838669,5.884128660581633,14.290587549360426,16.090196203492187,4.9723249779848215,19.923654440198188,8.514839621345923,10.752803607052899,18.789750244415625,4.442777885058653,18.021951930685344,11.909620571223405,7.539699112912113,20.236050239892162,5.476788807193073,15.017741017104287,15.401957371698922,5.282118768110418,20.145136956689324,7.871345264597173,11.500853290519801,18.306182261482267,4.4233044904211285,18.534859849463604,11.156312141663593,8.161776717003251,20.052094400210603,5.131871535700195,15.721372589023074,14.686735640063334,5.656088719278624,20.29691022032871,7.268703430532336,12.257061048065422,17.76947024868056,4.475743418053217,18.992563820722484,10.414265397692263,8.82209065003349,19.799267430932307,4.852483845708853,16.395143982875783,13.950973694475584,6.090866126623385,20.37760706423524,6.712342690277555,13.014614993482025,17.184448884207395,4.599622300402049,19.390940867227012,9.690164663730284,9.514692833147011,19.479846786272628,4.641142449237889,17.03298589559132,13.201299246168988,6.582534534388674,20.386500574789526,6.2072747169019165,13.766691114159867,16.556388014773976,4.79382524194589,19.72640242607032,8.990532607329934,10.233344336351587,19.09670979334457,4.499751100288072,17.629152675283937,12.444465329589557,7.126665015190233,20.323510639639796,5.758049140487517,14.50651474149455,15.890945185058518,5.056602871131925,19.995926674290043,8.32167148327281,10.971571578525838,18.653307733323093,4.429583445909668,18.178274077832516,11.6872894713584,7.718356065597706,20.189204669350477,5.36871256526151,15.227421576801847,15.194114674792916,5.385588098638226,20.197085749316845,7.6896063631352325,11.722724641153038,18.15363475245589,4.431271553246112,18.67540364180334,10.936592278292187,8.352277758662462,19.98479248619255,5.042772117963454,15.922917723028016,14.472173502553614,5.777817440010099,20.328067619053552,7.100030861709604,12.480037170494311,17.602191882969837,4.504800215900825,19.116063245956912,10.199135997675954,9.022719755664676,19.712115426118334,4.7831638558015,16.586738181488347,13.73162488265678,6.229757710598295,20.38769240458055,6.558255849172926
6.174819107009211,13.578923307464265,16.870110624244997,4.50728060708773,19.84277067843667,9.10011224744288,9.95023927244581,19.412038724412636,4.3061235296801295,17.60391946115188,12.67447426955249,6.803714474544724,20.57844416597553,5.695262855678782,14.34454258532746,16.196132994490025,4.757121693788284,20.140320798162566,8.401961988874522,10.704569637749973,18.973663742474468,4.2122786157052525,18.183687549255918,11.894801297892808,7.398654514854251,20.461740160782323,5.276156977257771,15.092699904849471,15.488014361455068,5.075863887707894,20.368200844410755,7.739880276514083,11.474226760871918,18.476127882485255,4.192242731424581,18.711410830099748,11.119733529624487,8.038700850953749,20.27247075063485,4.92127675905897,15.8166558978136,14.752133426630373,5.460635973187846,20.524358083750972,7.1198311132959065,12.252277604310063,17.923912925580947,4.246196359202165,19.182335595588516,10.356252741102441,8.718087973608519,20.012340866052146,4.633818946473801,16.509889200488328,13.995118973099451,5.907971940211472,20.6073858586419,6.547399874801255,13.03171352030002,17.321993199796832,4.373653487132871,19.59221977615452,9.61123633367778,9.4306959935098,19.683693745589313,4.416372946830365,17.16615519778416,13.223790153752098,6.4138422060697176,20.616536258540396,6.027742996440279,13.805513384403874,16.6757907715393,4.573465987016196,19.937371153133565,8.891395382369087,10.170105768967808,19.289489828047454,4.270897504126213,17.77954227447209,12.44509506465591,6.973689913665493,20.551726857046784,5.5655415245093005,14.566706841492277,15.99112660385025,4.843833956644613,20.214680618107867,8.203214182794135,10.929656729258028,18.83328008497151,4.198703054748459,18.344525066753324,11.666048156912154,7.582471979481004,20.41354145439826,5.164958949531369,15.308437094394797,15.274168121428339,5.182321933243462,20.42165017961808,7.552891840919444,11.702506872749158,18.31917403365463,4.200439923120714,18.856014234493312,10.893667050789244,8.234704521452795,20.203224818621795,4.829603701717002,16.024022669628206,14.531373654737582,5.585880832012312,20.55641546496045,6.946286431787546,12.481694399352527,17.751802718787243,4.276092463609133,19.309402305773606,10.134909321306942,8.924512257539732,19.92267147271912,4.562496646383161,16.707017603815192,13.769434263653082,6.050875412147382,20.617762514374046,6.388862230234783
-5.074647396772972,1.6577009476824378,4.650287070668066,-6.590894299210145,7.353245112943599,-2.4147587866376643,-1.6417616603946923,6.961592391821769,-6.773800898090442,5.317519267102197,0.835310308899235,-4.502810133029009,8.022172784921471,-5.510694708819073,2.353857503324731,4.0374577456023815,-6.363720669438424,7.623799254497419,-3.0495676183616904,-0.9558698025091948,6.562990075592792,-6.859131497732124,5.844686446607232,0.1263751159494807,-3.961847514596127,7.916057042235741,-5.891776159099825,3.034136380432731,3.393584945095615,-6.073897157579842,7.831004314091137,-3.6515803128656446,-0.2560417452095861,6.110594399813442,-6.8773495763429535,6.324530714047603,-0.5783726921947209,-3.379870981776751,7.743959572296822,-6.214458982678108,3.692409656812485,2.724468647005313,-5.724034481077478,7.9729937976646195,-4.215373966285093,0.45141849115512944,5.608480524826414,-6.828291026272378,6.752729653374592,-1.2725847782852975,-2.7621229535726037,7.507430621541902,-6.475836466876613,4.322747635753501,2.036136221504808,-5.317284187527883,8.048488670197125,-4.735869950195906,1.160138135903184,5.061171470325446,-6.712397764780922,7.125426067382703,-1.950007710394935,-2.1141680770416666,7.208600832352554,-6.673554134817857,4.919472260475212,1.3347881367973093,-4.857310265679151,8.05680887719853,-5.208379659676138,1.863733073656656,4.473597372192778,-6.5307137532689925,7.439262723172691,-2.604539292556682,-1.441843101202872,6.850162050321684,-6.805830954448247,5.477208261813024,0.626742105571804,-4.348256140380927,7.997879470610238,-5.628646748052356,2.555865352173811,3.851051072052101,-6.284875593318491,7.691412593957436,-3.230283533076557,-0.7512042998573828,6.435343076227154,-6.871475381996596,5.990931578406352,-0.08162382467529193,-3.794707348796483,7.872231283934054,-5.9928854678835295,3.230300274342232,3.1991404395842675,-5.977097784257774,7.879604324795087,-3.8216037553680478,-0.04847291694075105,5.967880581136251,-6.869896095347745,6.456014613222306,-0.7839287248110355,-3.201650234085177,7.680996150507097,-6.29781477280724,3.880962560057055,2.5237378570829563,-5.610152775049266,8.002142692854386,-4.373173372885835,0.6600208741685237,5.451985446637179,-6.801107320646309,6.8682679187460405,-1.473846263195888,-2.5744270286429813,7.425896707997472,-6.540687873061371,4.50199107207645,1.8309273212955441,-5.187345990190583,8.057923877907333,-4.880023870783
-4.997484386326127,1.714638327769785,4.698233985965765,-6.5091761101223,7.393071677444934,-2.3455867358193916,-1.5749118830751194,7.0025955774308395,-6.691533212590648,5.36346165276498,0.8947183527461084,-4.427365062375312,8.05998972616233,-5.43222170499377,2.4087034578876767,4.087245750928116,-6.282684965811536,7.662813007810247,-2.978488445671156,-0.89108061303719,6.605190760602668,-6.7766074581225295,5.889045092397269,0.18791297549034477,-3.8880276287069315,7.954192781268554,-5.812158292864575,3.0869386099229685,3.44530730268527,-5.993732155069479,7.869395572439424,-3.5786925459658128,-0.19335501135602987,6.154154192707577,-6.794770805144175,6.367447789632593,-0.5147175968937767,-3.307799496538927,7.782612334459558,-6.133871697871636,3.7432342714672457,2.7782011945346823,-5.644920552101857,8.010958484679582,-4.140792424575988,0.5119798404470663,5.653548791304247,-6.745859639024776,6.794360314023213,-1.2068440991247589,-2.691907335356879,7.546793974850925,-6.394463939817482,4.371678560077441,2.091936688947159,-5.2393922364810654,8.086226552045785,-4.659724710526511,1.2185703170609439,5.107883987822739,-6.630314549396711,7.165937056332781,-1.8822318861229328,-2.045899074650292,7.248861943850444,-6.591587615252288,4.966610477252167,1.3926956263943189,-4.780800189431784,8.094521763098866,-5.1308148846178625,1.920051482560559,4.522075106804459,-6.44917636134356,7.47883086961544,-2.534797094418965,-1.3755939284083962,6.891500000084762,-6.7234670427808325,5.522670902457539,0.6867767396022812,-4.273275387936262,8.035769394942628,-5.549819387288936,2.6101044254716324,3.9013990888749954,-6.204076759693523,7.730223220167905,-3.1586614453281423,-0.6870299758962202,6.477927244220017,-6.788914258322491,6.034850867849053,-0.01946108515600157,-3.721389593076245,7.910498686324474,-5.912963844415182,3.2825131792454036,3.2514469562953283,-5.8972235908742805,7.917849576757242,-3.7482051962268517,0.01359022909769033,6.011869121444524,-6.787339716239182,6.498536678833532,-0.7196560886281973,-3.1301141678097673,7.719838070275785,-6.216977066704483,3.9312207154127576,2.5780734492783206,-5.531380974729648,8.040019809418547,-4.298117762945918,0.7199555305926721,5.497523862822454,-6.71875759993669,6.909551474026931,-1.4075009450310785,-2.504775295152673,7.465505009237398,-6.459120516426781,4.550383505029779,1.8873442867486587,-5.109844405449023,8.095633414071285,-4.803445557279113
-5.17490123957377,1.8262290654270323,4.938291056873842,-6.751682712454492,7.7491618696573195,-2.4088193609256514,-1.6049611335546228,7.341872823608432,-6.941891665837021,5.632161800323187,0.9710053412304217,-4.5802339716473,8.444795778736745,-5.628357284119403,2.5501789428492607,4.30099516248595,-6.515439413308851,8.030517602109269,-3.068972270768101,-0.8916857612025256,6.927356727142252,-7.030629000349321,6.180375577656042,0.2337666527823111,-4.0176739869278215,8.334443476101276,-6.024653012404398,3.257617242041725,3.631416414394849,-6.214045001112998,8.245995106814712,-3.695019691941428,-0.16391780126247105,6.456899627554018,-7.0495744166788565,6.6793771251954634,-0.4991174739050449,-3.412462650221414,8.155475194818623,-6.360218609944775,3.9421713899313,2.9355863485028983,-5.850214423471144,8.393653371891924,-4.281322216820852,0.5717870445028607,5.934739381697424,-6.998557255348906,7.124671458956483,-1.2210452508640834,-2.7700516786209244,7.909503073292241,-6.632031316602195,4.5976749528732554,2.219772971428437,-5.42722505021874,8.472162298185792,-4.822598458058483,1.3088015792129433,5.365579586092993,-6.878037076704043,7.512247387172716,-1.9255135844435944,-2.096227881893313,7.598742817570534,-6.837642655474395,5.218223183613587,1.4904242985773237,-4.948887151019359,8.480814680742524,-5.313972623088674,2.0404868083659906,4.754547207137431,-6.689099521210816,7.838613642935604,-2.60617665489014,-1.397061035152456,7.225993742364016,-6.97520048866735,5.7982262109928815,0.7541102707045689,-4.419509572622625,8.41953257928074,-5.751018435052403,2.760251743611283,4.107146397615953,-6.433446530056165,8.10083033337275,-3.256903079213002,-0.6788492025916052,6.794613554941838,-7.043465701272052,6.332459393259688,0.017463572176645053,-3.843860924963126,8.288868020274146,-6.129799004504803,3.4616127740803844,3.4292089155363623,-6.113381014136096,8.296535422073804,-3.8718311424131615,0.05193799520166929,6.308488109052282,-7.041823363256869,6.816110381413528,-0.7128801159571355,-3.227126625731387,8.0899980243211,-6.446902292741875,4.1382520704695605,2.7268415919084834,-5.731786109535791,8.423966006210444,-4.445421599553098,0.7887176593028579,5.7719964013232055,-6.9702882687303465,7.244822468632838,-1.4303418898886324,-2.5748621903597932,7.82471400359543,-6.699471847295464,4.784074495767763,2.006371320681385,-5.292099206365969,8.481974196687498,-4.972507573031441
-5.3227522513089,1.8792862808325712,5.0806536887214735,-6.944781899341916,7.972186772754836,-2.477293388923146,-1.6503672104788183,7.553209939647187,-7.140449191870494,5.794436122834765,0.9995205934454952,-4.71102008938205,8.687782969254089,-5.7892209161068395,2.624011016038508,4.4250696061800125,-6.7017592345313775,8.261616441691361,-3.1563904042143194,-0.9166233017219632,7.126798664769201,-7.231732980995319,6.358381739642081,0.24112570429507346,-4.132316578650845,8.57426393717387,-6.196888961249911,3.3517503478229016,3.736276263680638,-6.391715845043796,8.483277405577406,-3.8004032212615217,-0.16797091823434113,6.642841073445152,-7.2512220652529455,6.871702905855785,-0.5127896622318147,-3.509737769635534,8.390159885159848,-6.542084130924247,4.055948832304247,3.0204782813467292,-6.017444588090291,8.63517295220302,-4.403530600944389,0.5888461122529247,6.105696634364297,-7.198740887829875,7.329775646995945,-1.2554342696844738,-2.848891824855388,8.137129214412264,-6.821696922229402,4.730263080518122,2.284123535909378,-5.582316882686181,8.715934813167328,-4.960339598363223,1.3470104152282467,5.5202039210004346,-7.074762196863235,7.7284736639647145,-1.9801184081141112,-2.1557316155046533,7.817451214080344,-7.033208595443806,5.368618899385223,1.5338450785168682,-5.090252340056997,8.72483548918016,-5.46581450256812,2.099692480007844,4.891637025954831,-6.880402786946398,8.064205502567424,-2.6803141546866613,-1.4365010982513506,7.434005529525678,-7.174713862721279,5.965266007775807,0.7764013845024824,-4.545683455952419,8.661794803343598,-5.915402017861978,2.840112179669512,4.22565805216215,-6.6174134390924,8.333946905173518,-3.3497141769242638,-0.6976790699499371,6.9902462226037985,-7.244938050840264,6.514829834788974,0.018615473335626576,-3.9535156829204667,8.527380623382031,-6.305052279688143,3.5615998461357257,3.5282661089165503,-6.288163149775608,8.5352680530965,-3.982288548879502,0.05407919307559911,6.490170657626774,-7.243248583403882,7.012359933650896,-0.732686552837017,-3.319083242206203,8.322803746314394,-6.631255335631966,4.257656350251225,2.8057432721580535,-5.895617791115849,8.666355454293681,-4.572339068442,0.812001885467825,5.938283493281422,-7.169660679060438,7.453374575121409,-1.4707369984204053,-2.6481010733218064,8.049906991648507,-6.8910727629181645,4.922011645652085,2.064597995811224,-5.443313394432198,8.726028279222698,-5.114550586492283
-5.307058831211553,1.8541134190452104,5.037315416915346,-6.919884651671855,7.912441173278397,-2.477745859109867,-1.6555118797082593,7.495841726141196,-7.114441675948409,5.74704765967981,0.979339756126318,-4.698797800250702,8.623976886658705,-5.770880628756429,2.594612388057365,4.38545129279909,-6.6782409620889815,8.20022854130473,-3.1529894973425736,-0.9259314290157605,7.071850022233319,-7.205207496578448,6.307793299086109,0.22524820125849446,-4.1233780071352335,8.511101991754865,-6.176235456999334,3.318222333343955,3.7005663468973267,-6.369956841243847,8.42063174193492,-3.79334801440216,-0.18152709824275923,6.590638534982313,-7.224585994589223,6.818201744494134,-0.5243892489884119,-3.5043318758459763,8.32804259509115,-6.519471897482455,4.018425008355363,2.9888299926688506,-5.997809298933045,8.571665392835074,-4.393053088941766,0.5709955511515683,6.056541996292756,-7.172402609323281,7.2736752590848095,-1.2628198934453345,-2.8472357466966725,8.076447687658368,-6.797498091451725,4.688913018203058,2.2566535198774846,-5.565150623843826,8.6519689895231,-4.946702604035853,1.3248578282515733,5.474371524285836,-7.049127406419102,7.6701109574786965,-1.983391981356736,-2.1580087127073546,7.758583625312982,-7.007809591184564,5.323646636394598,1.5106323419753571,-5.075878186285286,8.66081916073326,-5.44930930921228,2.0732689748332755,4.849371284958844,-6.855870843480541,8.003937764347294,-2.679614631058698,-1.442859300675439,7.377313713542998,-7.148511919944708,5.916908210424539,0.757486584909413,-4.534399330847472,8.598136184512677,-5.896345745384602,2.8094873362176886,4.18717125296866,-6.59437376712358,8.272148582502096,-3.3452162995551613,-0.7082295450391123,6.936072414938446,-7.21833763734544,6.463353666136564,0.004000552522128512,-3.945591675236131,8.46448470635326,-6.283785028004647,3.5268810897976315,3.493736497067949,-6.266991731506598,8.472327380694006,-3.9742012763020855,0.03926304168535345,6.438834411703253,-7.216657756396577,6.958060646908313,-0.7430383861586756,-3.314759172906441,8.261068652889664,-6.6081371210611755,4.218987984205002,2.7753134470272456,-5.876673779602292,8.602670957116446,-4.560903692303203,0.7928850791649604,5.890078801892917,-7.143487409391763,7.396572854023168,-1.4769009372425104,-2.647584335284001,7.989720386981764,-6.8664802751711544,4.879573550986349,2.03837362607274,-5.426935878347689,8.662005182567894,-5.100038558008612
-5.601173889635568,1.9512984717778181,5.308436698532255,-7.302127589270926,8.340664810311175,-2.6172618600345228,-1.7500994476483491,7.901301574749986,-7.507315580456979,6.056950064802749,1.0287255073514405,-4.9596763157304125,9.09108019227195,-6.090339794903823,2.7322597169034157,4.620953475292028,-7.047280027571906,8.644177429059436,-3.3294020986372024,-0.9806533295096518,7.454142155407993,-7.603041018655285,6.648335915526744,0.2334289515521739,-4.352814487548726,8.972037597810111,-6.517843984146057,3.4954090898325294,3.898645109579178,-6.7221506743348005,8.87662388097474,-4.004751026505091,-0.1955733262074073,6.946636354618526,-7.6234783947604114,7.186634051957945,-0.557170118853815,-3.6999424948614443,8.778975486540528,-6.879835518435117,4.233872174591001,3.1480181233715854,-6.32966828046842,9.035910298645518,-4.637225130210297,0.5980685961307195,6.383355762305616,-7.568443609787618,7.6669955081676555,-1.3359500222253082,-3.0069413798535063,8.513632953467077,-7.173053593957121,4.940996928202704,2.3758341315348215,-5.8733683101081375,9.12060183702971,-5.2211271108543285,1.3931233459876022,5.769374385261429,-7.438432414658488,8.085093209293344,-2.0958955434577664,-2.280053666077789,8.178400192453118,-7.39485691518888,5.610413601999319,1.5890489334923004,-5.357361093310671,9.129935598475832,-5.751197205086445,2.1824291051570377,5.110222940716216,-7.234615944498469,8.437160949639008,-2.830161126732282,-1.525827126078223,7.7762969654600695,-7.543247487571691,6.236092120036517,0.7947498556908474,-4.786294800381157,9.063827504871448,-6.222660564819922,2.9588758420891743,4.41183903588086,-6.958830169103169,8.720027318489947,-3.5321325399809913,-0.7510557993423941,7.310945400664856,-7.616888615358551,6.8123963977526465,9.190927544544536e-05,-4.165313571360472,8.922873055015163,-6.631270268853896,3.7154693587398686,3.6805136822425943,-6.613559354603231,8.931144268041209,-4.195486455599354,0.03728120810711921,6.786537364488446,-7.6151169425103955,7.334135111570475,-0.7877666619360024,-3.500011177837485,8.708341960389347,-6.973345578952488,4.445394294,2.9228346264092178,-6.201913685304457,9.068610066100028,-4.814247410701924,0.832082591192508,6.207796701447627,-7.537948428178252,7.796608462111454,-1.5617288625992032,-2.7963806345010536,8.422166707655638,-7.245805095773356,5.142075516168035,2.1456270079799484,-5.7276012472837605,9.131186426805762,-5.382841633829071
-5.574155520472774,1.9282977321415304,5.263202039434637,-7.2638440099765536,8.275348072052092,-2.610005578478703,-1.748586277616276,7.838894685932276,-7.4676730659736705,6.0067580924289725,1.0118348566071698,-4.936906507225378,9.020793543917387,-6.060081739256188,2.7040867656232455,4.580271934232483,-7.010684272781327,8.5768505635238,-3.3174293986199435,-0.9842361078315044,7.394696749211642,-7.562764526200398,6.594227266362369,0.22180545347638547,-4.334063851356709,8.902539354126121,-6.484754620083046,3.4621818927785495,3.8627473292541556,-6.687708211832509,8.807757550769539,-3.9883055724168677,-0.2043555942091949,6.890552097811549,-7.583066548041378,7.128960319498455,-0.5635575751373644,-3.6855157507237624,8.710755869812916,-6.844348728327827,4.195754226056836,3.11709165457131,-6.297825181276722,8.965989033807732,-4.616590876813458,0.5840301338972583,6.331002044570221,-7.528396251777124,7.606140400022001,-1.33717971362695,-2.997104298082093,8.447170668166274,-7.135624856084973,4.898195778156127,2.3500217436940383,-5.8445472302990025,9.050119670401076,-5.196625745431095,1.3738193325370978,5.721086991748008,-7.39924610503097,8.02146909076268,-2.0920922078069544,-2.2750306735079238,8.114158113085386,-7.35595920081132,5.563178986481272,1.5684473286294802,-5.3319574667384355,9.059391615476754,-5.7231852496940245,2.157897615357817,5.066301027305473,-7.196779486642413,8.371205129148203,-2.8214948391447154,-1.525799284441465,7.714717967014314,-7.503367000423891,6.184713711549849,0.7794087973206633,-4.764673276631762,8.993721347761467,-6.1915261647555075,2.9292020396865035,4.37254243440081,-6.922820207001697,8.652198108332543,-3.5188171808294517,-0.7561591742704806,7.252448369214202,-7.576520411949563,6.757201195904939,-0.009986225858781624,-4.147804731004037,8.85370042213747,-6.5974296962588985,3.6807847292046962,3.6460605599148903,-6.57983607924607,8.861916855922432,-4.177777783888721,0.026956772755506335,6.7315134238829355,-7.574760472675884,7.275484497475981,-0.7926269052719018,-3.4869085545730756,8.64059014094193,-6.937239483051411,4.405875460113618,2.8933995206084107,-6.170916689307752,8.998472234666858,-4.792440760203308,0.8164942826412623,6.156605690087774,-7.498103036058366,7.734894943085907,-1.5614632481141404,-2.787938071018036,8.35631019221161,-7.207894533524964,5.097942647011836,2.121339254008499,-5.699745565059128,9.0606341597223,-5.357269252726204
-5.698762936292653,1.9597704719576488,5.364053736478125,-7.423603506527652,8.438864101113305,-2.6729471673087684,-1.7936070005616251,7.993330790048978,-7.631672998247854,6.123078642202065,1.0242416104808676,-5.048256669475314,9.199817732956317,-6.194798307016319,2.7516989293063947,4.6669160336383175,-7.1651770639159755,8.746639014979268,-3.3950881494542893,-1.0133553796856614,7.539891811663422,-7.728742730036178,6.722769455779391,0.21777652850667367,-4.43287254585152,9.079103396900122,-6.628306032540242,3.5255653783812413,3.9344641311151936,-6.835481846957484,8.98234976404707,-4.079921152316721,-0.21725032352438417,7.025258994192297,-7.749467112753255,7.268627032500897,-0.5839251002435156,-3.7708321267627474,8.883330071521316,-6.995381094346588,4.274398864257638,3.173295923419923,-6.437487735660505,9.14387307626001,-4.721277230337906,0.5875368886034681,6.454068127412329,-7.693659462071416,7.755734311332349,-1.3736415827714108,-3.0680990431755646,8.614261274321178,-7.292716896429271,4.991453927842473,2.3902679802774465,-5.974779843468514,9.229753956728407,-5.313379076185505,1.3937567689007224,5.831464473520052,-7.561822490852542,8.179703451337845,-2.144259187748622,-2.331003483787617,8.274320765186372,-7.517635050965412,5.670271368672106,1.5924337829474169,-5.451526222716159,9.239218794259623,-5.850893062483806,2.19414692415741,5.163056418836188,-7.355143780732767,8.536715357158295,-2.8888362256954254,-1.566185172966982,7.8665707132662614,-7.668109505114947,6.304736429106393,0.7869801867761071,-4.872440318996562,9.172182330013607,-6.3289772868938705,2.981497475071425,4.454864953708478,-7.075485084439328,8.82355408125393,-3.60066557941395,-0.7805335604067843,7.394684113088259,-7.7427847916156125,6.889133875796359,-0.018837317680803937,-4.242738512651755,9.02924842551086,-6.743325187757133,3.7487160025220216,3.713269435695757,-6.725365555203909,9.037635793018532,-4.273335121405646,0.01887423873441024,6.862911698384531,-7.740988238772145,7.418199482254751,-0.8177599617975756,-3.5680931298474468,8.811704623074116,-7.090204337413151,4.488891435770281,2.9449501245946266,-6.307939054341318,9.177032053811766,-4.900785474032567,0.8248371941743232,6.276043651669616,-7.662736029853482,7.887167448776468,-1.602591085547994,-2.854581346508871,8.52151054770441,-7.366490063744212,5.195356307079793,2.1568280069556156,-5.826965741404843,9.240487188249608,-5.477364592124493
-5.920462091342651,2.0159121568044402,5.543698038737542,-7.707877455885644,8.730058206539116,-2.7848739743369157,-1.873632580884825,8.268361572453344,-7.923495416647473,6.33025930241244,1.0464436216637198,-5.246356370439764,9.51861816780886,-6.434492928910128,2.8365706667623347,4.821269158781227,-7.440075664752355,9.048998762181295,-3.53321321746894,-1.0650745266333173,7.798472464535038,-8.024086702024578,6.95170605677383,0.2107211187475769,-4.608646974775947,9.393524485116753,-6.883727706095348,3.638511904144203,4.062244929556261,-7.098419568196338,9.29326076630051,-4.242891000207813,-0.24008789672168587,7.265169490961885,-8.045562936250752,7.5173665800251435,-0.620065119549215,-3.922588658750523,9.190648778348052,-7.264119735791079,4.41451201756767,3.273462607923593,-6.685986789303079,9.460643917510794,-4.907514576311379,0.5938958655857242,6.6732566214553195,-7.987730662353009,8.022145427061101,-1.4384314073452467,-3.1943614054889236,8.911818542943106,-7.572242463330406,5.157580832153977,2.4620275103315454,-6.206492504398483,9.54964043575061,-5.521097045848301,1.429364271252336,6.028065781100697,-7.851110830910082,8.461495572236931,-2.2370059371268165,-2.4305250540475103,8.55954546939444,-7.805320332740552,5.8610248167150125,1.6352490084371765,-5.664255976904184,9.559448644299355,-6.078111284929792,2.2587914576385164,5.335408820600602,-7.636934107352566,8.831459368775704,-3.0085951846656216,-1.6379602086726324,8.13700281804904,-7.961253788828875,6.518507378788232,0.8005746866087783,-5.064161649602011,9.489980191245959,-6.573539733797819,3.0747059811433535,4.601525163379446,-7.347129786182839,9.12870419907593,-3.7462487079682716,-0.8238062586198748,7.647996834519095,-8.03863818988384,7.1241059443826344,-0.03447674558691429,-4.411615145789292,9.341860845359093,-7.002919594783018,3.8697581196377606,3.8330256011320434,-6.984308411975086,9.350552494784548,-4.443321756552839,0.004602933150117708,7.096932463188779,-8.036776460625473,7.672365308264677,-0.8623831815893294,-3.712494575661401,9.116424859189326,-7.362383032989541,4.636786078439165,3.036832744101702,-6.5517382637047685,9.495005856214771,-5.093535127067701,0.8398050930862716,6.488773667669111,-7.955685371428986,8.158346774206887,-1.6756868766502089,-2.9730975865541214,8.815702950181539,-7.648692017582116,5.368880503442437,2.220118662514324,-6.0533159142347115,9.560763053842539,-5.6910317260790215
-5.81706452708031,1.956079370986662,5.411307973422759,-7.567717457472587,8.532133090909262,-2.7459672128067427,-1.8534676587651855,8.079932342583941,-7.778900723735613,6.181691740117961,1.0065502544563512,-5.156823388337176,9.304474447245234,-6.320523101931258,2.7598590932654186,4.703737555945177,-7.305423645014696,8.844513877956302,-3.478915085419206,-1.0615395176363343,7.6197076180712235,-7.877423110871061,6.790356968797872,0.18801636594466348,-4.532229998124828,9.181953612680019,-6.760518300984784,3.5453065080491295,3.9603244593081928,-6.9707945160013045,9.083752054922591,-4.173996662220891,-0.2535206934507676,7.097373284377354,-7.89845763542963,7.3443833424551945,-0.625682783931295,-3.8602820977122208,8.98325052575045,-7.133086666846943,4.305346339583687,3.1877653159772747,-6.566844394903446,9.247692574836101,-4.824950678950513,0.5633102157746007,6.517634506198326,-7.841814819339585,7.83878021589232,-1.4272174290308015,-3.1470325642217776,8.71015509512096,-7.434872120070405,5.033132182507351,2.3930193047243917,-6.0972120466388295,9.334858668706556,-5.425913370466141,1.3815952331490486,5.885713544940468,-7.708004898596058,8.269094083825866,-2.2093673805370035,-2.3989063180691637,8.365127352414973,-7.663156190570597,5.722108173968333,1.5832454626511556,-5.566127898737742,9.344465148195525,-5.971471291284149,2.1939632832386535,5.207302716819302,-7.498233227077697,8.631448697866713,-2.9650870661000455,-1.6226424475635006,7.951275292358033,-7.815882505484544,6.366068048549358,0.7657381968983626,-4.978375933837328,9.276425478558448,-6.456710079657365,2.9930965903916724,4.488513116725591,-7.214389418771929,8.922579983594524,-3.6875689960425873,-0.8252335034959698,7.472326876098363,-7.891675312887297,6.95921104403338,-0.052138423053059206,-4.339250595777444,9.131352558145835,-6.877258725929834,3.7717965969375764,3.735819569751644,-6.85903032621531,9.139865443196761,-4.3703050849281535,-0.013862510550053992,6.932596449896699,-7.88985187450447,7.496194154414392,-0.8630170005955714,-3.6545090974828693,8.910553197441626,-7.229328946399283,4.523048807478923,2.9560023062506384,-6.435357008478514,9.281347778813526,-5.007145276107289,0.804161737068536,6.336945881685007,-7.8104286157887595,7.972180259460319,-1.6595931771807144,-2.9303195602429644,8.6160163473725,-7.509749308010522,5.240085975156801,2.156085885822447,-5.947185896166376,9.34575252379057,-5.592352941157226
-6.0895019833746495,2.0486614868522044,5.666144394973992,-7.92236393910237,8.933520543048518,-2.8741888096730484,-1.939778310762692,8.460084870238509,-8.143464174163286,6.472704663301686,1.054543370502215,-5.3982565378610845,9.74213032759682,-6.616602502334982,2.89018595362359,4.925347132033675,-7.647753054368566,9.260570439883585,-3.6415552293219347,-1.1106619643147417,7.97824842281908,-8.246613080513091,7.109952242221707,0.19757189564181699,-4.744332825830573,9.613856029156478,-7.077259464687509,3.7125172448745496,4.1470240512215675,-7.297410054223175,9.511043018032419,-4.3692771873011065,-0.26469933137314394,7.431385757023088,-8.268635366684673,7.689995176556364,-0.6543378057753838,-4.040830880061448,9.40582203098572,-7.467323292783568,4.508247836514576,3.3381862526045976,-6.874490812997006,9.68268203153144,-5.0507993962317626,0.5904891938853648,6.824422987682899,-8.209332656893155,8.207608465074143,-1.4935117686415782,-3.294087815128384,9.119902294186884,-7.783280308821801,5.270209822385253,2.5061197114853564,-6.3828049686072745,9.773941363698865,-5.679982734041567,1.4472001108525299,6.162827608719413,-8.069239147339097,8.658129470046104,-2.3123907508215438,-2.5108302597046133,8.758672371169125,-8.022284385903323,5.991539482442805,1.6583196466564414,-5.826781605507049,9.783998954485787,-6.251159544906747,2.2977162052815445,5.452559242197216,-7.849616794192682,9.03749991808177,-3.103598326473127,-1.6981137633874517,8.325386205185358,-8.182182585817534,6.6657391108467525,0.8024230038001473,-5.211429357686693,9.712764205556917,-6.759184693245771,3.1343760656157333,4.700015954311304,-7.552443945948033,9.342302456876842,-3.860007332566472,-0.8632592406175427,7.823946818954942,-8.26153455261496,7.286735547008112,-0.053860337782720806,-4.542291291120242,9.560878796396457,-7.199481910874672,3.9496430966446128,3.9119766218885297,-7.180397522547017,9.56979143857267,-4.574804070055893,-0.013787024203768199,7.258871156406526,-8.259625487269982,7.848934882352756,-0.9028170154259897,-3.8253949720703537,9.329710904087234,-7.568085019829301,4.736173408823076,3.0955398685622044,-6.73682890180235,9.717917652431266,-5.241549681379925,0.8426508775035358,6.635249394245951,-8.176472586559202,8.34727285000361,-1.7367996647309005,-3.067198171037004,9.021342878832447,-7.861673659522422,5.486881971704845,2.258060120685388,-6.225733730332976,9.785346784035509,-5.854238151406896
-6.084632117522166,2.0386287303706028,5.649487296062185,-7.914137732520597,8.910880217953517,-2.8752068321738498,-1.942507427765493,8.438311501559069,-8.134833088358684,6.4545705895032786,1.0463310452392334,-5.39465248214529,9.718009274536742,-6.610767408886013,2.8786121957404966,4.9100465826525,-7.64002971582563,9.237331220318756,-3.6411680487955755,-1.1149093609425866,7.957357394071609,-8.2377931082108,7.090651239295285,0.19092885837454107,-4.741926236613374,9.589969872265767,-7.070580815224875,3.6994376321739826,4.1331487687288835,-7.290328264530624,9.487345132547338,-4.367557400770499,-0.2704958565818544,7.411496144357612,-8.259775067124895,7.669631997769313,-0.659420824177294,-4.039712545110392,9.382316826396929,-7.459930357605542,4.4937110802544975,3.3257921156168444,-6.868183473922568,9.658669840318128,-5.0478316047760705,0.5831266456220682,6.805644846537431,-8.200580952582248,8.186297431727263,-1.497058089889771,-3.2943369176732706,9.096920666430991,-7.7753087924809545,5.254277759708694,2.4952492565254336,-6.377398005701582,9.74976205820151,-5.67586278071341,1.4382687517276962,6.14526098244542,-8.0607439825622,8.635993441672367,-2.314437539128011,-2.512513665158442,8.73635222842004,-8.013875204785885,5.97428651935161,1.6490016849865816,-5.822392833771826,9.759801231506698,-6.245993651382199,2.2872273792674407,5.436293260873505,-7.841523802338095,9.014669185733053,-3.104196253776624,-1.7012854170257279,8.303859496989153,-8.173480598774786,6.647251551955579,0.7946723618913317,-5.208167420302394,9.68869692780226,-6.753088502984175,3.1223551462778407,4.685128031864199,-7.544895137648069,9.318913569467872,-3.8592201220819233,-0.8679596816416041,7.80333834763414,-8.252687256081074,7.267110818116263,-0.06004295180695753,-4.540254680793072,9.53708965152756,-7.1925794474074465,3.9361292585776586,3.8985317587506256,-7.173530006452473,9.54598597285438,-4.572707922258471,-0.02004302056544884,7.239297452846282,-8.250781686620636,7.828280652836872,-0.9074450181683066,-3.8246711438142955,9.306345074356633,-7.560507569561427,4.7212192747680195,3.0835900661513294,-6.730773649513809,9.693840937673682,-5.238232587594525,0.8348265702264474,6.6168176681889594,-8.167781055679296,8.325706062936652,-1.7399004766639832,-3.067862754382906,8.998541733288524,-7.853558589110284,5.4705531385255295,2.247643912978124,-6.2206143966143985,9.761146592908064,-5.849799101186159
-6.621481798006512,1.4539841061490395,5.04359741267416,-8.440223125168679,8.285801231306893,-3.4309398532050923,-2.503728185358708,7.816012974094411,-8.659619972647517,5.843943826254529,0.4675248168194909,-5.935561805483677,9.088181371344112,-7.144521459780252,2.2890253490273387,4.308507356956772,-8.16772788165448,8.610331489332735,-4.19239437307796,-1.6809994688843255,7.3378886630320554,-8.761974205187352,6.476281959409631,-0.3828444282057809,-5.286676014513686,8.960895316299366,-7.601629455533747,3.1050212833326767,3.536180587592886,-7.820083973691201,8.858874391200795,-4.914509857838836,-0.8415542520977052,6.795239104805864,-8.783826828541601,7.051856160677831,-1.2281908964086559,-4.588593947552295,8.75446404156776,-7.988688176553307,3.8946214535911685,2.733574190139739,-7.400422962306029,9.029191073386537,-5.590781522972994,0.0070457794223855825,6.192952462760582,-8.724980995240577,7.56548168297846,-2.0608997439973558,-3.847603897144341,8.47074707098941,-8.302211014909902,4.65071317621047,1.9079180077124067,-6.912525135425129,9.119747330710466,-6.215117543075602,0.8571564739294019,5.536454108468172,-8.58596678596152,8.012531810205205,-2.873469966310618,-3.0703806690613367,8.112300114552278,-8.5393737706701,5.366485610219897,1.0666495148744377,-6.360785455206515,9.129727436390928,-6.781893926747517,1.701120071690061,4.8316577502192555,-8.368036434585225,8.388979534481608,-3.658581966537598,-2.2639254559454183,7.682352046668774,-8.698040092164755,6.035491109026703,0.21734682119500767,-5.7501739684136295,9.059041490075066,-7.286005177261755,2.531334185749381,4.084912162599057,-8.07315304812831,8.691433831270396,-4.4091634903236665,-1.4355027708736317,7.184775820617427,-8.776780720150988,6.651703300532775,-0.6323395920291407,-5.0861910364537595,8.908326227657286,-7.72291028265375,3.340320283895712,3.3029439970055203,-7.703972923161593,8.917170205573589,-5.118453332327361,-0.5925750089438683,6.624053581149967,-8.7748863625163,7.20957137242935,-1.4747557869722354,-4.374817788363841,8.67893928559005,-8.088673620957136,4.120791054951011,2.492797188268289,-7.263821618007603,9.064155234063493,-5.780062240859457,0.2572647736515862,6.005236289528677,-8.692374083550881,7.70407007366992,-2.3023133156159035,-3.62246224306365,8.372946971355129,-8.380000412113757,4.865716052548821,1.6617695031963033,-6.756663996256806,9.131064882070556,-6.388030471981033
-10.719166693917051,-2.5748478882700585,1.0453711188201946,-12.553414942775598,4.31521856108889,-7.501421604078925,-6.566304359714028,3.8414248031437426,-12.77468240796322,1.852541432523149,-3.5697179101913425,-10.027398421897194,5.124439941172981,-11.246665887652869,-1.7326869307994894,0.304013550640449,-12.278596354901921,4.64251582353925,-8.269368424664753,-5.7365609075027955,3.359223916626676,-12.877909331438033,2.490270996427653,-4.427337559162836,-9.372980111816219,4.996068621907786,-11.707671269907165,-0.9097336656913281,-0.47489821822703704,-11.927988371301005,4.893177847714532,-8.997640798319443,-4.889958427035684,2.811947628869288,-12.89994827426177,3.070752648764471,-5.279891606196719,-8.668946069283399,4.787877276315558,-12.098030124480143,-0.11340121974921859,-1.2843477848392315,-11.50474925326296,5.0649466811297,-9.679678479544014,-4.034123076207784,2.204525780592374,-12.840600710607164,3.588757436349627,-6.119700281948221,-7.921638201977645,4.501741282877286,-12.414226115984915,0.6491370793913472,-2.1170436631143543,-11.012691520141253,5.1562750376908655,-10.309337702914382,-3.176764182203623,1.5424300010796912,-12.700401240716399,4.039619194847805,-6.9391986268163715,-7.137788226287109,4.140238142032421,-12.653410964842106,1.3710123202820188,-2.965484965218402,-10.456247606346286,5.166340235580429,-10.880946525850582,-2.3256047962186477,0.8316244199819626,-12.480612775245708,4.419276581375761,-7.731004635767177,-6.3244570283048125,3.7066242581680475,-12.813430104456922,2.0457218825141785,-3.8220289692319183,-9.84042993417058,5.095051607938649,-11.389355921225357,-1.48831212455156,0.07851194269944527,-12.183215159021724,4.724309658899881,-8.487985755109952,-5.488971059676943,3.204805606071761,-12.892842089460379,2.6671880120373457,-4.678959964453277,-9.170785762110283,4.943051319586801,-11.829986159574348,-0.6724284627494966,-0.7101234267079725,-11.810887336686383,4.951970702878783,-9.203323132228025,-4.638856341248895,2.63930254608245,-12.890931580185505,3.2298125693002637,-5.528558754180824,-8.453347215404074,4.711708582434425,-12.198868063097411,0.11469674505957071,-1.5271776955320437,-11.366983220881616,5.100208952645009,-9.87057303950195,-3.781770669000876,2.0152091048833,-12.807715786415756,3.728527457045522,-6.363172189898397,-7.6945769489148,4.403107321679362,-12.492678759838105,0.8659731096356919,-2.3652908748672736,-10.85550148035111,5.167689084566905,-10.483724919124326
-10.347084588963433,-2.3605175326675676,1.1895794795657675,-12.145804283880668,4.396091464758352,-7.191665757342999,-6.274661308494491,3.9314748763139447,-12.362785898951072,1.981115271579484,-3.336117374960537,-9.668715553596869,5.189638594930703,-10.86436636334486,-1.5346688497342005,0.46258167014128554,-11.876308807003237,4.717049128165317,-7.944737797453379,-5.460989609393931,3.458614001552557,-12.464013363889586,2.606492304017622,-4.177125321574635,-9.026973028401807,5.063753769706797,-11.316442281116448,-0.7276558149022662,-0.3012429321919267,-11.53249194050731,4.962855942991218,-8.658903866616594,-4.630785433743434,2.921938206461575,-12.485625422419222,3.17573029088559,-5.013165784655649,-8.336575804915817,4.859594995745259,-11.699240062301568,0.05325203391757402,-1.0950138290231604,-11.117450771598913,5.131297692263206,-9.327730788303858,-3.7915272242298004,2.326281842990258,-12.427427394067648,3.6837015614432493,-5.8367077484964875,-7.603742950951831,4.579001326299253,-12.009311481329743,0.801020313182044,-1.9115807670381992,-10.634923972866448,5.220857060114979,-9.945193799031756,-2.95077498187797,1.6770105574528962,-12.289943524113616,4.125830332835213,-6.640332783321364,-6.835075792614697,4.224500336797564,-12.243863428500996,1.508913159131988,-2.7435881471872436,-10.089258124482683,5.230727299701395,-10.505730819167185,-2.116102165895959,0.9799729570227446,-12.074412261208616,4.498133928541852,-7.416801870174754,-6.037498449846736,3.799285356556056,-12.400783070195075,2.1705539041572033,-3.583541283596749,-9.485368560401136,5.160819500338531,-11.00429255589538,-1.2950274722852797,0.2414479257359677,-11.782775101485875,4.797258654153713,-8.159120609685429,-5.21819546425951,3.3071867034080347,-12.4786568811839,2.7799825175376105,-4.423873915370493,-8.82869509124506,5.011763388407275,-11.436387987027793,-0.4949471057602903,-0.5319119354192533,-11.417659099648619,5.020510007303483,-8.860602227309121,-4.384547081099203,2.752637180369521,-12.476783377604342,3.3317092931377337,-5.257016363134462,-8.125153002732059,4.784901654805517,-11.798124815932166,0.27693184493956907,-1.3331402348408947,-10.982353204577034,5.165876949624679,-9.514927807498275,-3.544062768322423,2.140632145144788,-12.395179435894178,3.8207643004379,-6.075463716376837,-7.381079771040994,4.482277860048263,-12.08624453316985,1.013656328187582,-2.1550195432595416,-10.480778632620765,5.232050022096769,-10.11620321421523
-10.600334335754418,-2.447415185483039,1.1766267479709434,-12.4365195381438,4.449927126641534,-7.379191329240087,-6.443086607498915,3.9756330457477835,-12.6580206602523,1.98464942797169,-3.4433357833025884,-9.907835561198796,5.260003038935406,-11.12839056500953,-1.6043649118356005,0.43448631129987164,-12.161410743732132,4.777570012749178,-8.14794909638484,-5.612466951910932,3.4929229584121844,-12.761356590648086,2.6230524299079834,-4.301861072722818,-9.252726189884891,5.131496160440283,-11.589882765775688,-0.7805426137415515,-0.3452479830364858,-11.810432520512778,5.028496734297392,-8.876990520655466,-4.764970465049224,2.945068750660284,-12.78341880644381,3.2041470668758523,-5.1553154109646435,-8.547948692247038,4.923084966219506,-11.980653836613355,0.016630753784563652,-1.1555523228218612,-11.386746464878046,5.200446954418845,-9.55974842897887,-3.908231357979152,2.337005469090763,-12.724008572170307,3.72269886395273,-5.996010918899704,-7.799851672975022,4.636646815140829,-12.29718372890967,0.7799742881226209,-1.9891275222153475,-10.894169122175608,5.291871753096182,-10.190072568156948,-3.049967098881706,1.6742105209902511,-12.583661052603935,4.174036729365871,-6.81637464838174,-7.015173957103186,4.2747619294664405,-12.53662115532162,1.5026118243010422,-2.8384647724969865,-10.337137607436107,5.301947579765465,-10.762285006077397,-2.1979088944412597,0.9626543340893549,-12.363640492025892,4.554095031481894,-7.60901679903023,-6.2009838869716845,3.8406901523240444,-12.696809274046908,2.1780338751887944,-3.6959132810855655,-9.72066963603552,5.230583671823376,-11.271231278275739,-1.3597320474736165,0.20874657521237414,-12.065928825965324,4.859450221837194,-8.366797285226863,-5.364615650909238,3.338341583183749,-12.776305117560158,2.80015626866894,-4.553749189542038,-9.0503183243368,5.078422872212816,-11.71232681912481,-0.5429868181381156,-0.5807215877191833,-11.693207828011277,5.087351674312189,-9.082890053693523,-4.513603217187472,2.7722413558538515,-12.77439259080064,3.363374953593369,-5.404245149746145,-8.332122167461376,4.846835838721689,-12.08159825940002,0.24496958847483516,-1.3986386602296534,-11.248834952514363,5.235746462650263,-9.75084457227873,-3.6556124683664626,2.1474888762746707,-12.691088921725205,3.8626164808288364,-6.239739931509545,-7.572550644791164,4.5379086971585005,-12.375719218215002,0.9970392957230317,-2.2376368813158916,-10.736813090784944,5.303297853127192,-10.364643936067392
-10.653670650855979,-2.4479960758666057,1.1994960927572966,-12.501737331330391,4.493977148989323,-7.411684463604304,-6.469522451061428,4.016614034143732,-12.724671729736249,2.0127472778958366,-3.4503610175039907,-9.956690896384453,5.3092948523544905,-11.185143794977519,-1.5994906426100572,0.4525534578532555,-12.224848379281275,4.823740127212915,-8.185416662822215,-5.633528071168936,3.5307804550619646,-12.828676320129288,2.6552812200374265,-4.314441601345727,-9.297342482283122,5.179956439187034,-11.649622192050389,-0.7703376041484093,-0.33222629481608856,-11.871599067033385,5.076290530478602,-8.919175525014833,-4.780547654405886,2.9793812248609544,-12.85088129479985,3.2401359696483314,-5.173418421199536,-8.588004552297756,4.970196670196351,-12.04292184111011,0.031994065429101104,-1.1477739037677976,-11.445171448849077,5.249353395865594,-9.606351382635813,-3.9182648108369063,2.3673833235456256,-12.791086632313098,3.7620431808767374,-6.019553851665677,-7.8350667912920695,4.681905052152402,-12.361499916222451,0.8002769977444328,-1.9867429520230024,-10.949406765950846,5.341369780696933,-10.240754185794172,-3.054446946377453,1.7002996012841665,-12.649830960357823,4.216301536526851,-6.845225942015073,-7.045311629488957,4.317678503266233,-12.602486680103707,1.5275905339463554,-2.8415760433085286,-10.388770844789578,5.351510805426631,-10.816669261951922,-2.1968752943446543,0.9841391188961219,-12.428386703811986,4.59881909731773,-7.642997074386074,-6.225853146638125,3.880797960264743,-12.763711334587827,2.207383065701357,-3.7045728787492016,-9.768313869075707,5.279685120150113,-11.328908793442254,-1.353274822447638,0.2253530184969621,-12.128748622795372,4.906150161891841,-8.405680961518675,-5.384072988698267,3.375198823857312,-12.843721575080929,2.833531051793139,-4.56795962082181,-9.093624887947534,5.126539727480196,-11.7728585491032,-0.5312446466204792,-0.5692235881060148,-11.753615843958192,5.1355263055415605,-9.126407380514875,-4.527553874295166,2.8054355088191634,-12.841796672856914,3.4003941787124705,-5.423958919741108,-8.370781470061857,4.893454154375728,-12.144519449068719,0.2618104214809447,-1.3924331898013167,-11.306367546867131,5.284881318057064,-9.798684059503094,-3.6640112899261923,2.1766404180235166,-12.757953967350277,3.902866168352966,-6.264859971485749,-7.606294957123304,4.582528025424136,-12.440543588304694,1.0187465766960757,-2.236860350715761,-10.791032524503764,5.35286981605698,-10.416455159737497
-10.448482328804749,-2.3351405488118844,1.2713089067993137,-12.27575398988268,4.528719440528278,-7.242975975511078,-6.311415462109146,4.056727763486993,-12.496179861303023,2.075409137403667,-3.326226569280499,-9.75934520667237,5.334862936255316,-10.973975172292395,-1.4961827618221162,0.5327711020591397,-12.001980678188623,4.8547718234574155,-8.008001900079696,-5.484827950231152,3.576360934499909,-12.599014159791881,2.7107130883707486,-4.18058425043103,-9.107415985398411,5.206979879022224,-11.433227114401044,-0.6763596104796048,-0.24317806546349494,-11.652706236749026,5.104480451266632,-8.733504280007441,-4.641445533637043,3.0311662194326785,-12.620969277201425,3.288986870968514,-5.029895596728765,-8.406059745775492,4.999580392001263,-11.822101233842577,0.11694397433908459,-1.0495488798081216,-11.231076914364879,5.275595959623402,-9.412947821776944,-3.788865364028219,2.4260547082908857,-12.561847442800019,3.8050214204064505,-5.86651004893449,-7.66159427395173,4.71453272064625,-12.13709456965885,0.8765819488461957,-1.8790775881579314,-10.740890729421228,5.366576947557228,-10.040212127858197,-2.9347674460600097,1.766477218943027,-12.422181223470673,4.254168320167791,-6.682891420872394,-6.8807256821418346,4.354404561839203,-12.37536967574001,1.595711527590065,-2.7242918324062537,-10.186563257504833,5.376603862331816,-10.609646828980804,-2.0868454561992036,1.0583751963928214,-12.203228726372028,4.632381674741339,-7.471685785063499,-6.070488000264007,3.922439934189494,-12.534780180414163,2.2678548229658904,-3.577577959828812,-9.573087856092894,5.305586381940039,-11.116122482411143,-1.252737438422662,0.3081271925040823,-11.906962265964395,4.936254554869787,-8.225787716580603,-5.238179813707475,3.4225299560573137,-12.613890120869094,2.88695719774212,-4.431249606532971,-8.90599068460957,5.154164228720678,-11.555076777747216,-0.43995700105539054,-0.47750859171360144,-11.536050597487893,5.163049687018852,-8.938404298404297,-4.391298517996553,2.859177794530456,-12.611986878241837,3.447441804966258,-5.2776169358851135,-8.191280925024412,4.923701406767435,-11.922555634009793,0.3441743654838088,-1.2914551836833952,-11.093834876932798,5.310724110616739,-9.603116311719429,-3.537472782581878,2.2374581010933876,-12.529087596858197,3.9442598239566915,-6.109055908221958,-7.43539665140594,4.61627391504075,-12.215248817830425,1.0925932403454186,-2.126380588316174,-10.584298564052675,5.377947580953105,-10.213936059955717
-10.887441359478817,-2.528570126177323,1.1870192605785235,-12.77001070481025,4.543006958839182,-7.584928588380542,-6.625176788356924,4.056731665801845,-12.997107199159162,2.0154535196731445,-3.5496488198730844,-10.177449272100294,5.373546317228172,-11.428836894370056,-1.6642234362700705,0.4261315057976934,-12.487952346907926,4.878926479810993,-8.373106057912969,-5.77357472816992,3.5618277683530764,-13.103053513605689,2.6699833132086255,-4.429861442189807,-9.505791087147022,5.241793207681088,-11.901986917113607,-0.8195904426187752,-0.3732997705850582,-12.128108011460801,5.136191897970596,-9.120563904225358,-4.904669508606126,3.0001341353347595,-13.12567304626126,3.26575706678679,-5.304875015288775,-8.783210102066707,5.028117307802686,-12.302629313122488,-0.0022795620679331944,-1.2040733268058244,-11.69371916041004,5.3124857777504815,-9.820569059925157,-4.0262881896531395,2.376710478279456,-13.064762041370948,3.7974080766485088,-6.166807455402603,-8.016215294580691,4.734443400697655,-12.627155113321011,0.7803469049310294,-2.0587055912226546,-11.188698749413515,5.406220071638206,-10.466815909368746,-3.1463431915843607,1.6971725700603493,-12.9208691825868,4.260147253888606,-7.007894513034355,-7.211715720168073,4.363416888000108,-12.872641003579592,1.52123909359754,-2.929498074000345,-10.617595980113592,5.416550425238585,-11.053483089370323,-2.2727610202269144,0.9676416582561238,-12.695290650449701,4.6498062643584035,-7.82055971297533,-6.376958275598614,3.9183799602117517,-13.036875657799719,2.2137230796941303,-3.8086067147673477,-9.985555321128205,5.343383783180904,-11.575285927784725,-1.4134108653435593,0.19468932522215712,-12.390058446452054,4.96287507683587,-8.597482602860163,-5.519462419205044,3.403341490397265,-13.118379657442333,2.8515609979421903,-4.688112541566965,-9.298270166904905,5.187379227357669,-12.027524047601986,-0.5760337153197543,-0.6147217084339687,-12.007922088857757,5.196533581232719,-9.331664695480567,-4.646952435933349,2.82294092243189,-13.116418818064629,3.429007232437966,-5.560093004607936,-8.561931551873522,4.949942039943613,-12.40612370773642,0.2318273733203036,-1.4533003037345704,-11.552323845162798,5.348676992021934,-10.016492510848979,-3.767287857324101,2.1824064790951887,-13.031010802821411,3.9408601729076587,-6.416693342245669,-7.783172381880808,4.633211044676397,-12.707674499107602,1.002895223434475,-2.3134925815882568,-11.027367724300365,5.417934808053181,-10.645797150135268
-10.501554023453721,-2.3386198888005563,1.2898737904261406,-12.339994781894264,4.567195066589402,-7.276454189169222,-6.339199563449467,4.0923183664245695,-12.561767994310244,2.0988890393915955,-3.335763867969634,-9.808204588627374,5.378266070023042,-11.030258912997402,-1.4945340185566085,0.5468217140410766,-12.06454804591485,4.8952404267467315,-8.04615629255593,-5.507559580942427,3.6090153216590597,-12.6652308617834,2.7380762507596064,-4.195343763379012,-9.152290485903633,5.2496013346477834,-11.492318007301666,-0.6696997433661699,-0.23387040002043585,-11.713138683693733,5.146475384786802,-8.776093265812529,-4.659022035789437,3.0604881339311536,-12.687320178638583,3.319884699995976,-5.04984647849181,-8.446647244904245,5.040934129688194,-11.88356909837493,0.12845286591105248,-1.0451701115441896,-11.288932175304382,5.3186368272615265,-9.459689868800059,-3.801230516863142,2.451677912013542,-12.627836965281462,3.8390734821886348,-5.891574690446944,-7.697631268897105,4.75414412014551,-12.200487813603164,0.8927340856883285,-1.8797692684244467,-10.795749754309979,5.410173931471888,-10.090788293395786,-2.9419119724242275,1.788068791598647,-12.487317043880783,4.290965767630935,-6.712946148545775,-6.91198966083839,4.391814697807474,-12.440219363143497,1.6162593043648972,-2.730149838177268,-10.238033986259797,5.4202621352106455,-10.663703632758432,-2.0888071061130375,1.0756385344454618,-12.267026211705874,4.671490930498264,-7.506561974832742,-6.096799445766669,3.957209710168504,-12.600604255745429,2.292511038604845,-3.5886516300455433,-9.620808750253532,5.348810564382379,-11.173275090718253,-1.2496006490294551,0.3208046809646597,-11.968948838880536,4.977221216865921,-8.26527331286222,-5.259403821272275,3.4542440598353945,-12.680197751353168,2.9153976425400945,-4.447541297660789,-8.949633984060387,5.196462851593422,-11.614912470002254,-0.43185213601544165,-0.4696332587028084,-11.595769993264264,5.205402621765936,-8.982245724283745,-4.407346010296627,2.8874484392566835,-12.678282875260203,3.479308181048383,-5.299082000686604,-8.230555600443646,4.964591338337353,-11.984637520529057,0.3570721903033594,-1.2885550543751059,-11.15085125347926,5.353979697142572,-9.651020753160797,-3.54830131211211,2.261928518444474,-12.594876876586088,3.979162972809828,-6.135603097937279,-7.470051025844896,4.655284713003892,-12.279119775311116,1.1100657343066214,-2.128583894547054,-10.638200427957385,5.421614067237982,-10.265574103457675
-8.692862234449196,0.487968465946145,4.568925829673582,-10.760551753625522,8.254920508906277,-5.0656008744998395,-4.011473044977536,7.720827924566078,-11.00997950637811,5.47882316711003,-0.6335167629750141,-7.913053936066305,9.16712994802365,-9.287495242789399,1.4373096395332101,3.7332171001484307,-10.450757529111552,8.623872268650274,-5.9312828197862695,-3.0761297288206313,7.1772582524623525,-11.126343923189474,6.197715354236181,-1.6002840261966391,-7.1753490579215,9.0224210562078,-9.80717189929665,2.3649985944470275,2.8551747185609644,-10.055528337271081,8.906435569754851,-6.752241027078307,-2.1217817680907407,6.56033115712841,-11.15118772016119,6.852073797461036,-2.5613409979998414,-6.381713947846107,8.787733595809705,-10.24721097951412,3.2626787493983587,1.9427080520520075,-9.578424385274786,9.100065094435983,-7.521080340965596,-1.1570258872285593,5.875603890695161,-11.084287105463236,7.43600406471876,-3.508030519467467,-5.539297635993174,8.465181621146733,-10.603648630768163,4.122263841048121,1.0040365602066437,-9.023743404530462,9.203016636454706,-8.230875090736143,-0.1905525647607888,5.129244446251808,-10.926244716889274,7.94424613785375,-4.43182485304292,-4.65568857143469,8.057670666214975,-10.87327407837895,4.936010764710924,0.04761575452313667,-8.396481936907803,9.214362812850204,-8.875231476514022,0.7689322501462968,4.327975996835314,-10.678484193321975,8.372221794633166,-5.32440250001478,-3.738846265746976,7.56887157176653,-11.053658548177443,5.696589323901942,-0.9179389684617202,-7.702290326108305,9.134001417764722,-9.44834516432666,1.7127855604964892,3.4790163333835276,-10.34323735065658,8.716075849170885,-6.1777231602108245,-2.797029594080115,7.003187418537878,-11.143177144796423,6.397148260424186,-1.8839299342860987,-6.94742181961894,8.962656343109494,-9.9450535712903,2.632505177197852,2.5900128471922637,-9.923524077701508,8.972710879272643,-6.9841001586692215,-1.8387223995740982,6.365713864492137,-11.141023488656149,7.0313769702009,-2.8416555388315787,-6.138676239733193,8.701871057777907,-10.36088236992925,3.5198063064092926,1.6689736425496349,-9.42312513315301,9.139815127878805,-7.736269686867073,-0.8725570712733869,5.662193243356364,-11.047216979796332,7.593562348919279,-3.7824886319916162,-5.283338731051461,8.353994704146427,-10.692085792721493,4.366696178598414,0.724195400087951,-8.84654808868636,9.215883327270227,-8.42745623478795
-8.870761585420476,0.4824481286550731,4.640029430693457,-10.977273983652527,8.39523224021106,-5.1753948703030455,-4.1014747669140545,7.851111548839271,-11.231384984730576,5.567010974417557,-0.660094074730284,-8.076311628812793,9.324569297570873,-9.476559406055387,1.4496141048650566,3.7886294580530953,-10.661663071672221,8.771111427604668,-6.057330834943389,-3.148569471503511,7.2973358281761636,-11.349934256491563,6.2994010606122375,-1.6450133323335594,-7.324755625052939,9.177143355756387,-10.005993496547068,2.394721320965542,2.8941009779145537,-10.25901306787144,9.058980129139348,-6.893703329968626,-2.176302700859039,6.668825327410105,-11.37524451988204,6.966045719182678,-2.624115082250662,-6.5162192449333345,8.938049410338936,-10.454294737902677,3.3092562927368947,1.964501863469036,-9.772951025768494,9.25624523621745,-7.6769783487427015,-1.1934325912726473,5.971241641478497,-11.307087781163006,7.560939844375782,-3.58857961899713,-5.6579857485919565,8.609441209059066,-10.817424852264553,4.184980929391711,1.0082059026388501,-9.207855370852718,9.361129793433728,-8.400100184359147,-0.2088127934463832,5.210868573531717,-11.146077993238038,8.078724656086054,-4.529719088460803,-4.757786065602732,8.19427884013576,-11.092112779539653,5.014006741933302,0.0338273673634158,-8.568816459920518,9.372689005311516,-9.056554987139114,0.7686872808018556,4.394555530710668,-10.893665525192601,8.514735971511437,-5.43905574770934,-3.823729155102849,7.696302067921708,-11.275884142964857,5.788865902318066,-0.9498565833824156,-7.861590727364528,9.290818746978816,-9.640429441101977,1.730262353812365,3.5296558249886525,-10.552124097433117,8.865046219906278,-6.308398332125293,-2.8642289606451223,7.119996645270903,-11.36708353818418,6.5025785133217875,-1.9339849678507983,-7.092548831467025,9.11625650212059,-10.146464030855958,2.667250599634891,2.623960434860929,-10.12453030011358,9.126499821966108,-7.129915841958405,-1.887928617764799,6.4705539060740955,-11.36488944505804,7.148715483146725,-2.90969280085418,-6.268618267789677,8.850574719757878,-10.570100419081122,3.5712116693770097,1.6856278245518324,-9.61473587934699,9.296741615147104,-7.896208083625471,-0.9036225969952313,5.753824001951558,-11.269321627880737,7.72145643839749,-3.8681909491632736,-5.397220966598766,8.496166649696958,-10.907522507831988,4.434002721495028,0.7231104529310538,-9.027333040844999,9.37423806886664,-8.600372330328495
-8.38284851762959,0.6114078789006903,4.609431377045828,-10.40851812104461,8.220518685282284,-4.829300940806638,-3.7965952649429844,7.697280015514158,-10.65287696327558,5.500837635857598,-0.48728634856219033,-7.618887607698456,9.114190058876337,-8.96539729925799,1.5414563899420002,3.790706053438224,-10.10501958410689,8.581972548596168,-5.677390359710525,-2.880260144643487,7.164756852869603,-10.766876603873358,6.205120381447992,-1.4344068134687853,-6.896174485592873,8.97242196420997,-9.474513003974833,2.4502927021468195,2.9305073889886493,-9.717822302857211,8.858793553287507,-6.4816649235473776,-1.9453065951851767,6.5603670482344665,-10.791215521245762,6.846180848159934,-2.3759330324087284,-6.118667754638862,8.742503859764353,-9.905609539912355,3.329730058001951,2.0365840154190376,-9.250414133369043,9.048488107925726,-7.234879762433026,-1.000156637005333,5.8895549183766835,-10.725674471495987,7.418244391514923,-3.3033837786273392,-5.293371161259962,8.42650683770828,-10.254803608442323,4.171846524499914,1.1169883551475528,-8.707005467867948,9.149347452308872,-7.930249950238846,-0.05332413934177227,5.158363109447418,-10.570843845516457,7.916157888284159,-4.208404616608988,-4.427718940857394,8.027277385313168,-10.518949684759386,4.969056353562097,0.1800040854209466,-8.092491307703865,9.160463049900384,-8.56151162290843,0.8866618723249196,4.373378165090273,-10.32811835077371,8.33543615559626,-5.082843158464563,-3.5295088505453944,7.548411743920623,-10.695668352630037,5.714178314124231,-0.7659284806847126,-7.412407169393573,9.081734771886223,-9.122978403068736,1.8113340453601903,3.541671195145971,-9.999684447844865,8.672302353266756,-5.9188225002826425,-2.606831927297723,6.994223514159069,-10.783367738069526,6.40050038034971,-1.7122884242334195,-6.672879220932563,8.913871799130893,-9.6095926226677,2.7123629735131085,2.6707341794062986,-9.588500654876952,8.923722005408594,-6.708812176934343,-1.6679996042427327,6.3697047992188285,-10.78125784887238,7.021840193263012,-2.6505509764916897,-5.880569097542558,8.658386233907086,-10.016970882225284,3.5816322278426624,1.7684124801884482,-9.098270897385778,9.087430334857325,-7.445695996170588,-0.7214688416397093,5.680481236206289,-10.689357690827613,7.572600751167199,-3.572264309671621,-5.042613893954972,8.317579478945701,-10.341443536303697,4.411311469152027,0.8428341716593812,-8.533411143457041,9.161952664184165,-8.12283614096874
-8.745419815142768,0.5294749199828188,4.652244547515293,-10.834294260290422,8.376004821478752,-5.080994624416828,-4.016066517664488,7.836440084885446,-11.086277574904813,5.571464419866356,-0.6035007098579599,-7.957621835079018,9.29756048461033,-9.346145254742579,1.4885427581863353,3.8079733972763985,-10.52132597717055,8.748736750172043,-5.955546086985965,-3.0711399547353815,7.287301161132973,-11.203834226591376,6.297722160488032,-1.5801731801780918,-7.212358654255186,9.151368948939066,-9.87114636223487,2.425736535585345,2.9209348570872176,-10.12204738570156,9.034195110017592,-6.7849155855699195,-2.107014031351309,6.664053216018075,-11.228932565647293,6.958784963845233,-2.551076853148493,-6.410592197137955,8.914276951288727,-10.315693950742604,3.3326140518678637,1.9991193310894348,-9.64005516986781,9.229808504669624,-7.561632196216461,-1.1323735514103395,5.9723104396084,-11.161346507338648,7.54869800529103,-3.5074658712011346,-5.559544740696761,8.588420205942455,-10.675783555147822,4.201006194268608,1.050830492983081,-9.079691094342675,9.333814857275751,-8.278699289870977,-0.1559980334727684,5.218304020398339,-11.001684863904988,8.062147374103159,-4.440725124140943,-4.666882482974285,8.176734016125252,-10.948171504137393,5.023090524576515,0.0846104868983857,-8.446002894063584,9.345277283187809,-8.929657557703804,0.8133173747540137,4.408826015037095,-10.751385860405518,8.494507940958442,-5.342447853679307,-3.7406464863125444,7.6829268329213605,-11.130404139051402,5.791461743314535,-0.8908370198617885,-7.744698804457036,9.264092529377507,-9.508643196279293,1.7668411227217091,3.5511681657812626,-10.412704179251017,8.84188502089372,-6.204511381142608,-2.78918024381661,7.111446849710418,-11.220839916332586,6.499198396351339,-1.8667252390746314,-6.9820961419061565,9.090991904535237,-10.01044072843957,2.695983910461807,2.6530562168016814,-9.988690650123889,9.101149456456952,-7.01915027620535,-1.821054521535935,6.467441933037026,-11.218664194478153,7.1399252230556165,-2.8342634125986597,-6.165064397641947,8.827534691473247,-10.43052998409308,3.5923760606230988,1.7225803210184902,-9.483164768238774,9.269965805019794,-7.779026307543531,-0.8449901533811794,5.756713250855412,-11.123896572294797,7.707870584363192,-3.7847359991377183,-5.30096335766895,8.476094101175423,-10.765126817708483,4.44794291215646,0.7681221643626048,-8.900680288496902,9.34681337634203,-8.477294545299502
-8.04562990799347,-1.3217569101430309,1.6670618491620752,-9.559968008719952,4.366617140258543,-5.389089828972136,-4.617065828039138,3.9754574703560595,-9.742644346665648,2.3334540676507034,-2.143112242172667,-7.47451252960955,5.034702699858447,-8.481128280514064,-0.6264767452931491,1.0550040143214767,-9.333080367603797,4.636830681473854,-6.023099500492102,-3.932037438728301,3.577356954184766,-9.827867523700691,2.8599575969201227,-2.85115495731627,-6.934230928476571,4.928720546175168,-8.861729987737773,0.05294572941608339,0.4119417846400167,-9.04362171427475,4.8437748908250535,-6.624354321816378,-3.2330903942708735,3.1255307988696925,-9.846062667590559,3.3391977888915934,-3.5550155591488677,-6.352987045332944,4.756839729569227,-9.184006586231826,0.7103903062258424,-0.2563321636110922,-8.694199479546308,4.98558562397952,-7.187438215968789,-2.526520778890937,2.624049034538257,-9.797065877279655,3.766857669001653,-4.248353702337809,-5.73601669950435,4.5206085448741105,-9.445055022576598,1.3399347533149006,-0.9437980481088041,-8.287961243534903,5.060985456092417,-7.707278948005451,-1.8186933405956198,2.077428986859215,-9.68131851369931,4.139084895866506,-4.924923827394984,-5.088877532720146,4.222154952207828,-9.642523783943199,1.9359081620026979,-1.6442632064131368,-7.828566382396858,5.06929518879354,-8.179193815484469,-1.1159841578063672,1.4905945851716789,-9.499863224007964,4.452526463004054,-5.57863142040185,-4.417398946121757,3.8641674084015643,-9.774634080417504,2.4929420300456266,-2.3514178791972986,-7.320153104828407,5.010439968376331,-8.598931830042995,-0.4247232039231727,0.8688320079463018,-9.254334549471421,4.704358902568374,-6.203587912122477,-3.7276295892733096,3.4498706494991014,-9.840195868261594,3.006018620868926,-3.0588920482824884,-6.767301175264673,4.884949960076825,-8.96271201011366,0.24886267279551705,0.21774206512239852,-8.94694420158705,4.892313719024085,-6.794163721976875,-3.0257828741925765,2.982996642476258,-9.838618569775129,3.4705161631169874,-3.76031281748108,-6.17499065956259,4.693955572368286,-9.267257439840039,0.8987058404088916,-0.4568102537425522,-8.580461139084044,5.014697823654253,-7.345038969054206,-2.3181810052091167,2.4677509678466096,-9.769916393193439,3.88225048336625,-4.449361819366114,-5.548557064787108,4.439177274291983,-9.5098247873909,1.5189525402549338,-1.1487486110386067,-8.158186625264419,5.070408785829064,-7.851251393365931
-7.317815933221513,0.3932251653477158,3.8208485449898153,-9.054482187263527,6.916740124762318,-4.271254861071782,-3.385885847977789,6.468152191634329,-9.263978224753487,4.585077403294439,-0.5487177779283184,-6.6628497287388555,7.68291093273005,-7.817252173308122,1.1905831654008687,3.1189311945779363,-8.794283946463409,7.226625174995616,-4.998346915836017,-2.600284741985566,6.011604389119342,-9.36171347657605,5.1888797585792785,-1.3607120671958728,-6.043246468464745,7.561368966808343,-8.253732072248194,1.9697553221993958,2.3814575267087545,-8.462328305291969,7.463951981127761,-5.687875203985805,-1.7987215079301744,5.493443196283477,-9.38257994778602,5.738479790816595,-2.1679102445156944,-5.376667032380018,7.3642533994370085,-8.62332383831653,2.723722887237017,1.615070671734721,-8.06160550555939,7.626582713731115,-6.333628485039704,-0.9884165921566707,4.918336186353494,-9.326389674128839,6.228926727097531,-2.963041104221816,-4.669115938716636,7.09333983897415,-8.922698205145783,3.4456941538614285,0.8266742087258555,-7.59572524061452,7.713052402321847,-6.929789841853925,-0.1766691856938957,4.291463897971121,-9.193648815117312,6.655802642998819,-3.7389421425144564,-3.9269667765950227,6.751068662852728,-9.149158421611531,4.129165636668312,0.023369978332559244,-7.068884139386187,7.722582131749658,-7.470989079156579,0.629208526535678,3.618473169128754,-8.98555309456904,7.015262259051984,-4.4886240769790415,-3.156904793014333,6.340523034767778,-9.300664544047697,4.767980654612164,-0.7876058902817314,-6.485827963333795,7.655086058631153,-7.9523510980298315,1.4219572335581856,2.9054262707013234,-8.703977029578851,7.304067578851186,-5.205333805734478,-2.3658666724411996,5.865401131673798,-9.375851811969483,5.356384790118153,-1.598948162174144,-5.851808856837864,7.511172184623324,-8.369539810586808,2.1944358899001597,2.1587462977771996,-8.351457044951296,7.519617056782633,-5.882615239078612,-1.560978051461372,5.329982830769279,-9.37404294177551,5.8890777246224575,-2.403348301856956,-5.172538036113911,7.292136879571101,-8.71879719926031,2.9396860418130673,1.3851593106991147,-7.931168625197732,7.659969032632941,-6.514367455659112,-0.7494893313591037,4.739091156551251,-9.295254227688867,6.361260983608539,-3.193560308264901,-4.45413434282844,6.9999532038654495,-8.996977168860209,3.650994508718045,0.591633747011033,-7.446897709910899,7.723859221978896,-7.094899659304535
-7.532067148000532,0.32328997388985836,3.815063053847309,-9.301235986896607,6.968895805987463,-4.428488148813778,-3.5265490080926316,6.511912323439967,-9.514652848390176,4.593594840683629,-0.6362819066504654,-6.864842920660465,7.749405887054278,-8.040850589217369,1.1355709310716335,3.1000089662015515,-9.036168004785628,7.284580511230336,-5.1691880981010305,-2.7262449811738785,6.046819998535236,-9.614217264744612,5.208697661583004,-1.463473078581286,-6.233643472865555,7.625589201939116,-8.485499429610279,1.9293256877700102,2.3487331066839925,-8.697999646363625,7.52634900823803,-5.871621255935885,-1.90968008691455,5.518961157634271,-9.635474262487548,5.768583735621396,-2.285778376910292,-5.554588666436705,7.424784517306689,-8.862008291988882,2.697404136060422,1.568002935182184,-8.289777117324421,7.692023457026929,-6.529460135338571,-1.0842099059547774,4.933090729950932,-9.578232359518594,6.268209633677964,-3.0957905116901543,-4.83379539719304,7.148800672921075,-9.166985601086605,3.4328874590750793,0.7648512347303454,-7.815177668248484,7.7801114694517235,-7.136778952627115,-0.2572702373649457,4.294486210520487,-9.443007188381129,6.703074747645628,-3.886212929249977,-4.077756539189972,6.800123719109733,-9.397684134721592,4.129150455400209,-0.05348723949144416,-7.278476470091667,7.789819552572217,-7.688107006616593,0.5636898827036559,3.608900120756422,-9.231016851467079,7.06926183171125,-4.649925539229665,-3.2932824571960344,6.381894522531274,-9.552025770653186,4.779921218599341,-0.8796409305128227,-6.684508103632675,7.721060256402799,-8.178477958454101,1.371275281610961,2.882508189990668,-8.944170948404137,7.363472288733126,-5.380048852040406,-2.4874396592262595,5.897880473387131,-9.628620206215782,5.379337634270419,-1.7061678822344728,-6.038623009783088,7.574452961658123,-8.603474568181001,2.1582112656157904,2.1218537247757503,-8.585053374466348,7.583055883859172,-6.070005949005062,-1.6674871417490031,5.352441548936168,-9.626777482103803,5.922000185714412,-2.5256227762408674,-5.346639293050428,7.351318300398608,-8.959268485035926,2.917409149998118,1.3337886670660843,-8.1568990449593,7.7260346177258175,-6.713581726951116,-0.8408110009653883,4.7504910390114325,-9.54651419749494,6.403020592544037,-3.330623998902192,-4.6147903123091005,7.053666259835586,-9.242654733070482,3.6420301136186755,0.52541187222889,-7.663564755244692,7.79112054418921,-7.304978883586546
-7.02782263236018,0.4661751466713203,3.797320924011352,-8.71560679591815,6.80607218423253,-4.067013369832692,-3.206564912492631,6.370110693223847,-8.919206130897308,4.540038968643394,-0.44925484970034535,-6.391291816483131,7.550677518307886,-7.513201198773393,1.2410898443248009,3.115160500041327,-8.462732376791296,7.107234874006586,-4.773639903643496,-2.4430761866184065,5.926413379938376,-9.014190420402299,5.126846048470547,-1.2383938677100392,-5.789128581062635,7.432556604279117,-7.9373954614463935,1.998330577176656,2.3984445652590143,-8.140120318850466,7.337881622652361,-5.443759981324407,-1.6640746200363026,5.422836913589,-9.034469561299728,5.660976442575997,-2.0228717703366286,-5.1413114121859325,7.240989265289397,-8.296584297124932,2.7310761540225794,1.653629265270533,-7.7506766973192,7.4959347744061375,-6.071337190699953,-0.8765774245834502,4.863917488828001,-8.979860879980647,6.137618727870532,-2.795622015148929,-4.453675818407481,6.977701131499668,-8.5875321485809,3.432726034946155,0.8874238635277011,-7.297909603205375,7.579970593430986,-6.65071834388031,-0.08767834034755663,4.254689827242128,-8.850856289043675,6.5524793316195975,-3.5496837019414134,-3.7324159909009964,6.645063890834933,-8.807618170369604,4.096959788691354,0.10673030457741116,-6.785897542571927,7.589232088766554,-7.176684400929621,0.6955162644302587,3.6006418248019276,-8.648617856167979,6.901821207757926,-4.278264276216925,-2.9840290064585133,6.246073924923511,-8.954859837290167,4.717794026829633,-0.6814189583504308,-6.219252697533045,7.523635833270358,-7.644497482747535,1.4659514072100155,2.90766511713635,-8.37496733625875,7.182497500035673,-4.9748007162185335,-2.2152563021080915,5.7843253178234715,-9.027930802885443,5.289636301859527,-1.4699243113726421,-5.603079379921542,7.383772715125829,-8.049943549676042,2.2166870421231977,2.182002007938431,-8.032369761159158,7.391979888761284,-5.633018652341579,-1.433022948545787,5.263977480671393,-9.0261728471123,5.807335483727684,-2.251682932961904,-4.942928051871854,7.170902615147316,-8.389370361383117,2.940960575601636,1.4301892385671842,-7.623911234752098,7.528381365794008,-6.246988886377934,-0.6443752694037473,4.689717683889899,-8.94960180555896,6.266228160981619,-3.0196527758517258,-4.244745327501692,6.886943057829736,-8.659720376083401,3.632247783522404,0.6589991053714731,-7.153271133471552,7.590473232630163,-6.81118080147255
-7.16217560601215,0.40348055218311274,3.7664790887847355,-8.866098535700695,6.804000338665856,-4.173054780148011,-3.3043786259730963,6.363870138945928,-9.071644708505751,4.516299079910932,-0.520702880166536,-6.519558216866938,7.555725665691548,-7.652195412305007,1.1858050640454225,3.0777957765309507,-8.610806105314573,7.108042777120141,-4.886438149706574,-2.5335893422098588,5.915930146219275,-9.167537247576947,5.108717269517153,-1.317387726802397,-5.911637034524842,7.436475267308201,-8.080445864239067,1.9502866108330368,2.3542265301088827,-8.285109197624333,7.340894993749054,-5.562965984639038,-1.7471388823569969,5.407538429795424,-9.188010299709793,5.6479550735034545,-2.1093668879894443,-5.2576253711093175,7.243076141678363,-8.443069300585684,2.690038776408289,1.6022892294543647,-7.891941676044327,7.5004594660303185,-6.19654415197454,-0.9521115575544855,4.843274559887459,-9.132879444551463,6.129155061457134,-2.889506250289421,-4.563414534909078,6.977270419616429,-8.736799225385047,3.3983979058117777,0.8287572926878585,-7.434845176310226,7.585298844218188,-6.781465407457984,-0.155668938963898,4.228221400608867,-9.002641298419546,6.547982605058615,-3.65077835265158,-3.8352579465922725,6.641452467371789,-8.958989732398194,4.0689831311723585,0.04059866146139256,-6.917937203580307,7.5946488989267324,-7.3124608061557215,0.6350146533480753,3.5679193237571036,-8.798469040804132,6.900664924222981,-4.386325689472561,-3.0797148086688724,6.238647318282728,-9.107639339313938,4.695753850284629,-0.755086965952512,-6.345874042129509,7.528425405274523,-7.784747164879119,1.4128167763712574,2.868316301388245,-8.52220184641858,7.184025072136579,-5.089522482704948,-2.3035910204826324,5.772483423409519,-9.181409017013607,5.273064140087707,-1.5511320884309692,-5.723808811746489,7.387224901578716,-8.194070148888613,2.1707310228032304,2.1357143267466308,-8.176328317994614,7.395510553054376,-5.754034366575223,-1.5138778709693694,5.247159966606739,-9.179634251486169,5.79571361489175,-2.340365966535134,-5.057345048656693,7.172319315763844,-8.536742594753695,2.901930134459115,1.3767126461858838,-7.76396406905854,7.533216315069283,-6.37387544727088,-0.7176890614340551,4.667409038459895,-9.102331029741375,6.2589942712233055,-3.115679216216738,-4.35248622911494,6.885644507891699,-8.809677724159314,3.5998275019124693,0.5981483134505733,-7.288823658621031,7.595901910735887,-6.943462223608463
-7.0586014586477726,0.40222955505163066,3.7186324229937986,-8.738915865350384,6.714067620155867,-4.110896078573801,-3.254255774492715,6.28003559762215,-8.941614115012447,4.458063362956133,-0.5091489520131445,-6.424887786412787,7.455377496838719,-7.541831847614963,1.1737146528190001,3.039491089150002,-8.487160612089996,7.013897430930887,-4.814395240704577,-2.4941460796979538,5.838301989838354,-9.036178025204133,5.042273365324003,-1.2947954164624447,-5.825389591376569,7.337779359671104,-7.9641487209451665,1.9276040068171456,2.325947179489611,-8.165976363275153,7.243523388429861,-5.48154951615067,-1.718592200573732,5.336954240787629,-9.056367415139912,5.574039817250607,-2.0758013945873435,-5.180439517026951,7.147059855063632,-8.321747866824731,2.6571066149150147,1.5844282661560056,-7.77825633248761,7.400877032130826,-6.1063492085526505,-0.9345802923402529,4.780508468934891,-9.002000419683545,6.048572589933866,-2.845131618899809,-4.495847245257035,6.88493697592244,-8.611408047881312,3.3556511497159915,0.8216139188950544,-7.327493084705657,7.484540927334597,-6.683166149771384,-0.14917269977129963,4.173977113310326,-8.873566774338036,6.461597113036022,-3.595855996588498,-3.777779553129789,6.553771913609922,-8.830520017948523,4.016945152785287,0.04437553578407809,-6.8177470754326395,7.493761433354256,-7.206804398179543,0.6305556600953262,3.522823781679018,-8.672223403729786,6.809392879825485,-4.321212035489828,-3.0327047628221964,6.156547788436574,-8.977110026040533,4.635031716839104,-0.7402855540189544,-6.253610074291794,7.428455492277256,-7.672547043474597,1.3975810285012935,2.83291403460263,-8.399784000082457,7.088826961337394,-5.014665760319647,-2.2673344752632847,5.6968427778447905,-9.049857595814252,5.204343145303235,-1.5253011579408975,-5.640163802568442,7.289211377147528,-8.076198696399638,2.14499407467562,2.1104625487281483,-8.05870268555722,7.297382227660127,-5.669970570435923,-1.4885631123283511,5.178797884343719,-9.04810742036188,5.719751105878841,-2.3035998899607826,-4.9829341572876436,7.07728339282749,-8.414123280625033,2.8660621347833137,1.3619771352529986,-7.652051905628437,7.433180022130739,-6.281223508941425,-0.7034058121902929,4.607079633540901,-8.971875265186855,6.17661282633403,-3.0681708693451304,-4.2878414341772775,6.794580577275661,-8.683276786364482,3.554289859464526,0.594200117850531,-7.183494752629343,7.494997084191511,-6.842918436259694
-6.753175264591149,0.44963956062765315,3.6513520373947133,-8.375379747899117,6.543196793894972,-3.907409695985087,-3.0803943848507673,6.124174800127094,-8.571068131006976,4.365211408664043,-0.43022095491255546,-6.1413771652994305,7.258870123052017,-7.2196942090972085,1.1944445681972935,2.995697290779101,-8.132330888170085,6.832657659866524,-4.5865799097615865,-2.3465713873311467,5.69771756324553,-8.66236175942567,4.929217812021773,-1.1886975899047547,-5.562611277294456,7.145338854986343,-7.627406195949267,1.9222623415233207,2.306829704647023,-7.822254079736488,7.054342516136793,-5.230662143639781,-1.5978383081266054,5.213707807117562,-8.681852944372029,5.4425943080793795,-1.9426942194347934,-4.939965361776262,6.961214958771202,-7.972638573508474,2.6265367301262748,1.5909545679052366,-7.447942480845833,7.206254435274272,-5.833854533195549,-0.8409397018717355,4.6765054703307,-8.629366110109641,5.900716423948134,-2.685418875038418,-4.279048185756541,6.7081570143625315,-8.252281503707398,3.300923661300744,0.8545204522883472,-7.012767873911835,7.287025001395226,-6.390723547923115,-0.08269367790904965,4.090949647898733,-8.505374055732197,6.29945741576481,-3.4101811256966146,-3.585813262077412,6.388444556589499,-8.463815975334633,3.9393482872425176,0.10416112390772185,-6.520650292646946,7.295926636793809,-6.896252936239302,0.6700695169386099,3.4623150009066395,-8.310993696210083,6.635225442219192,-4.110452344943799,-2.8665052204302786,6.004957541204802,-8.605336495176903,4.536059707010744,-0.6533642134210558,-5.9760227105705415,7.232879155930012,-7.345888911656529,1.410569024932962,2.7962642425956306,-8.047976001269458,6.9049959197021495,-4.7799245204475795,-2.127603556005928,5.561150402370271,-8.67556825261822,5.085682770390469,-1.4112318047891916,-5.383791108979386,7.098450487737517,-7.735581173091485,2.1321344590865268,2.0987971288916514,-7.718690222734004,7.106338767621982,-5.4125670763070906,-1.3757642624870376,5.061020935265746,-8.673878603077583,5.583266497009281,-2.1626148122783464,-4.7492902840834,6.893851559744609,-8.061819389798885,2.8282659897161393,1.3761964128669026,-7.326102552408859,7.237440298463377,-6.002681196214348,-0.6177598751501607,4.50907428412603,-8.600282766843677,6.0243286745505396,-2.9007448108173426,-4.078235791396458,6.6209253900928795,-8.321664822276848,3.492692894622338,0.6349712499789577,-6.873749402754723,7.29711955540476,-6.544951158140768
-7.018973476032172,0.3273589941827008,3.5928662853064086,-8.673500734921056,6.542331674742288,-4.116505412286672,-3.2730116420068907,6.1149605770190245,-8.873088251434151,4.3209494591180775,-0.5700329326431676,-6.394985167141285,7.272264949945354,-7.494787911521445,1.087004402798529,2.924147475897554,-8.425609074035295,6.837560111144404,-4.809208239631329,-2.524567062369231,5.680006087353108,-8.966200925166618,4.896193812185302,-1.3436223788182264,-5.804687243499395,7.156471546780891,-7.910623647992167,1.8293241028502454,2.2215540539533905,-8.109353918053666,7.063662086176604,-5.466123951480713,-1.760915314440643,5.186352332033129,-8.9860804761934,5.419799446086708,-2.112642554452247,-5.169634973294874,6.968678942065877,-8.262734855426357,2.5476313111405062,1.4914149501057583,-7.727584079506564,7.218600883195924,-6.081335080005794,-0.9889353395671919,4.638446122367,-8.93254783039352,5.887049744309936,-2.8701661596386856,-4.4955488794365746,6.7105787633209975,-8.547949731559727,3.2354555479415783,0.7403072252773625,-7.283738524302372,7.300980820335843,-6.64929983042896,-0.2155810993963439,4.041222973384455,-8.806085207484983,6.293735736726733,-3.6093694550718123,-3.7885010997990882,6.38449596560047,-8.763699073337053,3.8866009227913825,-0.025003175194271476,-6.781815393674057,7.310059822747187,-7.1649020012680875,0.5521810651021822,3.4000626449346942,-8.607831777210803,6.636194013811048,-4.323593729990094,-3.0548606896725534,5.993367888398955,-8.908039420180188,4.495201946802599,-0.7976223688939809,-6.226335989098226,7.2457561071756995,-7.623497070853815,1.3074351861314284,2.7207406810463954,-8.339573397748065,6.911339726470439,-5.006405283549561,-2.3012362495924172,5.540717796226938,-8.979670560595592,5.055776368728376,-1.570590636118892,-5.62230404461126,7.108648918662036,-8.020954034976741,2.0433779677988717,2.009376384081431,-8.003726528776044,7.116694374231228,-5.651653379318742,-1.534416395356688,5.03062314119884,-8.977947244422003,5.5632745588403605,-2.336945112726946,-4.975160653392686,6.8999733127276865,-8.353692618791408,2.7533800699075215,1.272377692327355,-7.603316464113854,7.250408131461652,-6.253525650840767,-0.7613086064737385,4.4676788335238395,-8.902884995215654,6.013124995770982,-3.089782511311875,-4.290735254637569,6.621609030049774,-8.618715527775034,3.4310458247603126,0.5163834575736369,-7.141950080006208,7.311276510519759,-6.806600459174636
-6.606976686116272,0.4099594081007495,3.5290472073416934,-8.187317909282257,6.346263857103684,-3.8346500862268593,-3.0289770642229596,5.938055313126394,-8.377956279415116,4.224484437092031,-0.44719507374905276,-6.010966894185655,7.04346823301626,-7.061456455453,1.1355436786376822,2.890312550334591,-7.950541266001117,6.628254779761812,-4.49629336080884,-2.314091397575887,5.522603402904143,-8.466893947808348,4.773935864780257,-1.1860981562027044,-5.447136871036295,6.932866798432237,-7.458646863093424,1.8445790943175409,2.219222157681121,-7.648466424168537,6.844218747634181,-5.123754149988096,-1.5846804247976172,5.0510841968520355,-8.485882135411103,5.274063960881889,-1.9206368460136813,-4.840559205979677,6.7534944774006975,-7.794970035321299,2.5306786953121536,1.52182118211135,-7.283814460668957,6.992210366800255,-5.7113803145830335,-0.8473146478381882,4.527745119232063,-8.43474979746491,5.720363593512091,-2.6441944509826065,-4.196697923934308,6.506967047897384,-8.06739638779883,3.1876621266032155,0.8043917809288806,-6.8598701443454955,7.070896535265963,-6.253878543957442,-0.10863622517324147,3.957300385429403,-8.31395753182024,6.108814515216488,-3.3502531960392625,-3.5213528989998233,6.195505218160521,-8.273471915929207,3.809611310347745,0.07339652661363259,-6.380452346946896,7.079568451487824,-6.7463620379303055,0.6247008604659438,3.3448885365075176,-8.124593429891355,6.435917577183678,-4.032452935073601,-2.820607609446859,5.821914622648483,-8.41134030042199,4.39092375566331,-0.664579807746004,-5.849879642898243,7.018147999226067,-7.184394526856297,1.346090740878103,2.696026151456386,-7.868363275176729,6.698726249423403,-4.684648442851876,-2.1007743380120685,5.389560549008306,-8.479759628935728,4.9263630256193,-1.4028895637998593,-5.272931407773416,6.887188451212311,-7.56403023334788,2.0490351677602296,2.0165581540918742,-7.547575177636321,6.8948731629792706,-5.30096477093594,-1.3683373111330566,4.902337623712477,-8.47811358316946,5.411105906830396,-2.134882079749599,-4.654804765889646,6.687869485292908,-7.881849415664236,2.7272020486433695,1.312605162238154,-7.16511878233875,7.022591435084114,-5.875850168959284,-0.6298942893221476,4.364634729435054,-8.406416990630987,5.840785856750418,-2.8539635992186634,-4.0010677748406716,6.4219865579433995,-8.134989172594839,3.374482486102562,0.5905083534739052,-6.7244392396650365,7.080730585162194,-6.404126094550025
-6.592527200821787,0.3667519501002944,3.460210747458067,-8.159883035056293,6.254278818061875,-3.8429803263593474,-3.043927379430981,5.8494244526828485,-8.348954962863184,4.149933690462378,-0.48335944247358487,-6.001414717675968,6.945754386895802,-7.043272588950321,1.0863742209011138,2.8267244620201346,-7.925051944265859,6.533952670360653,-4.499186993246484,-2.3349158039528746,5.43738623853932,-8.437161845905877,4.694870371345987,-1.2161910868304007,-5.442217587748979,6.836061745060713,-7.437199352102163,1.7895836159065566,2.1611483023873816,-7.625459198862906,6.748142099875794,-5.121492046267429,-1.611498274257382,4.969741423782898,-8.455994010874083,5.190889001878896,-1.9446941999997056,-4.84062406585236,6.658163295189395,-7.770759015327029,2.470045655826352,1.4694777493214473,-7.2638035171164415,6.894917697650223,-5.7042897888850606,-0.880191303622956,4.450702532329254,-8.405281818454359,5.633521468061291,-2.662306457990952,-4.202053279962327,6.4136615386910325,-8.04094688785463,3.121630768544316,0.7579433407321386,-6.843342677495386,6.972957315557055,-6.242330404675895,-0.1475824730644407,3.8849450436757778,-8.285482081844759,6.018780556112814,-3.362563641157913,-3.532257447621925,6.104758936630548,-8.245329129217058,3.7384695040336524,0.032954547265474116,-6.367864172743612,6.981557976151796,-6.730767247445951,0.5797289093055317,3.2775652763878593,-8.097673951801669,6.343195869119176,-4.039157863604785,-2.837270060219053,5.734238070056,-8.382064673176576,4.315005406104962,-0.698957963925208,-5.841651092311367,6.920642205062224,-7.1652004996058904,1.2951912545556221,2.634034480685525,-7.84354919569727,6.603845088214497,-4.68599439434461,-2.1233515335611353,5.30543657463123,-8.44992181196941,4.84604506471902,-1.4312011571420482,-5.269443540474809,6.790758728874172,-7.541716805534604,1.9923597093587608,1.9601495536623654,-7.525396958153481,6.798380296701298,-5.297246558368612,-1.3969328143250672,4.822217075360461,-8.448289291474875,5.3268048979958955,-2.1571790179178274,-4.6563959376846915,6.593077532226337,-7.856924522914296,2.66495421094835,1.261980821090564,-7.146083140528041,6.925049129980762,-5.8674082230773195,-0.6645574503727188,4.288932392232267,-8.377181817365718,5.75295424250996,-2.870351969625153,-4.008030589774062,6.329379318640703,-8.107984274495688,3.306916057646932,0.5458173561956824,-6.709024585000572,6.982710560775919,-6.391343397280719
-6.642179066116727,0.3008073372062673,3.387023869625315,-8.205865478209752,6.174550595233216,-3.899069305652155,-3.101887065114534,5.770644056467615,-8.3944947594248,4.075132064667953,-0.5473138132678271,-6.052450468612178,6.8644073129376455,-7.091869189658085,1.0187448611000338,2.7550206734459532,-7.971584163280825,6.453569687838245,-4.553739691357782,-2.3945353952665336,5.359570487437269,-8.482495136527618,4.618792964596873,-1.27842978553344,-5.494562505554121,6.754971478523002,-7.4848737094014695,1.7203079342762084,2.0910027304246768,-7.672692810777552,6.667257666809759,-5.174587832112582,-1.6728114977654798,4.893020501436473,-8.501283212488339,5.113650338888082,-2.0052273603717463,-4.894377407029657,6.5774895164055405,-7.817652457924639,2.399176907439127,1.4009514849764475,-7.311883820852567,6.813689640235117,-5.756021155181024,-0.9432166297255334,4.375196760211633,-8.450689745145363,5.555246534086907,-2.7211595772064427,-4.257301613999234,6.333560176291082,-8.08720777890258,3.049236558747852,0.6910828883592989,-6.892407345012111,6.891546555340449,-6.292802134770891,-0.21232294961669662,3.8107637972403463,-8.33117047822647,5.939603671096412,-3.4197773501281237,-3.589073877175993,6.02538076294295,-8.291111529863914,3.664631179464852,-0.032208594341703534,-6.418042008894432,6.900127080460061,-6.780095471435678,0.5132856844481833,3.2048059998189355,-8.143802036029419,6.263259477737607,-4.094787560976343,-2.8957135626124124,5.655727342957105,-8.42752695479138,4.239817321923054,-0.7624075852739159,-5.893060874575698,6.8393539226012035,-7.2135116482387325,1.2270730218195798,2.562781809125431,-7.890272225237615,6.523298476744534,-4.740109747470928,-2.1834664295153647,5.22792973807668,-8.495225229539368,4.769613734658439,-1.492936484054578,-5.322192949015681,6.709774523696007,-7.589146471329008,1.9226092975677034,1.8904745508217893,-7.572864831231781,6.717378248255427,-5.349930875749436,-1.4587483687220892,4.745841530304046,-8.49359653102751,5.249248034895258,-2.2172147185053266,-4.710580585370579,6.512556129268374,-7.903616238747335,2.5936291515230625,1.1939403391097905,-7.194439045851836,6.8437505302277,-5.918757703919428,-0.7280876086380291,4.213805349003733,-8.422655530500307,5.674399697959975,-2.9287180221579217,-4.063733160902366,6.249475273938261,-8.15408822066522,3.234088066364814,0.4794535235230041,-6.758403711922008,6.9012769667055185,-6.4414662649397
-6.255258989662756,0.3601364845121753,3.3007360615352876,-7.745165985395613,5.9567389129743,-3.6415773776899663,-2.882008587000535,5.5718898965250165,-7.924895171189448,3.9563772474447187,-0.44796776551387096,-5.693355556716969,6.614046121000351,-6.683731383996245,1.0441995620423337,2.6985526723141895,-7.521938765805669,6.222593047665429,-4.265358450428426,-2.208031891162139,5.180212011801698,-8.008743426478128,4.474386595000736,-1.1445874926831576,-5.161790421554879,6.5097737975873695,-7.0581927713894785,1.7126607845670725,2.065865088059166,-7.237150004059886,6.42619858667342,-4.856913113207759,-1.5203610924915212,4.735675253903276,-8.026645024646248,4.945895113681017,-1.8370925773719973,-4.589923856679327,6.340665966931445,-7.375270020140553,2.35949868280497,1.4083725306918995,-6.89336506479384,6.5657214602612175,-5.410912667653166,-0.8251906992868514,4.2422839903859515,-7.978438708885157,5.36665547549492,-2.51924496424654,-3.982907210945619,6.108245944930635,-7.632106912343565,2.9788865694286955,0.7319976642407122,-6.493680747614469,6.639904852522294,-5.922366710153154,-0.12878277586345432,3.7044826680431218,-7.8645587195662205,5.7328774896158965,-3.184899854619406,-3.3462084635906084,5.814607360917083,-7.826389872573949,3.5652450256074886,0.042833243743016995,-6.041697391265617,6.648080522723111,-6.386668085196171,0.5625894658447594,3.127115777524077,-7.686030882622692,6.041262244254023,-3.828061058525833,-2.6855629689168605,5.4623952983358794,-7.956368808474053,4.1132921601669015,-0.6529127680233484,-5.541486441934481,6.5901748247862155,-6.7996343864242474,1.2426981751042396,2.5153842143754197,-7.44446336895483,6.289031823107882,-4.442935008138887,-2.006921792473083,5.054782467950046,-8.020872875508227,4.6180911886319915,-1.3489731215960672,-4.997553777844303,6.466709370690916,-7.157545631565759,1.905416962585431,1.874798429603006,-7.142032208097179,6.47395432871261,-5.023982945974266,-1.316398104117585,4.595440628201404,-8.019321023878645,5.075094903564674,-2.0390777359354644,-4.4147991205010655,6.278796331815288,-7.457177771871891,2.5447760866092413,1.2111287917707616,-6.781461686640387,6.594363987274006,-5.565970817773067,-0.6202121108533765,4.088507510172127,-7.951727232596485,5.480186635608131,-2.717010179039649,-3.798471898218061,6.028128420545874,-7.695831734206334,3.1550162283170344,0.5303536077766984,-6.365999807976882,6.649176153885572,-6.0640164206322344
13.478039905963792,21.427005938219974,24.96038897532993,11.687788643354518,28.151804595164418,16.618602920497022,17.531290081819787,27.6893754371126,11.47182858496384,25.748198190438448,20.455999252519145,14.15321515728938,28.94161567898445,12.963193511426637,22.248966498013427,24.236813895836374,11.956015326539584,28.471251179188666,15.869076368665175,18.341130987426393,27.218740807118703,11.371077702306023,26.370630926952597,19.618950799363912,14.791936337274782,28.81632352371575,12.513245982151892,23.052180088564835,23.47658540520322,12.298213491762334,28.715900727333118,15.158272617171823,19.16742653413201,26.684591699568248,11.34956739406867,26.937188922395254,18.786846442663634,15.479083147609009,28.61312593607037,12.132250425686253,23.829411397190466,22.686551608225198,12.711300633006582,28.88354944723228,14.49259455493612,20.002733488007397,26.091739706120297,11.40749142416196,27.442768647271134,17.967181741852304,16.208465800057784,28.33385331097745,11.823638833239228,24.57365915845934,21.87382909458547,13.191555679479153,28.972687166593555,13.87803858065409,20.839527440764552,25.445525211447357,11.544328015471388,27.88281586166313,17.16734020049093,16.973514047779705,27.98102132395635,11.590191164457172,25.278219221283504,21.045738832928226,13.734652514851687,28.982510936762846,13.320140587502427,21.67027058929398,24.75176928728506,11.758844550003024,28.25336663962548,16.39452675599239,17.767336369820047,27.557808270022026,11.434010305669196,25.936744939616535,20.209740223895967,14.335698946726831,28.912932265650685,12.823926096056946,22.48747963586568,24.01672125647416,12.04910867225218,28.551083076053853,15.655702877862423,18.582782049628744,27.068026433743693,11.356503127179467,26.54330434276172,19.373363906176298,14.989280775291162,28.764577914865175,12.393864984623965,23.283793197343723,23.24700239933551,12.412505695776781,28.77328335438794,14.957523859087738,19.412505588400354,26.51608774835294,11.358367810241694,27.092433570303154,18.54414392084031,15.689510564189492,28.53878425387067,12.033831224773389,24.05203811620282,22.44954630946717,12.845762156177644,28.91796590429694,14.306278865550778,20.249032873003838,25.90696405324339,11.439587557872931,27.57918609031979,17.72954984503085,16.43008067429216,28.237585222031132,11.747067984772771,24.785294076015173,21.631536436240854,13.344975298322472,28.983827431737073,13.707834283500175
13.655447795067598,21.463877085075847,24.93479034446445,11.896847954697574,28.06978212847542,16.7404860415875,17.63703700609884,27.615528661089446,11.684706043590293,25.708671189498798,20.51003767820796,14.318686030952097,28.845629449428568,13.149703821493464,22.271305483219468,24.224007983423984,12.16033242309825,28.383580936165128,16.004211027049347,18.432560024051728,27.1532147934966,11.585736424152106,26.320099391749846,19.687788138802357,14.946114698996244,28.722552444062277,12.707711309222212,23.06031835623261,23.477220239046897,12.496480566827827,28.623905110374263,15.305974198500078,19.244246767071832,26.62850937650227,11.564606415520029,26.87664071148262,18.870395284834192,15.621112838197828,28.52294736478647,12.33345170735738,23.8238083108703,22.70115414247702,12.902264378197547,28.788589821515426,14.65206524256989,20.064785596690772,26.046138933416504,11.621506355882133,27.373281848975896,18.06522215516811,16.337600095017617,28.24861224537295,12.0302963299258,24.55489786321368,21.90280046296679,13.37402857448841,28.8761515969565,14.048374542363018,20.886785135234046,25.411349431567306,11.755923693079154,27.805549082714432,17.27952171392987,17.089122383770654,27.902018284507147,11.800975987229034,25.247001390741875,21.089350735334758,13.907523524576906,28.88580168407687,13.500340117145353,21.702840847024486,24.72985902685765,11.966647601651758,28.169548568475893,16.520371516124616,17.868910024745492,27.48628758533889,11.647556386824409,25.89388445533032,20.2681324789371,14.497943529425854,28.817453155316354,13.012898636906737,22.505601738115995,24.007806554868704,12.25177988990303,28.462001414907842,15.794609953333019,18.6699387251816,27.005165031714856,11.57141952572207,26.48971996279499,19.446543191695195,15.139970111608935,28.671721691214866,12.590440953054536,23.28783657372154,23.251696232499253,12.608752098725756,28.680273219637055,15.108774653779971,19.48499285378939,26.4629845544295,11.573251241416994,27.02914065310043,18.63198371376018,15.827819923921961,28.449920034388906,12.23677254581754,24.04249901685903,22.4683390682649,13.034348638168911,28.822397799850147,14.46904359166825,20.30673043883917,25.86463009136715,11.653035033894817,27.507287448401858,17.8317915610693,16.555296845519646,28.15404616440453,11.955079244647028,24.762791101444368,21.66479150903557,13.524735753331143,28.887094903581794,13.881179436258801
13.80787471275783,21.45296192943694,24.851268247393726,12.086062468639703,27.920680125529728,16.82837801572243,17.706174312944164,27.475929043376937,11.87835828736429,25.6089605227372,20.51907558874335,14.457238876849278,28.680297740701512,13.31271023810072,22.24349998719081,24.15535451872811,12.344035188421017,28.22791467478121,16.107504906349632,18.485056035406323,27.02328617399087,11.781458982228145,26.207598450973038,19.714026428514174,15.071542562173072,28.559795344451736,12.879963628003765,23.01600774838508,23.424188592001272,12.673151554989882,28.463211583271658,15.423874274131801,19.279763359061214,26.50955690437724,11.760770985592497,26.752497658101312,18.9137323582492,15.73242062786748,28.364365740970747,12.513533044890526,23.763526497095846,22.66435677771097,13.070446902596814,28.62445130680208,14.783644233725227,20.083137595303022,25.93936888519341,11.816480654020786,27.23874971603893,18.12540239172182,16.433919913394163,28.09576935152809,12.216719279331372,24.47932261732455,21.882703607409177,13.53234241223091,28.710181405037183,14.192581949164953,20.887941984359188,25.31785834502891,11.948086157270968,27.661974487642162,17.356137770585285,17.169721344054132,27.75642568058214,11.992196016667151,25.156948249113903,21.086270178462264,14.054677349463862,28.71962962502404,13.656011683504364,21.68692688370256,24.650623823484082,12.154401998760182,28.018359582789735,16.612867996700416,17.933196852933946,27.349391520990103,11.841985752569315,25.790299370587157,20.28223072815655,14.632746544163268,28.65271085761271,13.17876683808841,22.47289507251447,23.94367573977179,12.433569694465852,28.30469470022485,15.902288411487937,18.71746908624128,26.878333418552806,11.76744157448777,26.373670782708487,19.477828008483982,15.26134277445722,28.510027904115795,12.765146413486612,23.238766583931167,23.203382251125788,12.783074514067984,28.51840054580792,15.230799884586673,19.51547335420519,26.34749464393122,11.7692349730989,26.901807501464887,18.680308043751197,15.934803673160431,28.29286604630039,12.418876284285254,23.977642481074902,22.436411888719427,13.199768133529098,28.657552066684644,14.604451155102602,20.32002126949049,25.761656969451103,11.847349793546968,27.369952094530824,17.89685485871025,16.647062734128333,28.00318146862721,12.14307563657259,24.682867002373314,21.649673487832743,13.679896995059327,28.720895792077393,14.028884344833145
13.963357307470048,21.441861740501157,24.76612059371499,12.279062526320644,27.76865145920451,16.918045292183194,17.776714829104787,27.333591289816436,12.075884119534326,25.507303117789707,20.528324335252563,14.59857213787965,28.51171737087613,13.478982229220613,22.215174353141325,24.085370491416786,12.531414144269046,28.06919151498632,16.212879662112183,18.538625092408545,26.890811291453776,11.981096203781412,26.092897012693232,19.74081681010008,15.199490440537929,28.39384066404423,13.055664960199966,22.970849540736086,23.370136319545136,12.853359223064043,28.29936141669592,15.54414501348149,19.316016124645458,26.388275936225707,11.960858988669894,26.625923127447496,18.957960763782157,15.84596829015696,28.20266937788944,12.697218723742129,23.702080214443914,22.626860876051065,13.241997695600876,28.457087803985818,14.917865278582653,20.10188522160092,25.830512040501343,12.015354770143091,27.101579986263108,18.186808129119708,16.53218224271123,27.93992557494619,12.4068723877741,24.402279480529213,21.86223955342683,13.693828723618402,28.54094988449899,14.339681957712504,20.889153309026856,25.222543916912716,12.14409265259923,27.515582893083863,17.43430541511633,17.25195091310862,27.607976039831183,12.187241379315527,25.065139974810588,21.08316002690432,14.204782233095887,28.550192232303974,13.814803300786142,21.670728710629636,24.569848115567506,12.345912970857398,27.8642025279407,16.70723113311088,17.99879065683473,27.209810959351383,12.040304124827227,25.684690679120333,20.296640210580353,14.770255577301388,28.484731592738374,13.347957391651466,22.43957102958026,23.878304091526697,12.618997736370488,28.14429854050145,16.012134736245795,18.765973974337786,26.749016987033198,11.967384228632543,26.255350707973232,19.509765040354797,15.385154997230043,28.345157632363314,12.9433495577175,23.188754568097163,23.154141242932273,12.960887013586039,28.35334783820873,15.355277622280525,19.54659011204853,26.229744934705092,11.96913854994811,26.771979580937472,18.72962265314006,16.0439415059617,28.132727627272647,12.604624488550343,23.91153071382824,22.403882796861726,13.368501078937324,28.489467314186616,14.742576731197072,20.333607314144057,25.65667238216732,12.04555128592472,27.22992352785609,17.963240537234498,16.74068078361102,27.849355137605915,12.334833404669425,24.601388731053493,21.63428704838803,13.838168162858405,28.55143081018453,14.17955124566501
14.122694818325392,21.409941321481238,24.649184397499436,12.481474790427388,27.574927471678212,17.001818562561855,17.83852817961588,27.150993685661764,12.283492540416173,25.37141165632244,20.51976704646224,14.741664438936947,28.298989951674447,13.65070732045098,22.16347696256722,23.985844040223622,12.727372678424612,27.867781409275803,16.314687088896616,18.580953079099228,26.71953750032019,12.19112876450384,25.942029364865466,19.752399518600736,15.32721464338525,28.18412786563084,13.2382161176951,22.899826244383394,23.288901521223647,13.041084219370529,28.09206486412764,15.663054897806504,19.3384628368299,26.229854162843896,12.17140910312293,26.46142368034887,18.989564511001166,15.95715923875063,27.997845661881353,12.888936912663187,23.6123561649972,22.564634868046245,13.419783513507074,28.245757500740535,15.05279186339801,20.104233838239306,25.68635471919156,12.224511190115525,26.924915921631293,18.238133607848564,16.625823711834467,27.741821362321236,12.60601599706649,24.294648286234104,21.819568242836862,13.86005925425481,28.327474862606064,14.489395208234658,20.871368051839763,25.09393498843855,12.349956684218405,27.328330970996067,17.504875665656794,17.32718476248355,27.418361222576333,12.392001910064653,24.940556550685624,21.060413172973465,14.35794545711234,28.336480843323994,13.977939984597452,21.632955166387216,24.457931461454006,12.546615577940091,27.66803488342823,16.796395839706985,18.054924561212264,27.030378957353665,12.24882248113715,25.544262645124487,20.294008093923917,14.90895718507078,28.272694317416242,13.523033358637825,22.38213483866299,23.78407323002588,12.812716376618607,27.940967621030946,16.11907608509954,18.802487659933025,26.581369493827818,12.177767464280016,26.100328411614054,19.527256748919736,15.508130948728162,28.136689871101762,13.128773109227279,23.112158491141653,23.078430379454456,13.145862055967456,28.14467061771248,15.479017668382603,19.56314004314409,26.075377489490553,12.179476919958852,26.60374483419577,18.767066000341142,16.150069417184117,27.92969262644881,12.798710715345784,23.81645010288152,22.3473593094899,13.543051654364788,28.277308925841314,14.881986207612481,20.33002978764473,25.51696089805412,12.253935449472149,27.04997715988439,18.020283613003517,16.82899003695881,27.653567205529928,12.53581936451496,24.488665446031515,21.597445476165408,14.000707305384317,28.337687745373696,14.33335973591991
14.286848456924005,21.387892662738608,24.544367233239647,12.687564562173787,27.395352292631024,17.092405394373507,17.90773557094402,26.98225077979796,12.49464111589165,25.248140282405124,20.520463946686327,14.890002286853523,28.10091366975726,13.82692109127958,22.122174108507053,23.897976419030677,12.9271793154319,27.68072328369422,16.42283136972781,18.631190174606125,26.561819078516017,12.404637401116062,25.804177678866175,19.77270404380787,15.460590627005114,27.988986517270448,13.424969783057655,22.839708337496297,23.21884203896169,13.232874960442185,27.899275891575122,15.787849556932152,19.36934419116806,26.084648033902106,12.385421612665802,26.31030053238831,19.02936084712013,16.074439001280133,27.807464159956368,13.08461529195744,23.534031832941807,22.513081705647473,13.60189780428448,28.04904140399791,15.193179844217951,20.115548361726063,25.5550359817313,12.437166845517758,26.761949710575607,18.29713035943304,16.726017890531345,27.557981743222996,12.808923516259771,24.1988901593459,21.78705287711839,14.030923705417852,28.1286707398161,14.644178990192977,20.86308091194384,24.97775364406754,12.559406980891122,27.155056777502672,17.58260848076275,17.40945790079295,27.24278659370352,12.60037787535014,24.8282943021569,21.04729558911754,14.516088017401174,28.1374466014762,14.145792370394986,21.60520810149867,24.358001154809017,12.751040885024807,27.48608064200682,16.89223159275454,18.118602634522667,26.86471797543664,12.460856939186229,25.416574616549106,20.300473542747234,15.053020401458816,28.075289936402484,13.702509429567016,22.335244881319966,23.701361217110893,13.010342328141956,27.752039455681036,16.23221858004034,18.847064147160246,26.427181513901367,12.391617506222232,25.95843189933384,19.553314078142243,15.636884194299196,27.942760649099213,13.31832324093632,23.046615112215306,23.013748814641083,13.334975534251807,27.95053747323348,15.60851481079878,19.588280489450973,25.9341185182923,12.393283282223912,26.44898512394861,18.81254757488616,16.262419976565454,27.741052557555186,12.996694536786617,23.732910802443897,22.301357929666594,13.722016221716924,28.079786633255644,15.026738581141299,20.33557481719555,25.38997047837995,12.465839261954372,26.883815408529493,18.084846825047144,16.92399294945327,27.47198263938445,12.740520534333491,24.387949830623846,21.570605747936092,14.167977945054147,28.13862266500078,14.492130505747951
14.45581239810363,21.360211032114023,24.429274972739904,12.900816651243394,27.201309166461385,17.183676487543224,17.976428144091336,26.799647461753686,12.713235734920096,25.113558796143316,20.516803574192743,15.04226339865557,27.8873317945774,14.008621564887983,22.074158398755053,23.800784327518052,13.133795876148005,27.478777525166933,16.532644632629953,18.679848490806407,26.390858559742803,12.62572444681354,25.654198134431162,19.789751002435167,15.597050728820198,27.778504183265547,13.617801287899185,22.7718223206938,23.140456867196335,13.431026048592736,27.691277867873815,15.915247045202198,19.39756118712596,25.926901567907166,12.60704079132823,26.14630518759361,19.066992827291116,16.193900115191227,27.60200863140637,13.286872058996858,23.446918272017392,22.45424079248393,13.78982973226183,27.83689600084461,15.337045215562936,20.12310110865959,25.41195579041583,12.657353070010716,26.585447076947695,18.355039622602185,16.82743516475651,27.359435003165466,13.01881487411463,24.09336501809961,21.74831750758962,14.206974839359576,27.91432020234445,14.803247560353755,20.849932623717002,24.85065983617571,12.776208072068298,26.967668031675537,17.66030463151143,17.49194902166426,27.052968391113254,12.816044380579855,24.705339395094242,21.029045938404053,14.678703745114776,27.92285303857276,14.3186625053664,21.571508465989417,24.24806983444649,12.962535156871864,27.289525022234166,16.9890459962514,18.181455774328874,26.685369433006983,12.680387126076754,25.277328764739188,20.302905251575808,15.200767136299968,27.862417646116228,13.887655171455338,22.28132871203833,23.60961388945079,13.214655898239593,27.54811877501374,16.347310385074437,18.889744376259515,26.259949444087567,12.613065105185116,25.804180671959266,19.576436490462832,15.768462288857156,27.7335584243311,13.51410805372082,22.97299933231804,22.94104318425032,13.530299203626134,27.741119888866926,15.740878524130329,19.61043459489352,25.78054058889741,12.614684751707125,26.28114925795486,18.856183653702004,16.376675429829753,27.537436131417465,13.201386048164034,23.64028978831344,22.24838017434091,13.906621772024232,27.866789818251853,15.175213124940486,20.337034484450392,25.251461361310866,12.685231475938204,26.703938010689043,18.1486347471563,17.019927802004062,27.275817428361073,12.952306140851524,24.27718915695641,21.537864337640606,14.3402337062957,27.923996533973906,14.655409676532953
14.629780040756714,21.324146255387525,24.299848998485643,13.12208740255959,26.987557665948785,17.2746622624314,18.04329834321136,26.598114545955525,12.940212714363202,24.963316847234317,20.5063953272091,15.1983911498101,27.652711424816346,14.19619279238653,22.016375279755174,23.69047709448524,13.347979378760037,27.256585412550457,16.64343485433947,18.72532058053373,26.201761038633748,12.855363527409601,25.487509888856586,19.801459759227953,15.736301800140279,27.547194359101695,13.81726130291852,22.69281620325394,23.050236854126602,13.636167782972606,27.462621475967637,16.04481855633029,19.421200392916816,25.751917659677197,12.83724823038278,25.964647001775383,19.10068795193412,16.314994975193027,27.37606781759834,13.496398970537399,23.347375675807108,22.384895533325277,13.984056626731952,27.60380989240631,15.484205677678105,20.12466932562811,25.25263657845109,12.88603000508131,26.39043015587081,18.410392426934948,16.92925783230892,27.14087330066282,13.236496109015874,23.97415745448567,21.700446497425283,14.388512142640028,27.678878842823245,14.966646194527886,20.829390561473538,24.708415296967587,13.001269427425033,26.761023915224442,17.73679133594777,17.573557118697803,26.84372943015559,13.03989391189523,24.567515516604544,21.00305523322716,14.845891013204763,27.687152109415997,14.496802259931933,21.52901600256665,24.12415613658547,13.181928425767826,27.07308998755766,17.085952447962853,18.242089014735896,26.48731286498824,12.90836336311699,25.122104918846944,20.299003810554836,15.352073189684305,27.628555166963103,14.078906207380811,22.217243453716982,23.505122078115,13.42637963180131,27.323817295421208,16.463738491047508,18.928831414517997,26.074834189898105,12.84308928407734,25.632929944278487,19.594634293646653,15.902499005303973,27.50361585414406,13.716722426129152,22.887873392325226,22.85688935311861,13.732421039816987,27.51094729825744,15.875754341148866,19.6275981727224,25.61000899464201,12.844659660808365,26.095389103545557,18.896291612120017,16.492210248534505,27.313459618791477,13.413513451743071,23.534864813411012,22.185297213461297,14.097295842276655,27.63279433723423,15.327296533618917,20.33209482913558,25.097024404127275,12.9130603474256,26.505316584888803,18.210266406123576,17.115894826443004,27.05979937990707,13.172010577322894,24.152389646719584,21.496395331588943,14.517717263013996,27.688260819585523,14.823305552257114
14.806507086986144,21.297350825082653,24.18258609563921,13.34465140030024,26.788582901715195,17.370979459148813,18.1162474250545,26.410979652100856,13.168306076015817,24.825883159678938,20.504461203972753,15.357831250959268,27.433514620745,14.386101781125934,21.968534665955517,23.591740348567832,13.563675796665414,27.049431652503173,16.758942660179887,18.777534786162906,26.026676105119897,13.086036478541946,25.334139656661648,19.82095712449892,15.879388313182766,27.3312054904558,14.018690586888383,22.62441039663905,22.970964725936547,13.843102681735871,27.249203796598103,16.17852552659621,19.452258423600426,25.59050888841717,13.068471923735647,25.796770821779823,19.141490218839266,16.440488027650275,27.165281547138868,13.707583128145647,23.25906991740861,22.32585114724084,14.180414990425202,27.38609979531563,15.63495643039963,20.13434045652762,25.10640697709003,13.115770632333806,26.20960929385312,18.472181094984588,17.03607603282126,26.93723742637519,13.455581847197884,23.86679624322526,21.662210767213807,14.572574228297924,27.458886495522485,15.133131818092647,20.81763672000268,24.57873113985608,13.227506539650445,26.56893624208923,17.819058860074072,17.6607872981502,26.64912733957111,13.264956760496244,24.44211500208491,20.986021629199456,15.016047842193501,27.466908237825706,14.67757210370332,21.495992111347626,24.01223465744023,13.40267313354865,26.87151486514834,17.18800681046349,18.308994452045194,26.30354656971209,13.137425010434566,24.97984374792083,20.30337481520191,15.50684104131033,27.410092762723565,14.272380949095073,22.163296035044247,23.41202050523119,13.639692521057626,27.114619548106837,16.584709435250662,18.97485847298401,25.903608093168074,13.074135397406142,25.475138643849704,19.620419577686313,16.04053278210474,27.28895186151604,13.921208298360863,22.813537446707954,22.783495385903805,13.936429641963155,27.296060414676838,16.014601210647047,19.652381287162946,25.45291453813914,13.075658031460542,25.923538095241177,18.94330794738351,16.612315592857215,27.104576766111073,13.627217499287571,23.440859000312038,22.13232102607833,14.290211501335953,27.41420305351538,15.482817646456088,20.335459798881562,24.95552573233922,13.141979196777228,26.32100293956583,18.278139316066863,17.21703887916581,26.8586283192561,13.3930568080579,24.03960981090256,21.46436317573825,14.69785124775295,27.467983240929883,14.994149025626868
-8.603566141580846,-4.433995789499463,-2.5805862901637004,-9.542628977811534,-0.9065532277964179,-6.956207430887709,-6.477464244272708,-1.1491169649575363,-9.655909202314389,-2.1673468910917366,-4.943330044035439,-8.249408041148353,-0.49226376354687057,-8.873624945936916,-4.0028425594079495,-2.9601321564711602,-9.401932688343537,-0.7389899245421079,-7.349365946842371,-6.052668287639135,-1.3959848207166763,-9.708757320116298,-1.8408544801539053,-5.382397515121488,-7.914371649684784,-0.5579848213343679,-9.109641538591012,-3.581522911045907,-3.3589042939401983,-9.222435214274643,-0.6106608439480015,-7.722212709094001,-5.619241172764081,-1.6761687180179665,-9.720040390534093,-1.543670744439555,-5.818871597594133,-7.553933958006328,-0.6645705877878365,-9.309489892460876,-3.17383207326848,-3.7733105807018585,-9.00575346095368,-0.5227219687258158,-8.071389130412934,-5.181087192028341,-1.9871447726421811,-9.689656776165885,-1.278472701964387,-6.248820552122567,-7.171341772981014,-0.8110609430126781,-9.471369782367828,-2.783442507204522,-4.199618063158091,-8.753839288080915,-0.4759654483944021,-8.393749844959043,-4.742153217212132,-2.3261117259716793,-9.617880171273068,-1.0476492450267942,-6.668371417441445,-6.770041468178012,-0.9961363083343189,-9.59382300138604,-2.413870824888699,-4.633986582263886,-8.468961927441876,-0.4708124636316909,-8.686391041599132,-4.306393146248552,-2.690016178604857,-9.505357136354464,-0.8532796211709526,-7.073744897815521,-6.353647939086486,-1.2181295330050164,-9.675746496306312,-2.068446111774767,-5.072503365510576,-8.153687541766887,-0.5073094322977054,-8.94667662130955,-3.8777322866837904,-3.075580095243591,-9.353101273957794,-0.6971147034166458,-7.46128940676924,-5.925912040295867,-1.4750409118242418,-9.716402303890952,-1.750279938480337,-5.511218273008689,-7.81085610885064,-0.5851275913044782,-9.172261943040402,-3.4600319966805637,-3.4793303330908545,-9.162484098192516,-0.580561218472007,-7.827513960417498,-5.490686797962784,-1.7645561983952716,-9.715424198413993,-1.4622383318956578,-5.946179380174089,-7.443555839156823,-0.7035659580996336,-9.361114944138867,-3.057054902073097,-3.8976299277688344,-8.935222680191162,-0.5046690750012539,-8.16911962409429,-5.05189270192111,-2.08406745175487,-9.672820990606523,-1.2069159581395583,-6.373468576491389,-7.055095357354351,-0.8615576450860347,-9.511534445080425,-2.672431002799395,-4.326710854932665,-8.67336418080773,-0.47012190609364973,-8.483029229011006
-8.545816319410491,-4.502994350078779,-2.705925585345664,-9.456333121939373,-1.082780495936703,-6.948534723325747,-6.484344576840069,-1.3179706768791224,-9.56616980573159,-2.30524801425549,-4.9968456441199836,-8.20242406837663,-0.6810847799992921,-8.80766576073654,-4.08494750026554,-3.0739338540899173,-9.319913778449767,-0.9203108536359892,-7.3297418385715485,-6.072461749367401,-1.5573341379816945,-9.61741142384717,-1.9886804592553347,-5.422566154445349,-7.877572256424738,-0.7448080209654435,-9.03650782007066,-3.6764353067588615,-3.46058394558254,-9.145872745362743,-0.7958827753158779,-7.691254645490044,-5.652210137292736,-1.8290008853474493,-9.628351506665009,-1.7005306418348667,-5.845772111093485,-7.528091303845182,-0.8481537477070606,-9.23028109821107,-3.281137629424058,-3.862392932811379,-8.935777776646836,-0.7106171036312414,-8.029816652622538,-5.227375348647342,-2.1305237568690405,-9.598891506400431,-1.443394202871275,-6.26265129342724,-7.157129319682269,-0.9901910264647036,-9.387240093993965,-2.9026152923459954,-4.275741338098321,-8.691521398536405,-0.6652819080010755,-8.342378108304874,-4.801784276515115,-2.459186647786293,-9.52929679743962,-1.2195874160932174,-6.66944847211415,-6.768027913167513,-1.1696403916806979,-9.505970927691273,-2.544278008082774,-4.696905737195313,-8.415303861738678,-0.6602855658729432,-8.626123472696555,-4.379270626548832,-2.812028977238448,-9.420194285858848,-1.0311263231887935,-7.062499236067008,-6.364292092651031,-1.3848853713687053,-9.585404077176996,-2.2093536631247845,-5.122092299725769,-8.10961332167185,-0.6956730840769048,-8.878496780039416,-3.963640383117168,-3.185872357046285,-9.2725667622821,-0.8797085733909427,-7.438263001297604,-5.949558692640322,-1.6339870482220995,-9.624824012135534,-1.90085924123529,-5.547470963841924,-7.777203425271036,-0.7711256934059385,-9.097224662684924,-3.558637525166035,-3.5773492224928676,-9.087744048946387,-0.7666981311277148,-7.793354904341954,-5.527563613355096,-1.9147015252958468,-9.62387563952717,-1.6215736465934238,-5.969209937253256,-7.421068506257528,-0.8859637200750914,-9.280336829489826,-3.167910300620399,-3.982933167198947,-8.867391020721614,-0.6931129894907428,-8.124576292960873,-5.102108167902594,-2.224500138931443,-9.582567502250612,-1.3740126715476837,-6.3835102138434685,-7.044416612312567,-1.0391527081926704,-9.426183814112328,-2.7949783631277185,-4.398970708835155,-8.613492607990647,-0.6596160001982732,-8.428943539458592
-8.476120825784129,-4.563807064473515,-2.8247503086676153,-9.357244813795685,-1.2540027174873525,-6.930401816523993,-6.481196407100311,-1.4816006152939347,-9.463535808738518,-2.437007195783591,-5.041716116213887,-8.143813779013708,-0.8652743269613582,-8.729517384045325,-4.159255378595732,-3.1808787320822707,-9.225229286302255,-1.0967778329413345,-7.299303008364553,-6.082609759903671,-1.713237073671381,-9.513123272452273,-2.1306589046130315,-5.4536937456155155,-7.829448658826096,-0.9269404884788303,-8.95097208689674,-3.7639305563692536,-3.5550471929330576,-9.05680655239403,-0.9763664750339073,-7.649145652964374,-5.675924484715938,-1.9761340209701088,-9.523710193390862,-1.8518109848765145,-5.863237994811534,-7.4912494627039505,-1.0269500639612512,-9.138490080118764,-3.3813936663991213,-3.943885198187473,-8.853493756647737,-0.8938533039791986,-7.9767783831734524,-5.264803984602596,-2.2679232930559166,-9.495201205036281,-1.6029752863661595,-6.266659707224428,-7.1322626741257835,-1.164402171552943,-9.290382209878913,-3.0150905841590805,-4.3438901122023275,-8.617122331782028,-0.849981594791639,-8.279249897773298,-4.852951614939856,-2.585976465004086,-9.427853115101271,-1.3863933101058374,-6.660324877818673,-6.755722030288173,-1.3380586487163533,-9.405280238555317,-2.668320951697273,-4.751458708311854,-8.349821501192228,-0.8451465418972995,-8.553835546668731,-4.444077323753121,-2.9274285278355223,-9.322272592216766,-1.20401601700839,-7.040687388058174,-6.365019392743694,-1.546355205545845,-9.482149169760962,-2.344208454605624,-5.1629196265345865,-8.053999098999329,-0.8793916992399241,-8.798061874415772,-4.041864232667298,-3.2892036963915694,-9.179410701087537,-1.0574862537057679,-7.404320949185915,-5.963674193661071,-1.7874155158221785,-9.5202965715457,-2.0456726839975157,-5.574566445022776,-7.732319880386664,-0.9524085879488732,-9.009728900999635,-3.649935459510299,-3.6680431158712703,-9.00055433534319,-0.9481239538587362,-7.747949966082749,-5.5553017329351135,-2.059068118876643,-9.51937881379265,-1.7754028369595054,-5.982691067347144,-7.38768151760214,-1.0635394751033576,-9.186929939157801,-3.2718214814264983,-4.0605342174526085,-8.787314625257032,-0.8769142482525533,-8.068479043683567,-5.143580611724449,-2.358865980013191,-9.479404163623254,-1.5358334923823498,-6.383617124866965,-7.023188497854312,-1.2117832985613393,-9.328068769735243,-2.91092833249419,-4.463141458561034,-8.541612424755117,-0.8444985907822152,-8.36302087015981
-10.893621262248594,-7.954227585211281,-6.647642085199529,-11.555626008560004,-5.467510373015442,-9.732293986500249,-9.39479765550337,-5.6385088824743415,-11.635484398638695,-6.356323514179738,-8.31328949348061,-10.64395283284719,-5.175451544683068,-11.084002782386811,-7.650280422470023,-6.915207955388741,-11.45644030146709,-5.349384409786799,-10.009456273807292,-9.095332136631278,-5.812541637172903,-11.67274037711924,-6.126158377900825,-8.62281590491503,-10.407764504677166,-5.221782472187947,-11.250385795873328,-7.3532655730170635,-7.19632763930774,-11.329901186937246,-5.258917129893073,-10.272299522133633,-8.789781968786215,-6.010060975280239,-11.68069452659823,-5.916654779228833,-8.930514072801875,-10.153669194507687,-5.296921515667356,-11.39127153184326,-7.0658585335481625,-7.488468823212618,-11.177148523746643,-5.196923458611131,-10.518456051063055,-8.480899534436485,-6.229287651289227,-11.659275196447137,-5.729699917362776,-9.233612265583014,-9.883955781713027,-5.40019182592364,-11.505390897785718,-6.790648254029333,-7.788999912172426,-10.999558301164441,-5.163961832204271,-10.745708493413396,-8.171467232960248,-6.4682468809479765,-11.608675331049534,-5.566977873472674,-9.529380188073695,-9.601053832848617,-5.530663148545705,-11.591715911473354,-6.530113816549726,-8.095213735360774,-10.798730244102046,-5.1603291675529075,-10.95200976918276,-7.864272416914926,-6.724786130029535,-11.529350731766616,-5.429954440570341,-9.815153575841421,-9.307511716222642,-5.687160203599936,-11.64946896098102,-6.286602103859069,-8.404351932131247,-10.57647340286125,-5.186058187540389,-11.135501525555902,-7.562082283687153,-6.99659450426548,-11.42201595109857,-5.319863919710579,-10.088358194782662,-9.0059736463063,-5.868273272499997,-11.678129809379818,-6.062306658751168,-8.713629799208904,-10.334789857289072,-5.240917126286681,-11.294530876864748,-7.267618948701273,-7.281223565779729,-11.287637856027104,-5.237698001461491,-10.346533029710713,-8.69915586476622,-6.0723708966899155,-11.677440281008387,-5.859247924726922,-9.020261375174737,-10.07585668213035,-5.324411816885324,-11.427665293709698,-6.983534924722934,-7.5761093885096304,-11.127426918520253,-5.184196832799503,-10.587352453071793,-8.38982217267913,-6.2976145737509475,-11.647406587107941,-5.679255045928222,-9.321484536284002,-9.802006336034363,-5.435790142836933,-11.533705507121619,-6.712389228140984,-7.878595653938174,-10.942826311653912,-5.159842349897958,-10.808647174095718
-10.812157921824488,-7.981554263276374,-6.723326852150242,-11.4496611836448,-5.586873042586401,-9.69381257693748,-9.368807336322954,-5.751542719282616,-11.526563931612314,-6.442790284567104,-8.327326916709053,-10.571729980780574,-5.3056236153840715,-10.99549322380634,-7.688856501291699,-6.9809898310757355,-11.354146442776246,-5.473119044169443,-9.960716799597996,-9.080425347904603,-5.919134340644978,-11.56244102756365,-6.221143799473625,-8.625397433587427,-10.344283228395135,-5.350239787053672,-11.155718228838634,-7.402834480467304,-7.251704982981843,-11.232290672541808,-5.386000052437725,-10.213831945809751,-8.786183909702977,-6.1093432825258605,-11.570100785693961,-6.019394146981464,-8.92170737211425,-10.099592250046639,-5.4225978563501265,-11.291389637125695,-7.126064674582325,-7.533033717691244,-11.085191544358308,-5.326300831435671,-10.450877965472358,-8.488733535647315,-6.320456151145706,-11.54947420723903,-5.839358679083606,-9.2135875854004,-9.83986121130209,-5.522046024968856,-11.401285326590978,-6.861040213870675,-7.822441838339618,-10.914174120700302,-5.294559149119406,-10.66971955847028,-8.19075364561965,-6.550571251072591,-11.500747095510036,-5.682659147353648,-9.498408829326845,-9.567429757930684,-5.647688468182474,-11.48441536169901,-6.610148427013848,-8.11732236930973,-10.720778918995679,-5.291060933166655,-10.868385409362528,-7.894928429358945,-6.79761571561106,-11.424358382185524,-5.550707094278844,-9.77360544665996,-9.284751940477895,-5.798393404390611,-11.540030910751112,-6.375649336189023,-8.415019039752814,-10.506748034712206,-5.315837695352804,-11.0450859449052,-7.603922667397236,-7.0593641790941,-11.320996173434139,-5.444691138147647,-10.03669847837893,-8.994374108285975,-5.972803290158655,-11.567630991328446,-6.159655298888777,-8.712850211159685,-10.274009448638559,-5.368666247694196,-11.19822945444866,-7.320357726834587,-7.333458822879074,-11.191591551484551,-5.365566266028355,-10.285317994029851,-8.698911972091164,-6.169347048909358,-11.56696698311951,-5.964111979897728,-9.008133033442302,-10.024659659717972,-5.44907071291577,-11.326436427996967,-7.046787948179196,-7.61743061447473,-11.037310187477742,-5.314045231287657,-10.517224439954571,-8.401027041816546,-6.386254223111493,-11.538044867481021,-5.790780824829813,-9.298207611929765,-9.760944799878144,-5.556326811132378,-11.4285519827734,-6.7856776359606465,-7.908721548476328,-10.859541841152405,-5.2905921331396595,-10.730328813091505
-10.686915861207305,-7.977891025829969,-6.773706436087171,-11.297037367865398,-5.686065082600486,-9.616605185716443,-9.305559424931925,-5.843661940944269,-11.370637023374787,-6.505219349765786,-8.30881220679951,-10.45681467362505,-5.416895755087652,-10.862376627242275,-7.697765087293395,-7.020302389907317,-11.205625133455209,-5.577196995079862,-9.872045457501187,-9.02956389078444,-6.004055241892896,-11.404973142336507,-6.293092925432571,-8.594080132063004,-10.2391371124881,-5.459595592893417,-11.01571971947285,-7.424028156466585,-7.279389905608035,-11.089003257799028,-5.49381989934216,-10.11428891508561,-8.747960579321822,-6.186094414318208,-11.412303901959223,-6.100008733839903,-8.877663098549391,-10.004955991674155,-5.528845770738729,-11.145563830071076,-7.159146043578498,-7.548635134247345,-10.9482222656216,-5.436684852597326,-10.34115344006214,-8.4632861607837,-6.388139657364442,-11.3925632670828,-5.9277060688902505,-9.157006603373727,-9.756380804415958,-5.62402248606846,-11.250739329001602,-6.905504795047574,-7.825612726651949,-10.78455030590633,-5.406306524832595,-10.550595446771407,-8.17810496980693,-6.608370956371884,-11.34592906047764,-5.777737025408482,-9.429594332535205,-9.495650705063358,-5.744268391218517,-11.330298799997609,-6.665389200080823,-8.10782768085611,-10.599461728465092,-5.402958562687878,-10.740728290832141,-7.894985906012538,-6.844804477488889,-11.27282136102502,-5.651452517939845,-9.692970827762952,-9.225114338879667,-5.888500316365963,-11.383525574844839,-6.440962209393014,-8.392737816969309,-10.394623803059774,-5.42667112445887,-10.90983926395054,-7.616479293470204,-7.095310437959922,-11.173898719664987,-5.549990111771331,-9.944763605176018,-8.94720868554831,-6.055419026675024,-11.409940189097393,-6.234245451441844,-8.677776677021013,-10.171881700709948,-5.477230608432429,-11.056405021921359,-7.3450939074919575,-7.357632291114829,-11.050052227198478,-5.474263775793527,-10.182704526514078,-8.664437106967105,-6.243520925747381,-11.40930470107226,-6.047101021687742,-8.960376643501034,-9.933241872473294,-5.554181577001516,-11.179105306845416,-7.083274375694183,-7.629407053242359,-10.90239748738064,-5.424955649509086,-10.40465023042672,-8.379346797074513,-6.451111599952368,-11.3816248352176,-5.88121470891993,-9.237992068345505,-9.680853975422888,-5.656830859226883,-11.276834839954825,-6.833379156899757,-7.908186589242586,-10.732264567611043,-5.402509898350107,-10.608601439778152
-10.584172228984999,-7.994065975360613,-6.842741707055593,-11.16751111507747,-5.802844754256354,-9.560845186092205,-9.263453460608405,-5.953523553142645,-11.237879952420712,-6.58604044975555,-8.310460645905074,-10.364171837279404,-5.545491204237034,-10.751930760187095,-7.726236778768948,-7.0785127910881505,-11.080111621019075,-5.698755670012866,-9.80507234737071,-8.999573355253728,-6.106876038657468,-11.27070881219584,-6.38322577967597,-8.58320611044804,-10.156049709710949,-5.586316639089149,-10.898542521345492,-7.464516130392644,-7.3262270925183035,-10.968609118162025,-5.619038594606585,-10.036681997527946,-8.73033163825815,-6.280924202685367,-11.277717772060164,-6.1986174418013125,-8.854340581171872,-9.932148482383704,-5.652526928621899,-11.02268684016637,-7.211261598317041,-7.583653211817822,-10.834008016146138,-5.564411615945349,-10.253587807025774,-8.458153627162222,-6.474100227022633,-11.25884369561161,-6.033878379916676,-9.121421690693737,-9.694485047702187,-5.743525653460326,-11.123245430087927,-6.968754488224218,-7.848472265830321,-10.677520795776141,-5.535366811449447,-10.453835897875688,-8.18549108951439,-6.684663990541451,-11.214256599700395,-5.890492556243306,-9.382043584130189,-9.445200267429138,-5.858493101094855,-11.199312463756558,-6.7391792934920165,-8.118298776168938,-10.50055708704801,-5.532165815439854,-10.635622444085959,-7.914800157457288,-6.910718744124502,-11.144358122924729,-5.7697515839720666,-9.63385859093209,-9.186539687897168,-5.99639364981561,-11.250202732679792,-6.524604017373653,-8.390702157500428,-10.304710971263743,-5.554837462347788,-10.797309920446603,-7.648519202996725,-7.1502281964975465,-11.049777907687988,-5.6727430924687985,-9.874598372597543,-8.920833312226065,-6.155985097547093,-11.275457819554285,-6.326961544515442,-8.663228612151057,-10.091746621617473,-5.603177526975397,-10.937441853284547,-7.3890468732546415,-7.401034857051555,-10.931367928407651,-5.600340929956748,-10.102094355765605,-8.65047461175723,-6.335829851549903,-11.274850227668635,-6.148032229616949,-8.933423233807964,-9.863582411600731,-5.676750564147455,-11.054755940314326,-7.138720483560998,-7.6608794704235645,-10.790194816967277,-5.553197291930247,-10.314297266629332,-8.377898965769228,-6.534307878192853,-11.248385430183804,-5.989427860074227,-9.198852121207626,-9.622273634378573,-5.77489383118212,-11.148195421401702,-6.899794963020276,-7.927421367768746,-10.6275302545432,-5.5317368462064,-10.50929559070406
-9.248959593534497,-6.7669597653305145,-5.663689722975511,-9.807950952688286,-4.667196218284003,-8.26834440019937,-7.983365276069924,-4.811585952267477,-9.875382719996072,-5.41770271930456,-7.070148685413287,-9.038141626644526,-4.420584147430995,-9.409716182203674,-6.510309282749608,-5.889620141561782,-9.724199357967217,-4.567451627169744,-8.502377954416604,-7.730499056685963,-4.958537777957961,-9.906841361589628,-5.2233531726053215,-7.331510239670678,-8.838706146286327,-4.459705601289311,-9.55020862937592,-6.259512388452921,-6.126995288906787,-9.617350771138684,-4.491061800618635,-8.724320629971414,-7.4724950097889415,-5.125321481372435,-9.913557779943044,-5.046450058206537,-7.591328040123862,-8.624150157711247,-4.523152391171257,-9.66917138526856,-6.016828249829672,-6.37367690012739,-9.488367679571681,-4.438714854827215,-8.932173177007549,-7.211677224481605,-5.31043468224877,-9.895471473855304,-4.888586911579252,-7.847261659457893,-8.396406371824293,-4.61035299118514,-9.765532838610671,-5.784442954922802,-6.627442878123242,-9.33841195728,-4.410882328780003,-9.124063268926434,-6.95039513589833,-5.512209889018137,-9.852745363975876,-4.751185757002602,-8.097005658890467,-8.157526294628315,-4.7205219021626945,-9.83842496967029,-5.5644498202443,-6.886007310129919,-9.168834398812292,-4.407814936647046,-9.298262368222968,-6.691002361597288,-5.728829519495733,-9.785764325222674,-4.635484298031546,-8.338310355463019,-7.909661747348398,-4.85266672740112,-9.887191169337958,-5.3588305342720135,-7.147041059120276,-8.981162551354,-4.429540309361719,-9.453201297075132,-6.435835500276335,-5.958342273581125,-9.695131719845733,-4.542524768317845,-8.569002087085767,-7.6550454829208086,-5.005597112128807,-9.911392153832727,-5.169437306487071,-7.408192744568463,-8.777086954649823,-4.475862745722468,-9.587484372428886,-6.187193083795403,-6.19868071048362,-9.581663962366601,-4.473144543215092,-8.787002792790448,-7.395971073452811,-5.177935466168817,-9.910809921751055,-4.997976182752367,-7.667109923582132,-8.558445912695884,-4.5463649752607225,-9.699901978249642,-5.947314872102298,-6.447679872138316,-9.446383165352302,-4.427968596738399,-8.990348731811734,-7.134772249826128,-5.368129373210557,-9.885449717813904,-4.845991677326543,-7.921460281604884,-8.327208934378326,-4.640411916994697,-9.78944146169045,-5.71836167757377,-6.703096785052285,-9.290507932270076,-4.407403871825961,-9.177208172877632
-9.082187752637605,-6.732605073097697,-5.688195580028412,-9.6113563692328,-4.744865990601557,-8.153889350932586,-7.884114145279359,-4.881552389293389,-9.675190584979617,-5.455332226594817,-7.019618564057675,-8.882617133046175,-4.511410917939048,-9.234367818110186,-6.489647147913628,-5.902072387052861,-9.532073005026097,-4.650442872196494,-8.375436983277861,-7.644738589103265,-5.020664189562518,-9.704970876891869,-5.271351420668896,-7.2670362205790955,-8.693821733058405,-4.548445203493545,-9.3673648541015,-6.25223051628223,-6.126783335223492,-9.43092489611293,-4.578128518537805,-8.58553879731049,-7.400499313599729,-5.178549817240315,-9.711328967675119,-5.103886262603667,-7.512992484090483,-8.490712518940384,-4.6085070443063625,-9.479980829163008,-6.0224938167753415,-6.360304238206122,-9.308823180208044,-4.528574334141534,-8.782302205133828,-7.153596415416405,-5.353787045539383,-9.694207583927337,-4.9544452711747775,-7.75527179139178,-8.27511908955645,-4.69105540595809,-9.57120130354626,-5.802506507474012,-6.600531549981164,-9.166867744196034,-4.502226700920426,-8.96395477062743,-6.906253984996696,-5.544797345217343,-9.653760954320006,-4.824374604257895,-7.991691701142705,-8.048983501032671,-4.795346696438938,-9.640204567231564,-5.594250224381386,-6.845301313493828,-9.006337316398742,-4.499322957195283,-9.128860175473797,-6.660700072071347,-5.7498601038988335,-9.590353420313045,-4.71484593269767,-8.220122553198312,-7.8143427728009085,-4.920441464392932,-9.686369041855661,-5.3996009309326265,-7.092408653483823,-8.828677947846593,-4.519889259761823,-9.275532959041609,-6.419146615483839,-5.967128125276077,-9.504556154182962,-4.626845885948456,-8.438506652493798,-7.573310538217267,-5.065212861654294,-9.709278879862325,-5.220312019398872,-7.339627637904836,-8.635489986314834,-4.563740348271392,-9.40265189934985,-6.1837695181432295,-6.194644268571873,-9.39714201392812,-4.561167164559516,-8.644876804671382,-7.328058005045857,-5.228356793846195,-9.708727710438772,-5.057998516406801,-7.584731329022355,-8.42851366046099,-4.630481214048121,-9.50907191457722,-5.956689046586159,-6.430359078377955,-9.269078581397926,-4.518401399563364,-8.837374036480186,-7.0807943973148495,-5.408403667605515,-9.684720498494906,-4.914122534849881,-7.8255118435711735,-8.209613403921798,-4.7195106583095034,-9.593834377908939,-5.73995073170931,-6.672149246058375,-9.121519446357912,-4.498933823089465,-9.014264341325468
-9.0211563956627,-6.785002982207487,-5.791013763054221,-9.524778685100255,-4.893224679154764,-8.1376728486678,-7.880921404149503,-5.023312357987794,-9.58553121816942,-5.569392201411143,-7.058160510608883,-8.831220316327906,-4.671039964324923,-9.165989763660198,-6.553774177851158,-5.994565379369455,-9.449322832005635,-4.803359963871829,-8.348524970887572,-7.653102025115891,-5.1557083488727065,-9.613873826409243,-5.394293316505315,-7.29363374677004,-8.651539268368374,-4.706286369900989,-9.292566188742477,-6.327819153643392,-6.208428104085706,-9.35305778418233,-4.734536682961643,-8.548483837078308,-7.420653729351296,-5.305971835381025,-9.619924971802776,-5.234912764331807,-7.527716140635566,-8.458235424920247,-4.763448644513214,-9.399745476041568,-6.1091733025006425,-6.430675471188362,-9.236850692945636,-4.687374793510529,-8.735748226571255,-7.185670400876668,-5.472749250637646,-9.603630145898553,-5.092686237892107,-7.7582990883007446,-8.25305005850028,-4.8420118729069435,-9.486562159253182,-5.89980617662988,-6.659305486173032,-9.101748346660491,-4.662299127743627,-8.908631269985142,-6.950268759175918,-5.654538271023859,-9.565136131771371,-4.968894907478682,-7.983305508718276,-8.03783146986131,-4.94126836097744,-9.552234197514741,-5.701603745889174,-6.892258659924146,-8.948967741317999,-4.659535566154873,-9.065575644471519,-6.716569291880378,-5.8497013490424425,-9.504789681806816,-4.864653879949244,-8.20070855395295,-7.81451833858056,-5.060324010647316,-9.596170019995036,-5.516351409054054,-7.127436560502078,-8.779885117888899,-4.679109002785469,-9.20516760201028,-6.4866771535088805,-6.056480464273459,-9.423134394171022,-4.780902153893362,-8.408549866938612,-7.5851222595191965,-5.198106373862586,-9.617973854738294,-5.345717911023935,-7.362720715725859,-8.596023565205725,-4.720843120979429,-9.326149704389731,-6.262663202329069,-6.273012959544783,-9.320905816102316,-4.718394161174412,-8.604957222272684,-7.351709622464356,-5.3533743131576035,-9.617449293760465,-5.191240310841478,-7.5959916962772835,-8.399039300045443,-4.784361981636342,-9.427432150154624,-6.046545346156927,-6.497348319666281,-9.19902481813409,-4.677692971040556,-8.788161391139909,-7.116382998180925,-5.524729181766731,-9.594601062283747,-5.054310135932405,-7.825148207427287,-8.190706748001697,-4.869093409654059,-9.508102591489855,-5.840270365132083,-6.727465741584097,-9.058589298933361,-4.659165218021736,-8.956512078447654
-8.892980258735996,-6.780616917807043,-5.841653439190594,-9.368722779567253,-4.993564601768177,-8.058405025321095,-7.815866952634488,-5.116450823357434,-9.426112144246657,-5.632300512169856,-7.038652858374421,-8.7135587536226,-4.783679696869765,-9.029795870428961,-6.562188590506177,-6.0339367457401005,-9.297444048431666,-4.908674661272825,-8.257584692804603,-7.60065931002458,-5.241517572332909,-9.452885748540472,-5.466894836831553,-7.2610906521518,-8.543824576850291,-4.816974914715911,-9.14936521596707,-6.348742094857341,-6.2359603533170755,-9.206508088129857,-4.84366133315215,-8.446474138445266,-7.381079000516278,-5.383462699384767,-9.45860191167267,-5.316337351087261,-7.482214598560468,-8.36122174195375,-4.870972772219078,-9.250611219946585,-6.142200147502081,-6.445904442153195,-9.096734045791193,-4.799110254605378,-8.623371854427605,-7.159103993876505,-5.541007569053892,-9.443209142697256,-5.181984270144276,-7.700032822820249,-8.167395127235533,-4.945186859054703,-9.332621862818305,-5.944423269214605,-6.661877845133368,-8.969110761159186,-4.775422739787892,-8.786684353909223,-6.936733831198435,-5.71273302408601,-9.406846098999901,-5.0650458406444425,-7.912583227950652,-7.964090714312911,-5.038948657993847,-9.394658396319578,-5.757193025412701,-6.881935083346091,-8.82478785916663,-4.772812164790954,-8.93494052508032,-6.715971613123719,-5.897092169137831,-9.34984033727832,-4.966575438815565,-8.117951169254132,-7.753139860392459,-5.151413566877061,-9.436161998086119,-5.582195977894715,-7.104093890871667,-8.66506539416462,-4.791302045559279,-9.066804882873987,-6.498805955999432,-6.092424305142224,-9.272705362925938,-4.887460081704798,-8.314286701351222,-7.536442801484801,-5.2815685067533815,-9.45675880549933,-5.4210084923651065,-7.326353070946526,-8.491382139090408,-4.8307258260604105,-9.181089598957035,-6.287193078510085,-6.296969888812294,-9.17613600439791,-4.828412436968053,-8.499821242407348,-7.315951535162265,-5.428241047651008,-9.456263283424244,-5.275082538601543,-7.546710522655529,-8.305302625063925,-4.890728378614224,-9.2767652016353,-6.0830391801454855,-6.5088863825301955,-9.061002154227001,-4.789964403191116,-8.67288350543988,-7.093652237050698,-5.590109969774883,-9.4346798955019,-5.14573261117506,-7.76318127576924,-8.108503048160388,-4.970769202867256,-9.352969849289504,-5.888183270239721,-6.726264851844243,-8.928340933069741,-4.772462318570605,-8.831914553197729
-8.778227755180604,-6.787887068560672,-5.903163698044956,-9.226488562030797,-5.1040655096396845,-7.991862544742656,-7.763334911844877,-5.219853093108413,-9.280562776105377,-5.705904239674928,-7.031017320430901,-8.60917070199167,-4.906304803594221,-8.907140084438101,-6.5820764589398575,-6.08433957861813,-9.159327313811344,-5.024079316365596,-8.179536411476924,-7.560558941035947,-5.337695243748889,-9.305789777976186,-5.5500533786772674,-7.240605785927747,-8.449241379514744,-4.937676691879271,-9.019802394319107,-6.380959900782067,-6.274693102572661,-9.07364435474903,-4.962821544265534,-8.357514480707364,-7.353662894542936,-5.471440777088103,-9.311175741571049,-5.408192987642323,-7.4489562996843395,-8.27718676904849,-4.988555312378146,-9.115199827693184,-6.186349043194421,-6.472509573740028,-8.970211513169183,-4.920844000655331,-8.524193533817114,-7.144510482849605,-5.619884919246334,-9.29667215036688,-5.281600938730905,-7.6541920494398195,-8.094556730953897,-5.058482352715974,-9.192473048677819,-5.999996932219456,-6.676007070051512,-8.84996050755788,-4.89852481740089,-8.678072133229332,-6.934985741678035,-5.78169049192231,-9.262409652075107,-5.17141756754979,-7.854464280590427,-7.902996388578648,-5.146827913190049,-9.250925983498277,-5.823582219473676,-6.883352495013953,-8.713974553682862,-4.896065044722961,-8.817764147290964,-6.7269760606781075,-5.955399957636544,-9.208696881772848,-5.07863540105866,-8.047968949689604,-7.704231309058545,-5.252796180878705,-9.290032090689518,-5.658694040927538,-7.092678090162118,-8.563478607033396,-4.913486840145599,-8.942011236485536,-6.522355181904033,-6.139448549164814,-9.136017681731715,-5.004090216931021,-8.232962975191942,-7.500051959484568,-5.375432598289021,-9.309439104158592,-5.506817702038579,-7.302098259744893,-8.399828328475367,-4.950633268902155,-9.04969418850025,-6.32296632122889,-6.332178364892407,-9.045026742987913,-4.948453514905629,-8.407779939055255,-7.292297578454125,-5.513632461968765,-9.308972206382034,-5.369321298185199,-7.509726556088759,-8.224497872517682,-5.007169717596812,-9.13984300004121,-6.130605564736856,-6.531853303119222,-8.936543707914229,-4.912226467946407,-8.570845097760712,-7.082839608290749,-5.666150873626477,-9.28863560315446,-5.247443390923731,-7.7136926726357355,-8.039066608193412,-5.0825869083871735,-9.211645614580524,-5.947005689658909,-6.736674700786842,-8.811545786917426,-4.895735407698434,-8.720689567533153
-8.73346482285605,-6.85327960729744,-6.017521280953946,-9.156916620540699,-5.262649208187961,-7.990621020971094,-7.774741257466537,-5.372028524024021,-9.207998095450723,-5.831179153824809,-7.08295380734495,-8.57376423786146,-5.075833574952545,-8.855242494991563,-6.658859592666018,-6.188669976430794,-9.093472413822942,-5.18708985342335,-8.167908071350258,-7.583187929461692,-5.483348696943826,-9.231828908069499,-5.683953863878336,-7.280942592294125,-8.422686209021041,-5.105469185043942,-8.961669505609871,-6.46887383706431,-6.36848837831283,-9.012531580960875,-5.129222394744106,-8.336035938458789,-7.387742551497628,-5.609692079321463,-9.236916785331253,-5.549944740872251,-7.4777619399830115,-8.260153966655682,-5.15353192661029,-9.051787164881953,-6.285033723819744,-6.555356690347635,-8.914823233415659,-5.089568099671938,-8.493490133867148,-7.190165686939807,-5.749920575527391,-9.223215895861474,-5.430358933090403,-7.671638910387339,-8.087631594053486,-5.219588852590249,-9.124783696898104,-6.108995276583713,-6.747591611002255,-8.801227523682973,-5.068484172352134,-8.638852317110787,-6.992237099491019,-5.902771013437601,-9.190849656669682,-5.326273664227738,-7.860827068287973,-7.906673165156098,-5.303044925100972,-9.180001552109655,-5.9423442419435455,-6.943461496569511,-8.67276771691811,-5.066160535874335,-8.77081307203879,-6.79573972115862,-6.066866523032566,-9.14010962141446,-5.238626529806558,-8.043622215082513,-7.718908745529182,-5.403148375513235,-9.216943330506341,-5.7865818050869064,-7.141201959738137,-8.530600973408307,-5.082618121453696,-8.888183701976796,-6.602443591680917,-6.2407289391817855,-9.071452854100905,-5.168207051357417,-8.218377740131269,-7.526029708803409,-5.518997476350101,-9.235276262173768,-5.643111067191711,-7.339031763116166,-8.376007924924034,-5.117708679883412,-8.98990693745444,-6.4140899140875955,-6.422792116890192,-8.985497811868195,-5.115649564443842,-8.383519453353658,-7.3297735008552465,-5.649548664008403,-9.234835204870079,-5.5132244063524425,-7.535168864538894,-8.2103811388442,-5.171116116957114,-9.075066460042173,-6.232375370019162,-6.611416039063635,-8.883018773954914,-5.081427504595511,-8.537559765462932,-7.131907988971,-5.79362593913375,-9.215624131620052,-5.398091835895174,-7.727846469626591,-8.035212573970558,-5.242359340831419,-9.14289515650747,-6.058936836093497,-6.804901589710095,-8.76493886702558,-5.065849142621822,-8.679111088104994
-8.58038916232043,-6.824494256092668,-6.043984029802021,-8.975848529001258,-5.339013042659363,-7.88665131295375,-7.685042357645225,-5.441161800097684,-9.023553244927589,-5.869960114958883,-7.038985761832724,-8.431245641036925,-5.164546922998741,-8.694116678325544,-6.6429264453604615,-6.2038188801712915,-8.916598324030215,-5.268448565792323,-8.052218740101308,-7.50615173020523,-5.545123113575094,-9.045808713241195,-5.732467204927617,-7.223886428057352,-8.290154678780313,-5.192223460592924,-8.79350829372776,-6.465499765394912,-6.371750322934432,-8.841008113580598,-5.21440645595633,-8.209232455031035,-7.323626338146501,-5.663114521930344,-9.050560254575263,-5.607316802442123,-7.407694963085805,-8.138366687839047,-5.237108997612009,-8.877668693228618,-6.2938124679227005,-6.546265639043758,-8.749758810942291,-5.1773735220990185,-8.356278085107212,-7.139110362169922,-5.794073163748412,-9.037765067254513,-5.495636256821573,-7.588755627721809,-7.977248967757134,-5.298799207113425,-8.945839763652321,-6.1294111045654445,-6.725792802210106,-8.643672385818643,-5.157683355259195,-8.492031049763847,-6.954265914068608,-5.936819369345758,-9.007538409763363,-5.398431581507177,-7.765437435464691,-7.808252859868106,-5.3767383864042335,-8.997407422995911,-5.973776595570905,-6.908714639646625,-8.523704460059577,-5.155513323593415,-8.615268492268259,-6.770758064498341,-6.09006728718296,-8.960152562502568,-5.316578391937295,-7.936148844364015,-7.632900673676299,-5.470224462786605,-9.031907152052906,-5.82831088974844,-7.093383399489922,-8.390935699461869,-5.170882974651448,-8.724880295160592,-6.590239844093868,-6.2524364667587955,-8.896034375099356,-5.25081401804218,-8.099352093559387,-7.452771973959725,-5.578415317797708,-9.04902817878191,-5.694324335775849,-7.278135593676448,-8.246562079179407,-5.203653859292789,-8.819879080143131,-6.4143373530421455,-6.422464293647569,-8.81576142136476,-5.201730862408357,-8.253577055362827,-7.26948935212006,-5.700336372975822,-9.048616277727431,-5.5730238786361275,-7.46130698256971,-8.091884110431499,-5.25353077883049,-8.899409102340524,-6.244635113243146,-6.5986191646657675,-8.720056796534175,-5.169771063942196,-8.397434478104048,-7.084703809950762,-5.834889368820229,-9.03067515927604,-5.465502187510201,-7.641247566357959,-7.928295125555095,-5.3200644441678016,-8.962753958812069,-6.082661795006406,-6.779314284485574,-8.609782603657136,-5.155222515102105,-8.52962850044836
-8.498494793415635,-6.855844105890738,-6.125671898380366,-8.868449508964062,-5.466167122435204,-7.849498688248732,-7.660892247240145,-5.561727925100979,-8.913077569639354,-5.9628714355799035,-7.0565022535523685,-8.358970094695168,-5.302952974257051,-8.6048875972752,-6.685986281214662,-6.275198402454331,-8.813020570941362,-5.400153612156563,-8.00438805382013,-7.493538944309639,-5.658984385299119,-8.933897699703444,-5.8342459566907,-7.229477985425866,-8.22697861540312,-5.3288445486025005,-8.697869076289459,-6.520002510319856,-6.432299319447446,-8.742305455404082,-5.349596879767549,-8.15127536801267,-7.322785296302229,-5.769366087170543,-8.938342796395464,-5.717166970950908,-7.401432021721858,-8.084979998747102,-5.370835249744588,-8.776601657386497,-6.359387967711553,-6.5955594912116355,-8.656941161001637,-5.314952338089105,-8.288837476362923,-7.150169444566316,-5.891878717201416,-8.926372818479988,-5.612689120712782,-7.570815408047068,-7.934253362018268,-5.428546827294953,-8.840376120939887,-6.205589462122747,-6.76350827730279,-8.557696645542112,-5.296532063628373,-8.415835225451351,-6.977246305099449,-6.025418687010768,-8.898095590991423,-5.521753537854433,-7.736102346310069,-7.776156444128505,-5.501459417902224,-8.888617989387914,-6.059992403724925,-6.934632802445322,-8.445465899254213,-5.294501985407233,-8.531124625141896,-6.80557356193374,-6.168783074426097,-8.853765833950828,-5.445179366105209,-7.895803939043344,-7.612113375158179,-5.588916228158261,-8.920892702102151,-5.9239083244141035,-7.107391584445919,-8.32125989176246,-5.308880390280981,-8.633667153594665,-6.636697635586179,-6.320680459353359,-8.793782867859193,-5.383656382235102,-8.048481601326113,-7.443601847854952,-5.69012945096423,-8.936909529890523,-5.79856306358924,-7.280228419797423,-8.186197465317514,-5.339537758211129,-8.722539112225062,-6.472139752971094,-6.479742556832319,-8.718687016635917,-5.3377387825759035,-8.19276001949419,-7.272139806642539,-5.804187362062306,-8.936524193873014,-5.685085725844859,-7.45158640189147,-8.041495256314267,-5.386197928976271,-8.796939946339945,-6.313382244254805,-6.6445365424875,-8.629154740404756,-5.307840190845046,-8.327339539904719,-7.099271774044189,-5.930062532807678,-8.919740165139508,-5.584498510046572,-7.619921945564982,-7.888456735884805,-5.448440589811069,-8.856199456499178,-6.161855190090803,-6.813577959346588,-8.525992541970638,-5.294229932241354,-8.451007876159007
-8.41531114363525,-6.884288322979094,-6.203735652105593,-8.760125239788248,-5.589048141259824,-7.8104181769968815,-7.6346286634381695,-5.678115020026345,-8.801720558777493,-6.051998447321989,-7.071310558171074,-8.285267976570877,-5.436925363476054,-8.514473924803307,-6.72597334595989,-6.34310094246755,-8.708463027193702,-5.527520640936244,-7.954781890577448,-7.47864801104222,-5.768762326328546,-8.821125837391646,-5.932113833391122,-7.232531562082176,-8.162246101948961,-5.461057451622761,-8.601136760274244,-6.571269157766707,-6.489525919420431,-8.642553423602907,-5.480399538675594,-8.091687339679668,-7.319498087205676,-5.871642936205897,-8.82526886337227,-5.822991059846986,-7.392800300696216,-8.029897134360759,-5.500194635317461,-8.674518995039174,-6.421569326920086,-6.641691593214318,-8.5629901398251,-5.448109299293786,-8.219901286041665,-7.158612507440151,-5.985830105651215,-8.81411231652362,-5.725613099832438,-7.550673080267304,-7.8894132674831905,-5.553984368531412,-8.733959605156025,-6.278222342909704,-6.798227262154682,-8.470489878419894,-5.4309407918464565,-8.338268784075785,-6.997440521969401,-6.110295241666174,-8.787756694528833,-5.640857129726841,-7.704727789743208,-7.742059973807987,-5.621942115714468,-8.778923152224154,-6.142519469060517,-6.957722859823065,-8.365885877672206,-5.429048669493307,-8.445723584567746,-6.837433960947364,-6.243917167781815,-8.746439407671238,-5.569486627579756,-7.853576711079121,-7.589164605321294,-5.703455716470052,-8.809004606589887,-6.015683110889454,-7.118741656893192,-8.250120405818299,-5.442449976389244,-8.541297739402534,-6.680034156435582,-6.38549222356683,-8.690532640252954,-5.512144495734352,-7.995879019740718,-7.432104436775292,-5.797790899869015,-8.823932995835847,-5.898855804730331,-7.279833203125618,-8.124236273135178,-5.4710239941513725,-8.624130320798502,-6.526658958947811,-6.533745107147735,-8.62053999797508,-5.469347269591335,-8.130352862792726,-7.272294259257858,-5.904097898729891,-8.823573845688523,-5.79308992581682,-7.439546392959594,-7.989367438351354,-5.514513329284934,-8.693475176506913,-6.378689965514766,-6.6873403630722486,-8.537091971479718,-5.441480464680794,-8.255786905773553,-7.111173635816732,-6.021419104284272,-8.807930391356631,-5.699338208532675,-7.5964425370083575,-7.846728793996598,-5.572526231772453,-8.748707651118663,-6.237460074318942,-6.84489441203276,-8.440940256917887,-5.428795103955268,-8.371051244342812
-8.294630374043617,-6.877940672748006,-6.248210046262302,-8.613694578894691,-5.679425927318195,-7.734909366191192,-7.572247392708875,-5.761841504782283,-8.65218365903062,-6.107804212710986,-7.050996535100347,-8.174298519404763,-5.5386633144354,-8.386387916084962,-6.731448279246101,-6.377167870345708,-8.565890376670279,-5.6224931534373175,-7.868492343212217,-7.42791500205515,-5.845719487236836,-8.670139797889256,-5.9968722947746675,-7.200177940362164,-8.060463623895986,-5.560993276005498,-8.466578978452102,-6.588297029504017,-6.5126581805245545,-8.504902744504523,-5.57889094229735,-7.995174021092918,-7.2806500135655705,-5.940917219439019,-8.673973432607015,-5.895898548746156,-7.348478193219818,-7.937998160396915,-5.597207788506518,-8.534481203583521,-6.449776423681034,-6.6534604860461135,-8.431281056304622,-5.549012060697811,-8.113813256852751,-7.1317789837770595,-6.04657716440571,-8.663650029971036,-5.8057925416869915,-7.494561411520523,-7.80800529241449,-5.646980633203231,-8.589482931222813,-6.317134249299687,-6.798306445937286,-8.345688492998647,-5.533125656289532,-8.223341353475895,-6.9826429363758065,-6.161747542001506,-8.639262582738047,-5.727365944544267,-7.637111684061244,-7.671655989983987,-5.709863458500521,-8.63108870822739,-6.191565341230787,-6.9458912941644,-8.248896068630955,-5.531374833104447,-8.322771686687059,-6.834585282315171,-6.285390902532331,-8.601030771959717,-5.661325220654378,-7.7748449242589155,-7.530178481622573,-5.78528981867487,-8.658923751588574,-6.0742008186733925,-7.094885592908095,-8.141775685101488,-5.543775362480775,-8.411208592419428,-6.688939718428528,-6.416393472046629,-8.5492989881054,-5.608265261952455,-7.906520437145832,-7.384847190500791,-5.872580276392454,-8.67273732446048,-5.966097896082855,-7.243947208080789,-8.025292278111984,-5.570215540995487,-8.487855434917247,-6.547018213547247,-6.553575185162068,-8.484533228807942,-5.5686640302119335,-8.030952095495495,-7.236971254494727,-5.97094852305079,-8.672404994786442,-5.86823035982952,-7.391733399211431,-7.900495125067526,-5.610457196683874,-8.55202178279561,-6.410099190342987,-6.695700315042802,-8.40731690117753,-5.542878251585943,-8.147019024404269,-7.087882733529672,-6.07950846181202,-8.657929756177536,-5.78147979637397,-7.536912914792797,-7.768508393231913,-5.664137834482017,-8.603129628416095,-6.279416009352598,-6.841488604771965,-8.318345566496,-5.531140203233817,-8.253675698083198
-8.239958423205543,-6.927882676249699,-6.3446538426021,-8.535461668922647,-5.817870986033222,-7.721569421864447,-7.570919049970773,-5.894200672246864,-8.57110856359747,-6.214616129498573,-7.088159411270345,-8.128512347248709,-5.687502839591032,-8.32494022649149,-6.792207858785027,-6.464088912402704,-8.491187517509063,-5.765142352693329,-7.845288105070202,-7.437244732225879,-5.971884773699396,-8.587738750351733,-6.111875861848975,-7.226324673262307,-8.02308346933866,-5.708183868739327,-8.399209664575443,-6.659627461848961,-6.589574083764229,-8.434703452610611,-5.724759900771725,-7.962615108279819,-7.300854371234194,-6.06005272993812,-8.591289294363778,-6.018358415422897,-7.363673850618503,-7.909661338613854,-5.7417241588232875,-8.462097721626886,-6.5313357638238045,-6.719978991784207,-8.366518280198688,-5.697087393618559,-8.072493555010597,-7.162976565366606,-6.157910327892492,-8.581728212489363,-5.934906191263125,-7.498969707992436,-7.789267656637491,-5.787821580385563,-8.513037904794864,-6.408488410680706,-6.854128954788767,-8.287246209306348,-5.682374103960723,-8.173933665048834,-7.024853311831914,-6.264576070625705,-8.559141630533338,-5.862270923333147,-7.630993506253675,-7.662986924399655,-5.846060889880917,-8.551571347150684,-6.2921920059717165,-6.990815555813581,-8.197601319260377,-5.680752568464095,-8.266021670346532,-6.887728818820862,-6.379089117820338,-8.523733007432192,-5.801106906930625,-7.758555980836315,-7.531956673180217,-5.915917470171867,-8.577350941141008,-6.183494142593603,-7.128807527970583,-8.098391127286027,-5.692237393849085,-8.347928046203675,-6.752838297733141,-6.500417940985645,-8.475821302504897,-5.751965104824204,-7.880508054581816,-7.3973572177170475,-5.99676205625672,-8.590144465317445,-6.083373966117151,-7.266861845646003,-7.990509314427544,-5.716725125313928,-8.41891498359029,-6.621396836447789,-6.627469615420783,-8.415838102281404,-5.715288184205104,-7.995751188575645,-7.260401023982802,-6.08786640366105,-8.5898366761771,-5.992733354686935,-7.40373492162034,-7.874927675308532,-5.753995178451037,-8.478343035297687,-6.494588453864856,-6.759099665232622,-8.344323732790185,-5.691406529160536,-8.103247277737283,-7.122321787344837,-6.188409848431884,-8.576430346270998,-5.912388794942705,-7.538193809247534,-7.752687364248815,-5.803711826261528,-8.525676876050872,-6.373555434315326,-6.894122372723804,-8.261922392325037,-5.680535264588388,-8.202028002025127
-8.114360233764938,-6.911427380247709,-6.37671349140327,-8.38528252115483,-5.8937502125631775,-7.639092580916403,-7.500973815924409,-5.963730537600114,-8.417964186698683,-6.257492754604036,-7.058371754959406,-8.012184618923271,-5.774226528986749,-8.192272963545198,-6.787038452472871,-6.486213548590214,-8.344691243234664,-5.845407725086533,-7.752519926073406,-7.378418979544032,-6.03495261304052,-8.433211018334163,-6.163298769522308,-7.185043963671865,-7.915525671265943,-5.793187240260279,-8.260364418852356,-6.665486540872667,-6.601260439450167,-8.292905713684108,-5.808384421946618,-7.86008727277044,-7.2533740295702,-6.1157864608066275,-8.436466216099882,-6.0775604202357165,-7.3109679724256775,-7.811538376567943,-5.823937535700237,-8.31802123485293,-6.547866579718727,-6.720817826652144,-8.23039241427488,-5.7830138074291515,-7.9608256590812605,-7.126965365410529,-6.205503933154324,-8.427700457317597,-6.001050034022281,-7.435009463290429,-7.701159447804659,-5.866200417998266,-8.36472404148518,-6.4352380844460075,-6.843808742512536,-8.157714462057575,-5.769524418913442,-8.053827638054281,-7.000331670749938,-6.303296859040117,-8.406992703556735,-5.934456813074697,-7.55605107597403,-7.585383173509865,-5.919595184970114,-8.400052141921815,-6.328615607584473,-6.969125290272704,-8.07552653682808,-5.768037768217731,-8.138255451954874,-6.874613656338353,-6.408284324090355,-8.374529489352065,-5.87838062619725,-7.6730024729550586,-7.465252461268461,-5.983640858904193,-8.423687302188473,-6.22895959971448,-7.095638623984129,-7.984568983800683,-5.778567247026075,-8.213348578750095,-6.75094378451811,-6.519520605839142,-8.330603241908818,-5.833326605214082,-7.784810161195147,-7.341849443250764,-6.057760519187605,-8.435416617801394,-6.13716775777022,-7.222209117103118,-7.885661144611095,-5.801018006256638,-8.278430582857746,-6.630436068053335,-6.636003692754661,-8.27560964693128,-5.799700594763905,-7.890466981958049,-7.216285728413546,-6.141286499181659,-8.435134431601597,-6.054066938625238,-7.347696628196509,-7.779693976722951,-5.835187810458095,-8.33291520844831,-6.5141760351518005,-6.7566843103151495,-8.2100440843034,-5.777805496469369,-7.989021183251053,-7.089692389175504,-6.233466400533573,-8.422843285509952,-5.980405710802112,-7.47097077128573,-7.667622027722245,-5.880768859537572,-8.376311660411746,-6.403210951074667,-6.880475372827226,-8.13449716572849,-5.76783854041256,-8.07958499316505
-8.02982375200309,-6.929447590076178,-6.440321023272982,-8.277648413127682,-5.998533040204911,-7.595075300166918,-7.468731925249858,-6.062547154749533,-8.30754378558457,-6.331264514925352,-7.063864142578867,-7.93635917451378,-5.889199412971565,-8.101093989830726,-6.815663507672181,-6.540485593810602,-8.240517766579204,-5.954312017666525,-7.698832335612815,-7.356625567785669,-6.127697153594801,-8.321490740335651,-6.2451010890302365,-7.179736843568178,-7.847940937761763,-5.906543618541783,-8.163380271256854,-6.704474570093135,-6.645724099713861,-8.193147240382684,-5.920445156277014,-7.797228969939544,-7.242241392710366,-6.201639467913162,-8.324468414453774,-6.166672409123393,-7.2949251327913265,-7.752819136162961,-5.93467228089846,-8.216121524198888,-6.596882362396639,-6.7550885571519155,-8.135963546153878,-5.897237527233688,-7.889378850594395,-7.126609767640336,-6.283708028590582,-8.316449985181494,-6.096684957302683,-7.408391399207079,-7.651850622720986,-5.973332018288705,-8.25884265777085,-6.4938560704557124,-6.867593815903994,-8.06948179209441,-5.8848981838378736,-7.97445189550685,-7.010772297166555,-6.373163565643359,-8.2975076821769,-6.035769177454791,-7.519113543679889,-7.545944917362449,-6.022174585499062,-8.291158841881185,-6.396323750575187,-6.9822264335493385,-7.994300842919784,-5.88353827835197,-8.05168177043144,-6.8957724401264775,-6.469200267529614,-8.267812136872024,-5.984473796244374,-7.626094186003939,-7.4360560140215535,-6.080760010833109,-8.31277897376528,-6.305163969601285,-7.09795380451183,-7.911097925312283,-5.893170060744759,-8.120372792052816,-6.782646110172432,-6.570953039864214,-8.227630845432419,-5.943260880208472,-7.728369649260115,-7.323173787104666,-6.148560559357091,-8.323508300226383,-6.2211978908301395,-7.213733461725652,-7.820622527492944,-5.913706768344223,-8.179906194670505,-6.672412344307307,-6.6775052981508916,-8.17732575916346,-5.912501673481437,-7.825018640575419,-7.20831507474522,-6.224965486713017,-8.323250171963803,-6.145181877004952,-7.328522467132701,-7.723689647864556,-5.944963407391911,-8.229745704013085,-6.56606412344391,-6.787897224335222,-8.11735002406894,-5.892473253644111,-7.915170550088475,-7.092514519170591,-6.309286540676955,-8.312006914185563,-6.077800677033699,-7.441286806422901,-7.621172453541955,-5.986658419458482,-8.269442367973298,-6.4645594276766625,-6.901134412803066,-8.048243898931696,-5.883356035821173,-7.9980132933648465
-7.97210456984202,-6.9689743763697445,-6.523074469986358,-8.19802767583314,-6.120329590314712,-7.5757771013893205,-7.460599348081259,-6.178686444388736,-8.225281038632357,-6.423655852877643,-7.09151183854248,-7.886899943511809,-6.020658344758508,-8.037076285819271,-6.865245985529188,-6.614386976108373,-8.164178457770563,-6.080016609691074,-7.670364587598301,-7.35840041289568,-6.238078798755928,-8.237995428403671,-6.345107137375623,-7.197144265873528,-7.806295686523716,-6.0364697526127165,-8.093858004380174,-6.763883393058692,-6.710325007519927,-8.120994311518988,-6.049142739106249,-7.7600653992337945,-7.2541249626964275,-6.3054864459173094,-8.240709949962351,-6.273609608102581,-7.302152766468285,-7.719580293603766,-6.062112538678309,-8.141938238302242,-6.665799668731462,-6.810024358655192,-8.06886423796782,-6.027986089028063,-7.844071515331288,-7.1487123061509665,-6.380302180753085,-8.233400151017635,-6.209807311656429,-7.405591428373586,-7.627534893196062,-6.09735571386665,-8.180883882953752,-6.571878346420685,-6.912586942145725,-8.00825782252597,-6.016737237629566,-7.9216262124930905,-7.0431119958314286,-6.461852066415618,-8.216131877916792,-6.154274976316371,-7.506528480674118,-7.530988626217602,-6.141881809206275,-8.210344117681228,-6.482965465265368,-7.01708887875206,-7.939721005117177,-6.015497514069224,-7.992030881419468,-6.938275274687011,-6.549401505122923,-8.189060682504143,-6.107512834915803,-7.604054686843822,-7.4308111771934655,-6.195289735589454,-8.23005356598644,-6.3998619485869375,-7.122588819627144,-7.863871162377115,-6.024278085722324,-8.054651319950413,-6.8351465072890605,-6.642161855383153,-8.152430420916875,-6.069942118767013,-7.697291535108488,-7.327904940176818,-6.257098396765182,-8.239834686026253,-6.323316389207215,-7.2281364259454,-7.781391546351933,-6.0429998575857375,-8.108923445930829,-6.734654673036833,-6.7392975360424385,-8.106571056939694,-6.04190126322802,-7.785399152041271,-7.223196890023002,-6.326751023033068,-8.239599369901692,-6.2540183061572145,-7.332780929513,-7.6930251297938215,-6.071494184762267,-8.154358378437761,-6.637704997951799,-6.839933553163299,-8.051895689705589,-6.023642859091767,-7.867583868105425,-7.117630232240852,-6.403620186600289,-8.22934973733005,-6.192591933520067,-7.435579697246088,-7.599567913495187,-6.109504391606377,-8.190546841598286,-6.5451708004415226,-6.9431633819312095,-7.988896832516925,-6.015331377259375,-7.943105366994566
-7.8641456126714075,-6.958970013370193,-6.556611757567087,-8.068007568170563,-6.193194486115619,-7.506519099073579,-7.402588330609801,-6.245852855591014,-8.092599669141388,-6.466901262450218,-7.069541822972614,-7.787261127284002,-6.1032560314498845,-7.922772909835862,-6.865370589332673,-6.639007694794925,-8.03746369017242,-6.156818025080875,-7.591870218073643,-7.310369012512773,-6.299445609859674,-8.104072512303611,-6.396022745293066,-7.164859356366813,-7.7145277900759215,-6.117523472180273,-7.97400995410208,-6.773905945976046,-6.725577479698057,-7.998496429772973,-6.12895895505066,-7.672811841063687,-7.216275948879831,-6.360270972124552,-8.106521963725456,-6.331506873545386,-7.259613888805487,-7.636280062845961,-6.140662267518823,-8.017395204429661,-6.685399992783391,-6.815541295463014,-7.951456802339409,-6.109868229302051,-7.748614849465127,-7.121156725888257,-6.42778103019859,-8.099925958856284,-6.273934803341285,-7.352951875629461,-7.5532227976782504,-6.172463984215197,-8.052537848392534,-6.600649987486925,-6.908088751995624,-7.896768538765983,-6.099717816252634,-7.8185964131134735,-7.025868173313626,-6.501367656448983,-8.084343914217746,-6.223825141356096,-7.4440325323601435,-7.466104170763011,-6.212642153804609,-8.079121322600097,-6.520419354405512,-7.002386185879406,-7.834924268524788,-6.0985991503765575,-7.882126141162477,-6.931268646245064,-6.58036798578416,-8.059916192182358,-6.181629273220225,-7.532035408449105,-7.3757089428584335,-6.260834853103182,-8.096906164286311,-6.445430807551931,-7.097584169978852,-7.766481082081077,-6.106522308566811,-7.9386317606170635,-6.838210293060109,-6.664070386713352,-8.026862836595436,-6.1477272974572985,-7.6161677778604915,-7.282851390200239,-6.31660796439603,-8.105732168379786,-6.376359840456869,-7.192825165041747,-7.692055512646962,-6.12341591936302,-7.9876042713433435,-6.747531379309865,-6.751720871691731,-7.985481590629816,-6.122424601573359,-7.695671779912383,-7.188367969537195,-6.379459085950552,-8.105519830623969,-6.3138286413529086,-7.287251244374987,-7.612317982477305,-6.14912780586244,-8.02860253111939,-6.660048736659672,-6.842529889007169,-7.936145214728464,-6.10594911113965,-7.769831246052335,-7.093109783365545,-6.44882205762913,-8.096271063748016,-6.258400488530324,-7.380011822010612,-7.527986763735578,-6.183426356522735,-8.061257229425031,-6.576550404905454,-6.935679435027028,-7.879298128794732,-6.098449236649106,-7.837978151072191
-7.807024314125104,-6.992539186511746,-6.630493617036525,-7.990461131211668,-6.303487494750912,-7.485228767724479,-7.391710929549737,-6.350869968179481,-8.012589324363324,-6.549771308437037,-7.092032693102061,-7.737842964185279,-6.222560066103564,-7.859777682255531,-6.908317584768847,-6.704634220804068,-7.962977475677504,-6.270755628656777,-7.562028470571502,-7.308731159517648,-6.399093209430524,-8.022912691601997,-6.485994182610451,-7.177800265063014,-7.672396854631065,-6.235398037313766,-7.905881234505412,-6.8260168778408845,-6.782530490167406,-7.9279143850642715,-6.24568778742656,-7.634860469336353,-7.224065376436694,-6.453824416264517,-8.025116729973604,-6.427942222223912,-7.263061243711616,-7.6019888474471,-6.256218533015029,-7.944919672104568,-6.746378426874783,-6.863480738959432,-7.885587706149497,-6.228509781071118,-7.7030686965786535,-7.13847624595573,-6.514570572378388,-8.019181585597472,-6.376138356782386,-7.347047601903537,-7.527253174864273,-6.284834003098145,-7.976541338524727,-6.6701196115328605,-6.9467557709006895,-7.836378715794541,-6.219376348315898,-7.766038735588441,-7.0527347511963105,-6.58078447907059,-8.005160721993,-6.331049233226497,-7.429002794219445,-7.448863052532941,-6.32098668066763,-8.000461387186077,-6.597927367868468,-7.031605448167438,-7.780730686419423,-6.218369762721307,-7.823203355024913,-6.967613247770806,-6.651869684382942,-7.983180438482646,-6.293081012397375,-7.508188571892854,-7.367524615226039,-6.364350903994611,-8.016464347342719,-6.530452000436194,-7.117265448600094,-7.719144893024299,-6.225499091566088,-7.874047618511325,-6.883878506436805,-6.727185855913624,-7.953438732493171,-6.262575710357717,-7.583891632922501,-7.283970556008071,-6.414536050063305,-8.024406065033672,-6.468301324377062,-7.202964150683658,-7.652176097726416,-6.240700114169683,-7.918113523159255,-6.802284806060077,-6.806054548903249,-7.916203516003545,-6.239808117526112,-7.655430047465488,-7.198953526168231,-6.47109005328599,-8.024215001615394,-6.412035190246487,-7.287929584280339,-7.5804275524873,-6.2638359003893145,-7.955004125238451,-6.723567139103628,-6.887765317635533,-7.871810202205631,-6.224983323377054,-7.72215940063118,-7.113239355370732,-6.53350347768992,-8.015892878178747,-6.362160440905114,-7.371396384502711,-7.50454556504567,-6.294698044080627,-7.98438711582854,-6.648434590847978,-6.9715821151007775,-7.820658684116845,-6.218234869003968,-7.783478597342184
16.812952058017235,18.184316111124158,18.79389910132534,16.504096010877376,19.344485509897872,17.354765321172614,17.51222307853266,19.264706740950135,16.466838352487336,18.929812782918916,18.01679700754602,16.92943400868328,19.48074455600538,16.72413021182052,18.326121618934643,18.66906716095538,16.550370762827686,19.399596773481207,17.225456205262397,17.651937690744838,19.1835123552776,16.449456703322518,19.037195538974068,17.872388520365703,17.03962686428684,19.45912902045339,16.64650478671142,18.464692879722442,18.537911735209256,16.60940715333701,19.44180397308084,17.102827587948397,17.794491075096488,19.091360384553184,16.44574572212468,19.134938725420906,17.72883299395109,17.158174161013932,19.424073157056295,16.580775029103922,18.59878164966727,18.401614266391448,16.68067338519714,19.47072690809983,16.9879841024199,17.938599116973453,18.98908092967463,16.45573883724917,19.222161875936454,17.587423570167925,17.2840080300315,19.375892747489175,16.527533029762555,18.727180063029184,18.26140251610424,16.763527495327075,19.486105042012085,16.881960253741653,18.082963697475087,18.87759531947136,16.479346031154638,19.29807928821853,17.449434058883867,17.41599496538396,19.315021798761556,16.487258390274828,18.848731512549918,18.118539505625087,16.857223137548186,19.48779984926393,16.785711100077634,18.226284386811933,18.75790781141491,16.516354651277055,19.362007101557563,17.316107463545247,17.55294603456484,19.242008633701346,16.46031390282123,18.962341068120253,17.974312138666665,16.96091630563785,19.475796063106213,16.700103649569265,18.367270158520423,18.631096545311788,16.566431325594674,19.413369457023695,17.188644784256766,17.693627588368585,19.15751095168695,16.446942282159217,19.06698533986225,17.830019609004776,17.073672936100213,19.450201813116504,16.62590905036414,18.504651018972105,18.49830383146761,16.62912496562854,19.451703684778753,17.068194199225232,17.836772373548285,19.0622899041202,16.447263979259393,19.161721696780226,17.686961697398015,17.194477322169185,19.41124765117258,16.563795644147476,18.63718944742056,18.360725860805903,16.703870829827615,19.476664471785757,16.955840722020984,17.981090948177137,18.957203238008002,16.46127609628844,19.24569675793929,17.546427063219703,17.32224126325021,19.359284474651353,16.51432294574953,18.763691543533767,18.219601929633345,16.789995610735964,19.488026972373582,16.852596427823407
16.9766080530354,18.187829048429116,18.726227086859385,16.70381912583363,19.212517956399537,17.45515027413984,17.594220669903834,19.142055470732625,16.67091228539328,18.84626924804513,18.039872234974887,17.079487652301175,19.332865151649276,16.8981585087883,18.313075009144942,18.615972580239294,16.744690075448993,19.26119352098327,17.340941420749367,17.717619902435334,19.07034267906956,16.655560403917825,18.941112224556417,17.912327261640076,17.176812574846025,19.31377380210724,16.82959790706078,18.43546440679913,18.500133022564146,16.796832404479094,19.298471912666372,17.23263294088925,17.843526405307397,18.98895189049271,16.6522827780167,19.027441306402242,17.785535643320895,17.28151633634372,19.282811638805658,16.771543838736637,18.55389476308252,18.379751891472708,16.859776417118205,19.324017329336762,17.131200472580662,17.9708060182818,18.898616269644506,16.661108932399813,19.104478845011677,17.66063951333655,17.392655769917468,19.240257567549268,16.724519252309058,18.667299262556497,18.255913574897317,16.93295511646991,19.33759965900502,17.03755771503528,18.09831221220502,18.800149555822927,16.681959361456816,19.171530889626446,17.53876393053072,17.50922973643962,19.186494913539644,16.688947743183576,18.77465636247938,18.129733602944956,17.015709312030154,19.339096552643095,16.95254819809292,18.22489641689217,18.694438732853712,16.71464624544015,19.22799343837885,17.421006744790994,17.630188142748793,19.122007968398623,16.665149737949314,18.874998994818608,18.002348599251288,17.10729355764644,19.328494526298957,16.87693768374194,18.349418367397018,18.582436039179065,16.75887514233706,19.273357879113977,17.308428707665424,17.75444140084292,19.04737762769072,16.65333960799033,18.96742327755698,17.874906042324845,17.206882866463783,19.30588908255945,16.811407268168868,18.470756375468138,18.465150390135705,16.814247640190302,19.30721557094565,17.202043917159124,17.880870242840036,18.963276158241428,16.65362373843768,19.051096656822097,17.748553929111207,17.313580142370125,19.271483850267153,16.75654724647397,18.5878174336675,18.343638289689736,16.880264945975483,19.32926152527553,17.102810682784224,18.00833580329405,18.87046114238721,16.665999569856805,19.125265406495014,17.624430433886793,17.426424260998566,19.22558875024082,16.712851795318887,18.6995470611333,18.218994313495784,16.956332378706815,19.339297153117,17.011622893149955
17.10524332209666,18.16539654064042,18.6366436668628,16.866477597050707,19.06228261504158,17.524100060744953,17.645825103684313,19.00060846040716,16.837675014419116,18.74171374410386,18.03589342553136,17.195291412989146,19.1676196814167,17.03657828314576,18.275021381084446,18.540140493208472,16.90225097692478,19.10488719063441,17.42413574046932,17.753833546430617,18.937839942373305,16.82423787403037,18.82472756832512,17.92425631347319,17.280477626135085,19.15090947267667,16.976568802742808,18.382145939139637,18.43874885586811,16.947889929811044,19.13751608913871,17.329335878217957,17.86403654387124,18.86660050151345,16.821369045252244,18.90028938100905,17.813278595322128,17.372122363278482,19.123809020156376,16.92575544364693,18.48580524150032,18.333382086249788,17.002983342029946,19.159875390872376,17.24055442697897,17.975441392253966,18.787531859576436,16.829094370368143,18.967718524671586,17.703959953480453,17.469400092659352,19.086562443539744,16.884595930361183,18.585065529731697,18.22498932357829,17.06703493454823,19.171763684229152,17.158591126158893,18.087044561606252,18.70134626340995,16.84734425998933,19.02640760055338,17.597285125464037,17.571434540771524,19.039505258350157,16.85346102597028,18.679032671524656,18.11454696509063,17.13946773343864,19.173073879985548,17.08418429756524,18.197840735488843,18.608820069072234,16.87595431991306,19.075827940041126,17.494215033430134,17.677306585795737,18.983061353641357,16.832631192323095,18.766860215000325,18.003049870692795,17.219629267235742,19.16379417595584,17.018004194636223,18.306831866842334,18.51078674845088,16.91466683197834,19.11553436689113,17.3956781282329,17.7860625370086,18.917739173623513,16.822294063644637,18.847757013511345,17.891502401305434,17.30679744437003,19.14400816330564,16.960646964827202,18.41303616835089,18.40812938138477,16.963133075579773,19.14516920735733,17.302562025978826,17.896722725586688,18.844127137620166,16.822542756335228,18.92099435225605,17.78090937162491,17.400187057737153,19.113894073566325,16.9126292795407,18.515496956339337,18.30177270091959,17.020916468927407,19.16446551210071,17.215705512420076,18.008290329420102,18.762888339612825,16.833375030182065,18.985912512509334,17.672266998796584,17.498956857808853,19.07372317313334,16.874383679973025,18.613291268537548,18.192674763353576,17.0874965017564,19.173249460857125,17.13589098720931
17.223410650571573,18.141477398971332,18.54956588023632,17.016645374583124,18.918158795214726,17.586130338037478,17.691541246965965,18.864750486288113,16.99170304273941,18.640553996368546,18.029330869850643,17.301390094070154,19.0093781174046,17.163948406873455,18.236409828595544,18.465996493003047,17.047624246283732,18.955053315268337,17.499563682514328,17.78507391573249,18.810394485433473,16.980066807930413,18.712441937037845,17.932655862243,17.3751592703962,18.994907485485836,17.111981665101567,18.32917707484565,18.37819381582412,17.08714646283109,18.98330914303902,17.417469321280954,17.880507015169943,18.74870287267031,16.97758247240043,18.777876618044814,17.836551873625467,17.45452137048279,18.971439156672346,17.06797853937933,18.418943494449017,18.286948771352385,17.134856009837446,19.002671751273432,17.34058675673132,17.976980888117467,18.680231363332062,16.984272414934612,18.836268606661967,17.741884604499102,17.53876150402413,18.939184532637505,17.03233540792719,18.50490047544746,18.19308329093383,17.19032312180251,19.01296672244851,17.269608543624198,18.073626502172292,18.60559674576221,17.000076372824957,18.88709191042498,17.64950681345899,17.627120839603734,18.898434161615484,17.005373342505024,18.586273721138095,18.097442910686112,17.253048153422142,19.01410131991688,17.205174050580315,18.169573277895186,18.525471325312026,17.024851984714136,18.929888715249714,17.560250635582356,17.71880344021435,18.849555121155483,16.987335216211882,18.662330224904036,18.000889154946496,17.322466080371353,19.00606532327446,17.147863700678002,18.26395693095201,18.440576868243543,17.058376072980337,18.964273509401284,17.47492008659241,17.81298343302357,18.79298771150338,16.978383515695743,18.732384873105715,17.90429177569848,17.397951589018433,18.988931120425445,17.098193743027622,18.355927257548725,18.35167810009084,17.100346654111465,18.98993655616685,17.39428382031999,17.908812448799925,18.72924148939644,16.978598877481012,18.795806616554422,17.80852091788423,17.47882470922273,18.9628530555152,17.056611602422308,18.444655793029888,18.259575817045956,17.15038565895931,19.00664668395028,17.31906820470383,18.005427263985595,18.658890677998677,16.9879793615982,18.852024154975606,17.714439281177093,17.564356939475704,18.92806603860508,17.023491848955047,18.529343274651772,18.165099672422325,17.208042338369882,19.01425336865572,17.249950778700097
17.333762252873974,18.119536606177935,18.4688199921798,17.156791622678803,18.784299078972154,17.64421443769162,17.734435752142712,18.73858684782881,17.135443453051103,18.546696822199806,18.023550266896294,17.400504945486365,18.862373798514618,17.282868452211513,18.20078937851237,18.397292860493906,17.183306473498813,18.81587713981154,17.57012194073543,17.814490467598766,18.692063486107898,17.12548398670743,18.60822579075055,17.94080602012343,17.46364406573269,18.849988368525256,17.238390060002782,18.28018896798342,18.322142451224767,17.21713358269623,18.840061334296614,17.499857285447025,17.896171763784437,18.639261565977638,17.123357641158087,18.664231407162998,17.8585505091407,17.53157017565997,18.829901799734163,17.200727735647813,18.357020146582578,18.244045715952584,17.257968237159744,18.856633812267514,17.434053412749705,17.97874385917751,18.58065672481136,17.129083570430222,18.714209175308675,17.777524687971944,17.60367139985861,18.80229503106923,17.170220739707318,18.43059082243348,18.16370614663258,17.305442600118603,18.86544528957184,17.373303081033484,18.061462947975752,18.51677687243977,17.142610195604888,18.757708897651042,17.698458433649243,17.67929825367338,18.767416743087953,17.147143877858475,18.500238274125046,18.08184743857035,17.359129024600044,18.86641639280973,17.31815352661352,18.143583900266716,18.448197435762435,17.16381566943766,18.79433873060518,17.622063971512752,17.757769493732567,18.72558111787386,17.13170502545747,18.56533512047681,17.999206971406487,17.41854390565449,18.859538374325933,17.26910153424956,18.224366974125413,18.375536175327554,17.19250897395326,18.823768714247475,17.549029459516188,17.83837825455832,18.677165008898186,17.12404325500745,18.625294971960987,17.916529166833158,17.483152036647546,18.844873191008347,17.226588962130602,18.303084479176817,18.299447620572174,17.228431641127067,18.84573374458015,17.48001278933017,17.92039841597978,18.62260454634036,17.124227583399517,18.67957771287354,17.834558782876293,17.552371430377878,18.82255294618303,17.190998761635825,18.379027331598873,18.22061717384969,17.271260081153702,18.860035961576397,17.415635660083122,18.003091143991583,18.562391208446527,17.132256350211637,18.727694366672676,17.754034205147946,17.625578561592274,18.79277869963334,17.162651527725345,18.4515114415183,18.139754936355864,17.32060849732983,18.866546531494784,17.35647797812287
17.436165489764612,18.099257504830938,18.394007547612713,17.28682514633108,18.660231130111725,17.698147016581945,17.774282147424227,18.62165591404039,17.26881004981274,18.459725528770807,18.01825743799816,17.49248769772319,18.726116104455148,17.393217698590522,18.167824345057298,18.333647891329598,17.309200254128246,18.686878932888483,17.635622523511643,17.841837982460223,18.58239620857728,17.26040554719816,18.511648027347803,17.948431986076667,17.545768956264666,18.71566440201083,17.35568368314119,18.234827338418462,18.270230656972426,17.33774596309326,18.707287267910406,17.57632823416862,17.910766441442433,18.537838211142866,17.25861118632457,18.558909530457203,17.87901896400677,17.603089815513776,18.698713933572343,17.323901548176348,18.299662924898247,18.204327104198033,17.372205134735722,18.72127229779355,17.520798268902432,17.980446619845075,18.488383298217553,17.263443130715757,18.601084308558434,17.81064364123722,17.66393393169242,18.675417388213578,17.2981575857694,18.361747068386315,18.136530889310176,17.41226736235363,18.72870804600405,17.46953283919697,18.05025084168694,18.434476957481042,17.274857854429253,18.637792453105973,17.743921939667118,17.727753223679116,18.645984620190127,17.27868369640101,18.42052051764972,18.067452717629617,17.45757176716326,18.72952753164919,17.42299374178742,18.119550313608894,18.3766047748789,17.292752534136074,18.668703298748838,17.679454885448568,17.793972810099582,18.610680758581346,17.265655300009797,18.47545384404343,17.997714842287547,17.507710249079427,18.72372337283832,17.381600198815605,18.187720789016986,18.315288060485717,17.316965975348758,18.6935384019495,17.61782319496954,17.8619961878329,18.569823819019295,17.25918975581722,18.526052210580268,17.92794545899669,17.562231162863032,18.711347853178655,17.345725081495367,18.254148191268097,18.25107915256694,17.34728006445421,18.712074049191035,17.55958204378614,17.931210605285365,18.52378183901791,17.259345305160892,18.571859829400715,17.85877304729201,17.620643386521547,18.692512450806763,17.315691551305093,18.318234145245455,18.184556442139957,17.38342173347153,18.724143272178626,17.50525606562572,18.00099258202986,18.47296956270728,17.266120546859174,18.61246406748988,17.79082070921462,17.682420745314268,18.667386834198506,17.291770148963288,18.379401367495284,18.116319162853483,17.425065419836415,18.72963735188263,17.455334626509337
17.530018836531926,18.080126305841343,18.32465375667682,17.40612466117558,18.54551538358749,17.74736121353052,17.81052364529197,18.51351301587847,17.391179165030405,18.379174021559496,18.012927876714105,17.57674427822332,18.600174187611767,17.494388938752433,18.137010011418308,18.274578809291167,17.424687264322888,18.56762265530107,17.695490296868496,17.866568611306253,18.480942789232042,17.38420670938464,18.422249422323535,17.955000014853074,17.620946919232264,18.591503355433158,17.463250361024595,18.192596334698617,18.221967265930427,17.448369057138347,18.584553604968146,17.646299188072337,17.923752319257115,18.443977048958896,17.382718090464838,18.461458016727544,17.8974143087363,17.668500851573032,18.577441084911964,17.43688359828653,18.246384556527854,18.167293049062355,17.476956715074234,18.596155719339055,17.60023099848576,17.98155966081932,18.40294878082096,17.38672671768472,18.496446615478252,17.840689487870808,17.718977711515397,18.558114048362324,17.41552616117689,18.2978901549704,18.11104866162695,17.510192721765673,18.60232448707801,17.55770070833363,18.039469910003515,18.358227565652466,17.396196481506667,18.526900042817548,17.785336526947166,17.771922805725904,18.53369634287912,17.399370436549464,18.34664916986163,18.053740750591533,17.547777688726708,18.603004340196637,17.51909142859837,18.096961413832968,18.31021625019198,17.411042078714825,18.552543975611865,17.731854043001928,17.82685920712539,18.504407922079007,17.38856195446088,18.392222382140734,17.995885543097284,17.589373052228655,18.59818915460796,17.484750949973094,18.15351629137076,18.259347318256754,17.431129780822733,18.573147414442882,17.68072380389734,17.883292051027173,18.47051261476791,17.383198077242223,18.43419927031663,17.93800419630777,17.634604123067195,18.5879223052919,17.454988609978333,18.208625098768334,18.20607899494753,17.456278638693615,18.588524764440127,17.632406388577596,17.94071299285633,18.432315748382752,17.38332712246348,18.47220170842756,17.8806181028482,17.68306346174632,18.572296275575358,17.43007250646328,18.261791418313347,18.150891118976904,17.486262112522272,18.5985375071114,17.587337038194004,17.998604787295267,18.390161398615323,17.38894792769099,18.505887372183036,17.82424419412352,17.73431454867531,18.551451824046527,17.410227082592098,18.31253633013856,18.094280820303513,17.52081011249572,18.603095448111265,17.545921735471875
17.616545473232296,18.063793509333,18.262599066901902,17.515817107042313,18.442163850870035,17.79324903880305,17.84460132019657,18.416145305573057,17.50366612896548,18.306925099098986,18.009159883845346,17.654534163076203,18.486602518074758,17.587577675670214,18.11004106462863,18.221887164000105,17.530908863227648,18.46013749131134,17.751076978065615,17.890166963969204,18.38966507995232,17.49799738736799,18.341946234914776,17.96206340925033,17.690471767062082,18.479552963433893,17.562261408372063,18.15523382296799,18.17911295939994,17.550162619846073,18.47390268158848,17.71108365306984,17.93665842701021,18.359611216548263,17.496787111330068,18.3738235822038,17.91524511390791,17.729134035863805,18.468120064910234,17.540824719159797,18.198964689972353,18.134661761254453,17.573404939905085,18.483335425473083,17.67362932192764,17.983656916266053,18.32625443924012,17.500046202965027,18.402269991224234,17.869126734962602,17.770172701465075,18.452406809550656,17.523460708786654,18.240839739915845,18.088933984000757,17.600426457608233,18.48835075322327,17.63905137160602,18.03073907141339,18.289895224410234,17.507745304518803,18.427029217975207,17.824123704742828,17.813218089371812,18.432554741668067,17.510325791494093,18.280481764191,18.042341541444397,17.630983764312926,18.488903486987315,17.607661278760094,18.07748077847015,18.250861094266046,17.51981506282335,18.447878232431517,17.78064140856473,17.85788244862366,18.40874268781651,17.501538286039168,18.317533669187338,17.995304136257946,17.66480160114487,18.48498864776381,17.579741803965117,18.123460990195777,18.209503666534456,17.536146754026912,18.464629227588265,17.739071533039148,17.903763444637644,18.381185145929376,17.497177349884385,18.35166169297486,17.948245479317745,17.701575338517795,18.476641500252224,17.555544444621628,18.168265518866068,18.166195487104833,17.556593262973696,18.4771313112181,17.69978853777579,17.950447783420355,18.350130353131508,17.497282266150744,18.382558411816884,17.90158947293502,17.74097372022344,18.463937235190077,17.535287169477957,18.211490767258095,18.12132667415195,17.580970408410717,18.48527186510174,17.663146282267608,17.997514934502068,18.315858049630062,17.50185208975714,18.409945509429473,17.855756392362448,17.782641847372833,18.446990292038098,17.519152455177288,18.252747364236175,18.07530140396877,17.60905860208445,18.48897755948799,17.62947483834004
16.745232905474698,17.09947388711146,17.25693701759728,16.66545141413737,17.399160571880127,16.885190243403414,16.925863608296694,17.37855268926734,16.655827281543495,17.292045270490814,17.056201547020596,16.77532169222204,17.434358036871757,16.72228907964214,17.136104074532867,17.224691321061712,16.677404778029867,17.413396520435708,16.851788034813477,16.961953690479405,17.35757913463838,16.651337377897075,17.31978361818168,17.01889897653281,16.803785924786638,17.428774465889862,16.70223743345212,17.171898814330007,17.190812186882837,16.692654637378983,17.42429918321474,16.820111484975634,16.99877706403507,17.333775094788262,16.650378783700752,17.34503194100069,16.981816736786712,16.83440821699843,17.419719085275375,16.685258591251262,17.206535669061694,17.15560479681071,16.71106362212267,17.431770349510614,16.790445934857097,17.03600202563487,17.30735499546061,16.65296013392886,17.36756280316678,16.945288862966372,16.866912724596503,17.407273465498445,16.671505497703084,17.23970263146448,17.119386297466047,16.73246590493632,17.43574271938605,16.76305861042811,17.07329325446256,17.27855682774774,16.659058175892127,17.38717324766487,16.909644396552004,16.90100664840656,17.39154971615444,16.66110204006915,17.271100935000323,17.082482943497375,16.75666869499801,17.436180509907988,16.73819621550212,17.110314832769586,17.247640004277326,16.66861797869685,17.40368662447375,16.875204421328768,16.936382871863,17.372689476085625,16.65414193223809,17.30044774513245,17.04522715869356,16.783453974639755,17.43307977747867,16.716082709438723,17.14673327180748,17.214883022434908,16.681553428059978,17.41695418182169,16.842279171078182,16.97272272750142,17.35086263750473,16.65068787055501,17.3274787070864,17.007954541524928,16.812580463241048,17.426468453359398,16.69691728972758,17.182220515879724,17.180580955671672,16.697748002022788,17.426856406135848,16.811165235005827,17.009698867501122,17.32626581561334,16.650770969055586,17.35195032714621,16.971000842087005,16.843785790674083,17.41640609206694,16.680872597626205,17.216456897453096,17.145042795495765,16.71705582057555,17.433304098615285,16.782142886078883,17.04697821241987,17.299120577500833,16.65439047919218,17.373642166035086,16.934698937678398,16.87678886072232,17.402983334909102,16.668093163015094,17.24913401670872,17.108588668090466,16.73930295973827,17.43623917872983,16.755473556339574
-8.072265906050653,-7.928879337001573,-7.865142787018653,-8.104559160951942,-7.80757477952173,-8.015615197806458,-7.9991517885849115,-7.815916258165901,-8.108454733243812,-7.850931975202214,-7.946394736692725,-8.060086829878786,-7.793327857211792,-8.081552907378928,-7.914052489826205,-7.878194918286668,-8.09972078276876,-7.801812476664752,-8.029135451917778,-7.984543560488411,-7.824405750333394,-8.110272117207254,-7.839704289212561,-7.961493745210151,-8.048565326553014,-7.795587926282391,-8.089669237504507,-7.899563807839717,-7.891908218170315,-8.093548077960728,-7.797399392096836,-8.041957208958916,-7.969638517117754,-7.834040941574807,-8.110660128589467,-7.829484493731715,-7.9765035701752955,-8.03617030270123,-7.799253284118024,-8.09654178488273,-7.885543804451965,-7.906159157867606,-8.08609664998117,-7.7943752786896,-8.053964971106584,-7.95457092244783,-7.844735038511373,-8.109615272200992,-7.820364648227714,-7.991289003745279,-8.02301341215293,-7.8042909133365805,-8.102108641909188,-7.872118771236605,-7.920819365540763,-8.077433620965476,-7.79276737752356,-8.065050572967673,-7.939476504708469,-7.856391709188407,-8.107146960062204,-7.812426903867601,-8.005716859385037,-8.009213171599288,-7.810655435195705,-8.106319662580724,-7.8594096403021645,-7.935756782684095,-8.067637027097861,-7.792590172501677,-8.075114155928372,-7.924491233750548,-7.868905950829325,-8.103277426620249,-7.8057427635033205,-8.01965717160577,-7.994893893000028,-7.818289518362519,-8.109136914208404,-7.84753089494092,-7.950836853701195,-8.056795115664846,-7.793845259878988,-8.084065067676148,-7.909750096235519,-7.882165035696032,-8.098041528462115,-7.800372437577187,-8.03298436668834,-7.980184563786744,-7.827124395351744,-8.110535019113524,-7.83658953836844,-7.96592373797584,-8.045005550127595,-7.796521333883622,-8.091822678791806,-7.895385879681535,-7.896049526535423,-8.091486430328045,-7.796364301748855,-8.045578393845823,-7.965217684949805,-7.83708048198018,-8.110501383228607,-7.826684129843327,-7.980881533518276,-8.032374530373747,-7.80059428855869,-8.098317109055733,-7.881527976319312,-7.910434352464923,-8.083671180253614,-7.793754461129517,-8.057325806635705,-7.95012807747526,-7.84806809425753,-8.10903630954423,-7.817903896849758,-7.995575501164389,-8.019015836073505,-7.806027434907677,-8.103489856925863,-7.868301217532617,-7.925189935605452,-8.07466617766763,-7.7925664250486415,-8.068120784880428
-8.027047556442977,-7.921545109159321,-7.874648373647691,-8.050808620295996,-7.83229039188937,-7.985364514581021,-7.973250897698878,-7.838427970999888,-8.05367494461834,-7.864192196095883,-7.934432770429293,-8.018086310279493,-7.82180764458656,-8.033880841977021,-7.910635658763263,-7.884252005286103,-8.04724858853992,-7.828050545316344,-7.995312586468793,-7.9625023051014,-7.844674457025781,-8.055012158117965,-7.855930973604149,-7.945542474502063,-8.009608899840586,-7.82347058149592,-8.039852758990516,-7.899975027034458,-7.894342118381452,-8.042706772190414,-7.824803440478893,-8.00474671098469,-7.95153531870301,-7.851763937321995,-8.055297653130983,-7.848411347176666,-7.956586558181756,-8.000488761467969,-7.826167516253438,-8.044909512717757,-7.88965924447447,-7.904827821638926,-8.03722408372932,-7.822578327154523,-8.013581905950165,-7.940448728634654,-7.859632550161947,-8.054528857930881,-7.84170105327744,-7.967465536848504,-7.990808048966829,-7.829874154989479,-8.049005552143658,-7.87978123519872,-7.915614660304933,-8.030849910973068,-7.8213952490661605,-8.021738584317696,-7.929342402411872,-7.86820941542738,-8.052712697790994,-7.835860537938675,-7.978081413141134,-7.980653965769442,-7.834557108465393,-8.052103980325288,-7.870429979880149,-7.926605467011375,-8.023641672189394,-7.821264863329172,-8.029143271087433,-7.918316385332629,-7.877417273093351,-8.049865532601954,-7.830942412265569,-7.9883385597130845,-7.970117979410487,-7.840174192842315,-8.054176886757915,-7.8616897142152276,-7.937701237055016,-8.015664298876109,-7.82218834445254,-8.035729265166749,-7.907469999273638,-7.887173179183136,-8.046013009502515,-7.826990978517795,-7.998144580639329,-7.9592949975915195,-7.846674809671316,-8.055205598791598,-7.853639170132507,-7.9488020202275,-8.006989650861026,-7.8241573737589345,-8.041437240210746,-7.8969009480032994,-7.897389252923919,-8.04118983185125,-7.824041831036698,-8.00741114371482,-7.948282513256571,-7.854000401682019,-8.055180849833599,-7.846350866578873,-7.959807821162422,-7.997695868991799,-7.827154214319001,-8.046215779031373,-7.886704437070436,-7.9079734683729415,-8.035439446620233,-7.82212153561303,-8.016054776147085,-7.937179726380003,-7.862084980263905,-8.05410286282144,-7.839890456272067,-7.970619500089206,-7.987866671246594,-7.831151870724827,-8.05002183676118,-7.876972316196902,-7.918830483383116,-8.028813653026612,-7.821247390183475,-8.023997616475471
-8.000714872196836,-7.927307963450752,-7.894677967912014,-8.017247438889616,-7.8652059643551535,-7.971712480982222,-7.963284020866395,-7.869476393347917,-8.01924178132796,-7.887402727468399,-7.936274991222645,-7.994479781008806,-7.857912237105426,-8.005469362547993,-7.919717343040399,-7.901360020598588,-8.014770425957881,-7.8622559471897056,-7.9786341896635555,-7.955805322729369,-7.873822598023659,-8.020172193009095,-7.881654701510751,-7.94400494492574,-7.988581334948889,-7.859069281904849,-8.009624526513717,-7.912299846663391,-7.90838055927137,-8.011610303070746,-7.859996663783218,-7.985198302016095,-7.948174669692461,-7.878755344576563,-8.020370835854903,-7.876422666186652,-7.951689241013011,-7.982235689113105,-7.860945765803909,-8.013142934559827,-7.905122290800734,-7.915676343226887,-8.007795536476142,-7.858448465661211,-7.9913456888045795,-7.9404607983424915,-7.884230199042713,-8.01983592049937,-7.871753751440101,-7.9592586596834005,-7.975500004799948,-7.863524785518208,-8.015992893021444,-7.898249330559836,-7.923181652364271,-8.003360489423708,-7.85762529892425,-7.997020974639294,-7.9327331948931805,-7.890197844173961,-8.018572265436482,-7.867690014649711,-7.966645015946566,-7.96843495675735,-7.866783109351629,-8.018148729598144,-7.891742877264151,-7.930828879189034,-7.998345112622158,-7.857534578622083,-8.00217303679514,-7.925061469256403,-7.896604523685533,-8.01659125361545,-7.8642680617776906,-7.973781773830276,-7.961104186627227,-7.8706913864664445,-8.019591024608891,-7.885661540758691,-7.938549137818402,-7.992794584365051,-7.858177121959201,-8.006755465722904,-7.917514727999146,-7.903392526490271,-8.013910729903593,-7.861518717624951,-7.980604645733519,-7.953573729664372,-7.87521441127436,-8.020306785923694,-7.880060101455128,-7.946272884502322,-7.986758903566715,-7.859547140933493,-8.010726983104423,-7.910160951834613,-7.91050070655757,-8.010554840340571,-7.859466748162654,-7.98705217152639,-7.945911419893776,-7.880311440566912,-8.020289565996116,-7.874989016872257,-7.953930544070495,-7.980292439374219,-7.86163229447432,-8.01405181368586,-7.90306638325494,-7.917865033714137,-8.006553814631914,-7.858130637441433,-7.993066272180226,-7.938186279064729,-7.885936560528495,-8.01953951994251,-7.870493967116881,-7.961453136662462,-7.973453441412499,-7.864413799610325,-8.016700007539631,-7.896294929821745,-7.925419170424957,-8.001943693841163,-7.857522421087878,-7.998592772940943
-7.979241045532535,-7.932186117793806,-7.91126980203528,-7.989838668349694,-7.892377806426519,-7.960650078467371,-7.955247309321064,-7.895115215358462,-7.991117071716972,-7.9066062639677614,-7.937934116872436,-7.975244258713572,-7.887702418039453,-7.982288745043791,-7.927320416444948,-7.915553097867838,-7.9882508659683955,-7.890486801248406,-7.9650869973813005,-7.950453351825391,-7.897901197637899,-7.991713479537038,-7.902921693255037,-7.942889132948389,-7.971463266462826,-7.888444101082062,-7.9849522673673645,-7.922565690193912,-7.920053368286218,-7.98622517987645,-7.889038566753185,-7.969294691693644,-7.945561988963442,-7.901063162043773,-7.991840812575781,-7.899567880265124,-7.947814881808898,-7.967395612459152,-7.889646955360786,-7.987207619611357,-7.917964769405567,-7.924730075052495,-7.9837798573650485,-7.88804614857347,-7.973235258679169,-7.940617281916668,-7.904572625739838,-7.991497923822789,-7.896575035997874,-7.952666992524954,-7.963077937950846,-7.891300145617207,-7.9890344856619855,-7.913559098971939,-7.929541090597884,-7.980936925791782,-7.88751848636856,-7.976873201883844,-7.935663772388584,-7.908397975631529,-7.990687902004863,-7.893970119862767,-7.957401757496708,-7.958549136359908,-7.893388779986234,-7.990416409190245,-7.909388364978454,-7.934443077506032,-7.977721994159178,-7.887460333296379,-7.9801757508753495,-7.930746081375077,-7.912504753135334,-7.989418043762899,-7.891776596829734,-7.961976526169619,-7.953850002931809,-7.895894044141365,-7.9913409418897965,-7.9054901372134205,-7.939391878894547,-7.974164022429932,-7.887872213197244,-7.983113156437674,-7.925908507220424,-7.916855964580187,-7.98769978792407,-7.890014226057747,-7.9663500892287615,-7.949022867253714,-7.898793370773319,-7.991799755610759,-7.901899530741028,-7.944342916178262,-7.970295060656835,-7.888750415875127,-7.985658958550753,-7.921194626579763,-7.921412414444839,-7.985548612461371,-7.888698882905177,-7.970483049810531,-7.944111211951429,-7.9020606428753615,-7.991788717379323,-7.898648889586401,-7.949251590631161,-7.9661499602773125,-7.890087030518949,-7.987790224741164,-7.916646901882504,-7.926133058429389,-7.982983895068722,-7.887842415925271,-7.974338178387851,-7.939159280999811,-7.9056664290041505,-7.991307926627388,-7.895767495382037,-7.9540736851297495,-7.961766060173207,-7.891870016962806,-7.989487756656836,-7.91230629883263,-7.93097537318052,-7.980028738607551,-7.8874525401349,-7.977880748132111
-7.962666361484349,-7.936166729788001,-7.924387418020208,-7.968634558971992,-7.913748130071007,-7.952196601912275,-7.949153957934317,-7.915289739674608,-7.969354509464327,-7.921761082222237,-7.939403794764923,-7.960415515850085,-7.911115120602103,-7.964382715508265,-7.933426542949226,-7.926799615157977,-7.9677403661566375,-7.912683184417831,-7.954695314007607,-7.946454174636196,-7.916858704028938,-7.969690384755865,-7.919686065395339,-7.942194280424392,-7.958286197903878,-7.911532809639343,-7.965882714849069,-7.930748853267733,-7.929334004526997,-7.966599573088864,-7.9118675911829115,-7.957064935106316,-7.943699536162315,-7.9186394079045845,-7.969762094113239,-7.917797319342968,-7.9449682838477305,-7.955995442436905,-7.912210213620231,-7.967152847578699,-7.928157781254358,-7.93196775645934,-7.965222455982431,-7.911308697194227,-7.9592841197658055,-7.940914856174845,-7.920615810799384,-7.969568991581714,-7.916111857806463,-7.947700816934154,-7.953563884473622,-7.913141230519511,-7.968181672397409,-7.925676667171793,-7.934677146233481,-7.9636214198476445,-7.911011536944234,-7.961332877668302,-7.938125218948593,-7.92277010936302,-7.969112816620395,-7.914644863349188,-7.950367265145847,-7.951013427381177,-7.914317473777918,-7.9689599216964995,-7.9233278607865305,-7.937437767785542,-7.961810886747562,-7.910978787239392,-7.963192753692764,-7.935355753412955,-7.925082897768815,-7.968397678433266,-7.913409550592667,-7.952943609234637,-7.9483670455648445,-7.915728347847933,-7.969480585040525,-7.9211325200431455,-7.940224753558046,-7.9598071658846905,-7.911210743087601,-7.964846994157792,-7.932631406791621,-7.927533342520569,-7.967430018953649,-7.91241704717986,-7.955406641606327,-7.9456485775155885,-7.917361143638011,-7.969738972316992,-7.919110420474462,-7.943012998505776,-7.9576283066884,-7.911705315040785,-7.966280697738063,-7.929976719879091,-7.930099370119773,-7.966218554815562,-7.911676293537841,-7.957734175373684,-7.942882511073989,-7.919201152995514,-7.969732755984682,-7.917279777064426,-7.945777386240922,-7.955293936226465,-7.912458048016552,-7.967480949694805,-7.927415605978271,-7.932757865902717,-7.964774198834658,-7.911193962342825,-7.959905244214938,-7.9400937628448505,-7.921231801197107,-7.969461992040042,-7.91565708016833,-7.948493015280395,-7.952825082405301,-7.913462161429372,-7.968436938211202,-7.9249711354904955,-7.935484882256356,-7.963109961706064,-7.910974398412995,-7.96190029123749
-7.951005085775917,-7.9392182046116035,-7.933978835642431,-7.953659705106407,-7.929246542598999,-7.946348197962945,-7.944994847720027,-7.929932241532766,-7.953979934873922,-7.932810656842704,-7.940658032177562,-7.950003922804511,-7.928075395389479,-7.951768510005642,-7.937999385534918,-7.935051766818742,-7.953261973372875,-7.928772861002051,-7.947459610486296,-7.943793999901876,-7.930630107699641,-7.954129330238837,-7.931887701496272,-7.941899223875461,-7.9490568146378555,-7.928261181029899,-7.952435700937924,-7.936808364828203,-7.936179048384729,-7.952754555289597,-7.928410089902115,-7.94851360408949,-7.9425687528224325,-7.93142215436699,-7.954161226141521,-7.931047598300728,-7.943133084371144,-7.9480379000063195,-7.928562486358004,-7.9530006485462,-7.935655871153583,-7.937350525837643,-7.952142021656343,-7.928161497125295,-7.949500684444522,-7.941330143453478,-7.932301246813283,-7.9540753352650855,-7.930297914868691,-7.9443484991035564,-7.946956357248074,-7.928976597228658,-7.9534582638072715,-7.934552286123368,-7.938555646560133,-7.9514298901491305,-7.928029321984389,-7.950411959974986,-7.940089329133711,-7.9332594662124425,-7.953872431310766,-7.9296454043155356,-7.945534519670263,-7.945821928852699,-7.929499783349357,-7.953804424543002,-7.933507550782956,-7.939783554877752,-7.950624575617243,-7.928014755107251,-7.951239221950996,-7.938857487063931,-7.934288180966281,-7.953554342028456,-7.929095944427613,-7.946680462450182,-7.9446448337012665,-7.930127331882546,-7.954036012552714,-7.932531076062327,-7.941023189846401,-7.949733332298552,-7.928117927711668,-7.951975018433073,-7.937645713623303,-7.935378124457556,-7.9531239327524155,-7.928654484715418,-7.947776004841172,-7.943435675015111,-7.930853589898648,-7.954150941701805,-7.931631658002801,-7.942263384888826,-7.94876418847366,-7.928337910423359,-7.952612721398878,-7.936464924413665,-7.936519478523256,-7.952585080590466,-7.9283250018286155,-7.948811278245577,-7.942205344842477,-7.931672015297409,-7.954148176713557,-7.930817398522685,-7.9434929683826505,-7.947725874147499,-7.928672721647737,-7.953146586448153,-7.935325755932262,-7.937701961896175,-7.951942639499172,-7.928110463734553,-7.9497769569661205,-7.940964925943425,-7.932575235738846,-7.954027742494862,-7.930095632435552,-7.9447008642938615,-7.946627742409837,-7.929119345420022,-7.953571804548026,-7.934238469758657,-7.938914922818115,-7.951202396559619,-7.928012802982943,-7.950664342211376
-7.94427447544858,-7.941326579218972,-7.940016214261996,-7.944938395123879,-7.93883266887576,-7.943109788892892,-7.94277131631284,-7.939004162019139,-7.945018484514033,-7.9397240530166915,-7.941686679757342,-7.944024084822978,-7.938539765231859,-7.9444654076703465,-7.941021752852213,-7.940284554098903,-7.944838922510104,-7.938714201218862,-7.943387752905717,-7.942470984553649,-7.939178698184679,-7.945055848259948,-7.939493222099851,-7.941997101511447,-7.943787213291434,-7.938586230177188,-7.944632271966871,-7.940723878851299,-7.94056648695559,-7.944712017365844,-7.938623472251392,-7.943651356460005,-7.9421645505449,-7.939376788871418,-7.945063825417768,-7.9392831124866206,-7.942305689733589,-7.943532382979774,-7.93866158656946,-7.9447735652319125,-7.940435640452124,-7.940859473193287,-7.944558822847056,-7.938561299255901,-7.943898225026538,-7.941854774630662,-7.939596649687166,-7.945042344129608,-7.939095616835151,-7.942609664674639,-7.943261889388234,-7.938765155601609,-7.944888014701957,-7.940159634093507,-7.941160873604857,-7.944380718923225,-7.938528242283994,-7.9441261348241285,-7.941544447258739,-7.939836300135367,-7.944991597897965,-7.938932424098021,-7.942906288141703,-7.942978169111185,-7.93889600432835,-7.944974589421212,-7.93989834602858,-7.9414679731886535,-7.9441793099466596,-7.938524599111419,-7.9443330328513495,-7.941236363844445,-7.940093581455328,-7.9449120438426615,-7.938795004308227,-7.943192888163641,-7.942683777888399,-7.939052954070109,-7.945032509528417,-7.939654129928738,-7.941778005605136,-7.94395641020056,-7.938550402555716,-7.944517055379873,-7.940933299589621,-7.940366176068239,-7.944804398583128,-7.938684595337189,-7.943466883060064,-7.9423813675830575,-7.939234591030519,-7.945061253281795,-7.939429185681862,-7.94208817809594,-7.943714027556031,-7.938605420180594,-7.944676544742861,-7.940637984483739,-7.940651628453821,-7.944669631783125,-7.93860219174406,-7.943725804697003,-7.942073662293887,-7.93943927903183,-7.945060561758878,-7.939225539575832,-7.942395696640914,-7.9434543453852715,-7.9386891563897075,-7.9448100642671475,-7.94035307871228,-7.940947367269545,-7.9445089574160574,-7.938548535816781,-7.943967320719742,-7.941763433816593,-7.939665174253535,-7.9450304411888775,-7.93904502604581,-7.942697791126536,-7.943179702893849,-7.93880085689097,-7.944916411214733,-7.940081148693898,-7.941250728513168,-7.944323822829556,-7.938524110885585,-7.944189255562575
-5.9184210384666756,-5.9184210384666756,-5.9184210384666756,-5.9184210384666756,-5.9184210384666756,-5.9184210384666756,-5.9184210384666756,-5.9184210384666756,-5.9184210384666756,-5.9184210384666756,-5.9184210384666756,-5.9184210384666756,-5.9184210384666756,-5.9184210384666756,-5.9184210384666756,-5.9184210384666756,-5.9184210384666756,-5.9184210384666756,-5.9184210384666756,-5.9184210384666756,-5.9184210384666756,-5.9184210384666756,-5.9184210384666756,-5.9184210384666756,-5.9184210384666756,-5.9184210384666756,-5.9184210384666756,-5.9184210384666756,-5.9184210384666756,-5.9184210384666756,-5.9184210384666756,-5.9184210384666756,-5.9184210384666756,-5.9184210384666756,-5.9184210384666756,-5.9184210384666756,-5.9184210384666756,-5.9184210384666756,-5.9184210384666756,-5.9184210384666756,-5.9184210384666756,-5.9184210384666756,-5.9184210384666756,-5.9184210384666756,-5.9184210384666756,-5.9184210384666756,-5.9184210384666756,-5.9184210384666756,-5.9184210384666756,-5.9184210384666756,-5.9184210384666756,-5.9184210384666756,-5.9184210384666756,-5.9184210384666756,-5.9184210384666756,-5.9184210384666756,-5.9184210384666756,-5.9184210384666756,-5.9184210384666756,-5.9184210384666756,-5.9184210384666756,-5.9184210384666756,-5.9184210384666756,-5.9184210384666756,-5.9184210384666756,-5.9184210384666756,-5.9184210384666756,-5.9184210384666756,-5.9184210384666756,-5.9184210384666756,-5.9184210384666756,-5.9184210384666756,-5.9184210384666756,-5.9184210384666756,-5.9184210384666756,-5.9184210384666756,-5.9184210384666756,-5.9184210384666756,-5.9184210384666756,-5.9184210384666756,-5.9184210384666756,-5.9184210384666756,-5.9184210384666756,-5.9184210384666756,-5.9184210384666756,-5.9184210384666756,-5.9184210384666756,-5.9184210384666756,-5.9184210384666756,-5.9184210384666756,-5.9184210384666756,-5.9184210384666756,-5.9184210384666756,-5.9184210384666756,-5.9184210384666756,-5.9184210384666756,-5.9184210384666756,-5.9184210384666756,-5.9184210384666756,-5.9184210384666756,-5.9184210384666756,-5.9184210384666756,-5.9184210384666756,-5.9184210384666756,-5.9184210384666756,-5.9184210384666756,-5.9184210384666756,-5.9184210384666756,-5.9184210384666756,-5.9184210384666756,-5.9184210384666756,-5.9184210384666756,-5.9184210384666756,-5.9184210384666756,-5.9184210384666756,-5.9184210384666756,-5.9184210384666756,-5.9184210384666756,-5.9184210384666756,-5.9184210384666756,-5.9184210384666756,-5.9184210384666756,-5.9184210384666756,-5.9184210384666756,-5.9184210384666756,-5.9184210384666756,-5.9184210384666756,-5.9184210384666756
-5.909816829604084,-5.9068462314386965,-5.905525775278103,-5.910485862166899,-5.904333115333803,-5.908643173723383,-5.908302094544531,-5.904505929156753,-5.910566568330525,-5.905231364080523,-5.907209105134146,-5.909564510704398,-5.904037956020368,-5.910009232206996,-5.90653905758476,-5.9057961816171085,-5.910385623508218,-5.904213735349967,-5.9089232783546946,-5.9079994499114195,-5.90468180943637,-5.910604219817016,-5.904998755520157,-5.9075219174658615,-5.909325815010171,-5.904084778795188,-5.910177381536049,-5.906238889637278,-5.906080285656601,-5.910257741059396,-5.904122307672967,-5.90918891193667,-5.90769065603494,-5.904881425632049,-5.910612258407435,-5.904787027839472,-5.907832882145469,-5.909069022234124,-5.904160715511815,-5.9103197629094835,-5.905948431495915,-5.9063755281998915,-5.9101033667799046,-5.904059655879295,-5.909437681653685,-5.907378494516743,-5.905102979609879,-5.9105906116905125,-5.904598088272102,-5.908139198016814,-5.908796445554284,-5.904265082135647,-5.910435093762153,-5.905670299594829,-5.9066792497151415,-5.909923891266463,-5.904026344333551,-5.909667346599078,-5.907065777294053,-5.905344475621376,-5.910539474658923,-5.904433638777356,-5.9084381058000055,-5.908510540329391,-5.9043969385367285,-5.910522335198811,-5.905406999333947,-5.9069887142923045,-5.909720931226599,-5.904022673104674,-5.909875837961125,-5.906755321309851,-5.905603738281096,-5.910459307952794,-5.904295160709047,-5.908726912946885,-5.9082138819811325,-5.9045550969584015,-5.910580701352434,-5.905160902510436,-5.907301134288084,-5.909496314915422,-5.904048675262931,-5.9100612776588095,-5.906449923137984,-5.905878432162406,-5.910350833710292,-5.904183901471522,-5.909003017895379,-5.907909142794855,-5.904738132716559,-5.910609666463279,-5.904934225953652,-5.907613695436907,-5.909252065666779,-5.904104116582027,-5.910221995259494,-5.906152333791748,-5.9061660828349085,-5.910215029062617,-5.904100863283098,-5.909263933504261,-5.907599067847742,-5.904944397033147,-5.910608969614901,-5.904729011556047,-5.907923582201694,-5.908990383667157,-5.904188497648996,-5.910356543026103,-5.905865233942877,-5.906464099154003,-5.910053117332062,-5.904046794148122,-5.9095073094572035,-5.9072864502812745,-5.905172031888278,-5.910578617084481,-5.904547107879885,-5.908228003136105,-5.908713626136493,-5.904301058362901,-5.910463708958274,-5.905591209774182,-5.9067697966017985,-5.9098665570123705,-5.9040221811189815,-5.909730953434334
-5.908123079176864,-5.896227157927186,-5.890939319712272,-5.910802256311439,-5.886163248367334,-5.903423110633919,-5.902057240588352,-5.886855290681444,-5.911125448514962,-5.889760334125382,-5.897680305294923,-5.907112654476732,-5.884981266909982,-5.90889356582132,-5.894997063591649,-5.892022176542828,-5.910400845173527,-5.885685184756091,-5.904544804801305,-5.900845283762926,-5.887559612787371,-5.911276225931933,-5.888828840546627,-5.898932979220122,-5.906156784640734,-5.885168771247809,-5.909566928916976,-5.893795024787973,-5.89315988655689,-5.909888732980726,-5.885319057671551,-5.90560854886782,-5.899608701959371,-5.888358986654767,-5.911308416902658,-5.88798096558153,-5.900178254122373,-5.905128444060395,-5.885472863942499,-5.910137102838691,-5.892631869428815,-5.894342201312708,-5.909270532817139,-5.885068165170383,-5.906604760673716,-5.898358634252164,-5.889246211559007,-5.911221731452292,-5.88722434685047,-5.901404912620149,-5.9040368959824185,-5.88589080574044,-5.910598951484866,-5.891518075166469,-5.8955584705709825,-5.908551813402637,-5.8849347672812,-5.907524466386875,-5.89710634119621,-5.890213295417188,-5.911016950439556,-5.886565799941689,-5.9026019050276695,-5.902891973023863,-5.886418831840306,-5.910948314543216,-5.890463675010649,-5.896797738231748,-5.907739048930084,-5.884920065646316,-5.908359381338701,-5.89586310339226,-5.891251526780467,-5.910695918522803,-5.886011257016765,-5.903758448889997,-5.9017039886003655,-5.887052185806219,-5.911182044966684,-5.889478166951564,-5.8980488410264424,-5.90683956074609,-5.885024192697413,-5.909101984652041,-5.894640119871751,-5.892351553306405,-5.910261527543414,-5.885565713373968,-5.904864126110902,-5.900483644023344,-5.887785162413522,-5.911298037321898,-5.888570428402451,-5.899300509076138,-5.905861451400639,-5.885246210462595,-5.909745586988924,-5.893448407216425,-5.893503466004454,-5.909717690476219,-5.885233182450827,-5.905908976798629,-5.899241932103054,-5.888611159041186,-5.911295246754826,-5.887748636232221,-5.900541467410113,-5.904813531659681,-5.885584119015602,-5.9102843908078135,-5.892298700321449,-5.894696888495712,-5.909069306181591,-5.885016659671269,-5.906883588984154,-5.897990038125841,-5.889522735147931,-5.911173698402774,-5.887020193108587,-5.901760537530298,-5.903705241138134,-5.886034874491058,-5.910713542587619,-5.891201355695948,-5.895921070482888,-5.908322215276728,-5.8849180954629645,-5.907779183403791
-5.912624910195861,-5.88584817139782,-5.8739456831654895,-5.918655517226666,-5.863195140000311,-5.902045668168948,-5.898971207210895,-5.864752870241894,-5.919382996253607,-5.871291883729178,-5.889119086418548,-5.910350527430318,-5.860534597106377,-5.914359212163147,-5.8830793303784255,-5.8763831046899675,-5.917751973821754,-5.862119058192233,-5.904570509339379,-5.896243192232669,-5.8663382412833,-5.9197223837988115,-5.869195168415846,-5.891938752234264,-5.908198943169944,-5.86095665392502,-5.915874897022703,-5.880373640050154,-5.878943996211948,-5.916599251461367,-5.861294936284914,-5.90696490960643,-5.893459748457172,-5.868137566009817,-5.919794843022162,-5.867286671713716,-5.894741763458825,-5.9058842332338894,-5.861641141530916,-5.917158311552001,-5.877755473152437,-5.881605289333274,-5.915207733817809,-5.8607301979322335,-5.909207300317842,-5.890645949023467,-5.870134636183477,-5.919599721214163,-5.8655835852771085,-5.89750287069045,-5.903427248427414,-5.862581894089829,-5.918197894809429,-5.875248414017493,-5.884343011242604,-5.91358995562079,-5.860429930272426,-5.911277482116752,-5.887827140513047,-5.8723114622840225,-5.919138776023475,-5.864101250433713,-5.900197201996679,-5.90085012116155,-5.863770437344099,-5.918984282274746,-5.8728750461237045,-5.887132500661432,-5.911760489745126,-5.860396838103361,-5.913156806896598,-5.885028714628955,-5.874648435557717,-5.918416159624096,-5.8628530199905775,-5.902800486959651,-5.8981760660853215,-5.865196064948385,-5.919510390204261,-5.870656748664634,-5.889948629991805,-5.9097358159389355,-5.86063121951784,-5.914828345782451,-5.882275879468425,-5.877124504652134,-5.917438381312758,-5.861850137952615,-5.905289275302961,-5.895429170969199,-5.866845934911955,-5.919771479440895,-5.86861350396619,-5.892766031664623,-5.9075341723747785,-5.861130963218393,-5.916277041625571,-5.879593432449466,-5.879717365245812,-5.916214248873468,-5.861101638237097,-5.907641148130715,-5.8926341797235295,-5.868705185278766,-5.919765198104292,-5.866763717486719,-5.895559326649575,-5.9051753913610145,-5.861891567535757,-5.9174898446375455,-5.8770055369367995,-5.882403660964609,-5.914754789237378,-5.8606142632965295,-5.9098349198759585,-5.889816269506483,-5.87075706800332,-5.919491602776454,-5.8651240520214385,-5.898303353068341,-5.902680720693234,-5.862906180979701,-5.918455829942202,-5.874535504579343,-5.885159193774879,-5.9130731491526785,-5.8603924033829315,-5.9118508291393335
-5.925344004088569,-5.877742467136857,-5.8565831789321985,-5.936064733210336,-5.837471726204968,-5.906537076775149,-5.9010715468610995,-5.840240933994413,-5.937357987032011,-5.851865467306346,-5.883557237314787,-5.92130078896544,-5.832742026601426,-5.928427106919123,-5.872820243818619,-5.860916231274363,-5.934458486269633,-5.835558754340222,-5.911025536746991,-5.8962219008018755,-5.843059279379146,-5.937961322968319,-5.848138095118956,-5.8885698128763835,-5.917475875168157,-5.833492325336454,-5.93112156980325,-5.868010284730153,-5.865468778667542,-5.932409268982685,-5.834093696563027,-5.915282109350878,-5.891273717875953,-5.84625797445189,-5.938090135159521,-5.844745322870853,-5.893552781242636,-5.913360969638224,-5.834709152460579,-5.933403121137844,-5.8633559177713,-5.870199811965124,-5.9299355406086525,-5.833089750049379,-5.919268451568077,-5.88627157109742,-5.849808205508167,-5.937743263271066,-5.841717712505171,-5.898461256053744,-5.908993139263608,-5.836381546848607,-5.935251208808867,-5.858899069274841,-5.87506671422732,-5.927059584383888,-5.832555958305302,-5.922948654603285,-5.881260519584368,-5.853677992222827,-5.936923831909662,-5.839082536602874,-5.903251021984574,-5.904411729268145,-5.83849444364547,-5.936649185323891,-5.854679886335936,-5.880025644612691,-5.923807306795527,-5.8324971297033406,-5.926289567349488,-5.876285702668352,-5.857832475727408,-5.9356392224769605,-5.836863532712546,-5.907878933034364,-5.899658008791499,-5.841028809969789,-5.937584457771978,-5.850736375168864,-5.885031933294507,-5.920208004216991,-5.832913794168952,-5.92926109501166,-5.871391933281264,-5.862234232617291,-5.93390100667821,-5.8350806895236,-5.912303301183995,-5.894774799138569,-5.843961816361221,-5.938048601260065,-5.847104058748708,-5.890040483844593,-5.916294099007542,-5.833802198406963,-5.9318364701993636,-5.866623294282427,-5.86684361206008,-5.931724842284846,-5.833750066809038,-5.916484271919843,-5.889806088047054,-5.847267042427238,-5.938037434804035,-5.843815656821966,-5.895006179459959,-5.912100847453105,-5.835154339711088,-5.93399249404622,-5.8620227413621295,-5.871619092968566,-5.92913033208998,-5.832883650759728,-5.920384183241475,-5.884796633447855,-5.850914714836866,-5.93755105899083,-5.840900791168511,-5.89988428937299,-5.907666022179184,-5.8369580380519475,-5.935709745184279,-5.8576317160986635,-5.87651765802083,-5.926140847327288,-5.832489246013322,-5.9239679049192935
-5.941111342909875,-5.866802127460422,-5.833771048914534,-5.957847125430779,-5.803936779913925,-5.911752458655932,-5.903220397173537,-5.808259700378843,-5.959865982027009,-5.826406382307455,-5.8758793765916675,-5.934799610916897,-5.796553399263688,-5.945924274742743,-5.859118204283395,-5.840535236389704,-5.955339665427904,-5.800950501580299,-5.918759247941375,-5.8956497720016205,-5.812659327950062,-5.960807830188865,-5.820587702477558,-5.883704345725357,-5.928828662043412,-5.797724666284104,-5.950130513360213,-5.8516095331543445,-5.847642070470015,-5.9521406987846,-5.798663447401315,-5.925404045377628,-5.887925324123002,-5.81765270708315,-5.961008914722717,-5.815291355760624,-5.89148309602666,-5.922405016481545,-5.799624215641577,-5.9536921691498845,-5.844343751852429,-5.855027533106761,-5.948279041651641,-5.797096219060388,-5.931626994921747,-5.880116635024311,-5.823194857638581,-5.960467424267928,-5.810565051414848,-5.899145556855118,-5.915586538147889,-5.802234936279073,-5.956577158873112,-5.837386310215934,-5.862625096377456,-5.943789479666571,-5.796262934081461,-5.937372040518037,-5.872294045033372,-5.829235856167993,-5.959188236546693,-5.806451363781828,-5.906622705100721,-5.908434647595269,-5.805533310939956,-5.958759494669404,-5.830799880573006,-5.870366321766442,-5.938712454606224,-5.796171098658958,-5.9425874310485405,-5.864528019696652,-5.835721285622429,-5.95718287442572,-5.802987348778766,-5.913847186941056,-5.901013768739111,-5.809489628010404,-5.960219518153925,-5.8246437931920765,-5.878181476656013,-5.933093700088958,-5.796821540042324,-5.947226186504827,-5.856888515028684,-5.8425927255387125,-5.9544694021187645,-5.800204210100398,-5.920753924561569,-5.893390748529647,-5.814068249160318,-5.960944077499367,-5.818973501837413,-5.886000162474779,-5.9269838296082495,-5.798208399084198,-5.951246521181843,-5.849444347351395,-5.849788278288407,-5.951072262464979,-5.798127018137488,-5.927280702373663,-5.885634254797524,-5.819227930371831,-5.960926645907025,-5.813840084244058,-5.89375194884489,-5.920437880608565,-5.800319183019352,-5.954612220081706,-5.842262573399689,-5.85724312664894,-5.947022056748895,-5.7967744841438416,-5.933368727449973,-5.877814157697007,-5.824922193463608,-5.960167380399915,-5.80928978201183,-5.901367008015799,-5.913514818710486,-5.803134877998963,-5.957292965136814,-5.83540788627734,-5.864890117674276,-5.942355269045399,-5.796158791686166,-5.938963159128471
-5.965094946671051,-5.858224376752424,-5.810719499088535,-5.989164136545081,-5.767812232312592,-5.922871372200289,-5.910600669735066,-5.774029401623349,-5.992067630461928,-5.800127729106861,-5.87127916117024,-5.956017493878912,-5.757193548031721,-5.972016844107958,-5.8471734560264705,-5.820447667608893,-5.985557939414153,-5.76351740473946,-5.932948447563093,-5.899712692761157,-5.780356890120191,-5.993422184526664,-5.791759377673814,-5.882532932399756,-5.947430151041222,-5.758878049385176,-5.978066203067594,-5.8363745805701805,-5.830668626125089,-5.98095722621522,-5.760228192465255,-5.942504910845756,-5.888603489924044,-5.787538304572561,-5.993711381749438,-5.784142239090102,-5.893720232291524,-5.938191745575632,-5.761609957146466,-5.983188531190613,-5.825925026178534,-5.8412903046925155,-5.975403439970358,-5.757974224569424,-5.951454677847498,-5.8773731324341005,-5.795508955115043,-5.99293261705439,-5.777344928204946,-5.904740286140343,-5.928385496632103,-5.765364662410677,-5.987337686770656,-5.815918921977722,-5.852217023697971,-5.9689466089417,-5.756775804695604,-5.95971712946094,-5.866122782857473,-5.804197042478246,-5.99109290551963,-5.771428674895731,-5.915493825786004,-5.918099738469657,-5.7701083429579905,-5.990476294396814,-5.806446402514137,-5.863350355737416,-5.961644895979066,-5.756643728157286,-5.967217837885487,-5.854953783848161,-5.8135243047534635,-5.988208819185717,-5.766446772511958,-5.925883983816518,-5.907427124745266,-5.775798267922751,-5.992576081629684,-5.797592795826332,-5.874590012245684,-5.953564074591554,-5.757579184694119,-5.973889237069666,-5.843966745257811,-5.823406722372504,-5.984306337775453,-5.762444097811106,-5.935817166145495,-5.896463793893781,-5.7823831827112215,-5.993618133678261,-5.789437854813805,-5.885834746891478,-5.944776936462685,-5.759573747754776,-5.979671231343157,-5.83326063784664,-5.833755274952263,-5.979420614669679,-5.759456706710769,-5.945203895103563,-5.885308503117145,-5.789803770700715,-5.993593063783539,-5.782055038826393,-5.896983267599851,-5.935362635746102,-5.762609450402967,-5.984511736755942,-5.822931901759154,-5.844476743186431,-5.97359566024717,-5.757511509498539,-5.953959615449269,-5.874061738783862,-5.797993187561113,-5.992501097774026,-5.775510851945683,-5.907935148986793,-5.92540597604845,-5.766658947162798,-5.98836715024824,-5.813073577795587,-5.855474548560867,-5.96688394544107,-5.756626028425319,-5.962005456038967
-5.9961343216532805,-5.850908933870899,-5.786355013314978,-6.028841711870488,-5.728048741897478,-5.93875711312203,-5.9220825737682015,-5.736497193372481,-6.032787241779412,-5.771961959136811,-5.868648954635608,-5.983799058513781,-5.7136191141374475,-6.005540421388972,-5.8358919441701715,-5.799574527788018,-6.023941285334374,-5.722212542088292,-5.95245075374161,-5.90728700676219,-5.745095556526548,-6.034627932247082,-5.760590287002107,-5.883941595931196,-5.972129801069253,-5.715908166796768,-6.01376083699466,-5.821217456357974,-5.813463689838454,-6.017689420495446,-5.717742863219885,-5.965436939621498,-5.892190818062146,-5.754854311434148,-6.035020919566742,-5.750239430770556,-5.89914390996636,-5.959575820892552,-5.7196205299321115,-6.020721519328257,-5.807017657574871,-5.8278973865056365,-6.010142433877102,-5.714679967962844,-5.97759869177066,-5.876929993471675,-5.765685551660444,-6.033962663725909,-5.74100263049967,-5.914118954965145,-5.946250203684757,-5.724722762739693,-6.026359766869558,-5.793420458983526,-5.842745599685043,-6.0013683084027445,-5.713051446742884,-5.98882645766083,-5.86164200182723,-5.777491709870034,-6.031462697446635,-5.7329630908798865,-5.928731836381081,-5.932272986019365,-5.731168904530869,-6.030624790532785,-5.780548343550599,-5.857874577325655,-5.991446081008602,-5.7128719692075,-5.999019098070876,-5.846464556684909,-5.790166436709217,-6.02754354031517,-5.726193231730373,-5.942850922021316,-5.917770074058135,-5.738900888744007,-6.033478171172435,-5.768517262725557,-5.873148038262533,-5.980465130682473,-5.714143152082435,-6.008084798144443,-5.83153437580276,-5.803595558796293,-6.022240495926518,-5.720754035644485,-5.956349027783613,-5.902872109393909,-5.747849066005509,-6.034894205661249,-5.757435591955125,-5.888428399831566,-5.968524373341756,-5.716853544608281,-6.015941894454144,-5.8169859495932705,-5.817658107190357,-6.0156013338712055,-5.7166944986612505,-5.969104563325171,-5.887713292236896,-5.757932831528309,-6.0348601384228555,-5.747403154442027,-5.903578017208047,-5.9557313708032025,-5.72097873168842,-6.022519610622119,-5.8029503296396285,-5.832227407074216,-6.007685859428918,-5.714051188911201,-5.9810026273430505,-5.872430172545089,-5.769061351196245,-6.033376276333438,-5.738510321941974,-5.918460423305219,-5.942201361870811,-5.726481553819132,-6.027758694870538,-5.7895539481888365,-5.847172218835525,-5.998565374845155,-5.712847917212263,-5.9919360426000665
13.929926142266906,14.296627023540617,14.459628685433243,13.847338455637443,14.606854741697047,14.074806271387056,14.116910261393572,14.585522007465178,13.837375808494352,14.495971818902875,14.251832643249612,13.961073257334524,14.643290225167638,13.906175301486952,14.334545623321441,14.426248794483746,13.859712261325624,14.621591418568757,14.040229189791857,14.154269758537273,14.563810739247858,13.832727979165382,14.524685821716213,14.21321801032814,13.990538676942359,14.637510260381363,13.885418368466679,14.371599389850447,14.391178012151387,13.87549851179496,14.632877566294605,14.007438464428636,14.19238833948729,14.539169427701742,13.831735667843995,14.550822216736451,14.174831457954474,14.022238062735616,14.628136370222583,13.867842320745455,14.407454544429042,14.35473225450036,13.89455500519579,14.640611519752445,13.976729472708724,14.230922633743573,14.511820040677057,13.834407813226923,14.574145568467204,14.137018770503458,14.055885868041786,14.615252994281407,13.85360548258784,14.441788105402358,14.317239823312038,13.916710081474013,14.644723611829816,13.948378839878396,14.269525526078924,14.482008940248798,13.840720344746122,14.594445781182264,14.100120562999946,14.09117899491113,14.598976185441467,13.842836098805561,14.474290797563762,14.279038448756951,13.941764168677294,14.6451768009822,13.9226419471908,14.307849283337626,14.45000466349798,13.850616399395408,14.611539991458676,14.064469212873677,14.127799524409648,14.579452564480642,13.835631179533893,14.504669838092331,14.240472247136294,13.96949158069046,14.64196700490166,13.89975063144288,14.345548686800496,14.416095503541444,13.864006833949913,14.625274215402387,14.030385865917994,14.165417580418852,14.556857999317538,13.832055626368627,14.53265157392761,14.201888621097423,13.999642550206053,14.635123137290064,13.879911096599722,14.382284141899847,14.380586912600135,13.880771027964327,14.635524735728394,13.998177543422644,14.203694301145353,14.531396020801017,13.83214164773536,14.557983946824345,14.16363513024609,14.031945478617262,14.624706847405731,13.863302056318288,14.417724737272442,14.343798750498904,13.900757970316556,14.642199216200604,13.968134376539554,14.242284891572938,14.503295989313278,13.835888468757409,14.580438763882059,14.126056360344757,14.066109382566234,14.61081196472965,13.850073124102648,14.45155122559448,14.306062403383388,13.923787619509303,14.64523753339259,13.940526992794181
13.225147359845288,13.689861201679442,13.896430458509055,13.120485377554811,14.083007556406386,13.408751503841327,13.462109180224633,14.05597294212544,13.107859882866546,13.942487498569335,13.633094039066393,13.264619573423964,14.12918163006525,13.195048319921234,13.73791480362311,13.854128685714656,13.136166492799177,14.101683098447992,13.364932551534192,13.509454240826443,14.028458618109315,13.101969767151104,13.978876270026536,13.58415836606331,13.301960602710967,14.12185677818007,13.16874340880392,13.78487241697356,13.809684074790379,13.156172141758294,14.115985843101807,13.323377418350052,13.557761275532819,13.997231099602534,13.100712227750453,14.011998482603069,13.535511735691514,13.3421326996653,14.10997740528768,13.146469579975314,13.830311049615784,13.763496980835939,13.180322114426552,14.125786951873284,13.284460431100268,13.606595136700552,13.96257168271784,13.104098592524178,14.041555772865365,13.487592354657028,13.384773995805102,14.093650520256418,13.128427475105493,13.873821392346176,13.715983455161528,13.208398868912717,14.13099813680584,13.248532152293713,13.655515931056872,13.924792577957575,13.112098357247394,14.067281890043208,13.440831878635837,13.4295003802109,14.073023194948298,13.1147796166813,13.915011505911803,13.66757149751589,13.240149491047696,14.131572455774894,13.215916222285081,13.704082982238614,13.884234097835208,13.124639460391453,14.088945094404977,13.39565152393855,13.475908959579854,14.048281239402115,13.105648944010944,13.953510351581958,13.61869720068346,13.275287972624291,14.12750473534043,13.186906443936845,13.751858800385637,13.841261591355163,13.141608932251017,14.106350244758918,13.352458273212438,13.523581687470909,14.019647528064834,13.101117705792095,13.988971133448732,13.569800822179715,13.313497787746485,14.118831617349162,13.161764136055986,13.798413023030122,13.796262152965117,13.162853912570213,14.119340556276445,13.311641209359582,13.572089130048738,13.987379992148337,13.101226719219266,14.021074422349283,13.521322818430871,13.35443474408083,14.105631228866336,13.140715779445674,13.843326291782795,13.749641135626138,13.18818302750105,14.12779901280296,13.27356801069529,13.620994334404834,13.95176929619645,13.105975002304305,14.049531033269684,13.473699877161703,13.397730083325808,14.088022478410632,13.123950976776154,13.886194029894828,13.701818499411228,13.217368113490704,14.131649420934227,13.238581638918
13.197948088415558,13.770788939858374,14.025421572484827,13.068933943254017,14.255410382797429,13.424272214591802,13.490044855771988,14.222085506133539,13.053370819292468,14.08219490623993,13.700813512320202,13.24660447520511,14.312327980872261,13.16084577274178,13.830023384314899,13.973277260515456,13.088263652420203,14.278431245188887,13.370257714292261,13.54840589946225,14.188169303564528,13.046110224496726,14.127050412893723,13.640491761458694,13.292633805698241,14.303298823543873,13.128420382479899,13.887906831700988,13.918491526861771,13.112924103544653,14.296061872228364,13.319033765848914,13.607952743994922,14.149675941242315,13.044560087883298,14.16787931607234,13.580526306046355,13.342152920800856,14.288655424811818,13.10096400411873,13.943917870469352,13.861557879002035,13.142693156368658,14.308143448003204,13.271061792335566,13.668148994014405,14.10695216568104,13.048734373014597,14.204313830812357,13.52145731226716,13.394715754502862,14.26852969176758,13.078723963506516,13.997551955647179,13.802989172731191,13.17730265257416,14.314567142210397,13.226773923178946,13.728452404349088,14.060382830771193,13.05859547811382,14.236025756608043,13.463816871018132,13.449848823110965,14.24310291612893,13.061900597950569,14.048325953754986,13.743312992378385,13.216440831342098,14.315275090495156,13.186569101555808,13.788319764531881,14.010387431032669,13.074054574780103,14.262729433827118,13.408124204857959,13.507055490368899,14.212604141172076,13.050645451587616,14.09578249485179,13.683066898350592,13.259755137680163,14.310260915690485,13.150809490730396,13.84721179201637,13.957416322826589,13.094972408150856,14.2841843169201,13.354880990873042,13.565820441135006,14.17730809851994,13.045059910280884,14.139494092503405,13.622793584812083,13.306855398222613,14.299569785262406,13.119817211703662,13.90459799001011,13.901946667565056,13.121160551303422,14.300197141244073,13.304566841592308,13.625614323318342,14.13753273337176,13.04519428834071,14.17906699456142,13.563035991119303,13.357317335894813,14.283298004443413,13.093871441561479,13.959961426166466,13.84447813346204,13.152383102596513,14.310623663982057,13.25763498465875,13.685898516259016,14.093636340466745,13.051047375295447,14.214144730065232,13.50433241104695,13.410686391782438,14.261592148719213,13.07320589865969,14.012803389088429,13.785528394544286,13.188358810661843,14.31536996347598,13.214508180174732
13.128655131785093,13.819764140134458,14.126967974820163,12.97300485352533,14.404440047955747,13.40170591371386,13.48105790948732,14.364234950140991,12.95422858234845,14.195462675038124,13.735341654878871,13.187357068176839,14.473108797162526,13.083892708630062,13.891228069540619,14.064057999657875,12.99632535537131,14.432213774879441,13.336539632984264,13.551468116666891,14.323316441858273,12.945468972315973,14.249579005332011,13.662565934860316,13.242889568821601,14.462215488922142,13.04477280429226,13.96106207635435,13.997961257496895,13.026077178899852,14.453484403779493,13.274740038693364,13.623308943960643,14.276875777936462,12.94359879602702,14.29883740357071,13.590220070697766,13.30263235156258,14.444548828538048,13.011647809148739,14.028637098914848,13.929273144882456,13.061992320993644,14.468060329766642,13.216863818867443,13.695933252357177,14.225331293832854,12.94863489994732,14.342794152270182,13.518955750752509,13.366047256041425,14.420267956509674,12.984816111698317,14.093344424392095,13.858612401310841,13.103747259632906,14.475810253540919,13.163432319948244,13.76868684528184,14.16914729999238,12.96053191907434,14.381053290972153,13.449414920883095,13.43256304358876,14.389591593863942,12.964519410691073,14.154601172045192,13.78661553565116,13.150965868167512,14.476664364129944,13.114926850527121,13.84091436157055,14.108829899359558,12.979182685583227,14.41327018303855,13.382224001825305,13.501580542916928,14.35279607192585,12.950940537916667,14.211855543786482,13.713931092501548,13.203222803449352,14.470614967743112,13.071784345738466,13.911965178934528,14.044922428425417,13.00441919418988,14.439154620123118,13.317988246421743,13.572478047428644,14.31021284313807,12.944201811263584,14.264591794754418,13.641213810127896,13.260047337304611,14.457716557076916,13.034393431367215,13.981199274737053,13.978000562876334,13.03601411553513,14.458473436355478,13.257286287530777,13.644616915522638,14.262225495351933,12.944363932885038,14.312334879120586,13.56911872261041,13.32092759683251,14.438085320447113,13.003090923124896,14.047992991289322,13.908667131932654,13.073682843957611,14.471052608689002,13.200664925727315,13.717347323449088,14.209266296484936,12.951425442396593,14.354654729281622,13.49829525932532,13.385315175333831,14.411898095169546,12.978158792628468,14.11174465373143,13.837546688089853,13.117086061209095,14.47677882449277,13.14863420374728
13.035794052852895,13.855082498555122,14.219263183791083,12.851275441450136,14.548197781341736,13.359487345837882,13.453556693068476,14.50053587605616,12.82901675021222,14.300461541506666,13.755002242196484,13.105383390634747,14.629602468773472,12.982729578725808,13.939800786031634,14.144685345639358,12.87892117820015,14.581122679277906,13.282234726922292,13.537025825296256,14.45202824463131,12.818632502283508,14.364614784479842,13.66872886734746,13.171215459945879,14.616688787329595,12.936354136887063,14.022586850470633,14.066329693351763,12.91419104874304,14.606338354779306,13.208973211097822,13.622190913611393,14.396974267759044,12.816415465887728,14.423009098608597,13.582965073377702,13.242038689020388,14.595745505514467,12.89708547527629,14.102694958646088,13.984902051196569,12.956767343636768,14.623617666150468,13.140362734875628,13.708284794645452,14.33586986924074,12.822385611991178,14.475118470480522,13.498483416769831,13.317215105326865,14.566961279489208,12.86527732426953,14.179403500244204,13.901135915791647,13.006266537490221,14.632804962114824,13.077021338406778,13.794531938506102,14.269265474809762,12.836489161780444,14.520473501166505,13.416044904569516,13.39606752301488,14.530595396295402,12.841216210291543,14.252021488097304,13.815785848799129,13.062242743743033,14.63381748391455,13.019519598203734,13.880155434716121,14.197761053920656,12.85859907109955,14.558665634545688,13.3363921392675,13.477885642975265,14.48697543820881,12.825118874798397,14.319894782565877,13.72962067986723,13.124191731192171,14.62664611079782,12.968375487412272,13.964383990589004,14.122000715250723,12.888516174858156,14.589350837560973,13.260242629469056,13.56193245118328,14.43649433189268,12.817130321879953,14.382411983999662,13.643416581046568,13.19155546608433,14.611355442178153,12.924049709932143,14.046458878999337,14.042666904597384,12.925970981101903,14.612252699253704,13.188282326607949,13.64745085768851,14.37960680893161,12.817322512069415,14.439009940198803,13.557950075066506,13.263727138859496,14.58808321572569,12.886941550416635,14.12564077296348,13.960474257436383,12.970626098584082,14.627164920661391,13.121159445926219,13.733670516447797,14.316825309629488,12.825693714126023,14.489178819264056,13.473991040452445,13.340056630264725,14.557039066632404,12.857385277533938,14.201216405464459,13.876163161517104,13.022079275971217,14.633953173149704,13.059478627379809
12.927270811938033,13.884360049489612,14.309794359215225,12.711716963927671,14.694054340941506,13.305407924219683,13.415299330952188,14.638375908236487,12.685714456584204,14.40464993136947,13.767446724573677,13.008564776949665,14.789150946582495,12.865281121555132,13.983327588447239,14.22267284953288,12.744012594662394,14.732517065062048,13.215161747156351,13.512807612122327,14.581709501894032,12.673583622828676,14.47959347381261,13.666662539237727,13.085469517098211,14.774065239476602,12.81110552991412,14.080037912765196,14.13113811362981,12.785214705693637,14.761973908700671,13.129577959553668,13.612297101897422,14.517395682963393,12.67099369044919,14.547809460355584,13.566473644092635,13.168204908609518,14.74959938776172,12.765232048360854,14.173619860097105,14.036014692379627,12.83495215021805,14.78215952590594,13.049427496404796,13.712871603330939,14.44601378749579,12.67796798944266,14.608683404393016,13.467782536297726,13.256025674717055,14.715973778753629,12.728073903198815,14.263230448378877,13.938159453375711,12.892776895523735,14.792892085526194,12.975432349555309,13.81362514573912,14.368206820464913,12.694443695630618,14.66166695611535,13.371478221009774,13.34814072982373,14.673491310458822,12.69996581336472,14.348062469373975,13.838453872305507,12.95816805884914,14.79407490913659,12.908259064032347,13.91365014564487,14.2846756636064,12.720272396576622,14.706282842019881,13.278428203263655,13.443720305566032,14.622534663082519,12.681160975295096,14.427351759969742,13.737796092656428,13.030536599472178,14.78569734191409,12.848512733836394,14.012045582250046,14.196172761905999,12.755221428478972,14.742129164169395,13.18947067352521,13.541903425331018,14.56356285186229,12.671828782143876,14.500384085725095,13.637092835278775,13.109230624762994,14.767834848615646,12.796731551281113,14.107925113790916,14.103495345608273,12.798975971995993,14.76888302047115,13.105406957308286,13.641805659895748,14.497107092278938,12.672053297896372,14.56650157466293,13.537251230684259,13.193541262404175,14.74064833379494,12.75338195898069,14.2004250616659,14.00747824880149,12.851141888124793,14.786303413364706,13.026994296869898,13.74252709432676,14.423766014890845,12.681832500124571,14.62510864335194,13.439170647654112,13.28270904588135,14.704382692381355,12.71885444815522,14.288712190414362,13.908986389269213,12.91124926858815,14.794233420717344,12.95493903000532
12.807605223412065,13.911848412384991,14.40269390561371,12.558909637688778,14.846034454193685,13.243881501894826,13.370668882475396,14.781795376294859,12.528909204600954,14.51213366878084,13.776959482833483,12.901398261351083,14.95575231011916,12.736084522200368,14.026032363615016,14.302177328992421,12.596170771628213,14.89041088167092,13.139759835447123,13.483169212774825,14.716416422282894,12.514913236382387,14.59859989685383,13.66067957303311,12.990127224311745,14.938347152199782,12.67357934950487,14.137612049961358,14.196568985789252,12.643707770993021,14.924396760605056,13.041017408054948,13.597955365568254,14.642214254162528,12.511925097891492,14.67730419689575,13.54508648021168,13.085583310305445,14.910119637921493,12.620652749171075,14.245582366518715,14.086820191313176,12.701092424584477,14.947685947693977,12.948543687159724,13.713993352241697,14.559857281799406,12.519971706148318,14.747537604034683,13.431221461863434,13.186906655109443,14.871324039490947,12.577781481686117,14.348970721426081,13.97391955787609,12.767807813967853,14.960068654965067,12.863171671970608,13.83023790771674,14.470087373177009,12.538980577659729,14.808667458829262,13.320110209063778,13.293184542491836,14.822309825951876,12.545351729541228,14.446845796931353,13.858884089416517,12.843252969850933,14.961433339536047,12.785670389844167,13.94564190615214,14.373713171682478,12.568780481347503,14.860143106237132,13.212753607089219,13.403459625919126,14.763518515183279,12.523655618516884,14.538325938660723,13.742750020372988,12.926748285589024,14.951767708388346,12.71673796891988,14.059165793407665,14.271602811882573,12.609102980990372,14.901500855891271,13.11011871948686,13.516738552291713,14.69547969672584,12.512888586226588,14.62258709752247,13.626563481329736,13.0175416390516,14.931158829102081,12.656995349412522,14.169786951301749,14.164676099405717,12.65958485328568,14.932368159002475,13.013130076808395,13.632000910024924,14.618806261262637,12.513147621623482,14.698870252704914,13.511371075518486,13.114815167705423,14.899792345555078,12.606980690210051,14.276508909311225,14.053896225373197,12.71977135974888,14.95246696426242,12.922661348479739,13.748208420871617,14.534188879726809,12.524430391328114,14.766488248902494,13.398210451062408,13.21769263588422,14.857950805651097,12.56714452116196,14.37837032073391,13.940261090016307,12.789120342977927,14.961616222517645,12.839527472825278
12.678340270227109,13.938729099267652,14.498982658110789,12.394477855491386,15.005013829931409,13.176308247993402,13.321024013273059,14.931691017547253,12.360235207578436,14.623897764064028,13.784766184516881,12.785396123901938,15.130246352382711,12.596706175715541,14.069059245763638,14.384252522963015,12.43700790452735,15.055665311437997,13.057463244861593,13.4494324662196,14.857067144731987,12.344260137801738,14.722590759448346,13.652043700178494,12.886671816471063,15.110380016028236,12.525362451607146,14.196416870988914,14.26371061937151,12.491266878966885,15.09445696764332,12.944758132726642,13.58044996866301,14.77237241016316,12.340849461230524,14.812424250440989,13.520105152256013,12.995625881709442,15.078160986720908,12.464951759029676,14.31965474305896,14.138442783500162,12.556766016355544,15.121039365015056,12.839208154279811,13.712896320705807,14.678369740283324,12.350033901089288,14.892589020907634,13.390139037384058,13.111276866191188,15.033879492059137,12.416018274843905,14.43766274064446,14.009577422502952,12.63291530334559,15.135173050487252,12.741764099082944,13.845578451436266,14.575905907006797,12.371730724347875,14.96236295012301,13.263316084607103,13.23258299093658,14.977934417798535,12.379002789722383,14.54937785289531,13.878275349881838,12.71902879051022,15.136730708443041,12.653303738897845,13.977301166058469,14.465903900035501,12.405744486977005,15.02111751760271,13.140778709503762,13.358451535711163,14.910829714706535,12.35423873752647,14.65379375499563,13.745719328929939,12.814330771345974,15.125698307568085,12.574623920756968,14.106877912154777,14.349354612608321,12.451768794499456,15.068323464787964,13.023630723357554,13.487748682201614,14.833169858996099,12.341949191748759,14.749969873093436,13.613103418451738,12.917962769802577,15.102175227244073,12.506433389000344,14.23314146809748,14.227307915578463,12.509389061978068,15.103555562583518,12.912927390073294,13.619309727401214,14.745654407230559,12.342244856076897,14.837039856948484,13.481622216733987,13.028991273397574,15.066373362343553,12.449346400937783,14.354954457330033,14.10086320022281,12.578086248578563,15.126496441802578,12.809665920406454,13.751949575203229,14.649071694748889,12.355123067179639,14.914219383977128,13.352460100656677,13.14641614225562,15.018615214490376,12.403877193645966,14.47121959380497,13.971159474974067,12.657241533066673,15.136939452014504,12.714776489132545
12.54028540166783,13.965407065514754,14.598885771099987,12.219322165981485,15.171055223039971,13.103337799995586,13.266967917502434,15.088149118213266,12.180604003582843,14.74012728287315,13.791321195991962,12.661333456679365,15.31265563765124,12.447981730041732,14.112771363693405,14.46916040593657,12.267410892927568,15.22832685377628,12.968959753554131,13.41215935676209,15.003771904341779,12.1625409919981,14.851719453917067,13.641251881386715,12.775845883460576,15.290192770901154,12.36731338035175,14.256774632036244,14.332863674125345,12.328761515965667,15.272188579904714,12.841524081935177,13.56030084831859,14.908007566966873,12.158684539958845,14.953294183240931,13.492068963696173,12.899040246309387,15.25376271408373,12.299007009542603,14.396119695437914,14.191223330629619,12.402821391382783,15.302245296926145,12.722178720061681,13.710057940133954,14.801718747026136,12.169069386215362,15.043936490152124,13.345116276079104,13.029806815825577,15.203693627547914,12.243677918397182,14.529551339698294,14.045515265431693,12.488923391079666,15.318226255256093,12.611998725702428,13.86008162691424,14.68586288953307,12.193601984529497,15.122829872738077,13.201717561879885,13.166967652504507,15.140436531422267,12.201824508934134,14.655867618436634,13.897052010371908,12.586291912031367,15.319987499125055,12.511976595398835,14.009020501889612,14.561483618954501,12.232061346335026,15.189263662879657,13.063164550406714,13.309287217564197,15.064561242845468,12.173823794824429,14.77393068017177,13.747170915919725,12.694049862885265,15.307513163325755,12.423013324099887,14.155532930227473,14.429701338287327,12.284101031392954,15.242639427918238,12.93070532109088,13.455483502624421,14.976751243078635,12.159928005268767,14.88267701803817,13.597222104379451,12.811226564761213,15.280915616126226,12.345910289039203,14.298299134419612,14.291703136517626,12.34925226850994,15.282476361310799,12.805533060841984,13.604239577981751,14.87779752073617,12.160262312928076,14.981127049808993,13.448556308047987,12.936766495084292,15.240434447061368,12.281362030964225,14.436033082780146,14.148732095375124,12.42692817820856,15.3084156137141,12.688775315872988,13.754215455454343,14.768591446595138,12.174823706373687,15.068393941929667,13.302512701877497,13.069538795685666,15.186434308721058,12.22994999774362,14.567494073962273,14.002076091708116,12.516429059311928,15.320223525483769,12.581483834813525
12.395536325151106,13.993734915171434,14.7041477871092,12.035593027862646,15.345805572925734,13.026969817422849,13.210472341957061,15.252830760178554,11.992172656028107,14.862542674152653,13.798506817618865,12.531285318203338,15.504602950524458,12.292022638152396,14.158996183414814,14.558667649550706,12.089521992350939,15.41003267845149,12.876271943830297,13.37329686381678,15.158206176425303,11.971915943651474,14.987687393332823,13.630212016485881,12.659704949778874,15.4794120332305,12.201557349465546,14.320488234418093,14.405818071770042,12.158323472058775,15.459221285033394,12.733359576510065,13.53942971333786,15.050811535778504,11.96759113660659,15.101598081314993,13.462911262622839,12.79786091358055,15.438557650817419,12.124955366430708,14.476756354891183,14.24697591603871,12.24137770628409,15.49292830386758,12.59952006377905,13.707374373121354,14.931614244435906,11.97923719256503,15.20324863563371,13.298111593859595,12.944508706765049,15.382407817764467,12.062906716340706,14.62639288848046,14.083572025506786,12.337936546139236,15.510850103611435,12.475959026079238,13.875618005061298,14.801688026353446,12.006749204367129,15.291723392568109,13.13729751836145,13.098327332463672,15.311468329297291,12.015970330705514,14.768049915875078,13.917078335230627,12.44713019384319,15.512825245481402,12.363789495801715,14.042645077923495,14.66220325118707,12.049879345021058,15.366225375400493,12.981917642244941,13.257931199263872,15.226378205206768,11.984569010421819,14.90045139680495,13.748994613046815,12.567975037821842,15.498835937486412,12.264021891139965,14.206951019184643,14.514416391654372,12.108239100117459,15.426083473547461,12.833371620597703,13.421882602555822,15.127903933586886,11.968985617201106,15.022404664555307,13.580834949729375,12.699382513037577,15.469008194697395,12.177554914287168,14.367055768155002,14.3596587052837,12.18130276755016,15.47075848789456,12.692997549446872,13.588704675312258,15.016932566343694,11.969360525563879,15.13281116945599,13.414114120126772,12.84016890673536,15.423610704108984,12.10516745596643,14.521517108300191,14.199324242504648,12.268412193017578,15.499847987878184,12.56205991224915,13.75689469164163,14.894463728670758,11.985690358352105,15.230676374568539,13.250333938136475,12.989066021275093,15.363052404319042,12.047511579217318,14.668943658664187,14.034857289103677,12.368782698647859,15.51308993656236,12.44173818947949
12.24288304982108,14.021879108023997,14.812657992929546,11.842220884899143,15.52690381870537,12.94574795083094,13.150009342284482,15.42341115739143,11.79388854946743,14.988971425721536,13.804565678913749,12.393988754113975,15.703665274112167,12.127659295845417,14.2058356867711,14.650720300780732,11.902250605765323,15.598396665885671,12.778002262169489,13.331253515803327,15.31808209343325,11.771340280625749,15.128273239348838,13.617232396491188,12.536935957168287,15.6756246145544,12.026960050468125,14.38559665262346,14.480579494708364,11.978835306792503,15.653149772141754,12.61892282127979,13.516180274143329,15.19853834988612,11.76652622639408,15.255070163193507,13.431005613715124,12.69072092266327,15.630148548108702,11.94169240806095,14.559542726709834,14.303768195607608,12.071285116363425,15.690669923901508,12.46994260876612,13.703123805201797,15.065856771532177,11.779489751561128,15.368220016144408,13.247562853251152,12.853958362396002,15.567646721180745,11.872624455795071,14.72610701044824,14.1218791118814,12.178767250661119,15.710619141288701,12.33240363182795,13.890400129876253,14.921232548191464,11.810114081262574,15.46670354930455,13.068556559414345,13.0251778406916,15.488682147477531,11.820378354745616,14.88378910009929,13.936550692393071,12.300313515348828,15.712817722630847,12.207544835518009,14.076322271273737,14.76596844850461,11.858123352883881,15.549633627340365,12.89559921302361,13.202837020022931,15.393966136404641,11.785424735492105,15.031168602337166,13.749452367391248,12.434829027022152,15.697245863203944,12.096490942379893,14.259215450924946,14.601463084650229,11.923085101018616,15.616263219757675,12.730248806245443,13.385335554319285,15.28435188562249,11.768078458698858,15.166917929090163,13.562269510355533,12.581102075870364,15.664043833632588,12.00024232099681,14.437432175114532,14.429198313708008,12.004414153097786,15.665992130119585,12.573994808268852,13.571029504813362,15.160826795479268,11.768495778864027,15.289814256395635,13.376688256226421,12.737815040705216,15.613510716338284,11.919665974715409,14.60936707543223,14.250725889155072,12.101377900598584,15.69837240258954,12.428244748232705,13.75824614856928,15.02450357455209,11.786672936785935,15.398750539544418,13.194380312775673,12.903556258034532,15.546101711418308,11.85548773171771,14.773471369860788,14.067653482739514,12.21310289834985,15.713112357097804,12.294311536265168
12.084272879981485,14.051539451811076,14.92600618197059,11.641208782108206,15.71584038685185,12.861521720918093,13.087400022035792,15.601395134377116,11.587761452984095,15.12097880200359,13.811227820581207,12.25137004666575,15.911308443572006,11.956855037523747,14.254964089189356,14.746930682047667,11.707591426764308,15.794899296361075,12.676023566298484,13.2878252013151,15.484919133426137,11.562826908952742,15.27502287651439,13.604069124190785,12.40944530085679,15.880300251088558,11.84549882719053,14.453749093467769,14.558783935602134,11.792281059183464,15.855446904178843,12.50010880533843,13.492322692043997,15.352724118452803,11.557503385091477,15.415238673250004,13.398134027906872,12.579505273993467,15.830011468870966,11.75120734082501,14.646103818073955,14.3632607602478,11.894514798883042,15.896937800117927,12.335362070464674,13.699050389823507,15.206000896335615,11.571838835469018,15.540363134482709,13.195277586016006,12.760018073320099,15.760895096056819,11.674829951987709,14.83029554011201,14.162122420145606,12.013371728833944,15.918998236013232,12.18326739301641,13.906146100647804,15.046071143403838,11.605704126979107,15.649269144570964,12.997327120421394,12.949357647482673,15.673573729891439,11.617054664836791,15.004665068653916,13.95718076061337,12.147781191040634,15.92142949242884,12.045194835156133,14.111744315465506,14.874375499835233,11.658794202565835,15.740975682967614,12.806065760207614,13.145818433927731,15.568833957399216,11.578401916616906,15.167641690658543,13.750281887103101,12.296532430981438,15.90420966871393,11.922388148410102,14.313993014603666,14.692460592432736,11.730630829164193,15.814656661209701,12.623216379292339,13.347630722534928,15.4476192698424,11.559219889583334,15.317757319885574,13.543289535564169,12.458285504031734,15.867493880282892,11.815953570009237,14.511070350678994,14.501965102678339,11.820566905602478,15.869648364287064,12.450426076853672,13.552976597087904,15.311021563793252,11.559681374591635,15.453659721351775,13.338068283991968,12.631583345626359,15.811612861342441,11.726849857952852,14.701201059719208,14.30460500556208,11.927792291661136,15.905455429357927,12.289251340333509,13.760006310983501,15.160271305377792,11.579782214605165,15.574124692204185,13.136466756391085,12.814864896432985,15.737069985652587,11.655879654558655,14.882672452662652,14.102158112155498,12.051341105780397,15.921755307955573,12.14114402466713
11.919996265593397,14.08255167103734,15.043825949402478,11.43294958186771,15.912066305655756,12.77440191982016,13.02270296252038,15.786260172968579,11.374196583083009,15.258153331061688,13.818384514156367,12.103681022007144,16.12693830556915,11.779929765250884,14.306170094418441,14.846973781075977,11.505921973654559,15.998973324031342,12.570489525477264,13.243024174217908,15.658221701178366,11.346786808653132,15.427489226247527,13.590661354987759,12.277448268557688,16.092851956912416,11.65751932121945,14.524688312375897,14.640149871510904,11.5990186718833,16.065531439971497,12.377111859908666,13.467821952164293,15.512903802578862,11.340934823229784,15.5816241226064,13.36428326163907,12.46438994663152,16.03757105122575,11.553867601393065,14.73613792241676,14.425217281384676,11.71140106559238,16.111141100896265,12.19601086061748,13.695071327866483,15.35161549440689,11.356693341240181,15.719169579773599,13.14128943801494,12.662822093817642,15.9615935564753,11.469908295903423,14.938614195757271,14.20411211401252,11.842056819123915,16.135391456986785,12.02881787743722,13.922725248946854,15.175809654646049,11.39392041064744,15.838886594322705,12.923688602667216,12.87095724206495,15.86560387459092,11.406397706480305,15.130293235035776,13.9788260750138,11.989808991198679,16.13806406210237,11.877038977404105,14.148733018900543,14.987069934565742,11.452280691648266,15.939696760654048,12.713440894346625,13.086920519115605,15.750466676403605,11.363907933718885,15.309448403900014,13.75138853111563,12.153326636751562,16.119134841533732,11.742041378171631,14.371058769679944,14.787096493260208,11.53124847739916,16.020691985224776,12.51244021515923,13.308766537271968,15.617219112728794,11.342821723622691,15.474465880471389,13.52384822970657,12.331136796025895,16.078774308866908,11.625041132174022,14.587699800703934,14.577690682690296,11.630112429560533,16.081142666615616,12.322497170379332,13.534496917363342,15.467061471757393,11.343329019844528,15.623859194581438,13.298254843810376,12.521637762930283,16.017346030004322,11.527092172479428,14.796704619096904,14.360738821183915,11.747981986001129,16.120504267748327,12.145322758597136,13.762078290057563,15.301346366912586,11.365425252682353,15.75628261782969,13.076640508721269,12.723113513136525,15.9354033481793,11.449076819007104,14.996190518650572,14.138195201564248,11.883795382942711,16.138422221051744,11.982512959118743
11.748934089807058,14.113042440564868,15.163908718085832,11.216494028707938,16.113070192291826,12.682971449963166,12.954414469213326,15.97553876622358,11.152265174867104,15.39821168738829,13.82425456488496,11.94973850177795,16.34796853897026,11.595813211475996,14.357502388628038,14.948709674475701,11.296267541268026,16.208077056561745,12.460054158190886,13.195269901223071,15.835566944176609,11.122300774205303,15.583329905809016,13.575307314379284,12.139701079210276,16.310705298776103,11.46199395661382,14.596386785562089,14.722609510517682,11.39804097151471,16.280838474516035,12.248653445464672,13.441019121213923,15.676705230516546,11.115903376213545,15.751830372760242,13.327830491558,12.3440659621291,16.250272141575916,11.348681763180483,14.827543771229912,14.487644926540646,11.520897548866195,16.330699014503143,12.050673600103451,13.689448431024719,15.50038464457036,11.133130608371467,15.902195243449423,13.084053356752523,12.560992240660774,16.167213446590797,11.256897342428896,15.048891093675213,14.24593247317906,11.66373058667918,16.357209534972643,11.867898015843483,13.93831999036328,15.30819347441846,11.173827288529758,16.033070037737172,12.846171843667392,12.788525852432752,16.062277402890746,11.187467484382822,15.258434865956286,13.999649485577784,11.825253451233415,16.36013123032257,11.701973127105909,14.18539197517283,15.101862969665472,11.23762682278414,16.143275841234857,12.61632877850608,13.024617184681265,15.936409269740366,11.141017610148754,15.454287526992001,13.751014470053114,12.004011151671836,16.339437782049746,11.55439357798808,14.428438771885162,14.883251746420008,11.323954507737128,16.231819924913427,12.396594577486908,13.267139537073046,15.790742861745102,11.117966138150045,15.634684844628946,13.50226711988537,12.198393446493888,16.295315595825773,11.426488758575193,14.665271025649062,14.654329044962605,11.432032707400943,16.297904687562895,12.188948596624588,13.513908278928334,15.626590335499095,11.11852071503225,15.798001807767037,13.255648140260462,12.406649348540313,16.228162122362786,11.319410829852949,14.893755361942866,14.417156990915558,11.560887858108224,16.34093484054893,11.995261301778648,13.762700528277843,15.445430369736325,11.142676345191227,15.942767264387953,13.013379064095801,12.626902897808332,16.138582277195187,11.234124345091935,15.111833603918107,14.17387201970682,11.70935923833095,16.360522770146698,11.817277419579312
11.574327474816958,14.146295839212844,15.289557661425011,10.995073570212721,16.32217246673994,12.590488405307006,12.885797568283284,16.172548835130844,10.925197508860844,15.54446130174961,13.832116804215683,11.79278725685474,16.577723831935266,11.40774371613696,14.412249492554828,15.055437625413933,11.081861026699439,16.425532640238064,12.347971507918896,13.147829784921491,16.020270240075646,10.892598541670726,15.745855709623857,13.561281310360805,11.999451955373502,16.537184287754247,11.262158641771727,14.672137374370912,14.809458007475381,11.192582704429068,16.504691476197095,12.11798376426566,13.415186067127774,15.847440893351148,10.885638663861414,15.929171279845317,13.292045528924,12.221785256422159,16.4714376529058,11.138883675665614,14.92361842605629,14.553834581185018,11.326241227400182,16.55893591530558,11.90259689382301,13.685458081275208,15.655617634108413,10.904380569705989,16.092756713823032,13.026834723978542,12.457784391407134,16.381076170183885,11.039029273289422,15.164427317362208,14.290869991119916,11.48163260551862,16.587777326042684,11.703751092043273,13.95621122895199,15.446528397826807,10.948655432941216,16.235138441165187,12.768037902786542,12.705323490504124,16.266913811849133,10.963494918706328,15.392394852390936,14.022933010737294,11.657357080087195,16.590955906249462,11.523237553159934,14.225006577716346,15.22205665114717,11.018064427547099,16.355033893536486,12.517986295726661,12.962172732399747,16.129978947402428,10.912961022059037,15.605467509617135,13.752437204567688,11.851831732770687,16.56844302341527,11.362682335188982,14.489422830893357,14.98422442568721,11.111982320354105,16.45136305797715,12.278932356673508,13.226018430423942,15.971505080077819,10.88788279046511,15.801725939919354,13.481819186931709,12.06330474445424,16.52044147259816,11.22353171246974,14.747078138508208,14.73517410366971,11.229563103116064,16.52325820561222,12.053029472991945,13.494483874137693,15.79291973549957,10.888486127531369,15.979402255992486,13.213516673025552,12.28987117555307,16.44738364965585,11.107039147689292,14.995651552886308,14.477149119437382,11.36974761331517,16.57007170811507,11.842312567918842,13.765150738635977,15.595831602594185,10.914765598424072,16.136895957398757,12.949946520089377,12.529490125624317,16.34992765624307,11.014254000745606,15.232903935647698,14.212473750695818,11.531273075051573,16.591381871514866,11.648679770064074
11.394011101262926,14.179131758533089,15.417141588587643,10.766751435922295,16.53533451238013,12.494386532701586,12.814169490171821,16.373310798177815,10.691084384719858,15.693170409201912,13.838915085355882,11.63057577295907,16.81206473816822,11.213621686724252,14.46712636377514,15.163618816845293,10.860731416857973,16.64726067692153,12.231771008341767,13.097917669011018,16.208412090005748,10.655783772867974,15.911255411099283,13.54563405628134,11.85436784168784,16.76816547272706,11.055971225848516,14.7485524956981,14.897253598411123,10.980629171480949,16.732979814173337,11.982722993352656,13.387431146210638,16.021259483306412,10.648247094063084,16.109763288758568,13.25408531604944,12.0951270509074,16.696970074915303,10.922479827050903,15.020875080087851,14.620445339453127,11.125364666092878,16.791719769918696,11.74948590129554,13.680101997106124,15.813538840526537,10.668542238376258,16.286905891951843,12.966895122884551,12.350684652254074,16.599119869743955,10.814349974978395,15.281641047086037,14.335687516588955,11.293634129726424,16.822951417220697,11.534160721633668,13.973293855549784,15.587121300076916,10.716486388040483,16.441087527903488,12.686650473410804,12.61873859409912,16.475496287555966,10.732555698580924,15.528501428335169,14.045545215758008,11.483921798456688,16.82639342277459,11.338687094111421,14.264365662180495,15.34404642119993,10.791647664265046,16.57091933522064,12.415875799100355,12.896874258328296,16.327212924140422,10.677833797101478,15.759232516382404,13.752632026040427,11.694513569336209,16.802014781145797,11.164825836565026,14.550695454971027,15.086503811709608,10.893349017580686,16.675231794695346,12.157010226305829,13.182586211115733,16.15560550951076,10.65067720302088,15.971755895738404,13.459586496561489,11.92351244095854,16.750035094065492,11.01414308355286,14.829703987745873,14.816813404100866,11.020674326671429,16.75308526428223,11.912385604717144,13.47330077176158,15.962219875707515,10.651330541743775,16.164157165152606,13.16904836855731,12.168855601563685,16.670922592267825,10.887996178684297,15.098877963917715,14.537404557699265,11.172476650755044,16.80377844335268,11.684205502162502,13.766399196294412,15.748798032011344,10.679787928023714,16.334703182455417,12.88363479670149,12.428333010755527,16.565389917688268,10.787521447728029,15.355792676152333,14.250794175099994,11.347388561175382,16.826854689980042,11.47452535496637
11.209431122131505,14.212676308724024,15.547644348029653,10.533045858261353,16.753411684283282,12.395985539185709,12.740813195132983,16.578698628846436,10.451452729893948,15.845291139276082,13.845814613360549,11.464523019042584,17.05181481321534,11.014914005068249,14.523226018554382,15.274266229943706,10.634386144774389,16.87410366006367,12.112802544079443,13.046783907776529,16.400885416230185,10.413387451698117,16.080456079260497,13.529564458600529,11.70584199079084,17.004477453777444,10.844916706547902,14.826692826670122,14.987039872963479,10.76367402805326,16.96653613176947,11.84424963586197,13.358971444278318,16.199075428658976,10.405260516771762,16.294510657659007,13.215182261738445,11.965456932186296,16.927706188867415,10.700970554755905,15.120343117415722,14.68855259947513,10.919744888533828,17.029876471762424,11.592745927314589,13.674563633045224,15.975086561621515,10.427145132187125,16.485526680247457,12.905499963771355,12.241029243259455,16.822192570661738,10.584372210294227,15.40153170189236,14.381493169705358,11.101192846771752,17.063554113046745,11.360556952778193,13.990717633526511,15.730936496976945,10.478844162291438,16.651783483098722,12.603307169213839,12.530076580756976,16.68888706119081,10.496171985919641,15.667725645702866,14.068627561487329,11.306383427542578,17.067265688911508,11.149774260319411,14.304585544395866,15.468824527765388,10.55989190449619,16.791783432247787,12.31132601746328,12.829995218980251,16.52899047061869,10.437164385372665,15.916527085513483,13.752774054454349,11.533468283122879,17.04097776564461,10.962296571157857,14.613340057322084,15.191111747073005,10.669558284305573,16.904265414312466,12.032186661888044,13.138083504032092,16.34394314039807,10.407880946522745,16.145694828901252,13.436777843100728,11.7804018431249,16.984927143702254,10.799812676068782,14.91419992523732,14.900299779409458,10.806855431795398,16.988216196547338,11.768403577521308,13.451566190196125,16.135411968737817,10.408585453298652,16.353164542916748,13.123485407395126,12.044959740904812,16.899618724620684,10.663786222830169,15.204455015688733,14.599008246183946,10.970546580301878,17.042879553999736,11.522352910781045,13.767619439228017,15.905275395257206,10.439271559534347,16.537067349504387,12.81571887181375,12.324758850559434,16.78582096288567,10.555442531747733,15.481490723592202,14.289951168271791,11.159157207161563,17.06776308155081,11.296251075247632
11.022273838936774,14.24842315247483,15.682473972843448,10.295686524499827,16.977734673337515,12.29689561645412,12.667316756389562,16.790054224741432,10.208037465326408,16.002212432940993,13.854332582732459,11.296298934118076,17.29828560732704,10.813319449702563,14.582022199819145,15.388805433246128,10.404548397392306,17.107384538940146,11.99269447119089,12.995996948391367,16.599043521925395,10.167146940746745,16.254831570760956,13.51460999723056,11.555528862638385,17.247434817542356,10.630704766634677,14.908012644773452,15.08026082338923,10.543432168105062,17.206677449313744,11.704209273790985,13.331355383685528,16.38225497739544,10.158416815863545,16.48477351297832,13.176894011495156,11.834412707589275,17.164965505780984,10.47607477476342,15.22345797975259,14.759619499542852,10.71108677774217,17.2747189782904,11.434038686219674,13.670371168242072,16.141641412822324,10.181925731257637,16.689966952694675,12.844226756266833,12.130438295565815,17.051620551974736,10.35082237425212,15.525516687058238,14.429769784644586,10.906002000956539,17.3108962107708,11.184616393242793,14.009990462790002,15.879370264609138,10.237461919653514,16.868563516433177,12.519604883543872,12.440939041096238,16.90842096248054,10.256075833213687,15.811467835145026,14.09368295041329,11.126422049993339,17.314883263836492,10.95818917990123,14.347153991666469,15.597804059719484,10.324525113509603,17.018954414205695,12.205952572872933,12.763117967126286,16.73665667289997,10.192688624321109,16.078735588652364,13.754386452264503,11.370361390749101,17.286644222288892,10.756796692570385,14.678824600638242,15.299479134138563,10.44233105140629,17.139784931422,11.906095190468447,13.09407290006562,16.537874928396242,10.16123173676313,16.324912411416,13.41493665812506,11.635622628375158,17.226433462171805,10.582253065915195,15.002014615452568,14.987082785670294,10.589818542638264,17.22996663209937,11.622733838437698,13.430822612439803,16.313866346177775,10.161988532798832,16.547780753447853,13.078391316805439,11.91981630131403,17.134793359363123,10.436130581244973,15.313812754675824,14.663429066876473,10.765659026373664,17.28868716344593,11.35842102337236,13.770333677656089,16.066648785697183,10.19495219524285,16.74533302652869,12.747782013932502,12.220382405463853,17.012549403877046,10.319745503472367,15.61141035438841,14.331433436216143,10.968268539271856,17.315417573498927,11.11553766348145
10.829733878907541,14.282149084038457,15.816777018460217,10.052187383557532,17.202880791843885,12.193751219030561,12.59015183522292,17.002037380251036,9.958391060078048,16.1589403264862,13.86041898324372,11.122977716451397,17.545913556595462,10.606124479446768,14.639145091208883,15.50251204407734,10.168684280851119,17.34162364713313,11.868214934978893,12.941884003269395,16.797630147151953,9.914632679704207,16.429276900449732,13.49686996373883,11.40038872873558,17.49149634809589,10.410702120705311,14.987998866874149,15.172327666664588,10.317308660926324,17.447880462990046,11.559496836353025,13.30076279301417,16.565637144133564,9.905290267757254,16.67534581433331,13.135468276818758,11.698832084327796,17.40324305346787,10.245227158692432,15.325567951571985,14.829198172566086,10.496721721906647,17.52069408269252,11.270377842202246,13.663555440109233,16.30814815395971,9.93044798027295,16.89493049018731,12.779469412978235,12.015619418611843,17.281948654506404,10.111190184585324,15.64881153784002,14.47621445716762,10.705307318832661,17.55940860435795,11.003462323705167,14.026993924352,16.02748262612481,9.989879197683857,17.08605291891295,12.43208019431937,12.347897125218703,17.12870576582061,10.009798597549347,15.954817861675293,14.116556182246688,10.941186521824603,17.563675289278546,10.761154644108485,14.38780440786683,15.726168783354785,10.08304856619842,17.2469914780814,12.096429887639284,12.692672061186888,16.944894792609286,9.941965728539467,16.24083043157646,13.753463133719462,11.20223454140036,17.53345570334427,10.545637500328917,14.742736725693563,15.406920847487983,10.209116820244352,17.376296440232682,11.775542016132592,13.046838509062725,16.732171496031764,9.908302613055154,16.504272858897945,13.39020603779158,11.486099868485207,17.469022063255633,10.358852261315219,15.088593663129545,15.072614589884415,10.366948342536007,17.47280303195694,11.472307123627088,13.407206153066491,16.49245207818414,9.909112486959591,16.74277206584546,13.030057098400546,11.790225456702375,17.3709547844075,10.202481480282232,15.422259756099484,14.726261426603346,10.555121393664846,17.535641926122043,11.18945673669265,13.770528817316476,16.22789592103513,9.944388054944296,16.954179662056337,12.676260521346121,12.11187175613413,17.240137252533057,10.077933738345317,15.74072935511858,14.370981291701051,10.771940919065786,17.564247072734165,10.929538759170066
10.636295789106233,14.318921254254986,15.95587960805644,9.80690176956375,17.434410071488315,12.091267075345547,12.514100053667834,17.22017423422866,9.706851019911875,16.320858684009796,13.869069797715722,10.949093398742525,17.800316580351183,10.397775906712875,14.699722087540737,15.620659152606377,9.931166788425498,17.58240442953548,11.744023728804583,12.889286050136297,17.002136936526885,9.660174789996399,16.609221552403966,13.481278991132305,11.24500243559074,17.742270781727367,10.189322603155654,15.071837757744278,15.268457773511715,10.089701580530884,17.69574654879702,11.414720019951053,13.272095211691289,16.754674424085696,9.650209417323195,16.871698570551263,13.095778703269593,11.563346271979524,17.64813267525124,10.012813616621385,15.431916263280831,14.902448085299016,10.281078071447874,17.773415448449494,11.106322302105445,13.659079210248423,16.48001582832919,9.677044669530842,17.105925357020794,12.716041503759309,11.90125728063724,17.518750252844004,9.869838932294678,15.77671403281549,14.525927087135956,10.503572350166552,17.814711490462138,10.821608608341181,14.04675211097553,16.18063526180344,9.74043881584816,17.309792007225585,12.345488048586828,12.255691574065528,17.35528898567412,9.761686459841302,16.103125143210764,14.142286463607574,10.75518019801351,17.81926268190545,10.563143627084676,14.43162177343954,15.859229531479455,9.839820804594366,17.48146209935045,11.987456266972602,12.62345642374366,17.159221325644186,9.689330431974598,16.408209297545774,13.754982032571116,11.033635142565837,17.787028025847157,10.333255599515097,14.810221308654897,15.518693846034667,9.974295407187478,17.619389236758693,11.645171293452703,13.001239020086784,16.932313441609114,9.653422628610004,16.689218311181463,13.367502615300593,11.336428873934485,17.718297890650785,10.134015346870092,15.179140308666026,15.162095735940666,10.142651282323998,17.722330977865113,11.321716416008416,13.385636314088858,16.676609309804718,9.654286505660368,16.943620867286935,12.983338609338444,11.660833839509712,17.61369139435009,9.967217616579296,15.535055567352648,14.792647421283123,10.34337188768801,17.789360027995084,11.0200053019443,13.773185671838236,16.394412301799736,9.691914281359248,17.169125318830023,12.605950547147446,12.003927813634801,17.47415082766137,9.834364915258204,15.874761015724106,14.413676876225795,10.574649140897966,17.819872592414207,10.742755751701305
10.439873460212134,14.355373591142317,16.09584671535614,9.558031843994417,17.667873596161392,11.986851374660347,12.43642263778515,17.440090332080196,9.451654280739891,16.48390562419889,13.877075308124422,10.77245115324019,18.056918585101883,10.186270524051771,14.760254762659564,15.739428244450853,9.690154891050891,17.825226531939016,11.617649732594671,12.83533391241734,17.20826521823727,9.402026430697859,16.790503419613625,13.464762145050813,11.087072306949022,17.995202199804925,9.964635458228383,15.155901555740183,15.364955043466988,9.85871479623814,17.945735958436053,11.267522159933762,13.242350410938538,16.945154155482303,9.391430887280272,17.069578446017484,13.054884344040417,11.425546948168272,17.895111171889898,9.7769647416633,15.538750001479851,14.975800350522768,10.062193179346579,18.028316332040838,10.939622590447058,13.65380574663805,16.65312723669211,9.419963094676046,17.31861680785148,12.651134066290812,11.784826112222113,17.7575471169324,9.624948903914156,15.905351417924152,14.575469653970146,10.298757116053892,18.072223772381328,10.63690472902952,14.065993547955433,16.33481502750247,9.487366036016333,17.53537517850944,12.257148276539617,12.161673428208548,17.58374920588694,9.509957296958952,16.252403475643565,14.16756911510966,10.566275648826554,18.077062763166794,10.36209544485763,14.475200845311697,15.993084870288545,9.593032548571163,17.717901008125555,11.876475981446195,12.552694272085777,17.37528300268933,9.43302576013371,16.576779944971864,13.755773084048478,10.862338982491888,18.042789714981147,10.117670207872088,14.877741517377018,15.63101505527096,9.736010793044592,17.864550112057437,11.512546260295888,12.954366345296432,17.134026361725834,9.39484728933725,16.87555885694538,13.343791001316045,11.184280191566454,17.96971335793451,9.905830789853354,15.269989495488428,15.251867091413029,9.915012827701212,17.974001481629195,11.168637376004298,13.363071403477939,16.862152512203355,9.395765794554741,17.146048824270828,12.93533398338721,11.529199243803795,17.858491960635845,9.728485430958408,15.64841142711737,14.85905632689095,10.12842621008856,18.045269183719405,10.847847244669715,13.775127849448427,16.562110481796392,9.435773001931615,17.385813285223588,12.534081393107666,11.89398912355712,17.710127400538582,9.587231650377127,16.009598504153566,14.456121183788987,10.374328521848135,18.077711242003293,10.553065529681241
10.240326843818034,14.390546790931003,16.23535487061053,9.305622069602725,17.901618974799383,11.880040388345732,12.356561793397015,17.660180942722576,9.19286756310771,16.646676482225814,13.883576286915423,10.59284134500947,18.313985778383575,9.971521345387591,14.819699097929432,15.857570424688616,9.445665406860092,18.06840463971161,11.488706467219336,12.779386330172974,17.41445876687269,9.140264706182803,16.971653686598636,13.446546467831029,10.92632287846453,18.248569723024566,9.7366000734168,15.23906345950446,15.460648934096492,9.62432985773457,18.196138162617743,11.117590035728794,13.210801969167084,17.135575164666726,9.129033998949568,17.26745823329577,13.01209800179866,11.285087828178968,18.142478606515958,9.537679188387392,15.644862259938288,15.048165850157465,9.840006020713611,18.283668925563525,10.77003409436041,13.646922537284775,16.826042307322886,9.159276607124623,17.531425527975507,12.58414438148535,11.665904455270764,17.99666809296741,9.376550560879542,16.033440081491207,14.62383680234318,10.090751094410498,18.330208455287526,10.44916941174221,14.083819479637233,16.488648453201215,9.23072010662416,17.761177764861436,12.166540594273625,12.0653423803185,17.81245163706958,9.254665630480448,16.401296632243387,14.191484128046438,10.374306378233653,18.335337525753673,10.157886322817609,14.517557247790164,16.126432831294863,9.342720937548085,17.95464534591249,11.763048396704809,12.479803484067896,17.591488652551917,9.173122331280423,16.745118276570743,13.755002441134563,10.688117618662526,18.299009934520868,9.89880869283571,14.94422875101212,15.742658263989076,9.494270201339285,18.11008552367077,11.377302428741723,12.905554319131985,17.335769564256985,9.132655201730847,17.061807884228756,13.318323549438782,11.029358017850436,18.221552918932602,9.674270281688399,15.359990551174791,15.340781775700814,9.68400274889745,18.22609809985414,11.012777473091356,13.338759740720848,17.047597878480914,9.13362876795424,17.34851272916547,12.885381037202462,11.394953697295518,18.10366420837724,9.486293721504028,15.76109748427515,14.924423452154306,9.91020947778202,18.301638038280707,10.672757154515734,13.775517453457004,16.7295694330901,9.176034260108915,17.602650186752157,12.460074831526692,11.78161138720281,17.94640573917269,9.336572296865922,16.14393639670776,14.49733383080948,10.170852727732145,18.336024878508752,10.360304361084543
10.041683715939165,14.429165634246953,16.37943867892559,9.05354324432912,18.14096065159586,11.775137272496853,12.278900705517678,17.88571996227632,8.93434272851098,16.814274942200427,13.893212372051522,10.414350952767087,18.576901858927435,9.75751100246028,14.882851947538732,15.980056851788131,9.201592653234208,18.317281207701413,11.361431366582899,12.725897499268786,17.62595021098433,8.87873264361177,17.157830615446088,13.431198200892247,10.76689713508242,18.50774606388233,9.50915962683868,15.326190752961093,15.56044394327899,9.390471088026914,18.452317068271228,10.969098754456077,13.181976535918054,17.33112324335761,8.866859893361529,17.470545873077125,12.971912954942923,11.146172149383695,18.395589874257148,9.298866727338876,15.755188474060894,15.124379808015693,9.618477140076948,18.54485183621466,10.60167355102439,13.643029475569978,17.003894847748615,8.898831426972134,17.749603789811783,12.519493855491298,11.548759503029494,18.241443588073334,9.128526613147045,16.16598071824179,14.675792492542683,9.883556940899346,18.594051962413435,10.262465506354317,14.10490317362996,16.64721268314749,8.974359246275519,17.992490624214142,12.078016273879545,11.971032706851481,18.046695748294695,8.999673700517143,16.554867087042318,14.218722851660509,10.183322663311277,18.59947425429548,9.954530191587555,14.563437092147208,16.264289726799543,9.092762999998499,18.1970184623666,11.651457020738526,12.409187942408895,17.813100634893306,8.913468690816838,16.91834450916268,13.757288148583985,10.515074030874626,18.561069868094094,9.680641474490926,15.014500777758805,15.858575331847572,9.252976112337109,18.361344926501932,11.243658523052758,12.859278326617947,17.54276246237292,8.870688114980588,17.253138795976827,13.295644966816063,10.875822641866819,18.47918474883048,9.443266532577379,15.454031068630677,15.433724155710667,9.453555390624516,18.4839897710613,10.858294211746685,13.317249465100911,17.238116425097157,8.871717338553275,17.55623413527953,12.837951767826702,11.262318888672379,18.35455651405606,9.244543628879626,15.878068695241268,14.993563239090335,9.692694025546984,18.56384821668108,10.498835431581174,13.778975973992175,16.90190676116588,8.916547090334266,17.824900257589977,12.38833143181424,11.671081230105159,18.188307809426398,9.086262850570531,16.282793945306903,14.542057532157653,9.968237866803076,18.600200901996768,10.168520171432675
9.839604014969844,14.464534272811829,16.520355124802197,8.797985872436236,18.377209790632577,11.666871215965987,12.19789807546151,18.108155602137668,8.67233428398016,16.9787245104024,13.8995754865947,10.232439817328338,18.836743919312383,9.540052015555915,14.942773863761804,16.099358951791718,8.954047641726639,18.563072727550754,11.230775752158959,12.669086113399953,17.834327241088648,8.61371460894097,17.340873245834672,13.412557338250863,10.604065623710177,18.763845447030448,9.27825998699024,15.410105944862263,15.657036801346592,9.153148083481515,18.70541666174159,10.81721029416994,13.149847920705625,17.523544384590743,8.601199311351479,17.670512497696127,12.928415803192255,11.003866813172845,18.645619420197768,9.05658614034768,15.86232080928841,15.19737309193653,9.393493709681618,18.80295936530879,10.429900221448232,13.635852816170953,17.17860655094131,8.63490112846172,17.964672890109608,12.451512007065283,11.428241994192195,18.483130813662278,8.877027303885534,16.295344925438343,14.724508454031557,9.67291949750095,18.854822177870336,10.07233440608799,14.122722889081217,16.802620924969194,8.714516475785992,18.22070463920276,11.986141878282481,11.87336841380954,18.27784331764247,8.741200935702356,16.705277631126062,14.242702431484517,9.988908391737013,18.860537921492543,9.74773378522157,14.606072435240762,16.398974368650396,8.839328181778548,18.43630142224481,11.536497450488405,12.335236392821734,18.03160615287011,8.65033055374662,17.088426270575095,13.756295111747903,10.338613978333704,18.82005510900835,9.459022346959898,15.081547463204728,15.971302912404454,9.008211948083314,18.609521152899973,11.106629100905131,12.80968544479527,17.746637412891467,8.605234714420796,17.441339457699197,13.26966803055679,10.718886124753343,18.73373840781147,9.208800791236001,15.544864914841192,15.52345900189253,9.219646477164023,18.738803475455896,10.700409064711952,13.292441753544946,17.42550408357811,8.606319639061404,17.76083816603635,12.787204703247891,11.12629935623233,18.602365354948393,8.999323102814564,15.991851246931013,15.05947679535571,9.471727176085405,18.822983820439198,10.321496554121907,13.779156671481879,17.07109891983116,8.65357555471505,18.0440443652792,12.313251138245594,11.55718371230688,18.42711935309927,8.832476247496047,16.418480026261268,14.583535824096579,9.762183313002957,18.861303895006067,9.973304796359187
