-0.0009484433526726425,-0.0009484433526726425,-0.0009484433526726425,-0.0009484433526726425,-0.0009484433526726425,-0.0009484433526726425,-0.0009484433526726425,-0.0009484433526726425,-0.0009484433526726425,-0.0009484433526726425,-0.0009484433526726425,-0.0009484433526726425,-0.0009484433526726425,-0.0009484433526726425,-0.0009484433526726425,-0.0009484433526726425,-0.0009484433526726425,-0.0009484433526726425,-0.0009484433526726425,-0.0009484433526726425,-0.0009484433526726425,-0.0009484433526726425,-0.0009484433526726425,-0.0009484433526726425,-0.0009484433526726425,-0.0009484433526726425,-0.0009484433526726425,-0.0009484433526726425,-0.0009484433526726425,-0.0009484433526726425,-0.0009484433526726425,-0.0009484433526726425,-0.0009484433526726425,-0.0009484433526726425,-0.0009484433526726425,-0.0009484433526726425,-0.0009484433526726425,-0.0009484433526726425,-0.0009484433526726425,-0.0009484433526726425,-0.0009484433526726425,-0.0009484433526726425,-0.0009484433526726425,-0.0009484433526726425,-0.0009484433526726425,-0.0009484433526726425,-0.0009484433526726425,-0.0009484433526726425,-0.0009484433526726425,-0.0009484433526726425,-0.0009484433526726425,-0.0009484433526726425,-0.0009484433526726425,-0.0009484433526726425,-0.0009484433526726425,-0.0009484433526726425,-0.0009484433526726425,-0.0009484433526726425,-0.0009484433526726425,-0.0009484433526726425,-0.0009484433526726425,-0.0009484433526726425,-0.0009484433526726425,-0.0009484433526726425,-0.0009484433526726425,-0.0009484433526726425,-0.0009484433526726425,-0.0009484433526726425,-0.0009484433526726425,-0.0009484433526726425,-0.0009484433526726425,-0.0009484433526726425,-0.0009484433526726425,-0.0009484433526726425,-0.0009484433526726425,-0.0009484433526726425,-0.0009484433526726425,-0.0009484433526726425,-0.0009484433526726425,-0.0009484433526726425,-0.0009484433526726425,-0.0009484433526726425,-0.0009484433526726425,-0.0009484433526726425,-0.0009484433526726425,-0.0009484433526726425,-0.0009484433526726425,-0.0009484433526726425,-0.0009484433526726425,-0.0009484433526726425,-0.0009484433526726425,-0.0009484433526726425,-0.0009484433526726425,-0.0009484433526726425,-0.0009484433526726425,-0.0009484433526726425,-0.0009484433526726425,-0.0009484433526726425,-0.0009484433526726425,-0.0009484433526726425,-0.0009484433526726425,-0.0009484433526726425,-0.0009484433526726425,-0.0009484433526726425,-0.0009484433526726425,-0.0009484433526726425,-0.0009484433526726425,-0.0009484433526726425,-0.0009484433526726425,-0.0009484433526726425,-0.0009484433526726425,-0.0009484433526726425,-0.0009484433526726425,-0.0009484433526726425,-0.0009484433526726425,-0.0009484433526726425,-0.0009484433526726425,-0.0009484433526726425,-0.0009484433526726425,-0.0009484433526726425,-0.0009484433526726425,-0.0009484433526726425,-0.0009484433526726425,-0.0009484433526726425,-0.0009484433526726425,-0.0009484433526726425,-0.0009484433526726425,-0.0009484433526726425
-0.03257305515548732,0.0005495270569488824,0.014774659823377969,-0.03842911569327767,0.026701054039587363,-0.018340248058005642,-0.014656402564815728,0.023534843031014382,-0.03668508228487739,0.01562345281426496,-0.003599117162731139,-0.025785276012677195,0.025754807641463703,-0.02919150185162695,0.0023564937374062666,0.008816855965397597,-0.03134322353371766,0.021964987647965697,-0.01818308014321862,-0.010299178206138602,0.01691940038498111,-0.031095503064289626,0.013744286301040371,-0.006229338433722515,-0.0200624943870297,0.019815451793256125,-0.025928311776666376,0.0032727954801216675,0.004294905036185663,-0.025523882944769302,0.017715932272012857,-0.01752071619503621,-0.007163342952605924,0.01162600245422012,-0.02628311380794118,0.011736563011902058,-0.00791559193403243,-0.015615307189173987,0.014853271755281363,-0.022878226901361785,0.0035580868207091007,0.0009154861825986333,-0.020787674258805653,0.013966116179893455,-0.016549070951888994,-0.004970146745581149,0.007431063832522907,-0.022186442082580738,0.009725806737351406,-0.008903649362131574,-0.012200820866514639,0.01074619142351873,-0.020095591140692388,0.0034112967966678396,-0.0015638019064725386,-0.016967850054246707,0.010703144820623733,-0.015411376607016924,-0.003495118767301133,0.004140450328668545,-0.018735091464182736,0.007795759135341686,-0.009385956030023393,-0.009614744746089553,0.007377708988232051,-0.01760560161685213,0.0029827179529976567,-0.00334146763339681,-0.013915629552892994,0.007898731261851057,-0.014209878172836126,-0.00255918143163945,0.00158763380442272,-0.015855617207949077,0.005998883558041057,-0.009511516389792314,-0.007686908401666058,0.004639829184929737,-0.015413002810396082,0.0023840604201062062,-0.0045786131362096,-0.01150032166808461,0.005515165779642671,-0.013015310619588993,-0.002020863400106277,-0.00036867277146770353,-0.013475565706205818,0.004364649000512081,-0.009394266512723523,-0.006276871758149502,0.0024346666075703745,-0.013508719601913372,0.0016967367800396092,-0.005404794341152708,-0.009608662703492346,0.003510013218789778,-0.011874508436691404,-0.001769565088438826,-0.0018471292184757846,-0.011526124568855312,0.0029059944631036954,-0.009120094190427348,-0.005269777586996337,0.0006750977928338666,-0.011874844413807463,0.0009786275172207898,-0.005923222513353459,-0.00814365814567447,0.0018394365290277876,-0.010816458037197836,-0.001719802362104443,-0.002946440331232523,-0.009943738145961114,0.0016243152430930616,-0.008752669328125292,-0.004572536110721738,-0.0007152471795587225,-0.010488322759088845,0.00026955596753903965,-0.0062153131419258505,-0.007023141764301806,0.0004604683959936644,-0.009857063856484712,-0.0018063386792598842,-0.0037479569546359907,-0.008670967418346623,0.0005132594666278877,-0.008338241940253625
-0.07624195446337245,-0.007815557003980587,0.0215714811908505,-0.08833971674938931,0.046209662648494555,-0.046839062226019225,-0.039228777669117754,0.03966873502626429,-0.0847367994882813,0.023324963035432425,-0.01638604756757105,-0.06221939817492861,0.04425485635600033,-0.06925616123879735,-0.004082628831900102,0.009263532125870923,-0.07370130268629745,0.03642564402251025,-0.046514376362577006,-0.030227391126415114,0.02600220066719719,-0.07318954852440288,0.019442880596883698,-0.021819698994283453,-0.05039697057618801,0.031985018173830315,-0.06251488908728739,-0.00218968380612743,-7.815535458001108e-05,-0.0616793984296467,0.02764771873524957,-0.04514602958060164,-0.023749215359525906,0.01506681681342932,-0.06324785805256009,0.015295218712011859,-0.025303251438638923,-0.04120973400069723,0.02173388191380659,-0.056213861026615526,-0.0016003137341458785,-0.007059539117905286,-0.05189508584441916,0.019901148595478042,-0.0431387529990024,-0.019218393625707042,0.0064006888042962215,-0.054784735040522795,0.011141291124062199,-0.027344433187519356,-0.034155905988875634,0.013249256247353437,-0.05046534361565135,-0.0019035603972140103,-0.012181384724961362,-0.04400388921096286,0.01316032827851097,-0.04078844332416401,-0.01617120213386689,-0.0003972361296915687,-0.04765475079981496,0.0071540958177410165,-0.028340808033623273,-0.028813451969393746,0.006290465520422565,-0.045321390413716384,-0.002788941437604383,-0.015853781423996148,-0.037698449260060794,0.0073668211303563914,-0.03830632375761572,-0.014237692852606048,-0.005670980700951563,-0.04170617925827755,0.0034420143849328254,-0.028600197323612467,-0.024830824796967126,0.0006344073539651766,-0.040791802821864356,-0.004025680108066764,-0.018409542606733383,-0.03270877737238263,0.0024427243914602013,-0.03583852237467005,-0.01312560674322608,-0.009712423196459652,-0.036789341887700805,6.592544784006851e-05,-0.028357976272158282,-0.021917895871838067,-0.00392113514610944,-0.036857832974249015,-0.005445589953162562,-0.02011631181754964,-0.028800887361313008,-0.0016996267457685364,-0.03348179236223209,-0.012606461283951625,-0.012766697401910693,-0.03276208238140691,-0.0029474409163070085,-0.027791576461374243,-0.01983738700352617,-0.0075561462784572535,-0.03348248644168318,-0.006929098380185569,-0.021187308394375572,-0.025774402786223668,-0.005150793198519608,-0.03129601539884569,-0.012503658788995752,-0.015037712948059029,-0.029493104086995733,-0.005595202227952654,-0.027032530578324,-0.018396988363264793,-0.010428395098806855,-0.030618136034962523,-0.008393936217238423,-0.021790724798225688,-0.023459580264844952,-0.007999539137156031,-0.02931404771562998,-0.012682430129779893,-0.016693528750449077,-0.02686374641421957,-0.007890480526980157,-0.0261763843703174
-0.14047415957989037,-0.03238235178546564,0.014039763102114335,-0.15958475204588743,0.052960204238947615,-0.09402700037928652,-0.08200518648686794,0.04262763205057624,-0.15389329590400852,0.016809703206414665,-0.045920983849989126,-0.11832300862946235,0.049872235941785505,-0.1294388421211495,-0.02648552001485582,-0.005402857203373322,-0.13646074291970256,0.037504586231224955,-0.09351410063229063,-0.06778587668563876,0.021038881802064917,-0.13565233513324365,0.010677255432311843,-0.05450441403841393,-0.09964735684719579,0.03048981863356904,-0.11878978969772827,-0.023495272720123403,-0.020159733571323803,-0.11746998186138366,0.023638273693764734,-0.09135255066261441,-0.05755243234467883,0.0037644752343186996,-0.11994764607268288,0.004125277132973615,-0.0600073119730967,-0.08513446347634135,0.014296304267267197,-0.10883618203563239,-0.022564256637065353,-0.031188085492558786,-0.10201389949213971,0.011401172199255384,-0.08818169610202997,-0.05039518411612211,-0.009925233384946386,-0.10657862037612184,-0.002436598971859723,-0.06323172584647663,-0.0739916728286058,0.0008933112587551362,-0.09975536436643392,-0.02304328930918745,-0.03927896228085061,-0.08954833442600027,0.0007528335298001218,-0.08446895904348799,-0.04558159682703147,-0.020663779072692227,-0.09531552726090647,-0.008735091435173634,-0.06480567920884937,-0.06555230535544465,-0.010099350895984606,-0.09162956465387354,-0.024441907982624106,-0.04508017369743182,-0.07958775738938696,-0.008399053524981506,-0.08054800454242221,-0.04252727099140914,-0.02899460760844592,-0.08591868809367084,-0.014598992029830497,-0.06521543126826597,-0.05926102908163133,-0.019034112550879886,-0.08447426597463145,-0.02639555925790695,-0.04911745838272935,-0.07170567277488962,-0.016177550392039136,-0.07664966818884635,-0.040770530866996085,-0.035378793268606254,-0.07815165870516283,-0.01993213201724081,-0.06483279953095893,-0.05465953367657616,-0.026230411678122807,-0.07825985270101354,-0.028638562364311768,-0.05181360747627879,-0.06553245729603918,-0.02272113940983112,-0.07292678905175637,-0.039950447196296555,-0.04020356897834617,-0.07178987762862829,-0.024692286430468113,-0.06393806910885245,-0.0513729955413247,-0.03197256586476564,-0.07292788547514568,-0.0309820308751353,-0.05350543929015526,-0.06075158030806842,-0.02817287784306839,-0.06947396101783777,-0.03978805215668992,-0.043791046692017964,-0.06662593817538823,-0.028874901874365533,-0.06273901954984992,-0.04909762669609385,-0.03650979972412878,-0.06840312858139173,-0.033296005829416414,-0.05445864408197084,-0.05709490159416178,-0.032672984671532894,-0.06634308641646697,-0.040070453658517614,-0.04640670570813281,-0.06247239459073313,-0.032500706972177856,-0.06138658255483355
-0.22667473241519737,-0.07213472875894553,-0.005764538909760808,-0.2539973490855113,0.04988042844084893,-0.16026873644614797,-0.14308102166185538,0.03510784043116115,-0.24586021389532042,-0.0018043261741177014,-0.09149105456608986,-0.1950049970419131,0.04546552742595038,-0.21089742204154593,-0.06370396585484553,-0.03356185930254786,-0.22093670806353619,0.02778336750570662,-0.15953543823980482,-0.12275152367759946,0.004242175304308371,-0.2197809188800237,-0.010571951776550279,-0.1037628757130276,-0.16830421967862413,0.01775427989666939,-0.1956723588842988,-0.05942877759321595,-0.054659921906840346,-0.19378541562730234,0.00795855345214462,-0.1564450473301418,-0.10812065980236721,-0.020455226918959624,-0.19732775841984188,-0.01993938461901995,-0.11163042723518578,-0.1475549821521303,-0.0053977592859423135,-0.1814415804758306,-0.05809769402809084,-0.0704272735776669,-0.17168769078956964,-0.009536960299462174,-0.15191164294561976,-0.09788786612466809,-0.040027548478220015,-0.17821392063523936,-0.0293209684589483,-0.11624040593707871,-0.13162401622067954,-0.02456016049658251,-0.1684586391740378,-0.05878257211840835,-0.08199488590609531,-0.15386554024729884,-0.024761002995096523,-0.1466035034084126,-0.0910058293409876,-0.055380561104331975,-0.1621109569905156,-0.03832598991404891,-0.11849070374723708,-0.11955816306519142,-0.04027648612984705,-0.1568410971705093,-0.060782192064793884,-0.0902889393762177,-0.13962479765018973,-0.03784555295097678,-0.1409976731859861,-0.08663902731004954,-0.06729123499021537,-0.1486761964023343,-0.0467096707667334,-0.11907653061101596,-0.11056345867273007,-0.05305060959941931,-0.1466110907841356,-0.06357534800681916,-0.09606108809644098,-0.12835569770637204,-0.04896655239398205,-0.13542418036883677,-0.08412739732818998,-0.07641877291741671,-0.1375715921349963,-0.054334517551803095,-0.11852947795930263,-0.10398465190437726,-0.06333923476101055,-0.1377262782380001,-0.06678219332967687,-0.09991580104163812,-0.1195297860842187,-0.05832199099167697,-0.13010154059439732,-0.08295491500918417,-0.08331680590472568,-0.1284760862785513,-0.06114016078633521,-0.1172502723883618,-0.09928585348660883,-0.07154885348333076,-0.13010310816254195,-0.07013267510642499,-0.10233463092372766,-0.11269451556486301,-0.06611639923219556,-0.12516499574540174,-0.08272273709925138,-0.08844586082849905,-0.12109314729114783,-0.06712009043301045,-0.1155359785208312,-0.09603273452379106,-0.07803578483846917,-0.1236340152574231,-0.07344098963267646,-0.10369743792102107,-0.10746652323734437,-0.07255024967761571,-0.12068875113245833,-0.08312648952060031,-0.09218549625658508,-0.11515478198986819,-0.07230394242425889,-0.11360238500972832
-0.32060284732805544,-0.11056868462078046,-0.020365456175778077,-0.3577368112179874,0.05526120261708373,-0.23035095505344483,-0.2069912604878863,0.03518388878101161,-0.3466776916627091,-0.014983160676913965,-0.13687572220203853,-0.27756074693387933,0.04926094367984246,-0.29916002284441157,-0.09911049783643866,-0.058144586343209625,-0.31280434136337437,0.025229252429430804,-0.22935433494771085,-0.17936159188194997,-0.0067654057572599235,-0.3112335169316296,-0.02689917503416675,-0.15355426250558166,-0.24127192019354887,0.011598794497208381,-0.27846775342069197,-0.09330012145684026,-0.08681880537386884,-0.27590322295813974,-0.0017145040223237595,-0.2251542077845652,-0.15947689425664222,-0.04033146033395808,-0.28071759454381745,-0.03963038292362088,-0.16424699291465067,-0.21307178671623095,-0.019866968733276383,-0.25912680895984025,-0.0914910557425911,-0.10824809505901398,-0.24587037046544355,-0.02549252586141984,-0.21899289180430603,-0.14556958093062183,-0.06693205612584577,-0.2547401206197105,-0.05238082332784395,-0.17051238047672274,-0.19142013011362663,-0.04591044484636152,-0.24148179057440528,-0.09242186843091199,-0.1239695504261824,-0.221648419008039,-0.04618340838339664,-0.211778639074569,-0.13621625622903719,-0.08779822071538694,-0.23285470321187668,-0.06461948061227187,-0.17357074339387354,-0.17502151936621865,-0.06727038542563082,-0.22569247615938012,-0.09513953693897054,-0.13524193644165958,-0.20229393229295708,-0.06396652233037008,-0.20415979716185978,-0.13028136826102205,-0.10398592847852005,-0.21459562061480442,-0.07601367853280079,-0.17436693630130298,-0.16279688392443192,-0.08463160105766124,-0.21178895102014567,-0.09893569428149948,-0.14308682058033625,-0.1869781828742557,-0.07908098946649914,-0.19658490477471563,-0.12686783074458874,-0.11639109698351685,-0.19950343603925677,-0.08637655074959968,-0.17362344113538478,-0.15385567686792467,-0.09861479453571056,-0.19971366876449415,-0.10329409376631088,-0.14832573210335034,-0.17498295242369405,-0.09179589606762036,-0.18935094488104637,-0.1252743187972923,-0.12576616200577,-0.18714180208196224,-0.09562604955011014,-0.17188488241488245,-0.14746957509455166,-0.10977242591718708,-0.18935307535118326,-0.10784770848092268,-0.15161314569851275,-0.16569318740205,-0.10238921798986803,-0.18264172371180154,-0.1249587675370482,-0.1327370221772929,-0.1771077049430273,-0.10375332719131934,-0.16955499844579763,-0.14304828545188802,-0.11858876578700271,-0.18056097958532263,-0.11234401400087818,-0.15346532649206845,-0.1585878621453425,-0.11113341599243473,-0.1765580931494278,-0.12550750443204456,-0.1378195327078065,-0.16903691709266255,-0.11079866164725818,-0.16692706597192467
-0.38904475100578056,-0.11353135191516751,0.004793199469676684,-0.4377554201709777,0.10399686023283902,-0.27065636459079034,-0.24001416444335386,0.07766033998163313,-0.42324856290380675,0.011853453424024468,-0.14803974450517862,-0.3325840532281228,0.09612598954249726,-0.3609170151010943,-0.09850101614655779,-0.04476376989640855,-0.378815020477837,0.06460229426857733,-0.26934904301322626,-0.2037708037669383,0.02263313593673541,-0.37675448340621903,-0.0037774400309361356,-0.16991790599885542,-0.2849819970894122,0.04672247058816931,-0.33377382367764363,-0.09087922488315243,-0.08237732499418612,-0.3304097875813162,0.029258682407498793,-0.2638395044866589,-0.17768694882628763,-0.021397309735933373,-0.33672506440561056,-0.020477667817409645,-0.18394415040876125,-0.2479903261678905,0.00544709295022941,-0.30840323976240397,-0.08850617357718119,-0.11048730655694858,-0.2910140380137478,-0.0019322607043156526,-0.25575736638725655,-0.15944395865135005,-0.056290778826828966,-0.3026489786471553,-0.037203123954589315,-0.19216280494379673,-0.21958865365121466,-0.028715571520938316,-0.2852572956468129,-0.08972717193464066,-0.13111000693591846,-0.25924076792940354,-0.029073632852233022,-0.24629403306162645,-0.14717468660476732,-0.08366207813331818,-0.27394066918536153,-0.05325724593777009,-0.1961746283162224,-0.19807769120041074,-0.05673458403543993,-0.26454558081089435,-0.09329208765409089,-0.14589661758512992,-0.2338524198921457,-0.05240072453481216,-0.2362999777829618,-0.13938956662136381,-0.1048963875038472,-0.2499892231646167,-0.06820364398336473,-0.19721903847993202,-0.18204196244182635,-0.07950824842161035,-0.24630755980956326,-0.09827171667939666,-0.15618718492264994,-0.21376190638912335,-0.07222720496276991,-0.22636357352173536,-0.13491184113159851,-0.12116893144169635,-0.2301919720007324,-0.08179719520374934,-0.196243754851168,-0.17031328784737687,-0.09785077477837438,-0.23046774586524876,-0.10398886974239009,-0.16305935420518824,-0.19802710081411107,-0.08890604944997314,-0.21687438922190452,-0.13282154359413068,-0.13346672146634272,-0.21397653473096395,-0.09393027308767835,-0.19396319145886023,-0.1619362858214124,-0.11248685544299958,-0.216877183877124,-0.10996209739259978,-0.167371635988996,-0.1858412035063795,-0.10280189426321537,-0.20807353365744297,-0.13240761759668068,-0.14261078334506835,-0.20081425591917712,-0.10459127156249992,-0.1909069541137769,-0.15613663626862948,-0.1240517348595749,-0.2053441067892863,-0.11586014941035333,-0.16980124372321057,-0.1765207563567975,-0.11427214121235638,-0.20009329980669016,-0.13312742605640057,-0.14927779281689052,-0.19022735821962397,-0.11383302546894047,-0.1874597501012257
-0.40436090380044415,-0.05858907525155427,0.089909315859757,-0.46549323784547864,0.21441081485778202,-0.25578239914412226,-0.21732615850133763,0.18135824175269194,-0.44728699967222113,0.09876999896218386,-0.10189742266955697,-0.3335022131662865,0.2045328003588347,-0.3690603387142978,-0.039725866784852015,0.02771486734432574,-0.39152249869243655,0.16497027529305225,-0.25414169864146874,-0.1718404103119382,0.11229859882665241,-0.3889365058753983,0.0791530851220078,-0.12935471487358716,-0.27376119858007547,0.14253093350963086,-0.33499538593117606,-0.030160449238321452,-0.019490487340095786,-0.3307734899501786,0.12061372007263604,-0.2472271775434759,-0.1391049344759099,0.05703998794851478,-0.33869921996017543,0.058194146943422925,-0.14695777952777378,-0.2273363142084568,0.09072995814137819,-0.303155071737091,-0.027182248207030982,-0.05476877056520778,-0.2813314649525045,0.08146880200500531,-0.23708402051939276,-0.11620981542976506,0.013248366009993184,-0.295933421558426,0.03720354695461861,-0.15727226592361043,-0.19169195617595358,0.04785550266557434,-0.27410670078034427,-0.02871461228118298,-0.08065044762043905,-0.24145572122351003,0.04740613242926983,-0.22520745088985322,-0.1008117671151877,-0.021102864246692332,-0.259904231363262,0.017055477451669826,-0.16230714084394984,-0.16469550211959477,0.01269138642567011,-0.24811330976982796,-0.03318861402122748,-0.09920777883951636,-0.20959311289428284,0.018130419623881983,-0.21266482036905582,-0.09104137053549682,-0.04775211616422202,-0.22984494816934659,-0.00170238840713402,-0.16361788512445635,-0.1445705162812612,-0.015889770075451837,-0.22522442708187826,-0.03943809386234701,-0.11212253469837581,-0.1843793352219254,-0.006751994131280095,-0.20019454240092227,-0.08542178420885538,-0.0681743072122942,-0.2049992174071685,-0.018762419162297136,-0.16239389527574258,-0.12985092269937545,-0.03890980793756174,-0.20534531612220214,-0.04661317309700509,-0.12074716982234407,-0.16463201072340292,-0.027684096074264433,-0.18828552956299927,-0.08279844173575922,-0.08360814584942622,-0.18464869574835202,-0.03398954256064937,-0.15953176741959224,-0.11933770875828922,-0.05727822265314546,-0.18828903688078702,-0.05410962827402725,-0.1261591227891574,-0.1493385984664638,-0.04512350804539014,-0.17724037556554267,-0.08227896083394241,-0.09508402690133574,-0.16812991579919598,-0.04736919287516499,-0.15569616167853964,-0.11205909567657492,-0.07179225179298235,-0.17381491995355403,-0.061511737346713,-0.12920830265368952,-0.13764135229099073,-0.0595187725755461,-0.16722510930288426,-0.08318232701556483,-0.10345118459179181,-0.15484326263344347,-0.05896767831281087,-0.15136988920418756
-0.39162926343026017,0.021084905272947617,0.19833297750160522,-0.46459697896731644,0.34693829586115993,-0.21428556746247462,-0.16838409696111697,0.3074866572189434,-0.44286596495029046,0.2089091122784255,-0.030608052703249778,-0.3070521429540059,0.3351478716398448,-0.3494944156162416,0.04360008076911897,0.12409751932467827,-0.3763053091513267,0.2879259371264159,-0.21232722300484386,-0.11409218766759541,0.22505688484339897,-0.3732186612880943,0.18549431205583894,-0.06338114926922728,-0.23574511000135437,0.2611422794488719,-0.3088343979138096,0.055017388441589606,0.0677530831724241,-0.3037951317090951,0.23498183554601892,-0.20407403234175486,-0.07501903716406882,0.15910006080722683,-0.3132553040029736,0.16047766803490043,-0.08439221377922745,-0.18033224527785938,0.19931249829855208,-0.2708297147127238,0.058572177066268695,0.02564483104664473,-0.24478099995766153,0.18825835784964823,-0.191967133301457,-0.04769136254075985,0.10683026508566293,-0.2622099339669605,0.13542323239357681,-0.09670361201060872,-0.1377870452941538,0.1481374348916814,-0.23615750234102956,0.05674314325611584,-0.005247607112134678,-0.19718520681973925,0.14760106538958884,-0.1777912283925118,-0.029312211363312,0.0658285458339285,-0.21920539729648855,0.11137444336764196,-0.10271325202666545,-0.10556400635959504,0.1061654527812792,-0.205131722109874,0.051402962950888635,-0.027397686716866456,-0.15915391328000672,0.11265749718631315,-0.1628203114428377,-0.017650240174940213,0.034019928290204816,-0.18332655740587264,0.0889850050867616,-0.10427775986520739,-0.08154277005677321,0.07205090881903459,-0.17781149122019435,0.04394356729023142,-0.042812773453871744,-0.1290586815904096,0.08295778234433618,-0.147935754691308,-0.01094268707846864,0.00964394706329158,-0.15367062748130342,0.0686221072743021,-0.10281680234581356,-0.06397342424195625,0.044574130766730856,-0.15408373182257898,0.035379373746358404,-0.05310716073954315,-0.10548822286124265,0.05797317012515971,-0.13372112548306328,-0.007811458567020917,-0.008777923537779495,-0.12938019102688442,0.05044697252874978,-0.0994005589698545,-0.05142482428717169,0.02264954240002414,-0.13372531182684735,0.026431585028029995,-0.05956688210878537,-0.08723396555882731,0.03715744189032396,-0.12053760047065856,-0.007191404789215247,-0.02247556550113008,-0.10966333160742711,0.03447698654039113,-0.09482236981680747,-0.04273705246973091,0.005325558846705408,-0.11644896759601203,0.01759640806926853,-0.06320639125647466,-0.07327210159874897,0.019975216089108773,-0.10858335218131332,-0.008269665051908036,-0.03246262704144571,-0.09380434726169681,0.020633003658085673,-0.08965851955367557
-0.3992118559878022,0.07299128975669789,0.27578805233576265,-0.4826972011181885,0.44581346974324404,-0.19630568638119117,-0.14378793824294803,0.4006752378037765,-0.45783385995570786,0.28788864032169065,0.013847264132629369,-0.3024437162547104,0.43232356358261764,-0.35100365478705015,0.09875182211178436,0.19085223104551396,-0.3816790936925468,0.3782950186081487,-0.19406506446057678,-0.08167034621205277,0.30636396678287287,-0.37814753373810284,0.2610988105544568,-0.023649774902567103,-0.2208584259319964,0.3476507413602428,-0.3044828669850631,0.11181483038168079,0.1263862591601931,-0.2987172365934849,0.3177195084592394,-0.18462225176096647,-0.036965158018764224,0.23090006911476535,-0.3095410062995033,0.23247624583908721,-0.04768939241373009,-0.15745830298645863,0.276908762107113,-0.2610001558948092,0.11588200931160346,0.07820848717317336,-0.23119675687754165,0.2642612682983225,-0.17077025382737757,-0.005698448752263692,0.17109605985407475,-0.2511379125011147,0.20381044218650188,-0.06177536622858139,-0.10878060109955835,0.21835728082327993,-0.22133026085999857,0.11378933698697506,0.04286318627369472,-0.17674046497326829,0.21774359855749936,-0.1545510217307141,0.015329889163475883,0.12418431734609009,-0.20193466474035104,0.17629523992176319,-0.06865124095149337,-0.07191290547826214,0.17033542092945037,-0.18583239784656594,0.1076794184763157,0.017520375047441458,-0.1332273079071523,0.17776323422697377,-0.13742218387053523,0.028672826959951103,0.0877907781731441,-0.16088421785299079,0.15067856865287138,-0.07044125830229747,-0.04442922740996352,0.13130357711069524,-0.1545742052598947,0.09914481907697159,-0.0001166556171702792,-0.09879412350645676,0.14378257681421278,-0.12039215424211401,0.03634721255798914,0.059901221940741774,-0.12695365655348187,0.12738054514733035,-0.06876971710315595,-0.02432742090184822,0.09986627251805455,-0.1274263061116106,0.08934617527249941,-0.011894884785023038,-0.07182619848094736,0.1151966609922007,-0.10412861609217543,0.03992977905381924,0.03882400698672975,-0.09916197559102893,0.10658563076833853,-0.06486105345386717,-0.009970054902136895,0.07478145503179769,-0.10413340585917133,0.07910864455353285,-0.019285715976434557,-0.050940756751350076,0.09138053569575977,-0.08904480638818736,0.04063920791915377,0.023151975070066014,-0.07660311101091537,0.08831371719460923,-0.059622960158754755,-3.002014491955223e-05,0.05496037751365263,-0.08436683443663351,0.06899995755050277,-0.023449827118789457,-0.034966417650947594,0.07172164901464677,-0.07536746241674992,0.039405526290110945,0.011725369846167632,-0.05845819895253653,0.07247425065243034,-0.05371478805488414
-0.4765781404953056,0.045262121275486476,0.26937650218177017,-0.5688393097600238,0.45727467509147857,-0.2523428518983196,-0.19430453579844736,0.4073915962017256,-0.54136238043913,0.28274908146054933,-0.020099014269642054,-0.36963791397527224,0.44236673509665775,-0.42330238288798255,0.07373055285769994,0.17551238540224576,-0.4572023668517484,0.38265881000835816,-0.2498666999706587,-0.12565725807888506,0.30316649986127475,-0.45329957588626113,0.25314315463749376,-0.06153767227541508,-0.2794765297440723,0.34879326335764493,-0.3718914164360397,0.08816672024986982,0.10426987050772021,-0.36551971370612435,0.3157157149487798,-0.23943127637082637,-0.07625274368812099,0.2197699776901215,-0.37748125794325577,0.2215118391788253,-0.08810428964751277,-0.20941190384659605,0.2706150188789186,-0.32383788366665084,0.09266143346088238,0.05102774077645562,-0.2909016068015121,0.25663804405483553,-0.22412318218963317,-0.041699336123211875,0.15367948225655698,-0.31293893959862995,0.189832739586318,-0.10367095481923486,-0.15561729251462258,0.2059087148324913,-0.27999796308173686,0.09034878331543955,0.011967007615369542,-0.23072097082207965,0.20523052342884424,-0.20619901459498585,-0.018460538454354913,0.10183646466739296,-0.2585635379884447,0.1594251904585605,-0.111269608698701,-0.11487413333136512,0.15283888638353882,-0.2407686307611587,0.08359660154000118,-0.016039792770224465,-0.1826337916524986,0.16104749759355705,-0.18726962517151585,-0.0037150158646525877,0.06161730437604731,-0.21319794450910984,0.13111574237223222,-0.1132477893426379,-0.08450142216491861,0.10970408777125515,-0.20622463513361508,0.07416486093259661,-0.03553079528010699,-0.14458105497932236,0.1234948567032452,-0.168449430517268,0.004766086867299742,0.030796049888126335,-0.17570066574225854,0.1053686739877027,-0.11140053884297127,-0.062286551161207446,0.07496215221695807,-0.17622299934245272,0.06333620192427386,-0.04854712998168548,-0.11477831185583307,0.09190404260140933,-0.15047629949946797,0.00872524608689295,0.007503237317681925,-0.14498757499054218,0.08238783690343243,-0.10708100374393473,-0.0464199655631472,0.04724046539324576,-0.1504815927578579,0.05202252102566613,-0.056714871595412004,-0.09169743135431088,0.06558441052978103,-0.13380690778667118,0.009509248794478134,-0.00981620943224958,-0.12005736454228738,0.062195213774387435,-0.10129229182844846,-0.035435052848220655,0.02533583308856261,-0.12863719612812977,0.04085122765466751,-0.06131670635266058,-0.07404389945200562,0.0438590182611213,-0.11869182686714258,0.008145884848169617,-0.02244395813517122,-0.10000509309156783,0.04469073198266143,-0.09476306366667979
-0.6650084168680602,-0.10347839761609162,0.13768151633517092,-0.7642867208793782,0.3398707155613159,-0.4237183993144859,-0.3612658460248592,0.2861936647445398,-0.7347199707053115,0.15207117778900395,-0.17381072417219642,-0.5499346062486334,0.32382891801221103,-0.6076806493757864,-0.07284473420310042,0.03667834896088712,-0.6441589743390984,0.2595797697947929,-0.4210539179751351,-0.2873974422174269,0.17404148975521752,-0.6399593476591834,0.1202135043268042,-0.21840109431496235,-0.4529157912355303,0.22313850135332844,-0.5523595040054395,-0.05731059100352806,-0.039982678734697075,-0.5455031868166201,0.1875451641665625,-0.40982480430914103,-0.23423535421976857,0.08430205389527637,-0.5583744937237706,0.08617639665289925,-0.24698829667798375,-0.37752223958509706,0.13901423125914728,-0.5006511496336338,-0.05247402207466198,-0.09727426070570358,-0.4652098287217319,0.12397420557117353,-0.39335241792962483,-0.19705390802528766,0.013184894312288392,-0.488923261387575,0.052087870513306295,-0.263738920257514,-0.31963615575861914,0.0693865409126456,-0.45347688338113024,-0.05496256612890357,-0.13930584747808383,-0.40045201650261764,0.06865676810697094,-0.3740649866755783,-0.17204763032240417,-0.04260116283504234,-0.43041221394675483,0.01936760552421929,-0.2719155071784745,-0.2757941821958174,0.01228036499299573,-0.41126387425365185,-0.06222830056934056,-0.16944276927545998,-0.34870745667651515,0.021113300947673053,-0.353695879141944,-0.1561806032065226,-0.08587928356888683,-0.381596236250084,-0.01109498253862129,-0.27404414288646756,-0.24311140484905852,-0.03413514961868486,-0.37409255584301065,-0.07237739383187176,-0.19041620466634934,-0.3077605318758678,-0.019295492138823367,-0.33344427143604516,-0.14705445076249576,-0.11904471922776637,-0.3412470159802712,-0.038800303236925154,-0.272056395515038,-0.21920693090129512,-0.07151946273100632,-0.3418090768599314,-0.08402965132688134,-0.20442252654493562,-0.27569107279828325,-0.05328901803234834,-0.3141041527334444,-0.14279416861167876,-0.1441091200594123,-0.30819797069852967,-0.06352900057156019,-0.267408328271068,-0.2021335757598033,-0.10134958600089983,-0.31410984858273655,-0.09620382016400385,-0.21321148447247756,-0.25085472301493744,-0.08161045006163406,-0.29616693221764456,-0.14195053678076175,-0.16274583703851375,-0.28137163593957437,-0.08525741994633947,-0.261179342599635,-0.19031318032430658,-0.12492022533412668,-0.2906040262868198,-0.10822477186366697,-0.21816332232236574,-0.23185851127127402,-0.10498821684697157,-0.27990223916591156,-0.14341759449765812,-0.1763340181194422,-0.2597942430117861,-0.10409324523155089,-0.25415351902109934
-1.1152468309565926,-0.4492108132300825,-0.16316877947143305,-1.233001757644972,0.07664972437148765,-0.8290504800960877,-0.7549749214193024,0.012982871409763841,-1.1979323582043457,-0.14610106718080462,-0.5326326448167013,-0.9787567058664388,0.057622397976696105,-1.0472498287365344,-0.41287593799911515,-0.2829695827576882,-1.090517111800516,-0.01858411877917432,-0.8258901138116068,-0.6673589154696018,-0.12004187428194751,-1.0855358952423084,-0.18388775220088716,-0.5855217006830316,-0.8636817802516839,-0.061807448755349215,-0.9816328998186136,-0.39445074518534695,-0.3738979460697794,-0.9735005577529224,-0.10402503952467362,-0.8125711568684679,-0.6043028647331612,-0.2264826600707462,-0.9887673354877875,-0.22425948456215167,-0.6194292492859941,-0.7742567821537991,-0.16158803381172215,-0.9203011361582007,-0.3887140454571063,-0.44185202830398096,-0.8782638533169815,-0.17942714921478936,-0.7930331050270356,-0.5602016029881993,-0.3108353894649334,-0.9063905780118137,-0.2646922048473919,-0.6392973208776217,-0.7055975556979642,-0.24417408978724325,-0.8643472969033685,-0.3916657308790754,-0.4917060872372768,-0.8014540054221955,-0.2450396801504871,-0.7701561020811706,-0.5305414226801571,-0.37700375459805247,-0.8369900763567026,-0.30350201776054425,-0.6489956472443684,-0.6535961800280792,-0.3119082601665587,-0.8142780512146486,-0.4002836865834089,-0.5274517725831797,-0.7400792981331734,-0.3014314320605144,-0.745996112764095,-0.5117213931339215,-0.4283363391438534,-0.7790889877740678,-0.33963397891561353,-0.651520442004283,-0.6148308315587753,-0.3669621369902278,-0.7701888021290026,-0.41232162120552573,-0.5523285608346802,-0.6915117669285193,-0.34936068019637934,-0.7219754910937441,-0.5008967782022358,-0.4676741731599775,-0.7312303995143064,-0.3724955194122651,-0.6491627562205793,-0.5864775110092797,-0.41130402108743175,-0.7318970651905377,-0.4261424730093857,-0.5689415904629739,-0.6534738810054636,-0.3896807197995461,-0.6990359950714341,-0.495843617621611,-0.4974032938556952,-0.6920306172151572,-0.401826459044424,-0.643649640107174,-0.5662266444878106,-0.44668580982499106,-0.6990427509716532,-0.4405823687467654,-0.5793662558189309,-0.6240152537951172,-0.42327303571922853,-0.6777604897345327,-0.49484297800159605,-0.5195084785024433,-0.6602116501778216,-0.42759874087389416,-0.6362613818327484,-0.5522063626971799,-0.47464316600994305,-0.6711622748820314,-0.454840532201663,-0.5852396770945386,-0.6014836690394287,-0.4510016239677912,-0.6584687848954022,-0.4965830689068663,-0.5356255474123911,-0.6346185022323408,-0.44994008974829014,-0.6279279866498327
-1.685221709163406,-0.9744248217309774,-0.6691593678227823,-1.8108903414029065,-0.4132238905461679,-1.3797915672912617,-1.3007377696873346,-0.4811694666312044,-1.7734641072307518,-0.6509446219999033,-1.063453007380885,-1.5395587817882361,-0.4335299461011576,-1.612654976664865,-0.9356480656216369,-0.7970113695485224,-1.6588300322339538,-0.5148579125631492,-1.3764188089743419,-1.2072335406955013,-0.6231341242062017,-1.6535140536217356,-0.691270756598968,-1.1198964658252963,-1.4167502597691268,-0.5609860611825014,-1.5426282700057596,-0.9159846099618764,-0.8940505624771228,-1.5339493948789154,-0.6060408800137165,-1.362204753146933,-1.1399398157251386,-0.7367282500806478,-1.5502421745578676,-0.7343556663319205,-1.1560827671153058,-1.3213154655314256,-0.6674723883429337,-1.4771747126150188,-0.9098623760249088,-0.9665714905573689,-1.4323123192843255,-0.6865103793307644,-1.3413536489036695,-1.0928747340390703,-0.8267498944122585,-1.4623292970973254,-0.777505662674875,-1.1772860700460077,-1.248042004097745,-0.7556086301832736,-1.4174605023865856,-0.9130124291072885,-1.019775985468349,-1.3503404748874797,-0.7565323924417854,-1.3169391997523918,-1.061221244914556,-0.8973650964904532,-1.3882647431546014,-0.8189236843528421,-1.1876361712587293,-1.1925458822896051,-0.8278948672591262,-1.3640263591204094,-0.9222095534784005,-1.0579239552579345,-1.2848410878467826,-0.8167139451922377,-1.2911555412865974,-1.0411364175676607,-0.9521474811482145,-1.3264724189437123,-0.8574838895704502,-1.1903306445439412,-1.1511753132830367,-0.8866486331904768,-1.316974097402968,-0.9350564960352357,-1.084472585043513,-1.2330095816042466,-0.8678642726298424,-1.2655206166533048,-1.0295843357037393,-0.9941290095232702,-1.2753975000706055,-0.8925538859063631,-1.1878145107733973,-1.1209165112684722,-0.9339705082247549,-1.276108968932666,-0.9498061765065436,-1.1022020913109396,-1.1924153641760233,-0.9108940155991655,-1.2410394745859672,-1.0241915780798128,-1.0258560721658436,-1.2335633011614027,-0.9238560077753455,-1.1819308863609541,-1.099304687721145,-0.971730125778615,-1.2410466845156403,-0.9652165036837639,-1.1133273450364545,-1.1609769735006643,-0.9467438990316884,-1.218334151496021,-1.0231236905956251,-1.049446833062921,-1.1996059443075573,-0.9513603126760767,-1.174046101086226,-1.0843421745950186,-1.0015663526915919,-1.211292504415466,-0.9804328852825221,-1.11959548887578,-1.1369311563270956,-0.9763359836868862,-1.1977459499754393,-1.0249807240989146,-1.066647047632141,-1.17229281196174,-0.9752031091890476,-1.1651526610918246
-2.3768129764910833,-1.6109045256900096,-1.2819703462924685,-2.5122253131721375,-1.006190938177658,-2.047701340065291,-1.962518114416288,-1.079404667497799,-2.4718972397928933,-1.2623433220305442,-1.7068355025335642,-2.2198560890628563,-1.0280714216561129,-2.2986197898714567,-1.569121217794448,-1.419735339787726,-2.348375023612454,-1.1157051436110748,-2.0440670752800725,-1.8617640446718675,-1.2323765401582678,-2.342646871146729,-1.3057961393172568,-1.76765529870793,-2.087525620953192,-1.1654098334768253,-2.223163569732795,-1.5479331581278324,-1.52429845653322,-2.2138117789179694,-1.2139579730399988,-2.0287509340998597,-1.7892527076753564,-1.3547781748683945,-2.231367817589194,-1.3522216330833738,-1.806647301136875,-1.984691299785648,-1.2801525670326135,-2.152635077519431,-1.541336237413896,-1.6024422872937025,-2.104294283148119,-1.30066666668846,-2.0062831416392917,-1.7385384397341799,-1.4517796381100911,-2.1366386242404545,-1.3987172599430877,-1.829494599973793,-1.9057365880757748,-1.3751224432953046,-2.0882909321587544,-1.5447305295371798,-1.659771987231079,-2.0159667602490217,-1.3761178293652703,-1.9799757206907238,-1.704430700594551,-1.5278699825994744,-2.0568314827454284,-1.4433466236607684,-1.8406471952167254,-1.8459375801860833,-1.4530133863085695,-2.0307137781046434,-1.5546407519979848,-1.7008777559244248,-1.9453888849885181,-1.440965552602218,-1.9521929289246331,-1.6827885982304913,-1.5868999138024344,-1.9902480970489638,-1.484896590413538,-1.8435505842102482,-1.801359348377785,-1.5163226194226318,-1.980013324127039,-1.5684837809211685,-1.7294848309826942,-1.8895386282544089,-1.496081815403,-1.9245704030534099,-1.6703408268905187,-1.6321364756508527,-1.9352130896079518,-1.5226857352988858,-1.8408393622672723,-1.7687544332693539,-1.567313591157791,-1.9359797221348645,-1.5843770763468106,-1.7485889926902727,-1.8457969423640241,-1.5424478650561584,-1.8981911181604127,-1.6645299423603301,-1.6663234928236763,-1.8901352804003289,-1.5564148639590587,-1.8344995516427387,-1.745466939211928,-1.6080008967648616,-1.8981988871112394,-1.6009822416525807,-1.7605768418161425,-1.8119209793096247,-1.581077365503729,-1.8737253401860943,-1.6633792563301784,-1.6917433609341943,-1.8535450433845533,-1.5860517123039835,-1.826003420354825,-1.7293443091735239,-1.6401504724547802,-1.8661377197252933,-1.6173784238294628,-1.76733098554167,-1.7860107721811436,-1.612963869391088,-1.8515408345837,-1.6653802747346451,-1.7102771923663274,-1.8241141901388738,-1.611743157585883,-1.8164204284075625
-3.1693848531827475,-2.3492841168894962,-1.9970760136445258,-3.3143783663097697,-1.7017836775788735,-2.8169867368371553,-2.725776323893526,-1.7801776857131661,-3.2711968572964993,-1.9760602681835446,-2.4520027442403824,-3.0013223924388357,-1.7252123270373896,-3.0856590634322876,-2.304544407418896,-2.1445886471488658,-3.1389347568689603,-1.8190466225386523,-2.8130953275921926,-2.6178933429765263,-1.9439731697162421,-3.1328013057367428,-2.022587614126232,-2.51712587948146,-2.859628807236506,-1.8722681958396068,-3.0048638957736737,-2.2818571746105327,-2.2565501863411903,-2.994850413712107,-1.924251386467395,-2.7966954841828056,-2.5402514253318653,-2.075035401297944,-3.0136486398259525,-2.072297969953418,-2.5588767830889094,-2.7495183855307355,-1.995129616385341,-2.9293451202159204,-2.274793485041487,-2.340223128030786,-2.87758394560628,-2.0170952027613063,-2.7726379703630744,-2.485948840687928,-2.178900257917341,-2.912216828840563,-2.1220834211808928,-2.5833406554732274,-2.664977188551691,-2.096819139940344,-2.8604482684691357,-2.2784279422231357,-2.4016092233022754,-2.7830067588827943,-2.097884955114496,-2.744469152970693,-2.4494277891804646,-2.260374417753655,-2.8267628879249407,-2.1698705607625075,-2.5952823588984124,-2.600947068047538,-2.180221300667182,-2.798797210324968,-2.2890393680775385,-2.445623453901317,-2.7074351061524795,-2.1673210156749176,-2.7147205740643994,-2.426254387626877,-2.32358104511526,-2.7554683571263108,-2.2143604189058235,-2.59839117882179,-2.5532146782424645,-2.2480100143661885,-2.7445094170594064,-2.303861868339231,-2.4762546387301896,-2.647633132924603,-2.226337060813703,-2.6851436007569807,-2.412925867187594,-2.3720183454746713,-2.696539316616219,-2.254823356104065,-2.595488122837275,-2.5183027839302445,-2.3026088811375036,-2.6973601926610384,-2.3208797028690142,-2.4967105262011575,-2.6007964793168603,-2.275983766526108,-2.6568978346461494,-2.4067038302369137,-2.4086242843773933,-2.6482720015304633,-2.2909390083335266,-2.5886997353273817,-2.493367570063698,-2.3461750400579953,-2.656906153293485,-2.3386597760347954,-2.5095465823700325,-2.564523603342586,-2.317346519119526,-2.630700966717952,-2.4054717267660837,-2.4358427496288333,-2.6090928016059856,-2.3226728286402007,-2.5796024554663557,-2.476104174220958,-2.3805993771536906,-2.6225764798812965,-2.3562160793522424,-2.5167786193537505,-2.5367801048587224,-2.3514891706185272,-2.6069467838782194,-2.4076143283591636,-2.455687952783244,-2.577579551698277,-2.350182086659337,-2.569341413505502
-4.043030166822623,-3.176676410593618,-2.8046040544587454,-4.196201197120928,-2.492657468857051,-3.6707570810015415,-3.5744024743491023,-2.5754728358081493,-4.15058428583467,-2.782403037907575,-3.285188285661983,-3.865489118872005,-2.517407475244681,-3.9545823100734574,-3.1294134176012673,-2.960436281491425,-4.010862709641422,-2.6165339493142667,-3.666646199414438,-3.460434980339679,-2.748506252972002,-4.004383336813322,-2.8315544886269164,-3.35398431319456,-3.7158041297712296,-2.6727571764145184,-3.869230360137928,-3.105446643164744,-3.0787123611726495,-3.858652125766159,-2.727672177057865,-3.649321418066834,-3.3784141211751013,-2.886960288684465,-3.8785105566679317,-2.884068468420447,-3.398089934084205,-3.5994835691094687,-2.802547881964339,-3.7894523865611798,-3.0979845672024195,-3.167104389272952,-3.7347719234602996,-2.8257523096918438,-3.623907079875333,-3.3210489145641953,-2.9966830394274,-3.771358073369978,-2.936661778934261,-3.423933549135518,-3.5101743168218307,-2.9099726126129317,-3.716669807956304,-3.101824004837126,-3.2319526107963985,-3.6348606597028623,-2.911098538903092,-3.5941495639063534,-3.282468105213952,-3.0827522761516954,-3.681084599124067,-2.987144074637466,-3.4365487550002793,-3.4425329491755847,-2.9980785879226204,-3.6515416798679112,-3.113033906549274,-3.278449208494092,-3.555026826723677,-2.9844507372637032,-3.562723189148501,-3.2579877425071753,-3.1495237063064816,-3.605769114303077,-3.0341431248892325,-3.43983290985939,-3.3921084910921504,-3.06969053038778,-3.5941920988571883,-3.1286923838681275,-3.310807967436541,-3.491852070449161,-3.046795239738927,-3.5314780984068626,-3.2439075042674927,-3.200692831330853,-3.5435165234474164,-3.0768881391032177,-3.4367661238593,-3.355227594104824,-3.1273687291990315,-3.544383696238947,-3.146670010536773,-3.33241755045871,-3.4423738673619795,-3.09924197960255,-3.501639293873788,-3.237334549452232,-3.2393633156569672,-3.492526970729004,-3.1150406849832235,-3.4295948767701723,-3.328886054291926,-3.173391984336973,-3.501648081686122,-3.165452865485574,-3.3459775498404136,-3.404055230444789,-3.1429375580741015,-3.4739649437279625,-3.236032956339609,-3.2681168803909237,-3.4511380955354074,-3.148564267154905,-3.4199845176639374,-3.3106490168503715,-3.2097578262740845,-3.465382242387901,-3.183999330147114,-3.3536174678757886,-3.3747470210276544,-3.179005827574106,-3.448871044139029,-3.2382963989340605,-3.289081336993733,-3.417847523755254,-3.1776250251340676,-3.409144761214273
-4.9501549525501645,-4.05171232082375,-3.6658587772395292,-5.1089992844134615,-3.342358002514462,-4.564093244453183,-4.4641697596672545,-3.4282407677197484,-5.061692768417447,-3.64283545726911,-4.1642433670725065,-4.766037961986721,-3.368024724352129,-4.858431075765498,-4.002698753903761,-3.8274628738991168,-4.916796044969939,-3.470822743748374,-4.559830099929046,-4.34598102381554,-3.607683169366372,-4.910076682661227,-3.693807428499051,-4.235587530567255,-4.610808790795719,-3.5291284228741535,-4.769917775082368,-3.9778442741442808,-3.9501197811209665,-4.758947733503327,-3.586077420145222,-4.541863626030696,-4.260922194169506,-3.7512654039030995,-4.77954170079794,-3.7482664735125937,-4.28132677948389,-4.490179833059407,-3.6637264461751395,-4.687184905260138,-3.9701058103614093,-4.041785761419526,-4.630479132567224,-3.687790342666972,-4.5155079662044555,-4.201432237755664,-3.8650521754487475,-4.668420396829371,-3.802807787576852,-4.308127616154918,-4.3975626555081915,-3.775130081263565,-4.6117065328338125,-3.974087456920997,-4.109035896124202,-4.526867255659039,-3.7762977107359235,-4.484648261645451,-4.161422433864878,-3.9543093305049544,-4.574803283504195,-3.8551598969560477,-4.321210076611073,-4.327415919345599,-3.8664994136626216,-4.5441661241053435,-3.9857125621661047,-4.157254681235347,-4.444076457458047,-3.852366801063276,-4.452057885439357,-4.1360353430399615,-4.023553907562626,-4.496698188552157,-3.9038997449606745,-4.32461587327716,-4.275123789833687,-3.940763790758981,-4.484692372048267,-4.001951013803245,-4.190811976202474,-4.378561771479186,-3.9170204814736,-4.419655507827887,-4.121433586876916,-4.076618285733201,-4.432139824075738,-3.948227991692999,-4.321435496594942,-4.236876861357318,-4.000578332290815,-4.433039116079013,-4.020594513759518,-4.213221956538285,-4.327250945300935,-3.971409796057571,-4.388711503857782,-4.11461717639796,-4.1167210860711565,-4.379261669389497,-3.9877936696635055,-4.313998633695472,-4.209559657290195,-4.048306242707837,-4.388720617161884,-4.040073066845027,-4.22728420471706,-4.287513024447563,-4.016723814995594,-4.360012123497779,-4.113267373579961,-4.146539654046826,-4.336339791708734,-4.022558931745731,-4.304032316512495,-4.190647138245778,-4.086019039010746,-4.351111527495459,-4.059306473983773,-4.235207097665263,-4.257119268305114,-4.054128017076339,-4.333988770999033,-4.115614651821326,-4.168280613126783,-4.301816170489584,-4.052696071096763,-4.292791066339701
-5.763969650013358,-4.858283251448454,-4.4693187322662045,-5.924094677229928,-4.143209706216647,-5.374795287975022,-5.274066161960685,-4.229784908206011,-5.876406748598631,-4.446109784904759,-4.971721588415986,-5.578368201229045,-4.169083368088028,-5.671506242007124,-4.80887450865618,-4.632225775107338,-5.7303417835258355,-4.272710204881923,-5.370497771501202,-5.154924519807318,-4.410674078819919,-5.723568245811652,-4.4974927218011205,-5.04364097003529,-5.421887482211913,-4.33148597829089,-5.582279295633536,-4.7838196376308435,-4.755871613626157,-5.5712208072014615,-4.388894131487279,-5.352386441444835,-5.069179896424708,-4.55541395680811,-5.591980815033438,-4.552390847297261,-5.089748995368827,-5.300285943686404,-4.467169209109067,-5.498879385315109,-4.776018781853924,-4.848276658351155,-5.441716417714832,-4.491427122724817,-5.325818286966278,-5.0092102973956605,-4.670118143459937,-5.479963586507961,-4.607371905145034,-5.116765915966715,-5.206922032603488,-4.579471045072033,-5.4227924623682515,-4.780032530762947,-4.916069002740073,-5.337269161616571,-4.58064808865204,-5.294709773527734,-4.968877911204788,-4.760094941593023,-5.385591677587525,-4.660146107666802,-5.129953854825019,-5.1362097326716585,-4.671577050149695,-5.3547075035976,-4.791751364365208,-4.964676555730486,-5.253810855867114,-4.657330492211077,-5.261856634761096,-4.943286134893954,-4.829897808688726,-5.306856853950815,-4.709278924662683,-5.133387111003909,-5.083495993609735,-4.7464401898304365,-5.294754239574264,-4.808120739840247,-4.998504409119362,-5.187767952400602,-4.722505448181582,-5.229193010343049,-4.9285666508834725,-4.883390022726972,-5.24177798240669,-4.753964571491963,-5.130181092275854,-5.044940696159781,-4.806736990971407,-5.242684525024932,-4.8269145545322285,-5.021095071745478,-5.136043428510332,-4.777333281040887,-5.197999517822542,-4.9216952825402736,-4.9238161551564374,-5.188473493294778,-4.793849250961179,-5.122684269064004,-5.017403244911643,-4.854849711550526,-5.1980087046034,-4.84655015503726,-5.035270697944657,-5.0959851174359905,-4.823012647944502,-5.169068746372673,-4.9203345968272,-4.953875137763211,-5.145205554481994,-4.82889481079833,-5.112637597637626,-4.998338242143225,-4.8928665703429015,-5.160096388590706,-4.865938633086383,-5.0432574698620645,-5.065346309161032,-4.860718424448682,-5.142835578476483,-4.92270080019042,-4.975791385095148,-5.110403583757043,-4.859274933288106,-5.101305713970439
-6.374608943678238,-5.514487868533904,-5.145092257688745,-6.526678038218319,-4.835389863411355,-6.005014047226853,-5.9093526303135775,-4.917609443979114,-6.48138930195072,-5.123050958637411,-5.622219092619529,-6.198345153110482,-4.859961814477416,-6.286797394303256,-5.467564892723116,-5.299803403907928,-6.342672904091147,-4.958375157570791,-6.000932739949003,-5.796205035841812,-5.089398032343623,-6.336240144859602,-5.1718488063222186,-5.690520191035196,-6.049737020655759,-5.014193906198424,-6.202059479316012,-5.443770538918023,-5.417228587428897,-6.191557346376024,-5.068713839949853,-5.98373259572131,-5.714774247250355,-5.226856008601992,-6.211272912696484,-5.223984992534101,-5.734308509359843,-5.934253287852114,-5.143050877612933,-6.122855440651313,-5.436362146268512,-5.504984709794832,-6.068568357143492,-5.166088369147528,-5.9585010921557195,-5.657821734686876,-5.335789397137865,-6.1048913007094985,-5.276199938748964,-5.7599662015020305,-5.8455865399495694,-5.249702778361585,-6.050596471019912,-5.4401739624031675,-5.5693664033200365,-5.969375870258999,-5.250820604566254,-5.928957656296133,-5.619518481564605,-5.421239438643294,-6.015267267608541,-5.3263190571158,-5.77249065165135,-5.778431794620868,-5.33717490584432,-5.98593688462029,-5.451303218372327,-5.615528497400831,-5.890116374052926,-5.3236450960219726,-5.897757367672385,-5.595214234321623,-5.487530504943558,-5.940493613874739,-5.372979989030345,-5.775751179799406,-5.728370097781143,-5.408271661070975,-5.928999885244043,-5.466849046216646,-5.647654462495116,-5.827396106612365,-5.385541082635729,-5.866737058879984,-5.581235291463779,-5.538331511476648,-5.878688877654334,-5.415417489091318,-5.772706456725639,-5.691754527592929,-5.465534914121163,-5.879549811872514,-5.484697339096548,-5.6691085828804795,-5.7782738572660985,-5.437610512652017,-5.837112919258634,-5.574709623488164,-5.576723794439334,-5.828066151556639,-5.4532955597360875,-5.765586800682045,-5.665602492835849,-5.511227070940789,-5.8371216438501055,-5.503345067321521,-5.682571029558051,-5.7402308904684025,-5.480991738466279,-5.809637662609482,-5.573417394234951,-5.605270501642235,-5.786975034245063,-5.4865779681435995,-5.756045579965281,-5.647496655423711,-5.547331291463392,-5.801116706532153,-5.521758105887021,-5.6901559848576095,-5.711133528780786,-5.516800527333283,-5.784724292362268,-5.57566455327809,-5.626084136746113,-5.753923959916776,-5.515429658596639,-5.745283806377122
-6.349929263821762,-5.608918016672693,-5.290676422327582,-6.480939783915186,-5.023861709770944,-6.031515981001766,-5.949101786187322,-5.094695497823824,-6.44192264561541,-5.271687409070264,-5.701730588092581,-6.198074536562675,-5.045030929582577,-6.274277884502252,-5.568492948818538,-5.423963121980304,-6.322415736706453,-5.12981596300301,-6.027999854396624,-5.851622904999147,-5.2426947502414,-6.316873787929093,-5.313727715971291,-5.760573329633534,-6.070045703472765,-5.177904914349681,-6.201274501745967,-5.547993644362756,-5.5251272303856,-6.192226707368555,-5.224874911099094,-6.013181591371075,-5.781468676769869,-5.361117504155096,-6.2092120560706805,-5.358644067265184,-5.798297828323282,-5.970554193099183,-5.2889177331853245,-6.133038662436574,-5.541611168179781,-5.600730858245126,-6.086269270758239,-5.308764985887942,-5.991444154090577,-5.732402965461895,-5.454965763926658,-6.117562202055678,-5.403628271852897,-5.820402435456712,-5.894166043404221,-5.3808004462921,-6.070786136889184,-5.544895122857174,-5.656196955276495,-6.000812989615771,-5.381763475584084,-5.965991902211146,-5.699403958477631,-5.528582657704377,-6.040349332307631,-5.44680687947019,-5.8311924959414485,-5.836310907626216,-5.456159406966196,-6.015080629673136,-5.554483196076009,-5.695966508533962,-5.932529372542195,-5.444503209321621,-5.93911223904208,-5.678465370782265,-5.585693716988394,-5.9759303568768996,-5.487006191346524,-5.834001505160238,-5.793181769785502,-5.517410661912967,-5.96602828328151,-5.567876232953929,-5.723643660214484,-5.878494626806131,-5.497827820890388,-5.912387632042596,-5.666422236181502,-5.629459784691358,-5.922684359319269,-5.5235669334964514,-5.831378416263437,-5.761636734889467,-5.566744082270574,-5.92342607110516,-5.583252888809267,-5.74212680748602,-5.836174841484354,-5.542686660406948,-5.886865852282867,-5.6608002446912,-5.6625354926366676,-5.879071883722803,-5.55619963740197,-5.8252446923534045,-5.739106241856754,-5.606108775321678,-5.886873368690258,-5.599318273960033,-5.75372497045459,-5.803400076295301,-5.580060440880921,-5.863195377528005,-5.659686963737858,-5.687129043146834,-5.843671076829785,-5.584873087774101,-5.817024742782389,-5.723507706314307,-5.637213272409265,-5.855854406038957,-5.615181469346723,-5.760259558838152,-5.7783321261008815,-5.610910417778397,-5.841732018367231,-5.661622935513482,-5.705060399733396,-5.815196925323254,-5.609729387361201,-5.807753262872704
-6.12535703949059,-5.4641199733558095,-5.1801389420605,-6.242263513275785,-4.942048388899094,-5.841222802985698,-5.767680976735927,-5.005256506691503,-6.2074467973924845,-5.16319420679046,-5.546940730344625,-5.9898503589674315,-4.960938618776792,-6.057849972219021,-5.428046899743199,-5.299076551404807,-6.1008055039791635,-5.036596049034107,-5.8380852079093914,-5.680696265430995,-5.137322776718106,-6.095860178298468,-5.200708629549348,-5.599448707692557,-5.87560457619593,-5.079507944399137,-5.992705829242241,-5.4097544649275395,-5.389349753731251,-5.984632082680189,-5.1214213471530545,-5.824862217292279,-5.6180945488851926,-5.242996630742269,-5.99978885956621,-5.240789473754237,-5.633111944156222,-5.786823906971471,-5.178569586057952,-5.931815975864469,-5.404059099516902,-5.4568142102659065,-5.890081581876155,-5.19628016629328,-5.8054649418690705,-5.57431104746342,-5.326741578193409,-5.918005646674747,-5.280930866450268,-5.652836861457013,-5.7186593869509,-5.260560589402338,-5.876265297638182,-5.406989517327095,-5.506309058572293,-5.813825167627605,-5.261419942976368,-5.782752773296692,-5.544864575972486,-5.39243318415326,-5.849105192523105,-5.319461045216771,-5.6624653090221395,-5.667032693847576,-5.327806718600539,-5.826556813049312,-5.415545378563346,-5.541797187556343,-5.752892680040517,-5.317405378590601,-5.75876686258213,-5.526180149319103,-5.443395904935305,-5.7916212953742985,-5.355332666798781,-5.664971912021384,-5.628546659147782,-5.38246391884399,-5.782785237732721,-5.4274965769370045,-5.56649473249457,-5.704675089717404,-5.364989284829766,-5.734919315336481,-5.515433528372237,-5.482450300284236,-5.744107539889634,-5.3879574318990935,-5.66263121393751,-5.600397631172802,-5.4264863088754005,-5.744769402077431,-5.441217846140227,-5.582988061201508,-5.66691127601918,-5.405018808735459,-5.712145103965481,-5.5104167770433135,-5.511965215430575,-5.705190201561461,-5.417077034973336,-5.6571578211673526,-5.580292677072794,-5.461613163214727,-5.712151811187795,-5.45555369891478,-5.593337614306668,-5.637664905386824,-5.438369083844041,-5.691022893822058,-5.5094233472752725,-5.533911126842509,-5.673600497924973,-5.44266362124038,-5.649822797091773,-5.566373414824389,-5.48936907984477,-5.684472220713286,-5.469709128832172,-5.5991687161526515,-5.615295666182502,-5.465897880866348,-5.671870190411051,-5.511150900402109,-5.549912068348771,-5.648191754838692,-5.46484399525923,-5.641549446049134
-6.632984575356039,-5.962922456420026,-5.675151335723984,-6.75145131527996,-5.433883160177603,-6.345058204731306,-6.270534868924687,-5.497934870995198,-6.7161699258752074,-5.657980451329643,-6.046848562142143,-6.495669385189696,-5.453025504288814,-6.564576540090328,-5.926367941588165,-5.795676319304056,-6.608105368260039,-5.529692679539296,-6.341878734443165,-6.182389235600284,-5.631763733994785,-6.603094040894794,-5.6959955519522065,-6.100057325480931,-6.379898846597759,-5.573177288930493,-6.498562965360695,-5.9078313708772585,-5.887154332760833,-6.490381464343603,-5.615650079551981,-6.328479266135429,-6.118952019228082,-5.738847940507087,-6.505740527766731,-5.7366113261913325,-6.13416984081063,-6.289933286002623,-5.6735610346620975,-6.436860459155913,-5.902059993544354,-5.955519188594948,-6.394569066400535,-5.691507985200487,-6.308823109308595,-6.074584171084598,-5.8237105711930965,-6.422865813492503,-5.777288457018512,-6.154158012314179,-6.220859023441652,-5.756646312618115,-6.380568386211153,-5.905029521521277,-6.005674608838485,-6.317294912952774,-5.757517135362665,-6.285807817851631,-6.044744698839432,-5.890278915498217,-6.353045794819968,-5.816332870209354,-6.1639149638040065,-6.168543306210788,-5.824789927258748,-6.330196478436208,-5.913699571648376,-6.041636372208963,-6.255549203530726,-5.814249768087736,-6.261501784537501,-6.025810904659299,-5.941921798849527,-6.294794701678166,-5.852683244376087,-6.166455020620275,-6.129543626245582,-5.8801765976163525,-6.285840715567004,-5.925810274021564,-6.066663537413964,-6.206688087908831,-5.862468742302603,-6.237335961329416,-6.014920856336462,-5.981497424962319,-6.246646814469174,-5.885743428616348,-6.164083082932271,-6.101018913556443,-5.9247865226429415,-6.247317510052818,-5.939714671079258,-6.083376990648339,-6.168420267906467,-5.903032511307623,-6.2142577990334775,-6.00983715005653,-6.011406254330849,-6.207210074578053,-5.915251669968513,-6.15853664074811,-6.080645633177426,-5.960382189697348,-6.214264595772235,-5.954241854110637,-6.093864671752216,-6.138783567121291,-5.93682788841342,-6.192853686030489,-6.008830461699994,-6.033645061947337,-6.17519876601824,-5.94117974189384,-6.151103721412146,-6.066540600604596,-5.988508544468795,-6.186215585826308,-5.968586206311493,-6.099773597096481,-6.116115781862593,-5.964724092376019,-6.1734453653415855,-6.010581071228751,-6.049859556445248,-6.149450910817963,-5.963656141320054,-6.142719951937853
-7.876817918473035,-7.133309149351736,-6.8139949459505385,-8.00826999954652,-6.54628095472615,-7.557331447934024,-7.474639482352719,-6.617353482666877,-7.969121356953695,-6.7949419316702615,-7.226434538474881,-7.724451376421156,-6.567521523780885,-7.800911561941228,-7.0927478318852,-6.947730878273168,-7.849211659110047,-6.652592318699133,-7.553803470491951,-7.376832056019605,-6.7658515552929295,-7.843651031616415,-6.83712393222386,-7.285475604994665,-7.595991031900143,-6.700843350193808,-7.727662126843386,-7.072179436085,-7.049235952601067,-7.718583837564115,-6.747971655739975,-7.538935263639452,-7.30644137830711,-6.884673444079476,-7.735626434090417,-6.882191670658906,-7.323327251234105,-7.496164192968235,-6.812230329280471,-7.659196303834522,-7.065775448252147,-7.125094396730233,-7.612269279483546,-6.832144475636732,-7.517124561982148,-7.2572102947560735,-6.978838012263005,-7.643667681222618,-6.927327491082133,-7.345506360262366,-7.419518582832539,-6.904422726073877,-7.596733960890999,-7.06907047124867,-7.180747438017283,-7.526524974453939,-6.905389001182745,-7.49158652522623,-7.224100067132012,-7.052703026174453,-7.566194571377707,-6.970651628907866,-7.356332787824182,-7.3614684507257095,-6.980035678385499,-7.540840702505477,-7.078690860338051,-7.220651031525108,-7.458011212649576,-6.968340194414512,-7.4646162661996405,-7.203090907521527,-7.1100065739341405,-7.501558476696511,-7.0109864295032525,-7.3591512645946064,-7.318193949410668,-7.0414933760221,-7.491623028916221,-7.092129037426738,-7.248421466937446,-7.4037943469183585,-7.021844532525306,-7.437801585947642,-7.191007182452811,-7.153920151835023,-7.44813301755939,-7.047670396850087,-7.356519334776456,-7.286542594377023,-7.090993070915731,-7.448877229228366,-7.107557519129533,-7.266966910249161,-7.361331925983278,-7.066854565343955,-7.412193786973001,-7.185366242468368,-7.187107338934878,-7.404373549435504,-7.0804130867987745,-7.350364937617136,-7.263936164033492,-7.130490439666703,-7.412201328713872,-7.12367705143739,-7.2786041639426875,-7.32844669594432,-7.104354311298584,-7.388443532685749,-7.184249209286363,-7.211783780133965,-7.368853426819019,-7.109183178851581,-7.342117283332133,-7.248285054815002,-7.161699772092768,-7.381077819011394,-7.139593712515972,-7.285160776658715,-7.3032942561329754,-7.135308265693624,-7.366907832907598,-7.18619170610741,-7.229775572992229,-7.34028330535346,-7.134123254703354,-7.332814554605538
-9.411065589452235,-8.536430495749734,-8.160801559264678,-9.56570075721626,-7.845873125970286,-9.035234004537893,-8.937958359557776,-7.929480111814685,-9.51964780114559,-8.138388326734766,-8.6459796185369,-9.23182745492133,-7.870859713724238,-9.321772273737512,-8.4887157233403,-8.318123361718513,-9.378590648674793,-7.970933721960353,-9.031083827688903,-8.822901468437628,-8.104167527834575,-9.372049340554533,-8.188009608337616,-8.715433256331725,-9.080711650867023,-8.027694377927414,-9.235604458116223,-8.464519854326841,-8.437530023594181,-9.224925108088087,-8.083134302309379,-9.013593441517678,-8.740096584953049,-8.243945023607155,-9.244973362565748,-8.241025560894142,-8.759960475821755,-8.963279200505449,-8.158725732145118,-9.155063899605329,-8.456986449569722,-8.526766977002884,-9.099860754672818,-8.182151967298873,-8.987936171718026,-8.682183033475203,-8.354716596636472,-9.136796625758263,-8.294121602480663,-8.786051125870303,-8.873116255309593,-8.267177318672275,-9.081585603931895,-8.460862587776838,-8.592235072340152,-8.998994455069308,-8.268314007512389,-8.957894208396748,-8.643233436317518,-8.441608555476618,-9.045660241760118,-8.345086450402462,-8.798786918477274,-8.804828314610921,-8.356125484957332,-9.01583492644744,-8.472179643152781,-8.639176123604457,-8.918397503204853,-8.342367367846016,-8.926167433931424,-8.618519069725387,-8.509018243090004,-8.969624828223752,-8.392534757084723,-8.802102466049243,-8.753921857169482,-8.428421954566769,-8.957937149932398,-8.487987797360626,-8.671844194766193,-8.854618869504108,-8.40530781148373,-8.894623676347331,-8.604304240732526,-8.560676485624981,-8.906777174774124,-8.43568836407674,-8.799006365130573,-8.716688421566053,-8.486651490087517,-8.907652636732156,-8.506137269297264,-8.693660340348265,-8.804667712159613,-8.458255881374576,-8.864499647437531,-8.597668456089805,-8.59971661494734,-8.855300221048159,-8.474205604061934,-8.791766569233497,-8.690095087172484,-8.533114674185985,-8.864508519251164,-8.525099666562848,-8.70734995760282,-8.765982793499482,-8.502369138916393,-8.83656076258949,-8.596354421256072,-8.628745030423751,-8.81351571619328,-8.508049632812495,-8.782064346236297,-8.671683724796704,-8.569828131410066,-8.827896020575258,-8.543823413924091,-8.715062904397021,-8.736394431579768,-8.538782179255868,-8.811226994413934,-8.598639499737528,-8.649909882925842,-8.779906925143441,-8.537388177945383,-8.771120974282406
-5.242972115779101,-4.923200413701594,-4.785868279152868,-5.299507636881531,-4.6707286033357835,-5.105565891780245,-5.070001347446331,-4.701295806002966,-5.282670406984798,-4.777673870345408,-4.963252213254317,-5.177441606234237,-4.679863845853172,-5.210325957677476,-4.905755614038896,-4.8433860495999745,-5.2310990876305175,-4.71645148814856,-5.104048562868474,-5.027935875600823,-4.765162546263449,-5.228707547150962,-4.795815700911844,-4.988644869155088,-5.122192785073063,-4.7372035157087495,-5.17882250067705,-4.896909462914402,-4.887041823056011,-5.174918067891118,-4.757472676082388,-5.097653975461411,-4.997661926244293,-4.816266015649886,-5.18224782690052,-4.8151986430191585,-5.004924280840744,-5.0792587948848915,-4.785109344625749,-5.149376401764786,-4.894155206106086,-4.919667374769144,-5.129193809341729,-4.7936741131129965,-5.088273527668303,-4.9764883933472435,-4.856764750155771,-5.142697779682901,-4.834610866143921,-5.014463174985748,-5.046294695162401,-4.824759878507243,-5.122512307421413,-4.895572344888763,-4.9436028930538605,-5.09231650069186,-4.825175458590587,-5.077290010297272,-4.962248192984802,-4.88853295814928,-5.109377785045013,-4.853243912409062,-5.019119455197415,-5.02132822493292,-4.857279847960149,-5.098473475452129,-4.899709926476933,-4.960764815743873,-5.0628497840399405,-4.8522497999347,-5.065690516125069,-4.953212476115177,-4.913178333917814,-5.081578793465834,-4.870591290644542,-5.020331638767502,-5.002716526568663,-4.883711859787322,-5.077305709973678,-4.905489480046351,-4.972708453489708,-5.039531942803625,-4.875261193985156,-5.05415793399429,-4.948015451556574,-4.93206488930609,-5.058601324050457,-4.886368501572823,-5.019199686176421,-4.989103764900593,-4.905000918297231,-5.058921398058966,-4.912125033061288,-4.980684563819352,-5.0212695077380785,-4.894619317793156,-5.043144412964462,-4.945589369908238,-4.946338188757053,-5.0397810489103,-4.900450629626083,-5.016552774483338,-4.979381086421103,-4.921988129958511,-5.043147656551377,-4.9190577963276425,-4.985689567896822,-5.007126075381261,-4.910747382571138,-5.032929793374724,-4.945108951093125,-4.956951147112303,-5.024504389725099,-4.912824204339297,-5.0130055850507516,-4.972649784730994,-4.935410784492069,-5.029761913053087,-4.925903307794177,-4.988509466323232,-4.996308397333722,-4.924060202935892,-5.023667619666096,-4.945944389141127,-4.964689140885413,-5.01221681929012,-4.923550547909514,-5.009004624305684
-2.8892795906987443,-2.601010452841643,-2.4772077030384687,-2.940245469857586,-2.373411104198425,-2.7654100504267,-2.7333491755374855,-2.400966954520152,-2.925066973090363,-2.4698205729490073,-2.637116517423588,-2.830204871556599,-2.3816463810146473,-2.8598495948949854,-2.5852842415284325,-2.5290590644645374,-2.8785762433859303,-2.41462956255383,-2.764042202382611,-2.6954278171944086,-2.45854181193568,-2.876420307423765,-2.4861751466106523,-2.66000759557985,-2.7803989320682683,-2.433337187570982,-2.831449726082235,-2.5773095760360074,-2.568414054586854,-2.8279299416056562,-2.451609515447512,-2.758277582853084,-2.6681363300995904,-2.5046107822849217,-2.8345376035613987,-2.503648562720047,-2.6746832280418733,-2.741694618159624,-2.4765235355514736,-2.804904533085026,-2.574826657033444,-2.5978254740569158,-2.7867102448483956,-2.484244539041539,-2.7498212573544083,-2.6490487246799526,-2.5411197516667254,-2.798883860783161,-2.521148375204106,-2.6832823904237393,-2.7119780030073093,-2.5122678654697657,-2.78068697641768,-2.5761041852589006,-2.61940296567131,-2.7534659336666287,-2.512642504349809,-2.7399197899555885,-2.636211409011543,-2.5697582893173583,-2.768846411986835,-2.537945772058196,-2.687479953477374,-2.6894711245010834,-2.5415841042001595,-2.759016349148736,-2.579834149697549,-2.6348741678623693,-2.726902154102828,-2.537049595366965,-2.7294630292013524,-2.6280658529945318,-2.5919757062395026,-2.7437860602303665,-2.5535841594937763,-2.688572717816443,-2.6726929724423982,-2.5654121453049377,-2.7399339429658545,-2.585044325938382,-2.6456411686116565,-2.7058814885898674,-2.557794003582946,-2.719066588595423,-2.6233808174544966,-2.6090016375633103,-2.7230722345369873,-2.567807065906498,-2.6875522804375063,-2.660421282845057,-2.5846038952395625,-2.723360776199317,-2.591026172156773,-2.6528315060719185,-2.6894181918775137,-2.5752450463875736,-2.709138073372177,-2.621193743174336,-2.6218687915371413,-2.7061060538098034,-2.5805018818853136,-2.68516613136055,-2.651656441788968,-2.5999175981982012,-2.709140997414541,-2.5972759487216646,-2.657343438181639,-2.67666811103749,-2.5897842420032173,-2.699929755176597,-2.6207606532018866,-2.631436205837109,-2.6923343868860443,-2.5916564640188016,-2.6819683961234917,-2.64558827965249,-2.6120179092169806,-2.6970739611109558,-2.603447069167371,-2.6598855320659465,-2.6669161451689662,-2.6017855392539166,-2.691580051896656,-2.6215137874043997,-2.638411884983281,-2.68125733625074,-2.6013260932988675,-2.6783615932166436
-1.6167411167069186,-1.3469490280583722,-1.2310816039625292,-1.6644402602582806,-1.1339380061294784,-1.5008111831789792,-1.470805298870446,-1.1597276222779498,-1.650234652346815,-1.2241679632212084,-1.3807408194684923,-1.5614528816146616,-1.1416454303420172,-1.5891974812840033,-1.3322308121985023,-1.2796094734472758,-1.6067238167332865,-1.172514504651808,-1.4995310094374825,-1.4353145677161445,-1.2136121315641208,-1.6047060687684886,-1.2394742655882658,-1.4021646591243921,-1.514839329634911,-1.1900230359658095,-1.5626179452944973,-1.3247672950302463,-1.316441945569581,-1.559323766761936,-1.207124171172048,-1.4941358819718908,-1.409772370031126,-1.256728241130352,-1.5655079005661137,-1.2558276964932265,-1.415899634583785,-1.4786158276438708,-1.2304412892320868,-1.5377742068508562,-1.3224435225007745,-1.3439681953371851,-1.5207461092150023,-1.2376674032501611,-1.4862215775286918,-1.3919082137369612,-1.290897112543862,-1.5321394387051461,-1.272205831857036,-1.423947620562713,-1.4508039441758518,-1.263894531912471,-1.5151089113432714,-1.3236391656099036,-1.364162644780225,-1.4896326427645727,-1.2642451577432041,-1.4769547597553048,-1.3798937253579182,-1.3177000195287725,-1.5040272859139172,-1.2879265739899308,-1.4278761344226862,-1.4297396783085712,-1.2913317016948052,-1.4948272959172364,-1.3271300522999196,-1.3786421967158156,-1.4647715090886193,-1.287087839107929,-1.4671682409994125,-1.3722702711533872,-1.3384933772928362,-1.4805732155513922,-1.3025625951772972,-1.4288988563679819,-1.4140369474466243,-1.3136324482327446,-1.4769680056068335,-1.3320062743634076,-1.3887190701620138,-1.4450981951304132,-1.3065026029011375,-1.457438176080098,-1.3678855300980843,-1.3544280056307259,-1.4611870740474446,-1.3158738627526807,-1.4279438254762087,-1.4025518304746003,-1.3315940737406744,-1.4614571211926948,-1.3376047050425672,-1.3954485319972714,-1.429690138482086,-1.3228350945523581,-1.4481460441537652,-1.3658386396731839,-1.366470419783583,-1.445308366500733,-1.3277549851766544,-1.425710620256655,-1.394348785248278,-1.3459262215968995,-1.4481487807751827,-1.3434538926648116,-1.399671264950132,-1.4177572934823104,-1.3364423782927315,-1.4395279471302904,-1.3654333092617899,-1.375424596100001,-1.432419415532368,-1.3381945973882372,-1.4227178487273673,-1.3886695712011954,-1.3572509447612355,-1.4368551995325185,-1.3492294657515642,-1.4020504194572232,-1.4086303947110563,-1.347674434127176,-1.4317134307924104,-1.3661381701811344,-1.3819531584725735,-1.4220523653195705,-1.3472444370600074,-1.419342229343288
-0.9317231925765609,-0.6714712269396708,-0.5597009929595766,-0.977735645835001,-0.46599249167722323,-0.8198926595615492,-0.790947813880245,-0.4908701607344652,-0.964032362686317,-0.5530318255957405,-0.7040681061918708,-0.8783900057828646,-0.4734273735203438,-0.9051535281527179,-0.6572734621816794,-0.6065128675584198,-0.9220601145316436,-0.5032048859253858,-0.8186577540672844,-0.7567120711234229,-0.5428492588961371,-0.9201137161897616,-0.5677968815231162,-0.7247343770594378,-0.8334247564724941,-0.5200942977413854,-0.8795138716244771,-0.6500738625813604,-0.6420429059561843,-0.8763361785996282,-0.5365907193908857,-0.8134534038032896,-0.7320730715607946,-0.5844407389185357,-0.8823016351345504,-0.5835720384568962,-0.7379836697988478,-0.7984821544019766,-0.559083320410101,-0.8555486330731382,-0.6478322610150674,-0.6685957994991935,-0.8391226663111522,-0.5660539116774008,-0.8058189572251525,-0.7148406100260999,-0.6174013642411864,-0.8501131160675247,-0.599371026274701,-0.7457470707974687,-0.7716537274570892,-0.5913536223604277,-0.8336848054971043,-0.6489856249662114,-0.6880761526438417,-0.809109403720454,-0.5916918497047078,-0.7968798235655865,-0.7032509661917297,-0.6432564931389525,-0.8229950376284915,-0.6145358669557275,-0.7495366684065433,-0.751334315482785,-0.6178205858771654,-0.8141203686473897,-0.6523530703477394,-0.7020436928769721,-0.7851273850499328,-0.6137267905933231,-0.7874393660795215,-0.6958970850916187,-0.6633145765964633,-0.8003703270796784,-0.6286543435285422,-0.7505232258623105,-0.7361868491758231,-0.6393327553063786,-0.7968926010303155,-0.6570568642331035,-0.7117642378157958,-0.7661497395086485,-0.6324550285667523,-0.7780533661648804,-0.6916673929454644,-0.6786857402484535,-0.7816696992822131,-0.6414949111262267,-0.7496019658354766,-0.7251078576364061,-0.6566592394441765,-0.7819301972853903,-0.66245732870199,-0.7182557390272554,-0.7512865274350157,-0.648209986680129,-0.7690898134865968,-0.6896928826505476,-0.6903023223728364,-0.7663524790052747,-0.6529559049615192,-0.7474477290267889,-0.7171948804432916,-0.6704845879563047,-0.7690924533382938,-0.6680996830930824,-0.7223291518424594,-0.739775639986876,-0.6613361030097455,-0.760776461150567,-0.6893018851352901,-0.6989398698957465,-0.7539192944692962,-0.6630263618535692,-0.7445607849466238,-0.7117164891886417,-0.681408857376419,-0.7581982246297859,-0.6736710260336272,-0.7246241770232419,-0.7309714776510337,-0.672170981911126,-0.7532382740687205,-0.6899818214546941,-0.7052375756541182,-0.743918833709857,-0.6717561899781627,-0.7413045309017062
-0.5696763372366638,-0.3125936841921164,-0.20218457272702536,-0.6151284571767381,-0.10961724066657175,-0.45920766104999733,-0.43061530171275086,-0.13419195289650104,-0.6015920507228498,-0.1955966215647843,-0.3447936031384364,-0.5169926346460221,-0.1169615815426325,-0.5434302345266651,-0.29856881785785255,-0.2484263787645257,-0.5601309348252566,-0.14637646750294053,-0.4579877940647549,-0.396796477115843,-0.18553805675997712,-0.5582082394542993,-0.21018187067470617,-0.3652082030057977,-0.4725749659485719,-0.16306020238806762,-0.5181028142042082,-0.29145689398984653,-0.2835237372483272,-0.514963818687344,-0.1793557328868155,-0.4528468216614663,-0.3724575278962946,-0.2266230414671661,-0.5208566287142218,-0.2257649199201001,-0.3782961476830869,-0.4380578900733331,-0.2015744221087836,-0.4944294210271527,-0.28924259033868627,-0.3097532733109691,-0.4782034874260027,-0.20846012647570802,-0.4453053463222455,-0.35543492090469747,-0.25918227683439066,-0.4890600969989856,-0.24137150984029554,-0.3859650070536202,-0.4115561760166312,-0.23345174076663217,-0.4728318481319776,-0.290381908782489,-0.3289963973981017,-0.448555722213329,-0.23378584922489865,-0.43647507220117543,-0.34398641415667025,-0.2847225455335342,-0.462272258784139,-0.2563516751802016,-0.38970845546496263,-0.39148421104270437,-0.2595963932470272,-0.45350566429955774,-0.2937083458779678,-0.3427938428500589,-0.42486575326307136,-0.2555524516383024,-0.4271495793061168,-0.33672208760772715,-0.30453636441335175,-0.43992306884422894,-0.27029821888988725,-0.3906829987599145,-0.3765212084941286,-0.2808465904398587,-0.4364876940636988,-0.2983548576092619,-0.3523960123314536,-0.4061192148753481,-0.27405261970918027,-0.417877880805678,-0.3325439040699622,-0.3197203401514986,-0.42145017471639473,-0.2829824158239321,-0.38977295771079984,-0.3655771353877401,-0.2979620750402485,-0.4217075004107683,-0.3036895559656664,-0.3588084609352515,-0.3914370049511989,-0.2896157161126239,-0.409023485037337,-0.33059343908946237,-0.33119545713875287,-0.4063194854383082,-0.29430383925485104,-0.3876449549012598,-0.3577605213410084,-0.3116190603623974,-0.4090260927412836,-0.3092631985421202,-0.3628322682902337,-0.38006629550497806,-0.3025819844054727,-0.4008113715610355,-0.3302072030880926,-0.33972781779760103,-0.39403771051115377,-0.3042516595099001,-0.3847931676284766,-0.3523488451805045,-0.3224102955341417,-0.3982645324494974,-0.31476669443569066,-0.3650993449704644,-0.37136934904544133,-0.3132849176439083,-0.3933649834832176,-0.33087885923664834,-0.3459488309626466,-0.3841590339854535,-0.31287517698997425,-0.3815765677968256
-0.385087512613838,-0.1265652400303065,-0.015537856144790835,-0.43079415676695854,0.07754783737773605,-0.27400023045434274,-0.24524775872258003,0.05283551090012367,-0.4171819487177939,-0.008913013566101718,-0.15894547309708484,-0.33210879016581846,0.07016236943028054,-0.35869443615109464,-0.112461836807741,-0.06203860850442196,-0.37548865755731375,0.04058276506496172,-0.27277353241952884,-0.2112395544063538,0.0012018775067583198,-0.3735551954162507,-0.023579937613445234,-0.17947439128387202,-0.2874423900079773,0.02380560407566365,-0.3332251865424668,-0.1053100873644233,-0.09733250628187719,-0.3300686131796245,0.007418821351896754,-0.2676037714370284,-0.18676431117225464,-0.04011317619202881,-0.3359944219497226,-0.03925024930889148,-0.19263562624605376,-0.2527320243239159,-0.014924288785896439,-0.30941922635255314,-0.10308338398592361,-0.12370892332682998,-0.2931024302572838,-0.02184855193704413,-0.26002006510663594,-0.16964638044978989,-0.07285473779112449,-0.3040198350145519,-0.05494423350295158,-0.20034742993687002,-0.22608190513399795,-0.046980115056945715,-0.2877007106883257,-0.10422908242103807,-0.14305980566641124,-0.26328864255502576,-0.0473160944662816,-0.2511403429383767,-0.15813376399303103,-0.0985380276914839,-0.2770819894194152,-0.07000828524462431,-0.20411184102855018,-0.205897540538315,-0.07327117318589373,-0.2682663034828791,-0.10757414700375159,-0.15693451448804924,-0.2394660137703731,-0.06920458618555862,-0.24176262885443817,-0.15082875843944263,-0.11846280061842782,-0.2546076477816487,-0.08403292724911125,-0.20509184160174465,-0.19085074769671206,-0.09464036790237677,-0.25115303548120343,-0.11224667841781022,-0.16659045450058774,-0.220614497926444,-0.08780835208038106,-0.23243901040466503,-0.14662717777788428,-0.1337318040622297,-0.2360313085593553,-0.09678815354871742,-0.20417670447609557,-0.17984538962498872,-0.11185169633259368,-0.23629007523425832,-0.11761125018612144,-0.17303881173607824,-0.2058500701006512,-0.10345859920132408,-0.2235350315119745,-0.14466579052214423,-0.1452711797710715,-0.22081588997081136,-0.10817297504320558,-0.20203678520938756,-0.17198500385668378,-0.12558515847136378,-0.2235376538186239,-0.12321610422185245,-0.1770851517342425,-0.1944156865974801,-0.1164974764118149,-0.21527693158393538,-0.14427739166424702,-0.15385132021191852,-0.2084653391735266,-0.11817650141548916,-0.19916902840839895,-0.16654302322154088,-0.13643682274176194,-0.21271583060251142,-0.12875041876509563,-0.17936492366188334,-0.18567003870319324,-0.12726034427295654,-0.20778884498758754,-0.14495280897406154,-0.1601071700024564,-0.1985313437238255,-0.12684830914040118,-0.1959344161596832
-0.26851830546704525,-0.038552689107696374,0.06021048712791714,-0.3091761431432694,0.14301383196633388,-0.16970184738705935,-0.1441254054906919,0.12103125640986485,-0.29706755465394924,0.06610354226652095,-0.06735616580874175,-0.22139167130923537,0.1364441709786523,-0.24504063742816062,-0.026007163407222138,0.018846259316169164,-0.2599797505589593,0.1101319624344607,-0.1686106517742263,-0.11387378504538316,0.07510113128170474,-0.2582598607849231,0.05305674287497804,-0.0856174369821559,-0.18165917112578464,0.09520802520805664,-0.22238474930708696,-0.01964540411915624,-0.012549035468321229,-0.21957685452991643,0.08063134463211065,-0.16401194830898774,-0.09210210425507148,0.03834978411995764,-0.22484809190774407,0.03911739114495626,-0.09732486737057784,-0.15078295083410964,0.060756279157578905,-0.20120842181549442,-0.017664664859173625,-0.036011884307134194,-0.18669399706763815,0.054596877774189354,-0.15726594656945295,-0.07687503909720851,0.009224891636000473,-0.1964054532178561,0.025156981806705614,-0.10418481669439418,-0.127076633292052,0.03224137491872592,-0.18188895741801023,-0.018683808177697214,-0.05322524677624674,-0.16017347333697493,0.03194250816662812,-0.14936708833524137,-0.06663411899028854,-0.013621393649394464,-0.17244319184760232,0.011756921885278285,-0.10753340677244436,-0.10912185593890047,0.008854456155626078,-0.16460129633211656,-0.021659373226070318,-0.06556733991231695,-0.1389823184820582,0.01247184345717399,-0.1410252469232684,-0.0601360324314346,-0.03134525411671348,-0.15245139084976134,-0.0007185426483972829,-0.10840515539818166,-0.0957371484803483,-0.010154273672443703,-0.14937837884574612,-0.02581577165106569,-0.07415667410902463,-0.12221316193305545,-0.004076929876177873,-0.1327315256818667,-0.056398563017821146,-0.04492762654852152,-0.13592701460834974,-0.012064812540265604,-0.10759110533181761,-0.0859474544360897,-0.02546441972393773,-0.136157197630078,-0.030587766887201634,-0.07989273867067939,-0.109079629138296,-0.01799843338679285,-0.12481109014783898,-0.054653832768167744,-0.0551923500509365,-0.12239230798940869,-0.02219205405782266,-0.1056875639146318,-0.07895533557543548,-0.037680868441986155,-0.12481342279159488,-0.03557350254568189,-0.08349211547631484,-0.09890830028636395,-0.02959702179613595,-0.11746518907351275,-0.054308336877786606,-0.06282471868676306,-0.11140601269619627,-0.031090579840454727,-0.1031365827023845,-0.07411448214153295,-0.047333845872240286,-0.11518699013975787,-0.04049649058205,-0.08552006127479246,-0.09112870633349988,-0.039171011366732546,-0.11080424480641907,-0.05490914684436727,-0.06838954038879926,-0.10256933737351842,-0.038804490090740024,-0.10025926930100604
-15.29210090516662,2.372319145981006,9.95864556394977,-18.41516397195975,16.319044514113774,-7.701681732398271,-5.737070586507556,14.630490135494055,-17.485063217386017,10.411310631888474,0.15982877704840226,-11.67214817249597,15.814407111717477,-13.48870352504605,3.335982493763197,6.781322333087674,-14.636226244797692,13.793279294628048,-7.617863386124574,-3.4133435040258426,11.102445221171772,-14.504115819373155,9.409142792957532,-1.242879896456246,-8.620163340876417,12.646922286316777,-11.748429780048077,3.824650278572746,4.36974583968596,-11.532746089639955,11.527239210554017,-7.264621753802874,-1.7409886503393297,8.279452619111588,-11.937647277501691,8.33841505505505,-2.142166369689262,-6.2484586771164,10.000569656016857,-10.121805983525253,3.9767974162798834,2.5674867713662257,-9.00690498395031,9.527445651557878,-6.746439034666695,-0.5713473824274496,6.042273240185631,-9.752874070379681,7.266069812575507,-2.6691017798773835,-4.4274979719541285,7.810245492919979,-8.637813986447389,3.8985136451852074,1.2452714334353285,-6.969775787980321,7.787288548608233,-6.139701592859096,0.21529158274811122,4.2873744588871805,-7.9122534727416145,6.236766863247807,-2.9263180657474996,-3.048332103108331,6.013818865002186,-7.30989152587434,3.66995064635045,0.29723441417391827,-5.342013052610216,6.291682355178821,-5.4989371471391255,0.7144311163945103,2.9259460802489348,-6.376617076329268,5.278485145551009,-2.9932799626946136,-2.0202084272622027,4.553695418560045,-6.140568854336291,3.3506839279540857,-0.3625407714053106,-4.053918641478067,5.020516308186968,-4.861868970971802,1.0015185110040594,1.8826391036456447,-5.107325050710186,4.406940605299116,-2.9307500830431743,-1.2682296292675521,3.3776724322567038,-5.125006170387209,2.9841311812101536,-0.8031468735768639,-3.0450885228066213,3.9511595510848267,-4.2534741053564336,1.1355370155689413,1.0941717208860815,-4.067679442940599,3.6290336687855764,-2.784532767123286,-0.7311418395470836,2.4392865765568525,-4.25365328344308,2.601160325263757,-1.0796269179577154,-2.263795092235123,3.060233590471413,-3.689211132980998,1.1620756983088034,0.5079042270631335,-3.2237857429276464,2.9455084542389094,-2.5885834578782543,-0.35929986675027376,1.6978094341400154,-3.5142151333049494,2.2230093218316065,-1.235400146114101,-1.6662187345764174,2.324823766960857,-3.177561959796056,1.115925496428133,0.08045185565772794,-2.545011466900768,2.352977479151889,-2.36756749320759
-22.38519345722248,2.883896015012004,13.73619461673001,-26.852759323167763,22.83479449634274,-11.527040138116693,-8.716648702682255,20.419304401081853,-25.522243001801783,14.383735496621796,-0.2810885656950668,-17.20682308206988,22.11290679013641,-19.805419560298006,4.2624238854834235,9.191009166520605,-21.446959684053287,19.22166781954045,-11.407137345651837,-5.392539143111971,15.372408870748279,-21.257974698947553,12.95012665382842,-2.2876741695040925,-12.84093518114859,17.581795255014413,-17.315944511516125,4.9614669302478,5.741230345338961,-17.007407324626115,15.980079957253606,-10.901822459195929,-3.0002225935298856,11.334096124880327,-17.586621604736457,11.41844234542095,-3.5741104231425993,-9.448193320575923,13.796167354607498,-14.98904659281935,5.179114587206469,3.16308481224751,-13.394172092022337,13.119359807825967,-10.160558072654847,-1.3270417156010403,8.133793724471483,-14.46128663832074,9.884444184208741,-4.32789560191314,-6.843294951371938,10.66289170274729,-12.86618456612042,5.067129047330974,1.2716455473866222,-10.480043025208031,10.630051616396145,-9.292615470588224,-0.2017485932788171,5.623397448174551,-11.828264640911184,8.412018356172188,-4.695845487759833,-4.870387511670723,8.09308952074981,-10.966581218189951,4.740167910148184,-0.08452873930617444,-8.151515845683441,8.490575392010248,-8.375996976313191,0.5122743691688423,3.6758636253693173,-9.631524901627062,7.041188949151055,-4.791634999121528,-3.3996486434682205,6.004371640297418,-9.293856094837398,4.283454400771449,-1.0283422439492833,-6.308886830446182,6.672162532573244,-7.464666024214397,0.9229551070438491,2.1834049280297343,-7.8157928442545614,5.794437745154877,-4.702185522771602,-2.323937158305953,4.322061664863332,-7.841085822670738,3.7590978622071405,-1.6586326800659297,-4.865747544968337,5.14243942280169,-6.594352464574829,1.1146696141139563,1.055496240215466,-6.3285717633429055,4.681635857353561,-4.493020521731583,-1.5556289221117252,2.9796934422723917,-6.594608780213262,3.2112550914766618,-2.054139521418086,-3.7481012512312506,3.8679629471126833,-5.787169919462205,1.1526334049821,0.21683605702353148,-5.121375300116991,3.703847752626858,-4.212713519690293,-1.0237061047801526,1.9190046566176053,-5.536836788779553,2.670307157037036,-2.2769743288029334,-2.8932636508771545,2.8159535080685134,-5.0552518209246236,1.0866151843381342,-0.3946378655217069,-4.150383449679194,2.8562276110546754,-3.896548473236226
-28.83275814610937,3.5353864306045644,17.43651138075564,-34.55543438316974,29.091256466548185,-14.924133664205401,-11.32419562926929,25.997162683986925,-32.85112506490276,18.265971296305835,-0.518763545949295,-22.19958518754729,28.166562853495225,-25.52822694950112,5.301195581087692,11.614409245179758,-27.630938569267656,24.463064114100234,-14.77054558474893,-7.066216372389744,19.532400889981407,-27.38886046323016,16.429606818631274,-3.089075903306271,-16.607152150416155,22.362488534822283,-22.339363006159022,6.196626592289807,7.195455417643245,-21.94414590569634,20.31079006006629,-14.123268391815534,-4.0018064720954225,14.359571415936978,-22.686083662500334,14.46761372050668,-4.7369213744401115,-12.261259150387346,17.513332757814478,-19.358750335869086,6.475419812558469,3.8930100546392703,-17.315814499964304,16.646384047655886,-13.173754446744638,-1.8585649983849344,10.260181491362928,-18.682722395575425,12.50265671969792,-5.702473681856573,-8.924545054903751,13.49979996275486,-16.639495054743563,6.33197324519504,1.4701930532446805,-13.582994959573119,13.45773383828711,-12.061973523302548,-0.4171339363544,7.044518746359476,-15.309983667515343,10.616570078834071,-6.173794784073477,-6.3973723479135876,10.20804191773917,-14.206220366639576,5.913156201117217,-0.2669825355761162,-10.600295306683927,10.71719679497746,-10.88784178511766,0.49748542517796923,4.549848077126778,-12.49609559463126,8.860622185055549,-6.296495238163642,-4.513446598516113,7.532523181350276,-12.063562686422443,5.328134373643456,-1.4759494041809704,-8.240001223591523,8.387922113391234,-9.720483062232912,1.0235421124605095,2.6381005666617723,-10.170254855091136,7.263610814048995,-6.181915977759856,-3.1355265546291893,5.377587896977195,-10.202653599931159,4.656465999179703,-2.2833125655628055,-6.391428836841731,6.428441189718376,-8.605665088421803,1.2691165677299463,1.193319126609529,-8.26521640812297,5.838180252763003,-5.913988516365133,-2.1513711066879235,3.6580970244725597,-8.605993412940625,3.9547132103506426,-2.789932427589596,-4.959792890439285,4.7959154562505955,-7.571714049200008,1.3177458415647012,0.1190471750966875,-6.7188722196183095,4.585694017595687,-5.554932540964552,-1.4700107959430644,2.2994201317931626,-7.251052753699795,3.2617922814166596,-3.0753700675204794,-3.8647986656463544,3.4483562710862428,-6.634172122419886,1.2331805740726034,-0.6642131933302108,-5.475091566883836,3.499944912203918,-5.149944623019451
-29.887412700800322,3.9162991171524957,18.433956150182432,-35.86389670613328,30.605603593800893,-15.361923522509676,-11.602323783727808,27.374282925557665,-34.083999161904075,19.30020363876952,-0.3176574245758481,-22.960050318367646,29.63989867545252,-26.43632145895192,5.760424087212662,12.353636584776089,-28.632290939451096,25.772145186896843,-15.201523621788944,-7.15549788101832,20.62280095110154,-28.379476370036016,17.382394125502127,-3.001966313653326,-17.119585959950857,23.578406482923533,-23.10602745609621,6.695568571129428,7.738696690125854,-22.69328198846819,21.435712643503404,-14.525538884869706,-3.955177611930249,15.22055009271259,-23.468125602331174,15.333384207104467,-4.722895769300924,-12.580947230861664,18.514184650317826,-19.993220927794166,6.986726615496941,4.289783791181607,-17.85967836109494,17.608785692719547,-13.533912822083417,-1.7168807283419645,10.93934715532171,-19.28721031231355,13.281278933273182,-5.731271515637232,-9.096245738772634,14.322646712313727,-17.15336331208324,6.836918015472447,1.7595118595090273,-13.961303657758236,14.278714903203205,-12.372823039761721,-0.2115204161114086,7.581065790809239,-15.764886450642077,11.311542017388303,-6.223496291614108,-6.456989796905978,10.884895127127407,-14.612169882362808,6.399525917544201,-0.05470961501833216,-10.846317586597708,11.416631652836399,-11.146617106954949,0.7436634452027389,4.9757533922694375,-12.826198961826957,9.477715662962883,-6.351638662585218,-4.489509610696359,8.090713826000593,-12.374482684231285,5.7885576485331285,-1.317295659359347,-8.381341541975292,8.984050758538249,-9.927484581052978,1.2930513971336937,2.979217515482133,-10.39720430915137,7.809874862649087,-6.23197767028385,-3.0504771088073293,5.840204496785244,-10.431039978392148,5.087099951018404,-2.160466375403943,-6.450782683767823,6.937664432636041,-8.763223051422521,1.5495173831930513,1.4703582318212387,-8.407675051123999,6.321224693158703,-5.952167294633879,-2.022673149657681,4.044452077613126,-8.763565937539786,4.354223558156265,-2.6895554548417877,-4.955651912656952,5.232734163965711,-7.683415004937494,1.6003034254615667,0.34844099072071133,-6.792748585515497,5.013189144528351,-5.577186742684448,-1.3110936665018906,2.625516184485431,-7.348531984424211,3.630570729097798,-2.9876526071006064,-3.812093339829401,3.825409062430476,-6.704291934258817,1.5119875837754315,-0.469557943693787,-5.493804722664962,3.8792857235807205,-5.154237109735211
-26.468994925586045,3.777364256545528,16.767247482056195,-31.816540273418582,27.65800475748764,-13.472103775028636,-10.108147630429983,24.766733938156392,-30.223951248873686,17.54233492871078,-0.011029485902566805,-20.270637421764015,26.793926339661255,-23.38108121263638,5.427421697620809,11.326793767746901,-25.345956609098078,23.333198066008546,-13.328583648123491,-6.129285953993434,18.725747968602768,-25.11974712316394,15.826347178797842,-2.4128536184733123,-15.044797616760905,21.370318689049668,-20.401252573256723,6.264155725530543,7.197509669915751,-20.03194260718241,19.453112441597806,-12.723736545396761,-3.2657531893671163,13.892006019352344,-20.72524511730598,13.99296597222006,-3.9526800944221216,-10.983785088395361,16.83903309083215,-17.61602399165744,6.524673589253123,4.111545060728883,-15.707005977591905,16.028914302039823,-11.836464809354215,-1.2630047378996647,10.061337882276636,-16.984310800596464,12.156815151679593,-4.854938851640608,-7.865798118802922,13.088594006474791,-15.075020390233812,6.390630181555313,1.847547719667963,-12.218878929927406,13.04928538601815,-10.79756296366537,0.08393813474870859,7.056467146993739,-13.83266067265616,10.394364608585178,-5.2953640763235965,-5.504285761190229,10.012616143911627,-12.80125088111806,5.999267287190036,0.2242468629452391,-9.431700170888861,10.488395077108883,-9.700397502231127,0.9386026848984769,4.725326264824551,-11.203227615439864,8.753522002532891,-5.410021312774883,-3.7438544595537464,7.512482084403026,-10.79904795451523,5.452594607783868,-0.9054702285134402,-7.2261272674598525,8.311808202129761,-8.60956107374558,1.4301754865460818,2.9388969645590883,-9.029849581928037,7.261197367398785,-5.3029529123362265,-2.4562593528003793,5.498806370896491,-9.060124535475621,4.824955205804544,-1.6599093997702372,-5.4987318570961525,6.4807744928147795,-7.567821261360876,1.6596521302391305,1.5888233367078537,-7.2496895549544105,5.929206136215878,-5.0525885390279255,-1.5366169216769725,3.8920309680954444,-7.568128063664634,4.169203472563208,-2.1333194921945062,-4.160942014051175,4.955263520398325,-6.601647422297545,1.705093674770243,0.5849716878208612,-5.80471078473594,4.758822444627948,-4.717069276478985,-0.8999209058644401,2.622417592171273,-6.302006004899636,3.521704656198206,-2.4000462228845456,-3.137726471159867,3.696039067879538,-5.725562918952246,1.626071800382697,-0.14694466841081888,-4.642462010258544,3.7442459882751478,-4.338628986163315
-29.61794052058835,4.740447282517655,19.496320632154436,-35.692491039186585,31.867689354107213,-14.85410651013282,-11.03281651378039,28.58334681700366,-33.88338763646663,20.376782142021383,0.4370168904462919,-22.576908918198942,30.886138444353023,-26.11022125384332,6.614832001567,13.316230743798034,-28.342223804956813,26.954920032532478,-14.691074650725717,-6.513023844827196,21.72108159674326,-28.08526086949522,18.4275038099794,-2.2913380988205083,-16.640609956197693,24.725184862154876,-22.725281355387985,7.565321018967852,8.625565545776574,-22.305763258762678,22.547332137738263,-14.003997862675572,-3.2601903840629545,16.230186661838122,-23.093321072390868,16.344872240764317,-4.040505821506092,-12.027497928972792,19.577865580098564,-19.56139762476639,7.861256597115224,5.120060365776567,-17.392846333835237,18.657610175330618,-12.996100475419308,-0.9851658909252864,11.878734620747428,-18.84380227161616,14.259094525263594,-5.065427733349782,-8.485616910460784,15.31754982717313,-16.67494155178626,7.70898982819938,2.5482698847812313,-13.43050425198358,15.272897152862093,-11.815958684184238,0.5448954724411259,8.465348123570404,-15.263681548211778,12.257036727867392,-5.565729292846827,-5.80305413005787,11.823389103916583,-14.092050364828818,7.264420681368248,0.7042793396533136,-10.264405214972896,12.363850750784694,-10.569632269122648,1.5157526879753704,5.817285856936995,-12.276773929409329,10.393119611657621,-5.695974317403469,-3.8032900924051787,8.983358835840642,-11.817645561312041,6.643427198903216,-0.579024138375371,-7.7589820436179675,9.891354293033746,-9.330495326590961,2.0741553985550127,3.787989361720723,-9.80792255895196,8.697911661725023,-5.574349840170426,-2.3406448945213603,6.695921506351193,-9.842313428558624,5.930459471321157,-1.4360302151665338,-5.796745166075244,7.811389366135385,-8.147129743701457,2.3348296657712404,2.2543716132459823,-7.78574765221209,7.184834633321711,-5.28994813157437,-1.2959759775630575,4.870703070323891,-8.147478256144492,5.185557507498182,-1.9738009745320582,-4.277081197608268,6.078483356768736,-7.0496034183722,2.3864490425025204,1.1140451348901164,-6.144322294023823,5.855335882352533,-4.908814624938011,-0.5727203786907493,3.4284842410314225,-6.7092253927448455,4.450030454448322,-2.276789522519576,-3.1147582807530694,4.648065837414747,-6.054414181447058,2.296684050002544,0.2826238767011131,-4.824064411853,4.702826546158971,-4.47892492559637
-27.70832719580821,4.538296466284194,18.387231912208158,-33.40951857917974,29.998221160246406,-13.851920373899006,-10.265497718614938,26.915743647672144,-31.711607812014837,19.21357775591711,0.49936713396578336,-21.10005740223468,29.07699915840479,-24.4162023221035,6.297476174585205,12.586987908625542,-26.51101965436728,25.387404600420144,-13.698908915813169,-6.023504349728108,20.47525274643146,-26.269850391058966,17.38410760888225,-2.0612954052563053,-15.528620241960844,23.294715289229643,-21.239310447845565,7.189545436237424,8.184624321827721,-20.845577125466253,21.25071958145151,-13.054061819430798,-2.970599276130802,15.321843816168192,-21.584729398085777,15.4294804935436,-3.702954309584239,-11.199043187721244,18.46376487594813,-18.269888001232733,7.467291972874374,4.894577450805538,-16.234622034408762,17.600070983189987,-12.108112669455817,-0.835404252643088,11.237844381828882,-17.596398097477415,13.471900603009551,-4.664881608491669,-7.874856240581064,14.465300234546907,-15.560841720134032,7.324383952230054,2.480856520310912,-12.515816755588562,14.423392040476065,-11.000505745989384,0.6006151917827772,8.034254317635446,-14.236321766362636,11.59289496652981,-5.134433212574811,-5.357171390951157,11.185900557722356,-13.136702364607503,6.907139288371142,0.7502028736394829,-9.54431516161193,11.693143896095037,-9.830782093735165,1.511800764236488,5.548949482168292,-11.432997976872956,9.843539492454989,-5.256673007841292,-3.480318533223554,8.520426619643187,-11.002088942855782,6.324313829842152,-0.4542251262244778,-7.192882417329768,9.372614096040106,-8.667806028600852,2.0358824575668777,3.644379315633105,-9.115889226689319,8.252523839924228,-5.1425239165653,-2.1075716651920335,6.373581687995962,-9.148166335731025,5.655167124638552,-1.2585571744212394,-5.351250193821325,7.420489723604342,-7.557173456875212,2.2805349436347346,2.2050220716328552,-7.218002935567346,6.832444824974987,-4.875602345084463,-1.1271110682138845,4.660546363260368,-7.557500548753229,4.956048952092007,-1.7632750148831855,-3.9249890908610023,5.79409304148839,-6.527104218034722,2.328981646799744,1.134783298784014,-5.677464243873334,5.584660844905665,-4.517894386726615,-0.4483088135217063,3.3069704011666654,-6.207646793019597,4.265729481664394,-2.047641025793455,-2.834105843124133,4.451593047291865,-5.593082139362308,2.244733865798925,0.35446355354088965,-4.438353162548818,4.502988007278455,-4.114426929804008
-25.641610437622404,4.335284896282868,17.20944166688771,-30.941514674691334,28.0031735334802,-12.760508175351307,-9.426521408638097,25.137660953563806,-29.36311397491679,17.977623884227597,0.5806418327277081,-19.498473902896347,27.146793162689313,-22.5812068493483,5.970642028299819,11.817456781012517,-24.528577233638867,23.716896406729976,-12.618266664674344,-5.4831072838369925,19.150493935132037,-24.304383040792334,16.27692381438935,-1.7997845253331166,-14.319190937861677,21.771504259468223,-19.627925408174782,6.799921619470745,7.724960343366215,-19.26190561279663,19.871378341260975,-12.01880812547382,-2.6450856411818133,14.35981563857233,-19.949031512993766,14.459876142443472,-3.325892736372376,-10.294357840448438,17.2805877399671,-16.867510339080205,7.058118537863419,4.666488494351715,-14.975499705549494,16.47768627359807,-11.139441064998232,-0.6601796117233055,10.563274801621528,-16.241425060668604,12.640083530937265,-4.220113299130763,-7.2041489172147894,13.56356119766559,-14.349144457610684,6.9252693186049585,2.422661033315788,-11.51844827038123,13.524602776453522,-10.109794762681831,0.6747633898787952,7.585174363777607,-13.117852883089988,10.8933346034585,-4.656614789549261,-4.863675197796018,10.51498712366799,-12.095631888453115,6.537393063769865,0.8138221120956997,-8.75610039791593,10.986527357540398,-9.022403913312429,1.5218137608396185,5.27480154129734,-10.511845361026015,9.26711021179354,-4.770250548341862,-3.1189275224175086,8.037126678669484,-10.111266523795626,5.995590673809976,-0.3058303658655864,-6.570176873062469,8.82933162553485,-7.941285711739255,2.0090071560926313,3.5042874826295543,-8.357829883021584,7.78808064918584,-4.6641360168641555,-1.8428035593589536,6.041390737800508,-8.387835117974655,5.373542891223166,-1.0535482626339283,-4.858170773256185,7.014610537073607,-6.908826726081678,2.236439399693914,2.1662416176227337,-6.593529244890051,6.467956085352776,-4.416002131763848,-0.9313541932914264,4.448930045760748,-6.909130795093508,4.7236332292359675,-1.5227407596601643,-3.5322992572089884,5.5026902932028054,-5.951260498901873,2.2814761069556884,1.1713332510239844,-5.161423744399145,5.307999304704357,-4.083471999612257,-0.3003304819548835,3.1906276148655635,-5.6542885773243965,4.081902959152159,-1.787091230422727,-2.5181995089193445,4.2546842311260935,-5.082981004424627,2.203158235923994,0.4459375142408254,-4.00952940714446,4.302461677607086,-3.708403221759898
-42.387232210503555,7.492915036275674,28.914907815813812,-51.20602417658899,46.87517117367192,-20.953682458732136,-15.4060849176894,42.10709269751082,-48.57963947456397,30.193126980489367,1.245365155504505,-32.165341267627,45.45019442012579,-37.29486424119535,10.214072569017715,19.94289797076277,-40.535197185300014,39.74300715730746,-20.71699925928331,-8.844428848602304,32.14472771127891,-40.162148568140196,27.363241865262257,-2.7155526089142925,-23.547257438363122,36.50596590679505,-32.380742498230845,11.593954896910736,13.133175928405983,-31.771702733260625,33.34424553742778,-19.719528378106304,-4.122094002102219,24.173263816081153,-32.9150479895702,24.339759799440525,-5.254925063374544,-16.850124019225657,29.03329154307113,-27.7875413486464,12.023582453888746,8.044022282583857,-24.639324432191994,27.697301177122696,-18.256302851516207,-0.8193035057018707,17.85599800632507,-26.74576482281354,21.31171028298965,-6.742866120800765,-11.708161371083582,22.848333788607363,-23.597098689733475,11.802527586651152,4.310398673262003,-18.886953057333606,22.78350880373436,-16.543019717970534,1.4019790101915286,12.900578617468696,-21.54828728492647,18.405202029373115,-7.469184119145552,-7.813722922690185,17.77564957598568,-19.847359514946028,11.157119698702832,1.6333661989869923,-14.29053581363214,18.560270399334712,-14.733652367643263,2.8114310818067305,9.056226649173668,-17.212013048423312,15.699240948046397,-7.658268689710249,-4.9105446586648664,13.652606062746923,-16.545468659405273,10.255585944495484,-0.22968298752309324,-10.653261637124386,14.970797922147973,-12.934722408921024,3.6220980312086812,6.110174332376366,-13.627832364669185,13.238205155531572,-7.48169908848326,-2.7871342629755764,10.331795101925335,-13.677759667712488,9.220527622265944,-1.4738504830032915,-7.804563818536892,11.951187182075714,-11.21675910227358,4.000534612887182,3.88372879737141,-10.692118888095397,11.041579824768707,-7.068815946721748,-1.2705252852603033,7.68201523250004,-11.217265058841608,8.139108440061301,-2.2545647824018133,-5.598375828950686,9.435422839249851,-9.623413831582766,4.075473580538933,2.2282479588714765,-8.309162533151797,9.11146616976314,-6.515501409944084,-0.2205314387636135,5.588259030100967,-9.129266488722704,7.071299382186939,-2.694431561783674,-3.91096143182341,7.358799311434045,-8.178637494558345,3.945156318007189,1.0212234901965844,-6.3924644056439535,7.438298740544423,-5.891404562737062
-39.57370347629661,7.097747092366627,27.141703100476285,-47.82519903191681,43.94661627283211,-19.518933934384794,-14.328202978226047,39.48525937653648,-45.36776475073056,28.337696814466877,1.2520904227284486,-30.009367679562683,42.61330561146638,-34.80891802405722,9.64385764514003,18.74684588577755,-37.840806403988914,37.2732510421622,-19.297476122946154,-8.188645984501623,30.163754716545192,-37.49175530738041,25.68985292144697,-2.4540289023412782,-21.945669081318147,34.244442607324046,-30.21091255144967,10.9349747210021,12.375180539366358,-29.64105117665205,31.286109802073774,-18.364170679916626,-3.7700901156366697,22.70508020012968,-30.710847168808286,22.860865807954628,-4.83004827127807,-15.679349742351096,27.252471423743025,-25.91318345004652,11.336965139940357,7.6134026391887195,-22.967485445812613,26.00242282191981,-16.99507171761424,-0.6797619610550322,16.794192296963455,-24.93842246170277,20.027605059398464,-6.222272860495504,-10.868159944306315,21.465380445871766,-21.99230413810944,11.130130319301209,4.119956060886759,-17.58515337397552,21.404725531158977,-15.392000887013104,1.398629600755137,12.157545778865233,-20.075288943048285,17.30806705132182,-6.901868179033142,-7.224243445069632,16.719012531027683,-18.48377867855855,10.526240314927772,1.6151320840108723,-13.28441506378105,17.453160162767936,-13.699026757775641,2.7174142539727835,8.560493790041969,-16.01795912644088,14.776175390636697,-7.078789292452207,-4.50782121457543,12.861196703649682,-15.394292292620865,9.682700542735413,-0.12807062918497053,-9.881119939296072,14.094591743597624,-12.015818602242106,3.4759325131406174,5.803955514486268,-12.664342089518644,12.473453432543776,-6.91357808377587,-2.5210058423373822,9.754007307454241,-12.71105766243955,8.714225588509231,-1.292203154238633,-7.215673528973978,11.269226920702339,-10.408368665330567,3.8300249765770085,3.72073306093759,-9.917477575911601,10.418132905213291,-6.527254943107896,-1.1019574865809807,7.274682826275874,-10.40884207465789,7.702372081811194,-2.0226955614153064,-5.15140549079573,8.915296997687044,-8.917520318954418,3.900143260452988,2.1717462117376267,-7.687812351051754,8.612179855479448,-6.009534096688202,-0.11950778245876428,5.315614048478506,-8.455160551413458,6.703253185573929,-2.434266532710769,-3.5725393091314097,6.972258781527075,-7.5656837443227465,3.778209063939834,1.0423673719715778,-5.894411832996794,7.046644160896649,-5.4255842336219535
-38.08232366490999,6.828708595846004,26.116618955285478,-46.02257790133531,42.28766117546502,-18.784007651488828,-13.789067863063316,37.99458390756431,-43.6578365244057,27.267500524600955,1.2035464876063664,-28.878748710926644,41.00464216927172,-33.49726297890713,9.278781430133156,18.038410573073335,-36.41479040055426,35.86601116221992,-18.570903092004766,-7.881091169554571,29.024680649731064,-36.0789052958611,24.71953166886739,-2.3627803040913156,-21.119207846560794,32.95144751203846,-29.072691434647858,10.52119836682438,11.907080510674321,-28.52432487916569,30.104701194197332,-17.672801354211728,-3.6292005007484236,21.847342732273443,-29.55376882681996,21.997252203128546,-4.649177689008888,-15.089250205229035,26.22320916576937,-24.937070022214122,10.908025955285341,7.3249139337258224,-22.102481928493702,25.020311625625407,-16.355343959703077,-0.6554376166797091,16.15940987237104,-23.99907641668804,19.270860301202614,-5.988888426059435,-10.459535516701878,20.654403687552364,-21.164083857794996,10.708992816413724,3.9632380040582094,-16.92316810020913,20.59603663878383,-14.812739971350835,1.3445582982879087,11.697654799006155,-19.319377292630765,16.653901588179682,-6.642849828656068,-6.953065298640964,16.087065840802314,-17.787897812971853,10.127881170259457,1.5528944415094925,-12.784650984482267,16.793521877019497,-13.183623781294806,2.6135992083944233,8.236281390952573,-15.41508745235462,14.21751131814772,-6.813097586879971,-4.339104837993253,12.37476444523009,-14.814944946553421,9.316159197606678,-0.12455574132115957,-9.509726051438852,13.561636585573446,-11.563905198442553,3.343506627015176,5.583718037701811,-12.187966780074445,12.001646610979172,-6.654118043019738,-2.427230915251694,9.384776315173788,-12.232920270419548,8.384214520871256,-1.244777906080369,-6.944818634490733,10.842842779866162,-10.01708728096697,3.6842429412912083,3.579073449250234,-9.544712300442677,10.023851505311056,-6.282366772763197,-1.0617081875792964,6.998970423084219,-10.017542833586674,7.410527503888182,-1.9477165905483576,-4.958413512561262,8.57770164060444,-8.582472814003088,3.751716406779281,2.0885134279035737,-7.399148671623276,8.286017889904524,-5.7841740371118116,-0.1163158798881239,5.113796510367382,-8.137552971506272,6.44909475571963,-2.34376335884512,-3.4391011887280447,6.7079536266347635,-7.281626680557276,3.634381492895792,1.0017340608743346,-5.673394114148637,6.7795332354082385,-5.2222504024425
-33.484095704144444,6.065629837815306,23.051023461473534,-40.47647285461166,37.29162870568661,-16.48953861355297,-12.090875572724471,33.511042530555116,-38.39402523033368,24.06451720469129,1.1119779997053514,-25.379208216333044,36.16177158582695,-29.446381971095867,8.223222377467106,15.937160601847715,-32.015626162975934,31.63657063274419,-16.301873658750768,-6.888170469445411,25.61193190834773,-31.719837733373183,21.820715095030593,-2.0286143827109107,-18.54597156892126,29.069936408663484,-25.549998801806556,9.317324347101797,10.537765197905019,-25.067094141771353,26.563023743986584,-15.510983860621824,-3.143854195231314,19.29139705381059,-25.973647020675788,19.42341090720047,-4.042070420156761,-13.235847135359645,23.144889341590062,-21.908072006235425,9.657973942213811,6.502600086275855,-19.41186616353182,22.08558909456894,-14.350799475112323,-0.5250877146720316,14.282467795535561,-21.082052478488208,17.02248521003687,-5.221851629556063,-9.158810023281776,18.240866495237047,-18.585490454112453,9.482700615819898,3.5422281311751167,-14.850838948325174,18.18946708081061,-12.992345632300633,1.236156361455078,10.353339924181281,-16.96099788101592,14.717928987553046,-5.797745628998429,-6.070928766396354,14.218759916889404,-15.612340545731739,8.970959848402252,1.4196221352329832,-11.206362127409962,14.840881941999587,-11.557707082498695,2.3537040367083253,7.3051719931497905,-13.522787182080087,12.572385640132262,-5.94766986304399,-3.7690128764227406,10.949618818740788,-12.994287386023476,8.256138130468862,-0.05758048073168897,-8.322385167798483,11.994806716704014,-10.131344289608831,2.996477908167881,4.969261475782353,-10.680907793995031,10.62104235998215,-5.80766868716471,-2.0853711271919746,8.316563999807673,-10.72049490913813,7.435445433601515,-1.0440748214765745,-6.063666557371972,9.600572084184495,-8.76917956036475,3.2965384285663752,3.2039236669759945,-8.353194892629794,8.879348845719369,-5.480295657233964,-0.8828592635770516,6.215566461370231,-8.76958073086055,6.577993436910268,-1.6630993827941778,-4.314390857554617,7.6058348033430425,-7.50582386420709,3.355957170623436,1.8913009820685562,-6.463760417823311,7.34897113968347,-5.0415752589226654,-0.05032426234222426,4.555437377408751,-7.114016845460444,5.731332841439058,-2.011867607424903,-2.976448209716013,5.959290133521634,-6.360267751148034,3.252629248574392,0.9342571661723574,-4.944019818127744,6.02232484323294,-4.546731911798545
-28.692787185807525,5.2133087707220644,19.77493664983792,-34.68737266975619,31.983449383436554,-14.123303439555398,-10.352316685562847,28.742341743133416,-32.90208420047705,20.6438078148837,0.9665284895289257,-21.744443319626743,31.014819553566138,-25.231243334321196,7.063019196826359,13.676201110341859,-27.43386393185784,27.135351475462254,-13.962417722195607,-5.89202230809231,21.970410988679593,-27.180283641741756,18.720189671013035,-1.7259105911311292,-15.886289456712774,24.934968410991537,-21.89086259056183,8.000996031312974,9.047283559976119,-21.476867006101003,22.785784814938644,-13.284385573579295,-2.682008960454609,16.5517978797931,-22.254057453837266,16.664973744335562,-3.452052370230566,-11.333904171650929,19.855408144763935,-18.768628043920465,8.293035930481604,5.587924649123878,-16.62862343781608,18.94726692936743,-12.28975608972566,-0.43693275927127917,12.257628103814266,-18.060479074844803,14.606653087061725,-4.463482268806319,-7.83864827173869,15.651174944079647,-15.920169113145942,8.142773592579228,3.049989070527422,-12.718441399888425,15.607110075012395,-11.125149617348933,1.072986964057248,8.889175230727359,-14.527486855322335,12.630950263691842,-4.957197887266587,-5.191398593931234,12.203011152192898,-13.371278957644034,7.704056728500807,1.2302727111821663,-9.594020709024237,12.736358192937274,-9.895229771738022,2.031063870885148,6.275971903904757,-11.579898717113768,10.791569645503657,-5.085728373789555,-3.217959335383144,9.400366879689336,-11.126814288522967,7.091237968624786,-0.03613743345958144,-7.121578784610269,10.296409536757759,-8.672404756852957,2.5821158002072795,4.27338895137076,-9.143547164507746,9.118677315803295,-4.965704954199609,-1.774568315001135,7.143041244020079,-9.177485314679235,6.387655707319704,-0.8818619314054167,-5.1851726807886545,8.243825148870485,-7.5046169306302435,2.8393585663196195,2.7599596589835107,-7.147992052267877,7.625518346626471,-4.68504709338499,-0.7436513597536007,5.341849878807828,-7.504960855275465,5.65255959022815,-1.412553507335965,-3.685513481649401,6.533731014828467,-6.421538378904163,2.890298428535995,1.6346443729906615,-5.52817432335857,6.313521040967906,-4.308930806371873,-0.029916656105925685,3.9186163354724894,-6.085641070085386,4.926714973121944,-1.7115535314542583,-2.538491317012121,5.122143429664388,-5.439449756019507,2.801715097249239,0.8141678965622039,-4.225296240231462,5.176183271579244,-3.884700150378065
-23.282083363906,4.241391113896064,16.061878904644303,-28.148223682272253,25.972211520523462,-11.455218526419516,-8.394097664474456,23.341223171641804,-26.69900517941905,16.76719022583846,0.7940420344824367,-17.641724022358446,25.185920511524472,-20.472154613267012,5.742904522265975,11.111194161010225,-22.260144946282814,22.03673929136759,-11.324618591196291,-4.773427251130899,17.844068219782518,-22.05429964188587,15.205681789251106,-1.39156135714935,-12.886332881494898,20.250565289088076,-17.76058073390102,6.504312780470063,7.353642887024453,-17.424517362953246,18.50595275894271,-10.774221973387615,-2.1676798787296914,13.44547689276187,-18.055406318145423,13.537348072010326,-2.792767183471029,-9.190907127755422,16.127202117898534,-15.226088323793682,6.741377900605775,4.545487774903305,-13.488926893176366,15.390013100435368,-9.966825591072977,-0.34522595766449454,9.959659109905582,-14.651244198364891,11.866494071294877,-3.6138014020736775,-6.353612421872448,12.714390883419684,-12.91383489353281,6.619401556660624,2.4853035173773885,-10.314813433978888,12.678620964621151,-9.021449380251187,0.8804603325484441,7.22529751307207,-11.783316811237523,10.262705587228183,-4.014577983411892,-4.204691796008657,9.91532347551307,-10.844758193236162,6.263270540370075,1.0081379705833544,-7.77854640833342,10.348271098930391,-8.023054651355986,1.658184943682007,5.104014214537129,-9.390594658941716,8.769577461696622,-4.1189133681158685,-2.6027407741104587,7.640260365814215,-9.022800686949287,5.765811277628922,-0.019877974961217924,-5.771527013009886,8.367628306802283,-7.030419193379421,2.105504615403765,3.4784056262049057,-7.412871836972546,7.411597191728335,-4.021483645447184,-1.4310595530726151,5.807862893657998,-7.440421331649441,5.194674204316437,-0.7063998518622785,-4.199637874091477,6.701430756781171,-6.0824604997056655,2.314322956411519,2.2498704224945336,-5.792968139678719,6.199516543100155,-3.7936579624481936,-0.5942066006457931,4.345735120716631,-6.08273968257612,4.597955571671723,-1.1371918859683494,-2.982280625240728,5.313251701507771,-5.203265061985364,2.3556736916720076,1.3363890652420174,-4.478071491669295,5.134494949238821,-3.4883433358523352,-0.014828222051152772,3.190416851218304,-4.930598429463328,4.008746899007497,-1.3799069288099952,-2.051178580512758,4.167387107623032,-4.406048797937714,2.2837656471435084,0.6703624195447934,-3.420452480780761,4.211254269788648,-3.143971584887057
-13.721036100965652,2.5182692173485703,9.49255258408633,-16.592139399186266,15.339812794097478,-6.7429901711439655,-4.936878216293246,13.78748613850481,-15.737076505155061,9.908697932980163,0.4842762240381577,-10.393130769599543,14.875888089588303,-12.063131647763798,3.4041869708548416,6.571566676168569,-13.118075526577332,13.0178190664323,-6.665934048583842,-2.8006227683593945,10.544073766374138,-12.99662339126864,8.987382120206714,-0.8052659378744613,-7.587371318452787,11.963946852804403,-10.463258195896229,3.85343044070943,4.354549255759358,-10.264975246862146,10.934596595370998,-6.341190937754169,-1.2631887065026288,7.948832108654427,-10.637210168495349,8.003037624421431,-1.632000558381415,-5.407008982856806,9.531094360680136,-8.967865740707557,3.9933027838364423,2.6976912786279073,-7.9429117552742845,9.096140643570493,-5.864813713799963,-0.18791074053922469,5.892141943847413,-8.628698195897535,7.01720611968796,-2.116424331383808,-3.7329581632907436,7.517479267310549,-7.603597960576467,3.9213347228078628,1.4821484808997214,-6.070132298579957,7.496374423405425,-5.307026108147639,0.5352644496894944,4.2788233616507885,-6.936573587578981,6.0709443793775035,-2.35288914522955,-2.4650594400983015,5.865983186021914,-6.3828084744879146,3.7112115310019718,0.6105963685590516,-4.573692790862742,6.121429446964833,-4.717956699639607,0.9941348377268442,3.0272311188424776,-5.524827930090738,5.189974081480524,-2.414448748435828,-1.5198818328681063,4.523658310336981,-5.307823401456913,3.4177023355116862,0.004049952144297278,-3.389518141447624,4.952817429836418,-4.132285356260821,1.2580608449551953,2.0680951560013177,-4.357938743667058,4.388743254389727,-2.3569636000846823,-0.8285705269675943,3.442513484713631,-4.374193401333342,3.080722012783531,-0.4010093137448962,-2.46207754254993,3.9697333080536668,-3.57297404299861,1.3812671210532106,1.3432390596737849,-3.402168760926084,3.6735956178016163,-2.222542677735001,-0.33481343928768525,2.5798339077462904,-3.5731387655112643,2.7286481468019734,-0.6551837413299113,-1.7438166245290523,3.1506846979933747,-3.0542341884383193,1.4056647390056038,0.8042699453282944,-2.6263579836103648,3.0452152566208137,-2.0424019966071145,0.007029389909494078,1.8981770139794394,-2.8933563639756743,2.3810052814613365,-0.798389632331503,-1.1944510130384336,2.4746056292497833,-2.583863402691889,1.363237803013819,0.41130320494335654,-2.0023452688593912,2.5004879807105334,-1.839216965900403
-5.171425493078877,0.9559061699318088,3.587407115457302,-6.254735511711361,5.79366544513215,-2.5385048764857916,-1.8570319470115053,5.207949487355218,-5.932107551846952,3.744424951054995,0.18845033201505906,-3.9157572665947646,5.618619747334591,-4.545873460450138,1.29017612763501,2.4852756455472043,-4.9439194916472715,4.91754264246586,-2.5094304542530246,-1.0509909625094065,3.9841617122990938,-4.898093792848572,3.3967987785935003,-0.29811312403151285,-2.8571024542848713,4.519900966497929,-3.942217388574769,1.4596823770271217,1.6487619664676239,-3.867402279920984,4.1315117896784725,-2.3869000438488803,-0.47089420206596144,3.004938397581522,-4.007852057586607,3.025390945677555,-0.6100524045515024,-2.034419284416368,3.6019495015657506,-3.3779835522313313,1.5124582944707754,1.0236047848399037,-2.991253154288039,3.4378349886263027,-2.207155825074949,-0.06517581705876072,2.2289185789497186,-3.250010588139307,2.6534220421472696,-0.7928327060761733,-1.4027749873756532,2.8421825486773673,-2.8632250079360206,1.485303673603552,0.5649623905827532,-2.2846255838403193,2.8342193768687247,-1.9966942572704467,0.20768894865230084,1.620189459233712,-2.61154678152457,2.2963833998378007,-0.8820544007647333,-0.9243779229799004,2.2190484901776055,-2.4026029600492183,1.4060210650776133,0.23611280316313574,-1.719996678989625,2.315432167446611,-1.7744295995334165,0.38082757759773694,1.1479450726533864,-2.0788741272645344,1.9639801907923742,-0.9052817555372811,-0.5677483402218951,1.712569330409891,-1.9969950879059235,1.2952756759331525,0.00725381014990538,-1.2731899540915523,1.874497455402596,-1.553447082359131,0.48041078938441817,0.7860487945151198,-1.6385894648944563,1.6616638712219183,-0.883591753240963,-0.30690629244880746,1.3046372919087637,-1.6447225892269177,1.1681279832953908,-0.14558108128351493,-0.923252808641211,1.5035651803619168,-1.3424105969888696,0.5268983516181069,0.5125497979080977,-1.2779632211597967,1.3918280210115186,-0.8328727380158827,-0.12060439234443077,0.9791354441774243,-1.3424727492452382,1.0352852720795076,-0.24148487689186998,-0.6522422709965306,1.1945259460107083,-1.1466823270038093,0.5361039360967202,0.3091887270383021,-0.9852382648163435,1.1547307555801596,-0.7649029771403116,0.008377996375782393,0.7219361498346585,-1.0859807287282637,0.904114443372989,-0.29551859157756666,-0.4449584469736242,0.9394312480903784,-0.9692044267879086,0.5200956215062056,0.16091652550790517,-0.7497889774073044,0.949197044626008,-0.6882382400905699
-19.291817243500702,3.573268830926485,13.39312173485962,-23.334356179470465,21.626116027460125,-9.466666617338195,-6.923644948724068,19.440426313521144,-22.130420032705416,13.979058080991313,0.7093886368411724,-14.606096988988584,20.972905924396645,-16.9574730531193,4.820648893787871,9.280347641536414,-18.442843401169725,18.356728242290032,-9.35817091260433,-3.915778310556683,14.87367289581224,-18.271837716300663,12.68183723638793,-1.1062981767740667,-10.655562769876566,16.872866808336127,-14.704837027864725,5.453187688105328,6.158767429050859,-14.425652875101582,15.423532506430666,-8.900929729213084,-1.75105750082685,11.219549598999913,-14.949762949776515,11.295871446482113,-2.2703478628946745,-7.585593242262781,13.447388898510082,-12.599311173604388,5.65012918913272,3.8258966862680874,-11.15616686170892,12.834970202933976,-8.23018636820703,-0.23705657752624126,8.323711585922766,-12.12176025909653,9.907811934774328,-2.952420836404622,-5.228514824679525,10.61220096847362,-10.678410026060515,5.548797520211372,2.1144016344532583,-8.51927675856872,10.582485160868613,-7.444816466940036,0.7811805112746999,6.052144697787674,-9.739233786475435,8.57546700270787,-3.2853653938333602,-3.4433021649509907,8.286879822644963,-8.95952759044977,5.252942200497869,0.8872485219033097,-6.4122766450515805,8.646550426119813,-6.61540150950599,1.4272740918693758,4.289891707222671,-7.75148336606408,7.335053001272045,-3.372041861725847,-2.1124837018873857,6.39687447938888,-7.445939062998536,4.839678647225509,0.033225782160991375,-4.744948224574413,7.0011343300804905,-5.790771057944809,1.7988842534044511,2.939419755524784,-6.108493030953769,6.206912882725561,-3.291102262445832,-1.1391112451349827,4.8746129655961425,-6.131379733270449,4.3652073608289195,-0.537101260668581,-3.4391036267270843,5.616943157960901,-5.003255762834334,1.9723597840796265,1.9188159360122121,-4.76276040912295,5.199978660725983,-3.101836410275227,-0.44389688169005775,3.6599524616296883,-5.003487693594695,3.869484231518341,-0.8949811114830944,-2.4277858768278326,4.46371544279207,-4.272865441803768,2.0067118467792127,1.1599426375916662,-3.670411946360403,4.315213532892902,-2.8481967318063552,0.03742085698834832,2.7001735028814897,-4.046348036551432,3.3799999904523355,-1.0966162775159438,-1.6542742181180814,3.511790111201254,-3.6105791991244813,1.9469743442006797,0.6066419780397194,-2.791796503480169,3.5482326918633222,-2.5621104045233385
-25.53706879004896,4.724734314250378,17.72125023046922,-30.887344617726797,28.61756837379544,-12.533541370506468,-9.167867575311915,25.724821259045253,-29.29394241031939,18.49673344013538,0.9344062015282636,-19.335546378005066,27.753048753781663,-22.44757837496612,6.375634281810873,12.278018596899782,-24.41345704532632,24.29055341726428,-12.389947961602124,-5.186974274848254,19.680750735857643,-24.187132055847666,16.779869499435613,-1.4686443128605624,-14.107038236534628,22.326671785583112,-19.466228222160577,7.212795549743924,8.146626068700813,-19.09672968481599,20.40848660430695,-11.784792021321698,-2.321979377974034,14.844540657005446,-19.790386198207877,14.945552160462935,-3.0092570308857556,-10.043952137560707,17.793072493288324,-16.679577490768818,7.473446435017508,5.0590857526015895,-14.769584723826469,16.982540054329196,-10.897067240482897,-0.3182083144619445,11.011916564166494,-16.04754174421294,13.108463793350662,-3.9119764853385037,-6.924373110299823,14.040718418469963,-14.137276441886737,7.339334584174421,2.7939324046800493,-11.27967662336447,14.001389726861245,-9.857634927006242,1.0294223130584894,8.005511528854937,-12.894282370049552,11.345113335365722,-4.352626593051205,-4.561654954236164,10.963169948270581,-11.862345936198976,6.94777185821806,1.169802683500114,-8.491074718764402,11.439191816254437,-8.759909248129315,1.8845232586339877,5.673180356041856,-10.263506712911175,9.703432907962943,-4.46734237398466,-2.8003247687426023,8.461759309468862,-9.859120676098868,6.400820045371032,0.03950875359529242,-6.2843756402459965,9.261493566577752,-7.668515833832748,2.3763470594859175,3.8858388972284694,-8.089018943150151,8.210346285398375,-4.360219303956415,-1.5120722103438142,6.447055404410305,-8.119309355220311,5.772860167991173,-0.7153156375741245,-4.55609821429457,7.429524923510148,-6.626244104582131,2.605940874948408,2.5350759159279903,-6.307949958746733,6.8776749337163805,-4.1097270935133485,-0.5919602058068629,4.839459575120488,-6.626551063540478,5.116773605071045,-1.1889674552446228,-3.217625289954142,5.903235018575494,-5.659576932966568,2.651405622129224,1.530711696035673,-4.86223337610175,5.706693639139921,-3.7740365133739027,0.045060909752502896,3.5691979291006373,-5.35978251736148,4.4689441730024,-1.4558303777600659,-2.193887288769255,4.643367600590372,-4.783045097074544,2.5723433988299216,0.7984216201383996,-3.6993911523597824,4.6915991356485955,-3.3954029898048175
-29.79106171433314,5.512870306036889,20.674825885037414,-36.03278410805699,33.386655172885135,-14.620926396807247,-10.694474345726128,30.01192739677477,-34.17389410677259,21.579517731145653,1.0910093361124669,-22.556260638435113,32.37809194253002,-26.18680987197765,7.438838168107422,14.32465967384554,-28.480237223265654,28.33868624155609,-14.45340789405775,-6.0502968003389315,22.96081236104768,-28.21620265746246,19.576595180834108,-1.7124300924338571,-16.45659448971845,26.047588669413226,-22.708716291076225,8.415484681579589,9.50490718050256,-22.27765303952179,23.80980135023548,-13.74742272510568,-2.707945231618805,17.318807776206224,-23.086884475926013,17.436649506887232,-3.509734981353438,-11.716529433558376,20.758614953235888,-19.45776235265766,8.719564418766181,5.9029303566485805,-17.229532442789825,19.81303408263494,-12.711787961125658,-0.37031197272799304,12.847603599545797,-18.720418746463807,15.293471104582117,-4.562862785523757,-8.0771757066503,16.38105513906456,-16.491870892201458,8.563107262232192,3.260364097952175,-13.158146547130986,16.335173621356617,-11.499168620226492,1.2018567410321828,9.340280568379217,-15.041772956443342,13.236316595902352,-5.076932664104382,-5.320788690401596,12.790734971860886,-13.837898435667418,8.106303554560514,1.3656268586945164,-9.904916337002224,13.34607014503581,-10.218543251985308,2.199431986271374,6.6193435214296015,-11.972665519574777,11.321104405523466,-5.210762036986758,-3.265991065825942,9.872546956331174,-11.500901920280844,7.46822030642695,0.04700681722291274,-7.330543818982673,10.805530485105837,-8.945305210847854,2.7732019619543395,4.534200704867821,-9.43587125988763,9.579244264478051,-5.0857904492378045,-1.7630938131398617,7.5221592593318425,-9.471208567612099,6.735631678243432,-0.8335841013458596,-5.314306103475868,8.668324839579727,-7.729373359417969,3.0410499955116514,2.9583777341377844,-7.358046018204181,8.024527295263765,-4.793561994157485,-0.6896755654782106,5.646710738373921,-7.729731462937486,5.970229982350442,-1.3861543336856597,-3.7528209213418577,6.887729186985099,-6.601643065376413,3.0940899395712584,1.7866694251331312,-5.671448567995776,6.658440685078301,-4.401939678055711,0.05348405662814799,4.164801988766171,-6.251897822763791,5.214461195152927,-1.697481138726697,-2.5585108309637348,5.417946519841024,-5.579066180536867,3.001854610859423,0.9323674204057261,-4.3148571356904775,5.474214245497191,-3.9602193968601376
-33.50483795061729,6.207668050467765,23.26297088675882,-40.52599462729694,37.56218822569845,-16.440333932002172,-12.023566684898876,33.76604175160363,-38.43497597564168,24.280636011056487,1.2336277593532792,-25.366592018762432,36.427680791375245,-29.45050562195834,8.374140902167174,16.119828484820736,-32.030324419437505,31.883854821843382,-16.251896577718416,-6.799448064489166,25.83441963061479,-31.73331857111152,22.02759876429707,-1.9198908080852457,-18.50523084245607,29.30665673438114,-25.53808555146343,9.47274602368235,10.698210017359678,-25.053193331686742,26.789426010882067,-15.457751601388038,-3.039720772527798,19.487870447243754,-25.963477439868427,19.620427648921677,-3.9416339143719723,-13.17325077067036,23.357223104096455,-21.881169157159064,9.814797679029505,6.646436799845672,-19.374689323231028,22.29356294361959,-14.29279207915242,-0.4101758604065799,14.458325222784003,-21.05174986276036,17.20962011864914,-5.12627091794688,-9.079433214129711,18.43301606987485,-18.544912381172345,9.638802955150478,3.673880418698244,-14.79488963630681,18.381405103530806,-12.928747053666186,1.3583172197380031,10.513025678172916,-16.913733651768265,14.895578704679519,-5.7045352066479476,-5.978842722936536,14.394355132514528,-15.559525454695995,9.12495594310201,1.542538109827845,-11.135412721154525,15.019037714177049,-11.488203756900374,2.4804645457139625,7.452311966645986,-13.461371817559742,12.741204637794054,-5.855076505295538,-3.6674525086710856,11.11175876301802,-12.930696799342401,8.40719213123893,0.059255559887583756,-8.239565765300103,12.161248490224585,-10.055970278762409,3.125883973482093,5.106787208439147,-10.607795700224809,10.781829935157404,-5.714499106563244,-1.97688115441306,8.467866703966177,-10.64754574971676,7.583121592119425,-0.9312990366368414,-5.971550623800325,9.757159563967386,-8.688199093418005,3.4271794958586423,3.3341835464545184,-8.270502298120217,9.032967883919406,-5.385778660654583,-0.7694199408195855,6.3582217896179944,-8.688601915068567,6.722140457670922,-1.5528714058322561,-4.215075179922778,7.7542122577475,-7.41964362362245,3.486842796126415,2.0161583127207714,-6.3732912077473385,7.496291383588226,-4.9452525580839986,0.06654164373236486,4.691259875066886,-7.026223988719156,5.871995140155108,-1.9030751057022084,-2.871625770266891,6.100890668651658,-6.269372581509344,3.3830895925776594,1.0551754547801653,-4.8472955944156535,6.16418481932866,-4.448372513457278
-35.334000477184404,6.547509680835482,24.534333251393136,-42.73863630317265,39.614540383528585,-17.337473177253425,-12.679472437634718,35.61105727138779,-40.533411105409606,25.607580863608064,1.301798947470538,-26.751262594711548,38.41806880770664,-31.058230003216366,8.832310210498449,17.001049125259712,-33.778952467054886,33.6260696955372,-17.138743815591635,-7.170024681771316,27.24622850886414,-33.465724854239,23.231487994173595,-2.023957425397804,-19.515149925431338,30.908111078764687,-26.93212270290154,9.990918573192394,11.283314542816733,-26.420746804650054,28.253395103061052,-16.301224498824954,-3.204949882277114,20.553045658996535,-27.38074850090296,20.69284282486768,-4.15612340959786,-13.891949578096128,24.6337333043068,-23.075474091733472,10.351652289609031,7.010242952656463,-20.432096194033928,23.51197851465751,-15.072637613301797,-0.43178537976585774,15.248798442699583,-22.200753856181787,18.15036262819157,-5.405462514448939,-9.57453728548854,19.440577603724464,-19.556998776943914,10.166045145710939,3.875332497272174,-15.602158564200836,19.386147767160033,-13.634091640168357,1.433298654428295,11.088015868325007,-17.836728882034325,15.709933686673772,-6.015310245553902,-6.304599796546928,15.181334455779261,-16.408557001866235,9.624133012183322,1.627581258487741,-11.742809582527354,15.84013573839593,-12.114869239171652,2.616735041705716,7.860133135449789,-14.195807122409938,13.437892749142073,-6.17407375769132,-3.8669668570577587,11.71945035332572,-13.636147876391318,8.867166620367573,0.06328528631113398,-8.688798241757924,12.826260753796001,-10.604410519652607,3.2974057684414135,5.38650130309847,-11.186375354452998,11.371501584867481,-6.025818350368657,-2.0840604510938454,8.931155096288492,-11.228296458639509,7.998087276593211,-0.9813710845378246,-6.29690942001823,10.290866115566095,-9.161934872528159,3.615157347267354,3.5170821767022646,-8.721424455614184,9.527120780445358,-5.67914396285717,-0.8106505312779464,6.706286312946683,-9.162359695354736,7.090081367137806,-1.6368922821598275,-4.444499397264692,8.178522514053391,-7.824093871187108,3.678079317393273,2.127069488667966,-6.720592134652406,7.906514605240693,-5.214557355324047,0.07096931900725867,4.948278839044204,-7.409186576363745,6.193503101581894,-2.00622328869663,-3.0276739243078477,6.43490036826639,-6.61099771620208,3.568659356632411,1.1135999955711868,-5.111250211503598,6.501651497355291,-4.690538885278799
-40.04814172192777,7.38551181531171,27.756810611897947,-48.43439448631383,44.83616896542059,-19.665852793052213,-14.390350729596413,40.3019525494657,-45.93682723986983,28.972336394167847,1.4443882850427323,-30.32760839869945,43.48108367884514,-35.205541383455476,9.973203527402028,19.22485491382545,-38.286944280193865,38.05381936149391,-19.440778299482716,-8.150527116571714,30.82821609815714,-37.93219274404945,26.28124990956368,-2.322256588666414,-22.132219550111316,34.97554670919188,-30.532444749590887,11.285406154623894,12.74913232936754,-29.953276828151687,31.968900641364087,-18.49223081510675,-3.6598107221813305,23.247732128879385,-31.040543922471176,23.406061909882993,-4.737079315851818,-15.763563404723802,27.869387919967803,-26.16452837439802,11.69396157822604,7.909588660031377,-23.170723449637755,26.59892446616194,-17.100772760026516,-0.5190136564217241,17.24031205772138,-25.17384832397424,20.526530481350356,-6.15204066816311,-10.87380087963129,21.98778653222049,-22.179616215515434,11.483748887124865,4.359089744163286,-17.700491185433986,21.92614104713781,-15.471521784368079,1.5933206305228378,12.527943321923193,-20.23129377256123,17.762579027416436,-6.842734625438315,-7.170374681443293,17.163904512488518,-18.613792161470233,10.869996606168659,1.8133588692228757,-13.329516457318949,17.910041690246036,-13.750899277132824,2.933642681128989,8.872146990025122,-16.107702702167398,15.189338419647518,-7.022545081189984,-4.409589889623873,13.243085743483025,-15.473850611485883,10.01268077793683,0.04168748263807765,-9.870641280891778,14.496623661987794,-12.040202234126381,3.704548489040491,6.070591008119558,-12.69931691840175,12.849010141397871,-6.854635767523102,-2.390327345586337,10.085152071014777,-12.746795414864238,9.028389420403947,-1.1414567777613003,-7.161664807934512,11.625117109425172,-10.406500635892487,4.064423723817677,3.9533469349521897,-9.907592683036798,10.760123667686475,-6.462003488376271,-0.948104161189898,7.565337130324385,-10.406981776584276,8.000011084561484,-1.8838790365815028,-5.063684699369212,9.23274457634994,-8.891304877523366,4.135687126679041,2.3790631995324847,-7.6415142455466905,8.924677153343225,-5.935827615141963,0.050390171325796936,5.574274317203747,-8.421394198599192,6.984575331243634,-2.3021714749040014,-3.45903366473833,7.257974123921991,-7.517391126423857,4.011761592733243,1.2312401954255292,-5.818825261372669,7.333574309265739,-5.342341122857946
-50.08877467931994,9.191598492601157,34.65069988166569,-60.56952318410385,55.99568727419099,-24.615938334275086,-18.02286131680738,50.32903456802672,-57.448179847670126,36.16980744769958,1.76665873630924,-37.94050441422906,54.30216473317682,-44.03671809544887,12.425575192839311,23.9878586297061,-47.88771206259672,47.51942231206757,-24.33465070460081,-10.224620095167838,38.4891995503616,-47.44436009879654,32.80661277158204,-2.940718770343953,-27.698288750788954,43.67234037877056,-38.196499354835645,14.065504981461165,15.894801849605422,-37.47268223446207,39.91477401806865,-23.149200193162795,-4.612331691962143,29.015463394453782,-38.83149805998578,29.213336587897622,-5.958651856590424,-19.739038624592748,34.79139376323296,-32.73768070191668,14.576098540389392,9.846565348598327,-28.996162604340856,33.203627651483394,-21.410220658443347,-0.6871096558958913,21.50766930604038,-31.499574869799133,25.614632188927477,-7.727004718614999,-13.628040934271697,27.440842011185875,-27.75752289791311,14.313384499941963,5.409317003097789,-22.159720842491392,27.36380035220433,-19.374058595744067,1.9527874520848185,15.61837011970434,-25.32260016131895,22.16037426444266,-8.59020188943213,-8.999671186811803,21.41217871114032,-23.301121907775208,13.546345456204014,2.2277810047528597,-16.697080002391022,22.344666239223834,-17.223704644264576,3.6278595876964745,11.049525962985179,-20.169127906236685,18.944457881996517,-8.814920630711539,-5.549370809297503,16.512121843632908,-19.376969055518966,12.474912023738646,0.01362853909242319,-12.37433874332439,18.078735208883717,-15.085755076160824,4.591301797298084,7.548271649125399,-15.909485940920408,16.01962449191158,-8.605075383066863,-3.0257904351091436,12.565483273843588,-15.968822356693835,11.244790482739559,-1.465010107572818,-8.988785992158274,14.490059926515087,-13.044030832447733,5.041057121251267,4.902238518768642,-12.420518886430227,13.409031369917027,-8.114381829198132,-1.2233670037979538,9.416335804293594,-13.044632139697555,9.959571087552137,-2.392854902818239,-6.366828068436922,11.500184048292622,-11.150409673493241,5.130118806364901,2.9347719553739706,-9.588479492589443,11.115175716948034,-7.45679170502811,0.024504754490885558,6.9279981417127,-10.56313717123435,8.690526729804434,-2.9156173296948245,-4.361409867434391,9.0322078200456,-9.433356193577959,4.97524244011432,1.5002761713763084,-7.310567607236618,9.126689414121532,-6.7150799010349775
-58.72676784060969,10.691642958914539,40.50472044557816,-70.99991772584364,65.50009453048408,-28.89760646706177,-21.176991627068464,58.86433965299835,-67.34476708523421,42.28362343530422,1.9969015025950534,-44.50091920568291,63.516948386828176,-51.639697911027596,14.478689346799927,28.01833659350674,-56.149282903393726,55.57423185954854,-28.568213462518365,-12.045107266833522,44.999674383917814,-55.63010957324952,38.34526041339116,-3.515524416141814,-32.507095678964966,51.069227931004896,-44.80069400463855,16.399077388534646,18.541217774507626,-43.953090801128006,46.669048389671794,-27.180029040216372,-5.473013991218384,33.905754540163855,-45.54428920508439,34.13746770075518,-7.0495797457018154,-23.18666692062913,40.66947557691466,-38.408316638365065,16.996991867285935,11.458621232445724,-34.02692990926806,38.81017216329847,-25.143651918179305,-0.8765065605253398,25.113989132138677,-36.95847186397467,29.923318447860577,-9.120353575996822,-16.0305758678389,32.06184384614042,-32.57645995820961,16.68934887843881,6.2625215457223185,-26.021330463145176,31.97162664193444,-22.7592685723974,2.214861663132927,18.21751111819754,-29.72512050554136,25.878318681850697,-10.13117339035577,-10.610669492933585,25.002167883560517,-27.357932171219726,15.79113200515677,2.536884187366508,-19.624477245156967,26.094127984793385,-20.24116441783568,4.176402041623733,12.867310308389474,-23.690309405251227,22.11242125934075,-10.394323182804703,-6.570304087449094,19.26411087802908,-22.762676774496317,14.536463686124417,-0.055929204483039396,-14.562467469481744,21.098644035194113,-17.737586025087147,5.30461064607639,8.767276903264944,-18.702190066837897,18.687387391820273,-10.148590525841163,-3.615144905286551,14.642524291177912,-18.77167410455786,13.095968663956333,-1.7874423429138089,-10.597922729145512,16.8962390628927,-15.346689262707159,5.831282429111717,5.668723284185158,-14.616545269154237,15.630334676455977,-9.573979320200635,-1.5044738097018582,10.954814497659775,-15.347393404591758,11.590953037892506,-2.8739657183276366,-7.5275616212608405,13.395039241627991,-13.129223945312054,5.935575305706569,3.3647836356278917,-11.300174883429417,12.944187381620177,-8.803929151235659,-0.043192955568327876,8.04092518107249,-12.44151700907465,10.104878679125216,-3.4861301659810136,-5.179179904797955,10.504993540345845,-11.118522638020526,5.754212223116987,1.6849626038854193,-8.632698034659498,10.615633230341313,-7.935370943021822
-68.81901882258823,12.414290412593427,47.30150426311818,-83.18103847175855,76.55104957973502,-33.912983634295486,-24.87833294783512,68.78590022291114,-78.90378725165667,49.38317359261537,2.2397183746234193,-52.171954333727676,74.23037525010514,-60.52574133999504,16.84588581749976,32.6899585794557,-65.80285022203418,64.93582153738438,-33.52752848644928,-14.192217008402407,52.56149190999103,-65.19531445178932,44.77450771342384,-4.210913296936703,-38.136801926223214,59.66407340863574,-52.522750306496405,19.09312072030238,21.599849848709724,-51.53088644291202,54.514990604022174,-31.903077376815215,-6.501564352548729,39.5794053004232,-53.392904177319785,39.85055565681114,-8.346458984801357,-27.23005164470332,47.49430044467572,-45.04240090981979,19.792799252109514,13.311807116776626,-39.91530942293,45.318546672430784,-29.52011224453044,-1.1227389772801626,29.29129599501429,-43.34579495839293,34.91916518732572,-10.769675088066409,-18.856005758155746,37.421664063127515,-38.217971890802616,19.432795936573726,7.231339877510388,-30.54717022282668,37.31609204032851,-26.729910806147096,2.494774993148665,21.221048856139266,-34.881339190264605,30.185713166975383,-11.95253475908372,-12.51364030340763,29.160442955306326,-32.111259325786044,18.381704040530533,2.8716052171551683,-23.061583191893607,30.438252855508455,-23.783229499013082,4.790166292200571,14.960252738109483,-27.81941324526537,25.778866246290455,-12.260472209955529,-7.785611404061213,22.445778160032294,-26.7338990785931,16.913493253598492,-0.16250071559946144,-17.138027744240567,24.59254581924242,-20.853546214271937,6.110394130777418,10.162400444502401,-21.982324264800024,21.77089729256777,-11.97291626215445,-4.327489028182195,17.03760519780394,-22.063634370548698,15.227828366722086,-2.1887145196741953,-12.498724061554515,19.6748984874374,-18.055722786583512,6.726704578164473,6.536478136263323,-17.201309495766694,18.193539273056015,-11.300507181909165,-1.8575852112171696,12.722253310945126,-18.056546772249533,13.466661576129678,-3.460162372335925,-8.90579258317818,15.577800260911763,-15.46084854830029,6.848747929458168,3.8404117790120145,-13.320498368298054,15.050214161756598,-10.399395750781954,-0.14759677823372594,9.312424863344747,-14.656095031601588,11.727659825126688,-4.176516194128568,-6.1577201917401485,12.19587357241331,-13.107929211865178,6.636517150877072,1.874687992488319,-10.199021382032905,12.325343954226602,-9.383010375433178
-0.24902696865841153,-0.07351404089173079,0.0018633763546909987,-0.28005759071482256,0.06506003032210392,-0.17360888597404014,-0.15408859302697953,0.04828262569593045,-0.2708161491005179,0.006361037253921231,-0.0954972512763659,-0.21305927197500163,0.06004597451394886,-0.23110848884445587,-0.06393912277605199,-0.029706372388544164,-0.2425102258751211,0.03996413432101259,-0.17277607044358617,-0.13100013937856236,0.013228121194107156,-0.24119758229624197,-0.0035964598512808754,-0.1094345051107777,-0.18273488024597642,0.028573979749734024,-0.21381720278945537,-0.05908374041032238,-0.05366769405462072,-0.211674178797417,0.01744885623993858,-0.16926627658008286,-0.11438369254444909,-0.014821013462825647,-0.21569725981179788,-0.014235165202269792,-0.11836977733375934,-0.15916972338664506,0.0022799323537754934,-0.19765513779801927,-0.057572012908769635,-0.07157486365084506,-0.186577528794225,-0.0024210076702303462,-0.16411763507980434,-0.10276218655820475,-0.03704953280269657,-0.19398944597030854,-0.024889942010072663,-0.1236053852007748,-0.14107673512064503,-0.01948303555063992,-0.1829102563110928,-0.05834983713518971,-0.08471233911996959,-0.16633669957999625,-0.01971113477479021,-0.15808911761424516,-0.09494617519335131,-0.05448613259754013,-0.17570111784723907,-0.035117052420280986,-0.12616107529824858,-0.12737340159392233,-0.03733225426661996,-0.16971607511366546,-0.060620829389023384,-0.09413199469880966,-0.15016331814052197,-0.034571414423638466,-0.1517225092822722,-0.08998674597570862,-0.06801322717452397,-0.1604430998008501,-0.044638498887883606,-0.12682640586375646,-0.11715800839496629,-0.051839978847659195,-0.15809773468746696,-0.06379304995001292,-0.10068749293501086,-0.13736486675162318,-0.04720166630505494,-0.14539262692766627,-0.08713425780984002,-0.07837948100526612,-0.1478314681162405,-0.0532981284424207,-0.12620511163395753,-0.10968637897988479,-0.06352489331693466,-0.14800714697078102,-0.06743510248135355,-0.10506533646228651,-0.1273411735177358,-0.05782674964901033,-0.13934764136951133,-0.08580265563762116,-0.08621365944961716,-0.13750159349080354,-0.06102737874116631,-0.12475230258995963,-0.10434989750080839,-0.07284865534432274,-0.1393494216753741,-0.07124028464877472,-0.10781243044656891,-0.1195782751577883,-0.06667895217351064,-0.1337411484291723,-0.08553896841249532,-0.09203878838095815,-0.12911670151109159,-0.06781885625699,-0.12280535857142562,-0.10065529144393609,-0.08021594075538248,-0.13200239560503957,-0.07499757696621893,-0.10936018662889646,-0.1136407818354409,-0.07398595296147763,-0.12865742396411373,-0.08599751485928758,-0.09628593699772235,-0.12237242911872133,-0.0737062188722836,-0.12060935332867181
-0.10141543485323241,-0.010450953015015271,0.02861550088881799,-0.1174979222938803,0.06136893367125572,-0.06232790494924989,-0.052210967377448625,0.05267357465793694,-0.11270828680332041,0.03094653939628544,-0.021844366407544103,-0.0827741704554901,0.0587702590647729,-0.09212868172145282,-0.005488484004220119,0.012253595969719155,-0.09803795070948328,0.048362283932954026,-0.06189627501658035,-0.040244730762867637,0.034505597639499036,-0.09735763647559542,0.02578578812795518,-0.029067737867567417,-0.067057706626929,0.04245901787832526,-0.08316698929045169,-0.0029720463454959503,-0.00016502889882047053,-0.08205630719151377,0.036693111581097976,-0.06007722621934901,-0.03163279262537199,0.019968349400610947,-0.08414138140526521,0.020271981640898853,-0.03369869251113322,-0.054844405245534564,0.028831392681493758,-0.0747905472466157,-0.0021885513026571046,-0.009445920194047656,-0.0690492666705429,0.026394999084295694,-0.057408798815151346,-0.025609622231771257,0.008447797783637686,-0.07289069997080953,0.014749845672019899,-0.036412192666314194,-0.04546720822954314,0.017552126111919076,-0.06714860017587228,-0.0025916804545539386,-0.016254784155908277,-0.058558891033394525,0.01743390731176259,-0.05428435109221078,-0.021558755820434,-0.0005892075557457285,-0.06341226261254375,0.009449359770471153,-0.03773675051178989,-0.03836507250896725,0.008301269480580017,-0.06031034688492938,-0.003768685682927788,-0.021136784016127827,-0.050176583923975386,0.009732151917279889,-0.05098467832534388,-0.018988392971744594,-0.007600002513298055,-0.055504368173491345,0.0045146039362617615,-0.03808157667880026,-0.03307065937974197,0.0007822356067896212,-0.05428881713132572,-0.005412777678194095,-0.024534354256880168,-0.04354342867019015,0.0031861707608005184,-0.04770403982303914,-0.017510011229387605,-0.01297260338273614,-0.04896803745459409,2.6508812086441236e-05,-0.03775957357394713,-0.029198278542168724,-0.005273798005928164,-0.04905908793262184,-0.0073003732277446,-0.026803294061455752,-0.038348369407445015,-0.002320575740264074,-0.044571057050692864,-0.01681987117445355,-0.017032885390941624,-0.043614291125401994,-0.003979391251058402,-0.03700661466898929,-0.02643249781729394,-0.010106098352097935,-0.04457197974398035,-0.009272515272002612,-0.028227052322575538,-0.03432503029584355,-0.006908477190113824,-0.04166533533698798,-0.016683207897815515,-0.020051921319649058,-0.0392685864305441,-0.0074992643510277505,-0.03599755649836042,-0.024517664933835375,-0.013924399992317796,-0.040764178073505755,-0.011219837062596726,-0.029029220236522504,-0.031247758379992472,-0.010695534638967136,-0.0390305530012556,-0.016920862413992602,-0.02225312483285943,-0.03577317870557413,-0.010550554626384547,-0.03485941538497954
-0.027243361361612983,0.0022490711637131646,0.014915166022712343,-0.03245761274960295,0.025534458155073082,-0.014570433258475592,-0.011290327741797657,0.022715255716918265,-0.03090472091015429,0.01567093348827865,-0.001444892336347483,-0.02119950532761751,0.024691917924664457,-0.024232417589015127,0.0038579989507168313,0.009610322120335626,-0.026148316117557826,0.021317452439923154,-0.014430490542286567,-0.007410643948674062,0.016824848543589642,-0.025927745173454166,0.013997718784193161,-0.0037868481314565286,-0.01610392582632442,0.019403500177711273,-0.021326864740331877,0.00467387638281288,0.005583965364474169,-0.020966760266606932,0.017534082587659268,-0.013840719976583399,-0.004618488161054711,0.01211159339031073,-0.021642781382944735,0.012210036795673389,-0.00528829259190119,-0.01214413888945302,0.014985162289382514,-0.018611061310378763,0.004927900527378988,0.002574922111898004,-0.01674962785220834,0.014195236679755047,-0.012975564549138667,-0.0026656606086728285,0.00837640923544015,-0.01799509432570675,0.010419654229129535,-0.006168061471104706,-0.009103871472081478,0.01132820738219159,-0.016133395261042516,0.004797198311843313,0.0003673576107727692,-0.013348446540647901,0.011289878576086355,-0.011962558573777643,-0.0013522918971579912,0.005446438495027465,-0.01492200284444754,0.0087011348725207,-0.006597508570611748,-0.006801222632754036,0.008328901944642137,-0.013916302174832116,0.004415590605425444,-0.0012154805317261112,-0.010630741543759297,0.0087928215192196,-0.010892741272937562,-0.0005189308825215213,0.0031734040858143507,-0.012358111549206074,0.007101192229762368,-0.0067093078383919725,-0.005084672185596146,0.005891086715036348,-0.011964006549455529,0.003882544396004302,-0.002317038074302538,-0.008480145181321879,0.006670488673825274,-0.009829095246334681,-3.9611120543616915e-05,0.001431503671219335,-0.010238907561069864,0.0056460655699700265,-0.0066049082458156496,-0.0038291719259715886,0.003927604275683324,-0.010268427875211907,0.003270549656351581,-0.0030526719474167174,-0.006795807166358215,0.004885095668393005,-0.008813322043989984,0.00018414554350650687,0.00011508224231733402,-0.008503120150636076,0.0043472758123850735,-0.006360784503778533,-0.002932452681714352,0.0023608796704138596,-0.008813621198879594,0.0026311433188968896,-0.003514281727408995,-0.005491363334243076,0.003397609880443491,-0.00787123124275582,0.00022845440322282525,-0.0008637472042934561,-0.007094159203482712,0.00320606533329737,-0.00603362845990276,-0.0023116270751538013,0.0011229129254835897,-0.007579058745855049,0.001999784184500486,-0.003774359975511795,-0.004493652661832151,0.0021697731025846004,-0.007016984192860997,0.00015140224351110941,-0.0015774196704690748,-0.005960880868972699,0.002216778407866475,-0.005664621246181868
-0.0058688302036692735,0.0007021248098842312,0.0035241483728580187,-0.007030572669992406,0.005890141439642306,-0.0030452841843911353,-0.002314472110097476,0.005262019212718239,-0.006684586206882963,0.00369253441604652,-0.00012089539910542196,-0.0045222506675908405,0.005702422303678532,-0.005197987740569976,0.001060596160098514,0.002342221768244872,-0.0056248525992341975,0.004950586697172255,-0.003014104752455064,-0.0014500731613320294,0.003949628296363087,-0.005575709085902174,0.0033197398512333077,-0.0006426864097376411,-0.003386948462788662,0.004524155469355309,-0.004550626521999597,0.0012423747874895548,0.001445143879245269,-0.00447039474406829,0.004107646628477947,-0.002882703049586858,-0.00082797696579019,0.0028995084884089802,-0.004621013189659489,0.0029214418161351203,-0.0009772103252016773,-0.0025047024221104323,0.0035397436384913793,-0.003945541738011304,0.0012989717204440316,0.0007747248546519068,-0.0035308117728292997,0.0033637471132655044,-0.002689945216248114,-0.00039288426921760576,0.0020673042601576856,-0.003808303436537248,0.002522542088494563,-0.001173224055930955,-0.0018273266101435641,0.0027249689955008345,-0.0033935142938587557,0.0012698510849142503,0.00028287641136209065,-0.002773023842925223,0.0027164292841554095,-0.0024642460750585195,-0.00010026389237477394,0.0014145027013257082,-0.003123614377452405,0.0021396535840451426,-0.0012689054673960343,-0.0013142932439660312,0.002056719569648299,-0.0028995428685502935,0.0011848283568112411,-6.978212974553924e-05,-0.0021675153871771463,0.002160081496537091,-0.0022258892914834533,8.541010153953401e-05,0.0009080674713943526,-0.002552375828505797,0.0017831841364740438,-0.0012938144998571996,-0.0009318434152825658,0.0015135709435951789,-0.002464568686054812,0.0010660649194703662,-0.00031521068335482494,-0.0016883595244739636,0.0016872227847676412,-0.001988907476397477,0.00019220321161478223,0.0005199696346843755,-0.0020802142304881294,0.0014589798914594282,-0.0012705541253301665,-0.0006521162100609113,0.0010761043233761894,-0.0020867913975646914,0.0009297116397150894,-0.0004791109341235073,-0.0013130866705159169,0.0012894347382871047,-0.0017625917931845545,0.0002420565077846921,0.00022666910815897964,-0.0016934783796132163,0.001169607725842839,-0.0012161630158383095,-0.0004523259144065233,0.0007270359007897356,-0.0017626584453103173,0.0007872510178186824,-0.0005819582355639991,-0.0010224547692247864,0.0009580208344823575,-0.0015526926514885847,0.00025192858339757196,8.584545141068853e-06,-0.0013795599196269757,0.0009153444427907665,-0.0011432721939342906,-0.00031400510521357826,0.00045121518704472344,-0.0014875962125399178,0.0006465833239635798,-0.0006399040312124173,-0.0008001634428201357,0.0006844570914995112,-0.0013623652198499966,0.00023476125497432187,-0.00015042267359630495,-0.001127063929426596,0.0006949299389372502,-0.0010610568731412526
-0.00609627582930713,-0.0028445976706927573,-0.0014481016721827138,-0.006671171349956088,-0.0002772752150198357,-0.004699026433779135,-0.004337379511051651,-0.0005881054249385412,-0.006499957786182073,-0.0013647747862548434,-0.003251874365199091,-0.005429912529410576,-0.0003701692027443487,-0.0057643052435046565,-0.002667205882501162,-0.002032985439820537,-0.005975541986829708,-0.0007422197517897261,-0.004683597097006108,-0.00390962628853951,-0.0012375502726773703,-0.00595122301209777,-0.0015492545067144902,-0.0035100859081383497,-0.004868101137433691,-0.0009532419101796973,-0.005443954498321132,-0.0025772515925735714,-0.0024769100401593252,-0.005404251301542594,-0.0011593539133751486,-0.004618572143047367,-0.003601778097914544,-0.0017572086231621175,-0.005478785780747389,-0.0017463547788479018,-0.0036756271585661644,-0.004431516169939598,-0.0014403842575096285,-0.0051445245110291315,-0.0025492442465556734,-0.002808671084770537,-0.004939292795589958,-0.0015274772380411618,-0.004523184724433697,-0.003386469757574438,-0.002169030087002554,-0.005076611279770044,-0.0019437528022966375,-0.003772625778353736,-0.004096312515614898,-0.0018435805821443963,-0.0048713502799768585,-0.0025636547750590407,-0.0030520653611116667,-0.00456429670210763,-0.00184780651167907,-0.004411496093738394,-0.003241664735141211,-0.002492073018568056,-0.004737788619399341,-0.0021332275718749794,-0.0038199743228506397,-0.00384243474777157,-0.0021742679872581603,-0.004626905432714619,-0.0026057288034747146,-0.0032265806443852844,-0.004264657058197244,-0.002123118691698637,-0.0042935437495951224,-0.00314978279874254,-0.0027426856574499165,-0.004455107653065385,-0.0023096287060311894,-0.0038323007132519014,-0.003653177059637847,-0.0024430484796790363,-0.00441165573980631,-0.0026644996327448494,-0.0033480324981303693,-0.0040275437846912995,-0.0023571157807062114,-0.004176271817202584,-0.0030969355607374217,-0.0029347382976570606,-0.00422145553515502,-0.002470063203036517,-0.003820790171533881,-0.003514752303766995,-0.002659531570973198,-0.004224710287391842,-0.002731974905474786,-0.0034291395616419377,-0.0038418376673583867,-0.0025539636817846177,-0.004064278086833491,-0.0030722653455318295,-0.003079879896411815,-0.004030076882151119,-0.002613260827842283,-0.003793874391043424,-0.0034158848272217318,-0.0028322702616574488,-0.004064311070054518,-0.002802472434635719,-0.0034800341915818284,-0.003698016654480402,-0.0027179659235044614,-0.003960408184641665,-0.0030673800872117866,-0.00318780040550579,-0.003874732370155883,-0.0027390846026714606,-0.0037578039122378518,-0.0033474359102520002,-0.0029687618658045087,-0.0039281948049584466,-0.002872082722149152,-0.0035087090307345616,-0.0035880144022311464,-0.0028533406515632164,-0.003866223465499953,-0.003075875446982246,-0.0032664861215339577,-0.003749783151240401,-0.0028481580975506632,-0.003717119146876535
-0.0077925894585772,-0.006204658910718221,-0.005522691462580035,-0.008073335004272528,-0.0049509278971591915,-0.007110254095140784,-0.0069336467655940984,-0.0051027192988450385,-0.007989724254726388,-0.005481999456431673,-0.006403549167715004,-0.007467176367778339,-0.00499629191955772,-0.007630474326490751,-0.00611803107559176,-0.005808314687350446,-0.007733630069831301,-0.0051779797752920685,-0.007102719304180557,-0.006724756962901697,-0.00541987040131256,-0.007721754096568956,-0.00557208862555879,-0.006529644671895458,-0.007192820349765958,-0.0052810307278271015,-0.007474033648941324,-0.006074102630672151,-0.006025101650708602,-0.007454644916128001,-0.005381683846060036,-0.007070964897462701,-0.006574421806053085,-0.005673641324796688,-0.007491043222056434,-0.00566834093831699,-0.006610485393412963,-0.00697961763633527,-0.005518922725973239,-0.007327809453134503,-0.006060425471329534,-0.006187114455060752,-0.0072275862162584905,-0.0055614538737511114,-0.0070243832283953655,-0.00646927773146836,-0.00587475098288625,-0.007294644579718473,-0.005764738655505213,-0.006657853879452331,-0.0068159236615653405,-0.005715820367572812,-0.007194407042066663,-0.006067462735568207,-0.006305974067766335,-0.007044459927886176,-0.005717884065846096,-0.006969840995161193,-0.006398563378021058,-0.006032506367730784,-0.007129183292818309,-0.005857267116190942,-0.00668097615556201,-0.006691944521159741,-0.00587730886881985,-0.007075034391607357,-0.006088009244704032,-0.006391197185141681,-0.00689813334797716,-0.005852330526881161,-0.0069122399284749095,-0.006353693582645596,-0.00615489100899849,-0.00699113834499627,-0.005943411173486876,-0.006686995647931249,-0.006599522070429633,-0.0060085656334086185,-0.00696991895701834,-0.006116709500562324,-0.006450507208842828,-0.006782341011855133,-0.005966601099680882,-0.006854971135325984,-0.006327886064341245,-0.006248678351812223,-0.006877036236022509,-0.0060217580535587055,-0.006681374568622392,-0.006531923468198681,-0.006114283388054862,-0.006878625667771426,-0.006149660500497275,-0.006490115182791897,-0.006691652941802445,-0.006062730169089621,-0.006800279909150776,-0.0063158385656540104,-0.006319557069565144,-0.0067835780293706875,-0.006091687447464904,-0.006668230466415648,-0.0064836423411812226,-0.006198638920907342,-0.006800296016238157,-0.006184087394747758,-0.006514969160849176,-0.0066214191214079045,-0.006142819328237913,-0.006749555888307395,-0.0063134528895378095,-0.006372259171302003,-0.006707716802026898,-0.006153132463223573,-0.006650615741840423,-0.006450215870010897,-0.006265293484237111,-0.006733824746677264,-0.0062180810117651725,-0.006528972285028282,-0.006567700417354391,-0.006208928474225535,-0.006703561547732688,-0.006317601529297506,-0.006410684699926437,-0.0066466988685265046,-0.006206397616179003,-0.006630747668003361
-0.008810374247490822,-0.00818422346161717,-0.007915310911148435,-0.008921077479634491,-0.007689853817760509,-0.008541316621122242,-0.008471677040010962,-0.007749708013262072,-0.00888810819353669,-0.007899265290221924,-0.00826264961878699,-0.008682057764876384,-0.007707741702286395,-0.008746449211540852,-0.008150064482110099,-0.008027937503599154,-0.008787125455125406,-0.007779384630124234,-0.008538345511782794,-0.008389307874499792,-0.007874766638979984,-0.008782442536214841,-0.007934789138619265,-0.008312371440150136,-0.008573874043290299,-0.007820019552729533,-0.008684761719400686,-0.008132742672698657,-0.008113420667618445,-0.00867711637854839,-0.007859708964314416,-0.008525824153875709,-0.008330027903639532,-0.007974833271859938,-0.008691468912978997,-0.007972743230098243,-0.008344248452263184,-0.008489804216215672,-0.007913824827647315,-0.008627102777552359,-0.008127349512347629,-0.008177305353824318,-0.008587582876246015,-0.007930595656598954,-0.008507456128439617,-0.008288567623767751,-0.008054134580490436,-0.008614025246182459,-0.008010754657270051,-0.008362926734382756,-0.008425256612995135,-0.007991465259208049,-0.008574499705812104,-0.008130124437573034,-0.008224173927518922,-0.00851537274745099,-0.00799227901412785,-0.008485949103306228,-0.008260683628436044,-0.008116340486365468,-0.008548780758655034,-0.008047240364061299,-0.008372044281354053,-0.008376369313546442,-0.008055143202869833,-0.00852742883171267,-0.008138226311335525,-0.008257779000480787,-0.008457673433631649,-0.008045293774344247,-0.008463235922795022,-0.008242990626891225,-0.008164599044910088,-0.008494347047633351,-0.008081208580899826,-0.008374417880049941,-0.008339925408468193,-0.008106900205976363,-0.008485979845128146,-0.00814954336029883,-0.008281166054782834,-0.008412014344599884,-0.008090352803567692,-0.008440653763969132,-0.008232814238579087,-0.00820158115252619,-0.008449354446854879,-0.008112102224575785,-0.008372201383093292,-0.008313270012255845,-0.008148586698651874,-0.008449981189592474,-0.008162536557345394,-0.008296784221489504,-0.008376254338339271,-0.008128258297883386,-0.00841908798812574,-0.008228063683977695,-0.008229529959785141,-0.008412502123798129,-0.00813967669564385,-0.008367018417164807,-0.00829423185868823,-0.008181849666770716,-0.008419094339452274,-0.008176111727190948,-0.008306584611005047,-0.0083485598261994,-0.008159838954863805,-0.008399086555722681,-0.008227122967157923,-0.00825031138656997,-0.008382588619594372,-0.008163905617341455,-0.008360072601020268,-0.008281051174419322,-0.00820813281074529,-0.008392883471647199,-0.00818951604770033,-0.008312106305402361,-0.00832737753406164,-0.008185907030554771,-0.008380950124922591,-0.008228758853594734,-0.008265463292916405,-0.008358528104438233,-0.008184909065777969,-0.008352238247015526
-0.016946902640130393,-0.008822425142064754,-0.005333211338424268,-0.018383307319012117,-0.002407843961533195,-0.01345580643705771,-0.012552213848055556,-0.0031844684990857226,-0.01795552182537078,-0.005125015023573305,-0.00984002595573608,-0.015281961224817231,-0.002639944149854105,-0.016117457835690963,-0.00837920305143867,-0.006794572142711935,-0.01664524320810321,-0.0035695307099059747,-0.01341725548173317,-0.011483451424007455,-0.004807138331187801,-0.016584481055962712,-0.005585946660904389,-0.01048518017088902,-0.01387824788369796,-0.004096779931324353,-0.015317045773434106,-0.008154447842367605,-0.007903739548082447,-0.015217845387327645,-0.004611760888958934,-0.013254787442314508,-0.010714277608042057,-0.006105530228925405,-0.015404073442378284,-0.006078411366111527,-0.010898793111191681,-0.012787418911278697,-0.005313928999030183,-0.0145689052517299,-0.008084470113513926,-0.008732660803569527,-0.014056123736266052,-0.005531535086118899,-0.013016457294519205,-0.010176319150620656,-0.007134486371872171,-0.014399220709696226,-0.006571620017596054,-0.011141148924210816,-0.01194989612643123,-0.006321334808279717,-0.013886366025836363,-0.008120475526365342,-0.009340793350775282,-0.01311917758884722,-0.006331893500665035,-0.012737397768142086,-0.009814516693864921,-0.007941624993958764,-0.013552655660592614,-0.007045032030347767,-0.011259451586887364,-0.011315570061092342,-0.0071475735227794785,-0.013275608575613662,-0.008225599551696858,-0.009776828352661582,-0.012370513229790325,-0.00701977449700125,-0.0124426880462413,-0.009584945165461321,-0.008567792974308383,-0.01284636338993003,-0.007485778923237098,-0.011290249678384247,-0.01084270043698613,-0.007819134777022101,-0.012737796651679501,-0.008372441353577809,-0.010080281771086845,-0.011778074076490903,-0.007604427710363858,-0.012149678366499852,-0.009452903747133975,-0.009047645923368978,-0.012262572103787783,-0.007886632389432748,-0.01126149002487092,-0.01049683938943178,-0.008360028407368526,-0.012270704262021148,-0.00854103163472784,-0.010282931750663766,-0.011314078226370448,-0.008096261854101646,-0.011869856533610999,-0.009391264003428318,-0.009410289332585949,-0.011784403144839254,-0.008244418684312145,-0.01119423962607045,-0.010249814146064887,-0.008791624505460702,-0.011869938943807818,-0.008717173171927602,-0.010410094481890285,-0.010954734365791665,-0.008506029505600397,-0.0116103324842065,-0.009379057945707543,-0.009679934022172145,-0.01139626725604911,-0.008558795562175401,-0.011104115764142736,-0.010078791166987363,-0.009132655478538374,-0.01152984577377373,-0.00889109789231806,-0.010481739975107334,-0.010679888338743143,-0.00884426990894609,-0.011375007340080137,-0.009400284019115277,-0.009876534146202393,-0.011084075499066526,-0.008831321043343894,-0.011002462880748841
-0.01717211732731605,-0.009683757825315106,-0.006467737183098414,-0.01849605657490256,-0.0037714157767308664,-0.013954361670918078,-0.01312151720167031,-0.004487233346125724,-0.01810176517993101,-0.006275841907006263,-0.010621684076463422,-0.015637534965483715,-0.00398534333712388,-0.01640761513204403,-0.00927523846457753,-0.007814678579298327,-0.016894076767202885,-0.004842146540967346,-0.013918829119725157,-0.012136435114187433,-0.005982853840948308,-0.016838072077738034,-0.006700684219266082,-0.011216324987026191,-0.014343727438961711,-0.005328114003868306,-0.015669872517415043,-0.009068080797407892,-0.008837002080261135,-0.015578439172430167,-0.005802773764864703,-0.013769081756028003,-0.011427484901100352,-0.007179586222453375,-0.015750086226152656,-0.007154590671159877,-0.011597553489708784,-0.013338306536187524,-0.006449964583019595,-0.014980308765669838,-0.009003582078454623,-0.009601021718621275,-0.01450767623826258,-0.006650532879298586,-0.013549412020062684,-0.01093164669768697,-0.008127978720557061,-0.014823909926115776,-0.007609182820955674,-0.011820933695478212,-0.012566358837945015,-0.007378494062713618,-0.014351209959140415,-0.009036768394191673,-0.010161539627548772,-0.013644089676842788,-0.007388226046643801,-0.013292201872521808,-0.01059817210002341,-0.008871921229053534,-0.014043627941086427,-0.008045528339162196,-0.011929973676003344,-0.01198169827117278,-0.008140041193605228,-0.01378827266786452,-0.009133661578297023,-0.010563434623301752,-0.012954043102366097,-0.008022248381789242,-0.013020566884689883,-0.01038657521437516,-0.009449062460180853,-0.013392635869600572,-0.008451766301434974,-0.011958360385322078,-0.011545852674489614,-0.00875902156502982,-0.013292569524882013,-0.0092690061838631,-0.010843128706991507,-0.012407989849830978,-0.008561125306083963,-0.012750498831699087,-0.010264872174416628,-0.009891344612050513,-0.012854553386658191,-0.008821234351929408,-0.011931852511466551,-0.011227071329788708,-0.009257565127657795,-0.01286204882552095,-0.009424396439309734,-0.011029911906342657,-0.011980323241859478,-0.009014450567252358,-0.012492586063563604,-0.010208058605717711,-0.010225594318557112,-0.0124138233744012,-0.009151007239057688,-0.011869867582221472,-0.010999387293634878,-0.009655368770162136,-0.012492662021332033,-0.00958674671403213,-0.011147118243231054,-0.011649114740944619,-0.00939213485371187,-0.01225338183389854,-0.010196808239360356,-0.010474126777894667,-0.012056077159757704,-0.009440769513753777,-0.011786800101514668,-0.010841754811947211,-0.009969698218219669,-0.012179196949640132,-0.009747053740899868,-0.011213154146467315,-0.01139578819056325,-0.009703892223826737,-0.01203648182039023,-0.010216372385920035,-0.01065533380409752,-0.011768328918667307,-0.00969195720883095,-0.011693106281149026
-0.016815440390718632,-0.009789594853243664,-0.006772209767563964,-0.01805760733690466,-0.004242425010907489,-0.013796427452952002,-0.01301502311517794,-0.004914030544033294,-0.017687669109835647,-0.006592166786343002,-0.010669590660649838,-0.015375640573964837,-0.004443139465806259,-0.01609815720798595,-0.009406307442049894,-0.008035958148661688,-0.016554572836485138,-0.005247022741523637,-0.013763089548145594,-0.01209078402295237,-0.00631727494976696,-0.016502027242560443,-0.006990768971898278,-0.011227503937484522,-0.014161744281440791,-0.005702974720013508,-0.015405980816693416,-0.009211944742042151,-0.008995138461142152,-0.015320194796582236,-0.006148317409921006,-0.013622591239176965,-0.01142562168805394,-0.00744009188449111,-0.01548124017455783,-0.007416640168201951,-0.011585186093852022,-0.013218422588464842,-0.006755534881306202,-0.01475900755015767,-0.00915142974718786,-0.009711968891796758,-0.014315566882991184,-0.006943715198903689,-0.013416489270683351,-0.010960408629328507,-0.008329907497482986,-0.014612268589687949,-0.007843154710694272,-0.011794769357241823,-0.012494153769718628,-0.007626714303124695,-0.014168764648317216,-0.009182566330342565,-0.010237866753412612,-0.013505319219647385,-0.0076358451969938245,-0.013175165551274518,-0.01064753088711678,-0.009027900849973774,-0.013880180246303036,-0.00825254961368595,-0.01189707454977086,-0.01194560440681789,-0.008341224939228904,-0.013640596836030404,-0.009273474965935771,-0.010614938949491086,-0.012857892951632144,-0.008230707528703564,-0.012920307933051055,-0.01044900315425645,-0.009569395304416722,-0.01326939630368405,-0.008633696535601821,-0.011923707971274906,-0.011536678548001111,-0.00892197436494705,-0.013175510495810581,-0.009400460094358576,-0.01087735789842439,-0.012345566345714997,-0.00873630104792398,-0.012666920468892461,-0.010334817028448613,-0.00998436016850851,-0.01276454815762963,-0.008980344616948913,-0.01189883734010582,-0.011237586538930412,-0.00938972568802264,-0.012771580645275456,-0.009546252765304077,-0.011052604547211204,-0.011944314305352787,-0.009161626950393484,-0.01242493752582218,-0.010281512515223166,-0.010297965145437597,-0.012351039566192525,-0.009289749282522373,-0.011840680872269188,-0.011023965268619039,-0.009762959230794406,-0.012425008792105298,-0.009698575574173147,-0.01116257170607572,-0.011633562695804041,-0.009515983796894634,-0.01220050759973645,-0.010270957020892844,-0.010531147148770618,-0.012015389328643173,-0.00956161456677564,-0.011762744003923428,-0.010876068861170858,-0.01005787431190688,-0.0121309046996786,-0.009848981335147047,-0.01122452894196185,-0.011395882705541116,-0.009808485662892278,-0.011997004283478942,-0.010289312799854056,-0.010701162033347972,-0.011745413682436413,-0.009797287806829754,-0.011674837125316834
-0.016054507938563327,-0.009441120717463709,-0.006600873823288118,-0.017223752403811195,-0.004219602260660325,-0.013212728756760274,-0.012477197433963213,-0.0048517806122484915,-0.01687553171913418,-0.006431400420420894,-0.010269455612712888,-0.01469923281071256,-0.004408533600530707,-0.015379333483148412,-0.009080334524018838,-0.007790432766714692,-0.015808954838887963,-0.005165224215849256,-0.01318134798238245,-0.011607216594053938,-0.00617264634598248,-0.015759493979332604,-0.006806602321201799,-0.010794616109882934,-0.013556599346042924,-0.005594409140552811,-0.014727791903347888,-0.008897382053795363,-0.00869330357243531,-0.014647042025468255,-0.006013607604102134,-0.013049097747707752,-0.010981103187189173,-0.007229547345033997,-0.014798633095758667,-0.007207472381957692,-0.011131300227049893,-0.0126686561659036,-0.006585177850596694,-0.014118799759914244,-0.008840419643859131,-0.009368051854973025,-0.013701391659221969,-0.006762310880496604,-0.012855095172870477,-0.010543200861945462,-0.008067125565720345,-0.013980675236562332,-0.007608948020709864,-0.011328579724366683,-0.011986906172256777,-0.007405213933771104,-0.013563207576232493,-0.008869728327069672,-0.009863076429462013,-0.012938710283136734,-0.007413808790647649,-0.012627938570355674,-0.010248690877193763,-0.008724142616999562,-0.013291564770208725,-0.007994309043150096,-0.011424879002412984,-0.011470559872384396,-0.008077778607296447,-0.013066046310482677,-0.008955300092875353,-0.010218012277350518,-0.012329291732065796,-0.007973749216587696,-0.012388042588218172,-0.010061817885960278,-0.00923384817289431,-0.012716637425247345,-0.008353080406584563,-0.011449948885957894,-0.011085640358476607,-0.008624434637552079,-0.012628263264625513,-0.009074830449912337,-0.01046502569576302,-0.011847041701015512,-0.008449661432597611,-0.012149530453484346,-0.009954335155060985,-0.00962445216706869,-0.012241426824629437,-0.008679378213613137,-0.01142653830662235,-0.01080410680352287,-0.009064726216150079,-0.012248046464028193,-0.009212064236481956,-0.010629984339024593,-0.011469345507437468,-0.008850018211463745,-0.011921753327601184,-0.009904159929216382,-0.009919646693597014,-0.01185219361136869,-0.00897061901168333,-0.01137179596434289,-0.010603026353960349,-0.009416048762181972,-0.011921820410135743,-0.009355444803601391,-0.010733495781070412,-0.011176836838898705,-0.009183572233945444,-0.011710498753715248,-0.00989422410427628,-0.010139139546493868,-0.011536248010240986,-0.009226524210161026,-0.011298434447010756,-0.010463812332552206,-0.009693650599332486,-0.011644981951881387,-0.00949702086477424,-0.010791815764035942,-0.010953110057270536,-0.009458902525853886,-0.011518942274995322,-0.009911502291416591,-0.010299173560772054,-0.011282121516979993,-0.00944836204958059,-0.011215688217461203
-0.015037151150014704,-0.008847020533160988,-0.006188549363808121,-0.016131564000940155,-0.003959679117130731,-0.012377245759401315,-0.011688788421476989,-0.0045513980712232685,-0.015805629430715104,-0.0060299222541654535,-0.009622342017396973,-0.013768613593888594,-0.004136518856331786,-0.014405187841583707,-0.008509324646391201,-0.0073019765668553135,-0.014807313442113026,-0.004844781292625426,-0.012347873353739509,-0.01087448633191885,-0.005787728433530441,-0.01476101807623868,-0.006381111243389558,-0.0101138922568753,-0.01269910864022022,-0.005246498393693309,-0.013795344905363518,-0.008338081129340487,-0.008147063665297632,-0.013719763017495957,-0.00563886816685219,-0.012224087130526374,-0.010288444166250566,-0.006776987797073995,-0.013861652263365682,-0.0067563256310407445,-0.010429028599600598,-0.011867993799723557,-0.006173857932946717,-0.01322532824272734,-0.008284764312107848,-0.008778628075904106,-0.012834634249250815,-0.0063396544536980255,-0.012042500715259884,-0.00987856757804259,-0.007560961034167823,-0.013096043685154306,-0.007132106839712737,-0.010613682214396063,-0.011229875787330605,-0.006941411728857474,-0.012705293943855422,-0.008312197240381337,-0.009241971090942288,-0.012120764460718404,-0.006949456515125129,-0.011829882129195366,-0.009602906224392489,-0.008175929011839361,-0.012451036270109805,-0.0074928047670832585,-0.010703818341237913,-0.010746575636760002,-0.007570932281369628,-0.01223995098573963,-0.008392292415477391,-0.009574191054113937,-0.011550348680522245,-0.007473560768867779,-0.011605339483461307,-0.009427993099570939,-0.008653013425868262,-0.011912904259760028,-0.007828614772909106,-0.010727283752910346,-0.010386290961387722,-0.00808260234039431,-0.011830186043040671,-0.008504172832879454,-0.00980539562039286,-0.011098962638486337,-0.00791901461585541,-0.01138209211893431,-0.009327389260557845,-0.009018618774922986,-0.011468107124798187,-0.008134029529065476,-0.01070537145002252,-0.010122775546377586,-0.008494715269806169,-0.011474303107453497,-0.008632623660800295,-0.009959796914923191,-0.01074543899113701,-0.008293748571643975,-0.011168892722980318,-0.00928042524781755,-0.009294920859694425,-0.0111037848267155,-0.008406630923893748,-0.01065413261617634,-0.009934564240177869,-0.00882355318234283,-0.011168955512234468,-0.00876682787548112,-0.010056683627462603,-0.010471650869516052,-0.008605955145659667,-0.010971158436140193,-0.009271125315406335,-0.009500366175910383,-0.010808059735560822,-0.00864615819655289,-0.010585466233979988,-0.009804259912394898,-0.009083388509383384,-0.010909834707861252,-0.008899343072547396,-0.010111271133087185,-0.010262242595893688,-0.008863664306292537,-0.010791861566905347,-0.00928729769903446,-0.009650158017579786,-0.010570197331032365,-0.008853798420217183,-0.010508015760895679
-0.013868419013277351,-0.00813684577445702,-0.005675310929141757,-0.014881759085861094,-0.0036115526905228477,-0.011405556192075285,-0.010768098939820699,-0.004159437821241356,-0.014579969353795987,-0.005528434723637478,-0.008854732382282448,-0.012693853182738146,-0.003775292356048665,-0.013283270781242064,-0.007824165989930406,-0.006706256793674015,-0.013655607404376179,-0.004431087568975144,-0.011378359658646309,-0.01001411936269844,-0.00530418232786738,-0.013612741543128543,-0.0058536080579326966,-0.009309869175431685,-0.011703575860553445,-0.004803045953793114,-0.012718604271038464,-0.007665607985196701,-0.007488740863511986,-0.012648621397872305,-0.005166349449431224,-0.011263743368907394,-0.00947149049079397,-0.006220158556042769,-0.012779999660277479,-0.0062010270182413195,-0.009601660599610403,-0.010934029000717018,-0.0056617078216829346,-0.012190813752313064,-0.007616240813202358,-0.008073519747590411,-0.011829061896628303,-0.005815222337005186,-0.011095608655329454,-0.009091977063759717,-0.00694605600535414,-0.012071106438163538,-0.006548970810156115,-0.009772635298291487,-0.010343181997734124,-0.006372402162125319,-0.01170930296438757,-0.007641641543378666,-0.008502538873318807,-0.01116807471732475,-0.00637985100037086,-0.01089874059657715,-0.00883673636928129,-0.007515467900146302,-0.011473880391132434,-0.006882948671977977,-0.009856094250038172,-0.009895684136899605,-0.006955288594641338,-0.011278432048942232,-0.007715803364922347,-0.008810148384034483,-0.010639914647184766,-0.006865130245840176,-0.010690831798052086,-0.008674780596875443,-0.007957210478673048,-0.010975612548273724,-0.007193882279336624,-0.009877821372437404,-0.009562088913868526,-0.007429054755475936,-0.010899021996852921,-0.007819395816523253,-0.009024225596099986,-0.010221966736382032,-0.00727758541141818,-0.010484122327871236,-0.008581629368395693,-0.008295732226325073,-0.01056376544629011,-0.007476672280303747,-0.009857532306405284,-0.009318094401607909,-0.007810638858266555,-0.010569502438055465,-0.007938331162703335,-0.009167189029756747,-0.009894631692607552,-0.007624559529674621,-0.010286716484922534,-0.008538144392832007,-0.00855156618733948,-0.010226431702748263,-0.007729079694003358,-0.009810089183305178,-0.009143825560992391,-0.00811511685656163,-0.010286774622824794,-0.008062593691721257,-0.009256898491989456,-0.009641125463398584,-0.007913638218860932,-0.01010363011453733,-0.008529533388148871,-0.008741792363384676,-0.009952613568136532,-0.007950863076441666,-0.009746509523526809,-0.009023174019974836,-0.008355703897311785,-0.010046849173768278,-0.00818529232350362,-0.009307442221318843,-0.009447229901031346,-0.008152256597035473,-0.009937615340194323,-0.008544507741187323,-0.00888048780686505,-0.009732371722414429,-0.008143121563850102,-0.009674796487673354
-0.012618788863956548,-0.007385213451108852,-0.005137553392077434,-0.013544083101288688,-0.003253108419352841,-0.010369916212559917,-0.00978784555531962,-0.0037533895864453526,-0.01326851490111492,-0.005003438784127703,-0.00804072521783995,-0.011546277252337285,-0.0034026212759276616,-0.012084482265672287,-0.007099701399843535,-0.00607892371114598,-0.01242446776615217,-0.004001436567859907,-0.010345082697792185,-0.009099376820437237,-0.004798670952352402,-0.01238532638068462,-0.005300358861106677,-0.008456316649870304,-0.010642041917755186,-0.004341076693925282,-0.011568877798779301,-0.006954919986345396,-0.006793420275738753,-0.01150497551068811,-0.004672813926086093,-0.010240425046062887,-0.008603895212862941,-0.005635060974216339,-0.011624938741594655,-0.005617591713740093,-0.008722755262731134,-0.009939358490909015,-0.005125132214545823,-0.011086945287958954,-0.006909842167954892,-0.007327389617513274,-0.010756624878783922,-0.005265308351084406,-0.01008689901291936,-0.008257356477717888,-0.006297887546375217,-0.010977638954432987,-0.005935303797062098,-0.008878874523874961,-0.009399848269418335,-0.005774076626700768,-0.010647271412095429,-0.00693303591099541,-0.007719132661612572,-0.010153068733608916,-0.005780878259528575,-0.00990713618185534,-0.008024292820093685,-0.006817825086766942,-0.010432303943360616,-0.006240263404701359,-0.008955081997747073,-0.00899123204762728,-0.0063063179458967885,-0.010253837474287104,-0.0070007540521811774,-0.00800001497872853,-0.009670798780498896,-0.006223993163871352,-0.009717291905120698,-0.007876408859946216,-0.0072211860840803695,-0.009977328978766997,-0.006524180998474475,-0.008974921320886203,-0.008686621832534184,-0.0067389201002214395,-0.009907393132173007,-0.007095345691346327,-0.00819549171553938,-0.00928916500933584,-0.006600611436643411,-0.009528542750976777,-0.007791351239859254,-0.007530294774034145,-0.009601265936913999,-0.006782400292618107,-0.008956395106056364,-0.008463827212797327,-0.007087349596816264,-0.00960650446005517,-0.007203947130698206,-0.00832603351970837,-0.008990271046809396,-0.00691743809810908,-0.009348288862042534,-0.007751644532912381,-0.007763900151187455,-0.00929324202924291,-0.007012876844049323,-0.008913074162186417,-0.008304700027037318,-0.0073653724884784055,-0.00934834194853086,-0.007317412891233496,-0.008407948417464702,-0.008758791152387797,-0.007181399676730572,-0.00918111027310196,-0.0077437817105228245,-0.007937598191210244,-0.009043215065059736,-0.007215390187060574,-0.008855018733020904,-0.00819453150745619,-0.0075850557008626815,-0.009129262844281802,-0.007429450636496331,-0.008454100565935957,-0.008581742547130105,-0.00739928527725112,-0.009029519984542751,-0.007757454990549074,-0.00806424283703916,-0.008842109319634656,-0.007390943957497812,-0.00878953661047185
-0.011335132302267348,-0.0066328288517617925,-0.004613333799640999,-0.01216649784909002,-0.0029201830568853643,-0.009314547750748303,-0.008791564389648747,-0.0033696795621744767,-0.011918903194134694,-0.004492833465934702,-0.007221798150834035,-0.010371493746559523,-0.0030545185285097576,-0.010855064363517065,-0.006376299768311497,-0.005459143509135742,-0.011160537174342296,-0.0035925467389289795,-0.009292235141686854,-0.00817298365807941,-0.004308852075402753,-0.011125369118582595,-0.004759612520856717,-0.00759520196575557,-0.009559049366100917,-0.003897709235070092,-0.010391800060911411,-0.006246215440379566,-0.0061011099271243265,-0.010334384637212968,-0.004195771077767828,-0.009198201522597241,-0.007727799498271746,-0.0050603382727974315,-0.010442170131856048,-0.005044642356079852,-0.007834593798254585,-0.00892769690778716,-0.004602173523661627,-0.009958789598698881,-0.0062057135722993675,-0.006580874845028564,-0.009662000754112231,-0.004728120066613085,-0.009060260260946362,-0.007416438686310168,-0.005655879835014751,-0.009860579195913915,-0.005330102774210996,-0.007974865043523132,-0.008442953577277238,-0.005185242135030332,-0.009563748002757637,-0.0062265528665344,-0.006932851175293644,-0.009119712945081505,-0.005191353318875462,-0.008898745557497185,-0.007207033842588347,-0.006123037351123047,-0.009370602363259125,-0.005604105249028999,-0.008043336526032669,-0.008075816903380505,-0.005663454445798443,-0.009210252425191206,-0.0062873967875330256,-0.007185220499277779,-0.008686399295101928,-0.005589486636787798,-0.008728172798507879,-0.007074161914466557,-0.0064854522701495495,-0.008961812926376222,-0.005859201731938398,-0.008061161915043748,-0.007802128353488735,-0.006052142186493495,-0.008898976424212588,-0.006372386217539774,-0.007360853954705351,-0.008343506022834542,-0.005927873545139592,-0.008558583993762248,-0.006997738683907033,-0.006763182644643188,-0.008623924886209286,-0.006091208607172861,-0.008044516337776378,-0.007601950114617681,-0.0063652018244751436,-0.008628631635133131,-0.006469963281537089,-0.007478144167945072,-0.008074953455908097,-0.006212538422570206,-0.00839662808082713,-0.006962062693717585,-0.00697307421673137,-0.00834716917531912,-0.006298288967645956,-0.008005592999949102,-0.007458976285897905,-0.006615001989687833,-0.00839667577838712,-0.00657191087857936,-0.0075517437009568296,-0.007866971604038864,-0.006449704670123591,-0.008246420164897211,-0.0069549980440399735,-0.007129139779661855,-0.008122523008281613,-0.006480244727617908,-0.00795343090743097,-0.0073599912194953635,-0.006812384667135608,-0.008199835884704673,-0.006672575421377956,-0.007593210841464994,-0.007707895599255084,-0.006645472215314223,-0.008110218146062206,-0.006967283318785289,-0.007242928443833472,-0.007941831957512118,-0.006637977641611996,-0.007894596021809001
-0.010049181822936827,-0.005901146869382269,-0.004119693130188361,-0.010782552900260792,-0.0026261169421539316,-0.008266767005489808,-0.007805428581714716,-0.0030226305306675343,-0.010564142647949755,-0.004013396375546766,-0.006420693356510728,-0.009199128981017591,-0.0027446180635012363,-0.009625700307765158,-0.005674855304842609,-0.004865805812189523,-0.009895166519378404,-0.0032192279746454016,-0.008247084421567678,-0.007259761011947584,-0.0038511011841022313,-0.00986414378210182,-0.004248729730006015,-0.006750083429352288,-0.008482448800031192,-0.0034884204488935693,-0.00921704175559628,-0.005560104237658017,-0.005432102557785253,-0.009166393985438299,-0.0037513492357837837,-0.008164134704923803,-0.0068670514654268315,-0.004514008426630741,-0.009261474620699638,-0.0045001626142841126,-0.0069612577398265795,-0.007925514928650243,-0.004109848334900048,-0.008835070972251939,-0.005524376393581332,-0.005855316769692835,-0.00857326513302263,-0.004220949344849936,-0.00804245281414669,-0.006592391281374928,-0.005039352493081054,-0.008748436796503264,-0.004751975327931288,-0.007084994975093691,-0.007497909118089159,-0.004624189658409886,-0.008486593600402177,-0.005542759324798804,-0.0061658050518998125,-0.00809489770939238,-0.0046295805066322564,-0.007899976123207454,-0.006407669342362601,-0.0054514453590624274,-0.008316214365586877,-0.004993680665510754,-0.007145395607626397,-0.0071740474677119,-0.0050460342716223665,-0.008174765147154466,-0.0055964314694551594,-0.006388427174889042,-0.007712659475538215,-0.004980785173931527,-0.0077495090651242896,-0.006290459254158677,-0.005771141815838298,-0.007955609634164905,-0.005218708492569269,-0.007161119887749304,-0.0069326190521942525,-0.005388906727939043,-0.007900179777270868,-0.005671403050949494,-0.0065433584165231415,-0.007410183615850576,-0.005279285842474643,-0.007599909980926354,-0.0062230441596287005,-0.00601613563922491,-0.007657549031366119,-0.005423368323238865,-0.007146436352955368,-0.006756036162442879,-0.005665065494501716,-0.007661700987797518,-0.005757478540629467,-0.0066468234330515664,-0.007173285796260066,-0.005530396787155289,-0.007457044086612902,-0.00619157335901659,-0.006201286935104101,-0.00741341498632808,-0.005606039769792304,-0.00711210097508876,-0.006629914901827638,-0.005885421289828906,-0.007457086161980459,-0.005847409401198827,-0.00671174766406121,-0.006989819118632993,-0.0057396078461627725,-0.0073245414329377355,-0.006185341431599358,-0.006338956784975704,-0.00721524824467438,-0.005766548095192506,-0.007066087317039429,-0.006542597373378147,-0.006059538135731637,-0.007283448120998444,-0.005936208443308131,-0.006748327002264773,-0.0068494936728041,-0.00591229993819163,-0.007204393777470805,-0.006196178620137692,-0.0064393329859738346,-0.007055855555054193,-0.005905688762625006,-0.007014187399346522
-0.008782981826769166,-0.005201414692075594,-0.003663241500259466,-0.009416201598899466,-0.0023736324569120773,-0.00724397880436488,-0.006845642108781277,-0.0027159969868596327,-0.0092276180912106,-0.0035714609421851713,-0.005650010387164958,-0.008049014694027943,-0.002475950717581061,-0.00841733218932111,-0.005006026167270827,-0.004307462846162909,-0.008649999304769921,-0.0028857465072952082,-0.007226984131829409,-0.006374492502707842,-0.0034313292580732896,-0.008623213123481157,-0.0037746564835598084,-0.005934417985604482,-0.0074302064604793005,-0.0031181772677563503,-0.008064481247574517,-0.004906945842369717,-0.004796424447311314,-0.008020750085452102,-0.0033451997283756546,-0.0071553622717702835,-0.006035412523621875,-0.004003707943348325,-0.008102846230304012,-0.003991752955743574,-0.006116753712895829,-0.00694932911198291,-0.003654741139089127,-0.007734673514670307,-0.004876097097464889,-0.0051618432852129905,-0.007508620648685886,-0.003750669869276609,-0.007050297616873577,-0.0057982607398438185,-0.004457309483323866,-0.007659870356047732,-0.0042091773866837915,-0.006223593028410942,-0.006580118405019797,-0.004098842502969643,-0.007433785234755505,-0.004891969601680749,-0.005429930376983285,-0.007095580483411008,-0.004103497161148165,-0.006927277960713115,-0.005638764970586503,-0.004813125738916361,-0.007286673487944935,-0.004417874734475618,-0.006275745173418414,-0.006300484251458762,-0.004463078778590859,-0.007164540989632333,-0.004938312120849975,-0.005622150569937706,-0.006765541823822991,-0.004406740289047115,-0.006797359125380523,-0.005537561435788423,-0.00508916350993014,-0.006975313996248948,-0.00461217210149603,-0.0062893220997306334,-0.006092026008439818,-0.004759127566676203,-0.00692745380318034,-0.0050030453632943315,-0.0057559239468226945,-0.006504372954653484,-0.004664476830833471,-0.006668189730873748,-0.005479352744286458,-0.0053007002582626216,-0.0067179574235382246,-0.0047888829854508645,-0.006276643791512901,-0.005939557796005692,-0.0049975732821422245,-0.006721542376622246,-0.0050773661316562925,-0.005845259477245644,-0.0062998265960942665,-0.0048812953284354185,-0.006544834022093332,-0.005452179688505372,-0.00546056675015382,-0.006507163039701424,-0.004946608283513284,-0.0062469973535485964,-0.005830660024636002,-0.005187836643786952,-0.006544870351525294,-0.005155015770151724,-0.005901317464854966,-0.006141414666045928,-0.005061935911638205,-0.006430426319415707,-0.0054467988113736055,-0.0055794360015606346,-0.006336058529483157,-0.005085197121248474,-0.006207267455594074,-0.005755266833961613,-0.005338175582552967,-0.006394944830675755,-0.005231688154635471,-0.005932901421351391,-0.006020252474654241,-0.005211044665097964,-0.006326686380155529,-0.005456156041661194,-0.005666104534161169,-0.006198432973033862,-0.005205336331056368,-0.006162455142876475
-0.007552117998866059,-0.004539768706339655,-0.0032460571125328772,-0.008084700262678247,-0.00216140541028424,-0.006257708459302257,-0.005922679345508685,-0.002449358004997193,-0.007926088299086698,-0.0031688632225999906,-0.00491706916558358,-0.006934800134952887,-0.0022474622475701094,-0.00724458099474023,-0.004375433245819584,-0.003787892471910743,-0.007440270365973068,-0.0025921292636558848,-0.006243414747118828,-0.005526409464433056,-0.0030510026426862555,-0.007417741307820542,-0.0033397649319035017,-0.005156275913838973,-0.006414338986400593,-0.002787619843758161,-0.006947808591832707,-0.004292099739732819,-0.004199143490780168,-0.006911027615705037,-0.0029785616641723905,-0.006183175736829553,-0.005241219407484179,-0.003532413283001662,-0.006980076234525622,-0.003522358299498912,-0.005309633055685588,-0.0060098873913144064,-0.0032389077122858033,-0.006670417144591628,-0.0042661537804935725,-0.004506486376291404,-0.0064802908213054955,-0.0033195905060589663,-0.006094808989273192,-0.005041758115480136,-0.003913924009074122,-0.0066075024389666195,-0.003705227503422617,-0.005399492417356744,-0.005699355277832561,-0.0036124281235986964,-0.0064173489867031435,-0.004279503670373372,-0.004731966433165671,-0.00613289505770292,-0.0036163430177619813,-0.005991340825682978,-0.004907610981107255,-0.00421319044901345,-0.006293617684242144,-0.0038807566180057594,-0.00544335603102329,-0.005464163331690843,-0.003918776391247154,-0.006190895682657237,-0.004318480981026311,-0.004893637104265649,-0.00585530938491575,-0.003871391768053814,-0.005882069968267243,-0.004822491706503389,-0.004445357585061024,-0.0060317425024407475,-0.004044174338258477,-0.005454775178796656,-0.00528883532100059,-0.004167774196901433,-0.005991488721537453,-0.0043729261805009485,-0.005006149901614857,-0.005635648038726858,-0.004088166286053951,-0.005773429443177144,-0.004773534112223969,-0.004623274834750442,-0.005815287565097099,-0.004192800592142339,-0.005444111831900218,-0.005160598855066523,-0.0043683237762551855,-0.005818302762210615,-0.004435435162065614,-0.0050812873517160325,-0.005463610197379113,-0.0042705258575195144,-0.005669678635751452,-0.004750679665474938,-0.004757733772873441,-0.005637994696043103,-0.004325458635999584,-0.005419177097168422,-0.005069008187571956,-0.004528348614905384,-0.005669709191353107,-0.004500743957012064,-0.00512843605309863,-0.0053303746478381205,-0.004422457264232913,-0.005573453729373982,-0.004746153970210416,-0.004857711154816079,-0.005494083795892358,-0.004442021573843095,-0.005385761464989943,-0.005005597223586568,-0.004654794212265301,-0.005543611307472061,-0.004565230812757038,-0.005155000376879017,-0.005228468742463845,-0.0045478681894234665,-0.005486201160628299,-0.0047540240575148765,-0.004930605472595176,-0.005378331045207411,-0.004543067079918876,-0.005348071165343254
-0.006367606052977981,-0.003919893811256073,-0.00286867650611992,-0.006800360690725766,-0.001987332746886785,-0.005315821625570261,-0.00504359062460357,-0.002221311287444198,-0.0066714790746629175,-0.002805951897840382,-0.004226472784414965,-0.005865998720693276,-0.0020572590249021178,-0.006117714019657389,-0.0037863615148978963,-0.0033089498321373953,-0.006276723225770987,-0.002337321392398472,-0.005304207137709298,-0.004721597872521018,-0.0027101831949920673,-0.006258417031475651,-0.0029448196602978247,-0.004420842437183936,-0.005443093207108673,-0.0024961690689427633,-0.005876568862485811,-0.003718648104802909,-0.0036431156461101373,-0.0058466821405994945,-0.0026513206087871353,-0.005255259373490824,-0.004489864057540459,-0.003101357857412087,-0.005902788233601541,-0.0030931875876923525,-0.00454545419930088,-0.0051144523277350425,-0.0028628671949125013,-0.005651171879856516,-0.003697565475968768,-0.0038928499465574326,-0.005496682979736057,-0.002928426744233312,-0.005183456156549322,-0.004327789942364227,-0.0034113579217713527,-0.005600049954678473,-0.0032417796484432455,-0.004618470253628144,-0.004862126590642379,-0.0031663746552099714,-0.005445539010656893,-0.0037084130522991414,-0.004076065849455737,-0.0052144033432403826,-0.0031695557386229385,-0.0050993821445227,-0.0042187874492565875,-0.003654529631769724,-0.005344999997976866,-0.003384407451802473,-0.004654112038066667,-0.00467101920241428,-0.0034153007697259085,-0.005261532286779709,-0.003740084426090785,-0.0042074328465568364,-0.004988848540849614,-0.0033767979564739816,-0.005010593100030575,-0.004149622996458473,-0.00384317918261665,-0.005132210900149224,-0.0035171940298295485,-0.004663390772064828,-0.00452855480788075,-0.0036176262366211217,-0.005099502318665318,-0.0037843243758163008,-0.004298856159286636,-0.004810360685064227,-0.0035529400933499134,-0.00492231623789182,-0.004109842051021537,-0.0039877474872149,-0.004956328441487584,-0.0036379616652347,-0.0046547261710502994,-0.004424355083007968,-0.003780584649735512,-0.004958778467752555,-0.0038351166261615718,-0.004359909788386258,-0.0046705697480201635,-0.003701118047539635,-0.004838012561005993,-0.0040912714592166045,-0.004097003339339727,-0.004812267483141844,-0.0037457541840896216,-0.004634465222030036,-0.0043499322401423885,-0.003910614310477529,-0.004838037389242349,-0.0038881838907311667,-0.004398220901191734,-0.004562307971587683,-0.003824571315405037,-0.004759824124531169,-0.004087594063727058,-0.00417824088449541,-0.004695331351966708,-0.0038404684758878834,-0.004607313041454209,-0.004298407075649845,-0.004013358848548722,-0.004735575388970128,-0.00394058328101062,-0.0044198059878454085,-0.004479503386904488,-0.003926475121048086,-0.004688926243873587,-0.004093988975859705,-0.004237471835707652,-0.004601275385227569,-0.003922573935173862,-0.004576687440343391
-0.005237074909587596,-0.0033443200836547338,-0.002531439960948443,-0.005571713277235636,-0.0018499188143201904,-0.004423756245373809,-0.004213246802284306,-0.0020308485838641897,-0.005472052338086443,-0.0024829365858367,-0.003581389956936823,-0.004849194470571083,-0.0019039910610153075,-0.005043839633002553,-0.003241062889429959,-0.0028718923427050753,-0.005166797486098693,-0.0021205563045130485,-0.004414775051598306,-0.003964257838209462,-0.00240888103657738,-0.005152641762641353,-0.002590319562919382,-0.0037316911614748865,-0.004522172184982573,-0.002243389250822098,-0.004857368097579845,-0.0031887017983045184,-0.003130294431920328,-0.0048342574409767445,-0.0023633640668097667,-0.004376924966378335,-0.003785063858966325,-0.0027113666463879915,-0.0048776428833027415,-0.0027050487805957606,-0.003828050329065976,-0.0042680423898904555,-0.0025269477654869983,-0.004683074232741311,-0.003172399127267869,-0.0033234077376086074,-0.004563611819524652,-0.0025776433297971454,-0.004321401329626031,-0.0036597359881367017,-0.002951081964166821,-0.004643542923079008,-0.0028199513150063047,-0.003884511822718222,-0.0040729251908796634,-0.0027616425144827133,-0.004524063463863429,-0.0031807872874849968,-0.0034650840255673826,-0.0043453320172126345,-0.0027641023669437007,-0.004256388993091333,-0.003575447078945701,-0.0031391205823444127,-0.004446319152991829,-0.0029302418379357773,-0.003912072725650756,-0.003925146614143985,-0.0029541308701479642,-0.004381775653766261,-0.0032052779708938795,-0.003566666847883333,-0.004170916114288877,-0.002924357604993516,-0.004187730639552923,-0.0035219639326896923,-0.003284998574736361,-0.004281774651005828,-0.0030329223867747415,-0.00391924773922229,-0.003814982451183698,-0.0031105841073167406,-0.004256481920758448,-0.0032394876205882775,-0.003637362215346286,-0.004032895907236049,-0.003060563926120346,-0.0041194683438535735,-0.0034912023197956185,-0.0033967896388741843,-0.004145769132565242,-0.0031263089870594216,-0.003912547619369356,-0.0037344074028785542,-0.003236595783685873,-0.004147663676767638,-0.0032787640009251146,-0.0036845734639355935,-0.003924799062271261,-0.00317514624225574,-0.004054278413211529,-0.0034768421443386833,-0.0034812744642739213,-0.004034370386630306,-0.0032096622533398502,-0.0038968803328385234,-0.0036768580747376066,-0.0033371444771510533,-0.00405429761226744,-0.0033197995930184473,-0.0037141984919161746,-0.003841082930810281,-0.0032706095751371587,-0.003993817245453607,-0.003473998506127843,-0.003544093431724192,-0.003943946593001707,-0.0032829024528331784,-0.003875884228826173,-0.0036370149501709537,-0.0034165942657976497,-0.003975066303053759,-0.0033603187345812666,-0.003730889701052417,-0.0037770522107783253,-0.003349409246366535,-0.003938993682668854,-0.0034789435321787685,-0.0035898952489642356,-0.003871215459856722,-0.0033463925566329803,-0.0038522022153478176
-0.003955060267923649,-0.0028540484654547044,-0.0023811976784274273,-0.0041497187558014155,-0.001984758152404794,-0.0034819543821540473,-0.0033595014483682483,-0.002090004647596135,-0.004091746181252928,-0.002352983359422171,-0.0029919515498463937,-0.003729430970640767,-0.002016211873183445,-0.0038426556832101355,-0.002793983956320367,-0.0025792381670089164,-0.00391418002730915,-0.0021421874542934057,-0.003476730039195515,-0.0032146650520347682,-0.002309905390392217,-0.0039059456704946924,-0.0024154478284238627,-0.0030793814683199323,-0.003539202742890317,-0.0022136391403572058,-0.0037341855535811064,-0.0027635256114098747,-0.00272955015993616,-0.003720742129565384,-0.002283428257569658,-0.003454712718208839,-0.003110428262686824,-0.002485860681545342,-0.003745979357019138,-0.0024821855912968032,-0.0031354334087721693,-0.0033913759351485726,-0.0023785845770609515,-0.003632799151255822,-0.002754042379362495,-0.0028418837944161547,-0.003563308097739084,-0.0024080740882610014,-0.003422414726655626,-0.003037525283879883,-0.0026253026158576773,-0.0036098038652795732,-0.0025490241721770565,-0.0031682769498607567,-0.0032778766398187166,-0.0025151060562728263,-0.0035403028961384034,-0.0027589217558530586,-0.002924296615683548,-0.0034363351611001983,-0.002516536947667091,-0.003384597176886332,-0.002988494589272732,-0.002734684314478597,-0.0034950791816500478,-0.0026131799549451566,-0.0031843090735144187,-0.0031919141290334893,-0.002627076158539415,-0.0034575343536319917,-0.0027731679387787422,-0.002983387145933732,-0.003334877769457998,-0.0026097571080824027,-0.0033446587461143395,-0.002957383547074218,-0.0028195412590460746,-0.003399363964741977,-0.002672909030579646,-0.003188482764959765,-0.0031278318496138035,-0.00271808470243384,-0.003384651232729629,-0.0027930676254977007,-0.0030245105037453954,-0.0032545916833456694,-0.0026889880602780224,-0.0033049507014173375,-0.00293948957665855,-0.0028845699037178133,-0.003320249819078557,-0.0027272318344088247,-0.0031845853182672695,-0.0030809615006636985,-0.002791385449593701,-0.003321351871757836,-0.002815914619580943,-0.0030519731952646225,-0.0031917119587848144,-0.002755640370810169,-0.003267029845501068,-0.00293113629051341,-0.0029337145624026974,-0.0032554493851427177,-0.002775718267353914,-0.003175471688151648,-0.0030474851683679333,-0.0028498744291018813,-0.003267041013554566,-0.0028397849437227893,-0.0030692060164457897,-0.003143014447869658,-0.0028111712059534165,-0.0032318597017611268,-0.0029294821516945894,-0.002970256233639791,-0.0032028500401852767,-0.002818321949010143,-0.003163258295266983,-0.0030243085002680356,-0.002896090216696269,-0.003220952315021551,-0.0028633548495950864,-0.0030789152603503318,-0.0031057679025116125,-0.0028570088215101254,-0.003199968941873796,-0.0029323586637346006,-0.00299689906168328,-0.003160542481434184,-0.0028552540189569773,-0.0031494825140677214
-0.00295769309844055,-0.0023090471854716717,-0.002030473668129189,-0.0030723734609066702,-0.001796916790975592,-0.0026789692931935764,-0.002606827836714097,-0.00185892131155119,-0.0030382197184482913,-0.0020138515913549707,-0.002390290885017749,-0.0028247667109119203,-0.0018154473166111804,-0.0028914714881817976,-0.0022736610086140727,-0.0021471464896490712,-0.002933609068699618,-0.001889664092160378,-0.0026758914436188484,-0.002521499472095133,-0.001988472800239725,-0.0029287579109902743,-0.00205065167145662,-0.0024417990152320592,-0.0027126963750763312,-0.0019317588671992011,-0.0028275678078531225,-0.002255716894938194,-0.0022357007264554593,-0.0028196478000706883,-0.0019728741627374063,-0.002662920242728444,-0.002460089805786448,-0.0020921344324000605,-0.0028345159644317195,-0.002089969303684672,-0.0024748212426112647,-0.0026256062508343402,-0.002028934195511605,-0.002767837407732576,-0.002250129979615874,-0.0023018805373630213,-0.002726897712308371,-0.002046307534173796,-0.002643892326614269,-0.0024171400216512202,-0.0021742847241456587,-0.002754290052261366,-0.0021293463314507655,-0.002494170561707359,-0.0025587397069194895,-0.0021093639414277447,-0.002713344515183831,-0.002253004596955437,-0.002350432913978291,-0.0026520933585096364,-0.0021102069313509325,-0.002621612638929412,-0.0023882542643908202,-0.002238725442769158,-0.00268670158773622,-0.002167142825723152,-0.0025036156661656767,-0.002508096079699196,-0.002175329582347365,-0.0026645825703084133,-0.0022613975390741595,-0.002385245284614097,-0.002592321136012455,-0.002165126302718344,-0.002598083463463217,-0.0023699256231128466,-0.0022887177409055565,-0.0026303122882599312,-0.002202331386562229,-0.0025060745388970555,-0.0024703428889104157,-0.002228946010354759,-0.002621644485183692,-0.0022731211649523455,-0.0024094725434974954,-0.002545021696071621,-0.002211804125069636,-0.002574690016774509,-0.0023593836373222475,-0.0023270284697257575,-0.0025837032808655267,-0.0022343349169565373,-0.002503778411950521,-0.002442729869487976,-0.0022721301342271735,-0.0025843525399967073,-0.0022865811563007464,-0.002425651809308385,-0.0025079769738864948,-0.00225107141423008,-0.002552349467698457,-0.002354462414038579,-0.0023559813673502132,-0.002545526999251799,-0.002262900029967811,-0.0024984092425069677,-0.0024230077501826756,-0.0023065881095428115,-0.0025523560472030917,-0.002300644028434479,-0.0024358042881492312,-0.002479287507201359,-0.0022837866396060876,-0.002531629462750023,-0.002353487900975317,-0.0023775093888008837,-0.002514538820873533,-0.002287999401220482,-0.0024912138905948842,-0.0024093535359358135,-0.0023338155031733926,-0.0025252035263395945,-0.0023145299132895213,-0.0024415243552389537,-0.0024573442188873472,-0.0023107912383982395,-0.0025128414615533034,-0.0023551825583569864,-0.002393205643356547,-0.0024896139063448706,-0.002309757420684738,-0.0024830980791632385
-0.0022072135997793707,-0.0018222339592229814,-0.0016568970158601956,-0.0022752778607858246,-0.0015182780238672889,-0.002041787458624239,-0.001998970582067403,-0.0015550784993914601,-0.0022550071780721988,-0.0016470316008257433,-0.001870453133387763,-0.0021283200896715124,-0.0015292761276953972,-0.0021679102276239938,-0.0018012318109400295,-0.0017261438267833363,-0.002192919420277991,-0.001573324732647534,-0.0020399607155595335,-0.001948327106970306,-0.0016319689638986347,-0.0021900401961683726,-0.001668872918757024,-0.001901023867064132,-0.002061804912832513,-0.0015983085197025923,-0.002129982576510675,-0.0017905817501057228,-0.001778701898257849,-0.0021252819506556078,-0.0016227109731539984,-0.002032262142028843,-0.0019118796850571742,-0.0016934934676235034,-0.0021341063962537375,-0.00169220843605552,-0.0019206229811148635,-0.0020101158108797477,-0.0016559833191836047,-0.0020945318205451463,-0.0017872658444481027,-0.0018179804619640003,-0.002070233588005979,-0.00166629461775145,-0.0020209688305938825,-0.0018863884391743873,-0.0017422507158470657,-0.0020864912919061475,-0.0017155792053650568,-0.0019321070493278744,-0.001970429662355719,-0.0017037194014647905,-0.0020621895922710584,-0.0017889719665834553,-0.0018467969180979062,-0.0020258362478521195,-0.0017042197267595819,-0.002007745551166488,-0.0018692443730129137,-0.0017804971060529661,-0.0020463766742720773,-0.0017380119078431698,-0.001937712839554375,-0.0019403720222566658,-0.001742870852545506,-0.002033248754695983,-0.0017939532850123146,-0.0018674585050536408,-0.0019903606697714705,-0.0017368150756639437,-0.0019937806847694977,-0.0018583660901316033,-0.001810168174015221,-0.002012908904245983,-0.0017588967684931353,-0.0019391722119505835,-0.0019179650209495925,-0.0017746928879110392,-0.0020077644523254726,-0.0018009114068263316,-0.0018818376928818772,-0.0019622878475692987,-0.0017645189598809983,-0.001979896375136877,-0.001852109286813689,-0.0018329060812705806,-0.001985245862585457,-0.001777891272862004,-0.0019378094312579514,-0.0019015763409635095,-0.0018003232174232553,-0.0019856312061788607,-0.0018089000837417262,-0.0018914402939494358,-0.001940301331434377,-0.0017878245979253665,-0.001966636973695858,-0.0018491884778901067,-0.0018500899960963318,-0.001962587751465689,-0.001794845032563039,-0.0019346227605626799,-0.0018898710110610778,-0.0018207744662264707,-0.0019666408787159598,-0.001817246578109439,-0.0018974659199138637,-0.001923273766238375,-0.0018072415023629976,-0.0019543393859089175,-0.0018486100919305084,-0.0018628671520056872,-0.0019441958714969108,-0.0018097418302300708,-0.00193035222722946,-0.0018817670603728245,-0.0018369342723758872,-0.0019505255105108563,-0.0018254880282649391,-0.001900860852847428,-0.0019102501441375464,-0.0018232690769279683,-0.001943188467044139,-0.0018496158927482076,-0.0018721830797192572,-0.001929402616125542,-0.0018226554929004005,-0.0019255353894057576
-0.0019087433425544718,-0.0013939955438274706,-0.001172927158181817,-0.0019997505669220174,-0.0009875827568857356,-0.0016875556925051347,-0.0016303061898453473,-0.0010367878622279214,-0.001972647083500265,-0.001159736329011803,-0.001458468339640473,-0.001803256567713146,-0.0010022880792957929,-0.0018561916692496473,-0.0013659140339025212,-0.0012655155439988861,-0.0018896309099533351,-0.0010611844988657694,-0.0016851131945848862,-0.0015625919146477266,-0.00113959640891097,-0.0018857811628074192,-0.0011889398741919451,-0.001499343794359683,-0.0017143205896694006,-0.0010945897703026404,-0.0018054794422517446,-0.0013516740721142952,-0.0013357897838463281,-0.0017991943389459226,-0.0011272177533811628,-0.001674819601467771,-0.0015138588695133284,-0.0012218594678467024,-0.0018109933108085869,-0.0012201412804382509,-0.00152554933811268,-0.0016452082298315967,-0.0011717054744784928,-0.001758079017205654,-0.0013472404476878724,-0.001388308286320067,-0.0017255903856135601,-0.0011854924847010187,-0.0016597195634681428,-0.001479775086054002,-0.0012870517106333404,-0.0017473282034443222,-0.001251389821372141,-0.001540904432799076,-0.0015921447546743837,-0.001235532338773391,-0.0017148349360746299,-0.0013495216660199972,-0.0014268381351728624,-0.0016662276798857865,-0.0012362013127060621,-0.0016420390077707923,-0.0014568521327645901,-0.0013381901166521324,-0.0016936918316765312,-0.0012813840938054,-0.0015483998114509086,-0.001551955346077204,-0.0012878808817551447,-0.0016761387795361812,-0.0013561820771843586,-0.0014544642880475963,-0.0016187940657362424,-0.0012797838358571826,-0.001623366892468855,-0.0014423070203036003,-0.0013778626481589324,-0.0016489428134574494,-0.0013093087810193858,-0.0015503511061411564,-0.0015219954381137085,-0.001330429424404692,-0.001642064280094198,-0.0013654856286185674,-0.0014736903834103787,-0.001581258513436027,-0.0013168260893028625,-0.0016048024878424008,-0.0014339411863849298,-0.0014082650031781213,-0.0016119551696946015,-0.0013347059144824826,-0.0015485289620904576,-0.0015000824950430428,-0.0013646991735217977,-0.0016124704041266644,-0.0013761671125822324,-0.0014865298098133844,-0.0015518608269355924,-0.0013479875446565247,-0.001587073634196171,-0.0014300358371001126,-0.001431241237238925,-0.0015816595083309088,-0.001357374413194887,-0.001544268134885964,-0.0014844315562247145,-0.0013920440878852143,-0.0015870788555125469,-0.001387327026380942,-0.0014945865415840797,-0.001529093644521335,-0.0013739494599487676,-0.001570630800404153,-0.0014292624899717098,-0.0014483252910055787,-0.0015570681306811777,-0.001377292593273459,-0.0015385580988188923,-0.0014735959422381107,-0.001413651008789513,-0.001565531351604903,-0.0013983464878769597,-0.0014991258316406977,-0.0015116800462381503,-0.0013953795769137273,-0.0015557211523741104,-0.0014306073240936395,-0.001460781412780563,-0.0015372883947257564,-0.001394559167223833,-0.0015321176110492211
-0.0014127327336504534,-0.001105707905861309,-0.0009738501627095447,-0.0014670146119957605,-0.0008633002331511444,-0.0012808038544334299,-0.0012466569989469096,-0.0008926489531095247,-0.0014508485548496612,-0.0009659824028777684,-0.0011441631437089019,-0.0013498144288810396,-0.0008720713227831883,-0.0013813879304548943,-0.0010889584981511862,-0.0010290751355623898,-0.0014013329931513053,-0.0009072004930692751,-0.001279347009925898,-0.001206268358659703,-0.000953969810466616,-0.0013990367852657548,-0.0009834010561521284,-0.001168543586863792,-0.001296767959501922,-0.0009271252945653073,-0.0013511402775278876,-0.001080464976029156,-0.00107099068418743,-0.0013473914848863664,-0.0009465864771299817,-0.0012732073262557012,-0.0011772012022249758,-0.0010030361718296231,-0.0013544290619545585,-0.0010020113472563195,-0.00118417406178332,-0.001255545422116081,-0.0009731214811502383,-0.001322867971414294,-0.001077820510565932,-0.001102315702415036,-0.0013034899059920894,-0.0009813448372282371,-0.0012642008058239274,-0.0011568716976153755,-0.0010419205287210084,-0.0013164555753791306,-0.0010206497521657069,-0.0011933327125117656,-0.0012238953512224758,-0.0010111914487478176,-0.0012970747449158276,-0.001079181158765501,-0.0011252970929873252,-0.0012680826161537632,-0.0010115904628028203,-0.0012536551180490206,-0.0011431991461183018,-0.001072422379025487,-0.0012844637964031622,-0.0010385400400916706,-0.0011978033821202312,-0.0011999241049461206,-0.0010424150934797295,-0.0012739941589925842,-0.0010831538063334949,-0.0011417748998858064,-0.0012397905141735385,-0.0010375855553475207,-0.0012425180077996639,-0.0011345236148007263,-0.0010960853304435554,-0.001257772939936317,-0.0010551959098285448,-0.001198967245118229,-0.001182054313942023,-0.0010677934613172665,-0.001253670191898313,-0.0010887029729039581,-0.001153242435312697,-0.0012174021785469572,-0.0010596796595150517,-0.0012314451423157495,-0.0011295337562242651,-0.0011142190220052,-0.00123571140808577,-0.0010703442029288339,-0.0011978804148981557,-0.0011689841899137849,-0.0010882338864090827,-0.0012360187231693245,-0.0010950740167094625,-0.0011609005985725362,-0.001199867728360834,-0.0010782661216374304,-0.0012208706469005307,-0.0011272043840645537,-0.0011279233531809854,-0.0012176413546810753,-0.0010838649832617003,-0.0011953390155139637,-0.001159649080939411,-0.0011045439466834531,-0.001220873761190218,-0.0011017304232461473,-0.0011657060910691694,-0.0011862880874623817,-0.0010937512827034707,-0.0012110632067796703,-0.0011267431159066202,-0.001138113253319692,-0.0012029736601194309,-0.001095745317327471,-0.0011919332256407518,-0.001153186105232756,-0.0011174315417078551,-0.0012080216058378472,-0.0011083030560510101,-0.001168413581516656,-0.0011759016282539964,-0.0011065334218149727,-0.0012021702457409998,-0.0011275452513712333,-0.0011455427919254773,-0.001191175901993128,-0.0011060440828719422,-0.001188091752878262
-0.0010634850666174738,-0.0008799872070825109,-0.0008011805066417358,-0.0010959274217182857,-0.0007351087313010166,-0.000984635850671341,-0.0009642274852086971,-0.0007526494211899541,-0.0010862655422384075,-0.0007964782253999804,-0.0009029705400062813,-0.0010258810254918978,-0.0007403509007531063,-0.0010447513885128486,-0.0008699766796427017,-0.0008341865159092763,-0.0010566718456935806,-0.0007613463609611751,-0.000983765146335368,-0.0009400886261607253,-0.000789298724605907,-0.0010552994836110744,-0.0008068887371974882,-0.0009175418669105297,-0.0009941770305510066,-0.0007732547087404364,-0.0010266734382440384,-0.0008649004024551912,-0.0008592379539617414,-0.0010244329177281147,-0.0007848859679136828,-0.0009800956749775774,-0.0009227162168121125,-0.000818623950028602,-0.001028639028151251,-0.0008180114486978329,-0.0009268836478730064,-0.0009695397807579811,-0.0008007449994960169,-0.0010097760827652673,-0.0008633198991597084,-0.0008779598072921406,-0.000998194499762654,-0.0008056598080128803,-0.0009747127968794472,-0.0009105659923233303,-0.0008418637521981615,-0.0010059436208910404,-0.0008291509628232747,-0.0009323574488584182,-0.0009506236549680011,-0.0008234980700441707,-0.0009943603853213474,-0.0008641331103713193,-0.0008916949700459755,-0.0009770328173539305,-0.0008237365466049903,-0.0009684100130037783,-0.000902394392807549,-0.0008600936272314978,-0.0009868232682893367,-0.0008398433539387355,-0.0009350294096563404,-0.0009362968905373489,-0.0008421593360285647,-0.0009805659370214314,-0.0008665074210440518,-0.0009015431713053808,-0.0009601236305871799,-0.0008392728922312199,-0.0009617537568733608,-0.0008972093351737184,-0.0008742361347503927,-0.0009708710892226177,-0.0008497979770466379,-0.0009357250093264467,-0.0009256167497057383,-0.0008573270871521878,-0.0009684190221093285,-0.0008698239612574782,-0.0009083969108551377,-0.0009467429157583145,-0.000852477755343687,-0.0009551358975626074,-0.0008942270735281174,-0.0008850739995934086,-0.0009576856934297472,-0.000858851575022826,-0.0009350754494178964,-0.0009178051997398662,-0.0008695436048825029,-0.0009578693647648672,-0.0008736317083694363,-0.0009129739236533173,-0.0009362631962501393,-0.0008635862251060297,-0.0009488158963811801,-0.0008928348903341872,-0.0008932645926969798,-0.0009468858628579956,-0.0008669324662920733,-0.0009335565450654999,-0.0009122259359140115,-0.0008792915499291119,-0.0009488177576817651,-0.0008776100066734256,-0.0009158459962263834,-0.0009281471261066825,-0.0008728411571277617,-0.0009429543369670627,-0.0008925592067021437,-0.0008993547349105334,-0.0009381195015973916,-0.000874032920959949,-0.0009315210251492102,-0.0009083632443625253,-0.000886994008777669,-0.0009411364798693059,-0.0008815382363865936,-0.0009174641673215443,-0.0009219395075026431,-0.0008804805887142182,-0.0009376393292939877,-0.0008930386146440795,-0.0009037951068547536,-0.0009310683996422933,-0.0008801881281686663,-0.0009292251130092877
-0.0008167479591389238,-0.0007069549185452267,-0.0006598021763689578,-0.0008361593289476267,-0.0006202691751096214,-0.0007695697784827868,-0.0007573587559489564,-0.0006307643693418497,-0.000830378296249839,-0.0006569886407965678,-0.0007207066321132926,-0.0007942481761755112,-0.0006234057442495064,-0.0008055389592856124,-0.0007009652778575986,-0.0006795507997290932,-0.0008126713762111088,-0.00063596804563411,-0.0007690488063213302,-0.0007429156516094503,-0.000652692900104421,-0.0008118502450752159,-0.0006632176057952966,-0.0007294251549906526,-0.0007752785924847305,-0.0006430932170908548,-0.0007947223038066631,-0.0006979279677291554,-0.0006945399312753427,-0.0007933817238098214,-0.0006500525969648241,-0.0007668532361998894,-0.0007325211453756643,-0.0006702391846954943,-0.0007958983834242678,-0.0006698727042164128,-0.0007350146618057727,-0.0007605372839294266,-0.0006595415975597555,-0.0007846120385386731,-0.000696982298592092,-0.0007057418559621105,-0.0007776823816153294,-0.0006624822954641876,-0.000763632476268211,-0.00072525125081722,-0.0006841443525784242,-0.0007823189456208747,-0.000676537856222372,-0.0007382898240082976,-0.0007492191193906242,-0.0006731555372790291,-0.0007753882999101691,-0.0006974688706523543,-0.0007139600732514817,-0.0007650206238072543,-0.0006732982259555568,-0.000759861305271076,-0.0007203619035538496,-0.0006950519098361793,-0.0007708785852009502,-0.0006829354792505566,-0.0007398885494707881,-0.0007406469265993985,-0.0006843212104860451,-0.0007671346100524311,-0.0006988895018724351,-0.0007198525886377049,-0.0007549032794753193,-0.0006825941525148163,-0.0007558786397436358,-0.0007172595063666859,-0.0007035138554199251,-0.000761333851282697,-0.0006888916704658152,-0.000740304750526269,-0.0007342566333347079,-0.0006933965943572873,-0.0007598666957268224,-0.0007008739012284067,-0.0007239534152441412,-0.0007468971404930911,-0.0006904950734052046,-0.0007519189483456525,-0.0007154751173021688,-0.0007099985203510248,-0.0007534445783549398,-0.0006943087475512797,-0.0007399160966335847,-0.0007295827160221233,-0.0007007061544277825,-0.0007535544751919047,-0.0007031522064592864,-0.0007266919984255578,-0.0007406267661558231,-0.0006971416505077476,-0.0007481374756460625,-0.0007146421265179034,-0.000714899232127096,-0.000746982670628199,-0.0006991438209706983,-0.000739007284249379,-0.000726244451797857,-0.0007065386830955273,-0.0007481385893258145,-0.0007055325582971263,-0.0007284104576021489,-0.0007357706440136896,-0.0007026791926334656,-0.0007446303043235876,-0.0007144771755790713,-0.0007185431723505332,-0.0007417374570862878,-0.0007033922656640559,-0.0007377893631174113,-0.000723933271431023,-0.0007111473274643177,-0.0007435426182948058,-0.0007078829523859306,-0.0007293786646710967,-0.0007320564136509445,-0.0007072501256373177,-0.0007414501535867636,-0.0007147640217350063,-0.0007211999986391799,-0.0007375185418076663,-0.0007070751364977647,-0.0007364156404188637
-0.0006412782178236336,-0.0005755455286141933,-0.0005473153554621849,-0.0006528997334667502,-0.0005236470931456976,-0.0006130328147473779,-0.000605722120510244,-0.0005299305272953422,-0.0006494386504729789,-0.0005456309020727937,-0.0005837786289015972,-0.0006278076805945303,-0.0005255249455427266,-0.0006345674308764628,-0.0005719595527848776,-0.000559138783564973,-0.0006388375826323539,-0.0005330459491346142,-0.0006127209106322298,-0.0005970750871132768,-0.0005430590579348198,-0.0006383459744442213,-0.0005493601604861127,-0.0005889983764517511,-0.0006164506606738145,-0.0005373117630550375,-0.0006280915390618391,-0.0005701411263925849,-0.0005681127214404635,-0.0006272889387529645,-0.000541478318165201,-0.0006114064308833331,-0.0005908519344976249,-0.0005535639539242987,-0.0006287956535992592,-0.0005533445434106402,-0.0005923447936046561,-0.0006076250935106634,-0.0005471593478884149,-0.0006220385604659997,-0.0005695749577616278,-0.0005748192725114714,-0.0006178898003769531,-0.0005489199328978621,-0.0006094781737691988,-0.0005864994753890004,-0.0005618889267450822,-0.0006206656941779459,-0.0005573349453794016,-0.0005943056211580687,-0.0006008489500681698,-0.0005553099634797499,-0.0006165163421055458,-0.000569866266662832,-0.00057973948894793,-0.0006103092525904736,-0.0005553953906650904,-0.0006072203875764685,-0.0005835722411821484,-0.0005684192411200296,-0.0006138163925112786,-0.0005611651787340553,-0.0005952627722068862,-0.0005957168098018825,-0.0005619948109232872,-0.0006115748883729953,-0.000570716793344358,-0.0005832673162168533,-0.0006042520357851112,-0.0005609608276739336,-0.0006048359803870441,-0.0005817148474074124,-0.0005734853767890648,-0.0006081019954525695,-0.0005647311284874048,-0.0005955119502465927,-0.0005918909647496488,-0.0005674282098367241,-0.0006072236148224793,-0.0005719048459333759,-0.0005857224660092725,-0.0005994587898503903,-0.0005656910799244218,-0.0006024653277243481,-0.0005806465402435669,-0.0005773677218105562,-0.0006033787167944276,-0.0005679743125959507,-0.0005952792645918399,-0.0005890927076612448,-0.0005718044165413882,-0.0006034445116261425,-0.0005732688588877111,-0.000587362045678119,-0.0005957047398185329,-0.0005696703611668899,-0.0006002013739402829,-0.0005801478317276139,-0.0005803017599093246,-0.0005995099964274073,-0.0005708690532522335,-0.0005947351619631337,-0.0005870941011597204,-0.0005752963299827947,-0.0006002020406962505,-0.0005746939667699573,-0.0005883908808607786,-0.0005927973973694499,-0.0005729856672515535,-0.0005981016433808785,-0.0005800490762077884,-0.0005824833735062315,-0.0005963697063896853,-0.0005734125814498485,-0.0005940059970651006,-0.0005857104059825164,-0.0005780555084000461,-0.0005974504497596731,-0.0005761011390581428,-0.0005889705428685834,-0.0005905737013249066,-0.0005757222680134477,-0.0005961976988422042,-0.0005802208099453462,-0.0005840740056243578,-0.0005938438573439625,-0.0005756175026598053,-0.0005931835543427267
-0.0005153245451947983,-0.0004759580957582489,-0.00045905141359843895,-0.0005222845191962136,-0.0004448768002829202,-0.0004984087420321811,-0.0004940304626936436,-0.00044863986696579605,-0.0005202117217751941,-0.0004580426164538339,-0.0004808887920384123,-0.0005072572163042514,-0.00044600142156840276,-0.0005113055425005145,-0.00047381050164848026,-0.00046613231033601287,-0.000513862880640889,-0.00045050565243394343,-0.0004982219467294832,-0.000488851867278001,-0.00045650237257466374,-0.0005135684629148919,-0.0004602760206326282,-0.00048401483070313156,-0.0005004556453380277,-0.00045306039270128596,-0.0005074272154345905,-0.00047272146982143615,-0.00047150668457615115,-0.0005069465485874392,-0.0004555556881629737,-0.0004974347219682166,-0.0004851249024188666,-0.0004627936176428275,-0.0005078489004389354,-0.0004626622155505707,-0.00048601895624900257,-0.0004951701283805507,-0.00045895798269916495,-0.0005038021655743238,-0.0004723823988196075,-0.0004755231504594996,-0.0005013175273184716,-0.0004600123740771339,-0.0004962799139556863,-0.000482518271479451,-0.00046777933518384903,-0.0005029799738769841,-0.00046505201519552716,-0.0004871932702724143,-0.000491111984534438,-0.0004638392799716788,-0.0005004949810900297,-0.00047255685991754213,-0.00047846980385056324,-0.0004967776362121309,-0.00046389044119773937,-0.0004949277552799403,-0.00048076518912759696,-0.00047169025521067207,-0.0004988780165254841,-0.0004673458919484731,-0.0004877664955400791,-0.0004880384127283257,-0.000467842747835873,-0.0004975356089595865,-0.0004730662292436022,-0.00048058257354663414,-0.0004931500481435103,-0.0004672235087663406,-0.0004934997649422934,-0.00047965282024392124,-0.00047472429772517084,-0.0004954557387276707,-0.0004694814927027832,-0.00048791572501507527,-0.00048574716407241036,-0.000471096739512874,-0.0004949296880354449,-0.0004737777384293061,-0.0004820529307056798,-0.0004902794357283553,-0.0004700563950863821,-0.0004920800120111409,-0.0004790130250300935,-0.00047704938347507543,-0.0004926270288010461,-0.00047142379332608034,-0.0004877763726141221,-0.0004840713244330167,-0.0004737175925775362,-0.0004926664324668178,-0.0004745946279806608,-0.00048303485356487066,-0.00048803118417286954,-0.000472439534673541,-0.0004907241596454615,-0.00047871435501045857,-0.0004788065405889744,-0.0004903101026788362,-0.0004731574157146972,-0.000487450516652973,-0.0004828743850907797,-0.0004758088539511572,-0.000490724558956906,-0.00047544810648675567,-0.00048365100952446735,-0.00048629001473505926,-0.00047442502820679286,-0.0004894666584251204,-0.0004786552116188745,-0.00048011308049150425,-0.0004884294239712878,-0.0004746807015468471,-0.0004870138293146859,-0.0004820457081130975,-0.0004774612898845641,-0.0004890766670666214,-0.00047629084359971426,-0.0004839981615335359,-0.0004849582722040204,-0.00047606394267715437,-0.0004883264108966357,-0.0004787580607123381,-0.0004810656893015722,-0.00048691672595240745,-0.0004760012000745549,-0.0004865212791051299
-0.00042388273712546927,-0.0004003028135817845,-0.0003901759599180257,-0.00042805165906708166,-0.00038168557526243343,-0.0004137504201153352,-0.0004111278952614743,-0.0003839395967945256,-0.0004268100839337193,-0.0003895717052828899,-0.0004032562280493702,-0.00041905052591100704,-0.0003823592068524508,-0.0004214754136911875,-0.00039901643633323856,-0.0003944173127980165,-0.00042300722158060796,-0.0003850571748163572,-0.0004136385324795697,-0.0004080259928620378,-0.00038864912187927357,-0.0004228308696980206,-0.0003909094814992337,-0.0004051286791787892,-0.0004149764850549984,-0.00038658742661808513,-0.0004191523528868523,-0.00039836412230477304,-0.00039763648383049345,-0.00041886444052320165,-0.0003880820718565473,-0.00041316699643941245,-0.0004057935957907693,-0.00039241748503686516,-0.0004194049359951663,-0.00039233877711849195,-0.0004063291208701272,-0.0004118105382264169,-0.00039011999618512546,-0.0004169810013992129,-0.00039816102376747964,-0.0004000422877523794,-0.0004154927396701194,-0.00039075156109467365,-0.00041247528344439137,-0.000404232262240557,-0.0003954038564295198,-0.00041648852067923406,-0.00039377023191615224,-0.0004070325176784412,-0.0004093797698185409,-0.0003930438213745267,-0.0004150000465912308,-0.00039826552339621235,-0.000401807289744317,-0.0004127734117470688,-0.00039307446619559074,-0.00041166536030808184,-0.0004031821917258379,-0.00039774643993750394,-0.0004140315086267825,-0.0003951442303139575,-0.0004073758711730618,-0.0004075387455648559,-0.0003954418396743343,-0.00041322742626168763,-0.00039857062812208695,-0.00040307280768184554,-0.00041060053991000034,-0.00039507092458994575,-0.0004108100151229108,-0.0004025158991440869,-0.00039956378672757916,-0.0004119816146187451,-0.0003964234237191853,-0.0004074652574311887,-0.0004061663213584733,-0.00039739093277400904,-0.00041166651800016944,-0.00039899681164738985,-0.0004039535299691854,-0.0004088810853429329,-0.000396767781781555,-0.0004099596040229345,-0.0004021326712319535,-0.0004009564788550119,-0.0004102872590252954,-0.0003975868331922702,-0.00040738178739497426,-0.0004051625180911233,-0.00039896078516782406,-0.0004103108612408759,-0.00039948611645999747,-0.0004045416873030805,-0.0004075344157665777,-0.0003981952473026635,-0.0004091474684207442,-0.00040195377228809185,-0.0004020089900921952,-0.00040889945439470177,-0.0003986252474755571,-0.0004071866044724571,-0.00040444556904998944,-0.00040021341993691403,-0.00040914770760241964,-0.00039999733751772414,-0.0004049107556500162,-0.0004064914809119538,-0.00039938452869279795,-0.0004083942437063964,-0.0004019183462674162,-0.00040279158825508223,-0.0004077729555417711,-0.00039953767325871456,-0.0004069250351870202,-0.00040394920374258093,-0.0004012032047289963,-0.00040816064462525684,-0.00040050212463912856,-0.000405118694591654,-0.00040569378674569723,-0.00040036621432761884,-0.0004077112522269164,-0.00040197995135995366,-0.00040336218690520046,-0.0004068668717028571,-0.00040032863243254316,-0.000406630004864271
-0.00035664896035639986,-0.0003425237203343134,-0.0003364573631468471,-0.0003591462976759854,-0.00033137131098395957,-0.0003505793304238489,-0.0003490083417412077,-0.0003327215526459721,-0.00035840254858232504,-0.00033609539243307704,-0.00034429292404534594,-0.0003537542884073902,-0.0003317748410411214,-0.0003552068852259599,-0.00034175313312859157,-0.0003389980892580767,-0.0003561244943974105,-0.00033339102291683764,-0.0003505123056216792,-0.00034715018830674244,-0.00033554273109843226,-0.0003560188531443641,-0.00033689676950780274,-0.00034541459102546446,-0.00035131378834197245,-0.0003343076999346232,-0.0003538152865048553,-0.0003413623730735482,-0.00034092649090966147,-0.0003536428164273185,-0.00033520304731359305,-0.00035022983821952897,-0.0003458129004907811,-0.0003378001189984717,-0.00035396659306120826,-0.00033775297006532947,-0.000346133699676994,-0.00034941726994283396,-0.0003364238388159355,-0.00035251456723499,-0.0003412407095922358,-0.00034236765579638215,-0.0003516230438125249,-0.00033680216938687094,-0.00034981547673684787,-0.00034487760436437815,-0.00033958906511774936,-0.00035221955320056947,-0.0003386104640500007,-0.00034655506019284975,-0.0003479611504123468,-0.0003381753174628617,-0.0003513279025673199,-0.0003413033087069163,-0.00034342495679777816,-0.0003499940665369757,-0.00033819367483591087,-0.0003493303030390359,-0.00034424857356904736,-0.0003409923586551841,-0.00035074771276335425,-0.00033943353954144607,-0.0003467607415435527,-0.00034685830928474063,-0.00033961181847608104,-0.00035026603790196424,-0.00034148607764070306,-0.00034418304851027796,-0.0003486924365219774,-0.0003393896267210868,-0.0003488179198661264,-0.00034384943984731446,-0.00034208101611268697,-0.00034951975098350706,-0.00034019982336124037,-0.0003468142871943,-0.0003460361767917595,-0.0003407793968105609,-0.00034933099653910505,-0.0003417413772211792,-0.0003447106334991957,-0.00034766242010051177,-0.0003404061064849113,-0.0003483084923914207,-0.0003436198722563925,-0.0003429152898345849,-0.00034850476976883507,-0.0003408967483542688,-0.000346764285577713,-0.0003454348617764667,-0.000341719796037081,-0.0003485189083626057,-0.00034203448877046986,-0.00034506296133845387,-0.00034685571557658835,-0.00034126121074644784,-0.0003478219933453077,-0.00034351270522011855,-0.0003435457827122914,-0.0003476734238370053,-0.00034151879663897236,-0.00034664736384030115,-0.00034500538297553427,-0.00034247017025863547,-0.0003478221366239137,-0.0003423407289553185,-0.0003452840468299044,-0.0003462309593036653,-0.00034197363396776693,-0.0003473707840841318,-0.0003434914837329435,-0.00034401458774769125,-0.0003469986096607519,-0.00034206537318598966,-0.00034649067423389265,-0.0003447080419306071,-0.0003430630876925055,-0.0003472308496571214,-0.00034264311497606557,-0.0003454086098911514,-0.0003457531112079445,-0.0003425616997090485,-0.00034696164710950076,-0.00034352838744542,-0.0003443563972906385,-0.0003464558321712031,-0.0003425391867739473,-0.000346313940237495
-0.0003065524906733959,-0.0002980905244622457,-0.00029445636961143663,-0.00030804856323450873,-0.0002914094832234385,-0.0003029163752287646,-0.0003019752476351929,-0.00029221836854524344,-0.00030760300764109673,-0.0002942395248750244,-0.00029915039615292067,-0.0003048183880183908,-0.00029165122479409835,-0.0003056885909443546,-0.0002976288910395664,-0.0002959784349690089,-0.0003062383003858732,-0.0002926194261416153,-0.0003028762228766359,-0.00030086208909395806,-0.0002939084436663044,-0.0003061750141895052,-0.0002947196034944402,-0.0002998223499088275,-0.00030335636478483267,-0.0002931685771605651,-0.00030485492997016556,-0.000297394799556712,-0.0002971336769041351,-0.00030475160882544386,-0.0002937049502951977,-0.000302707005956498,-0.0003000609639948055,-0.0002952607704307151,-0.00030494557274617377,-0.0002952325250572901,-0.0003002531442246673,-0.0003022202230564627,-0.0002944362862886059,-0.0003040757118829273,-0.000297321914970936,-0.0002979970313361347,-0.0003035416295547295,-0.000294662931676783,-0.0003024587756354438,-0.0002995006588809337,-0.00029633246914813344,-0.00030389897868850517,-0.00029574622146975513,-0.000300505567436047,-0.00030134790978977757,-0.0002954855394769882,-0.00030336482015251494,-0.0002973594160394096,-0.00029863042555349585,-0.00030256576290447253,-0.0002954965367747492,-0.0003021681240478599,-0.000299123827242849,-0.0002971731361017236,-0.0003030172475442241,-0.0002962392988961879,-0.0003006287843610119,-0.000300687233982253,-0.00029634609993593535,-0.00030272869199433823,-0.0002974689068898116,-0.0002990845733376111,-0.00030178599921981214,-0.00029621299217137936,-0.00030186117215964115,-0.0002988847193719914,-0.0002978253149394993,-0.0003022816160736506,-0.0002966983543020509,-0.00030066086179733647,-0.000300194721475151,-0.00029704555767256786,-0.0003021685395009172,-0.0002976218484625093,-0.0002994006321332671,-0.00030116895029591817,-0.00029682193172938696,-0.0003015559909328973,-0.00029874719298698705,-0.0002983251008570845,-0.0003016735742470992,-0.0002971158591184994,-0.0003006309074751869,-0.0002998344934483204,-0.00029760891988569576,-0.00030168204421310144,-0.00029779744194073106,-0.00029961170014105936,-0.0003006856801770991,-0.00029733419653740566,-0.00030126454537278457,-0.0002986829927441252,-0.0002987028083805801,-0.0003011755422721437,-0.0002974885077643727,-0.00030056086351205554,-0.000299577206839653,-0.0002980584443750909,-0.0003012646312062798,-0.0002979809003522436,-0.00029974414517955106,-0.00030031140926464647,-0.0002977609858321302,-0.00030099424076088,-0.00029867027964989494,-0.00029898365404146574,-0.0003007712833180068,-0.0002978159437771722,-0.00030046699592800076,-0.0002993990796098553,-0.0002984136416873889,-0.0003009104106531234,-0.00029816204986094473,-0.00029981876680819467,-0.00030002514620407336,-0.0002981132766551448,-0.00030074914027057706,-0.0002986923874489521,-0.00029918842088426243,-0.00030044612319544934,-0.0002980997898969841,-0.0003003611204098828
-0.00026535991559699645,-0.0002640560160673165,-0.00026349603122661716,-0.0002655904445615569,-0.00026302653824718833,-0.00026479962864951734,-0.00026465461083734383,-0.00026315117892340337,-0.00026552178915521286,-0.0002634626177453096,-0.0002642193310894412,-0.00026509270871152125,-0.0002630637880674337,-0.00026522679778226166,-0.0002639848832374639,-0.00026373056540630527,-0.0002653115021954408,-0.00026321297765885505,-0.0002647934415965618,-0.0002644830848749188,-0.0002634116016313753,-0.0002653017504616687,-0.00026353659278496893,-0.00026432287205904926,-0.0002648674263883532,-0.00026329759602502015,-0.0002650983394399529,-0.00026394881221486943,-0.00026390857597480565,-0.00026508241874390574,-0.0002633802454543051,-0.00026476736705820085,-0.00026435963996697024,-0.0002636199808884049,-0.00026511230653342225,-0.0002636156285749821,-0.00026438925290858185,-0.00026469235895977853,-0.00026349293659889825,-0.0002649782701709301,-0.0002639375814707678,-0.00026404160976503134,-0.00026489597373069733,-0.0002635278602570262,-0.00026472911739012156,-0.0002642733028727034,-0.00026378511833031044,-0.0002649510374541672,-0.00026369478376112883,-0.00026442814865673133,-0.00026455794470784435,-0.0002636546154220829,-0.0002648687292711193,-0.00026394335998894256,-0.0002641392091174172,-0.00026474560299716456,-0.00026365630998939984,-0.00026468433105336544,-0.0002642152371012968,-0.0002639146562199748,-0.0002648151720068652,-0.0002637707617795206,-0.0002644471350821674,-0.0002644561415508467,-0.0002637872186906003,-0.00026477070864735813,-0.0002639602313714063,-0.0002642091884895084,-0.0002646254496573473,-0.00026376670819135335,-0.0002646370330126151,-0.0002641783931063464,-0.00026401515008376766,-0.0002647018189746545,-0.0002638414973642377,-0.0002644520778759689,-0.00026438025058055125,-0.0002638949977328546,-0.0002646843950702892,-0.0002639837980507965,-0.0002642578898084127,-0.0002645303689418755,-0.00026386053933927776,-0.0002645900078120779,-0.0002641572017444039,-0.00026409216180972106,-0.00026460812615765626,-0.00026390583044241626,-0.0002644474622316153,-0.00026432474325009854,-0.00026398180589379586,-0.0002646094312898692,-0.0002640108551493425,-0.00026429041315691393,-0.0002644559021259,-0.0002639394739303149,-0.0002645450991325493,-0.0002641473091657308,-0.00026415036254580923,-0.00026453138469571867,-0.00026396325165894746,-0.0002644366691974309,-0.0002642850981038449,-0.00026405107286505005,-0.00026454511235858347,-0.00026403912415095724,-0.000264310821537081,-0.0002643982309352402,-0.0002640052376484364,-0.0002645034480496286,-0.00026414535021231805,-0.00026419363789293354,-0.0002644690926648815,-0.0002640137060867289,-0.0002644222051951356,-0.0002642576505809689,-0.0002641058050155801,-0.0002644905307163104,-0.00026406703737505947,-0.0002643223199411238,-0.0002643541208240991,-0.0002640595219396965,-0.00026446568065537817,-0.00026414875679041985,-0.0002642251902985275,-0.0002644189889277247,-0.00026405744377285163,-0.000264405890897154
-0.00023762909417511906,-0.00023684789996408767,-0.00023651240101968125,-0.00023776720902867217,-0.00023623111769278282,-0.00023729341423205276,-0.00023720653094634888,-0.00023630579259871064,-0.00023772607610027455,-0.00023649238228543544,-0.00023694574550122777,-0.00023746900479144377,-0.0002362534348600762,-0.00023754934043344737,-0.0002368052827580605,-0.0002366529154836341,-0.00023760008866651142,-0.00023634281754832142,-0.00023728970743575276,-0.00023710376605853508,-0.00023646181743594544,-0.00023759424619337844,-0.0002365367023203977,-0.000237007779119786,-0.00023733403331342677,-0.00023639351422877146,-0.0002374723782817738,-0.00023678367183375582,-0.00023675956543821227,-0.00023746283985085599,-0.0002364430312768513,-0.00023727408561983885,-0.00023702980756305618,-0.00023658666192402536,-0.00023748074626743132,-0.0002365840543595826,-0.00023704754931234905,-0.00023722914665718552,-0.00023651054696175402,-0.00023740044220407126,-0.0002367769432537709,-0.0002368392688389961,-0.00023735113663931346,-0.00023653147047536575,-0.00023725116942223523,-0.0002369780811556887,-0.0002366855993119948,-0.00023738412649860346,-0.0002366314779315553,-0.00023707085259039805,-0.0002371486161921451,-0.00023660741221696982,-0.0002373348138984729,-0.00023678040528810995,-0.00023689774270707313,-0.0002372610463034628,-0.00023660842746864224,-0.00023722433696604455,-0.0002369432927050072,-0.00023676320824367366,-0.00023730272659125203,-0.00023667699799409254,-0.00023708222776563294,-0.0002370876237344434,-0.0002366868576829522,-0.0002372760876376676,-0.00023679051329567708,-0.00023693966885178359,-0.0002371890598571418,-0.0002366745694023659,-0.0002371959996940491,-0.0002369212186763636,-0.00023682341627569774,-0.0002372348143552628,-0.00023671937720202773,-0.00023708518909955182,-0.00023704215582429013,-0.00023675143042185045,-0.00023722437531995843,-0.00023680463259942235,-0.0002369688468578582,-0.00023713209495853063,-0.0002367307856582234,-0.0002371678258864849,-0.000236908522476314,-0.00023686955565463524,-0.000237178680976434,-0.00023675792053079423,-0.00023708242376789312,-0.00023700890019052968,-0.00023680343905537932,-0.00023717946290917203,-0.00023682084308824478,-0.00023698833229442303,-0.00023708748028981587,-0.00023677807706692838,-0.00023714092013211178,-0.00023690259561997602,-0.000236904424965556,-0.00023713270351847262,-0.0002367923228148073,-0.00023707595742931996,-0.00023698514793198225,-0.0002368449383854487,-0.00023714092805611288,-0.00023683777965422277,-0.00023700055939327545,-0.0002370529282409339,-0.0002368174775228094,-0.00023711596607382723,-0.0002369014219689156,-0.00023693035215540797,-0.0002370953830250023,-0.00023682255114606027,-0.0002370672917349131,-0.0002369687035315589,-0.00023687772959226958,-0.00023710822702202112,-0.00023685450306625225,-0.00023700744833407946,-0.00023702650092603193,-0.00023685000040752334,-0.00023709333881683186,-0.0002369034629230167,-0.0002369492558792249,-0.00023706536480003405,-0.00023684875533313543,-0.0002370575174886233
-0.0002159649306734258,-0.00021549688615337293,-0.00021529587539293008,-0.0002160476807750402,-0.00021512734736510046,-0.0002157638114694875,-0.00021571175623765954,-0.00021517208807107527,-0.0002160230364017738,-0.00021528388137309504,-0.00021555550930600688,-0.00021586901475688445,-0.00021514071846758336,-0.0002159171470349707,-0.00021547135249034863,-0.0002153800631965679,-0.00021594755231966504,-0.00021519427119087551,-0.00021576159058040427,-0.00021565018570639358,-0.00021526556875619643,-0.00021594405186165495,-0.0002153104352686561,-0.00021559267611397244,-0.0002157881479765663,-0.00021522464558834854,-0.00021587103594910545,-0.00021545840452612768,-0.00021544396142584215,-0.0002158653210957976,-0.00021525431322115445,-0.000215752230929208,-0.00021560587423041048,-0.00021534036805409117,-0.00021587604954210907,-0.00021533880575853027,-0.00021561650401800416,-0.00021572530620945238,-0.0002152947645530897,-0.00021582793618404406,-0.00021545437316626193,-0.00021549171490306928,-0.00021579839525930712,-0.0002153073006622261,-0.00021573850092384268,-0.00021557488288258877,-0.0002153996453779801,-0.00021581816079601997,-0.00021536721910654248,-0.00021563046593865858,-0.00021567705720513663,-0.00021535280037983682,-0.00021578861565611145,-0.00021545644740872017,-0.0002155267489229497,-0.00021574441855619133,-0.0002153534086574905,-0.0002157224245322076,-0.00021555403973824301,-0.00021544614397546905,-0.00021576939087423786,-0.000215394491986349,-0.00021563728125853442,-0.00021564051419804733,-0.0002154003993180663,-0.0002157534304177098,-0.00021546250351805077,-0.0002155518685436555,-0.00021570128861328743,-0.00021539303692046007,-0.00021570544654557708,-0.00021554081430979482,-0.00021548221700193814,-0.00021572870195277576,-0.00021541988305525113,-0.00021563905551145795,-0.00021561327256480815,-0.00021543908741400883,-0.00021572244751156275,-0.00021547096295445163,-0.00021556935024750896,-0.000215667158677026,-0.00021542671831507418,-0.00021568856649698836,-0.00021553320751141513,-0.00021550986093883039,-0.0002156950702130856,-0.00021544297589638976,-0.00021563739869128351,-0.00021559334779204016,-0.000215470247854748,-0.00021569553870008656,-0.00021548067530299898,-0.00021558102474749402,-0.00021564042825466617,-0.00021545505247881654,-0.00021567244618949708,-0.00021552965649607097,-0.00021553075252976134,-0.00021566752328948976,-0.00021546358767292654,-0.000215633524450677,-0.0002155791168693131,-0.00021549511175382783,-0.00021567245093708127,-0.00021549082267324646,-0.00021558835048869027,-0.00021561972674804023,-0.00021547865885889755,-0.00021565749522075173,-0.00021552895331504438,-0.00021554628654033028,-0.00021564516309760946,-0.00021548169866836598,-0.00021562833248852173,-0.00021556926437502294,-0.00021551475826994598,-0.00021565285844703133,-0.00021550084233448619,-0.00021559247792710026,-0.00021560389309266374,-0.0002154981446125702,-0.00021564393833119606,-0.00021553017613181545,-0.00021555761251307328,-0.00021562717798520115,-0.0002154973986389876,-0.0002156224763488461
-0.000198868139349149,-0.0001985877041552275,-0.00019846726584397728,-0.00019891772018985757,-0.00019836629000056762,-0.00019874763606251422,-0.0001987164464674931,-0.00019839309699866005,-0.0001989029541808564,-0.00019846007946504486,-0.00019862282900868234,-0.00019881067003265667,-0.00019837430147716246,-0.00019883950913697406,-0.00019857240531626037,-0.0001985177081032656,-0.0001988577268738435,-0.00019840638831441408,-0.00019874630538683263,-0.00019867955565233418,-0.00019844910721336547,-0.0001988556295271621,-0.00019847598959011202,-0.0001986450980035166,-0.00019876221760933212,-0.0001984245875447878,-0.00019881188105726682,-0.00019856464736866858,-0.00019855599359011575,-0.00019880845692574312,-0.00019844236330756817,-0.0001987406974254405,-0.00019865300583318693,-0.00019849392422267037,-0.00019881488501921057,-0.00019849298815219026,-0.00019865937481395148,-0.00019872456511605012,-0.0001984666002692879,-0.00019878605725107934,-0.00019856223192497193,-0.0001985846057307837,-0.00019876835740714936,-0.00019847411144834472,-0.0001987324709073376,-0.00019863443694868147,-0.0001985294410316655,-0.00019878020019535337,-0.00019851001239330065,-0.00019866774028723123,-0.00019869565607363624,-0.0001985013732185073,-0.0001987624978258464,-0.00019856347473534805,-0.00019860559683683898,-0.00019873601653666164,-0.00019850173767627671,-0.00019872283852021932,-0.0001986219484973139,-0.0001985573012941944,-0.00019875097903820585,-0.0001985263533074865,-0.00019867182377815814,-0.0001986737608375198,-0.00019852989276504816,-0.00019874141611517232,-0.0001985671033350256,-0.00019862064759676042,-0.00019871017464901235,-0.00019852548148511224,-0.0001987126659302858,-0.00019861402430328395,-0.00019857891493507639,-0.00019872659972151307,-0.00019854156670925997,-0.00019867288684575398,-0.00019865743864513666,-0.0001985530732601149,-0.00019872285228861024,-0.000198572171920568,-0.00019863112199566946,-0.0001986897252368647,-0.00019854566214747547,-0.00019870255202125242,-0.00019860946658732459,-0.00019859547817312531,-0.00019870644881056797,-0.00019855540309683732,-0.00019867189413957538,-0.00019864550044850017,-0.000198571743458925,-0.0001987067295108803,-0.00019857799120534032,-0.00019863811692996946,-0.00019867370934338252,-0.00019856263894426138,-0.00019869289332135595,-0.00019860733894853385,-0.00019860799565191853,-0.00019868994369934552,-0.00019856775292105813,-0.00019866957283600436,-0.0001986369737989964,-0.00019858664099978138,-0.00019869289616593512,-0.0001985840711392381,-0.0001986425062467224,-0.00019866130575616723,-0.00019857678302563007,-0.00019868393524655797,-0.00019860691762812712,-0.00019861730306409758,-0.0001986765462884638,-0.00019857860436851786,-0.000198666462001775,-0.00019863107054400998,-0.000198598412475189,-0.00019868115706097575,-0.00019859007455455953,-0.00019864497925717615,-0.0001986518188077558,-0.0001985884581780478,-0.0001986758124531299,-0.00019860765029530649,-0.00019862408917359453,-0.0001986657702655219,-0.00019858801121790335,-0.00019866295321661632
-0.0001852516641363695,-0.00018508362967862985,-0.00018501146403479958,-0.00018528137256763392,-0.0001849509601413514,-0.00018517945955982414,-0.00018516077101145327,-0.00018496702267375008,-0.0001852725248966951,-0.00018500715801575066,-0.00018510467620143226,-0.00018521722899540727,-0.00018495576055212182,-0.00018523450914911376,-0.00018507446274036528,-0.00018504168862097992,-0.00018524542506695308,-0.000184974986720645,-0.00018517866222991894,-0.00018513866633894724,-0.00018500058353294288,-0.00018524416835410127,-0.00018501669123161007,-0.0001851180195996665,-0.00018518819670254252,-0.00018498589154954454,-0.00018521795463137625,-0.0001850698142420847,-0.00018506462896927288,-0.0001852159029199781,-0.00018499654264015104,-0.00018517530198565582,-0.00018512275790605367,-0.00018502743751567862,-0.00018521975458062382,-0.00018502687662995908,-0.00018512657414685484,-0.00018516563563878048,-0.00018501106522792927,-0.00018520248121946668,-0.00018506836692812212,-0.00018508177312823052,-0.00018519187561880985,-0.00018501556586453678,-0.00018517037272378545,-0.0001851116315834439,-0.00018504871889501152,-0.00018519897171993097,-0.00018503707741497256,-0.00018513158666952234,-0.00018514831357874278,-0.00018503190089261308,-0.00018518836460596923,-0.0001850691116098602,-0.00018509435082603667,-0.00018517249723566456,-0.00018503211927270582,-0.00018516460107678378,-0.00018510414860627467,-0.00018506541253478286,-0.00018518146264331634,-0.0001850468687561227,-0.00018513403346364255,-0.00018513519413365296,-0.00018504898956993266,-0.00018517573261862195,-0.00018507128583689154,-0.00018510336911738094,-0.00018515701298949205,-0.00018504634636733883,-0.00018515850574470587,-0.00018509940049449804,-0.0001850783632503282,-0.0001851668547576111,-0.00018505598450112472,-0.00018513467044498755,-0.00018512541401045275,-0.00018506287913159646,-0.00018516460932669018,-0.00018507432289158933,-0.00018510964529091045,-0.00018514475987021242,-0.00018505843845396182,-0.00018515244557373986,-0.00018509666954864544,-0.0001850882878061054,-0.00018515478049779274,-0.00018506427515056542,-0.00018513407562362408,-0.00018511826074138496,-0.00018507406616090287,-0.00018515494869110724,-0.0001850778097590808,-0.00018511383659791292,-0.00018513516327879016,-0.000185068610810727,-0.00018514665816033826,-0.0001850953946850113,-0.0001850957881762689,-0.00018514489077113105,-0.0001850716750634904,-0.00018513268471764913,-0.00018511315164325193,-0.0001850829926446457,-0.0001851466598647867,-0.0001850814528053808,-0.00018511646664034844,-0.0001851277311515218,-0.00018507708582775242,-0.00018514129055572338,-0.00018509514223329475,-0.00018510136510096442,-0.00018513686315290974,-0.00018507817716140505,-0.00018513082073140855,-0.00018510961446149997,-0.00018509004601572674,-0.0001851396258898115,-0.00018508505000238028,-0.0001851179484478376,-0.00018512204665019504,-0.00018508408148289153,-0.00018513642344482364,-0.00018509558124143232,-0.0001851054312818654,-0.00018513040624874478,-0.00018508381366805538,-0.00018512871829624974
-0.0001743177750244856,-0.00017421708482825285,-0.0001741738414784288,-0.00017433557701470844,-0.0001741375861235088,-0.00017427450834526365,-0.00017426330972786054,-0.0001741472111704246,-0.00017433027528234344,-0.00017417126121061437,-0.0001742296963993526,-0.00017429714067872444,-0.00017414046264246195,-0.0001743074953529445,-0.00017421159178340284,-0.00017419195276080797,-0.00017431403642746032,-0.0001741519834144955,-0.00017427403056644557,-0.00017425006408858967,-0.00017416732162600212,-0.00017431328337558417,-0.0001741769737376075,-0.00017423769207717185,-0.00017427974384652133,-0.000174158517844258,-0.00017429757549685098,-0.00017420880629398386,-0.00017420569915665044,-0.00017429634606316177,-0.00017416490022807195,-0.00017427201702911046,-0.00017424053138171897,-0.00017418341316358116,-0.00017429865406874264,-0.00017418307706767603,-0.00017424281816289655,-0.00017426622472688374,-0.0001741736025039793,-0.00017428830346477778,-0.00017420793902944262,-0.00017421597233962082,-0.0001742819483396108,-0.00017417629939120877,-0.00017426906329954996,-0.00017423386422771975,-0.00017419616546623357,-0.00017428620049017555,-0.00017418918961779553,-0.0001742458217842835,-0.00017425584494140512,-0.00017418608772393882,-0.0001742798444582007,-0.00017420838526024162,-0.00017422350919174803,-0.00017427033635699832,-0.00017418621858242275,-0.00017426560479302097,-0.00017422938025193462,-0.0001742061686875194,-0.00017427570863996875,-0.00017419505681952934,-0.000174247287960825,-0.00017424798346157337,-0.00017419632766100775,-0.00017427227507450454,-0.0001742096881081776,-0.0001742289131638699,-0.00017426105783278014,-0.00017419474379189284,-0.00017426195232678705,-0.00017422653507176766,-0.00017421392906064262,-0.00017426695525153886,-0.00017420051918817328,-0.0001742476696550173,-0.00017424212298189882,-0.00017420465061278995,-0.0001742656097365588,-0.00017421150798272955,-0.00017423267399455173,-0.0001742537154757343,-0.0001742019896543862,-0.00017425832092991776,-0.00017422489862482993,-0.00017421987608771177,-0.00017425972007128576,-0.00017420548714016545,-0.0001742473132240768,-0.00017423783657495687,-0.00017421135414366854,-0.0001742598208566727,-0.000174213597395679,-0.00017423518552421197,-0.00017424796497261444,-0.0001742080851696312,-0.00017425485297579141,-0.00017422413469657844,-0.00017422437048578786,-0.00017425379391464117,-0.00017420992134190328,-0.00017424647976052747,-0.00017423477508328125,-0.00017421670310251795,-0.00017425485399713697,-0.00017421578039464102,-0.00017423676150745074,-0.00017424351146728498,-0.00017421316359901316,-0.00017425163658095643,-0.00017422398342157677,-0.0001742277123101346,-0.00017424898357713744,-0.00017421381755178638,-0.0001742453628161646,-0.00017423265552084444,-0.00017422092964823843,-0.00017425063907401897,-0.00017421793591962465,-0.00017423764944132376,-0.00017424010518049253,-0.00017421735555998478,-0.0001742487200937182,-0.00017422424648557038,-0.00017423014886129408,-0.00017424511444841126,-0.00017421719507904076,-0.0001742441029876059
-0.00016547392840971715,-0.0001654135890328668,-0.00016538767512189106,-0.0001654845963896887,-0.0001653659488207693,-0.00016544800051841976,-0.00016544128966055106,-0.00016537171670438444,-0.00016548141928566962,-0.0001653861288764982,-0.00016542114661413822,-0.00016546156311883953,-0.0001653676725969424,-0.0001654677682372453,-0.00016541029728336525,-0.00016539852844757325,-0.00016547168802660895,-0.0001653745765084586,-0.00016544771420577727,-0.00016543335210903668,-0.00016538376805002802,-0.0001654712367544629,-0.00016538955215236717,-0.0001654259380857527,-0.00016545113793293683,-0.00016537849231590255,-0.0001654618236869562,-0.0001654086280573427,-0.00016540676608132616,-0.00016546108693933366,-0.0001653823170086389,-0.0001654465075779961,-0.00016542763956090594,-0.0001653934110280578,-0.0001654624700294827,-0.0001653932096199939,-0.0001654290099321676,-0.00016544303649620299,-0.00016538753191460868,-0.00016545626735020878,-0.000165408108342376,-0.00016541292236547193,-0.0001654524589924269,-0.0001653891480450856,-0.0001654447375327709,-0.00016542364421743923,-0.00016540105294379778,-0.0001654550071264553,-0.00016539687261280726,-0.00016543080987545467,-0.00016543681632968178,-0.00016539501377898456,-0.00016545119822526183,-0.0001654083757496247,-0.00016541743888225097,-0.00016544550042226763,-0.00016539509219694055,-0.00016544266499605333,-0.0001654209571603591,-0.00016540704745132153,-0.00016544871980428126,-0.0001654003885787078,-0.00016543168849305774,-0.00016543210527724653,-0.00016540115014026743,-0.00016544666221368916,-0.00016540915649130092,-0.00016542067725423305,-0.00016543994019505224,-0.0001654002009944818,-0.00016544047622748633,-0.00016541925216419538,-0.0001654116979147817,-0.00016544347426873806,-0.00016540366194525623,-0.00016543191722624698,-0.00016542859333959186,-0.00016540613773332894,-0.0001654426679585065,-0.0001654102470651653,-0.00016542293096103144,-0.0001654355402309511,-0.000165404543133478,-0.0001654383000848986,-0.00016541827151074387,-0.00016541526171663028,-0.00016543913853115681,-0.00016540663902881198,-0.00016543170363225626,-0.0001654260246771651,-0.00016541015487592123,-0.00016543919892757743,-0.0001654114991619937,-0.00016542443601455512,-0.00016543209419759525,-0.0001654081959180114,-0.0001654362218866354,-0.00016541781372084595,-0.00016541795501934866,-0.00016543558723607118,-0.0001654092962584103,-0.0001654312041727947,-0.00016542419005466112,-0.0001654133602807754,-0.0001654362224986846,-0.00016541280734096208,-0.0001654253804346686,-0.00016542942540017074,-0.00016541123920599523,-0.0001654342944372182,-0.0001654177230681342,-0.0001654199576333684,-0.00016543270460421351,-0.0001654116310922394,-0.00016543053483526876,-0.00016542291989051985,-0.0001654158930709034,-0.00016543369667349083,-0.00016541409905593694,-0.00016542591253589184,-0.0001654273841565331,-0.00016541375127094565,-0.00016543254670974193,-0.00016541788071126174,-0.00016542141775544706,-0.0001654303859989766,-0.00016541365510150196,-0.00016542977987328623
-0.00015820970314844862,-0.0001582380673570907,-0.0001582502489144089,-0.00015820468836663453,-0.00015826046196880565,-0.00015822189127760733,-0.0001582250459037021,-0.0001582577506140847,-0.000158206181853077,-0.00015825097577022387,-0.00015823451470502165,-0.0001582155157986396,-0.00015825965165969114,-0.00015821259890949857,-0.0001582396147358429,-0.00015824514700566906,-0.00015821075630307558,-0.00015825640628333966,-0.0001582220258668582,-0.00015822877717139186,-0.0001582520855426157,-0.00015821096843614645,-0.0001582493665638307,-0.00015823226234002103,-0.0001582204164483233,-0.0001582545655487292,-0.00015821539331132181,-0.0001582403994021362,-0.0001582412746759454,-0.0001582157396401103,-0.00015825276764513079,-0.00015822259307593335,-0.00015823146251412351,-0.00015824755259158033,-0.00015821508947997266,-0.00015824764726906366,-0.000158230818332854,-0.0001582242247548358,-0.00015825031623299004,-0.00015821800522253164,-0.0001582406437086657,-0.00015823838074271164,-0.00015821979544742868,-0.00015824955652574027,-0.00015822342513510754,-0.00015823334063686195,-0.00015824396029573987,-0.00015821859762588986,-0.00015824592537702837,-0.00015822997221926112,-0.00015822714871776357,-0.0001582467991737616,-0.00015822038810623268,-0.000158240518006423,-0.00015823625762790764,-0.00015822306651760127,-0.00015824676231121214,-0.00015822439938885266,-0.0001582346037630597,-0.0001582411424101238,-0.0001582215531572071,-0.00015824427259909815,-0.00015822955920052756,-0.00015822936327948385,-0.00015824391460582578,-0.00015822252038510872,-0.00015824015099700134,-0.00015823473534074865,-0.00015822568025763417,-0.00015824436077830056,-0.0001582254282806236,-0.0001582354052441065,-0.00015823895632994278,-0.00015822401896763396,-0.00015824273386176628,-0.00015822945167810618,-0.00015823101416382462,-0.0001582415700484637,-0.00015822439799626886,-0.00015823963834230977,-0.00015823367592294912,-0.000158227748583598,-0.00015824231963464165,-0.00015822645123720046,-0.00015823586622763924,-0.00015823728106538972,-0.00015822605710212907,-0.00015824133440052674,-0.00015822955208392463,-0.0001582322216353102,-0.0001582396816784377,-0.0001582260287111054,-0.00015823904975923958,-0.00015823296843052226,-0.00015822936848778325,-0.00015824060254129337,-0.00015822742815231318,-0.00015823608142456134,-0.00015823601500325536,-0.00015822772648752906,-0.00015824008529556957,-0.00015822978686878844,-0.00015823308405083715,-0.00015823817488839754,-0.00015822742786460235,-0.00015823843481319375,-0.0001582325244794816,-0.00015823062303052006,-0.0001582391719588141,-0.00015822833420372224,-0.00015823612403839934,-0.00015823507361862645,-0.00015822908154911102,-0.00015823898774174435,-0.00015823010150957904,-0.00015823368112695218,-0.0001582369842796875,-0.00015822861519925065,-0.00015823782760650775,-0.00015823227435044645,-0.00015823158257407933,-0.00015823799109255236,-0.00015822915577181547,-0.00015823604993384614,-0.0001582343872474797,-0.0001582301714742334,-0.00015823803629968423,-0.00015823045640053597
-0.00015233587932549322,-0.0001523519403131413,-0.00015235883801453996,-0.0001523330397486945,-0.00015236462106819695,-0.00015234278074813967,-0.0001523445670278622,-0.0001523630857870533,-0.00015233388542246627,-0.00015235924959035416,-0.0001523499286546558,-0.0001523391706883547,-0.0001523641622376742,-0.0001523375190251246,-0.00015235281650296698,-0.00015235594910287362,-0.00015233647566518556,-0.00015236232457140427,-0.0001523428569581381,-0.00015234667982589695,-0.0001523598779893658,-0.0001523365957837009,-0.0001523583383911619,-0.0001523486532724687,-0.0001523419456388224,-0.00015236128227136286,-0.00015233910133097115,-0.0001523532608134642,-0.00015235375642968306,-0.0001523392974366501,-0.0001523602642240113,-0.00015234317813536764,-0.0001523482003779768,-0.00015235731124507525,-0.00015233892928909938,-0.00015235736485538076,-0.00015234783561590841,-0.00015234410205942377,-0.00015235887613310387,-0.00015234058030308732,-0.00015235339914992203,-0.00015235211776503678,-0.00015234159400244067,-0.00015235844595544904,-0.00015234364928167344,-0.0001523492638487221,-0.00015235527713864733,-0.0001523409157463616,-0.00015235638984891894,-0.00015234735651140964,-0.0001523457577281244,-0.00015235688462875632,-0.0001523419295903589,-0.00015235332797211505,-0.0001523509155696548,-0.00015234344621761441,-0.00015235686375565674,-0.00015234420094442435,-0.00015234997908299906,-0.00015235368153530636,-0.00015234258929038952,-0.00015235545397772094,-0.0001523471226431265,-0.00015234701170453122,-0.00015235525126712894,-0.00015234313697481733,-0.00015235312015620655,-0.0001523500535877266,-0.00015234492622528582,-0.00015235550390843108,-0.00015234478354548447,-0.0001523504329147049,-0.00015235244368632463,-0.00015234398553420184,-0.0001523545826810247,-0.000152347061759486,-0.0001523479465035006,-0.00015235392368181507,-0.00015234420015588582,-0.00015235282986992454,-0.000152349453701567,-0.00015234609739696125,-0.00015235434812850058,-0.0001523453627857923,-0.00015235069394264046,-0.00015235149508227106,-0.00015234513961021943,-0.00015235379024821033,-0.00015234711861341168,-0.00015234863022377848,-0.0001523528544086319,-0.000152345123534048,-0.0001523524965898553,-0.0001523490530901037,-0.00015234701465368568,-0.00015235337583925374,-0.00015234591595551957,-0.00015235081579603502,-0.0001523507781855454,-0.00015234608488525343,-0.00015235308295333947,-0.0001523472515583087,-0.00015234911855910633,-0.0001523520012018131,-0.0001523459157926058,-0.00015235214838197928,-0.0001523488017066694,-0.0001523477250276522,-0.00015235256578430671,-0.00015234642899928798,-0.00015235083992575196,-0.00015235024513464708,-0.000152346852177146,-0.0001523524614729854,-0.00015234742972093315,-0.00015234945664828868,-0.0001523513270299359,-0.0001523465881105739,-0.00015235180455644879,-0.00015234866007326814,-0.00015234826836088767,-0.00015235189712900656,-0.00015234689420511,-0.0001523507979646901,-0.00015234985648292584,-0.00015234746933781313,-0.0001523519227271537,-0.0001523476306748659
-0.00014750159991123798,-0.00014751066594463687,-0.00014751455952781033,-0.00014749999703981688,-0.00014751782391968652,-0.0001475054955949645,-0.00014750650390603348,-0.00014751695729115595,-0.00014750047440190863,-0.00014751479185225758,-0.0001475095304127869,-0.00014750345780480492,-0.00014751756492111589,-0.0001475025254814425,-0.00014751116053229223,-0.0001475129288080671,-0.00014750193653036045,-0.0001475165276036019,-0.00014750553861363845,-0.0001475076965286771,-0.00014751514656807907,-0.0001475020043343147,-0.00014751427750267393,-0.00014750881049083948,-0.00014750502419624806,-0.00014751593925080604,-0.0001475034186542639,-0.00014751141133466475,-0.0001475116910978581,-0.00014750352935110733,-0.00014751536458805845,-0.000147505719910303,-0.00014750855484301262,-0.00014751369770391365,-0.0001475033215408491,-0.00014751372796561554,-0.00014750834894377608,-0.0001475062414427601,-0.00014751458104480424,-0.00014750425349773026,-0.00014751148942220048,-0.00014751076611187728,-0.00014750482570613955,-0.00014751433822007444,-0.00014750598586083096,-0.00014750915514615128,-0.00014751254950075103,-0.00014750444284722698,-0.000147513177598394,-0.0001475080785010435,-0.0001475071760271123,-0.00014751345688947056,-0.00014750501513728425,-0.00014751144924407512,-0.00014751008750208541,-0.00014750587123615273,-0.00014751344510711807,-0.00014750629726091632,-0.00014750955887834916,-0.00014751164882182034,-0.0001475053875217628,-0.00014751264932206853,-0.00014750794648813668,-0.00014750788386602202,-0.00014751253489691377,-0.00014750569667618243,-0.00014751133193709445,-0.00014750960093443957,-0.0001475067066641646,-0.00014751267750672914,-0.00014750662612491802,-0.0001475098150552103,-0.00014751095008644634,-0.00014750617566713177,-0.0001475121574964647,-0.00014750791212081568,-0.00014750841153710075,-0.00014751178550758234,-0.00014750629681580568,-0.00014751116807761174,-0.00014750926231342336,-0.00014750736776183543,-0.0001475120250973206,-0.00014750695309185755,-0.00014750996239907443,-0.00014751041462273635,-0.00014750682711472325,-0.00014751171018758687,-0.00014750794421346155,-0.00014750879748041945,-0.00014751118192910987,-0.00014750681804011898,-0.00014751097994919116,-0.00014750903617808314,-0.00014750788553074734,-0.00014751147626390027,-0.00014750726534259407,-0.00014751003118232544,-0.00014751000995212702,-0.00014750736069928338,-0.00014751131093698893,-0.00014750801925759354,-0.00014750907313372852,-0.00014751070031479794,-0.00014750726525063326,-0.00014751078339439,-0.0001475088942783033,-0.00014750828651941922,-0.00014751101900776101,-0.00014750755494321148,-0.00014751004480295852,-0.0001475097090579757,-0.0001475077938167278,-0.00014751096012657986,-0.00014750811982602302,-0.00014750926397677543,-0.0001475103197613171,-0.00014750764475762789,-0.00014751058931331533,-0.00014750881432972388,-0.00014750859321769754,-0.00014751064156825252,-0.00014750781754048213,-0.00014751002111696883,-0.00014750948967361637,-0.00014750814218877957,-0.0001475106560177784,-0.00014750823325958672
-0.0001435063725602669,-0.00014351147503275475,-0.0001435136663881301,-0.00014350547044497924,-0.0001435155036270862,-0.00014350856509785876,-0.00014350913258743907,-0.00014351501587814023,-0.000143505739110098,-0.00014351379714311942,-0.00014351083594179085,-0.00014350741820508132,-0.00014351535785957984,-0.00014350689348229494,-0.0001435117533926276,-0.00014351274859947225,-0.00014350656201355213,-0.0001435147740448239,-0.00014350858930928514,-0.00014350980380978734,-0.0001435139967814442,-0.00014350660017443197,-0.00014351350766099596,-0.00014351043076107198,-0.00014350829978899924,-0.00014351444291280376,-0.00014350739617068658,-0.00014351189454721522,-0.00014351205200130066,-0.00014350745847219965,-0.0001435141194857072,-0.0001435086913452255,-0.00014351028687940447,-0.00014351318134328978,-0.00014350734151409033,-0.00014351319837493907,-0.0001435101709968411,-0.00014350898486995638,-0.00014351367849815272,-0.00014350786603061665,-0.00014351193849581822,-0.00014351153140808076,-0.00014350818807638211,-0.00014351354183347824,-0.0001435088410253769,-0.00014351062473722106,-0.00014351253512075895,-0.00014350797259878766,-0.00014351288862165642,-0.00014351001878842295,-0.000143509510865255,-0.00014351304581002882,-0.0001435082946905056,-0.0001435119158830867,-0.00014351114947833921,-0.00014350877651323125,-0.00014351303917877931,-0.00014350901628508515,-0.0001435108519625512,-0.0001435120282078388,-0.0001435085042729628,-0.00014351259130139537,-0.0001435099444899734,-0.00014350990924549514,-0.00014351252690154393,-0.00014350867826878335,-0.00014351184986130904,-0.000143510875632224,-0.00014350924670215057,-0.0001435126071640609,-0.00014350920137369522,-0.00014351099614196556,-0.0001435116349511779,-0.00014350894785064274,-0.00014351231449603828,-0.00014350992514763238,-0.00014351020622511602,-0.0001435121051362274,-0.0001435090160345715,-0.00014351175763922407,-0.00014351068505224896,-0.00014350961877586006,-0.00014351223998020977,-0.00014350938539461596,-0.00014351107906886203,-0.00014351133358577055,-0.00014350931449317168,-0.00014351206274522928,-0.00014350994320975894,-0.00014351042343865132,-0.00014351176543501358,-0.00014350930938587542,-0.00014351165175828938,-0.0001435105577805634,-0.00014350991018242254,-0.00014351193109016883,-0.0001435095611330809,-0.00014351111778090184,-0.00014351110583229115,-0.00014350961480097095,-0.0001435118380421974,-0.00014350998544549774,-0.0001435105785796445,-0.0001435114943766942,-0.00014350956108132422,-0.0001435115411348865,-0.00014351047791766295,-0.0001435101358636633,-0.00014351167374092162,-0.00014350972412378673,-0.00014351112544675772,-0.0001435109364854488,-0.00014350985856467077,-0.00014351164060188564,-0.00014351004204661777,-0.0001435106859884035,-0.00014351128019662442,-0.000143509774672419,-0.0001435114319037266,-0.0001435104329216422,-0.00014351030847713803,-0.00014351146131343285,-0.00014350987191668466,-0.00014351111211599824,-0.00014351081301329637,-0.00014351005463264575,-0.0001435114694457996,-0.00014351010588838987
-0.0001401927515695548,-0.0001401956153582187,-0.00014019684526758074,-0.0001401922452527563,-0.00014019787642729947,-0.00014019398214244188,-0.0001401943006488583,-0.0001401976026757201,-0.0001401923960424222,-0.00014019691865448428,-0.00014019525666516115,-0.00014019333844303094,-0.00014019779461454433,-0.00014019304393969538,-0.00014019577158911464,-0.00014019633015402346,-0.00014019285790117575,-0.00014019746694553996,-0.00014019399573122823,-0.0001401946773758189,-0.00014019703070251055,-0.00014019287931916387,-0.00014019675618116853,-0.00014019502925541964,-0.00014019383323649363,-0.00014019728109600764,-0.00014019332607611472,-0.00014019585081284565,-0.0001401959391847528,-0.00014019336104315614,-0.00014019709957090293,-0.00014019405299941929,-0.00014019494850110115,-0.00014019657303369445,-0.00014019329539982178,-0.00014019658259279433,-0.00014019488346142243,-0.00014019421774166902,-0.0001401968520643926,-0.00014019358978739285,-0.00014019587547922286,-0.00014019564699915745,-0.00014019377053721847,-0.0001401967753606482,-0.00014019413700816637,-0.000140195138125521,-0.00014019621033800866,-0.00014019364959932143,-0.00014019640874218727,-0.00014019479803367276,-0.00014019451295920856,-0.00014019649696496165,-0.0001401938303749381,-0.00014019586278771215,-0.00014019543263914534,-0.00014019410080039617,-0.00014019649324313908,-0.00014019423537356998,-0.00014019526565689448,-0.0001401959258305512,-0.00014019394800415932,-0.0001401962418696769,-0.00014019475633328965,-0.00014019473655214675,-0.00014019620572493238,-0.00014019404566019956,-0.00014019582573265328,-0.00014019527894161885,-0.00014019436469632116,-0.0001401962507726787,-0.00014019433925549482,-0.0001401953465783249,-0.00014019570511324795,-0.00014019419696439074,-0.00014019608651126084,-0.00014019474547730224,-0.0001401949032334711,-0.000140195969007001,-0.00014019423523296796,-0.00014019577397253853,-0.0001401951719776375,-0.0001401945735245851,-0.00014019604468887268,-0.00014019444253817354,-0.00014019539312146777,-0.00014019553597037862,-0.00014019440274437694,-0.00014019594521483744,-0.00014019475561476274,-0.00014019502514567376,-0.0001401957783479651,-0.0001401943998778809,-0.00014019571454632483,-0.00014019510054575596,-0.00014019473707800205,-0.00014019587132276442,-0.00014019454117228177,-0.00014019541484879724,-0.00014019540814257865,-0.00014019457129365836,-0.0001401958190991167,-0.0001401947793197862,-0.00014019511221934612,-0.0001401956262151032,-0.0001401945411432331,-0.0001401956524583767,-0.00014019505572229643,-0.0001401948637427475,-0.0001401957268841891,-0.00014019463265164532,-0.0001401954191512979,-0.00014019531309580113,-0.00014019470810727603,-0.00014019570828473644,-0.000140194811087453,-0.00014019517250305898,-0.0001401955060054485,-0.00014019466102232258,-0.00014019559115183204,-0.00014019503046805069,-0.00014019496062293908,-0.0001401956076581794,-0.0001401947156011618,-0.00014019541166934124,-0.0001401952437964269,-0.0001401948181514253,-0.00014019561222251164,-0.00014019484691897268
-0.00013743598541833757,-0.00013743758858374936,-0.0001374382770941041,-0.00013743570197927344,-0.00013743885434326216,-0.00013743667430013746,-0.00013743685260186644,-0.00013743870109554908,-0.00013743578639219812,-0.00013743831817651596,-0.00013743738778530687,-0.00013743631395349447,-0.00013743880854400994,-0.0001374361490888286,-0.00013743767604270602,-0.00013743798873056367,-0.00013743604494339227,-0.00013743862511301138,-0.0001374366819072184,-0.00013743706349579187,-0.00013743838090164734,-0.00013743605693330557,-0.0001374382272230167,-0.00013743726048002193,-0.00013743659094172874,-0.00013743852107337125,-0.00013743630703042344,-0.0001374377203926076,-0.0001374377698637109,-0.0001374363266051749,-0.0001374384194545706,-0.00013743671396628207,-0.00013743721527328866,-0.00013743812469600434,-0.0001374362898576577,-0.0001374381300472436,-0.00013743717886370138,-0.0001374368061899437,-0.00013743828089899857,-0.00013743645465751796,-0.0001374377342009878,-0.00013743760629652936,-0.00013743655584231288,-0.00013743823795980004,-0.00013743676099486327,-0.0001374373214261326,-0.0001374379216568675,-0.00013743648814058059,-0.00013743803272467104,-0.00013743713104075438,-0.00013743697145442507,-0.00013743808211228898,-0.00013743658933981347,-0.0001374377270962069,-0.00013743748629655822,-0.00013743674072554465,-0.00013743808002879125,-0.00013743681606038355,-0.00013743739281893105,-0.00013743776238795183,-0.00013743665518932996,-0.00013743793930847726,-0.00013743710769663939,-0.0001374370966230415,-0.00013743791907444079,-0.00013743670985774456,-0.00013743770635257123,-0.00013743740025579638,-0.00013743688845600555,-0.000137437944292429,-0.00013743687421408424,-0.00013743743811921454,-0.0001374376388291324,-0.00013743679455870348,-0.00013743785233793986,-0.00013743710161939505,-0.00013743718993220827,-0.00013743778655837745,-0.0001374368159816737,-0.00013743767737696045,-0.00013743734037674268,-0.00013743700535927218,-0.00013743782892552573,-0.0001374369320323235,-0.00013743746417433438,-0.0001374375441419786,-0.00013743690975552664,-0.0001374377732393871,-0.0001374371072944039,-0.00013743725817936248,-0.00013743767982634948,-0.00013743690815084562,-0.00013743764410982328,-0.0001374373003887634,-0.00013743709691741834,-0.00013743773187417841,-0.0001374369872482662,-0.00013743747633741872,-0.0001374374725832389,-0.00013743700411038653,-0.00013743770263907918,-0.00013743712056461276,-0.0001374373069237065,-0.00013743759466149593,-0.00013743698723200456,-0.0001374376093526318,-0.00013743727529633222,-0.0001374371678250734,-0.00013743765101663084,-0.00013743703845894154,-0.00013743747874598341,-0.0001374374193755046,-0.00013743708069943882,-0.00013743764060454998,-0.00013743713834833587,-0.00013743734067087665,-0.00013743752736743788,-0.0001374370543410103,-0.00013743757503287447,-0.00013743726115885978,-0.00013743722205916345,-0.00013743758427322295,-0.0001374370848945593,-0.00013743747455754093,-0.0001374373805813152,-0.0001374371423027883,-0.00013743758682836248,-0.00013743715840702723
-0.00013513642408796234,-0.00013513731939582545,-0.00013513770390308208,-0.0001351362657978564,-0.0001351380262751258,-0.00013513680880265717,-0.00013513690837749755,-0.00013513794069201532,-0.0001351363129393146,-0.0001351377268460711,-0.00013513720725741283,-0.00013513660756254775,-0.00013513800069795805,-0.00013513651549180406,-0.00013513736823837845,-0.00013513754286284053,-0.00013513645733047688,-0.00013513789825861266,-0.0001351368130509271,-0.00013513702615385945,-0.00013513776187570864,-0.00013513646402639457,-0.00013513767605194686,-0.00013513713616217723,-0.0001351367622501067,-0.00013513784015636867,-0.00013513660369627177,-0.0001351373930061381,-0.0001351374206338972,-0.00013513661462803762,-0.00013513778340607294,-0.00013513683095471395,-0.00013513711091590915,-0.00013513761879444886,-0.00013513659410592502,-0.00013513762178291565,-0.00013513709058251777,-0.00013513688245817628,-0.00013513770602797322,-0.0001351366861404772,-0.0001351374007176015,-0.00013513732928774994,-0.000135136742648397,-0.0001351376820480384,-0.00013513685721841585,-0.00013513717019829834,-0.00013513750540469232,-0.00013513670483951412,-0.00013513756743190243,-0.00013513706387519226,-0.00013513697475220194,-0.00013513759501303807,-0.000135136761355497,-0.00013513739674984735,-0.00013513726227225862,-0.00013513684589876027,-0.0001351375938494826,-0.0001351368879704474,-0.00013513721006850346,-0.00013513741645896564,-0.00013513679812998666,-0.00013513751526245552,-0.000135137050838378,-0.00013513704465418816,-0.0001351375039625037,-0.00013513682866024955,-0.00013513738516530342,-0.00013513721422171433,-0.00013513692840069194,-0.000135137518045806,-0.00013513692044711209,-0.00013513723536701585,-0.00013513734745599078,-0.00013513687596256407,-0.0001351374666926664,-0.00013513704744446455,-0.0001351370967638645,-0.00013513742995724346,-0.0001351368879264909,-0.0001351373689835096,-0.00013513718078150458,-0.00013513699368678973,-0.00013513745361770963,-0.0001351369527364341,-0.00013513724991782482,-0.00013513729457676027,-0.00013513694029567704,-0.00013513742251908598,-0.00013513705061374452,-0.00013513713487734507,-0.00013513737035140166,-0.00013513693939952277,-0.00013513735040505894,-0.00013513715844971523,-0.0001351370448185866,-0.00013513739941816555,-0.00013513698357247092,-0.00013513725671045207,-0.0001351372546138832,-0.00013513699298933383,-0.00013513738309145715,-0.00013513705802465937,-0.00013513716209923631,-0.00013513732279001937,-0.0001351369835633894,-0.00013513733099446875,-0.00013513714443653184,-0.00013513708441785732,-0.0001351373542622524,-0.00013513701217171588,-0.00013513725805554527,-0.00013513722489935559,-0.0001351370357614522,-0.00013513734844749502,-0.00013513706795620294,-0.00013513718094576742,-0.0001351372852088073,-0.00013513702104125667,-0.00013513731182816915,-0.00013513713654128277,-0.0001351371147055662,-0.00013513731698855782,-0.00013513703810426995,-0.00013513725571645695,-0.00013513720323425317,-0.00013513707016461657,-0.00013513731841550757,-0.00013513707915823112
-0.00013321388529961034,-0.00013321438418482636,-0.00013321459844071944,-0.00013321379709688483,-0.0001332147780735064,-0.00013321409967109255,-0.0001332141551563818,-0.00013321473038471656,-0.00013321382336514129,-0.00013321461122505707,-0.00013321432169883856,-0.00013321398753568124,-0.0001332147638213465,-0.00013321393623183959,-0.00013321441140097022,-0.00013321450870555792,-0.00013321390382306996,-0.0001332147067398921,-0.0001332141020383219,-0.0001332142207839588,-0.00013321463074434091,-0.00013321390755418244,-0.00013321458292145486,-0.00013321428208301096,-0.0001332140737309884,-0.00013321467436404493,-0.0001332139853813073,-0.00013321442520211016,-0.00013321444059690468,-0.00013321399147272746,-0.00013321464274153305,-0.00013321411201470536,-0.0001332142680152356,-0.00013321455101631872,-0.00013321398003735533,-0.0001332145526815581,-0.00013321425668502305,-0.00013321414071356638,-0.00013321459962475546,-0.0001332140313210303,-0.00013321442949910706,-0.00013321438969682406,-0.000133214062808485,-0.00013321458626260881,-0.00013321412664941723,-0.0001332143010486856,-0.0001332144878330546,-0.0001332140417405446,-0.00013321452239597914,-0.00013321424180311439,-0.00013321419214182569,-0.00013321453776479403,-0.00013321407323249222,-0.00013321442728818724,-0.00013321435235431962,-0.00013321412034185637,-0.00013321453711643533,-0.000133214143785125,-0.00013321432326524006,-0.00013321443827054108,-0.000133214093724046,-0.00013321449332601688,-0.000133214234538715,-0.00013321423109274852,-0.00013321448702943538,-0.00013321411073617938,-0.0001332144208330248,-0.00013321432557950041,-0.00013321416631374572,-0.0001332144948769609,-0.00013321416188183624,-0.00013321433736212707,-0.00013321439982056713,-0.0001332141370940685,-0.00013321446626186304,-0.00013321423264755185,-0.00013321426012940528,-0.0001332144457920781,-0.00013321414376063145,-0.00013321441181617368,-0.00013321430694588067,-0.0001332142026925941,-0.00013321445897620978,-0.00013321417987415603,-0.0001332143454701576,-0.00013321437035509784,-0.0001332141729418928,-0.00013321444164737328,-0.00013321423441354428,-0.00013321428136707424,-0.0001332144125783932,-0.00013321417244253596,-0.00013321440146385268,-0.0001332142945021169,-0.00013321423118435493,-0.00013321442877503277,-0.00013321419705667338,-0.00013321434925515877,-0.00013321434808690453,-0.00013321420230395634,-0.00013321441967743206,-0.00013321423854306889,-0.00013321429653571023,-0.0001332143860761458,-0.00013321419705161297,-0.00013321439064784528,-0.00013321428669366316,-0.0001332142532499388,-0.00013321440361316564,-0.00013321421299280115,-0.00013321435000467427,-0.00013321433152931676,-0.00013321422613752062,-0.00013321440037305506,-0.00013321424407714322,-0.00013321430703741154,-0.00013321436513506857,-0.0001332142179351042,-0.00013321437996796198,-0.0001332142822942569,-0.00013321427012691575,-0.00013321438284344395,-0.00013321422744299016,-0.00013321434870128284,-0.0001332143194570456,-0.00013321424530771985,-0.0001332143836385717,-0.00013321425031915949
0.014604344698050067,-0.002859349457342782,-0.01035947026191888,0.0176919194991789,-0.016647594165807227,0.0071001776458266665,0.005157890942568478,-0.014978227317216668,0.016772387747525357,-0.01080699156623694,-0.0006720002540905065,0.011025526531515827,-0.016148691103645932,0.01282143984208135,-0.0038120624207857445,-0.007218251870602638,0.0139559229304636,-0.014150529944411416,0.007017311751577309,0.002860569040600488,-0.011490272594003962,0.013825313713876092,-0.009816211649274766,0.0007147690365101492,0.008008222283090234,-0.013017199321154495,0.01110094132917771,-0.0042951773327272146,-0.004834078815888273,0.010887708514701626,-0.01191023952686337,0.006668084105724474,0.0012072176370727743,-0.008699358470439922,0.011288008693677118,-0.008757650899231362,0.0016038366583822268,0.005663467982926676,-0.010400917958445692,0.009492801327631886,-0.004445595578661263,-0.0030522993367553437,0.00839056926941871,-0.009933170198399104,0.006155789646161044,5.0867339967383224e-05,-0.006487600805529984,0.00912806169413797,-0.007697491024781554,0.002124784349646735,0.0038631993790402782,-0.008235483080044145,0.00802567235928884,-0.0043682013686181555,-0.0017451087127589209,0.006376588559583292,-0.00821278700210658,0.005555946736760516,-0.0007268328199452098,-0.004752643444828138,0.0073083565987997635,-0.006679884341502137,0.002379077812733284,0.0024997053694243284,-0.006459469765612019,0.006712839464329582,-0.0041422355970087855,-0.0008078445113624006,0.004767322561280543,-0.00673417581287223,0.0049224634820993285,-0.0012203004872236396,-0.003406685369206742,0.005790170081315284,-0.005732491855130972,0.0024452788023476228,0.0014832645592020553,-0.005015938122685136,0.005556804143295608,-0.003826596798343113,-0.00015556654135768242,0.003493865138158335,-0.005477454392010003,0.004292634495214626,-0.001504125625032453,-0.0023752337904494906,0.004535301386780896,-0.004870850926660599,0.002383459467739164,0.0007398307130019747,-0.0038532786244935163,0.004552781590799504,-0.0034642092960973595,0.00028003282669651397,0.0024964986468603554,-0.004420249043917003,0.0036911529957907134,-0.001636621238707138,-0.001595725989788834,0.0035074695716681213,-0.004101783570851854,0.0022389036613184774,0.00020884600661956254,-0.0029255559177056353,0.0036913301378251246,-0.0030855902483555467,0.0005533711486542135,0.0017240832787015878,-0.00353944693175021,0.0031333019061854663,-0.0016628583547468373,-0.0010161204224547699,0.0026731652789703493,-0.0034260254503033828,0.0020451809805450776,-0.00015877061867912694,-0.0021925043937445613,0.0029602944364858774,-0.0027117362837548275,0.0007073742807267331,0.0011332973534106366,-0.0028123937820021434,0.002627466750007726,-0.0016172325709101752,-0.0005935253155332491,0.002002104110658091,-0.002840227575447924,0.0018266764839756104
0.056324105579780855,-0.012598141075356844,-0.04219813128571536,0.06850953382400346,-0.06701485235546836,0.026708146441205113,0.019042714256822937,-0.0604265261586918,0.06488050816478318,-0.04396431966746238,-0.003965544789254456,0.042199935389157645,-0.06504588063612193,0.04928769007958313,-0.016358119764498396,-0.029800993152309788,0.05376504306961004,-0.057159934223635675,0.02638110775443395,0.009976099520856947,-0.0466609577963426,0.053249580501325285,-0.04005410587133173,0.0015074813786387518,0.03029183703418473,-0.052687129554538026,0.04249756756478153,-0.018264781941889015,-0.020391611501245237,0.04165602255697735,-0.04831840004630318,0.02500284530136474,0.003450979908271078,-0.03564633111392398,0.04323584796080948,-0.03587638811787408,0.005016277248660422,0.02103802551048354,-0.042361708839117836,0.0361508793522931,-0.018858422860898023,-0.013359637415284733,0.03180080833573733,-0.04051569469093925,0.022981023069028644,-0.0011126742468967994,-0.026917404349294363,0.03471139726099632,-0.0316923592571679,0.007072250340737818,0.013933082211631575,-0.033815599666750004,0.03036070553618719,-0.018552978732822557,-0.008200676555646486,0.023852428456495038,-0.03372602728488175,0.020613681967645937,-0.004181947091937071,-0.0200702185198567,0.0275297458701432,-0.027676270897005993,0.00807584537794408,0.0085519143093906,-0.02680638233673279,0.02517947687985398,-0.01766118181357393,-0.004501667978487372,0.017501296383187523,-0.02789053771522581,0.018113575819361426,-0.006129467472096538,-0.01475825796614958,0.021538068239081522,-0.02393729001221228,0.008337114322212931,0.004540427185925714,-0.02110933776740956,0.020617065809814122,-0.016415481165017346,-0.0019273865729409413,0.012475467034581958,-0.022930758703136652,0.015627891610833427,-0.007249612269693483,-0.01068752931667964,0.01658560120003859,-0.020536736379528662,0.008093138025443845,0.0016063898360012773,-0.01652078370792633,0.01665458860454948,-0.014985281999120463,-0.0002082493262214448,0.008539258652371982,-0.01875839018144586,0.013254083647127442,-0.007772519696103637,-0.007611122433423092,0.012529158316255902,-0.017501533774637854,0.007522633820725956,-0.0004891953579305179,-0.01285943161049159,0.013254782756197955,-0.013491023386675838,0.0008705081851412028,0.0054908427759396815,-0.015282214986841954,0.011052467537013812,-0.007876067145292627,-0.005323650062512761,0.009236491499309888,-0.014834585564870236,0.006758087541562238,-0.0019400317902406581,-0.009966369152124621,0.010369675947003392,-0.012015570659896667,0.0014782972222097568,0.00315924598427732,-0.012412825722895367,0.009056137602997167,-0.007696000345024407,-0.003655835456087975,0.006588080289656412,-0.012522674621997042,0.005895737303759489
0.06491036407029965,-0.03663625580957572,-0.08024741331259724,0.08286376968374434,-0.1168111393000067,0.02127567874045496,0.009981811142997676,-0.10710422624338153,0.07751694326650527,-0.08284962767648649,-0.023917416593153905,0.04410051222895709,-0.11391015402395874,0.05454325845793231,-0.04217602192621359,-0.0619820848486215,0.06113996828982799,-0.1022913916996735,0.020793836159528463,-0.003376489331407769,-0.08682272055021631,0.06038051130715267,-0.07708851260443265,-0.015853731283466843,0.026555710719581682,-0.0957013831382516,0.04453902871483612,-0.04498520341351479,-0.04811876860174608,0.0432991380385079,-0.08926471375702141,0.018763172618961897,-0.012990276941748008,-0.07059431588960127,0.045626774433795876,-0.07093327046906697,-0.01068404547458721,0.01292160378254023,-0.08048842036681234,0.03518813307972398,-0.04585984450072976,-0.03775820674883473,0.028778954194727188,-0.0777685946777873,0.015784320018305854,-0.019714138630077066,-0.05773354812382737,0.033067271560507885,-0.06476872986129376,-0.0076548766909710665,0.0024535327104141143,-0.06789700697425916,0.026657178154755885,-0.04540981827155856,-0.030157249687610035,0.01706820549704089,-0.0677650354693426,0.012296397052721626,-0.024236253013005336,-0.047645244123119865,0.022486182590124214,-0.05885162445766495,-0.006176229538529223,-0.0054748131865621965,-0.057569973796886185,0.019023412826298394,-0.04409588892125591,-0.02470731391002791,0.007710762497800422,-0.05916731456062267,0.00861286465179022,-0.02710563294981884,-0.039818864900991305,0.013658341938200015,-0.05334279546452354,-0.005791288834218797,-0.0113851393562495,-0.049176230885189465,0.012301382637943559,-0.04226053536878055,-0.020914495363922547,0.00030595480199778827,-0.05185982215473986,0.004950580821610012,-0.02875599873869316,-0.03382125520509453,0.006361622630751032,-0.04833258839963947,-0.006150751409367794,-0.015708004467959027,-0.04241568291280457,0.006463265250983938,-0.04015335085144271,-0.018381603808784203,-0.005493459403929866,-0.045712461312153216,0.0014531299018161435,-0.02952642460608728,-0.02928862988408583,0.0003850608734856792,-0.04386067141876317,-0.006991304009259569,-0.018795535757803076,-0.03702122832479711,0.001454159934446874,-0.03795178432272259,-0.016792215994759174,-0.009984844163755778,-0.04059083718854403,-0.001790622081106967,-0.029678986282071784,-0.02591838154472423,-0.00446619110796103,-0.03993132219932072,-0.008117748577720596,-0.020933126199926162,-0.032758733586073605,-0.002796613345362936,-0.035777925453225015,-0.01589672977210054,-0.013420103236211237,-0.036363221360358335,-0.004731915593762563,-0.0294136847893431,-0.023461106222343295,-0.008368228830816296,-0.03652506728011071,-0.009388292648050148
0.07366779738194902,-0.08932076917201931,-0.1593193575601446,0.10248411691241562,-0.2180063851895202,0.0036314453856152312,-0.014495906295193185,-0.20242619309021748,0.09390213186564993,-0.16349607156143958,-0.06890625045571663,0.040266706081882306,-0.21335012551000987,0.05702795565139994,-0.09821243429551783,-0.13000238268198033,0.06761608040380475,-0.19470129782272022,0.002858058426376431,-0.03593679963557338,-0.1698731298332073,0.0663971052659608,-0.1542491277591023,-0.055963539892598675,0.01210622125363535,-0.18412392902132496,0.04097055199549576,-0.102721343251294,-0.10775090798557474,0.03898045124908567,-0.1737926790292566,-0.00040128137264272556,-0.05136751966955644,-0.143825542860639,0.04271645073361423,-0.14436958579480436,-0.04766587641034355,-0.009777358411947427,-0.15970618869585723,0.02596178974062595,-0.10412519595681004,-0.09112156939117014,0.01567466368473827,-0.1553407012886422,-0.005182522894328377,-0.062159730967030535,-0.12318322009887087,0.0225576766417811,-0.13447511921075406,-0.04280387432228125,-0.026579255911334608,-0.13949619625919715,0.012269082723869548,-0.1034028761977568,-0.07892156610880782,-0.0031218077858784776,-0.13928437388206863,-0.010780853642153726,-0.06941800250712177,-0.10699087209180692,0.005574378468952215,-0.12497780133816447,-0.040430554756344966,-0.039304738398303125,-0.12292067324989932,1.6420156011373588e-05,-0.10129393882876953,-0.07017408420098967,-0.01814107896261341,-0.12548450335756423,-0.016693149557006633,-0.07402353367451253,-0.09442905238543482,-0.008594848387894906,-0.11613579219945358,-0.039812701265228755,-0.04879117518372538,-0.10944819994829305,-0.01077285147142941,-0.09834808356552627,-0.06408637730576949,-0.030026250456990734,-0.11375552888507282,-0.022571340209742913,-0.07667247220675061,-0.08480252017549243,-0.020306531375222668,-0.10809410190380392,-0.04038966079300664,-0.05572963939648969,-0.09859710490995663,-0.02014338872220133,-0.09496592289536424,-0.06002093067350334,-0.039334666723283375,-0.1038886368801154,-0.028184963909718315,-0.07790905307877972,-0.07752737793371862,-0.029899280349932715,-0.10091640027943083,-0.041738799381091964,-0.06068531689434738,-0.08993867372160289,-0.028183310644034197,-0.09143227329566542,-0.05746986553895991,-0.04654361532947368,-0.0956681153568705,-0.03339138522220168,-0.07815392394606413,-0.07211792219394857,-0.037685837966360075,-0.09460955326153414,-0.043546812151316644,-0.064116280942715,-0.08309710766819593,-0.035006063035415536,-0.08794309619209294,-0.05603255510979334,-0.05205741729179773,-0.08888253209873771,-0.03811234209904627,-0.07772809874325946,-0.0681738442630722,-0.04394884835351065,-0.08914230474793325,-0.045586113479235066
-0.015623725182983134,-0.17205011378161908,-0.2392304480839718,0.012032403661874691,-0.2955546429876178,-0.08284030267083893,-0.10023781844902305,-0.28060173411004974,0.0037959429317992455,-0.24323900096130258,-0.152457515936953,-0.04768003562113106,-0.2910858517009476,-0.03159362051856052,-0.18058378637783012,-0.2110938210690352,-0.021431790446252402,-0.27318785536661544,-0.0835825518456174,-0.12081546744904464,-0.2493593087621898,-0.02260168771350221,-0.23436435376882475,-0.14003589940966374,-0.07470673470809294,-0.2630363481936857,-0.04700452765928885,-0.1849111595143904,-0.1897382260028001,-0.04891450379620581,-0.25312105069682833,-0.08671066545969444,-0.13562492224349093,-0.22436043891521446,-0.04532892157085594,-0.22488257781877927,-0.13207231300738584,-0.09570924678039947,-0.23960170478520182,-0.061409013363428216,-0.18625849088548743,-0.1737784109304631,-0.0712819634236928,-0.23541197881839687,-0.09129940662153224,-0.14598262201317558,-0.20454920877692354,-0.06467607147487736,-0.2153864781378217,-0.12740606282754402,-0.11183467326277377,-0.22020539866807487,-0.07455043029871483,-0.18556525286449582,-0.16206959911193877,-0.0893216591686842,-0.22000210459549574,-0.09667233970253492,-0.15294866403986454,-0.18900879035844115,-0.08097559515213958,-0.20627153733189377,-0.1251282968680099,-0.12404780766047126,-0.20429723248011394,-0.08630978125645891,-0.18354122465573092,-0.15367430468667723,-0.10373623068884234,-0.20675783872509057,-0.10234659721544259,-0.15736876922469573,-0.17695272941845908,-0.0945743464836785,-0.19778552149183973,-0.1245353191374746,-0.133152305469043,-0.19136718230163108,-0.09666465971188391,-0.180713974193283,-0.14783169851742184,-0.11514288634603717,-0.19550109135017626,-0.10798812259812844,-0.15991105729421237,-0.16771377664914858,-0.10581449855602129,-0.19006760239006854,-0.12508904936043466,-0.1398114161181585,-0.18095296954379625,-0.10565792428472062,-0.17746798467095287,-0.14392993320853245,-0.12407653102366444,-0.18603145605206362,-0.11337573291279493,-0.16109785146089162,-0.16073154316195953,-0.1150210282566816,-0.1831788864066227,-0.12638386949116678,-0.1445675701873626,-0.1726431405149269,-0.11337414621020697,-0.17407660540343306,-0.1414815779986326,-0.13099523593592666,-0.17814190575128977,-0.1183725354533282,-0.16133286343904554,-0.15553988068190325,-0.1224940867251701,-0.17712596304327138,-0.12811908880234968,-0.1478603981865597,-0.1660770267517317,-0.11992220377922118,-0.170727908098876,-0.1401021359648551,-0.13628704349427362,-0.17162952082732263,-0.12290341912565113,-0.1609241826336532,-0.15175459757816917,-0.1285049383899911,-0.1718788346180351,-0.13007628462740195
-0.09940528555304814,-0.223815812461565,-0.27724631650453113,-0.07740954945850154,-0.32204261224744585,-0.15286461487188802,-0.16670137300619933,-0.31015012218270044,-0.0839602499411369,-0.28043443700054904,-0.2082332407279948,-0.12490061602817588,-0.3184884505513311,-0.11210661498456054,-0.2306028943194955,-0.25486842602379933,-0.10402461139823159,-0.3042536454490136,-0.15345494756293118,-0.18306738501712627,-0.28530209855798866,-0.1049550652478108,-0.2733761679755171,-0.19835396223118829,-0.14639574804604935,-0.2961798519694473,-0.12436336459498373,-0.23404458198404038,-0.23788369052976263,-0.12588242502785116,-0.2882939230217181,-0.15594282870909493,-0.19484578181264617,-0.2654197590266472,-0.12303070558379899,-0.2658350315180336,-0.19202028676079816,-0.1630996662067025,-0.27754158792409234,-0.13581967751221363,-0.23511615441692857,-0.22519037822932605,-0.14367192629288836,-0.27420937511906535,-0.15959239008365203,-0.20308356635431352,-0.24966330257264868,-0.13841806532086548,-0.25828250297430405,-0.18830908017499232,-0.1759246941528775,-0.2621151327989134,-0.14627143453281755,-0.2345648017440373,-0.2158780143700994,-0.15801942912159767,-0.2619534470186974,-0.16386564245264248,-0.2086238653203078,-0.2373035488179099,-0.15138155790809843,-0.25103312134141936,-0.18649750563351886,-0.18563816065449643,-0.24946289838167182,-0.15562399366214,-0.23295503232989934,-0.20920098875852666,-0.16948376358619202,-0.2514198912023486,-0.16837854704194916,-0.2121393055216851,-0.22771500747637927,-0.16219704648142094,-0.2442839423092036,-0.1860258929308169,-0.19287923666314966,-0.2391792475854746,-0.1638595343292491,-0.2307064365342245,-0.20455419151064624,-0.178555813726126,-0.24246706754685599,-0.17286541880134643,-0.21416126230989266,-0.220366995466321,-0.1711366714026359,-0.23814565329869436,-0.18646629093156847,-0.19817542403933638,-0.2308965165952194,-0.17101214326024675,-0.22812480519676015,-0.20145100232178242,-0.185661005193589,-0.23493558690842897,-0.17715034440776206,-0.21510515476263836,-0.2148138189535759,-0.1784588963885808,-0.23266685401871728,-0.1874960996240741,-0.20195813384366493,-0.2242874641376193,-0.17714908245633054,-0.22542754110085783,-0.1995037531111367,-0.19116365555437725,-0.2286607945362225,-0.18112444904889535,-0.2152920667299469,-0.21068473644734836,-0.18440244050547744,-0.22785278529465053,-0.18887617079198943,-0.20457701720515678,-0.21906523993146954,-0.18235694603795813,-0.22276422323071232,-0.19840664211982975,-0.1953723863991559,-0.22348130246279307,-0.18472799465321935,-0.2149670308150239,-0.20767418899654844,-0.18918304836511474,-0.22367958908403368,-0.19043278643746517
-0.11550045927340068,-0.21517366477442823,-0.25798024828334726,-0.09787827264356472,-0.2938694170074022,-0.15833013654871697,-0.16941564571952344,-0.2843415849533355,-0.10312645647178299,-0.26053445488674265,-0.20268947301646917,-0.13592639409507895,-0.29102195145988297,-0.12567630411564865,-0.22061122879403283,-0.2400518934086379,-0.11920129573542884,-0.2796175414835979,-0.1588030897070264,-0.1825275014356954,-0.26443424892170314,-0.1199467416399103,-0.25487962553672416,-0.19477455311151484,-0.15314751488065892,-0.2731491107433807,-0.1354959677168862,-0.22336858422353587,-0.22644433886043974,-0.1367129838846982,-0.26683119025782964,-0.16079628992010847,-0.1919639260972176,-0.2485052390284661,-0.134428289612908,-0.24883794029902112,-0.1897002418580851,-0.1665300887582168,-0.25821680904401456,-0.1446743504474955,-0.22422708922280365,-0.21627491705306756,-0.1509652876037773,-0.2555471609045703,-0.16372018623269569,-0.19856374053332695,-0.23588173713411092,-0.1467560845937833,-0.24278712813466882,-0.18672695763627806,-0.17680503636755784,-0.24585769225500698,-0.15304791939899992,-0.22378536544239525,-0.20881418861066195,-0.1624599869142632,-0.24572815546741728,-0.16714376116735807,-0.20300242728353052,-0.22597955034533496,-0.15714196505555847,-0.23697918628919123,-0.1852755897654106,-0.18458711371102202,-0.2357211805589813,-0.16054085083512304,-0.22249567652609778,-0.2034647976671826,-0.17164479621791867,-0.23728905228516398,-0.1707593367759017,-0.20581887057273957,-0.21829755851282504,-0.1658069425454094,-0.2315719886399446,-0.18489775075932813,-0.19038840139136257,-0.22748229222227417,-0.16713886756025467,-0.22069418306408672,-0.1997419521128818,-0.17891299401743593,-0.2301163744241936,-0.17435405582455596,-0.20743878907540297,-0.21241059758353714,-0.1729690460588008,-0.22665421393733376,-0.1852505816774339,-0.19463151478245672,-0.22084646832042296,-0.17286927862403909,-0.218625873595257,-0.19725578939485364,-0.1846054159278531,-0.22408242507879014,-0.17778698293400333,-0.2081950015017242,-0.20796159380956125,-0.17883534735889509,-0.2222647985068084,-0.18607562708143205,-0.19766208479165567,-0.21555153500454816,-0.17778597190424975,-0.21646492335091713,-0.1956957238959178,-0.1890139399799573,-0.21905528882969194,-0.1809708915502697,-0.2083447485962112,-0.20465352254420485,-0.18359709951033062,-0.21840794110773304,-0.18718129008715836,-0.1997602392321167,-0.2113676782248501,-0.18195832347201205,-0.21433116959243675,-0.1948167583291665,-0.1923858226076919,-0.21490566748610984,-0.18385792169536527,-0.20808434160053021,-0.2022415810293616,-0.18742714927745235,-0.21506452754110786,-0.18842839413030502
-0.08957274337724482,-0.17097391996755185,-0.2059332276964612,-0.07518104484049176,-0.23524321673816012,-0.12455091133792047,-0.1336042319878416,-0.2274620208223944,-0.07946713493292677,-0.20801919876286754,-0.16077832233658768,-0.10625420876288845,-0.23291774677154967,-0.09788315878724037,-0.17541467319462017,-0.19129148748359262,-0.09259514484274498,-0.2236039860098546,-0.12493716302276361,-0.14431243061769042,-0.21120408502502724,-0.09320393607609795,-0.2034010091481655,-0.1543143605361951,-0.12031836459196482,-0.21832134389656205,-0.10590268787576265,-0.1776665519729836,-0.18017846121768513,-0.10689660141041166,-0.2131616205933664,-0.12656497103505093,-0.15201897588622576,-0.19819517113778634,-0.10503073584565925,-0.19846688182211852,-0.15017026880824963,-0.1312476535012965,-0.2061264222882938,-0.11339849529674548,-0.17836767637946552,-0.17187329137587956,-0.11853618183750533,-0.20394617235511944,-0.12895286052727967,-0.15740891651948308,-0.18788580161640692,-0.11509860725767065,-0.19352530071183566,-0.14774204516704253,-0.13963900422188208,-0.19603297096218122,-0.12023702689093102,-0.1780069291227437,-0.16578025894675474,-0.12792368014983457,-0.19592718077645854,-0.1317488278730246,-0.16103390602560116,-0.17979887743882492,-0.12358055469043444,-0.18878206708737796,-0.14655674113513031,-0.14599447607502947,-0.1877546781709517,-0.12635635888135882,-0.1769536651618389,-0.1614115149633352,-0.13542473602856267,-0.18903512864520305,-0.13470159845070645,-0.16333404071464885,-0.1735251434841465,-0.13065707399426196,-0.1843661134868842,-0.14624816733636245,-0.150732275371689,-0.18102613762655026,-0.13174483135887638,-0.17548242034042164,-0.1583711390984198,-0.14136053241032634,-0.1831773415473434,-0.1376373358798496,-0.16465699678327703,-0.16871737650428087,-0.13650622522724426,-0.18034986212839405,-0.14653631751400426,-0.15419754390303558,-0.17560678876000657,-0.13642474709544167,-0.17379327205358466,-0.15634073815540647,-0.1460094231410616,-0.17824953197471866,-0.14044094096562063,-0.16527458082650442,-0.16508396128465477,-0.14129711988805657,-0.17676511155483365,-0.14721011611703183,-0.15667255173736827,-0.1712825192663864,-0.14044011527720118,-0.17202846583953585,-0.15506666287576662,-0.14960977935579425,-0.17414396715918598,-0.1430411774706804,-0.1653968763784629,-0.16238232354870555,-0.14518595065064588,-0.1736152908116598,-0.1481130896807502,-0.15838607383453754,-0.16786564446196123,-0.14384759399785657,-0.17028587046878194,-0.15434882872007485,-0.15236353059558141,-0.17075505177240882,-0.1453989590778952,-0.16518420702831785,-0.16041253762491256,-0.1483138781199789,-0.17088478970272858,-0.14913157540048178
-0.05013132414566004,-0.11831732451917949,-0.14760111954168587,-0.038076063977350944,-0.17215274161225816,-0.07943091751192664,-0.08701446545404104,-0.1656347937171167,-0.04166632339232984,-0.1493484410162758,-0.10977694398669519,-0.06410461608886017,-0.1702048029871205,-0.05709257473177913,-0.12203713808801242,-0.13533641102711,-0.05266305005046789,-0.16240309641017367,-0.07975446268203569,-0.09598422813264998,-0.1520162729194218,-0.053173006306674445,-0.14547999719293986,-0.10436238218061353,-0.07588550888161655,-0.15797807146338405,-0.06381016330150681,-0.12392343277875639,-0.12602754296329963,-0.06464271869546526,-0.1536560099181355,-0.08111800215877414,-0.1024396446336133,-0.14111930749054474,-0.06307976941850979,-0.1413469069626827,-0.10089106822735507,-0.08504046866069584,-0.14776294971494197,-0.07008905445537038,-0.12451073226317137,-0.11907068634701663,-0.07439265682404905,-0.14593665519458127,-0.08311822673327271,-0.10695454858742534,-0.1324836255080409,-0.07151315960542384,-0.1372075730421501,-0.09885705760193554,-0.09206951501278891,-0.13930813241719833,-0.07581737605178063,-0.12420855097277825,-0.11396683491770396,-0.08225612993639123,-0.13921951687200165,-0.08546027924979638,-0.1099910346208177,-0.12570958318960482,-0.07861809463270787,-0.1332343856358212,-0.0978641832412924,-0.09739319980832542,-0.13237378946297013,-0.08094325740709613,-0.12332628047203191,-0.11030734016144848,-0.0885394174805377,-0.13344636359730977,-0.08793367858069381,-0.1119177510558382,-0.12045436645078432,-0.08454576752523284,-0.12953534556704943,-0.09760570524331529,-0.10136183512962564,-0.12673760228126754,-0.08545693155475534,-0.12209388673836884,-0.10776055793366618,-0.09351155954601575,-0.1285395663005958,-0.09039281003093808,-0.11302593016046766,-0.11642712243765604,-0.08944533095739574,-0.12617111757795713,-0.09784707531858092,-0.10426453029043341,-0.1221980644107255,-0.08937708049520049,-0.12067896535096825,-0.10605978498101594,-0.09740572027415581,-0.12441176816014934,-0.09274126032899367,-0.11354325174678975,-0.11338357857379402,-0.09345844180929146,-0.12316833783709437,-0.09841148524141224,-0.10633772987040566,-0.11857582387738297,-0.09274056868799738,-0.11920066881754136,-0.10499255105231423,-0.10042157213878102,-0.12097272641933556,-0.094919358173913,-0.11364569307381739,-0.1111205416081283,-0.09671593545910735,-0.12052987869722802,-0.09916786442820047,-0.10777306807129758,-0.11571366590313882,-0.09559485599748861,-0.11774097728016784,-0.1043912545839048,-0.10272826217607299,-0.1181339887559769,-0.09689436276579219,-0.1134675497963386,-0.1094705430532979,-0.09933605561616267,-0.11824266421910647,-0.10002100280500263
-0.014631189954596571,-0.07329742281018088,-0.09849276977692784,-0.00425902123529253,-0.11961662466626471,-0.0398401295841877,-0.04636490280752446,-0.11400867806634309,-0.007348027683790802,-0.09999613950004284,-0.06594940488495582,-0.026653605031125967,-0.11794064689451245,-0.020620547676331147,-0.07649789574909907,-0.08794039477794773,-0.0168094497241145,-0.1112281731871991,-0.040118503094658156,-0.05408235482230731,-0.10229150287070772,-0.017248208594100888,-0.09666778727399392,-0.06129079546386559,-0.036789712091820054,-0.10742094674044969,-0.026400262179320323,-0.0781208359854414,-0.07993118147225717,-0.027116580607437234,-0.1037023084915315,-0.04129167242578065,-0.05963650032946001,-0.09291591392623541,-0.02577184201416221,-0.09311173716791421,-0.05830412794295042,-0.044666504970722457,-0.09863200608020554,-0.03180252787153833,-0.07862613983256417,-0.07394560425760842,-0.03550528411615887,-0.09706068910887064,-0.04301263626011882,-0.06352105735324756,-0.08548590003369017,-0.03302780701808172,-0.08955031508246082,-0.05655409508682273,-0.05071419317336902,-0.0913576055049596,-0.036731091606113785,-0.07836614749029902,-0.06955432547938215,-0.0422709008429826,-0.09128136199191214,-0.045027703833252844,-0.06613360532089324,-0.07965761355479456,-0.03914078872182039,-0.08613184301661592,-0.055699840575357776,-0.055294613349853965,-0.08539139871434662,-0.0411413246089843,-0.07760705491477235,-0.06640574996053342,-0.047676949124803275,-0.08631422574006087,-0.04715578027557821,-0.06779132383208913,-0.07513610228829799,-0.044240871382478356,-0.0829492432919226,-0.055477449903749185,-0.05870916886862457,-0.08054210607644266,-0.04502482352562766,-0.0765467214540504,-0.06421453595195278,-0.051954907101609084,-0.08209248944218045,-0.049271580843029426,-0.06874478485109228,-0.07167112071222367,-0.04845638376958712,-0.08005471096114795,-0.055685121170025755,-0.061206605135305195,-0.07663635439264996,-0.048397662074727274,-0.07532934388195534,-0.06275121589317122,-0.05530538577468959,-0.07854099257241648,-0.0512921529733901,-0.06918988074289031,-0.06905250029094354,-0.05190920538139733,-0.0774711633923438,-0.056170731174681264,-0.06299035559212164,-0.0735198318598144,-0.05129155789563926,-0.07405743926539851,-0.0618329835019235,-0.05790018040670854,-0.0755820915889089,-0.053166156356083134,-0.06927801975548112,-0.06710541653678188,-0.0547119050549201,-0.07520107191562687,-0.05682150871341586,-0.06422529949055776,-0.07105727319283492,-0.05374734475831001,-0.07280154211408037,-0.06131563685543142,-0.059884822622297156,-0.07313968341329763,-0.05486542128793607,-0.06912474789702076,-0.06568578202384966,-0.05696621794028349,-0.07323318618499157,-0.05755553643754306
0.010326789347462388,-0.041417408525673285,-0.06363995385492507,0.019475144789107723,-0.08227140288503285,-0.011907744844915538,-0.01766265938965501,-0.07732513849402206,0.016750610536227506,-0.0649659408263544,-0.03493638400797236,-0.0002770997102221895,-0.08079317390677195,0.005044116573000683,-0.04424025732604986,-0.05433265469148847,0.008405542677159143,-0.07487270567789399,-0.012153273035619052,-0.024469528429846697,-0.0669904740315937,0.008018553012370956,-0.06203030122938012,-0.030827444402255006,-0.009217246433175074,-0.07151469427986563,-5.3648808136047554e-05,-0.04567170667327989,-0.047268449305777324,-0.0006854487496099904,-0.06823481854889278,-0.013188019994022363,-0.029368339724680673,-0.05872111181237325,0.0005006239956667075,-0.05889382984917868,-0.02819317409613305,-0.0161646556921767,-0.06376276165214058,-0.004818500603367231,-0.04611738966635601,-0.0419891109759729,-0.00808436824939926,-0.06237684453545238,-0.01470592712461508,-0.03279455745683235,-0.05216776604015682,-0.005899208934591418,-0.05575262033001463,-0.026649627800687893,-0.02149877652797508,-0.057346668365555034,-0.009165542584740293,-0.04588807384788876,-0.03811595964246244,-0.014051709147328409,-0.05727942083262784,-0.016483236662942827,-0.035098850615107785,-0.04702715969565743,-0.011290919284423474,-0.05273749414261657,-0.02589616686884192,-0.02553875244627848,-0.05208441494141791,-0.01305541173193649,-0.04521854668515496,-0.035338884880105156,-0.01881989722401736,-0.05289835750934761,-0.01836022114210495,-0.03656097474488503,-0.043039142018859555,-0.015789242655758103,-0.04993040969403939,-0.025700016095957255,-0.028550424200403317,-0.047807290851685995,-0.016480696203117158,-0.04428332208094074,-0.03340621244276813,-0.022593098489380833,-0.049174744321102304,-0.020226378178159924,-0.03740193679801478,-0.03998299398323377,-0.01950736629311805,-0.04737740353728673,-0.02588318420769253,-0.030753187699412723,-0.04436237921969147,-0.01945557317720836,-0.043209583016564995,-0.032115549671566955,-0.0255482538315752,-0.046042288940385014,-0.022008542790428423,-0.03779451577874483,-0.037673344860766615,-0.02255278911994167,-0.04509868901774459,-0.026311497036844596,-0.0323264732522965,-0.041613575508157766,-0.02200801792596397,-0.04208775055943618,-0.031305659616700045,-0.027836888372160987,-0.043432508995002714,-0.023661432316975956,-0.03787225525997363,-0.03595599772346328,-0.025024797964326342,-0.043096445873029375,-0.02688548926536502,-0.033415705990321495,-0.039441574397193965,-0.024174046238521395,-0.040980036845039605,-0.03084935475541831,-0.02958736244407884,-0.04127828081681207,-0.025160200800868976,-0.037737067964207116,-0.03470386603596384,-0.027013124235340677,-0.041360751186643514,-0.027532908981151155
0.024677285279847284,-0.02192730367367614,-0.041942544669585316,0.032916959726128785,-0.05872338308910407,0.004651246241626505,-0.000532048462792558,-0.054268417541784464,0.03046304597029878,-0.04313682500054537,-0.01609002150368866,0.015126651370055318,-0.05739198253130735,0.01991932586895115,-0.024469766663286006,-0.03355971394443006,0.02294687075941474,-0.052059578135055164,0.004430105691099577,-0.006662809914663415,-0.04496026688835407,0.022598319714118145,-0.04049277441407945,-0.012389211572712234,0.007074504842845858,-0.04903510877734949,0.015327907508348369,-0.0257590340821956,-0.02719717665877122,0.014758862518116905,-0.046081014085701234,0.0034981373033485808,-0.011075035751391417,-0.03751227768424176,0.015827125918355934,-0.03766784011328766,-0.01001659609396259,0.0008171626457263419,-0.04205315430592654,0.011036335342409016,-0.02616044860884096,-0.02244222049131163,0.00809485735113543,-0.04080489652627625,0.0021309997150080057,-0.014160936695564768,-0.031609857731124236,0.010062970798642452,-0.03483863829985033,-0.008626366008527193,-0.003987134632014869,-0.03627435392637668,0.007121073090159812,-0.02595391010018712,-0.0189537786316928,0.002720236019186577,-0.036213785906018245,0.0005302254469437516,-0.016236350749390456,-0.026979853682271245,0.00520680421497146,-0.03212299630746291,-0.007947744279627019,-0.007625830849053229,-0.031534785667874266,0.003617573951328043,-0.025350885229863875,-0.01645254307074773,-0.0015743410445454454,-0.032267881558222064,-0.0011603233241081097,-0.017553246109027948,-0.023387954837453234,0.0011552869373228393,-0.029594731839927557,-0.007771076623755367,-0.010338361527527522,-0.02768249655530773,0.0005325135698791648,-0.024508553914467185,-0.014711837673309169,-0.0049727606015036434,-0.028914124631009404,-0.0028411201122098585,-0.018310677713392835,-0.020635365584245304,-0.0021935257010020307,-0.027295308766001725,-0.007936051150517673,-0.01232233058401678,-0.02457975852496965,-0.002146877052906041,-0.023541466399432914,-0.013549372886881872,-0.007634388487869629,-0.026092807431513786,-0.004446267213067906,-0.01866426290324493,-0.018555127559426454,-0.004936455050912374,-0.025242932695044733,-0.008321820843867508,-0.013739346008208569,-0.02210398592909263,-0.00444579448194775,-0.022531062476129397,-0.012819926984615506,-0.009695699251452115,-0.023742249753300415,-0.005934979767066643,-0.01873428073552462,-0.017008359791941454,-0.007162926052829959,-0.023439566857328103,-0.008838800002348185,-0.014720388252883717,-0.020147723717216345,-0.006396677157062942,-0.021533374919657778,-0.012408945630731763,-0.011272303546208926,-0.02180199513764628,-0.0072848796978682295,-0.018612521222189732,-0.015880598902601444,-0.00895375734165016,-0.021876273952369872,-0.009421913297651283
0.031030285754582023,-0.011635793976984624,-0.02995956610658346,0.03857363319699349,-0.045322271926899346,0.012696628114895948,0.007951368686656076,-0.041243791255545836,0.03632709734480429,-0.031052918949441892,-0.00629181493816705,0.02228676677861687,-0.04410338675637985,0.02667441694116329,-0.013963395851929402,-0.022285160385456276,0.029446106909639034,-0.03922161875369796,0.012494175940710409,0.00233871201927093,-0.032722263507951134,0.029127011579692542,-0.02863231454825401,-0.002903756913583265,0.014915099450260292,-0.03645274440764937,0.02247101495322134,-0.015143708514816844,-0.01646031503823726,0.02195005941066144,-0.03374829743196301,0.011640967309716196,-0.00170064083354042,-0.025903696745364576,0.022928044893043155,-0.026046112742371383,-0.0007316488988632196,0.009186559255297079,-0.030060828228386977,0.018542119444919736,-0.015511199883882228,-0.012107195667025695,0.015849222944330842,-0.028918059519382384,0.01038936521091149,-0.004525755241461036,-0.020500084655146526,0.017651013007447678,-0.023456004067253806,0.0005410941722013502,0.004788268543825028,-0.024770388739851545,0.014957732259549484,-0.01532211574698207,-0.008913558691279359,0.010928805718795547,-0.024714939264943118,0.0089238708446468,-0.006425778039320004,-0.01626135781855024,0.013205236415462271,-0.020969858381361377,0.0011623662280862987,0.001457075062643782,-0.020431356860134087,0.011750310480849936,-0.014770051931485551,-0.0066237001544486385,0.006997159253738697,-0.0211024995182027,0.007376188732747231,-0.0076313838320983905,-0.012973006908437966,0.009496108986522526,-0.018655255124975505,0.0013241038693929492,-0.0010262222434974629,-0.016904621014663578,0.008925965600502184,-0.013998905229624263,-0.005030100104669269,0.003885936881987003,-0.018032165380089223,0.00583743447304919,-0.008324805616276522,-0.010453036339386435,0.006430301300173544,-0.016550154094976902,0.0011730711820424093,-0.002842527973251831,-0.014064092406620567,0.006473007715651604,-0.013113545355192081,-0.003965874105115723,0.0014492406216959483,-0.015449274997733006,0.004367936817906267,-0.008648509660038724,-0.008548597239707438,0.003919174285234359,-0.014671222362096763,0.0008199025163794608,-0.004139792779722262,-0.011797544984042542,0.004368369598971757,-0.012188529700709064,-0.003298072978128024,-0.0004378707414844736,-0.013297360699930458,0.003005033937470235,-0.008712610352304369,-0.007132545336330595,0.0018808602174379338,-0.013020257245894739,0.000346612771944815,-0.005037928082945025,-0.01000660461997236,0.00258235415215804,-0.011275155765063785,-0.0029218232652407847,-0.001881237715760489,-0.011521075145441494,0.0017692127582586,-0.008601140618943908,-0.006100090440725608,0.00024137036739795437,-0.011589076728601544,-0.00018722217668544396
0.03238147751785,-0.0071419145237205245,-0.024115998716947296,0.03936919891498665,-0.03834712210057594,0.015398235959025855,0.01100250169186925,-0.034569053163330414,0.037288137852424935,-0.025128817642893472,-0.002191560988969682,0.02428198652912651,-0.03721801727652863,0.028346452226622524,-0.009298070467714473,-0.017006872499809273,0.030913985731715256,-0.03269582935019704,0.015210695957686485,0.0058032607197563355,-0.02667520202724573,0.030618394247720088,-0.022886509530041066,0.0009469402843531152,0.01745329967409504,-0.03013090407510178,0.024452663396644016,-0.010391443948484869,-0.011611072189865923,0.023970080270320594,-0.027625660594843393,0.01442033275984418,0.0020614375337423044,-0.02035887559147185,0.02487602953667747,-0.020490801545721797,0.0029590556969369903,0.012146710895001874,-0.024209802098091784,0.020813161515010337,-0.01073186672795853,-0.007578593823102407,0.018318617727773098,-0.023151207167810165,0.013260920863032105,-0.0005555852864706633,-0.015353281442069633,0.019987691978072347,-0.018091474463388373,0.0041380513694327815,0.008072388407536603,-0.019309044510492496,0.01749279224632036,-0.010556710104276092,-0.004620192980442114,0.013760627393614323,-0.019257679319476743,0.01190337152320516,-0.002315656668706002,-0.011426769712519423,0.015869381313493632,-0.015788452689787572,0.00471356191982081,0.004986563162953817,-0.015289615982212082,0.014521621958359177,-0.01004531007059334,-0.002499000284973103,0.01011857718452681,-0.01591132377813696,0.010469688202656821,-0.0034324602441775697,-0.008380631351359743,0.012433459887657379,-0.013644337915278495,0.004863386329409399,0.0026861799638435175,-0.012022651585094912,0.011905311984044884,-0.009330964304331663,-0.001022781238808966,0.007236520471069957,-0.013067143562782062,0.009044275128751025,-0.004074806135777282,-0.006046276159590027,0.009593472715787395,-0.011694293903285698,0.004723478370890516,0.001003659238337977,-0.009391349940150976,0.009633033472534885,-0.008510818051495372,-3.694373825070634e-05,0.00497930578934565,-0.01067450308996311,0.007683017373321201,-0.004374666866070475,-0.0042821137704165055,0.007267309681779119,-0.00995376006551137,0.004396323316626932,-0.00019805195356065327,-0.007291751314569137,0.00768341827670457,-0.0076539369743788945,0.0005816686562742571,0.0032311948144838004,-0.008681093970423454,0.0064205028606929004,-0.004434046045186309,-0.0029703650726103743,0.005379133254223177,-0.008424401334989595,0.003957895032701294,-0.0010300326257709767,-0.005632727598831573,0.006028956719869914,-0.006807840113214685,0.000930204659617648,0.0018941430126056882,-0.00703564562387887,0.005275709496349185,-0.00433078692224619,-0.00201395848777844,0.0038604045475085407,-0.0070986383630194565,0.0034633811684571594
0.031126892437632125,-0.005771740442433085,-0.02161857111077327,0.03765055736573165,-0.034904601739194976,0.015271512546822094,0.011167700181943681,-0.03137743538251247,0.03570770013152214,-0.022564128457753074,-0.0011501412256153048,0.023565290837395864,-0.03385048107207683,0.027359834267974458,-0.007784705486676331,-0.014981563889623867,0.0297568571781548,-0.029628612869750798,0.015096427127724708,0.006313742209834246,-0.024007817036649965,0.029480896004606245,-0.020470732633500206,0.0017799313287886903,0.017190098924421568,-0.02723402497630794,0.02372463300795209,-0.008805467738694383,-0.00994410013850322,0.02327409835764694,-0.024895155393555458,0.014358552163743285,0.002820414514234938,-0.01811095954883273,0.024119883288052382,-0.018234124264758452,0.003658421612293798,0.012235922142244459,-0.021706144983990407,0.0203268314312185,-0.009123282949256226,-0.006179419751366609,0.01799795097197802,-0.020717851629511213,0.013276137124764541,0.0003771888877445542,-0.013437788261532073,0.019556181549621396,-0.01599413714328109,0.004759119863113241,0.008432176513785966,-0.01713084803405193,0.01722696878423772,-0.008959758524354327,-0.003417487109285111,0.013742658009417631,-0.017082894019272248,0.01200874300398252,-0.001265995677676922,-0.009772037238554191,0.015711369010795877,-0.013844059668920775,0.00529641060210236,0.005551281758797899,-0.013378350842093137,0.014453114719173498,-0.00848232070530617,-0.0014371633947703273,0.01034247734034607,-0.013958770855040865,0.010670270980742587,-0.002308632025466267,-0.0069281937503208315,0.012503628056696216,-0.011842336136838263,0.005436285132103915,0.0034036676304821036,-0.010328346434711312,0.012010554598292743,-0.00781541483470187,-5.898045496397847e-05,0.00765181879318697,-0.011303473417494441,0.00933951997482753,-0.002908319552569878,-0.004748863718571811,0.009852245201482125,-0.0100217950754129,0.005305668498972886,0.0018328835616898405,-0.007871790244104553,0.009889178717667878,-0.007049734716468658,0.0008613873103897675,0.005544506349335078,-0.009069728845984124,0.008068663715326408,-0.0031882664506144385,-0.003101859831090046,0.007680563284080599,-0.008396850560837426,0.005000239900399339,0.000710978335258492,-0.005911626531451835,0.008069037994607594,-0.006249759343577071,0.0014389174883822446,0.00391248789739663,-0.007208702565539775,0.006889993133149959,-0.0032437022423756905,-0.0018772247192974324,0.005917781164066714,-0.006969056957492566,0.0045909277574589305,-6.575027535543417e-05,-0.004362779029649974,0.006524449677501265,-0.0054598520039378816,0.0017643071214209869,0.0026642300675211125,-0.005672528888988952,0.005821225805942203,-0.0031473005857345407,-0.00098433335459188,0.004499911641771208,-0.005731338263275793,0.004129254692767146
0.02884200790298607,-0.005762795652318151,-0.02062449700679699,0.034960124637318415,-0.03308459224720027,0.013972288794432684,0.010123592795964706,-0.029776694654446403,0.033138046482164195,-0.021511273119854245,-0.0014285013837700496,0.02175047855581024,-0.03209600172874458,0.025309131539622637,-0.0076506233164527,-0.014400083982348785,0.027557141843797567,-0.02813658891654774,0.013808087682891332,0.005571384516690028,-0.022865213788337755,0.027298335989646306,-0.019548014711413268,0.0013194211606101236,0.015771604907756268,-0.02589086225459144,0.021899915108868896,-0.008607929169018267,-0.009675777689183273,0.021477388260263332,-0.023697390135564707,0.013116083232212906,0.0022952219809818995,-0.017334938571290755,0.022270594378816563,-0.017450446666493306,0.0030811337815772107,0.01112540799084802,-0.020706626788924862,0.018713340244023633,-0.008905987174693647,-0.006145131291827129,0.016529236267658072,-0.019779771382169624,0.012100957281316152,3.881184676618086e-06,-0.012952278246097659,0.01799059835141021,-0.015349709911365092,0.004113406355660896,0.007558124870224159,-0.0164157563744456,0.0158061827269453,-0.008752628360056332,-0.0035548961245006894,0.012538476568828533,-0.01637078345454006,0.010912351602635196,-0.0015371536627753679,-0.009514411199773068,0.014384801273629896,-0.01333329350724622,0.00461729604000873,0.00485632295295778,-0.012896535795416515,0.01320476724023527,-0.008304870797012299,-0.0016976806189983795,0.009349670509584735,-0.01344087359223702,0.009657086629023887,-0.0025149737926469756,-0.006847357231345047,0.011376471779859051,-0.011456008518805136,0.004748475172006041,0.0028422167592533835,-0.010036137045595037,0.010914050577917857,-0.007679423596376065,-0.00040517338572805837,0.006826278633211339,-0.010950644577360998,0.008409062690294351,-0.00307738132512762,-0.004803506775530639,0.008889913994566298,-0.009748642665989874,0.004625978413244108,0.001369081580911197,-0.007732294389016828,0.008924551512882191,-0.006961342518310508,0.0004579790736658365,0.004849968741563831,-0.008855762299714262,0.0072172100991696455,-0.0033399251284234486,-0.003258890036845979,0.006853236202720878,-0.00822471396386355,0.004339536997157939,0.00031692037768947686,-0.005893985624758264,0.007217561111117498,-0.006211098174083039,0.0009996066841426138,0.003319405858339148,-0.007110428019841033,0.006111812398251897,-0.003391914715410755,-0.0021103852234493113,0.005200038666320024,-0.0068856801486578325,0.003955670029910333,-0.0004115223554991737,-0.004441423311374193,0.005768993207232924,-0.005470295976777922,0.0013047682430230656,0.0021487468496540455,-0.005669751654495521,0.00510948573957688,-0.0033015059351907405,-0.0012730010750366953,0.003870311994723016,-0.005724905102890787,0.0035226971942401613
0.026402406641574862,-0.00611701749192235,-0.020083112370030336,0.03215182904947937,-0.03179232843937963,0.012428777181022806,0.00881201405346881,-0.028683773737226182,0.03043955427129306,-0.020916448946724835,-0.002043919564548127,0.01973823210790365,-0.03086331306980425,0.023082431000395046,-0.00789107953515365,-0.014233799375069862,0.025194970099803714,-0.02714250522433692,0.012274471274304647,0.004534134205338302,-0.022188797474282283,0.024951760589137773,-0.019071501820649883,0.000538405706100619,0.014119661619823108,-0.02503211214866619,0.019878663208522256,-0.008790695537750115,-0.009794192606649106,0.01948159897506592,-0.02297082461528565,0.011624168890766624,0.0014554021195254344,-0.01699179165771397,0.02022700433918808,-0.01710033892147003,0.002193952741095485,0.009753457144562418,-0.020160292788486966,0.01688411999727606,-0.009070791758711217,-0.006476312547670139,0.014831636056843383,-0.01928929220515672,0.01067021718595854,-0.000697856258906114,-0.01287324234359254,0.016204932493512875,-0.01512619826716281,0.0031640177670204427,0.00640114819073651,-0.016128001875830193,0.014152155685741512,-0.008926674762646466,-0.0040421719845783605,0.011081370373245445,-0.016085739146189416,0.009553240112797706,-0.002146024162206027,-0.009642550500035856,0.012816430538162536,-0.013231296590565027,0.0036375416908194435,0.0038621641929841534,-0.012820859084342315,0.011707508559669198,-0.008505900286110587,-0.002296877328181457,0.008084730425433347,-0.013332393607530964,0.0083736208148135,-0.0030649181960573516,-0.007136220445376624,0.009989391147954874,-0.011467141892764248,0.0037608156121427356,0.001969433507248546,-0.010132835729789506,0.00955483670321675,-0.007918144232009811,-0.0010822600902261215,0.00571340499508771,-0.010992232554604495,0.007200806187288108,-0.003593433523571999,-0.005215537967527892,0.007652680086348806,-0.009862666542109086,0.0036457008406691254,0.0005850734546355128,-0.007967828887130346,0.007685230253762588,-0.0072433366694547125,-0.00027112354168187043,0.0038561929036218688,-0.009023593571069542,0.006080777869443456,-0.0038401557244177207,-0.0037640040274865994,0.005738738028262944,-0.008430573921370609,0.003376521162067026,-0.0004036816576336704,-0.006240301600413926,0.006081107728458258,-0.006538304086486882,0.0002378641183508692,0.002417865895551262,-0.007383437873863464,0.005041994435378071,-0.0038890122777301417,-0.0026847112325854563,0.004185166664196306,-0.00717223391963709,0.0030157870605480247,-0.0010882264538399963,-0.004875274636056833,0.004719834459638531,-0.00584214464103038,0.0005246358131132138,0.0013177539773232207,-0.006029580578043192,0.004100070702689585,-0.0038040517760856768,-0.0018977901266361865,0.002935572932326716,-0.006081410329884557,0.0026089063435707103
0.024200200581469,-0.006365318811543966,-0.0194922715548969,0.029604173338981986,-0.03049794832750665,0.01106616596529855,0.007666713285528811,-0.027576168758383177,0.027994779281941745,-0.020275537740401875,-0.0025369498595686417,0.01793643788040899,-0.029624752136252028,0.02107970313882566,-0.008032787693040513,-0.013994410059892624,0.02306531194131862,-0.026127506185910653,0.01092113141103066,0.0036458665779659527,-0.021471438179292777,0.02283671548818624,-0.01854144285207818,-0.00010978162881948909,0.012655454905143509,-0.024143914464959813,0.018068431285695612,-0.008878350955807615,-0.00982155367041747,0.017695224353181698,-0.022206477817328034,0.010309901949101795,0.000752117756077315,-0.0165866904845052,0.018395842605805155,-0.016688715768894434,0.0014462931281149839,0.008551590488154265,-0.019564814646909005,0.015253812914201175,-0.009141617809444101,-0.006703025898520346,0.01332465090236465,-0.01874614746781578,0.009413267703255035,-0.0012717637386851577,-0.012715601057611313,0.014615433872415446,-0.014833189846723886,0.0023580725384966966,0.005400702455238861,-0.015774800851365626,0.012685996589950404,-0.009006159972921637,-0.004415138810450312,0.009799717065578518,-0.015735077445528742,0.00836340334369275,-0.002632919580527311,-0.009679022863861452,0.011430527466805458,-0.013052141888859153,0.0028031451393065398,0.003014271370135159,-0.0126663652064502,0.010388234217705069,-0.008610667409158973,-0.0027747088493406498,0.006983127938331947,-0.013147164568841518,0.0072546605695004845,-0.0034966025687778813,-0.00732328373464153,0.00877334857730613,-0.011393985077516329,0.00291901224130047,0.001235263960806201,-0.010139849680370376,0.00836490400419693,-0.008058226228274935,-0.0016330709596472101,0.0047542817837743015,-0.010947610303908558,0.0061523136123441576,-0.003993362456847778,-0.005518003995261587,0.006577037013602334,-0.009885913401808348,0.0028108140528745394,-6.591787628144126e-05,-0.008104925618872617,0.0066076314290891384,-0.00742396396227793,-0.0008706709305712759,0.0030086588611296203,-0.009097255488827524,0.005099581339802444,-0.0042252605428556664,-0.004153684362422586,0.004778092701016338,-0.008539866971463236,0.002557807829494265,-0.0009952643934565079,-0.006481195488617962,0.005099891379490492,-0.0067612927231150075,-0.0003922654050100237,0.0016567526318495207,-0.007555647292916284,0.004123212414303528,-0.004271181587509356,-0.0031392400500674673,0.0033178664847748614,-0.0073571333668305625,0.0022187481607117976,-0.0016386788388641675,-0.005198185125957046,0.00382040917443999,-0.0061069614857788695,-0.00012272416831276157,0.0006227400972779957,-0.006283135477796499,0.00323788344906601,-0.004191325872660486,-0.002399600497229022,0.0021433536370671887,-0.0063318510786183006,0.0018363145605853224
0.022342907160897117,-0.006354865428238378,-0.018679678227041484,0.027416662960003262,-0.02901283845078312,0.010011445236554568,0.0068197206439778784,-0.026269598116727005,0.025905613072010704,-0.019415081888250647,-0.0027604340639799576,0.016461900028774894,-0.028193000076695077,0.019413091873857428,-0.007920441401129807,-0.01351777088689455,0.021277367403817967,-0.024909458001695563,0.00987527321204456,0.0030445731339443947,-0.020537905236784476,0.021062739641654837,-0.017786951179486338,-0.00048158118318984895,0.011503618557336573,-0.023047076296820897,0.01658582780109494,-0.008714335393658023,-0.009599902449178643,0.016235426175646966,-0.021228029297989146,0.009301393741106338,0.00032765069095060453,-0.015951646560860844,0.016893232216076352,-0.016047437454256016,0.0009794075516002354,0.007650526245667098,-0.018747788476722115,0.01394320043684951,-0.00896151497528961,-0.00667193647352881,0.012131922441163331,-0.017979147046824576,0.008459549525993041,-0.0015725588274039207,-0.012317105213246703,0.013343830397319775,-0.014305295916825809,0.0018354714657822986,0.0046921774258821235,-0.015189368525937542,0.011532293951783745,-0.0088343344704222,-0.004523853775543905,0.008822384384925976,-0.015152072471762406,0.007473838527506163,-0.0028505394272195644,-0.009466081177539276,0.01035354194284746,-0.012633081268419406,0.0022533473120738435,0.002451572393153476,-0.012270877984398198,0.009374939412026027,-0.008463009006927882,-0.002983664473768426,0.006177906690585507,-0.012722297460883897,0.0064328469583954375,-0.003661445915253452,-0.007254292627820234,0.007858733511195728,-0.011076248339222723,0.0023621342003589518,0.0007812736028446833,-0.009898748557180516,0.007475247488149977,-0.007944325480761218,-0.001911787889035758,0.004085257151173924,-0.010657149891137759,0.005397860381395565,-0.00412785062822205,-0.005559326913207115,0.005796630493097885,-0.00966032939339656,0.0022605476064562298,-0.00044039778371747604,-0.007988171242849913,0.0058253553960464855,-0.007348820655948304,-0.0011959753299541395,0.002446302843991741,-0.008919863473405697,0.0044094567175745605,-0.004345578272583016,-0.0042783758500605645,0.0041076130705798575,-0.008396534924348805,0.002023001665592458,-0.0013129553432167517,-0.006463661306505522,0.004409747811874214,-0.006726642826141645,-0.0007468034117082145,0.001177006646833561,-0.007472457301144762,0.0034927501166891386,-0.0043886932505941,-0.003325920509584198,0.002736615923645362,-0.007286073833115532,0.001704660689810082,-0.0019170530913183133,-0.005259051002204139,0.00320845007240971,-0.006112295371233598,-0.0004937328515560255,0.00020617882644218162,-0.006277704016643294,0.0026615203579444264,-0.004313717225642286,-0.002631477617501701,0.0016338732490275847,-0.006323442785742921,0.0013455962045724208
0.020798085801015782,-0.006094264709574548,-0.01764370412106051,0.025552643630579137,-0.0273267889582493,0.009242415570951823,0.006251487400124433,-0.024756130194782937,0.024136656271258144,-0.01833284237952923,-0.0027259646844188757,0.015287062091385197,-0.026558527907691143,0.018052589808752406,-0.007561347831903486,-0.012806540502760252,0.019799580828501293,-0.02348155863689179,0.00911481034300301,0.002713840366589936,-0.019385027142526403,0.019598455636939224,-0.016807139938297886,-0.000590478028026696,0.010640713917639997,-0.02173634229870946,0.015403193372336562,-0.008305296702813537,-0.009135151339918993,0.015074836065100983,-0.020031734411951704,0.008577034533561078,0.00016784379420301128,-0.015087297224216756,0.015691258491345582,-0.015177061761617849,0.0007785976040965154,0.007030025712719704,-0.017707529447645913,0.012926817858263735,-0.008536925827605412,-0.006391388315952893,0.011229490214425866,-0.0169872444608734,0.007788152064100349,-0.0016128205501264833,-0.011681410597939836,0.012365155132053331,-0.013544521092542767,0.0015808051889586083,0.004257791277202302,-0.014372975301216982,0.01066758529785278,-0.008417746448634968,-0.004378444884175395,0.008128160410517423,-0.014338025600559048,0.006864453697228189,-0.002810401377322385,-0.009009748975274807,0.00956299043457834,-0.011977508101753598,0.0019723918075185524,0.002158146236501718,-0.011638091596875694,0.008645953330473475,-0.00806978165496394,-0.0029351513174932114,0.0056500509735304865,-0.012061111563016081,0.005888952547508529,-0.0035702924608476258,-0.006937107527245737,0.007225134331204163,-0.010518617984468456,0.0020743347412996594,0.0005929285741593682,-0.00941519656852167,0.006865774017938495,-0.00758372932646289,-0.00193070817713471,0.0036890533130017047,-0.01012588567991977,0.004919078606386914,-0.004007354918638906,-0.005348774775662582,0.005292761462216149,-0.009191776729891153,0.00197913912003938,-0.000551885541087553,-0.007624816682592388,0.005319679236272555,-0.007025688648222958,-0.0012599285136986277,0.002153208202978385,-0.008497894687314798,0.003992856973998308,-0.004211384973926785,-0.004148410361663018,0.003710002786302586,-0.008007489561630424,0.001756537568499628,-0.0013695491300590294,-0.0061962160677637625,0.003993129755097034,-0.006442653005748967,-0.0008390147083687791,0.0009637654289890252,-0.007141547117316665,0.003133821829378212,-0.00425178752075613,-0.0032558754869713474,0.002425257229487496,-0.006966889326853897,0.001458223924956993,-0.0019356421372478806,-0.005067389695217836,0.0028674075487161227,-0.005866955116954245,-0.0006018652157945505,5.4013916034273716e-05,-0.006021957643928187,0.002354886044115945,-0.004181528355636874,-0.0026051210911218004,0.0013918898335790696,-0.006064818915015678,0.001121748752086903
0.019483361090873747,-0.005656063371762258,-0.01645267483034424,0.02392800223008812,-0.025504586441192127,0.008680924957616326,0.0058849546762504415,-0.023101491115704437,0.022604313278254802,-0.01709689293936615,-0.0025073194932177002,0.014331562842316226,-0.024786403006817868,0.016916824964446475,-0.007027517507750571,-0.011930812401554972,0.018549941740928517,-0.021910000048785225,0.00856163743056311,0.002577902347745871,-0.01808049306608945,0.01836192650742126,-0.015670640471821894,-0.0005110304195572563,0.00998807792101954,-0.020278542274671536,0.014440124329497362,-0.007722973505058859,-0.008498735666728782,0.014133170360607482,-0.018685045968326562,0.008058915500995282,0.00019786165593479966,-0.014062902391015935,0.0147094124788094,-0.01414681580001786,0.0007688046556193534,0.006612745469139647,-0.01651233982600406,0.012125166581470122,-0.007939504331687742,-0.005933819548399659,0.010538475969438925,-0.015839005228144815,0.0073214548151732724,-0.0014667335143517097,-0.010879021921516907,0.011600114757774602,-0.012620689148640467,0.0015187218848720498,0.004021213793358353,-0.013395142166107894,0.010013197742092824,-0.007828093430883386,-0.004052085955391435,0.007639300372706508,-0.013362470594341199,0.00645796594642979,-0.002586252342999151,-0.008381507413580475,0.008980603766487459,-0.011155818880108154,0.0018847836842670132,0.002058430068735468,-0.010838526586063803,0.00812334195893367,-0.007502810051778809,-0.002702870698706207,0.005322721724189148,-0.011233972810847509,0.00554605095941761,-0.003296611390513071,-0.006443967104475246,0.006795136308291759,-0.009792023703917326,0.00198008166434802,0.0005952381036246626,-0.008760526686736728,0.006459200204578779,-0.007048440107715029,-0.0017639002489453568,0.0034895479174274335,-0.009424890897867121,0.004639396382254335,-0.0037051847741885148,-0.004959166762674295,0.004988721441192623,-0.008551670039769614,0.0018910911862228708,-0.0004749535095136439,-0.007086849263708298,0.005013884632016232,-0.00652677423577251,-0.0011368440653148832,0.002053813911412034,-0.007903017361066113,0.0037735487221948983,-0.003895915523477134,-0.0038370457899651704,0.0035091318396796778,-0.007444578348515805,0.0016829994878793059,-0.001239319273030723,-0.005751369227122562,0.0037738037225833387,-0.00598174264817561,-0.0007433667153077372,0.0009419026726544459,-0.006635080693811235,0.0029705081281634453,-0.003933684508144891,-0.0030026890812147235,0.002308129946351641,-0.0064718076348638355,0.001404130844357035,-0.0017685125983760198,-0.004696123226484787,0.002721459549020668,-0.005443570516923844,-0.0005216753554329468,9.145155903058418e-05,-0.005588469502858324,0.0022423457710971347,-0.0038680050513183904,-0.002394352856690745,0.00134212061290344,-0.0056285369445812855,0.0010895881572613524
0.018314512849360583,-0.005123223206895765,-0.015189011707515392,0.022458296094697537,-0.02362819914615134,0.00824329394647143,0.005636582978478203,-0.021387769416325378,0.02122420768826793,-0.01578962267314658,-0.0021876178972449326,0.013511439980916964,-0.022958629570290233,0.015921705631380956,-0.00640184357071235,-0.010973234284043213,0.017444276683598946,-0.020276930415959828,0.008132080995752043,0.002553385122659401,-0.01670664287738016,0.017268988206965437,-0.014459913278503522,-0.00032645769168882107,0.009461965686030631,-0.01875590606818943,0.01361265293772939,-0.007050224130413635,-0.007773474927768763,0.013326476692328306,-0.017270273575280052,0.00766338832888471,0.0003344494576553764,-0.012961003037279527,0.013863712964025292,-0.013039236345074258,0.0008667453083285898,0.0063151095904642185,-0.01524463797780456,0.011454394750065263,-0.007252097978803187,-0.005382178059489861,0.009975107273814598,-0.014616881419350884,0.006975846379312583,-0.0012174692149331775,-0.009992639533584459,0.010964883700282807,-0.011616413253138958,0.0015659006175277733,0.0038989987726264714,-0.012338443522302466,0.00948538514565156,-0.007148228485262346,-0.0036278190706169238,0.007272176961390536,-0.012307983490222224,0.006170807098353522,-0.002261207780024286,-0.007664181858641041,0.008522687487656673,-0.010250700097631115,0.0019071836825895504,0.002069075938012652,-0.00995488532861966,0.007723453757926006,-0.006844963547981405,-0.0023699322356871026,0.005112407592039754,-0.010323563786422015,0.0053206196645440365,-0.0029234826020095766,-0.005857793711980822,0.006485154388167516,-0.00897922025839041,0.001996030939500808,0.000704927481516675,-0.00801754530567116,0.006171957809530871,-0.006421349919248943,-0.0014945207242251755,0.0034033213760055695,-0.008636938683146456,0.004475336563280809,-0.0033043996409190856,-0.004473499550469977,0.004801015798356399,-0.007822826171488698,0.0019130642295462012,-0.00029282282878318,-0.006457159158304986,0.004824475692027929,-0.005934995626042362,-0.0009099099927337747,0.0020647722485188213,-0.007218080812332525,0.003668098157661703,-0.0034822198199881303,-0.003427334980527853,0.0034215796619650046,-0.006790673550483131,0.0017190582645916959,-0.0010054486505230013,-0.005212077806008425,0.003668335897066096,-0.005426857243184609,-0.0005430671365144766,0.0010281263153265714,-0.006035970816642786,0.0029194154058611492,-0.003517432220935152,-0.002649455902765974,0.0023018736233194727,-0.0058837497160207615,0.0014590662480299962,-0.0014988208635826129,-0.0042282614392444365,0.0026872249326142517,-0.004925113999863388,-0.0003363820715313677,0.00023524226344659774,-0.005060204769033504,0.0022405423808884795,-0.0034561986085385856,-0.002082297975779865,0.0014012534910292612,-0.005097560044407765,0.0011658149649892392
0.017226050487397414,-0.00456469134199958,-0.013923146356589849,0.021078645749985296,-0.021769303267129753,0.007862546670584907,0.005439012008744758,-0.019686310877747023,0.019931278026643216,-0.014481551761470264,-0.0018353740878899309,0.0127604945730881,-0.021146785045686026,0.015001388335329468,-0.005753461715505834,-0.010003616022065039,0.016416966727208285,-0.018653531695794864,0.007759148770233319,0.00257247369105755,-0.015334131996815166,0.016253995955166956,-0.013245282436769161,-0.00010499955661796346,0.008995581072362294,-0.01723939131982436,0.012854595189563842,-0.006356279895117479,-0.007028707102474146,0.012588528848246868,-0.01585815577605646,0.007323391627285575,0.0005094649560804733,-0.011851702185948285,0.013088012965221205,-0.011924437957377866,0.0010043558205837042,0.0060698578460164805,-0.013974863710684718,0.010848000062129715,-0.00654396785703517,-0.004805449166253738,0.00947266366406349,-0.013391220262181794,0.006684163969629312,-0.000933398768189969,-0.0090919286903526,0.010392887465808824,-0.010601598132283483,0.0016543807549392923,0.003823529662426337,-0.011272890579241138,0.00901735482206059,-0.0064473973814454634,-0.003174370818462227,0.006959671091764169,-0.011244571005474175,0.005935695640956432,-0.001903792732636654,-0.00692709417162672,0.008122306935405516,-0.00933185506865091,0.0019716815020616374,0.0021221974193685027,-0.009056827512858861,0.0073792361958040205,-0.006165443188500568,-0.002004877007082084,0.004951670974961094,-0.009399598549820297,0.005145251767355647,-0.002519528810189207,-0.005247642809384394,0.006227953417930541,-0.008149723447590114,0.002054285369301902,0.0008539091017116705,-0.0072556263996412795,0.0059367654904557855,-0.005771597332528524,-0.001190981578148066,0.003362684034908893,-0.007831494356640462,0.004359367593723516,-0.002873678410362719,-0.003960624446475048,0.004662161008313288,-0.0070745903826800296,0.001977148816833015,-7.372825070834895e-05,-0.00580489021890221,0.004683972350719158,-0.00531941966419718,-0.0006474520542193443,0.0021181961546367523,-0.006512341112431912,0.0036088546751805797,-0.003039002979461463,-0.002987974955075655,0.0033796592920171033,-0.00611496820590993,0.0017967758539521492,-0.0007362771105991572,-0.004647302035497075,0.0036090757083883677,-0.004846988696979044,-0.0003063876291978198,0.001154396415427011,-0.005413299222541326,0.002912782643417361,-0.0030717409681642986,-0.002264758253713671,0.002338636167839179,-0.005271774857872334,0.001555053748327191,-0.0011949795422152196,-0.0037326194738267517,0.0026969084375800586,-0.00438050347615335,-0.00011422653990878677,0.0004172291551723349,-0.004506101275678655,0.0022816147359618786,-0.0030148103057567937,-0.0017374551074632767,0.0015013035542288833,-0.004540831556781435,0.0012824095396654584
0.016176016357913704,-0.004027960082804216,-0.01270494804937371,0.019748072074527223,-0.019979760931460484,0.007494347234458839,0.005247290314853427,-0.018048448565375325,0.018684253750546602,-0.01322269130625326,-0.0014973871480689223,0.012035634759445163,-0.019402573446131312,0.014113350384408318,-0.0051301661851839995,-0.00907083136085481,0.01542584872445682,-0.017090874636778018,0.0073984785963427694,0.002589488524974197,-0.014013188074265624,0.01527474521156922,-0.012076445046892453,0.00010698440280106406,0.008544875965387628,-0.015779709598723567,0.012122883126353352,-0.005689088152791339,-0.006312550335120714,0.011876191291182135,-0.014499053318003406,0.006994452560014187,0.0006767046369909973,-0.010784342980048139,0.012339303809832058,-0.010851782254207139,0.0011355583761354293,0.005832199012948702,-0.012752899432208205,0.010262404901328175,-0.005863108991112488,-0.004251186324812521,0.008987218200382306,-0.012211755923847947,0.006401772391681437,-0.0006610921631619614,-0.008225531576412877,0.009840432843381229,-0.009625269413556872,0.0017382495815299243,0.0037494446921137303,-0.010247679466842317,0.008565064187035818,-0.005773570616101721,-0.0027388803753524843,0.00665721754579516,-0.010221422077090352,0.005707806275359051,-0.0015608236614924258,-0.006218336688013752,0.007735192191081202,-0.008447986916969769,0.0020324450187331495,0.002172000618585121,-0.008192986407979545,0.007046230620418104,-0.005512147856095669,-0.0016545471480727378,0.004795436640377915,-0.008510797431098852,0.00497492120311266,-0.0021317228673096923,-0.0046611801661417054,0.005978782329631588,-0.0073519361441815095,0.002109033810464094,0.000996066935803956,-0.006522945748448224,0.005708798220206516,-0.005146981196895534,-0.000899918223544474,0.0033221570727170685,-0.00705687996359641,0.004246263801106443,-0.002460083885691475,-0.003467880328689072,0.00452700830547771,-0.0063550924715729895,0.0020375142127835276,0.0001359785844959702,-0.005177849750944942,0.0045472313823953624,-0.004727730350388761,-0.00039596761083628796,0.002168290719261534,-0.005833785253175362,0.003550401978530045,-0.0026133697960700163,-0.0025660575471076422,0.003337896219983121,-0.005465348377349556,0.0018702757074990865,-0.00047832457511467417,-0.004104555203715752,0.0035506069164691805,-0.004289701016359202,-7.973892702866671e-05,0.0012746732657109602,-0.004814773756248918,0.0029050167483762775,-0.0026437238591692476,-0.00189550427681287,0.002372678659250111,-0.004683554959204458,0.0016461554014772458,-0.000903625062552343,-0.0032564782969538267,0.0027048621412939415,-0.0038571844694103184,9.842931300714053e-05,0.0005911852928985092,-0.003973636447157671,0.0023198094327095626,-0.00259093879241746,-0.0014065984640889062,0.0015963192066497157,-0.0040058377272551415,0.0013933646882639604
